Copyright 1986-2022 Xilinx, Inc. All Rights Reserved. Copyright 2022-2023 Advanced Micro Devices, Inc. All Rights Reserved.
---------------------------------------------------------------------------------------------------------------------------------------------------------------------------------------------------------------------------------------------
| Tool Version : Vivado v.2023.2 (win64) Build 4029153 Fri Oct 13 20:14:34 MDT 2023
| Date         : Wed Jul 15 14:16:48 2026
| Host         : DESKTOP-MO7L2KR running 64-bit major release  (build 9200)
| Command      : report_timing -delay_type max -path_type full_clock_expanded -max_paths 60 -nworst 1 -sort_by slack -input_pins -nets -file D:/Desktop/JYD/Source_code/BPU_FixTiming3/jyd/pipilined5/Timing_info/fixtiming8/worst_paths.rpt
| Design       : top
| Device       : 7k325t-ffg900
| Speed File   : -2  PRODUCTION 1.12 2017-02-17
| Design State : Routed
---------------------------------------------------------------------------------------------------------------------------------------------------------------------------------------------------------------------------------------------

Timing Report

Slack (VIOLATED) :        -1.096ns  (required time - arrival time)
  Source:                 student_top_inst/u_KLDJ_top/u_pipe_id_ex/id_ex_rs1_addr_reg[0]/C
                            (rising edge-triggered cell FDRE clocked by clk_out2_pll  {rise@0.000ns fall@2.857ns period=5.714ns})
  Destination:            student_top_inst/u_KLDJ_top/ifu0/pc_reg_reg[3]/D
                            (rising edge-triggered cell FDRE clocked by clk_out2_pll  {rise@0.000ns fall@2.857ns period=5.714ns})
  Path Group:             clk_out2_pll
  Path Type:              Setup (Max at Slow Process Corner)
  Requirement:            5.714ns  (clk_out2_pll rise@5.714ns - clk_out2_pll rise@0.000ns)
  Data Path Delay:        6.529ns  (logic 1.637ns (25.073%)  route 4.892ns (74.927%))
  Logic Levels:           16  (CARRY4=5 LUT4=1 LUT5=4 LUT6=5 MUXF7=1)
  Clock Path Skew:        -0.129ns (DCD - SCD + CPR)
    Destination Clock Delay (DCD):    -2.116ns = ( 3.599 - 5.714 ) 
    Source Clock Delay      (SCD):    -2.434ns
    Clock Pessimism Removal (CPR):    -0.448ns
  Clock Uncertainty:      0.077ns  ((TSJ^2 + DJ^2)^1/2) / 2 + PE
    Total System Jitter     (TSJ):    0.071ns
    Discrete Jitter          (DJ):    0.137ns
    Phase Error              (PE):    0.000ns

    Location             Delay type                Incr(ns)  Path(ns)    Netlist Resource(s)
  -------------------------------------------------------------------    -------------------
                         (clock clk_out2_pll rise edge)
                                                      0.000     0.000 r  
    AD12                                              0.000     0.000 r  i_sys_clk_p (IN)
                         net (fo=0)                   0.000     0.000    pll_inst/inst/clk_in1_p
    AD12                                                              r  pll_inst/inst/clkin1_ibufgds/I
    AD12                 IBUFDS (Prop_ibufds_I_O)     0.906     0.906 r  pll_inst/inst/clkin1_ibufgds/O
                         net (fo=1, routed)           1.098     2.004    pll_inst/inst/clk_in1_pll
    PLLE2_ADV_X1Y1                                                    r  pll_inst/inst/plle2_adv_inst/CLKIN1
    PLLE2_ADV_X1Y1       PLLE2_ADV (Prop_plle2_adv_CLKIN1_CLKOUT1)
                                                     -8.058    -6.054 r  pll_inst/inst/plle2_adv_inst/CLKOUT1
                         net (fo=1, routed)           2.128    -3.926    pll_inst/inst/clk_out2_pll
    BUFGCTRL_X0Y0                                                     r  pll_inst/inst/clkout2_buf/I
    BUFGCTRL_X0Y0        BUFG (Prop_bufg_I_O)         0.093    -3.833 r  pll_inst/inst/clkout2_buf/O
                         net (fo=5999, routed)        1.399    -2.434    student_top_inst/u_KLDJ_top/u_pipe_id_ex/clk_out2
    SLICE_X83Y109        FDRE                                         r  student_top_inst/u_KLDJ_top/u_pipe_id_ex/id_ex_rs1_addr_reg[0]/C
  -------------------------------------------------------------------    -------------------
    SLICE_X83Y109        FDRE (Prop_fdre_C_Q)         0.223    -2.211 r  student_top_inst/u_KLDJ_top/u_pipe_id_ex/id_ex_rs1_addr_reg[0]/Q
                         net (fo=3, routed)           0.644    -1.567    student_top_inst/u_KLDJ_top/u_pipe_id_ex/id_ex_rs1_addr_reg[4]_0[0]
    SLICE_X82Y111                                                     r  student_top_inst/u_KLDJ_top/u_pipe_id_ex/rs1_q[31]_i_11/I0
    SLICE_X82Y111        LUT6 (Prop_lut6_I0_O)        0.043    -1.524 r  student_top_inst/u_KLDJ_top/u_pipe_id_ex/rs1_q[31]_i_11/O
                         net (fo=32, routed)          0.622    -0.902    student_top_inst/u_KLDJ_top/u_pipe_id_ex/rs1_q[31]_i_11_n_0
    SLICE_X87Y109                                                     r  student_top_inst/u_KLDJ_top/u_pipe_id_ex/rs1_q[8]_i_2/I3
    SLICE_X87Y109        LUT5 (Prop_lut5_I3_O)        0.043    -0.859 f  student_top_inst/u_KLDJ_top/u_pipe_id_ex/rs1_q[8]_i_2/O
                         net (fo=1, routed)           0.150    -0.709    student_top_inst/u_KLDJ_top/u_pipe_id_ex/rs1_q[8]_i_2_n_0
    SLICE_X87Y109                                                     f  student_top_inst/u_KLDJ_top/u_pipe_id_ex/rs1_q[8]_i_1/I2
    SLICE_X87Y109        LUT5 (Prop_lut5_I2_O)        0.043    -0.666 f  student_top_inst/u_KLDJ_top/u_pipe_id_ex/rs1_q[8]_i_1/O
                         net (fo=27, routed)          0.544    -0.122    student_top_inst/u_KLDJ_top/u_pipe_id_ex/ex_data1[8]
    SLICE_X87Y109                                                     f  student_top_inst/u_KLDJ_top/u_pipe_id_ex/signed_lt_carry__0_i_4/I3
    SLICE_X87Y109        LUT6 (Prop_lut6_I3_O)        0.043    -0.079 r  student_top_inst/u_KLDJ_top/u_pipe_id_ex/signed_lt_carry__0_i_4/O
                         net (fo=1, routed)           0.400     0.321    student_top_inst/u_KLDJ_top/exu2/u_KLDJ_alu/u_alu_add/signed_lt_carry__1_0[0]
    SLICE_X87Y113                                                     r  student_top_inst/u_KLDJ_top/exu2/u_KLDJ_alu/u_alu_add/signed_lt_carry__0/DI[0]
    SLICE_X87Y113        CARRY4 (Prop_carry4_DI[0]_CO[3])
                                                      0.269     0.590 r  student_top_inst/u_KLDJ_top/exu2/u_KLDJ_alu/u_alu_add/signed_lt_carry__0/CO[3]
                         net (fo=1, routed)           0.000     0.590    student_top_inst/u_KLDJ_top/exu2/u_KLDJ_alu/u_alu_add/signed_lt_carry__0_n_0
    SLICE_X87Y114                                                     r  student_top_inst/u_KLDJ_top/exu2/u_KLDJ_alu/u_alu_add/signed_lt_carry__1/CI
    SLICE_X87Y114        CARRY4 (Prop_carry4_CI_CO[3])
                                                      0.053     0.643 r  student_top_inst/u_KLDJ_top/exu2/u_KLDJ_alu/u_alu_add/signed_lt_carry__1/CO[3]
                         net (fo=1, routed)           0.000     0.643    student_top_inst/u_KLDJ_top/exu2/u_KLDJ_alu/u_alu_add/signed_lt_carry__1_n_0
    SLICE_X87Y115                                                     r  student_top_inst/u_KLDJ_top/exu2/u_KLDJ_alu/u_alu_add/signed_lt_carry__2/CI
    SLICE_X87Y115        CARRY4 (Prop_carry4_CI_CO[3])
                                                      0.053     0.696 r  student_top_inst/u_KLDJ_top/exu2/u_KLDJ_alu/u_alu_add/signed_lt_carry__2/CO[3]
                         net (fo=3, routed)           0.324     1.020    student_top_inst/u_KLDJ_top/u_pipe_id_ex/ex_mem_exu_res[0]_i_5_1[0]
    SLICE_X85Y115                                                     r  student_top_inst/u_KLDJ_top/u_pipe_id_ex/ghr[0]_i_8/I2
    SLICE_X85Y115        LUT5 (Prop_lut5_I2_O)        0.043     1.063 r  student_top_inst/u_KLDJ_top/u_pipe_id_ex/ghr[0]_i_8/O
                         net (fo=2, routed)           0.196     1.258    student_top_inst/u_KLDJ_top/u_pipe_id_ex/ghr[0]_i_8_n_0
    SLICE_X83Y115                                                     r  student_top_inst/u_KLDJ_top/u_pipe_id_ex/ghr[0]_i_4/I5
    SLICE_X83Y115        LUT6 (Prop_lut6_I5_O)        0.043     1.301 f  student_top_inst/u_KLDJ_top/u_pipe_id_ex/ghr[0]_i_4/O
                         net (fo=33, routed)          0.350     1.651    student_top_inst/u_KLDJ_top/u_pipe_id_ex/ghr[0]_i_4_n_0
    SLICE_X76Y115                                                     f  student_top_inst/u_KLDJ_top/u_pipe_id_ex/update_target_q[13]_i_3/I2
    SLICE_X76Y115        LUT4 (Prop_lut4_I2_O)        0.043     1.694 r  student_top_inst/u_KLDJ_top/u_pipe_id_ex/update_target_q[13]_i_3/O
                         net (fo=1, routed)           0.441     2.135    student_top_inst/u_KLDJ_top/u_pipe_id_ex/update_target_q[13]_i_3_n_0
    SLICE_X73Y115                                                     r  student_top_inst/u_KLDJ_top/u_pipe_id_ex/update_target_q[13]_i_1/I2
    SLICE_X73Y115        LUT6 (Prop_lut6_I2_O)        0.043     2.178 r  student_top_inst/u_KLDJ_top/u_pipe_id_ex/update_target_q[13]_i_1/O
                         net (fo=3, routed)           0.327     2.505    student_top_inst/u_KLDJ_top/u_pipe_id_ex/id_ex_exu_op_reg[0]_0[13]
    SLICE_X71Y114                                                     r  student_top_inst/u_KLDJ_top/u_pipe_id_ex/id_ex_pred_taken_i_14/I1
    SLICE_X71Y114        LUT6 (Prop_lut6_I1_O)        0.043     2.548 r  student_top_inst/u_KLDJ_top/u_pipe_id_ex/id_ex_pred_taken_i_14/O
                         net (fo=1, routed)           0.000     2.548    student_top_inst/u_KLDJ_top/u_pipe_id_ex/id_ex_pred_taken_i_14_n_0
    SLICE_X71Y114                                                     r  student_top_inst/u_KLDJ_top/u_pipe_id_ex/id_ex_pred_taken_reg_i_6/S[0]
    SLICE_X71Y114        CARRY4 (Prop_carry4_S[0]_CO[3])
                                                      0.259     2.807 r  student_top_inst/u_KLDJ_top/u_pipe_id_ex/id_ex_pred_taken_reg_i_6/CO[3]
                         net (fo=1, routed)           0.000     2.807    student_top_inst/u_KLDJ_top/u_pipe_id_ex/id_ex_pred_taken_reg_i_6_n_0
    SLICE_X71Y115                                                     r  student_top_inst/u_KLDJ_top/u_pipe_id_ex/id_ex_pred_taken_reg_i_5/CI
    SLICE_X71Y115        CARRY4 (Prop_carry4_CI_CO[2])
                                                      0.110     2.917 r  student_top_inst/u_KLDJ_top/u_pipe_id_ex/id_ex_pred_taken_reg_i_5/CO[2]
                         net (fo=4, routed)           0.214     3.132    student_top_inst/u_KLDJ_top/u_pipe_id_ex/u_ex_bpu_ctrl/indirect_target_miss0
    SLICE_X69Y115                                                     r  student_top_inst/u_KLDJ_top/u_pipe_id_ex/pc_reg[31]_i_5/I4
    SLICE_X69Y115        LUT5 (Prop_lut5_I4_O)        0.129     3.261 r  student_top_inst/u_KLDJ_top/u_pipe_id_ex/pc_reg[31]_i_5/O
                         net (fo=36, routed)          0.490     3.751    student_top_inst/u_KLDJ_top/u_pipe_id_ex/pc_reg[31]_i_5_n_0
    SLICE_X70Y111                                                     r  student_top_inst/u_KLDJ_top/u_pipe_id_ex/pc_reg_reg[3]_i_1/S
    SLICE_X70Y111        MUXF7 (Prop_muxf7_S_O)       0.154     3.905 r  student_top_inst/u_KLDJ_top/u_pipe_id_ex/pc_reg_reg[3]_i_1/O
                         net (fo=1, routed)           0.189     4.094    student_top_inst/u_KLDJ_top/ifu0/pc_reg_reg[31]_2[3]
    SLICE_X70Y112        FDRE                                         r  student_top_inst/u_KLDJ_top/ifu0/pc_reg_reg[3]/D
  -------------------------------------------------------------------    -------------------

                         (clock clk_out2_pll rise edge)
                                                      5.714     5.714 r  
    AD12                                              0.000     5.714 r  i_sys_clk_p (IN)
                         net (fo=0)                   0.000     5.714    pll_inst/inst/clk_in1_p
    AD12                                                              r  pll_inst/inst/clkin1_ibufgds/I
    AD12                 IBUFDS (Prop_ibufds_I_O)     0.803     6.518 r  pll_inst/inst/clkin1_ibufgds/O
                         net (fo=1, routed)           1.001     7.519    pll_inst/inst/clk_in1_pll
    PLLE2_ADV_X1Y1                                                    r  pll_inst/inst/plle2_adv_inst/CLKIN1
    PLLE2_ADV_X1Y1       PLLE2_ADV (Prop_plle2_adv_CLKIN1_CLKOUT1)
                                                     -7.261     0.258 r  pll_inst/inst/plle2_adv_inst/CLKOUT1
                         net (fo=1, routed)           2.003     2.261    pll_inst/inst/clk_out2_pll
    BUFGCTRL_X0Y0                                                     r  pll_inst/inst/clkout2_buf/I
    BUFGCTRL_X0Y0        BUFG (Prop_bufg_I_O)         0.083     2.344 r  pll_inst/inst/clkout2_buf/O
                         net (fo=5999, routed)        1.255     3.599    student_top_inst/u_KLDJ_top/ifu0/clk_out2
    SLICE_X70Y112        FDRE                                         r  student_top_inst/u_KLDJ_top/ifu0/pc_reg_reg[3]/C
                         clock pessimism             -0.448     3.151    
                         clock uncertainty           -0.077     3.074    
    SLICE_X70Y112        FDRE (Setup_fdre_C_D)       -0.076     2.998    student_top_inst/u_KLDJ_top/ifu0/pc_reg_reg[3]
  -------------------------------------------------------------------
                         required time                          2.998    
                         arrival time                          -4.094    
  -------------------------------------------------------------------
                         slack                                 -1.096    

Slack (VIOLATED) :        -1.064ns  (required time - arrival time)
  Source:                 student_top_inst/u_KLDJ_top/u_pipe_id_ex/id_ex_rs1_addr_reg[0]/C
                            (rising edge-triggered cell FDRE clocked by clk_out2_pll  {rise@0.000ns fall@2.857ns period=5.714ns})
  Destination:            student_top_inst/u_KLDJ_top/ifu0/pc_reg_reg[2]/D
                            (rising edge-triggered cell FDRE clocked by clk_out2_pll  {rise@0.000ns fall@2.857ns period=5.714ns})
  Path Group:             clk_out2_pll
  Path Type:              Setup (Max at Slow Process Corner)
  Requirement:            5.714ns  (clk_out2_pll rise@5.714ns - clk_out2_pll rise@0.000ns)
  Data Path Delay:        6.492ns  (logic 1.646ns (25.355%)  route 4.846ns (74.645%))
  Logic Levels:           16  (CARRY4=5 LUT4=1 LUT5=4 LUT6=5 MUXF7=1)
  Clock Path Skew:        -0.129ns (DCD - SCD + CPR)
    Destination Clock Delay (DCD):    -2.116ns = ( 3.599 - 5.714 ) 
    Source Clock Delay      (SCD):    -2.434ns
    Clock Pessimism Removal (CPR):    -0.448ns
  Clock Uncertainty:      0.077ns  ((TSJ^2 + DJ^2)^1/2) / 2 + PE
    Total System Jitter     (TSJ):    0.071ns
    Discrete Jitter          (DJ):    0.137ns
    Phase Error              (PE):    0.000ns

    Location             Delay type                Incr(ns)  Path(ns)    Netlist Resource(s)
  -------------------------------------------------------------------    -------------------
                         (clock clk_out2_pll rise edge)
                                                      0.000     0.000 r  
    AD12                                              0.000     0.000 r  i_sys_clk_p (IN)
                         net (fo=0)                   0.000     0.000    pll_inst/inst/clk_in1_p
    AD12                                                              r  pll_inst/inst/clkin1_ibufgds/I
    AD12                 IBUFDS (Prop_ibufds_I_O)     0.906     0.906 r  pll_inst/inst/clkin1_ibufgds/O
                         net (fo=1, routed)           1.098     2.004    pll_inst/inst/clk_in1_pll
    PLLE2_ADV_X1Y1                                                    r  pll_inst/inst/plle2_adv_inst/CLKIN1
    PLLE2_ADV_X1Y1       PLLE2_ADV (Prop_plle2_adv_CLKIN1_CLKOUT1)
                                                     -8.058    -6.054 r  pll_inst/inst/plle2_adv_inst/CLKOUT1
                         net (fo=1, routed)           2.128    -3.926    pll_inst/inst/clk_out2_pll
    BUFGCTRL_X0Y0                                                     r  pll_inst/inst/clkout2_buf/I
    BUFGCTRL_X0Y0        BUFG (Prop_bufg_I_O)         0.093    -3.833 r  pll_inst/inst/clkout2_buf/O
                         net (fo=5999, routed)        1.399    -2.434    student_top_inst/u_KLDJ_top/u_pipe_id_ex/clk_out2
    SLICE_X83Y109        FDRE                                         r  student_top_inst/u_KLDJ_top/u_pipe_id_ex/id_ex_rs1_addr_reg[0]/C
  -------------------------------------------------------------------    -------------------
    SLICE_X83Y109        FDRE (Prop_fdre_C_Q)         0.223    -2.211 r  student_top_inst/u_KLDJ_top/u_pipe_id_ex/id_ex_rs1_addr_reg[0]/Q
                         net (fo=3, routed)           0.644    -1.567    student_top_inst/u_KLDJ_top/u_pipe_id_ex/id_ex_rs1_addr_reg[4]_0[0]
    SLICE_X82Y111                                                     r  student_top_inst/u_KLDJ_top/u_pipe_id_ex/rs1_q[31]_i_11/I0
    SLICE_X82Y111        LUT6 (Prop_lut6_I0_O)        0.043    -1.524 r  student_top_inst/u_KLDJ_top/u_pipe_id_ex/rs1_q[31]_i_11/O
                         net (fo=32, routed)          0.622    -0.902    student_top_inst/u_KLDJ_top/u_pipe_id_ex/rs1_q[31]_i_11_n_0
    SLICE_X87Y109                                                     r  student_top_inst/u_KLDJ_top/u_pipe_id_ex/rs1_q[8]_i_2/I3
    SLICE_X87Y109        LUT5 (Prop_lut5_I3_O)        0.043    -0.859 f  student_top_inst/u_KLDJ_top/u_pipe_id_ex/rs1_q[8]_i_2/O
                         net (fo=1, routed)           0.150    -0.709    student_top_inst/u_KLDJ_top/u_pipe_id_ex/rs1_q[8]_i_2_n_0
    SLICE_X87Y109                                                     f  student_top_inst/u_KLDJ_top/u_pipe_id_ex/rs1_q[8]_i_1/I2
    SLICE_X87Y109        LUT5 (Prop_lut5_I2_O)        0.043    -0.666 f  student_top_inst/u_KLDJ_top/u_pipe_id_ex/rs1_q[8]_i_1/O
                         net (fo=27, routed)          0.544    -0.122    student_top_inst/u_KLDJ_top/u_pipe_id_ex/ex_data1[8]
    SLICE_X87Y109                                                     f  student_top_inst/u_KLDJ_top/u_pipe_id_ex/signed_lt_carry__0_i_4/I3
    SLICE_X87Y109        LUT6 (Prop_lut6_I3_O)        0.043    -0.079 r  student_top_inst/u_KLDJ_top/u_pipe_id_ex/signed_lt_carry__0_i_4/O
                         net (fo=1, routed)           0.400     0.321    student_top_inst/u_KLDJ_top/exu2/u_KLDJ_alu/u_alu_add/signed_lt_carry__1_0[0]
    SLICE_X87Y113                                                     r  student_top_inst/u_KLDJ_top/exu2/u_KLDJ_alu/u_alu_add/signed_lt_carry__0/DI[0]
    SLICE_X87Y113        CARRY4 (Prop_carry4_DI[0]_CO[3])
                                                      0.269     0.590 r  student_top_inst/u_KLDJ_top/exu2/u_KLDJ_alu/u_alu_add/signed_lt_carry__0/CO[3]
                         net (fo=1, routed)           0.000     0.590    student_top_inst/u_KLDJ_top/exu2/u_KLDJ_alu/u_alu_add/signed_lt_carry__0_n_0
    SLICE_X87Y114                                                     r  student_top_inst/u_KLDJ_top/exu2/u_KLDJ_alu/u_alu_add/signed_lt_carry__1/CI
    SLICE_X87Y114        CARRY4 (Prop_carry4_CI_CO[3])
                                                      0.053     0.643 r  student_top_inst/u_KLDJ_top/exu2/u_KLDJ_alu/u_alu_add/signed_lt_carry__1/CO[3]
                         net (fo=1, routed)           0.000     0.643    student_top_inst/u_KLDJ_top/exu2/u_KLDJ_alu/u_alu_add/signed_lt_carry__1_n_0
    SLICE_X87Y115                                                     r  student_top_inst/u_KLDJ_top/exu2/u_KLDJ_alu/u_alu_add/signed_lt_carry__2/CI
    SLICE_X87Y115        CARRY4 (Prop_carry4_CI_CO[3])
                                                      0.053     0.696 r  student_top_inst/u_KLDJ_top/exu2/u_KLDJ_alu/u_alu_add/signed_lt_carry__2/CO[3]
                         net (fo=3, routed)           0.324     1.020    student_top_inst/u_KLDJ_top/u_pipe_id_ex/ex_mem_exu_res[0]_i_5_1[0]
    SLICE_X85Y115                                                     r  student_top_inst/u_KLDJ_top/u_pipe_id_ex/ghr[0]_i_8/I2
    SLICE_X85Y115        LUT5 (Prop_lut5_I2_O)        0.043     1.063 r  student_top_inst/u_KLDJ_top/u_pipe_id_ex/ghr[0]_i_8/O
                         net (fo=2, routed)           0.196     1.258    student_top_inst/u_KLDJ_top/u_pipe_id_ex/ghr[0]_i_8_n_0
    SLICE_X83Y115                                                     r  student_top_inst/u_KLDJ_top/u_pipe_id_ex/ghr[0]_i_4/I5
    SLICE_X83Y115        LUT6 (Prop_lut6_I5_O)        0.043     1.301 f  student_top_inst/u_KLDJ_top/u_pipe_id_ex/ghr[0]_i_4/O
                         net (fo=33, routed)          0.350     1.651    student_top_inst/u_KLDJ_top/u_pipe_id_ex/ghr[0]_i_4_n_0
    SLICE_X76Y115                                                     f  student_top_inst/u_KLDJ_top/u_pipe_id_ex/update_target_q[13]_i_3/I2
    SLICE_X76Y115        LUT4 (Prop_lut4_I2_O)        0.043     1.694 r  student_top_inst/u_KLDJ_top/u_pipe_id_ex/update_target_q[13]_i_3/O
                         net (fo=1, routed)           0.441     2.135    student_top_inst/u_KLDJ_top/u_pipe_id_ex/update_target_q[13]_i_3_n_0
    SLICE_X73Y115                                                     r  student_top_inst/u_KLDJ_top/u_pipe_id_ex/update_target_q[13]_i_1/I2
    SLICE_X73Y115        LUT6 (Prop_lut6_I2_O)        0.043     2.178 r  student_top_inst/u_KLDJ_top/u_pipe_id_ex/update_target_q[13]_i_1/O
                         net (fo=3, routed)           0.327     2.505    student_top_inst/u_KLDJ_top/u_pipe_id_ex/id_ex_exu_op_reg[0]_0[13]
    SLICE_X71Y114                                                     r  student_top_inst/u_KLDJ_top/u_pipe_id_ex/id_ex_pred_taken_i_14/I1
    SLICE_X71Y114        LUT6 (Prop_lut6_I1_O)        0.043     2.548 r  student_top_inst/u_KLDJ_top/u_pipe_id_ex/id_ex_pred_taken_i_14/O
                         net (fo=1, routed)           0.000     2.548    student_top_inst/u_KLDJ_top/u_pipe_id_ex/id_ex_pred_taken_i_14_n_0
    SLICE_X71Y114                                                     r  student_top_inst/u_KLDJ_top/u_pipe_id_ex/id_ex_pred_taken_reg_i_6/S[0]
    SLICE_X71Y114        CARRY4 (Prop_carry4_S[0]_CO[3])
                                                      0.259     2.807 r  student_top_inst/u_KLDJ_top/u_pipe_id_ex/id_ex_pred_taken_reg_i_6/CO[3]
                         net (fo=1, routed)           0.000     2.807    student_top_inst/u_KLDJ_top/u_pipe_id_ex/id_ex_pred_taken_reg_i_6_n_0
    SLICE_X71Y115                                                     r  student_top_inst/u_KLDJ_top/u_pipe_id_ex/id_ex_pred_taken_reg_i_5/CI
    SLICE_X71Y115        CARRY4 (Prop_carry4_CI_CO[2])
                                                      0.110     2.917 r  student_top_inst/u_KLDJ_top/u_pipe_id_ex/id_ex_pred_taken_reg_i_5/CO[2]
                         net (fo=4, routed)           0.214     3.132    student_top_inst/u_KLDJ_top/u_pipe_id_ex/u_ex_bpu_ctrl/indirect_target_miss0
    SLICE_X69Y115                                                     r  student_top_inst/u_KLDJ_top/u_pipe_id_ex/pc_reg[31]_i_5/I4
    SLICE_X69Y115        LUT5 (Prop_lut5_I4_O)        0.129     3.261 r  student_top_inst/u_KLDJ_top/u_pipe_id_ex/pc_reg[31]_i_5/O
                         net (fo=36, routed)          0.441     3.702    student_top_inst/u_KLDJ_top/u_pipe_id_ex/pc_reg[31]_i_5_n_0
    SLICE_X69Y113                                                     r  student_top_inst/u_KLDJ_top/u_pipe_id_ex/pc_reg_reg[2]_i_1/S
    SLICE_X69Y113        MUXF7 (Prop_muxf7_S_O)       0.163     3.865 r  student_top_inst/u_KLDJ_top/u_pipe_id_ex/pc_reg_reg[2]_i_1/O
                         net (fo=1, routed)           0.193     4.057    student_top_inst/u_KLDJ_top/ifu0/pc_reg_reg[31]_2[2]
    SLICE_X66Y113        FDRE                                         r  student_top_inst/u_KLDJ_top/ifu0/pc_reg_reg[2]/D
  -------------------------------------------------------------------    -------------------

                         (clock clk_out2_pll rise edge)
                                                      5.714     5.714 r  
    AD12                                              0.000     5.714 r  i_sys_clk_p (IN)
                         net (fo=0)                   0.000     5.714    pll_inst/inst/clk_in1_p
    AD12                                                              r  pll_inst/inst/clkin1_ibufgds/I
    AD12                 IBUFDS (Prop_ibufds_I_O)     0.803     6.518 r  pll_inst/inst/clkin1_ibufgds/O
                         net (fo=1, routed)           1.001     7.519    pll_inst/inst/clk_in1_pll
    PLLE2_ADV_X1Y1                                                    r  pll_inst/inst/plle2_adv_inst/CLKIN1
    PLLE2_ADV_X1Y1       PLLE2_ADV (Prop_plle2_adv_CLKIN1_CLKOUT1)
                                                     -7.261     0.258 r  pll_inst/inst/plle2_adv_inst/CLKOUT1
                         net (fo=1, routed)           2.003     2.261    pll_inst/inst/clk_out2_pll
    BUFGCTRL_X0Y0                                                     r  pll_inst/inst/clkout2_buf/I
    BUFGCTRL_X0Y0        BUFG (Prop_bufg_I_O)         0.083     2.344 r  pll_inst/inst/clkout2_buf/O
                         net (fo=5999, routed)        1.255     3.599    student_top_inst/u_KLDJ_top/ifu0/clk_out2
    SLICE_X66Y113        FDRE                                         r  student_top_inst/u_KLDJ_top/ifu0/pc_reg_reg[2]/C
                         clock pessimism             -0.448     3.151    
                         clock uncertainty           -0.077     3.074    
    SLICE_X66Y113        FDRE (Setup_fdre_C_D)       -0.081     2.993    student_top_inst/u_KLDJ_top/ifu0/pc_reg_reg[2]
  -------------------------------------------------------------------
                         required time                          2.993    
                         arrival time                          -4.057    
  -------------------------------------------------------------------
                         slack                                 -1.064    

Slack (VIOLATED) :        -1.026ns  (required time - arrival time)
  Source:                 student_top_inst/u_KLDJ_top/u_pipe_id_ex/id_ex_rs1_addr_reg[0]/C
                            (rising edge-triggered cell FDRE clocked by clk_out2_pll  {rise@0.000ns fall@2.857ns period=5.714ns})
  Destination:            student_top_inst/u_KLDJ_top/ifu0/pc_reg_reg[6]/D
                            (rising edge-triggered cell FDRE clocked by clk_out2_pll  {rise@0.000ns fall@2.857ns period=5.714ns})
  Path Group:             clk_out2_pll
  Path Type:              Setup (Max at Slow Process Corner)
  Requirement:            5.714ns  (clk_out2_pll rise@5.714ns - clk_out2_pll rise@0.000ns)
  Data Path Delay:        6.453ns  (logic 1.630ns (25.260%)  route 4.823ns (74.740%))
  Logic Levels:           16  (CARRY4=5 LUT4=1 LUT5=4 LUT6=5 MUXF7=1)
  Clock Path Skew:        -0.129ns (DCD - SCD + CPR)
    Destination Clock Delay (DCD):    -2.116ns = ( 3.599 - 5.714 ) 
    Source Clock Delay      (SCD):    -2.434ns
    Clock Pessimism Removal (CPR):    -0.448ns
  Clock Uncertainty:      0.077ns  ((TSJ^2 + DJ^2)^1/2) / 2 + PE
    Total System Jitter     (TSJ):    0.071ns
    Discrete Jitter          (DJ):    0.137ns
    Phase Error              (PE):    0.000ns

    Location             Delay type                Incr(ns)  Path(ns)    Netlist Resource(s)
  -------------------------------------------------------------------    -------------------
                         (clock clk_out2_pll rise edge)
                                                      0.000     0.000 r  
    AD12                                              0.000     0.000 r  i_sys_clk_p (IN)
                         net (fo=0)                   0.000     0.000    pll_inst/inst/clk_in1_p
    AD12                                                              r  pll_inst/inst/clkin1_ibufgds/I
    AD12                 IBUFDS (Prop_ibufds_I_O)     0.906     0.906 r  pll_inst/inst/clkin1_ibufgds/O
                         net (fo=1, routed)           1.098     2.004    pll_inst/inst/clk_in1_pll
    PLLE2_ADV_X1Y1                                                    r  pll_inst/inst/plle2_adv_inst/CLKIN1
    PLLE2_ADV_X1Y1       PLLE2_ADV (Prop_plle2_adv_CLKIN1_CLKOUT1)
                                                     -8.058    -6.054 r  pll_inst/inst/plle2_adv_inst/CLKOUT1
                         net (fo=1, routed)           2.128    -3.926    pll_inst/inst/clk_out2_pll
    BUFGCTRL_X0Y0                                                     r  pll_inst/inst/clkout2_buf/I
    BUFGCTRL_X0Y0        BUFG (Prop_bufg_I_O)         0.093    -3.833 r  pll_inst/inst/clkout2_buf/O
                         net (fo=5999, routed)        1.399    -2.434    student_top_inst/u_KLDJ_top/u_pipe_id_ex/clk_out2
    SLICE_X83Y109        FDRE                                         r  student_top_inst/u_KLDJ_top/u_pipe_id_ex/id_ex_rs1_addr_reg[0]/C
  -------------------------------------------------------------------    -------------------
    SLICE_X83Y109        FDRE (Prop_fdre_C_Q)         0.223    -2.211 r  student_top_inst/u_KLDJ_top/u_pipe_id_ex/id_ex_rs1_addr_reg[0]/Q
                         net (fo=3, routed)           0.644    -1.567    student_top_inst/u_KLDJ_top/u_pipe_id_ex/id_ex_rs1_addr_reg[4]_0[0]
    SLICE_X82Y111                                                     r  student_top_inst/u_KLDJ_top/u_pipe_id_ex/rs1_q[31]_i_11/I0
    SLICE_X82Y111        LUT6 (Prop_lut6_I0_O)        0.043    -1.524 r  student_top_inst/u_KLDJ_top/u_pipe_id_ex/rs1_q[31]_i_11/O
                         net (fo=32, routed)          0.622    -0.902    student_top_inst/u_KLDJ_top/u_pipe_id_ex/rs1_q[31]_i_11_n_0
    SLICE_X87Y109                                                     r  student_top_inst/u_KLDJ_top/u_pipe_id_ex/rs1_q[8]_i_2/I3
    SLICE_X87Y109        LUT5 (Prop_lut5_I3_O)        0.043    -0.859 f  student_top_inst/u_KLDJ_top/u_pipe_id_ex/rs1_q[8]_i_2/O
                         net (fo=1, routed)           0.150    -0.709    student_top_inst/u_KLDJ_top/u_pipe_id_ex/rs1_q[8]_i_2_n_0
    SLICE_X87Y109                                                     f  student_top_inst/u_KLDJ_top/u_pipe_id_ex/rs1_q[8]_i_1/I2
    SLICE_X87Y109        LUT5 (Prop_lut5_I2_O)        0.043    -0.666 f  student_top_inst/u_KLDJ_top/u_pipe_id_ex/rs1_q[8]_i_1/O
                         net (fo=27, routed)          0.544    -0.122    student_top_inst/u_KLDJ_top/u_pipe_id_ex/ex_data1[8]
    SLICE_X87Y109                                                     f  student_top_inst/u_KLDJ_top/u_pipe_id_ex/signed_lt_carry__0_i_4/I3
    SLICE_X87Y109        LUT6 (Prop_lut6_I3_O)        0.043    -0.079 r  student_top_inst/u_KLDJ_top/u_pipe_id_ex/signed_lt_carry__0_i_4/O
                         net (fo=1, routed)           0.400     0.321    student_top_inst/u_KLDJ_top/exu2/u_KLDJ_alu/u_alu_add/signed_lt_carry__1_0[0]
    SLICE_X87Y113                                                     r  student_top_inst/u_KLDJ_top/exu2/u_KLDJ_alu/u_alu_add/signed_lt_carry__0/DI[0]
    SLICE_X87Y113        CARRY4 (Prop_carry4_DI[0]_CO[3])
                                                      0.269     0.590 r  student_top_inst/u_KLDJ_top/exu2/u_KLDJ_alu/u_alu_add/signed_lt_carry__0/CO[3]
                         net (fo=1, routed)           0.000     0.590    student_top_inst/u_KLDJ_top/exu2/u_KLDJ_alu/u_alu_add/signed_lt_carry__0_n_0
    SLICE_X87Y114                                                     r  student_top_inst/u_KLDJ_top/exu2/u_KLDJ_alu/u_alu_add/signed_lt_carry__1/CI
    SLICE_X87Y114        CARRY4 (Prop_carry4_CI_CO[3])
                                                      0.053     0.643 r  student_top_inst/u_KLDJ_top/exu2/u_KLDJ_alu/u_alu_add/signed_lt_carry__1/CO[3]
                         net (fo=1, routed)           0.000     0.643    student_top_inst/u_KLDJ_top/exu2/u_KLDJ_alu/u_alu_add/signed_lt_carry__1_n_0
    SLICE_X87Y115                                                     r  student_top_inst/u_KLDJ_top/exu2/u_KLDJ_alu/u_alu_add/signed_lt_carry__2/CI
    SLICE_X87Y115        CARRY4 (Prop_carry4_CI_CO[3])
                                                      0.053     0.696 r  student_top_inst/u_KLDJ_top/exu2/u_KLDJ_alu/u_alu_add/signed_lt_carry__2/CO[3]
                         net (fo=3, routed)           0.324     1.020    student_top_inst/u_KLDJ_top/u_pipe_id_ex/ex_mem_exu_res[0]_i_5_1[0]
    SLICE_X85Y115                                                     r  student_top_inst/u_KLDJ_top/u_pipe_id_ex/ghr[0]_i_8/I2
    SLICE_X85Y115        LUT5 (Prop_lut5_I2_O)        0.043     1.063 r  student_top_inst/u_KLDJ_top/u_pipe_id_ex/ghr[0]_i_8/O
                         net (fo=2, routed)           0.196     1.258    student_top_inst/u_KLDJ_top/u_pipe_id_ex/ghr[0]_i_8_n_0
    SLICE_X83Y115                                                     r  student_top_inst/u_KLDJ_top/u_pipe_id_ex/ghr[0]_i_4/I5
    SLICE_X83Y115        LUT6 (Prop_lut6_I5_O)        0.043     1.301 f  student_top_inst/u_KLDJ_top/u_pipe_id_ex/ghr[0]_i_4/O
                         net (fo=33, routed)          0.350     1.651    student_top_inst/u_KLDJ_top/u_pipe_id_ex/ghr[0]_i_4_n_0
    SLICE_X76Y115                                                     f  student_top_inst/u_KLDJ_top/u_pipe_id_ex/update_target_q[13]_i_3/I2
    SLICE_X76Y115        LUT4 (Prop_lut4_I2_O)        0.043     1.694 r  student_top_inst/u_KLDJ_top/u_pipe_id_ex/update_target_q[13]_i_3/O
                         net (fo=1, routed)           0.441     2.135    student_top_inst/u_KLDJ_top/u_pipe_id_ex/update_target_q[13]_i_3_n_0
    SLICE_X73Y115                                                     r  student_top_inst/u_KLDJ_top/u_pipe_id_ex/update_target_q[13]_i_1/I2
    SLICE_X73Y115        LUT6 (Prop_lut6_I2_O)        0.043     2.178 r  student_top_inst/u_KLDJ_top/u_pipe_id_ex/update_target_q[13]_i_1/O
                         net (fo=3, routed)           0.327     2.505    student_top_inst/u_KLDJ_top/u_pipe_id_ex/id_ex_exu_op_reg[0]_0[13]
    SLICE_X71Y114                                                     r  student_top_inst/u_KLDJ_top/u_pipe_id_ex/id_ex_pred_taken_i_14/I1
    SLICE_X71Y114        LUT6 (Prop_lut6_I1_O)        0.043     2.548 r  student_top_inst/u_KLDJ_top/u_pipe_id_ex/id_ex_pred_taken_i_14/O
                         net (fo=1, routed)           0.000     2.548    student_top_inst/u_KLDJ_top/u_pipe_id_ex/id_ex_pred_taken_i_14_n_0
    SLICE_X71Y114                                                     r  student_top_inst/u_KLDJ_top/u_pipe_id_ex/id_ex_pred_taken_reg_i_6/S[0]
    SLICE_X71Y114        CARRY4 (Prop_carry4_S[0]_CO[3])
                                                      0.259     2.807 r  student_top_inst/u_KLDJ_top/u_pipe_id_ex/id_ex_pred_taken_reg_i_6/CO[3]
                         net (fo=1, routed)           0.000     2.807    student_top_inst/u_KLDJ_top/u_pipe_id_ex/id_ex_pred_taken_reg_i_6_n_0
    SLICE_X71Y115                                                     r  student_top_inst/u_KLDJ_top/u_pipe_id_ex/id_ex_pred_taken_reg_i_5/CI
    SLICE_X71Y115        CARRY4 (Prop_carry4_CI_CO[2])
                                                      0.110     2.917 r  student_top_inst/u_KLDJ_top/u_pipe_id_ex/id_ex_pred_taken_reg_i_5/CO[2]
                         net (fo=4, routed)           0.214     3.132    student_top_inst/u_KLDJ_top/u_pipe_id_ex/u_ex_bpu_ctrl/indirect_target_miss0
    SLICE_X69Y115                                                     r  student_top_inst/u_KLDJ_top/u_pipe_id_ex/pc_reg[31]_i_5/I4
    SLICE_X69Y115        LUT5 (Prop_lut5_I4_O)        0.129     3.261 r  student_top_inst/u_KLDJ_top/u_pipe_id_ex/pc_reg[31]_i_5/O
                         net (fo=36, routed)          0.420     3.680    student_top_inst/u_KLDJ_top/u_pipe_id_ex/pc_reg[31]_i_5_n_0
    SLICE_X69Y113                                                     r  student_top_inst/u_KLDJ_top/u_pipe_id_ex/pc_reg_reg[6]_i_1/S
    SLICE_X69Y113        MUXF7 (Prop_muxf7_S_O)       0.147     3.827 r  student_top_inst/u_KLDJ_top/u_pipe_id_ex/pc_reg_reg[6]_i_1/O
                         net (fo=1, routed)           0.191     4.019    student_top_inst/u_KLDJ_top/ifu0/pc_reg_reg[31]_2[6]
    SLICE_X66Y113        FDRE                                         r  student_top_inst/u_KLDJ_top/ifu0/pc_reg_reg[6]/D
  -------------------------------------------------------------------    -------------------

                         (clock clk_out2_pll rise edge)
                                                      5.714     5.714 r  
    AD12                                              0.000     5.714 r  i_sys_clk_p (IN)
                         net (fo=0)                   0.000     5.714    pll_inst/inst/clk_in1_p
    AD12                                                              r  pll_inst/inst/clkin1_ibufgds/I
    AD12                 IBUFDS (Prop_ibufds_I_O)     0.803     6.518 r  pll_inst/inst/clkin1_ibufgds/O
                         net (fo=1, routed)           1.001     7.519    pll_inst/inst/clk_in1_pll
    PLLE2_ADV_X1Y1                                                    r  pll_inst/inst/plle2_adv_inst/CLKIN1
    PLLE2_ADV_X1Y1       PLLE2_ADV (Prop_plle2_adv_CLKIN1_CLKOUT1)
                                                     -7.261     0.258 r  pll_inst/inst/plle2_adv_inst/CLKOUT1
                         net (fo=1, routed)           2.003     2.261    pll_inst/inst/clk_out2_pll
    BUFGCTRL_X0Y0                                                     r  pll_inst/inst/clkout2_buf/I
    BUFGCTRL_X0Y0        BUFG (Prop_bufg_I_O)         0.083     2.344 r  pll_inst/inst/clkout2_buf/O
                         net (fo=5999, routed)        1.255     3.599    student_top_inst/u_KLDJ_top/ifu0/clk_out2
    SLICE_X66Y113        FDRE                                         r  student_top_inst/u_KLDJ_top/ifu0/pc_reg_reg[6]/C
                         clock pessimism             -0.448     3.151    
                         clock uncertainty           -0.077     3.074    
    SLICE_X66Y113        FDRE (Setup_fdre_C_D)       -0.081     2.993    student_top_inst/u_KLDJ_top/ifu0/pc_reg_reg[6]
  -------------------------------------------------------------------
                         required time                          2.993    
                         arrival time                          -4.019    
  -------------------------------------------------------------------
                         slack                                 -1.026    

Slack (VIOLATED) :        -1.020ns  (required time - arrival time)
  Source:                 student_top_inst/u_KLDJ_top/u_pipe_id_ex/id_ex_rs1_addr_reg[0]/C
                            (rising edge-triggered cell FDRE clocked by clk_out2_pll  {rise@0.000ns fall@2.857ns period=5.714ns})
  Destination:            student_top_inst/u_KLDJ_top/ifu0/pc_reg_reg[5]/D
                            (rising edge-triggered cell FDRE clocked by clk_out2_pll  {rise@0.000ns fall@2.857ns period=5.714ns})
  Path Group:             clk_out2_pll
  Path Type:              Setup (Max at Slow Process Corner)
  Requirement:            5.714ns  (clk_out2_pll rise@5.714ns - clk_out2_pll rise@0.000ns)
  Data Path Delay:        6.439ns  (logic 1.646ns (25.565%)  route 4.793ns (74.435%))
  Logic Levels:           16  (CARRY4=5 LUT4=1 LUT5=4 LUT6=5 MUXF7=1)
  Clock Path Skew:        -0.130ns (DCD - SCD + CPR)
    Destination Clock Delay (DCD):    -2.117ns = ( 3.598 - 5.714 ) 
    Source Clock Delay      (SCD):    -2.434ns
    Clock Pessimism Removal (CPR):    -0.448ns
  Clock Uncertainty:      0.077ns  ((TSJ^2 + DJ^2)^1/2) / 2 + PE
    Total System Jitter     (TSJ):    0.071ns
    Discrete Jitter          (DJ):    0.137ns
    Phase Error              (PE):    0.000ns

    Location             Delay type                Incr(ns)  Path(ns)    Netlist Resource(s)
  -------------------------------------------------------------------    -------------------
                         (clock clk_out2_pll rise edge)
                                                      0.000     0.000 r  
    AD12                                              0.000     0.000 r  i_sys_clk_p (IN)
                         net (fo=0)                   0.000     0.000    pll_inst/inst/clk_in1_p
    AD12                                                              r  pll_inst/inst/clkin1_ibufgds/I
    AD12                 IBUFDS (Prop_ibufds_I_O)     0.906     0.906 r  pll_inst/inst/clkin1_ibufgds/O
                         net (fo=1, routed)           1.098     2.004    pll_inst/inst/clk_in1_pll
    PLLE2_ADV_X1Y1                                                    r  pll_inst/inst/plle2_adv_inst/CLKIN1
    PLLE2_ADV_X1Y1       PLLE2_ADV (Prop_plle2_adv_CLKIN1_CLKOUT1)
                                                     -8.058    -6.054 r  pll_inst/inst/plle2_adv_inst/CLKOUT1
                         net (fo=1, routed)           2.128    -3.926    pll_inst/inst/clk_out2_pll
    BUFGCTRL_X0Y0                                                     r  pll_inst/inst/clkout2_buf/I
    BUFGCTRL_X0Y0        BUFG (Prop_bufg_I_O)         0.093    -3.833 r  pll_inst/inst/clkout2_buf/O
                         net (fo=5999, routed)        1.399    -2.434    student_top_inst/u_KLDJ_top/u_pipe_id_ex/clk_out2
    SLICE_X83Y109        FDRE                                         r  student_top_inst/u_KLDJ_top/u_pipe_id_ex/id_ex_rs1_addr_reg[0]/C
  -------------------------------------------------------------------    -------------------
    SLICE_X83Y109        FDRE (Prop_fdre_C_Q)         0.223    -2.211 r  student_top_inst/u_KLDJ_top/u_pipe_id_ex/id_ex_rs1_addr_reg[0]/Q
                         net (fo=3, routed)           0.644    -1.567    student_top_inst/u_KLDJ_top/u_pipe_id_ex/id_ex_rs1_addr_reg[4]_0[0]
    SLICE_X82Y111                                                     r  student_top_inst/u_KLDJ_top/u_pipe_id_ex/rs1_q[31]_i_11/I0
    SLICE_X82Y111        LUT6 (Prop_lut6_I0_O)        0.043    -1.524 r  student_top_inst/u_KLDJ_top/u_pipe_id_ex/rs1_q[31]_i_11/O
                         net (fo=32, routed)          0.622    -0.902    student_top_inst/u_KLDJ_top/u_pipe_id_ex/rs1_q[31]_i_11_n_0
    SLICE_X87Y109                                                     r  student_top_inst/u_KLDJ_top/u_pipe_id_ex/rs1_q[8]_i_2/I3
    SLICE_X87Y109        LUT5 (Prop_lut5_I3_O)        0.043    -0.859 f  student_top_inst/u_KLDJ_top/u_pipe_id_ex/rs1_q[8]_i_2/O
                         net (fo=1, routed)           0.150    -0.709    student_top_inst/u_KLDJ_top/u_pipe_id_ex/rs1_q[8]_i_2_n_0
    SLICE_X87Y109                                                     f  student_top_inst/u_KLDJ_top/u_pipe_id_ex/rs1_q[8]_i_1/I2
    SLICE_X87Y109        LUT5 (Prop_lut5_I2_O)        0.043    -0.666 f  student_top_inst/u_KLDJ_top/u_pipe_id_ex/rs1_q[8]_i_1/O
                         net (fo=27, routed)          0.544    -0.122    student_top_inst/u_KLDJ_top/u_pipe_id_ex/ex_data1[8]
    SLICE_X87Y109                                                     f  student_top_inst/u_KLDJ_top/u_pipe_id_ex/signed_lt_carry__0_i_4/I3
    SLICE_X87Y109        LUT6 (Prop_lut6_I3_O)        0.043    -0.079 r  student_top_inst/u_KLDJ_top/u_pipe_id_ex/signed_lt_carry__0_i_4/O
                         net (fo=1, routed)           0.400     0.321    student_top_inst/u_KLDJ_top/exu2/u_KLDJ_alu/u_alu_add/signed_lt_carry__1_0[0]
    SLICE_X87Y113                                                     r  student_top_inst/u_KLDJ_top/exu2/u_KLDJ_alu/u_alu_add/signed_lt_carry__0/DI[0]
    SLICE_X87Y113        CARRY4 (Prop_carry4_DI[0]_CO[3])
                                                      0.269     0.590 r  student_top_inst/u_KLDJ_top/exu2/u_KLDJ_alu/u_alu_add/signed_lt_carry__0/CO[3]
                         net (fo=1, routed)           0.000     0.590    student_top_inst/u_KLDJ_top/exu2/u_KLDJ_alu/u_alu_add/signed_lt_carry__0_n_0
    SLICE_X87Y114                                                     r  student_top_inst/u_KLDJ_top/exu2/u_KLDJ_alu/u_alu_add/signed_lt_carry__1/CI
    SLICE_X87Y114        CARRY4 (Prop_carry4_CI_CO[3])
                                                      0.053     0.643 r  student_top_inst/u_KLDJ_top/exu2/u_KLDJ_alu/u_alu_add/signed_lt_carry__1/CO[3]
                         net (fo=1, routed)           0.000     0.643    student_top_inst/u_KLDJ_top/exu2/u_KLDJ_alu/u_alu_add/signed_lt_carry__1_n_0
    SLICE_X87Y115                                                     r  student_top_inst/u_KLDJ_top/exu2/u_KLDJ_alu/u_alu_add/signed_lt_carry__2/CI
    SLICE_X87Y115        CARRY4 (Prop_carry4_CI_CO[3])
                                                      0.053     0.696 r  student_top_inst/u_KLDJ_top/exu2/u_KLDJ_alu/u_alu_add/signed_lt_carry__2/CO[3]
                         net (fo=3, routed)           0.324     1.020    student_top_inst/u_KLDJ_top/u_pipe_id_ex/ex_mem_exu_res[0]_i_5_1[0]
    SLICE_X85Y115                                                     r  student_top_inst/u_KLDJ_top/u_pipe_id_ex/ghr[0]_i_8/I2
    SLICE_X85Y115        LUT5 (Prop_lut5_I2_O)        0.043     1.063 r  student_top_inst/u_KLDJ_top/u_pipe_id_ex/ghr[0]_i_8/O
                         net (fo=2, routed)           0.196     1.258    student_top_inst/u_KLDJ_top/u_pipe_id_ex/ghr[0]_i_8_n_0
    SLICE_X83Y115                                                     r  student_top_inst/u_KLDJ_top/u_pipe_id_ex/ghr[0]_i_4/I5
    SLICE_X83Y115        LUT6 (Prop_lut6_I5_O)        0.043     1.301 f  student_top_inst/u_KLDJ_top/u_pipe_id_ex/ghr[0]_i_4/O
                         net (fo=33, routed)          0.350     1.651    student_top_inst/u_KLDJ_top/u_pipe_id_ex/ghr[0]_i_4_n_0
    SLICE_X76Y115                                                     f  student_top_inst/u_KLDJ_top/u_pipe_id_ex/update_target_q[13]_i_3/I2
    SLICE_X76Y115        LUT4 (Prop_lut4_I2_O)        0.043     1.694 r  student_top_inst/u_KLDJ_top/u_pipe_id_ex/update_target_q[13]_i_3/O
                         net (fo=1, routed)           0.441     2.135    student_top_inst/u_KLDJ_top/u_pipe_id_ex/update_target_q[13]_i_3_n_0
    SLICE_X73Y115                                                     r  student_top_inst/u_KLDJ_top/u_pipe_id_ex/update_target_q[13]_i_1/I2
    SLICE_X73Y115        LUT6 (Prop_lut6_I2_O)        0.043     2.178 r  student_top_inst/u_KLDJ_top/u_pipe_id_ex/update_target_q[13]_i_1/O
                         net (fo=3, routed)           0.327     2.505    student_top_inst/u_KLDJ_top/u_pipe_id_ex/id_ex_exu_op_reg[0]_0[13]
    SLICE_X71Y114                                                     r  student_top_inst/u_KLDJ_top/u_pipe_id_ex/id_ex_pred_taken_i_14/I1
    SLICE_X71Y114        LUT6 (Prop_lut6_I1_O)        0.043     2.548 r  student_top_inst/u_KLDJ_top/u_pipe_id_ex/id_ex_pred_taken_i_14/O
                         net (fo=1, routed)           0.000     2.548    student_top_inst/u_KLDJ_top/u_pipe_id_ex/id_ex_pred_taken_i_14_n_0
    SLICE_X71Y114                                                     r  student_top_inst/u_KLDJ_top/u_pipe_id_ex/id_ex_pred_taken_reg_i_6/S[0]
    SLICE_X71Y114        CARRY4 (Prop_carry4_S[0]_CO[3])
                                                      0.259     2.807 r  student_top_inst/u_KLDJ_top/u_pipe_id_ex/id_ex_pred_taken_reg_i_6/CO[3]
                         net (fo=1, routed)           0.000     2.807    student_top_inst/u_KLDJ_top/u_pipe_id_ex/id_ex_pred_taken_reg_i_6_n_0
    SLICE_X71Y115                                                     r  student_top_inst/u_KLDJ_top/u_pipe_id_ex/id_ex_pred_taken_reg_i_5/CI
    SLICE_X71Y115        CARRY4 (Prop_carry4_CI_CO[2])
                                                      0.110     2.917 r  student_top_inst/u_KLDJ_top/u_pipe_id_ex/id_ex_pred_taken_reg_i_5/CO[2]
                         net (fo=4, routed)           0.214     3.132    student_top_inst/u_KLDJ_top/u_pipe_id_ex/u_ex_bpu_ctrl/indirect_target_miss0
    SLICE_X69Y115                                                     r  student_top_inst/u_KLDJ_top/u_pipe_id_ex/pc_reg[31]_i_5/I4
    SLICE_X69Y115        LUT5 (Prop_lut5_I4_O)        0.129     3.261 r  student_top_inst/u_KLDJ_top/u_pipe_id_ex/pc_reg[31]_i_5/O
                         net (fo=36, routed)          0.380     3.641    student_top_inst/u_KLDJ_top/u_pipe_id_ex/pc_reg[31]_i_5_n_0
    SLICE_X71Y111                                                     r  student_top_inst/u_KLDJ_top/u_pipe_id_ex/pc_reg_reg[5]_i_1/S
    SLICE_X71Y111        MUXF7 (Prop_muxf7_S_O)       0.163     3.804 r  student_top_inst/u_KLDJ_top/u_pipe_id_ex/pc_reg_reg[5]_i_1/O
                         net (fo=1, routed)           0.201     4.004    student_top_inst/u_KLDJ_top/ifu0/pc_reg_reg[31]_2[5]
    SLICE_X75Y111        FDRE                                         r  student_top_inst/u_KLDJ_top/ifu0/pc_reg_reg[5]/D
  -------------------------------------------------------------------    -------------------

                         (clock clk_out2_pll rise edge)
                                                      5.714     5.714 r  
    AD12                                              0.000     5.714 r  i_sys_clk_p (IN)
                         net (fo=0)                   0.000     5.714    pll_inst/inst/clk_in1_p
    AD12                                                              r  pll_inst/inst/clkin1_ibufgds/I
    AD12                 IBUFDS (Prop_ibufds_I_O)     0.803     6.518 r  pll_inst/inst/clkin1_ibufgds/O
                         net (fo=1, routed)           1.001     7.519    pll_inst/inst/clk_in1_pll
    PLLE2_ADV_X1Y1                                                    r  pll_inst/inst/plle2_adv_inst/CLKIN1
    PLLE2_ADV_X1Y1       PLLE2_ADV (Prop_plle2_adv_CLKIN1_CLKOUT1)
                                                     -7.261     0.258 r  pll_inst/inst/plle2_adv_inst/CLKOUT1
                         net (fo=1, routed)           2.003     2.261    pll_inst/inst/clk_out2_pll
    BUFGCTRL_X0Y0                                                     r  pll_inst/inst/clkout2_buf/I
    BUFGCTRL_X0Y0        BUFG (Prop_bufg_I_O)         0.083     2.344 r  pll_inst/inst/clkout2_buf/O
                         net (fo=5999, routed)        1.254     3.598    student_top_inst/u_KLDJ_top/ifu0/clk_out2
    SLICE_X75Y111        FDRE                                         r  student_top_inst/u_KLDJ_top/ifu0/pc_reg_reg[5]/C
                         clock pessimism             -0.448     3.150    
                         clock uncertainty           -0.077     3.073    
    SLICE_X75Y111        FDRE (Setup_fdre_C_D)       -0.089     2.984    student_top_inst/u_KLDJ_top/ifu0/pc_reg_reg[5]
  -------------------------------------------------------------------
                         required time                          2.984    
                         arrival time                          -4.004    
  -------------------------------------------------------------------
                         slack                                 -1.020    

Slack (VIOLATED) :        -1.018ns  (required time - arrival time)
  Source:                 student_top_inst/u_KLDJ_top/u_pipe_id_ex/id_ex_rs1_addr_reg[0]/C
                            (rising edge-triggered cell FDRE clocked by clk_out2_pll  {rise@0.000ns fall@2.857ns period=5.714ns})
  Destination:            student_top_inst/u_KLDJ_top/u_pipe_id_ex/id_ex_csr_op_reg/R
                            (rising edge-triggered cell FDRE clocked by clk_out2_pll  {rise@0.000ns fall@2.857ns period=5.714ns})
  Path Group:             clk_out2_pll
  Path Type:              Setup (Max at Slow Process Corner)
  Requirement:            5.714ns  (clk_out2_pll rise@5.714ns - clk_out2_pll rise@0.000ns)
  Data Path Delay:        6.244ns  (logic 1.483ns (23.751%)  route 4.761ns (76.249%))
  Logic Levels:           15  (CARRY4=5 LUT4=1 LUT5=3 LUT6=6)
  Clock Path Skew:        -0.130ns (DCD - SCD + CPR)
    Destination Clock Delay (DCD):    -2.117ns = ( 3.598 - 5.714 ) 
    Source Clock Delay      (SCD):    -2.434ns
    Clock Pessimism Removal (CPR):    -0.448ns
  Clock Uncertainty:      0.077ns  ((TSJ^2 + DJ^2)^1/2) / 2 + PE
    Total System Jitter     (TSJ):    0.071ns
    Discrete Jitter          (DJ):    0.137ns
    Phase Error              (PE):    0.000ns

    Location             Delay type                Incr(ns)  Path(ns)    Netlist Resource(s)
  -------------------------------------------------------------------    -------------------
                         (clock clk_out2_pll rise edge)
                                                      0.000     0.000 r  
    AD12                                              0.000     0.000 r  i_sys_clk_p (IN)
                         net (fo=0)                   0.000     0.000    pll_inst/inst/clk_in1_p
    AD12                                                              r  pll_inst/inst/clkin1_ibufgds/I
    AD12                 IBUFDS (Prop_ibufds_I_O)     0.906     0.906 r  pll_inst/inst/clkin1_ibufgds/O
                         net (fo=1, routed)           1.098     2.004    pll_inst/inst/clk_in1_pll
    PLLE2_ADV_X1Y1                                                    r  pll_inst/inst/plle2_adv_inst/CLKIN1
    PLLE2_ADV_X1Y1       PLLE2_ADV (Prop_plle2_adv_CLKIN1_CLKOUT1)
                                                     -8.058    -6.054 r  pll_inst/inst/plle2_adv_inst/CLKOUT1
                         net (fo=1, routed)           2.128    -3.926    pll_inst/inst/clk_out2_pll
    BUFGCTRL_X0Y0                                                     r  pll_inst/inst/clkout2_buf/I
    BUFGCTRL_X0Y0        BUFG (Prop_bufg_I_O)         0.093    -3.833 r  pll_inst/inst/clkout2_buf/O
                         net (fo=5999, routed)        1.399    -2.434    student_top_inst/u_KLDJ_top/u_pipe_id_ex/clk_out2
    SLICE_X83Y109        FDRE                                         r  student_top_inst/u_KLDJ_top/u_pipe_id_ex/id_ex_rs1_addr_reg[0]/C
  -------------------------------------------------------------------    -------------------
    SLICE_X83Y109        FDRE (Prop_fdre_C_Q)         0.223    -2.211 r  student_top_inst/u_KLDJ_top/u_pipe_id_ex/id_ex_rs1_addr_reg[0]/Q
                         net (fo=3, routed)           0.644    -1.567    student_top_inst/u_KLDJ_top/u_pipe_id_ex/id_ex_rs1_addr_reg[4]_0[0]
    SLICE_X82Y111                                                     r  student_top_inst/u_KLDJ_top/u_pipe_id_ex/rs1_q[31]_i_11/I0
    SLICE_X82Y111        LUT6 (Prop_lut6_I0_O)        0.043    -1.524 r  student_top_inst/u_KLDJ_top/u_pipe_id_ex/rs1_q[31]_i_11/O
                         net (fo=32, routed)          0.622    -0.902    student_top_inst/u_KLDJ_top/u_pipe_id_ex/rs1_q[31]_i_11_n_0
    SLICE_X87Y109                                                     r  student_top_inst/u_KLDJ_top/u_pipe_id_ex/rs1_q[8]_i_2/I3
    SLICE_X87Y109        LUT5 (Prop_lut5_I3_O)        0.043    -0.859 f  student_top_inst/u_KLDJ_top/u_pipe_id_ex/rs1_q[8]_i_2/O
                         net (fo=1, routed)           0.150    -0.709    student_top_inst/u_KLDJ_top/u_pipe_id_ex/rs1_q[8]_i_2_n_0
    SLICE_X87Y109                                                     f  student_top_inst/u_KLDJ_top/u_pipe_id_ex/rs1_q[8]_i_1/I2
    SLICE_X87Y109        LUT5 (Prop_lut5_I2_O)        0.043    -0.666 f  student_top_inst/u_KLDJ_top/u_pipe_id_ex/rs1_q[8]_i_1/O
                         net (fo=27, routed)          0.544    -0.122    student_top_inst/u_KLDJ_top/u_pipe_id_ex/ex_data1[8]
    SLICE_X87Y109                                                     f  student_top_inst/u_KLDJ_top/u_pipe_id_ex/signed_lt_carry__0_i_4/I3
    SLICE_X87Y109        LUT6 (Prop_lut6_I3_O)        0.043    -0.079 r  student_top_inst/u_KLDJ_top/u_pipe_id_ex/signed_lt_carry__0_i_4/O
                         net (fo=1, routed)           0.400     0.321    student_top_inst/u_KLDJ_top/exu2/u_KLDJ_alu/u_alu_add/signed_lt_carry__1_0[0]
    SLICE_X87Y113                                                     r  student_top_inst/u_KLDJ_top/exu2/u_KLDJ_alu/u_alu_add/signed_lt_carry__0/DI[0]
    SLICE_X87Y113        CARRY4 (Prop_carry4_DI[0]_CO[3])
                                                      0.269     0.590 r  student_top_inst/u_KLDJ_top/exu2/u_KLDJ_alu/u_alu_add/signed_lt_carry__0/CO[3]
                         net (fo=1, routed)           0.000     0.590    student_top_inst/u_KLDJ_top/exu2/u_KLDJ_alu/u_alu_add/signed_lt_carry__0_n_0
    SLICE_X87Y114                                                     r  student_top_inst/u_KLDJ_top/exu2/u_KLDJ_alu/u_alu_add/signed_lt_carry__1/CI
    SLICE_X87Y114        CARRY4 (Prop_carry4_CI_CO[3])
                                                      0.053     0.643 r  student_top_inst/u_KLDJ_top/exu2/u_KLDJ_alu/u_alu_add/signed_lt_carry__1/CO[3]
                         net (fo=1, routed)           0.000     0.643    student_top_inst/u_KLDJ_top/exu2/u_KLDJ_alu/u_alu_add/signed_lt_carry__1_n_0
    SLICE_X87Y115                                                     r  student_top_inst/u_KLDJ_top/exu2/u_KLDJ_alu/u_alu_add/signed_lt_carry__2/CI
    SLICE_X87Y115        CARRY4 (Prop_carry4_CI_CO[3])
                                                      0.053     0.696 r  student_top_inst/u_KLDJ_top/exu2/u_KLDJ_alu/u_alu_add/signed_lt_carry__2/CO[3]
                         net (fo=3, routed)           0.324     1.020    student_top_inst/u_KLDJ_top/u_pipe_id_ex/ex_mem_exu_res[0]_i_5_1[0]
    SLICE_X85Y115                                                     r  student_top_inst/u_KLDJ_top/u_pipe_id_ex/ghr[0]_i_8/I2
    SLICE_X85Y115        LUT5 (Prop_lut5_I2_O)        0.043     1.063 r  student_top_inst/u_KLDJ_top/u_pipe_id_ex/ghr[0]_i_8/O
                         net (fo=2, routed)           0.196     1.258    student_top_inst/u_KLDJ_top/u_pipe_id_ex/ghr[0]_i_8_n_0
    SLICE_X83Y115                                                     r  student_top_inst/u_KLDJ_top/u_pipe_id_ex/ghr[0]_i_4/I5
    SLICE_X83Y115        LUT6 (Prop_lut6_I5_O)        0.043     1.301 f  student_top_inst/u_KLDJ_top/u_pipe_id_ex/ghr[0]_i_4/O
                         net (fo=33, routed)          0.350     1.651    student_top_inst/u_KLDJ_top/u_pipe_id_ex/ghr[0]_i_4_n_0
    SLICE_X76Y115                                                     f  student_top_inst/u_KLDJ_top/u_pipe_id_ex/update_target_q[13]_i_3/I2
    SLICE_X76Y115        LUT4 (Prop_lut4_I2_O)        0.043     1.694 r  student_top_inst/u_KLDJ_top/u_pipe_id_ex/update_target_q[13]_i_3/O
                         net (fo=1, routed)           0.441     2.135    student_top_inst/u_KLDJ_top/u_pipe_id_ex/update_target_q[13]_i_3_n_0
    SLICE_X73Y115                                                     r  student_top_inst/u_KLDJ_top/u_pipe_id_ex/update_target_q[13]_i_1/I2
    SLICE_X73Y115        LUT6 (Prop_lut6_I2_O)        0.043     2.178 r  student_top_inst/u_KLDJ_top/u_pipe_id_ex/update_target_q[13]_i_1/O
                         net (fo=3, routed)           0.327     2.505    student_top_inst/u_KLDJ_top/u_pipe_id_ex/id_ex_exu_op_reg[0]_0[13]
    SLICE_X71Y114                                                     r  student_top_inst/u_KLDJ_top/u_pipe_id_ex/id_ex_pred_taken_i_14/I1
    SLICE_X71Y114        LUT6 (Prop_lut6_I1_O)        0.043     2.548 r  student_top_inst/u_KLDJ_top/u_pipe_id_ex/id_ex_pred_taken_i_14/O
                         net (fo=1, routed)           0.000     2.548    student_top_inst/u_KLDJ_top/u_pipe_id_ex/id_ex_pred_taken_i_14_n_0
    SLICE_X71Y114                                                     r  student_top_inst/u_KLDJ_top/u_pipe_id_ex/id_ex_pred_taken_reg_i_6/S[0]
    SLICE_X71Y114        CARRY4 (Prop_carry4_S[0]_CO[3])
                                                      0.259     2.807 r  student_top_inst/u_KLDJ_top/u_pipe_id_ex/id_ex_pred_taken_reg_i_6/CO[3]
                         net (fo=1, routed)           0.000     2.807    student_top_inst/u_KLDJ_top/u_pipe_id_ex/id_ex_pred_taken_reg_i_6_n_0
    SLICE_X71Y115                                                     r  student_top_inst/u_KLDJ_top/u_pipe_id_ex/id_ex_pred_taken_reg_i_5/CI
    SLICE_X71Y115        CARRY4 (Prop_carry4_CI_CO[2])
                                                      0.110     2.917 f  student_top_inst/u_KLDJ_top/u_pipe_id_ex/id_ex_pred_taken_reg_i_5/CO[2]
                         net (fo=4, routed)           0.281     3.198    student_top_inst/u_KLDJ_top/u_pipe_id_ex/u_ex_bpu_ctrl/indirect_target_miss0
    SLICE_X72Y114                                                     f  student_top_inst/u_KLDJ_top/u_pipe_id_ex/id_ex_pred_taken_i_1_comp/I4
    SLICE_X72Y114        LUT6 (Prop_lut6_I4_O)        0.129     3.327 r  student_top_inst/u_KLDJ_top/u_pipe_id_ex/id_ex_pred_taken_i_1_comp/O
                         net (fo=12, routed)          0.482     3.810    student_top_inst/u_KLDJ_top/u_pipe_id_ex/id_ex_pred_taken_i_1_n_0
    SLICE_X70Y114        FDRE                                         r  student_top_inst/u_KLDJ_top/u_pipe_id_ex/id_ex_csr_op_reg/R
  -------------------------------------------------------------------    -------------------

                         (clock clk_out2_pll rise edge)
                                                      5.714     5.714 r  
    AD12                                              0.000     5.714 r  i_sys_clk_p (IN)
                         net (fo=0)                   0.000     5.714    pll_inst/inst/clk_in1_p
    AD12                                                              r  pll_inst/inst/clkin1_ibufgds/I
    AD12                 IBUFDS (Prop_ibufds_I_O)     0.803     6.518 r  pll_inst/inst/clkin1_ibufgds/O
                         net (fo=1, routed)           1.001     7.519    pll_inst/inst/clk_in1_pll
    PLLE2_ADV_X1Y1                                                    r  pll_inst/inst/plle2_adv_inst/CLKIN1
    PLLE2_ADV_X1Y1       PLLE2_ADV (Prop_plle2_adv_CLKIN1_CLKOUT1)
                                                     -7.261     0.258 r  pll_inst/inst/plle2_adv_inst/CLKOUT1
                         net (fo=1, routed)           2.003     2.261    pll_inst/inst/clk_out2_pll
    BUFGCTRL_X0Y0                                                     r  pll_inst/inst/clkout2_buf/I
    BUFGCTRL_X0Y0        BUFG (Prop_bufg_I_O)         0.083     2.344 r  pll_inst/inst/clkout2_buf/O
                         net (fo=5999, routed)        1.254     3.598    student_top_inst/u_KLDJ_top/u_pipe_id_ex/clk_out2
    SLICE_X70Y114        FDRE                                         r  student_top_inst/u_KLDJ_top/u_pipe_id_ex/id_ex_csr_op_reg/C
                         clock pessimism             -0.448     3.150    
                         clock uncertainty           -0.077     3.073    
    SLICE_X70Y114        FDRE (Setup_fdre_C_R)       -0.281     2.792    student_top_inst/u_KLDJ_top/u_pipe_id_ex/id_ex_csr_op_reg
  -------------------------------------------------------------------
                         required time                          2.792    
                         arrival time                          -3.810    
  -------------------------------------------------------------------
                         slack                                 -1.018    

Slack (VIOLATED) :        -1.018ns  (required time - arrival time)
  Source:                 student_top_inst/u_KLDJ_top/u_pipe_id_ex/id_ex_rs1_addr_reg[0]/C
                            (rising edge-triggered cell FDRE clocked by clk_out2_pll  {rise@0.000ns fall@2.857ns period=5.714ns})
  Destination:            student_top_inst/u_KLDJ_top/u_pipe_id_ex/id_ex_jalr_op_reg/R
                            (rising edge-triggered cell FDRE clocked by clk_out2_pll  {rise@0.000ns fall@2.857ns period=5.714ns})
  Path Group:             clk_out2_pll
  Path Type:              Setup (Max at Slow Process Corner)
  Requirement:            5.714ns  (clk_out2_pll rise@5.714ns - clk_out2_pll rise@0.000ns)
  Data Path Delay:        6.244ns  (logic 1.483ns (23.751%)  route 4.761ns (76.249%))
  Logic Levels:           15  (CARRY4=5 LUT4=1 LUT5=3 LUT6=6)
  Clock Path Skew:        -0.130ns (DCD - SCD + CPR)
    Destination Clock Delay (DCD):    -2.117ns = ( 3.598 - 5.714 ) 
    Source Clock Delay      (SCD):    -2.434ns
    Clock Pessimism Removal (CPR):    -0.448ns
  Clock Uncertainty:      0.077ns  ((TSJ^2 + DJ^2)^1/2) / 2 + PE
    Total System Jitter     (TSJ):    0.071ns
    Discrete Jitter          (DJ):    0.137ns
    Phase Error              (PE):    0.000ns

    Location             Delay type                Incr(ns)  Path(ns)    Netlist Resource(s)
  -------------------------------------------------------------------    -------------------
                         (clock clk_out2_pll rise edge)
                                                      0.000     0.000 r  
    AD12                                              0.000     0.000 r  i_sys_clk_p (IN)
                         net (fo=0)                   0.000     0.000    pll_inst/inst/clk_in1_p
    AD12                                                              r  pll_inst/inst/clkin1_ibufgds/I
    AD12                 IBUFDS (Prop_ibufds_I_O)     0.906     0.906 r  pll_inst/inst/clkin1_ibufgds/O
                         net (fo=1, routed)           1.098     2.004    pll_inst/inst/clk_in1_pll
    PLLE2_ADV_X1Y1                                                    r  pll_inst/inst/plle2_adv_inst/CLKIN1
    PLLE2_ADV_X1Y1       PLLE2_ADV (Prop_plle2_adv_CLKIN1_CLKOUT1)
                                                     -8.058    -6.054 r  pll_inst/inst/plle2_adv_inst/CLKOUT1
                         net (fo=1, routed)           2.128    -3.926    pll_inst/inst/clk_out2_pll
    BUFGCTRL_X0Y0                                                     r  pll_inst/inst/clkout2_buf/I
    BUFGCTRL_X0Y0        BUFG (Prop_bufg_I_O)         0.093    -3.833 r  pll_inst/inst/clkout2_buf/O
                         net (fo=5999, routed)        1.399    -2.434    student_top_inst/u_KLDJ_top/u_pipe_id_ex/clk_out2
    SLICE_X83Y109        FDRE                                         r  student_top_inst/u_KLDJ_top/u_pipe_id_ex/id_ex_rs1_addr_reg[0]/C
  -------------------------------------------------------------------    -------------------
    SLICE_X83Y109        FDRE (Prop_fdre_C_Q)         0.223    -2.211 r  student_top_inst/u_KLDJ_top/u_pipe_id_ex/id_ex_rs1_addr_reg[0]/Q
                         net (fo=3, routed)           0.644    -1.567    student_top_inst/u_KLDJ_top/u_pipe_id_ex/id_ex_rs1_addr_reg[4]_0[0]
    SLICE_X82Y111                                                     r  student_top_inst/u_KLDJ_top/u_pipe_id_ex/rs1_q[31]_i_11/I0
    SLICE_X82Y111        LUT6 (Prop_lut6_I0_O)        0.043    -1.524 r  student_top_inst/u_KLDJ_top/u_pipe_id_ex/rs1_q[31]_i_11/O
                         net (fo=32, routed)          0.622    -0.902    student_top_inst/u_KLDJ_top/u_pipe_id_ex/rs1_q[31]_i_11_n_0
    SLICE_X87Y109                                                     r  student_top_inst/u_KLDJ_top/u_pipe_id_ex/rs1_q[8]_i_2/I3
    SLICE_X87Y109        LUT5 (Prop_lut5_I3_O)        0.043    -0.859 f  student_top_inst/u_KLDJ_top/u_pipe_id_ex/rs1_q[8]_i_2/O
                         net (fo=1, routed)           0.150    -0.709    student_top_inst/u_KLDJ_top/u_pipe_id_ex/rs1_q[8]_i_2_n_0
    SLICE_X87Y109                                                     f  student_top_inst/u_KLDJ_top/u_pipe_id_ex/rs1_q[8]_i_1/I2
    SLICE_X87Y109        LUT5 (Prop_lut5_I2_O)        0.043    -0.666 f  student_top_inst/u_KLDJ_top/u_pipe_id_ex/rs1_q[8]_i_1/O
                         net (fo=27, routed)          0.544    -0.122    student_top_inst/u_KLDJ_top/u_pipe_id_ex/ex_data1[8]
    SLICE_X87Y109                                                     f  student_top_inst/u_KLDJ_top/u_pipe_id_ex/signed_lt_carry__0_i_4/I3
    SLICE_X87Y109        LUT6 (Prop_lut6_I3_O)        0.043    -0.079 r  student_top_inst/u_KLDJ_top/u_pipe_id_ex/signed_lt_carry__0_i_4/O
                         net (fo=1, routed)           0.400     0.321    student_top_inst/u_KLDJ_top/exu2/u_KLDJ_alu/u_alu_add/signed_lt_carry__1_0[0]
    SLICE_X87Y113                                                     r  student_top_inst/u_KLDJ_top/exu2/u_KLDJ_alu/u_alu_add/signed_lt_carry__0/DI[0]
    SLICE_X87Y113        CARRY4 (Prop_carry4_DI[0]_CO[3])
                                                      0.269     0.590 r  student_top_inst/u_KLDJ_top/exu2/u_KLDJ_alu/u_alu_add/signed_lt_carry__0/CO[3]
                         net (fo=1, routed)           0.000     0.590    student_top_inst/u_KLDJ_top/exu2/u_KLDJ_alu/u_alu_add/signed_lt_carry__0_n_0
    SLICE_X87Y114                                                     r  student_top_inst/u_KLDJ_top/exu2/u_KLDJ_alu/u_alu_add/signed_lt_carry__1/CI
    SLICE_X87Y114        CARRY4 (Prop_carry4_CI_CO[3])
                                                      0.053     0.643 r  student_top_inst/u_KLDJ_top/exu2/u_KLDJ_alu/u_alu_add/signed_lt_carry__1/CO[3]
                         net (fo=1, routed)           0.000     0.643    student_top_inst/u_KLDJ_top/exu2/u_KLDJ_alu/u_alu_add/signed_lt_carry__1_n_0
    SLICE_X87Y115                                                     r  student_top_inst/u_KLDJ_top/exu2/u_KLDJ_alu/u_alu_add/signed_lt_carry__2/CI
    SLICE_X87Y115        CARRY4 (Prop_carry4_CI_CO[3])
                                                      0.053     0.696 r  student_top_inst/u_KLDJ_top/exu2/u_KLDJ_alu/u_alu_add/signed_lt_carry__2/CO[3]
                         net (fo=3, routed)           0.324     1.020    student_top_inst/u_KLDJ_top/u_pipe_id_ex/ex_mem_exu_res[0]_i_5_1[0]
    SLICE_X85Y115                                                     r  student_top_inst/u_KLDJ_top/u_pipe_id_ex/ghr[0]_i_8/I2
    SLICE_X85Y115        LUT5 (Prop_lut5_I2_O)        0.043     1.063 r  student_top_inst/u_KLDJ_top/u_pipe_id_ex/ghr[0]_i_8/O
                         net (fo=2, routed)           0.196     1.258    student_top_inst/u_KLDJ_top/u_pipe_id_ex/ghr[0]_i_8_n_0
    SLICE_X83Y115                                                     r  student_top_inst/u_KLDJ_top/u_pipe_id_ex/ghr[0]_i_4/I5
    SLICE_X83Y115        LUT6 (Prop_lut6_I5_O)        0.043     1.301 f  student_top_inst/u_KLDJ_top/u_pipe_id_ex/ghr[0]_i_4/O
                         net (fo=33, routed)          0.350     1.651    student_top_inst/u_KLDJ_top/u_pipe_id_ex/ghr[0]_i_4_n_0
    SLICE_X76Y115                                                     f  student_top_inst/u_KLDJ_top/u_pipe_id_ex/update_target_q[13]_i_3/I2
    SLICE_X76Y115        LUT4 (Prop_lut4_I2_O)        0.043     1.694 r  student_top_inst/u_KLDJ_top/u_pipe_id_ex/update_target_q[13]_i_3/O
                         net (fo=1, routed)           0.441     2.135    student_top_inst/u_KLDJ_top/u_pipe_id_ex/update_target_q[13]_i_3_n_0
    SLICE_X73Y115                                                     r  student_top_inst/u_KLDJ_top/u_pipe_id_ex/update_target_q[13]_i_1/I2
    SLICE_X73Y115        LUT6 (Prop_lut6_I2_O)        0.043     2.178 r  student_top_inst/u_KLDJ_top/u_pipe_id_ex/update_target_q[13]_i_1/O
                         net (fo=3, routed)           0.327     2.505    student_top_inst/u_KLDJ_top/u_pipe_id_ex/id_ex_exu_op_reg[0]_0[13]
    SLICE_X71Y114                                                     r  student_top_inst/u_KLDJ_top/u_pipe_id_ex/id_ex_pred_taken_i_14/I1
    SLICE_X71Y114        LUT6 (Prop_lut6_I1_O)        0.043     2.548 r  student_top_inst/u_KLDJ_top/u_pipe_id_ex/id_ex_pred_taken_i_14/O
                         net (fo=1, routed)           0.000     2.548    student_top_inst/u_KLDJ_top/u_pipe_id_ex/id_ex_pred_taken_i_14_n_0
    SLICE_X71Y114                                                     r  student_top_inst/u_KLDJ_top/u_pipe_id_ex/id_ex_pred_taken_reg_i_6/S[0]
    SLICE_X71Y114        CARRY4 (Prop_carry4_S[0]_CO[3])
                                                      0.259     2.807 r  student_top_inst/u_KLDJ_top/u_pipe_id_ex/id_ex_pred_taken_reg_i_6/CO[3]
                         net (fo=1, routed)           0.000     2.807    student_top_inst/u_KLDJ_top/u_pipe_id_ex/id_ex_pred_taken_reg_i_6_n_0
    SLICE_X71Y115                                                     r  student_top_inst/u_KLDJ_top/u_pipe_id_ex/id_ex_pred_taken_reg_i_5/CI
    SLICE_X71Y115        CARRY4 (Prop_carry4_CI_CO[2])
                                                      0.110     2.917 f  student_top_inst/u_KLDJ_top/u_pipe_id_ex/id_ex_pred_taken_reg_i_5/CO[2]
                         net (fo=4, routed)           0.281     3.198    student_top_inst/u_KLDJ_top/u_pipe_id_ex/u_ex_bpu_ctrl/indirect_target_miss0
    SLICE_X72Y114                                                     f  student_top_inst/u_KLDJ_top/u_pipe_id_ex/id_ex_pred_taken_i_1_comp/I4
    SLICE_X72Y114        LUT6 (Prop_lut6_I4_O)        0.129     3.327 r  student_top_inst/u_KLDJ_top/u_pipe_id_ex/id_ex_pred_taken_i_1_comp/O
                         net (fo=12, routed)          0.482     3.810    student_top_inst/u_KLDJ_top/u_pipe_id_ex/id_ex_pred_taken_i_1_n_0
    SLICE_X70Y114        FDRE                                         r  student_top_inst/u_KLDJ_top/u_pipe_id_ex/id_ex_jalr_op_reg/R
  -------------------------------------------------------------------    -------------------

                         (clock clk_out2_pll rise edge)
                                                      5.714     5.714 r  
    AD12                                              0.000     5.714 r  i_sys_clk_p (IN)
                         net (fo=0)                   0.000     5.714    pll_inst/inst/clk_in1_p
    AD12                                                              r  pll_inst/inst/clkin1_ibufgds/I
    AD12                 IBUFDS (Prop_ibufds_I_O)     0.803     6.518 r  pll_inst/inst/clkin1_ibufgds/O
                         net (fo=1, routed)           1.001     7.519    pll_inst/inst/clk_in1_pll
    PLLE2_ADV_X1Y1                                                    r  pll_inst/inst/plle2_adv_inst/CLKIN1
    PLLE2_ADV_X1Y1       PLLE2_ADV (Prop_plle2_adv_CLKIN1_CLKOUT1)
                                                     -7.261     0.258 r  pll_inst/inst/plle2_adv_inst/CLKOUT1
                         net (fo=1, routed)           2.003     2.261    pll_inst/inst/clk_out2_pll
    BUFGCTRL_X0Y0                                                     r  pll_inst/inst/clkout2_buf/I
    BUFGCTRL_X0Y0        BUFG (Prop_bufg_I_O)         0.083     2.344 r  pll_inst/inst/clkout2_buf/O
                         net (fo=5999, routed)        1.254     3.598    student_top_inst/u_KLDJ_top/u_pipe_id_ex/clk_out2
    SLICE_X70Y114        FDRE                                         r  student_top_inst/u_KLDJ_top/u_pipe_id_ex/id_ex_jalr_op_reg/C
                         clock pessimism             -0.448     3.150    
                         clock uncertainty           -0.077     3.073    
    SLICE_X70Y114        FDRE (Setup_fdre_C_R)       -0.281     2.792    student_top_inst/u_KLDJ_top/u_pipe_id_ex/id_ex_jalr_op_reg
  -------------------------------------------------------------------
                         required time                          2.792    
                         arrival time                          -3.810    
  -------------------------------------------------------------------
                         slack                                 -1.018    

Slack (VIOLATED) :        -1.018ns  (required time - arrival time)
  Source:                 student_top_inst/u_KLDJ_top/u_pipe_id_ex/id_ex_rs1_addr_reg[0]/C
                            (rising edge-triggered cell FDRE clocked by clk_out2_pll  {rise@0.000ns fall@2.857ns period=5.714ns})
  Destination:            student_top_inst/u_KLDJ_top/u_pipe_id_ex/id_ex_store_op_reg/R
                            (rising edge-triggered cell FDRE clocked by clk_out2_pll  {rise@0.000ns fall@2.857ns period=5.714ns})
  Path Group:             clk_out2_pll
  Path Type:              Setup (Max at Slow Process Corner)
  Requirement:            5.714ns  (clk_out2_pll rise@5.714ns - clk_out2_pll rise@0.000ns)
  Data Path Delay:        6.244ns  (logic 1.483ns (23.751%)  route 4.761ns (76.249%))
  Logic Levels:           15  (CARRY4=5 LUT4=1 LUT5=3 LUT6=6)
  Clock Path Skew:        -0.130ns (DCD - SCD + CPR)
    Destination Clock Delay (DCD):    -2.117ns = ( 3.598 - 5.714 ) 
    Source Clock Delay      (SCD):    -2.434ns
    Clock Pessimism Removal (CPR):    -0.448ns
  Clock Uncertainty:      0.077ns  ((TSJ^2 + DJ^2)^1/2) / 2 + PE
    Total System Jitter     (TSJ):    0.071ns
    Discrete Jitter          (DJ):    0.137ns
    Phase Error              (PE):    0.000ns

    Location             Delay type                Incr(ns)  Path(ns)    Netlist Resource(s)
  -------------------------------------------------------------------    -------------------
                         (clock clk_out2_pll rise edge)
                                                      0.000     0.000 r  
    AD12                                              0.000     0.000 r  i_sys_clk_p (IN)
                         net (fo=0)                   0.000     0.000    pll_inst/inst/clk_in1_p
    AD12                                                              r  pll_inst/inst/clkin1_ibufgds/I
    AD12                 IBUFDS (Prop_ibufds_I_O)     0.906     0.906 r  pll_inst/inst/clkin1_ibufgds/O
                         net (fo=1, routed)           1.098     2.004    pll_inst/inst/clk_in1_pll
    PLLE2_ADV_X1Y1                                                    r  pll_inst/inst/plle2_adv_inst/CLKIN1
    PLLE2_ADV_X1Y1       PLLE2_ADV (Prop_plle2_adv_CLKIN1_CLKOUT1)
                                                     -8.058    -6.054 r  pll_inst/inst/plle2_adv_inst/CLKOUT1
                         net (fo=1, routed)           2.128    -3.926    pll_inst/inst/clk_out2_pll
    BUFGCTRL_X0Y0                                                     r  pll_inst/inst/clkout2_buf/I
    BUFGCTRL_X0Y0        BUFG (Prop_bufg_I_O)         0.093    -3.833 r  pll_inst/inst/clkout2_buf/O
                         net (fo=5999, routed)        1.399    -2.434    student_top_inst/u_KLDJ_top/u_pipe_id_ex/clk_out2
    SLICE_X83Y109        FDRE                                         r  student_top_inst/u_KLDJ_top/u_pipe_id_ex/id_ex_rs1_addr_reg[0]/C
  -------------------------------------------------------------------    -------------------
    SLICE_X83Y109        FDRE (Prop_fdre_C_Q)         0.223    -2.211 r  student_top_inst/u_KLDJ_top/u_pipe_id_ex/id_ex_rs1_addr_reg[0]/Q
                         net (fo=3, routed)           0.644    -1.567    student_top_inst/u_KLDJ_top/u_pipe_id_ex/id_ex_rs1_addr_reg[4]_0[0]
    SLICE_X82Y111                                                     r  student_top_inst/u_KLDJ_top/u_pipe_id_ex/rs1_q[31]_i_11/I0
    SLICE_X82Y111        LUT6 (Prop_lut6_I0_O)        0.043    -1.524 r  student_top_inst/u_KLDJ_top/u_pipe_id_ex/rs1_q[31]_i_11/O
                         net (fo=32, routed)          0.622    -0.902    student_top_inst/u_KLDJ_top/u_pipe_id_ex/rs1_q[31]_i_11_n_0
    SLICE_X87Y109                                                     r  student_top_inst/u_KLDJ_top/u_pipe_id_ex/rs1_q[8]_i_2/I3
    SLICE_X87Y109        LUT5 (Prop_lut5_I3_O)        0.043    -0.859 f  student_top_inst/u_KLDJ_top/u_pipe_id_ex/rs1_q[8]_i_2/O
                         net (fo=1, routed)           0.150    -0.709    student_top_inst/u_KLDJ_top/u_pipe_id_ex/rs1_q[8]_i_2_n_0
    SLICE_X87Y109                                                     f  student_top_inst/u_KLDJ_top/u_pipe_id_ex/rs1_q[8]_i_1/I2
    SLICE_X87Y109        LUT5 (Prop_lut5_I2_O)        0.043    -0.666 f  student_top_inst/u_KLDJ_top/u_pipe_id_ex/rs1_q[8]_i_1/O
                         net (fo=27, routed)          0.544    -0.122    student_top_inst/u_KLDJ_top/u_pipe_id_ex/ex_data1[8]
    SLICE_X87Y109                                                     f  student_top_inst/u_KLDJ_top/u_pipe_id_ex/signed_lt_carry__0_i_4/I3
    SLICE_X87Y109        LUT6 (Prop_lut6_I3_O)        0.043    -0.079 r  student_top_inst/u_KLDJ_top/u_pipe_id_ex/signed_lt_carry__0_i_4/O
                         net (fo=1, routed)           0.400     0.321    student_top_inst/u_KLDJ_top/exu2/u_KLDJ_alu/u_alu_add/signed_lt_carry__1_0[0]
    SLICE_X87Y113                                                     r  student_top_inst/u_KLDJ_top/exu2/u_KLDJ_alu/u_alu_add/signed_lt_carry__0/DI[0]
    SLICE_X87Y113        CARRY4 (Prop_carry4_DI[0]_CO[3])
                                                      0.269     0.590 r  student_top_inst/u_KLDJ_top/exu2/u_KLDJ_alu/u_alu_add/signed_lt_carry__0/CO[3]
                         net (fo=1, routed)           0.000     0.590    student_top_inst/u_KLDJ_top/exu2/u_KLDJ_alu/u_alu_add/signed_lt_carry__0_n_0
    SLICE_X87Y114                                                     r  student_top_inst/u_KLDJ_top/exu2/u_KLDJ_alu/u_alu_add/signed_lt_carry__1/CI
    SLICE_X87Y114        CARRY4 (Prop_carry4_CI_CO[3])
                                                      0.053     0.643 r  student_top_inst/u_KLDJ_top/exu2/u_KLDJ_alu/u_alu_add/signed_lt_carry__1/CO[3]
                         net (fo=1, routed)           0.000     0.643    student_top_inst/u_KLDJ_top/exu2/u_KLDJ_alu/u_alu_add/signed_lt_carry__1_n_0
    SLICE_X87Y115                                                     r  student_top_inst/u_KLDJ_top/exu2/u_KLDJ_alu/u_alu_add/signed_lt_carry__2/CI
    SLICE_X87Y115        CARRY4 (Prop_carry4_CI_CO[3])
                                                      0.053     0.696 r  student_top_inst/u_KLDJ_top/exu2/u_KLDJ_alu/u_alu_add/signed_lt_carry__2/CO[3]
                         net (fo=3, routed)           0.324     1.020    student_top_inst/u_KLDJ_top/u_pipe_id_ex/ex_mem_exu_res[0]_i_5_1[0]
    SLICE_X85Y115                                                     r  student_top_inst/u_KLDJ_top/u_pipe_id_ex/ghr[0]_i_8/I2
    SLICE_X85Y115        LUT5 (Prop_lut5_I2_O)        0.043     1.063 r  student_top_inst/u_KLDJ_top/u_pipe_id_ex/ghr[0]_i_8/O
                         net (fo=2, routed)           0.196     1.258    student_top_inst/u_KLDJ_top/u_pipe_id_ex/ghr[0]_i_8_n_0
    SLICE_X83Y115                                                     r  student_top_inst/u_KLDJ_top/u_pipe_id_ex/ghr[0]_i_4/I5
    SLICE_X83Y115        LUT6 (Prop_lut6_I5_O)        0.043     1.301 f  student_top_inst/u_KLDJ_top/u_pipe_id_ex/ghr[0]_i_4/O
                         net (fo=33, routed)          0.350     1.651    student_top_inst/u_KLDJ_top/u_pipe_id_ex/ghr[0]_i_4_n_0
    SLICE_X76Y115                                                     f  student_top_inst/u_KLDJ_top/u_pipe_id_ex/update_target_q[13]_i_3/I2
    SLICE_X76Y115        LUT4 (Prop_lut4_I2_O)        0.043     1.694 r  student_top_inst/u_KLDJ_top/u_pipe_id_ex/update_target_q[13]_i_3/O
                         net (fo=1, routed)           0.441     2.135    student_top_inst/u_KLDJ_top/u_pipe_id_ex/update_target_q[13]_i_3_n_0
    SLICE_X73Y115                                                     r  student_top_inst/u_KLDJ_top/u_pipe_id_ex/update_target_q[13]_i_1/I2
    SLICE_X73Y115        LUT6 (Prop_lut6_I2_O)        0.043     2.178 r  student_top_inst/u_KLDJ_top/u_pipe_id_ex/update_target_q[13]_i_1/O
                         net (fo=3, routed)           0.327     2.505    student_top_inst/u_KLDJ_top/u_pipe_id_ex/id_ex_exu_op_reg[0]_0[13]
    SLICE_X71Y114                                                     r  student_top_inst/u_KLDJ_top/u_pipe_id_ex/id_ex_pred_taken_i_14/I1
    SLICE_X71Y114        LUT6 (Prop_lut6_I1_O)        0.043     2.548 r  student_top_inst/u_KLDJ_top/u_pipe_id_ex/id_ex_pred_taken_i_14/O
                         net (fo=1, routed)           0.000     2.548    student_top_inst/u_KLDJ_top/u_pipe_id_ex/id_ex_pred_taken_i_14_n_0
    SLICE_X71Y114                                                     r  student_top_inst/u_KLDJ_top/u_pipe_id_ex/id_ex_pred_taken_reg_i_6/S[0]
    SLICE_X71Y114        CARRY4 (Prop_carry4_S[0]_CO[3])
                                                      0.259     2.807 r  student_top_inst/u_KLDJ_top/u_pipe_id_ex/id_ex_pred_taken_reg_i_6/CO[3]
                         net (fo=1, routed)           0.000     2.807    student_top_inst/u_KLDJ_top/u_pipe_id_ex/id_ex_pred_taken_reg_i_6_n_0
    SLICE_X71Y115                                                     r  student_top_inst/u_KLDJ_top/u_pipe_id_ex/id_ex_pred_taken_reg_i_5/CI
    SLICE_X71Y115        CARRY4 (Prop_carry4_CI_CO[2])
                                                      0.110     2.917 f  student_top_inst/u_KLDJ_top/u_pipe_id_ex/id_ex_pred_taken_reg_i_5/CO[2]
                         net (fo=4, routed)           0.281     3.198    student_top_inst/u_KLDJ_top/u_pipe_id_ex/u_ex_bpu_ctrl/indirect_target_miss0
    SLICE_X72Y114                                                     f  student_top_inst/u_KLDJ_top/u_pipe_id_ex/id_ex_pred_taken_i_1_comp/I4
    SLICE_X72Y114        LUT6 (Prop_lut6_I4_O)        0.129     3.327 r  student_top_inst/u_KLDJ_top/u_pipe_id_ex/id_ex_pred_taken_i_1_comp/O
                         net (fo=12, routed)          0.482     3.810    student_top_inst/u_KLDJ_top/u_pipe_id_ex/id_ex_pred_taken_i_1_n_0
    SLICE_X70Y114        FDRE                                         r  student_top_inst/u_KLDJ_top/u_pipe_id_ex/id_ex_store_op_reg/R
  -------------------------------------------------------------------    -------------------

                         (clock clk_out2_pll rise edge)
                                                      5.714     5.714 r  
    AD12                                              0.000     5.714 r  i_sys_clk_p (IN)
                         net (fo=0)                   0.000     5.714    pll_inst/inst/clk_in1_p
    AD12                                                              r  pll_inst/inst/clkin1_ibufgds/I
    AD12                 IBUFDS (Prop_ibufds_I_O)     0.803     6.518 r  pll_inst/inst/clkin1_ibufgds/O
                         net (fo=1, routed)           1.001     7.519    pll_inst/inst/clk_in1_pll
    PLLE2_ADV_X1Y1                                                    r  pll_inst/inst/plle2_adv_inst/CLKIN1
    PLLE2_ADV_X1Y1       PLLE2_ADV (Prop_plle2_adv_CLKIN1_CLKOUT1)
                                                     -7.261     0.258 r  pll_inst/inst/plle2_adv_inst/CLKOUT1
                         net (fo=1, routed)           2.003     2.261    pll_inst/inst/clk_out2_pll
    BUFGCTRL_X0Y0                                                     r  pll_inst/inst/clkout2_buf/I
    BUFGCTRL_X0Y0        BUFG (Prop_bufg_I_O)         0.083     2.344 r  pll_inst/inst/clkout2_buf/O
                         net (fo=5999, routed)        1.254     3.598    student_top_inst/u_KLDJ_top/u_pipe_id_ex/clk_out2
    SLICE_X70Y114        FDRE                                         r  student_top_inst/u_KLDJ_top/u_pipe_id_ex/id_ex_store_op_reg/C
                         clock pessimism             -0.448     3.150    
                         clock uncertainty           -0.077     3.073    
    SLICE_X70Y114        FDRE (Setup_fdre_C_R)       -0.281     2.792    student_top_inst/u_KLDJ_top/u_pipe_id_ex/id_ex_store_op_reg
  -------------------------------------------------------------------
                         required time                          2.792    
                         arrival time                          -3.810    
  -------------------------------------------------------------------
                         slack                                 -1.018    

Slack (VIOLATED) :        -1.018ns  (required time - arrival time)
  Source:                 student_top_inst/u_KLDJ_top/u_pipe_id_ex/id_ex_rs1_addr_reg[0]/C
                            (rising edge-triggered cell FDRE clocked by clk_out2_pll  {rise@0.000ns fall@2.857ns period=5.714ns})
  Destination:            student_top_inst/u_KLDJ_top/u_pipe_id_ex/id_ex_wb_ctl_reg/R
                            (rising edge-triggered cell FDRE clocked by clk_out2_pll  {rise@0.000ns fall@2.857ns period=5.714ns})
  Path Group:             clk_out2_pll
  Path Type:              Setup (Max at Slow Process Corner)
  Requirement:            5.714ns  (clk_out2_pll rise@5.714ns - clk_out2_pll rise@0.000ns)
  Data Path Delay:        6.244ns  (logic 1.483ns (23.751%)  route 4.761ns (76.249%))
  Logic Levels:           15  (CARRY4=5 LUT4=1 LUT5=3 LUT6=6)
  Clock Path Skew:        -0.130ns (DCD - SCD + CPR)
    Destination Clock Delay (DCD):    -2.117ns = ( 3.598 - 5.714 ) 
    Source Clock Delay      (SCD):    -2.434ns
    Clock Pessimism Removal (CPR):    -0.448ns
  Clock Uncertainty:      0.077ns  ((TSJ^2 + DJ^2)^1/2) / 2 + PE
    Total System Jitter     (TSJ):    0.071ns
    Discrete Jitter          (DJ):    0.137ns
    Phase Error              (PE):    0.000ns

    Location             Delay type                Incr(ns)  Path(ns)    Netlist Resource(s)
  -------------------------------------------------------------------    -------------------
                         (clock clk_out2_pll rise edge)
                                                      0.000     0.000 r  
    AD12                                              0.000     0.000 r  i_sys_clk_p (IN)
                         net (fo=0)                   0.000     0.000    pll_inst/inst/clk_in1_p
    AD12                                                              r  pll_inst/inst/clkin1_ibufgds/I
    AD12                 IBUFDS (Prop_ibufds_I_O)     0.906     0.906 r  pll_inst/inst/clkin1_ibufgds/O
                         net (fo=1, routed)           1.098     2.004    pll_inst/inst/clk_in1_pll
    PLLE2_ADV_X1Y1                                                    r  pll_inst/inst/plle2_adv_inst/CLKIN1
    PLLE2_ADV_X1Y1       PLLE2_ADV (Prop_plle2_adv_CLKIN1_CLKOUT1)
                                                     -8.058    -6.054 r  pll_inst/inst/plle2_adv_inst/CLKOUT1
                         net (fo=1, routed)           2.128    -3.926    pll_inst/inst/clk_out2_pll
    BUFGCTRL_X0Y0                                                     r  pll_inst/inst/clkout2_buf/I
    BUFGCTRL_X0Y0        BUFG (Prop_bufg_I_O)         0.093    -3.833 r  pll_inst/inst/clkout2_buf/O
                         net (fo=5999, routed)        1.399    -2.434    student_top_inst/u_KLDJ_top/u_pipe_id_ex/clk_out2
    SLICE_X83Y109        FDRE                                         r  student_top_inst/u_KLDJ_top/u_pipe_id_ex/id_ex_rs1_addr_reg[0]/C
  -------------------------------------------------------------------    -------------------
    SLICE_X83Y109        FDRE (Prop_fdre_C_Q)         0.223    -2.211 r  student_top_inst/u_KLDJ_top/u_pipe_id_ex/id_ex_rs1_addr_reg[0]/Q
                         net (fo=3, routed)           0.644    -1.567    student_top_inst/u_KLDJ_top/u_pipe_id_ex/id_ex_rs1_addr_reg[4]_0[0]
    SLICE_X82Y111                                                     r  student_top_inst/u_KLDJ_top/u_pipe_id_ex/rs1_q[31]_i_11/I0
    SLICE_X82Y111        LUT6 (Prop_lut6_I0_O)        0.043    -1.524 r  student_top_inst/u_KLDJ_top/u_pipe_id_ex/rs1_q[31]_i_11/O
                         net (fo=32, routed)          0.622    -0.902    student_top_inst/u_KLDJ_top/u_pipe_id_ex/rs1_q[31]_i_11_n_0
    SLICE_X87Y109                                                     r  student_top_inst/u_KLDJ_top/u_pipe_id_ex/rs1_q[8]_i_2/I3
    SLICE_X87Y109        LUT5 (Prop_lut5_I3_O)        0.043    -0.859 f  student_top_inst/u_KLDJ_top/u_pipe_id_ex/rs1_q[8]_i_2/O
                         net (fo=1, routed)           0.150    -0.709    student_top_inst/u_KLDJ_top/u_pipe_id_ex/rs1_q[8]_i_2_n_0
    SLICE_X87Y109                                                     f  student_top_inst/u_KLDJ_top/u_pipe_id_ex/rs1_q[8]_i_1/I2
    SLICE_X87Y109        LUT5 (Prop_lut5_I2_O)        0.043    -0.666 f  student_top_inst/u_KLDJ_top/u_pipe_id_ex/rs1_q[8]_i_1/O
                         net (fo=27, routed)          0.544    -0.122    student_top_inst/u_KLDJ_top/u_pipe_id_ex/ex_data1[8]
    SLICE_X87Y109                                                     f  student_top_inst/u_KLDJ_top/u_pipe_id_ex/signed_lt_carry__0_i_4/I3
    SLICE_X87Y109        LUT6 (Prop_lut6_I3_O)        0.043    -0.079 r  student_top_inst/u_KLDJ_top/u_pipe_id_ex/signed_lt_carry__0_i_4/O
                         net (fo=1, routed)           0.400     0.321    student_top_inst/u_KLDJ_top/exu2/u_KLDJ_alu/u_alu_add/signed_lt_carry__1_0[0]
    SLICE_X87Y113                                                     r  student_top_inst/u_KLDJ_top/exu2/u_KLDJ_alu/u_alu_add/signed_lt_carry__0/DI[0]
    SLICE_X87Y113        CARRY4 (Prop_carry4_DI[0]_CO[3])
                                                      0.269     0.590 r  student_top_inst/u_KLDJ_top/exu2/u_KLDJ_alu/u_alu_add/signed_lt_carry__0/CO[3]
                         net (fo=1, routed)           0.000     0.590    student_top_inst/u_KLDJ_top/exu2/u_KLDJ_alu/u_alu_add/signed_lt_carry__0_n_0
    SLICE_X87Y114                                                     r  student_top_inst/u_KLDJ_top/exu2/u_KLDJ_alu/u_alu_add/signed_lt_carry__1/CI
    SLICE_X87Y114        CARRY4 (Prop_carry4_CI_CO[3])
                                                      0.053     0.643 r  student_top_inst/u_KLDJ_top/exu2/u_KLDJ_alu/u_alu_add/signed_lt_carry__1/CO[3]
                         net (fo=1, routed)           0.000     0.643    student_top_inst/u_KLDJ_top/exu2/u_KLDJ_alu/u_alu_add/signed_lt_carry__1_n_0
    SLICE_X87Y115                                                     r  student_top_inst/u_KLDJ_top/exu2/u_KLDJ_alu/u_alu_add/signed_lt_carry__2/CI
    SLICE_X87Y115        CARRY4 (Prop_carry4_CI_CO[3])
                                                      0.053     0.696 r  student_top_inst/u_KLDJ_top/exu2/u_KLDJ_alu/u_alu_add/signed_lt_carry__2/CO[3]
                         net (fo=3, routed)           0.324     1.020    student_top_inst/u_KLDJ_top/u_pipe_id_ex/ex_mem_exu_res[0]_i_5_1[0]
    SLICE_X85Y115                                                     r  student_top_inst/u_KLDJ_top/u_pipe_id_ex/ghr[0]_i_8/I2
    SLICE_X85Y115        LUT5 (Prop_lut5_I2_O)        0.043     1.063 r  student_top_inst/u_KLDJ_top/u_pipe_id_ex/ghr[0]_i_8/O
                         net (fo=2, routed)           0.196     1.258    student_top_inst/u_KLDJ_top/u_pipe_id_ex/ghr[0]_i_8_n_0
    SLICE_X83Y115                                                     r  student_top_inst/u_KLDJ_top/u_pipe_id_ex/ghr[0]_i_4/I5
    SLICE_X83Y115        LUT6 (Prop_lut6_I5_O)        0.043     1.301 f  student_top_inst/u_KLDJ_top/u_pipe_id_ex/ghr[0]_i_4/O
                         net (fo=33, routed)          0.350     1.651    student_top_inst/u_KLDJ_top/u_pipe_id_ex/ghr[0]_i_4_n_0
    SLICE_X76Y115                                                     f  student_top_inst/u_KLDJ_top/u_pipe_id_ex/update_target_q[13]_i_3/I2
    SLICE_X76Y115        LUT4 (Prop_lut4_I2_O)        0.043     1.694 r  student_top_inst/u_KLDJ_top/u_pipe_id_ex/update_target_q[13]_i_3/O
                         net (fo=1, routed)           0.441     2.135    student_top_inst/u_KLDJ_top/u_pipe_id_ex/update_target_q[13]_i_3_n_0
    SLICE_X73Y115                                                     r  student_top_inst/u_KLDJ_top/u_pipe_id_ex/update_target_q[13]_i_1/I2
    SLICE_X73Y115        LUT6 (Prop_lut6_I2_O)        0.043     2.178 r  student_top_inst/u_KLDJ_top/u_pipe_id_ex/update_target_q[13]_i_1/O
                         net (fo=3, routed)           0.327     2.505    student_top_inst/u_KLDJ_top/u_pipe_id_ex/id_ex_exu_op_reg[0]_0[13]
    SLICE_X71Y114                                                     r  student_top_inst/u_KLDJ_top/u_pipe_id_ex/id_ex_pred_taken_i_14/I1
    SLICE_X71Y114        LUT6 (Prop_lut6_I1_O)        0.043     2.548 r  student_top_inst/u_KLDJ_top/u_pipe_id_ex/id_ex_pred_taken_i_14/O
                         net (fo=1, routed)           0.000     2.548    student_top_inst/u_KLDJ_top/u_pipe_id_ex/id_ex_pred_taken_i_14_n_0
    SLICE_X71Y114                                                     r  student_top_inst/u_KLDJ_top/u_pipe_id_ex/id_ex_pred_taken_reg_i_6/S[0]
    SLICE_X71Y114        CARRY4 (Prop_carry4_S[0]_CO[3])
                                                      0.259     2.807 r  student_top_inst/u_KLDJ_top/u_pipe_id_ex/id_ex_pred_taken_reg_i_6/CO[3]
                         net (fo=1, routed)           0.000     2.807    student_top_inst/u_KLDJ_top/u_pipe_id_ex/id_ex_pred_taken_reg_i_6_n_0
    SLICE_X71Y115                                                     r  student_top_inst/u_KLDJ_top/u_pipe_id_ex/id_ex_pred_taken_reg_i_5/CI
    SLICE_X71Y115        CARRY4 (Prop_carry4_CI_CO[2])
                                                      0.110     2.917 f  student_top_inst/u_KLDJ_top/u_pipe_id_ex/id_ex_pred_taken_reg_i_5/CO[2]
                         net (fo=4, routed)           0.281     3.198    student_top_inst/u_KLDJ_top/u_pipe_id_ex/u_ex_bpu_ctrl/indirect_target_miss0
    SLICE_X72Y114                                                     f  student_top_inst/u_KLDJ_top/u_pipe_id_ex/id_ex_pred_taken_i_1_comp/I4
    SLICE_X72Y114        LUT6 (Prop_lut6_I4_O)        0.129     3.327 r  student_top_inst/u_KLDJ_top/u_pipe_id_ex/id_ex_pred_taken_i_1_comp/O
                         net (fo=12, routed)          0.482     3.810    student_top_inst/u_KLDJ_top/u_pipe_id_ex/id_ex_pred_taken_i_1_n_0
    SLICE_X70Y114        FDRE                                         r  student_top_inst/u_KLDJ_top/u_pipe_id_ex/id_ex_wb_ctl_reg/R
  -------------------------------------------------------------------    -------------------

                         (clock clk_out2_pll rise edge)
                                                      5.714     5.714 r  
    AD12                                              0.000     5.714 r  i_sys_clk_p (IN)
                         net (fo=0)                   0.000     5.714    pll_inst/inst/clk_in1_p
    AD12                                                              r  pll_inst/inst/clkin1_ibufgds/I
    AD12                 IBUFDS (Prop_ibufds_I_O)     0.803     6.518 r  pll_inst/inst/clkin1_ibufgds/O
                         net (fo=1, routed)           1.001     7.519    pll_inst/inst/clk_in1_pll
    PLLE2_ADV_X1Y1                                                    r  pll_inst/inst/plle2_adv_inst/CLKIN1
    PLLE2_ADV_X1Y1       PLLE2_ADV (Prop_plle2_adv_CLKIN1_CLKOUT1)
                                                     -7.261     0.258 r  pll_inst/inst/plle2_adv_inst/CLKOUT1
                         net (fo=1, routed)           2.003     2.261    pll_inst/inst/clk_out2_pll
    BUFGCTRL_X0Y0                                                     r  pll_inst/inst/clkout2_buf/I
    BUFGCTRL_X0Y0        BUFG (Prop_bufg_I_O)         0.083     2.344 r  pll_inst/inst/clkout2_buf/O
                         net (fo=5999, routed)        1.254     3.598    student_top_inst/u_KLDJ_top/u_pipe_id_ex/clk_out2
    SLICE_X70Y114        FDRE                                         r  student_top_inst/u_KLDJ_top/u_pipe_id_ex/id_ex_wb_ctl_reg/C
                         clock pessimism             -0.448     3.150    
                         clock uncertainty           -0.077     3.073    
    SLICE_X70Y114        FDRE (Setup_fdre_C_R)       -0.281     2.792    student_top_inst/u_KLDJ_top/u_pipe_id_ex/id_ex_wb_ctl_reg
  -------------------------------------------------------------------
                         required time                          2.792    
                         arrival time                          -3.810    
  -------------------------------------------------------------------
                         slack                                 -1.018    

Slack (VIOLATED) :        -0.994ns  (required time - arrival time)
  Source:                 student_top_inst/u_KLDJ_top/u_pipe_id_ex/id_ex_rs1_addr_reg[0]/C
                            (rising edge-triggered cell FDRE clocked by clk_out2_pll  {rise@0.000ns fall@2.857ns period=5.714ns})
  Destination:            student_top_inst/u_KLDJ_top/ifu0/pc_reg_reg[7]/D
                            (rising edge-triggered cell FDRE clocked by clk_out2_pll  {rise@0.000ns fall@2.857ns period=5.714ns})
  Path Group:             clk_out2_pll
  Path Type:              Setup (Max at Slow Process Corner)
  Requirement:            5.714ns  (clk_out2_pll rise@5.714ns - clk_out2_pll rise@0.000ns)
  Data Path Delay:        6.436ns  (logic 1.654ns (25.701%)  route 4.782ns (74.299%))
  Logic Levels:           16  (CARRY4=5 LUT4=1 LUT5=4 LUT6=5 MUXF7=1)
  Clock Path Skew:        -0.128ns (DCD - SCD + CPR)
    Destination Clock Delay (DCD):    -2.115ns = ( 3.600 - 5.714 ) 
    Source Clock Delay      (SCD):    -2.434ns
    Clock Pessimism Removal (CPR):    -0.448ns
  Clock Uncertainty:      0.077ns  ((TSJ^2 + DJ^2)^1/2) / 2 + PE
    Total System Jitter     (TSJ):    0.071ns
    Discrete Jitter          (DJ):    0.137ns
    Phase Error              (PE):    0.000ns

    Location             Delay type                Incr(ns)  Path(ns)    Netlist Resource(s)
  -------------------------------------------------------------------    -------------------
                         (clock clk_out2_pll rise edge)
                                                      0.000     0.000 r  
    AD12                                              0.000     0.000 r  i_sys_clk_p (IN)
                         net (fo=0)                   0.000     0.000    pll_inst/inst/clk_in1_p
    AD12                                                              r  pll_inst/inst/clkin1_ibufgds/I
    AD12                 IBUFDS (Prop_ibufds_I_O)     0.906     0.906 r  pll_inst/inst/clkin1_ibufgds/O
                         net (fo=1, routed)           1.098     2.004    pll_inst/inst/clk_in1_pll
    PLLE2_ADV_X1Y1                                                    r  pll_inst/inst/plle2_adv_inst/CLKIN1
    PLLE2_ADV_X1Y1       PLLE2_ADV (Prop_plle2_adv_CLKIN1_CLKOUT1)
                                                     -8.058    -6.054 r  pll_inst/inst/plle2_adv_inst/CLKOUT1
                         net (fo=1, routed)           2.128    -3.926    pll_inst/inst/clk_out2_pll
    BUFGCTRL_X0Y0                                                     r  pll_inst/inst/clkout2_buf/I
    BUFGCTRL_X0Y0        BUFG (Prop_bufg_I_O)         0.093    -3.833 r  pll_inst/inst/clkout2_buf/O
                         net (fo=5999, routed)        1.399    -2.434    student_top_inst/u_KLDJ_top/u_pipe_id_ex/clk_out2
    SLICE_X83Y109        FDRE                                         r  student_top_inst/u_KLDJ_top/u_pipe_id_ex/id_ex_rs1_addr_reg[0]/C
  -------------------------------------------------------------------    -------------------
    SLICE_X83Y109        FDRE (Prop_fdre_C_Q)         0.223    -2.211 r  student_top_inst/u_KLDJ_top/u_pipe_id_ex/id_ex_rs1_addr_reg[0]/Q
                         net (fo=3, routed)           0.644    -1.567    student_top_inst/u_KLDJ_top/u_pipe_id_ex/id_ex_rs1_addr_reg[4]_0[0]
    SLICE_X82Y111                                                     r  student_top_inst/u_KLDJ_top/u_pipe_id_ex/rs1_q[31]_i_11/I0
    SLICE_X82Y111        LUT6 (Prop_lut6_I0_O)        0.043    -1.524 r  student_top_inst/u_KLDJ_top/u_pipe_id_ex/rs1_q[31]_i_11/O
                         net (fo=32, routed)          0.622    -0.902    student_top_inst/u_KLDJ_top/u_pipe_id_ex/rs1_q[31]_i_11_n_0
    SLICE_X87Y109                                                     r  student_top_inst/u_KLDJ_top/u_pipe_id_ex/rs1_q[8]_i_2/I3
    SLICE_X87Y109        LUT5 (Prop_lut5_I3_O)        0.043    -0.859 f  student_top_inst/u_KLDJ_top/u_pipe_id_ex/rs1_q[8]_i_2/O
                         net (fo=1, routed)           0.150    -0.709    student_top_inst/u_KLDJ_top/u_pipe_id_ex/rs1_q[8]_i_2_n_0
    SLICE_X87Y109                                                     f  student_top_inst/u_KLDJ_top/u_pipe_id_ex/rs1_q[8]_i_1/I2
    SLICE_X87Y109        LUT5 (Prop_lut5_I2_O)        0.043    -0.666 f  student_top_inst/u_KLDJ_top/u_pipe_id_ex/rs1_q[8]_i_1/O
                         net (fo=27, routed)          0.544    -0.122    student_top_inst/u_KLDJ_top/u_pipe_id_ex/ex_data1[8]
    SLICE_X87Y109                                                     f  student_top_inst/u_KLDJ_top/u_pipe_id_ex/signed_lt_carry__0_i_4/I3
    SLICE_X87Y109        LUT6 (Prop_lut6_I3_O)        0.043    -0.079 r  student_top_inst/u_KLDJ_top/u_pipe_id_ex/signed_lt_carry__0_i_4/O
                         net (fo=1, routed)           0.400     0.321    student_top_inst/u_KLDJ_top/exu2/u_KLDJ_alu/u_alu_add/signed_lt_carry__1_0[0]
    SLICE_X87Y113                                                     r  student_top_inst/u_KLDJ_top/exu2/u_KLDJ_alu/u_alu_add/signed_lt_carry__0/DI[0]
    SLICE_X87Y113        CARRY4 (Prop_carry4_DI[0]_CO[3])
                                                      0.269     0.590 r  student_top_inst/u_KLDJ_top/exu2/u_KLDJ_alu/u_alu_add/signed_lt_carry__0/CO[3]
                         net (fo=1, routed)           0.000     0.590    student_top_inst/u_KLDJ_top/exu2/u_KLDJ_alu/u_alu_add/signed_lt_carry__0_n_0
    SLICE_X87Y114                                                     r  student_top_inst/u_KLDJ_top/exu2/u_KLDJ_alu/u_alu_add/signed_lt_carry__1/CI
    SLICE_X87Y114        CARRY4 (Prop_carry4_CI_CO[3])
                                                      0.053     0.643 r  student_top_inst/u_KLDJ_top/exu2/u_KLDJ_alu/u_alu_add/signed_lt_carry__1/CO[3]
                         net (fo=1, routed)           0.000     0.643    student_top_inst/u_KLDJ_top/exu2/u_KLDJ_alu/u_alu_add/signed_lt_carry__1_n_0
    SLICE_X87Y115                                                     r  student_top_inst/u_KLDJ_top/exu2/u_KLDJ_alu/u_alu_add/signed_lt_carry__2/CI
    SLICE_X87Y115        CARRY4 (Prop_carry4_CI_CO[3])
                                                      0.053     0.696 r  student_top_inst/u_KLDJ_top/exu2/u_KLDJ_alu/u_alu_add/signed_lt_carry__2/CO[3]
                         net (fo=3, routed)           0.324     1.020    student_top_inst/u_KLDJ_top/u_pipe_id_ex/ex_mem_exu_res[0]_i_5_1[0]
    SLICE_X85Y115                                                     r  student_top_inst/u_KLDJ_top/u_pipe_id_ex/ghr[0]_i_8/I2
    SLICE_X85Y115        LUT5 (Prop_lut5_I2_O)        0.043     1.063 r  student_top_inst/u_KLDJ_top/u_pipe_id_ex/ghr[0]_i_8/O
                         net (fo=2, routed)           0.196     1.258    student_top_inst/u_KLDJ_top/u_pipe_id_ex/ghr[0]_i_8_n_0
    SLICE_X83Y115                                                     r  student_top_inst/u_KLDJ_top/u_pipe_id_ex/ghr[0]_i_4/I5
    SLICE_X83Y115        LUT6 (Prop_lut6_I5_O)        0.043     1.301 f  student_top_inst/u_KLDJ_top/u_pipe_id_ex/ghr[0]_i_4/O
                         net (fo=33, routed)          0.350     1.651    student_top_inst/u_KLDJ_top/u_pipe_id_ex/ghr[0]_i_4_n_0
    SLICE_X76Y115                                                     f  student_top_inst/u_KLDJ_top/u_pipe_id_ex/update_target_q[13]_i_3/I2
    SLICE_X76Y115        LUT4 (Prop_lut4_I2_O)        0.043     1.694 r  student_top_inst/u_KLDJ_top/u_pipe_id_ex/update_target_q[13]_i_3/O
                         net (fo=1, routed)           0.441     2.135    student_top_inst/u_KLDJ_top/u_pipe_id_ex/update_target_q[13]_i_3_n_0
    SLICE_X73Y115                                                     r  student_top_inst/u_KLDJ_top/u_pipe_id_ex/update_target_q[13]_i_1/I2
    SLICE_X73Y115        LUT6 (Prop_lut6_I2_O)        0.043     2.178 r  student_top_inst/u_KLDJ_top/u_pipe_id_ex/update_target_q[13]_i_1/O
                         net (fo=3, routed)           0.327     2.505    student_top_inst/u_KLDJ_top/u_pipe_id_ex/id_ex_exu_op_reg[0]_0[13]
    SLICE_X71Y114                                                     r  student_top_inst/u_KLDJ_top/u_pipe_id_ex/id_ex_pred_taken_i_14/I1
    SLICE_X71Y114        LUT6 (Prop_lut6_I1_O)        0.043     2.548 r  student_top_inst/u_KLDJ_top/u_pipe_id_ex/id_ex_pred_taken_i_14/O
                         net (fo=1, routed)           0.000     2.548    student_top_inst/u_KLDJ_top/u_pipe_id_ex/id_ex_pred_taken_i_14_n_0
    SLICE_X71Y114                                                     r  student_top_inst/u_KLDJ_top/u_pipe_id_ex/id_ex_pred_taken_reg_i_6/S[0]
    SLICE_X71Y114        CARRY4 (Prop_carry4_S[0]_CO[3])
                                                      0.259     2.807 r  student_top_inst/u_KLDJ_top/u_pipe_id_ex/id_ex_pred_taken_reg_i_6/CO[3]
                         net (fo=1, routed)           0.000     2.807    student_top_inst/u_KLDJ_top/u_pipe_id_ex/id_ex_pred_taken_reg_i_6_n_0
    SLICE_X71Y115                                                     r  student_top_inst/u_KLDJ_top/u_pipe_id_ex/id_ex_pred_taken_reg_i_5/CI
    SLICE_X71Y115        CARRY4 (Prop_carry4_CI_CO[2])
                                                      0.110     2.917 r  student_top_inst/u_KLDJ_top/u_pipe_id_ex/id_ex_pred_taken_reg_i_5/CO[2]
                         net (fo=4, routed)           0.214     3.132    student_top_inst/u_KLDJ_top/u_pipe_id_ex/u_ex_bpu_ctrl/indirect_target_miss0
    SLICE_X69Y115                                                     r  student_top_inst/u_KLDJ_top/u_pipe_id_ex/pc_reg[31]_i_5/I4
    SLICE_X69Y115        LUT5 (Prop_lut5_I4_O)        0.129     3.261 r  student_top_inst/u_KLDJ_top/u_pipe_id_ex/pc_reg[31]_i_5/O
                         net (fo=36, routed)          0.380     3.641    student_top_inst/u_KLDJ_top/u_pipe_id_ex/pc_reg[31]_i_5_n_0
    SLICE_X70Y111                                                     r  student_top_inst/u_KLDJ_top/u_pipe_id_ex/pc_reg_reg[7]_i_1/S
    SLICE_X70Y111        MUXF7 (Prop_muxf7_S_O)       0.171     3.812 r  student_top_inst/u_KLDJ_top/u_pipe_id_ex/pc_reg_reg[7]_i_1/O
                         net (fo=1, routed)           0.189     4.001    student_top_inst/u_KLDJ_top/ifu0/pc_reg_reg[31]_2[7]
    SLICE_X70Y110        FDRE                                         r  student_top_inst/u_KLDJ_top/ifu0/pc_reg_reg[7]/D
  -------------------------------------------------------------------    -------------------

                         (clock clk_out2_pll rise edge)
                                                      5.714     5.714 r  
    AD12                                              0.000     5.714 r  i_sys_clk_p (IN)
                         net (fo=0)                   0.000     5.714    pll_inst/inst/clk_in1_p
    AD12                                                              r  pll_inst/inst/clkin1_ibufgds/I
    AD12                 IBUFDS (Prop_ibufds_I_O)     0.803     6.518 r  pll_inst/inst/clkin1_ibufgds/O
                         net (fo=1, routed)           1.001     7.519    pll_inst/inst/clk_in1_pll
    PLLE2_ADV_X1Y1                                                    r  pll_inst/inst/plle2_adv_inst/CLKIN1
    PLLE2_ADV_X1Y1       PLLE2_ADV (Prop_plle2_adv_CLKIN1_CLKOUT1)
                                                     -7.261     0.258 r  pll_inst/inst/plle2_adv_inst/CLKOUT1
                         net (fo=1, routed)           2.003     2.261    pll_inst/inst/clk_out2_pll
    BUFGCTRL_X0Y0                                                     r  pll_inst/inst/clkout2_buf/I
    BUFGCTRL_X0Y0        BUFG (Prop_bufg_I_O)         0.083     2.344 r  pll_inst/inst/clkout2_buf/O
                         net (fo=5999, routed)        1.256     3.600    student_top_inst/u_KLDJ_top/ifu0/clk_out2
    SLICE_X70Y110        FDRE                                         r  student_top_inst/u_KLDJ_top/ifu0/pc_reg_reg[7]/C
                         clock pessimism             -0.448     3.152    
                         clock uncertainty           -0.077     3.075    
    SLICE_X70Y110        FDRE (Setup_fdre_C_D)       -0.068     3.007    student_top_inst/u_KLDJ_top/ifu0/pc_reg_reg[7]
  -------------------------------------------------------------------
                         required time                          3.007    
                         arrival time                          -4.001    
  -------------------------------------------------------------------
                         slack                                 -0.994    

Slack (VIOLATED) :        -0.956ns  (required time - arrival time)
  Source:                 student_top_inst/u_KLDJ_top/u_pipe_id_ex/id_ex_rs1_addr_reg[0]/C
                            (rising edge-triggered cell FDRE clocked by clk_out2_pll  {rise@0.000ns fall@2.857ns period=5.714ns})
  Destination:            student_top_inst/u_KLDJ_top/u_pipe_id_ex/id_ex_rs1_ren_reg/R
                            (rising edge-triggered cell FDRE clocked by clk_out2_pll  {rise@0.000ns fall@2.857ns period=5.714ns})
  Path Group:             clk_out2_pll
  Path Type:              Setup (Max at Slow Process Corner)
  Requirement:            5.714ns  (clk_out2_pll rise@5.714ns - clk_out2_pll rise@0.000ns)
  Data Path Delay:        6.262ns  (logic 1.483ns (23.682%)  route 4.779ns (76.318%))
  Logic Levels:           15  (CARRY4=5 LUT4=1 LUT5=3 LUT6=6)
  Clock Path Skew:        -0.027ns (DCD - SCD + CPR)
    Destination Clock Delay (DCD):    -2.107ns = ( 3.608 - 5.714 ) 
    Source Clock Delay      (SCD):    -2.434ns
    Clock Pessimism Removal (CPR):    -0.355ns
  Clock Uncertainty:      0.077ns  ((TSJ^2 + DJ^2)^1/2) / 2 + PE
    Total System Jitter     (TSJ):    0.071ns
    Discrete Jitter          (DJ):    0.137ns
    Phase Error              (PE):    0.000ns

    Location             Delay type                Incr(ns)  Path(ns)    Netlist Resource(s)
  -------------------------------------------------------------------    -------------------
                         (clock clk_out2_pll rise edge)
                                                      0.000     0.000 r  
    AD12                                              0.000     0.000 r  i_sys_clk_p (IN)
                         net (fo=0)                   0.000     0.000    pll_inst/inst/clk_in1_p
    AD12                                                              r  pll_inst/inst/clkin1_ibufgds/I
    AD12                 IBUFDS (Prop_ibufds_I_O)     0.906     0.906 r  pll_inst/inst/clkin1_ibufgds/O
                         net (fo=1, routed)           1.098     2.004    pll_inst/inst/clk_in1_pll
    PLLE2_ADV_X1Y1                                                    r  pll_inst/inst/plle2_adv_inst/CLKIN1
    PLLE2_ADV_X1Y1       PLLE2_ADV (Prop_plle2_adv_CLKIN1_CLKOUT1)
                                                     -8.058    -6.054 r  pll_inst/inst/plle2_adv_inst/CLKOUT1
                         net (fo=1, routed)           2.128    -3.926    pll_inst/inst/clk_out2_pll
    BUFGCTRL_X0Y0                                                     r  pll_inst/inst/clkout2_buf/I
    BUFGCTRL_X0Y0        BUFG (Prop_bufg_I_O)         0.093    -3.833 r  pll_inst/inst/clkout2_buf/O
                         net (fo=5999, routed)        1.399    -2.434    student_top_inst/u_KLDJ_top/u_pipe_id_ex/clk_out2
    SLICE_X83Y109        FDRE                                         r  student_top_inst/u_KLDJ_top/u_pipe_id_ex/id_ex_rs1_addr_reg[0]/C
  -------------------------------------------------------------------    -------------------
    SLICE_X83Y109        FDRE (Prop_fdre_C_Q)         0.223    -2.211 r  student_top_inst/u_KLDJ_top/u_pipe_id_ex/id_ex_rs1_addr_reg[0]/Q
                         net (fo=3, routed)           0.644    -1.567    student_top_inst/u_KLDJ_top/u_pipe_id_ex/id_ex_rs1_addr_reg[4]_0[0]
    SLICE_X82Y111                                                     r  student_top_inst/u_KLDJ_top/u_pipe_id_ex/rs1_q[31]_i_11/I0
    SLICE_X82Y111        LUT6 (Prop_lut6_I0_O)        0.043    -1.524 r  student_top_inst/u_KLDJ_top/u_pipe_id_ex/rs1_q[31]_i_11/O
                         net (fo=32, routed)          0.622    -0.902    student_top_inst/u_KLDJ_top/u_pipe_id_ex/rs1_q[31]_i_11_n_0
    SLICE_X87Y109                                                     r  student_top_inst/u_KLDJ_top/u_pipe_id_ex/rs1_q[8]_i_2/I3
    SLICE_X87Y109        LUT5 (Prop_lut5_I3_O)        0.043    -0.859 f  student_top_inst/u_KLDJ_top/u_pipe_id_ex/rs1_q[8]_i_2/O
                         net (fo=1, routed)           0.150    -0.709    student_top_inst/u_KLDJ_top/u_pipe_id_ex/rs1_q[8]_i_2_n_0
    SLICE_X87Y109                                                     f  student_top_inst/u_KLDJ_top/u_pipe_id_ex/rs1_q[8]_i_1/I2
    SLICE_X87Y109        LUT5 (Prop_lut5_I2_O)        0.043    -0.666 f  student_top_inst/u_KLDJ_top/u_pipe_id_ex/rs1_q[8]_i_1/O
                         net (fo=27, routed)          0.544    -0.122    student_top_inst/u_KLDJ_top/u_pipe_id_ex/ex_data1[8]
    SLICE_X87Y109                                                     f  student_top_inst/u_KLDJ_top/u_pipe_id_ex/signed_lt_carry__0_i_4/I3
    SLICE_X87Y109        LUT6 (Prop_lut6_I3_O)        0.043    -0.079 r  student_top_inst/u_KLDJ_top/u_pipe_id_ex/signed_lt_carry__0_i_4/O
                         net (fo=1, routed)           0.400     0.321    student_top_inst/u_KLDJ_top/exu2/u_KLDJ_alu/u_alu_add/signed_lt_carry__1_0[0]
    SLICE_X87Y113                                                     r  student_top_inst/u_KLDJ_top/exu2/u_KLDJ_alu/u_alu_add/signed_lt_carry__0/DI[0]
    SLICE_X87Y113        CARRY4 (Prop_carry4_DI[0]_CO[3])
                                                      0.269     0.590 r  student_top_inst/u_KLDJ_top/exu2/u_KLDJ_alu/u_alu_add/signed_lt_carry__0/CO[3]
                         net (fo=1, routed)           0.000     0.590    student_top_inst/u_KLDJ_top/exu2/u_KLDJ_alu/u_alu_add/signed_lt_carry__0_n_0
    SLICE_X87Y114                                                     r  student_top_inst/u_KLDJ_top/exu2/u_KLDJ_alu/u_alu_add/signed_lt_carry__1/CI
    SLICE_X87Y114        CARRY4 (Prop_carry4_CI_CO[3])
                                                      0.053     0.643 r  student_top_inst/u_KLDJ_top/exu2/u_KLDJ_alu/u_alu_add/signed_lt_carry__1/CO[3]
                         net (fo=1, routed)           0.000     0.643    student_top_inst/u_KLDJ_top/exu2/u_KLDJ_alu/u_alu_add/signed_lt_carry__1_n_0
    SLICE_X87Y115                                                     r  student_top_inst/u_KLDJ_top/exu2/u_KLDJ_alu/u_alu_add/signed_lt_carry__2/CI
    SLICE_X87Y115        CARRY4 (Prop_carry4_CI_CO[3])
                                                      0.053     0.696 r  student_top_inst/u_KLDJ_top/exu2/u_KLDJ_alu/u_alu_add/signed_lt_carry__2/CO[3]
                         net (fo=3, routed)           0.324     1.020    student_top_inst/u_KLDJ_top/u_pipe_id_ex/ex_mem_exu_res[0]_i_5_1[0]
    SLICE_X85Y115                                                     r  student_top_inst/u_KLDJ_top/u_pipe_id_ex/ghr[0]_i_8/I2
    SLICE_X85Y115        LUT5 (Prop_lut5_I2_O)        0.043     1.063 r  student_top_inst/u_KLDJ_top/u_pipe_id_ex/ghr[0]_i_8/O
                         net (fo=2, routed)           0.196     1.258    student_top_inst/u_KLDJ_top/u_pipe_id_ex/ghr[0]_i_8_n_0
    SLICE_X83Y115                                                     r  student_top_inst/u_KLDJ_top/u_pipe_id_ex/ghr[0]_i_4/I5
    SLICE_X83Y115        LUT6 (Prop_lut6_I5_O)        0.043     1.301 f  student_top_inst/u_KLDJ_top/u_pipe_id_ex/ghr[0]_i_4/O
                         net (fo=33, routed)          0.350     1.651    student_top_inst/u_KLDJ_top/u_pipe_id_ex/ghr[0]_i_4_n_0
    SLICE_X76Y115                                                     f  student_top_inst/u_KLDJ_top/u_pipe_id_ex/update_target_q[13]_i_3/I2
    SLICE_X76Y115        LUT4 (Prop_lut4_I2_O)        0.043     1.694 r  student_top_inst/u_KLDJ_top/u_pipe_id_ex/update_target_q[13]_i_3/O
                         net (fo=1, routed)           0.441     2.135    student_top_inst/u_KLDJ_top/u_pipe_id_ex/update_target_q[13]_i_3_n_0
    SLICE_X73Y115                                                     r  student_top_inst/u_KLDJ_top/u_pipe_id_ex/update_target_q[13]_i_1/I2
    SLICE_X73Y115        LUT6 (Prop_lut6_I2_O)        0.043     2.178 r  student_top_inst/u_KLDJ_top/u_pipe_id_ex/update_target_q[13]_i_1/O
                         net (fo=3, routed)           0.327     2.505    student_top_inst/u_KLDJ_top/u_pipe_id_ex/id_ex_exu_op_reg[0]_0[13]
    SLICE_X71Y114                                                     r  student_top_inst/u_KLDJ_top/u_pipe_id_ex/id_ex_pred_taken_i_14/I1
    SLICE_X71Y114        LUT6 (Prop_lut6_I1_O)        0.043     2.548 r  student_top_inst/u_KLDJ_top/u_pipe_id_ex/id_ex_pred_taken_i_14/O
                         net (fo=1, routed)           0.000     2.548    student_top_inst/u_KLDJ_top/u_pipe_id_ex/id_ex_pred_taken_i_14_n_0
    SLICE_X71Y114                                                     r  student_top_inst/u_KLDJ_top/u_pipe_id_ex/id_ex_pred_taken_reg_i_6/S[0]
    SLICE_X71Y114        CARRY4 (Prop_carry4_S[0]_CO[3])
                                                      0.259     2.807 r  student_top_inst/u_KLDJ_top/u_pipe_id_ex/id_ex_pred_taken_reg_i_6/CO[3]
                         net (fo=1, routed)           0.000     2.807    student_top_inst/u_KLDJ_top/u_pipe_id_ex/id_ex_pred_taken_reg_i_6_n_0
    SLICE_X71Y115                                                     r  student_top_inst/u_KLDJ_top/u_pipe_id_ex/id_ex_pred_taken_reg_i_5/CI
    SLICE_X71Y115        CARRY4 (Prop_carry4_CI_CO[2])
                                                      0.110     2.917 f  student_top_inst/u_KLDJ_top/u_pipe_id_ex/id_ex_pred_taken_reg_i_5/CO[2]
                         net (fo=4, routed)           0.281     3.198    student_top_inst/u_KLDJ_top/u_pipe_id_ex/u_ex_bpu_ctrl/indirect_target_miss0
    SLICE_X72Y114                                                     f  student_top_inst/u_KLDJ_top/u_pipe_id_ex/id_ex_pred_taken_i_1_comp/I4
    SLICE_X72Y114        LUT6 (Prop_lut6_I4_O)        0.129     3.327 r  student_top_inst/u_KLDJ_top/u_pipe_id_ex/id_ex_pred_taken_i_1_comp/O
                         net (fo=12, routed)          0.500     3.828    student_top_inst/u_KLDJ_top/u_pipe_id_ex/id_ex_pred_taken_i_1_n_0
    SLICE_X80Y112        FDRE                                         r  student_top_inst/u_KLDJ_top/u_pipe_id_ex/id_ex_rs1_ren_reg/R
  -------------------------------------------------------------------    -------------------

                         (clock clk_out2_pll rise edge)
                                                      5.714     5.714 r  
    AD12                                              0.000     5.714 r  i_sys_clk_p (IN)
                         net (fo=0)                   0.000     5.714    pll_inst/inst/clk_in1_p
    AD12                                                              r  pll_inst/inst/clkin1_ibufgds/I
    AD12                 IBUFDS (Prop_ibufds_I_O)     0.803     6.518 r  pll_inst/inst/clkin1_ibufgds/O
                         net (fo=1, routed)           1.001     7.519    pll_inst/inst/clk_in1_pll
    PLLE2_ADV_X1Y1                                                    r  pll_inst/inst/plle2_adv_inst/CLKIN1
    PLLE2_ADV_X1Y1       PLLE2_ADV (Prop_plle2_adv_CLKIN1_CLKOUT1)
                                                     -7.261     0.258 r  pll_inst/inst/plle2_adv_inst/CLKOUT1
                         net (fo=1, routed)           2.003     2.261    pll_inst/inst/clk_out2_pll
    BUFGCTRL_X0Y0                                                     r  pll_inst/inst/clkout2_buf/I
    BUFGCTRL_X0Y0        BUFG (Prop_bufg_I_O)         0.083     2.344 r  pll_inst/inst/clkout2_buf/O
                         net (fo=5999, routed)        1.264     3.608    student_top_inst/u_KLDJ_top/u_pipe_id_ex/clk_out2
    SLICE_X80Y112        FDRE                                         r  student_top_inst/u_KLDJ_top/u_pipe_id_ex/id_ex_rs1_ren_reg/C
                         clock pessimism             -0.355     3.253    
                         clock uncertainty           -0.077     3.176    
    SLICE_X80Y112        FDRE (Setup_fdre_C_R)       -0.304     2.872    student_top_inst/u_KLDJ_top/u_pipe_id_ex/id_ex_rs1_ren_reg
  -------------------------------------------------------------------
                         required time                          2.872    
                         arrival time                          -3.828    
  -------------------------------------------------------------------
                         slack                                 -0.956    

Slack (VIOLATED) :        -0.956ns  (required time - arrival time)
  Source:                 student_top_inst/u_KLDJ_top/u_pipe_id_ex/id_ex_rs1_addr_reg[0]/C
                            (rising edge-triggered cell FDRE clocked by clk_out2_pll  {rise@0.000ns fall@2.857ns period=5.714ns})
  Destination:            student_top_inst/u_KLDJ_top/u_pipe_id_ex/id_ex_rs2_ren_reg/R
                            (rising edge-triggered cell FDRE clocked by clk_out2_pll  {rise@0.000ns fall@2.857ns period=5.714ns})
  Path Group:             clk_out2_pll
  Path Type:              Setup (Max at Slow Process Corner)
  Requirement:            5.714ns  (clk_out2_pll rise@5.714ns - clk_out2_pll rise@0.000ns)
  Data Path Delay:        6.262ns  (logic 1.483ns (23.682%)  route 4.779ns (76.318%))
  Logic Levels:           15  (CARRY4=5 LUT4=1 LUT5=3 LUT6=6)
  Clock Path Skew:        -0.027ns (DCD - SCD + CPR)
    Destination Clock Delay (DCD):    -2.107ns = ( 3.608 - 5.714 ) 
    Source Clock Delay      (SCD):    -2.434ns
    Clock Pessimism Removal (CPR):    -0.355ns
  Clock Uncertainty:      0.077ns  ((TSJ^2 + DJ^2)^1/2) / 2 + PE
    Total System Jitter     (TSJ):    0.071ns
    Discrete Jitter          (DJ):    0.137ns
    Phase Error              (PE):    0.000ns

    Location             Delay type                Incr(ns)  Path(ns)    Netlist Resource(s)
  -------------------------------------------------------------------    -------------------
                         (clock clk_out2_pll rise edge)
                                                      0.000     0.000 r  
    AD12                                              0.000     0.000 r  i_sys_clk_p (IN)
                         net (fo=0)                   0.000     0.000    pll_inst/inst/clk_in1_p
    AD12                                                              r  pll_inst/inst/clkin1_ibufgds/I
    AD12                 IBUFDS (Prop_ibufds_I_O)     0.906     0.906 r  pll_inst/inst/clkin1_ibufgds/O
                         net (fo=1, routed)           1.098     2.004    pll_inst/inst/clk_in1_pll
    PLLE2_ADV_X1Y1                                                    r  pll_inst/inst/plle2_adv_inst/CLKIN1
    PLLE2_ADV_X1Y1       PLLE2_ADV (Prop_plle2_adv_CLKIN1_CLKOUT1)
                                                     -8.058    -6.054 r  pll_inst/inst/plle2_adv_inst/CLKOUT1
                         net (fo=1, routed)           2.128    -3.926    pll_inst/inst/clk_out2_pll
    BUFGCTRL_X0Y0                                                     r  pll_inst/inst/clkout2_buf/I
    BUFGCTRL_X0Y0        BUFG (Prop_bufg_I_O)         0.093    -3.833 r  pll_inst/inst/clkout2_buf/O
                         net (fo=5999, routed)        1.399    -2.434    student_top_inst/u_KLDJ_top/u_pipe_id_ex/clk_out2
    SLICE_X83Y109        FDRE                                         r  student_top_inst/u_KLDJ_top/u_pipe_id_ex/id_ex_rs1_addr_reg[0]/C
  -------------------------------------------------------------------    -------------------
    SLICE_X83Y109        FDRE (Prop_fdre_C_Q)         0.223    -2.211 r  student_top_inst/u_KLDJ_top/u_pipe_id_ex/id_ex_rs1_addr_reg[0]/Q
                         net (fo=3, routed)           0.644    -1.567    student_top_inst/u_KLDJ_top/u_pipe_id_ex/id_ex_rs1_addr_reg[4]_0[0]
    SLICE_X82Y111                                                     r  student_top_inst/u_KLDJ_top/u_pipe_id_ex/rs1_q[31]_i_11/I0
    SLICE_X82Y111        LUT6 (Prop_lut6_I0_O)        0.043    -1.524 r  student_top_inst/u_KLDJ_top/u_pipe_id_ex/rs1_q[31]_i_11/O
                         net (fo=32, routed)          0.622    -0.902    student_top_inst/u_KLDJ_top/u_pipe_id_ex/rs1_q[31]_i_11_n_0
    SLICE_X87Y109                                                     r  student_top_inst/u_KLDJ_top/u_pipe_id_ex/rs1_q[8]_i_2/I3
    SLICE_X87Y109        LUT5 (Prop_lut5_I3_O)        0.043    -0.859 f  student_top_inst/u_KLDJ_top/u_pipe_id_ex/rs1_q[8]_i_2/O
                         net (fo=1, routed)           0.150    -0.709    student_top_inst/u_KLDJ_top/u_pipe_id_ex/rs1_q[8]_i_2_n_0
    SLICE_X87Y109                                                     f  student_top_inst/u_KLDJ_top/u_pipe_id_ex/rs1_q[8]_i_1/I2
    SLICE_X87Y109        LUT5 (Prop_lut5_I2_O)        0.043    -0.666 f  student_top_inst/u_KLDJ_top/u_pipe_id_ex/rs1_q[8]_i_1/O
                         net (fo=27, routed)          0.544    -0.122    student_top_inst/u_KLDJ_top/u_pipe_id_ex/ex_data1[8]
    SLICE_X87Y109                                                     f  student_top_inst/u_KLDJ_top/u_pipe_id_ex/signed_lt_carry__0_i_4/I3
    SLICE_X87Y109        LUT6 (Prop_lut6_I3_O)        0.043    -0.079 r  student_top_inst/u_KLDJ_top/u_pipe_id_ex/signed_lt_carry__0_i_4/O
                         net (fo=1, routed)           0.400     0.321    student_top_inst/u_KLDJ_top/exu2/u_KLDJ_alu/u_alu_add/signed_lt_carry__1_0[0]
    SLICE_X87Y113                                                     r  student_top_inst/u_KLDJ_top/exu2/u_KLDJ_alu/u_alu_add/signed_lt_carry__0/DI[0]
    SLICE_X87Y113        CARRY4 (Prop_carry4_DI[0]_CO[3])
                                                      0.269     0.590 r  student_top_inst/u_KLDJ_top/exu2/u_KLDJ_alu/u_alu_add/signed_lt_carry__0/CO[3]
                         net (fo=1, routed)           0.000     0.590    student_top_inst/u_KLDJ_top/exu2/u_KLDJ_alu/u_alu_add/signed_lt_carry__0_n_0
    SLICE_X87Y114                                                     r  student_top_inst/u_KLDJ_top/exu2/u_KLDJ_alu/u_alu_add/signed_lt_carry__1/CI
    SLICE_X87Y114        CARRY4 (Prop_carry4_CI_CO[3])
                                                      0.053     0.643 r  student_top_inst/u_KLDJ_top/exu2/u_KLDJ_alu/u_alu_add/signed_lt_carry__1/CO[3]
                         net (fo=1, routed)           0.000     0.643    student_top_inst/u_KLDJ_top/exu2/u_KLDJ_alu/u_alu_add/signed_lt_carry__1_n_0
    SLICE_X87Y115                                                     r  student_top_inst/u_KLDJ_top/exu2/u_KLDJ_alu/u_alu_add/signed_lt_carry__2/CI
    SLICE_X87Y115        CARRY4 (Prop_carry4_CI_CO[3])
                                                      0.053     0.696 r  student_top_inst/u_KLDJ_top/exu2/u_KLDJ_alu/u_alu_add/signed_lt_carry__2/CO[3]
                         net (fo=3, routed)           0.324     1.020    student_top_inst/u_KLDJ_top/u_pipe_id_ex/ex_mem_exu_res[0]_i_5_1[0]
    SLICE_X85Y115                                                     r  student_top_inst/u_KLDJ_top/u_pipe_id_ex/ghr[0]_i_8/I2
    SLICE_X85Y115        LUT5 (Prop_lut5_I2_O)        0.043     1.063 r  student_top_inst/u_KLDJ_top/u_pipe_id_ex/ghr[0]_i_8/O
                         net (fo=2, routed)           0.196     1.258    student_top_inst/u_KLDJ_top/u_pipe_id_ex/ghr[0]_i_8_n_0
    SLICE_X83Y115                                                     r  student_top_inst/u_KLDJ_top/u_pipe_id_ex/ghr[0]_i_4/I5
    SLICE_X83Y115        LUT6 (Prop_lut6_I5_O)        0.043     1.301 f  student_top_inst/u_KLDJ_top/u_pipe_id_ex/ghr[0]_i_4/O
                         net (fo=33, routed)          0.350     1.651    student_top_inst/u_KLDJ_top/u_pipe_id_ex/ghr[0]_i_4_n_0
    SLICE_X76Y115                                                     f  student_top_inst/u_KLDJ_top/u_pipe_id_ex/update_target_q[13]_i_3/I2
    SLICE_X76Y115        LUT4 (Prop_lut4_I2_O)        0.043     1.694 r  student_top_inst/u_KLDJ_top/u_pipe_id_ex/update_target_q[13]_i_3/O
                         net (fo=1, routed)           0.441     2.135    student_top_inst/u_KLDJ_top/u_pipe_id_ex/update_target_q[13]_i_3_n_0
    SLICE_X73Y115                                                     r  student_top_inst/u_KLDJ_top/u_pipe_id_ex/update_target_q[13]_i_1/I2
    SLICE_X73Y115        LUT6 (Prop_lut6_I2_O)        0.043     2.178 r  student_top_inst/u_KLDJ_top/u_pipe_id_ex/update_target_q[13]_i_1/O
                         net (fo=3, routed)           0.327     2.505    student_top_inst/u_KLDJ_top/u_pipe_id_ex/id_ex_exu_op_reg[0]_0[13]
    SLICE_X71Y114                                                     r  student_top_inst/u_KLDJ_top/u_pipe_id_ex/id_ex_pred_taken_i_14/I1
    SLICE_X71Y114        LUT6 (Prop_lut6_I1_O)        0.043     2.548 r  student_top_inst/u_KLDJ_top/u_pipe_id_ex/id_ex_pred_taken_i_14/O
                         net (fo=1, routed)           0.000     2.548    student_top_inst/u_KLDJ_top/u_pipe_id_ex/id_ex_pred_taken_i_14_n_0
    SLICE_X71Y114                                                     r  student_top_inst/u_KLDJ_top/u_pipe_id_ex/id_ex_pred_taken_reg_i_6/S[0]
    SLICE_X71Y114        CARRY4 (Prop_carry4_S[0]_CO[3])
                                                      0.259     2.807 r  student_top_inst/u_KLDJ_top/u_pipe_id_ex/id_ex_pred_taken_reg_i_6/CO[3]
                         net (fo=1, routed)           0.000     2.807    student_top_inst/u_KLDJ_top/u_pipe_id_ex/id_ex_pred_taken_reg_i_6_n_0
    SLICE_X71Y115                                                     r  student_top_inst/u_KLDJ_top/u_pipe_id_ex/id_ex_pred_taken_reg_i_5/CI
    SLICE_X71Y115        CARRY4 (Prop_carry4_CI_CO[2])
                                                      0.110     2.917 f  student_top_inst/u_KLDJ_top/u_pipe_id_ex/id_ex_pred_taken_reg_i_5/CO[2]
                         net (fo=4, routed)           0.281     3.198    student_top_inst/u_KLDJ_top/u_pipe_id_ex/u_ex_bpu_ctrl/indirect_target_miss0
    SLICE_X72Y114                                                     f  student_top_inst/u_KLDJ_top/u_pipe_id_ex/id_ex_pred_taken_i_1_comp/I4
    SLICE_X72Y114        LUT6 (Prop_lut6_I4_O)        0.129     3.327 r  student_top_inst/u_KLDJ_top/u_pipe_id_ex/id_ex_pred_taken_i_1_comp/O
                         net (fo=12, routed)          0.500     3.828    student_top_inst/u_KLDJ_top/u_pipe_id_ex/id_ex_pred_taken_i_1_n_0
    SLICE_X80Y112        FDRE                                         r  student_top_inst/u_KLDJ_top/u_pipe_id_ex/id_ex_rs2_ren_reg/R
  -------------------------------------------------------------------    -------------------

                         (clock clk_out2_pll rise edge)
                                                      5.714     5.714 r  
    AD12                                              0.000     5.714 r  i_sys_clk_p (IN)
                         net (fo=0)                   0.000     5.714    pll_inst/inst/clk_in1_p
    AD12                                                              r  pll_inst/inst/clkin1_ibufgds/I
    AD12                 IBUFDS (Prop_ibufds_I_O)     0.803     6.518 r  pll_inst/inst/clkin1_ibufgds/O
                         net (fo=1, routed)           1.001     7.519    pll_inst/inst/clk_in1_pll
    PLLE2_ADV_X1Y1                                                    r  pll_inst/inst/plle2_adv_inst/CLKIN1
    PLLE2_ADV_X1Y1       PLLE2_ADV (Prop_plle2_adv_CLKIN1_CLKOUT1)
                                                     -7.261     0.258 r  pll_inst/inst/plle2_adv_inst/CLKOUT1
                         net (fo=1, routed)           2.003     2.261    pll_inst/inst/clk_out2_pll
    BUFGCTRL_X0Y0                                                     r  pll_inst/inst/clkout2_buf/I
    BUFGCTRL_X0Y0        BUFG (Prop_bufg_I_O)         0.083     2.344 r  pll_inst/inst/clkout2_buf/O
                         net (fo=5999, routed)        1.264     3.608    student_top_inst/u_KLDJ_top/u_pipe_id_ex/clk_out2
    SLICE_X80Y112        FDRE                                         r  student_top_inst/u_KLDJ_top/u_pipe_id_ex/id_ex_rs2_ren_reg/C
                         clock pessimism             -0.355     3.253    
                         clock uncertainty           -0.077     3.176    
    SLICE_X80Y112        FDRE (Setup_fdre_C_R)       -0.304     2.872    student_top_inst/u_KLDJ_top/u_pipe_id_ex/id_ex_rs2_ren_reg
  -------------------------------------------------------------------
                         required time                          2.872    
                         arrival time                          -3.828    
  -------------------------------------------------------------------
                         slack                                 -0.956    

Slack (VIOLATED) :        -0.926ns  (required time - arrival time)
  Source:                 student_top_inst/u_KLDJ_top/u_pipe_id_ex/id_ex_rs1_addr_reg[0]/C
                            (rising edge-triggered cell FDRE clocked by clk_out2_pll  {rise@0.000ns fall@2.857ns period=5.714ns})
  Destination:            student_top_inst/u_KLDJ_top/ifu0/pc_reg_reg[10]/CE
                            (rising edge-triggered cell FDRE clocked by clk_out2_pll  {rise@0.000ns fall@2.857ns period=5.714ns})
  Path Group:             clk_out2_pll
  Path Type:              Setup (Max at Slow Process Corner)
  Requirement:            5.714ns  (clk_out2_pll rise@5.714ns - clk_out2_pll rise@0.000ns)
  Data Path Delay:        6.257ns  (logic 1.483ns (23.702%)  route 4.774ns (76.298%))
  Logic Levels:           15  (CARRY4=5 LUT4=1 LUT5=3 LUT6=6)
  Clock Path Skew:        -0.129ns (DCD - SCD + CPR)
    Destination Clock Delay (DCD):    -2.116ns = ( 3.599 - 5.714 ) 
    Source Clock Delay      (SCD):    -2.434ns
    Clock Pessimism Removal (CPR):    -0.448ns
  Clock Uncertainty:      0.077ns  ((TSJ^2 + DJ^2)^1/2) / 2 + PE
    Total System Jitter     (TSJ):    0.071ns
    Discrete Jitter          (DJ):    0.137ns
    Phase Error              (PE):    0.000ns

    Location             Delay type                Incr(ns)  Path(ns)    Netlist Resource(s)
  -------------------------------------------------------------------    -------------------
                         (clock clk_out2_pll rise edge)
                                                      0.000     0.000 r  
    AD12                                              0.000     0.000 r  i_sys_clk_p (IN)
                         net (fo=0)                   0.000     0.000    pll_inst/inst/clk_in1_p
    AD12                                                              r  pll_inst/inst/clkin1_ibufgds/I
    AD12                 IBUFDS (Prop_ibufds_I_O)     0.906     0.906 r  pll_inst/inst/clkin1_ibufgds/O
                         net (fo=1, routed)           1.098     2.004    pll_inst/inst/clk_in1_pll
    PLLE2_ADV_X1Y1                                                    r  pll_inst/inst/plle2_adv_inst/CLKIN1
    PLLE2_ADV_X1Y1       PLLE2_ADV (Prop_plle2_adv_CLKIN1_CLKOUT1)
                                                     -8.058    -6.054 r  pll_inst/inst/plle2_adv_inst/CLKOUT1
                         net (fo=1, routed)           2.128    -3.926    pll_inst/inst/clk_out2_pll
    BUFGCTRL_X0Y0                                                     r  pll_inst/inst/clkout2_buf/I
    BUFGCTRL_X0Y0        BUFG (Prop_bufg_I_O)         0.093    -3.833 r  pll_inst/inst/clkout2_buf/O
                         net (fo=5999, routed)        1.399    -2.434    student_top_inst/u_KLDJ_top/u_pipe_id_ex/clk_out2
    SLICE_X83Y109        FDRE                                         r  student_top_inst/u_KLDJ_top/u_pipe_id_ex/id_ex_rs1_addr_reg[0]/C
  -------------------------------------------------------------------    -------------------
    SLICE_X83Y109        FDRE (Prop_fdre_C_Q)         0.223    -2.211 r  student_top_inst/u_KLDJ_top/u_pipe_id_ex/id_ex_rs1_addr_reg[0]/Q
                         net (fo=3, routed)           0.644    -1.567    student_top_inst/u_KLDJ_top/u_pipe_id_ex/id_ex_rs1_addr_reg[4]_0[0]
    SLICE_X82Y111                                                     r  student_top_inst/u_KLDJ_top/u_pipe_id_ex/rs1_q[31]_i_11/I0
    SLICE_X82Y111        LUT6 (Prop_lut6_I0_O)        0.043    -1.524 r  student_top_inst/u_KLDJ_top/u_pipe_id_ex/rs1_q[31]_i_11/O
                         net (fo=32, routed)          0.622    -0.902    student_top_inst/u_KLDJ_top/u_pipe_id_ex/rs1_q[31]_i_11_n_0
    SLICE_X87Y109                                                     r  student_top_inst/u_KLDJ_top/u_pipe_id_ex/rs1_q[8]_i_2/I3
    SLICE_X87Y109        LUT5 (Prop_lut5_I3_O)        0.043    -0.859 f  student_top_inst/u_KLDJ_top/u_pipe_id_ex/rs1_q[8]_i_2/O
                         net (fo=1, routed)           0.150    -0.709    student_top_inst/u_KLDJ_top/u_pipe_id_ex/rs1_q[8]_i_2_n_0
    SLICE_X87Y109                                                     f  student_top_inst/u_KLDJ_top/u_pipe_id_ex/rs1_q[8]_i_1/I2
    SLICE_X87Y109        LUT5 (Prop_lut5_I2_O)        0.043    -0.666 f  student_top_inst/u_KLDJ_top/u_pipe_id_ex/rs1_q[8]_i_1/O
                         net (fo=27, routed)          0.544    -0.122    student_top_inst/u_KLDJ_top/u_pipe_id_ex/ex_data1[8]
    SLICE_X87Y109                                                     f  student_top_inst/u_KLDJ_top/u_pipe_id_ex/signed_lt_carry__0_i_4/I3
    SLICE_X87Y109        LUT6 (Prop_lut6_I3_O)        0.043    -0.079 r  student_top_inst/u_KLDJ_top/u_pipe_id_ex/signed_lt_carry__0_i_4/O
                         net (fo=1, routed)           0.400     0.321    student_top_inst/u_KLDJ_top/exu2/u_KLDJ_alu/u_alu_add/signed_lt_carry__1_0[0]
    SLICE_X87Y113                                                     r  student_top_inst/u_KLDJ_top/exu2/u_KLDJ_alu/u_alu_add/signed_lt_carry__0/DI[0]
    SLICE_X87Y113        CARRY4 (Prop_carry4_DI[0]_CO[3])
                                                      0.269     0.590 r  student_top_inst/u_KLDJ_top/exu2/u_KLDJ_alu/u_alu_add/signed_lt_carry__0/CO[3]
                         net (fo=1, routed)           0.000     0.590    student_top_inst/u_KLDJ_top/exu2/u_KLDJ_alu/u_alu_add/signed_lt_carry__0_n_0
    SLICE_X87Y114                                                     r  student_top_inst/u_KLDJ_top/exu2/u_KLDJ_alu/u_alu_add/signed_lt_carry__1/CI
    SLICE_X87Y114        CARRY4 (Prop_carry4_CI_CO[3])
                                                      0.053     0.643 r  student_top_inst/u_KLDJ_top/exu2/u_KLDJ_alu/u_alu_add/signed_lt_carry__1/CO[3]
                         net (fo=1, routed)           0.000     0.643    student_top_inst/u_KLDJ_top/exu2/u_KLDJ_alu/u_alu_add/signed_lt_carry__1_n_0
    SLICE_X87Y115                                                     r  student_top_inst/u_KLDJ_top/exu2/u_KLDJ_alu/u_alu_add/signed_lt_carry__2/CI
    SLICE_X87Y115        CARRY4 (Prop_carry4_CI_CO[3])
                                                      0.053     0.696 r  student_top_inst/u_KLDJ_top/exu2/u_KLDJ_alu/u_alu_add/signed_lt_carry__2/CO[3]
                         net (fo=3, routed)           0.324     1.020    student_top_inst/u_KLDJ_top/u_pipe_id_ex/ex_mem_exu_res[0]_i_5_1[0]
    SLICE_X85Y115                                                     r  student_top_inst/u_KLDJ_top/u_pipe_id_ex/ghr[0]_i_8/I2
    SLICE_X85Y115        LUT5 (Prop_lut5_I2_O)        0.043     1.063 r  student_top_inst/u_KLDJ_top/u_pipe_id_ex/ghr[0]_i_8/O
                         net (fo=2, routed)           0.196     1.258    student_top_inst/u_KLDJ_top/u_pipe_id_ex/ghr[0]_i_8_n_0
    SLICE_X83Y115                                                     r  student_top_inst/u_KLDJ_top/u_pipe_id_ex/ghr[0]_i_4/I5
    SLICE_X83Y115        LUT6 (Prop_lut6_I5_O)        0.043     1.301 f  student_top_inst/u_KLDJ_top/u_pipe_id_ex/ghr[0]_i_4/O
                         net (fo=33, routed)          0.350     1.651    student_top_inst/u_KLDJ_top/u_pipe_id_ex/ghr[0]_i_4_n_0
    SLICE_X76Y115                                                     f  student_top_inst/u_KLDJ_top/u_pipe_id_ex/update_target_q[13]_i_3/I2
    SLICE_X76Y115        LUT4 (Prop_lut4_I2_O)        0.043     1.694 r  student_top_inst/u_KLDJ_top/u_pipe_id_ex/update_target_q[13]_i_3/O
                         net (fo=1, routed)           0.441     2.135    student_top_inst/u_KLDJ_top/u_pipe_id_ex/update_target_q[13]_i_3_n_0
    SLICE_X73Y115                                                     r  student_top_inst/u_KLDJ_top/u_pipe_id_ex/update_target_q[13]_i_1/I2
    SLICE_X73Y115        LUT6 (Prop_lut6_I2_O)        0.043     2.178 r  student_top_inst/u_KLDJ_top/u_pipe_id_ex/update_target_q[13]_i_1/O
                         net (fo=3, routed)           0.327     2.505    student_top_inst/u_KLDJ_top/u_pipe_id_ex/id_ex_exu_op_reg[0]_0[13]
    SLICE_X71Y114                                                     r  student_top_inst/u_KLDJ_top/u_pipe_id_ex/id_ex_pred_taken_i_14/I1
    SLICE_X71Y114        LUT6 (Prop_lut6_I1_O)        0.043     2.548 r  student_top_inst/u_KLDJ_top/u_pipe_id_ex/id_ex_pred_taken_i_14/O
                         net (fo=1, routed)           0.000     2.548    student_top_inst/u_KLDJ_top/u_pipe_id_ex/id_ex_pred_taken_i_14_n_0
    SLICE_X71Y114                                                     r  student_top_inst/u_KLDJ_top/u_pipe_id_ex/id_ex_pred_taken_reg_i_6/S[0]
    SLICE_X71Y114        CARRY4 (Prop_carry4_S[0]_CO[3])
                                                      0.259     2.807 r  student_top_inst/u_KLDJ_top/u_pipe_id_ex/id_ex_pred_taken_reg_i_6/CO[3]
                         net (fo=1, routed)           0.000     2.807    student_top_inst/u_KLDJ_top/u_pipe_id_ex/id_ex_pred_taken_reg_i_6_n_0
    SLICE_X71Y115                                                     r  student_top_inst/u_KLDJ_top/u_pipe_id_ex/id_ex_pred_taken_reg_i_5/CI
    SLICE_X71Y115        CARRY4 (Prop_carry4_CI_CO[2])
                                                      0.110     2.917 r  student_top_inst/u_KLDJ_top/u_pipe_id_ex/id_ex_pred_taken_reg_i_5/CO[2]
                         net (fo=4, routed)           0.211     3.129    student_top_inst/u_KLDJ_top/u_pipe_id_ex/u_ex_bpu_ctrl/indirect_target_miss0
    SLICE_X69Y115                                                     r  student_top_inst/u_KLDJ_top/u_pipe_id_ex/pc_reg[31]_i_1_comp/I4
    SLICE_X69Y115        LUT6 (Prop_lut6_I4_O)        0.129     3.258 r  student_top_inst/u_KLDJ_top/u_pipe_id_ex/pc_reg[31]_i_1_comp/O
                         net (fo=32, routed)          0.565     3.822    student_top_inst/u_KLDJ_top/ifu0/E[0]
    SLICE_X74Y110        FDRE                                         r  student_top_inst/u_KLDJ_top/ifu0/pc_reg_reg[10]/CE
  -------------------------------------------------------------------    -------------------

                         (clock clk_out2_pll rise edge)
                                                      5.714     5.714 r  
    AD12                                              0.000     5.714 r  i_sys_clk_p (IN)
                         net (fo=0)                   0.000     5.714    pll_inst/inst/clk_in1_p
    AD12                                                              r  pll_inst/inst/clkin1_ibufgds/I
    AD12                 IBUFDS (Prop_ibufds_I_O)     0.803     6.518 r  pll_inst/inst/clkin1_ibufgds/O
                         net (fo=1, routed)           1.001     7.519    pll_inst/inst/clk_in1_pll
    PLLE2_ADV_X1Y1                                                    r  pll_inst/inst/plle2_adv_inst/CLKIN1
    PLLE2_ADV_X1Y1       PLLE2_ADV (Prop_plle2_adv_CLKIN1_CLKOUT1)
                                                     -7.261     0.258 r  pll_inst/inst/plle2_adv_inst/CLKOUT1
                         net (fo=1, routed)           2.003     2.261    pll_inst/inst/clk_out2_pll
    BUFGCTRL_X0Y0                                                     r  pll_inst/inst/clkout2_buf/I
    BUFGCTRL_X0Y0        BUFG (Prop_bufg_I_O)         0.083     2.344 r  pll_inst/inst/clkout2_buf/O
                         net (fo=5999, routed)        1.255     3.599    student_top_inst/u_KLDJ_top/ifu0/clk_out2
    SLICE_X74Y110        FDRE                                         r  student_top_inst/u_KLDJ_top/ifu0/pc_reg_reg[10]/C
                         clock pessimism             -0.448     3.151    
                         clock uncertainty           -0.077     3.074    
    SLICE_X74Y110        FDRE (Setup_fdre_C_CE)      -0.178     2.896    student_top_inst/u_KLDJ_top/ifu0/pc_reg_reg[10]
  -------------------------------------------------------------------
                         required time                          2.896    
                         arrival time                          -3.822    
  -------------------------------------------------------------------
                         slack                                 -0.926    

Slack (VIOLATED) :        -0.922ns  (required time - arrival time)
  Source:                 student_top_inst/u_KLDJ_top/u_pipe_id_ex/id_ex_rs1_addr_reg[0]/C
                            (rising edge-triggered cell FDRE clocked by clk_out2_pll  {rise@0.000ns fall@2.857ns period=5.714ns})
  Destination:            student_top_inst/u_KLDJ_top/ifu0/pc_reg_reg[4]/CE
                            (rising edge-triggered cell FDRE clocked by clk_out2_pll  {rise@0.000ns fall@2.857ns period=5.714ns})
  Path Group:             clk_out2_pll
  Path Type:              Setup (Max at Slow Process Corner)
  Requirement:            5.714ns  (clk_out2_pll rise@5.714ns - clk_out2_pll rise@0.000ns)
  Data Path Delay:        6.229ns  (logic 1.483ns (23.807%)  route 4.746ns (76.193%))
  Logic Levels:           15  (CARRY4=5 LUT4=1 LUT5=3 LUT6=6)
  Clock Path Skew:        -0.129ns (DCD - SCD + CPR)
    Destination Clock Delay (DCD):    -2.116ns = ( 3.599 - 5.714 ) 
    Source Clock Delay      (SCD):    -2.434ns
    Clock Pessimism Removal (CPR):    -0.448ns
  Clock Uncertainty:      0.077ns  ((TSJ^2 + DJ^2)^1/2) / 2 + PE
    Total System Jitter     (TSJ):    0.071ns
    Discrete Jitter          (DJ):    0.137ns
    Phase Error              (PE):    0.000ns

    Location             Delay type                Incr(ns)  Path(ns)    Netlist Resource(s)
  -------------------------------------------------------------------    -------------------
                         (clock clk_out2_pll rise edge)
                                                      0.000     0.000 r  
    AD12                                              0.000     0.000 r  i_sys_clk_p (IN)
                         net (fo=0)                   0.000     0.000    pll_inst/inst/clk_in1_p
    AD12                                                              r  pll_inst/inst/clkin1_ibufgds/I
    AD12                 IBUFDS (Prop_ibufds_I_O)     0.906     0.906 r  pll_inst/inst/clkin1_ibufgds/O
                         net (fo=1, routed)           1.098     2.004    pll_inst/inst/clk_in1_pll
    PLLE2_ADV_X1Y1                                                    r  pll_inst/inst/plle2_adv_inst/CLKIN1
    PLLE2_ADV_X1Y1       PLLE2_ADV (Prop_plle2_adv_CLKIN1_CLKOUT1)
                                                     -8.058    -6.054 r  pll_inst/inst/plle2_adv_inst/CLKOUT1
                         net (fo=1, routed)           2.128    -3.926    pll_inst/inst/clk_out2_pll
    BUFGCTRL_X0Y0                                                     r  pll_inst/inst/clkout2_buf/I
    BUFGCTRL_X0Y0        BUFG (Prop_bufg_I_O)         0.093    -3.833 r  pll_inst/inst/clkout2_buf/O
                         net (fo=5999, routed)        1.399    -2.434    student_top_inst/u_KLDJ_top/u_pipe_id_ex/clk_out2
    SLICE_X83Y109        FDRE                                         r  student_top_inst/u_KLDJ_top/u_pipe_id_ex/id_ex_rs1_addr_reg[0]/C
  -------------------------------------------------------------------    -------------------
    SLICE_X83Y109        FDRE (Prop_fdre_C_Q)         0.223    -2.211 r  student_top_inst/u_KLDJ_top/u_pipe_id_ex/id_ex_rs1_addr_reg[0]/Q
                         net (fo=3, routed)           0.644    -1.567    student_top_inst/u_KLDJ_top/u_pipe_id_ex/id_ex_rs1_addr_reg[4]_0[0]
    SLICE_X82Y111                                                     r  student_top_inst/u_KLDJ_top/u_pipe_id_ex/rs1_q[31]_i_11/I0
    SLICE_X82Y111        LUT6 (Prop_lut6_I0_O)        0.043    -1.524 r  student_top_inst/u_KLDJ_top/u_pipe_id_ex/rs1_q[31]_i_11/O
                         net (fo=32, routed)          0.622    -0.902    student_top_inst/u_KLDJ_top/u_pipe_id_ex/rs1_q[31]_i_11_n_0
    SLICE_X87Y109                                                     r  student_top_inst/u_KLDJ_top/u_pipe_id_ex/rs1_q[8]_i_2/I3
    SLICE_X87Y109        LUT5 (Prop_lut5_I3_O)        0.043    -0.859 f  student_top_inst/u_KLDJ_top/u_pipe_id_ex/rs1_q[8]_i_2/O
                         net (fo=1, routed)           0.150    -0.709    student_top_inst/u_KLDJ_top/u_pipe_id_ex/rs1_q[8]_i_2_n_0
    SLICE_X87Y109                                                     f  student_top_inst/u_KLDJ_top/u_pipe_id_ex/rs1_q[8]_i_1/I2
    SLICE_X87Y109        LUT5 (Prop_lut5_I2_O)        0.043    -0.666 f  student_top_inst/u_KLDJ_top/u_pipe_id_ex/rs1_q[8]_i_1/O
                         net (fo=27, routed)          0.544    -0.122    student_top_inst/u_KLDJ_top/u_pipe_id_ex/ex_data1[8]
    SLICE_X87Y109                                                     f  student_top_inst/u_KLDJ_top/u_pipe_id_ex/signed_lt_carry__0_i_4/I3
    SLICE_X87Y109        LUT6 (Prop_lut6_I3_O)        0.043    -0.079 r  student_top_inst/u_KLDJ_top/u_pipe_id_ex/signed_lt_carry__0_i_4/O
                         net (fo=1, routed)           0.400     0.321    student_top_inst/u_KLDJ_top/exu2/u_KLDJ_alu/u_alu_add/signed_lt_carry__1_0[0]
    SLICE_X87Y113                                                     r  student_top_inst/u_KLDJ_top/exu2/u_KLDJ_alu/u_alu_add/signed_lt_carry__0/DI[0]
    SLICE_X87Y113        CARRY4 (Prop_carry4_DI[0]_CO[3])
                                                      0.269     0.590 r  student_top_inst/u_KLDJ_top/exu2/u_KLDJ_alu/u_alu_add/signed_lt_carry__0/CO[3]
                         net (fo=1, routed)           0.000     0.590    student_top_inst/u_KLDJ_top/exu2/u_KLDJ_alu/u_alu_add/signed_lt_carry__0_n_0
    SLICE_X87Y114                                                     r  student_top_inst/u_KLDJ_top/exu2/u_KLDJ_alu/u_alu_add/signed_lt_carry__1/CI
    SLICE_X87Y114        CARRY4 (Prop_carry4_CI_CO[3])
                                                      0.053     0.643 r  student_top_inst/u_KLDJ_top/exu2/u_KLDJ_alu/u_alu_add/signed_lt_carry__1/CO[3]
                         net (fo=1, routed)           0.000     0.643    student_top_inst/u_KLDJ_top/exu2/u_KLDJ_alu/u_alu_add/signed_lt_carry__1_n_0
    SLICE_X87Y115                                                     r  student_top_inst/u_KLDJ_top/exu2/u_KLDJ_alu/u_alu_add/signed_lt_carry__2/CI
    SLICE_X87Y115        CARRY4 (Prop_carry4_CI_CO[3])
                                                      0.053     0.696 r  student_top_inst/u_KLDJ_top/exu2/u_KLDJ_alu/u_alu_add/signed_lt_carry__2/CO[3]
                         net (fo=3, routed)           0.324     1.020    student_top_inst/u_KLDJ_top/u_pipe_id_ex/ex_mem_exu_res[0]_i_5_1[0]
    SLICE_X85Y115                                                     r  student_top_inst/u_KLDJ_top/u_pipe_id_ex/ghr[0]_i_8/I2
    SLICE_X85Y115        LUT5 (Prop_lut5_I2_O)        0.043     1.063 r  student_top_inst/u_KLDJ_top/u_pipe_id_ex/ghr[0]_i_8/O
                         net (fo=2, routed)           0.196     1.258    student_top_inst/u_KLDJ_top/u_pipe_id_ex/ghr[0]_i_8_n_0
    SLICE_X83Y115                                                     r  student_top_inst/u_KLDJ_top/u_pipe_id_ex/ghr[0]_i_4/I5
    SLICE_X83Y115        LUT6 (Prop_lut6_I5_O)        0.043     1.301 f  student_top_inst/u_KLDJ_top/u_pipe_id_ex/ghr[0]_i_4/O
                         net (fo=33, routed)          0.350     1.651    student_top_inst/u_KLDJ_top/u_pipe_id_ex/ghr[0]_i_4_n_0
    SLICE_X76Y115                                                     f  student_top_inst/u_KLDJ_top/u_pipe_id_ex/update_target_q[13]_i_3/I2
    SLICE_X76Y115        LUT4 (Prop_lut4_I2_O)        0.043     1.694 r  student_top_inst/u_KLDJ_top/u_pipe_id_ex/update_target_q[13]_i_3/O
                         net (fo=1, routed)           0.441     2.135    student_top_inst/u_KLDJ_top/u_pipe_id_ex/update_target_q[13]_i_3_n_0
    SLICE_X73Y115                                                     r  student_top_inst/u_KLDJ_top/u_pipe_id_ex/update_target_q[13]_i_1/I2
    SLICE_X73Y115        LUT6 (Prop_lut6_I2_O)        0.043     2.178 r  student_top_inst/u_KLDJ_top/u_pipe_id_ex/update_target_q[13]_i_1/O
                         net (fo=3, routed)           0.327     2.505    student_top_inst/u_KLDJ_top/u_pipe_id_ex/id_ex_exu_op_reg[0]_0[13]
    SLICE_X71Y114                                                     r  student_top_inst/u_KLDJ_top/u_pipe_id_ex/id_ex_pred_taken_i_14/I1
    SLICE_X71Y114        LUT6 (Prop_lut6_I1_O)        0.043     2.548 r  student_top_inst/u_KLDJ_top/u_pipe_id_ex/id_ex_pred_taken_i_14/O
                         net (fo=1, routed)           0.000     2.548    student_top_inst/u_KLDJ_top/u_pipe_id_ex/id_ex_pred_taken_i_14_n_0
    SLICE_X71Y114                                                     r  student_top_inst/u_KLDJ_top/u_pipe_id_ex/id_ex_pred_taken_reg_i_6/S[0]
    SLICE_X71Y114        CARRY4 (Prop_carry4_S[0]_CO[3])
                                                      0.259     2.807 r  student_top_inst/u_KLDJ_top/u_pipe_id_ex/id_ex_pred_taken_reg_i_6/CO[3]
                         net (fo=1, routed)           0.000     2.807    student_top_inst/u_KLDJ_top/u_pipe_id_ex/id_ex_pred_taken_reg_i_6_n_0
    SLICE_X71Y115                                                     r  student_top_inst/u_KLDJ_top/u_pipe_id_ex/id_ex_pred_taken_reg_i_5/CI
    SLICE_X71Y115        CARRY4 (Prop_carry4_CI_CO[2])
                                                      0.110     2.917 r  student_top_inst/u_KLDJ_top/u_pipe_id_ex/id_ex_pred_taken_reg_i_5/CO[2]
                         net (fo=4, routed)           0.211     3.129    student_top_inst/u_KLDJ_top/u_pipe_id_ex/u_ex_bpu_ctrl/indirect_target_miss0
    SLICE_X69Y115                                                     r  student_top_inst/u_KLDJ_top/u_pipe_id_ex/pc_reg[31]_i_1_comp/I4
    SLICE_X69Y115        LUT6 (Prop_lut6_I4_O)        0.129     3.258 r  student_top_inst/u_KLDJ_top/u_pipe_id_ex/pc_reg[31]_i_1_comp/O
                         net (fo=32, routed)          0.537     3.795    student_top_inst/u_KLDJ_top/ifu0/E[0]
    SLICE_X71Y111        FDRE                                         r  student_top_inst/u_KLDJ_top/ifu0/pc_reg_reg[4]/CE
  -------------------------------------------------------------------    -------------------

                         (clock clk_out2_pll rise edge)
                                                      5.714     5.714 r  
    AD12                                              0.000     5.714 r  i_sys_clk_p (IN)
                         net (fo=0)                   0.000     5.714    pll_inst/inst/clk_in1_p
    AD12                                                              r  pll_inst/inst/clkin1_ibufgds/I
    AD12                 IBUFDS (Prop_ibufds_I_O)     0.803     6.518 r  pll_inst/inst/clkin1_ibufgds/O
                         net (fo=1, routed)           1.001     7.519    pll_inst/inst/clk_in1_pll
    PLLE2_ADV_X1Y1                                                    r  pll_inst/inst/plle2_adv_inst/CLKIN1
    PLLE2_ADV_X1Y1       PLLE2_ADV (Prop_plle2_adv_CLKIN1_CLKOUT1)
                                                     -7.261     0.258 r  pll_inst/inst/plle2_adv_inst/CLKOUT1
                         net (fo=1, routed)           2.003     2.261    pll_inst/inst/clk_out2_pll
    BUFGCTRL_X0Y0                                                     r  pll_inst/inst/clkout2_buf/I
    BUFGCTRL_X0Y0        BUFG (Prop_bufg_I_O)         0.083     2.344 r  pll_inst/inst/clkout2_buf/O
                         net (fo=5999, routed)        1.255     3.599    student_top_inst/u_KLDJ_top/ifu0/clk_out2
    SLICE_X71Y111        FDRE                                         r  student_top_inst/u_KLDJ_top/ifu0/pc_reg_reg[4]/C
                         clock pessimism             -0.448     3.151    
                         clock uncertainty           -0.077     3.074    
    SLICE_X71Y111        FDRE (Setup_fdre_C_CE)      -0.201     2.873    student_top_inst/u_KLDJ_top/ifu0/pc_reg_reg[4]
  -------------------------------------------------------------------
                         required time                          2.873    
                         arrival time                          -3.795    
  -------------------------------------------------------------------
                         slack                                 -0.922    

Slack (VIOLATED) :        -0.917ns  (required time - arrival time)
  Source:                 student_top_inst/u_KLDJ_top/u_pipe_id_ex/id_ex_rs1_addr_reg[0]/C
                            (rising edge-triggered cell FDRE clocked by clk_out2_pll  {rise@0.000ns fall@2.857ns period=5.714ns})
  Destination:            student_top_inst/u_KLDJ_top/ifu0/pc_reg_reg[1]/CE
                            (rising edge-triggered cell FDRE clocked by clk_out2_pll  {rise@0.000ns fall@2.857ns period=5.714ns})
  Path Group:             clk_out2_pll
  Path Type:              Setup (Max at Slow Process Corner)
  Requirement:            5.714ns  (clk_out2_pll rise@5.714ns - clk_out2_pll rise@0.000ns)
  Data Path Delay:        6.224ns  (logic 1.483ns (23.827%)  route 4.741ns (76.173%))
  Logic Levels:           15  (CARRY4=5 LUT4=1 LUT5=3 LUT6=6)
  Clock Path Skew:        -0.129ns (DCD - SCD + CPR)
    Destination Clock Delay (DCD):    -2.116ns = ( 3.599 - 5.714 ) 
    Source Clock Delay      (SCD):    -2.434ns
    Clock Pessimism Removal (CPR):    -0.448ns
  Clock Uncertainty:      0.077ns  ((TSJ^2 + DJ^2)^1/2) / 2 + PE
    Total System Jitter     (TSJ):    0.071ns
    Discrete Jitter          (DJ):    0.137ns
    Phase Error              (PE):    0.000ns

    Location             Delay type                Incr(ns)  Path(ns)    Netlist Resource(s)
  -------------------------------------------------------------------    -------------------
                         (clock clk_out2_pll rise edge)
                                                      0.000     0.000 r  
    AD12                                              0.000     0.000 r  i_sys_clk_p (IN)
                         net (fo=0)                   0.000     0.000    pll_inst/inst/clk_in1_p
    AD12                                                              r  pll_inst/inst/clkin1_ibufgds/I
    AD12                 IBUFDS (Prop_ibufds_I_O)     0.906     0.906 r  pll_inst/inst/clkin1_ibufgds/O
                         net (fo=1, routed)           1.098     2.004    pll_inst/inst/clk_in1_pll
    PLLE2_ADV_X1Y1                                                    r  pll_inst/inst/plle2_adv_inst/CLKIN1
    PLLE2_ADV_X1Y1       PLLE2_ADV (Prop_plle2_adv_CLKIN1_CLKOUT1)
                                                     -8.058    -6.054 r  pll_inst/inst/plle2_adv_inst/CLKOUT1
                         net (fo=1, routed)           2.128    -3.926    pll_inst/inst/clk_out2_pll
    BUFGCTRL_X0Y0                                                     r  pll_inst/inst/clkout2_buf/I
    BUFGCTRL_X0Y0        BUFG (Prop_bufg_I_O)         0.093    -3.833 r  pll_inst/inst/clkout2_buf/O
                         net (fo=5999, routed)        1.399    -2.434    student_top_inst/u_KLDJ_top/u_pipe_id_ex/clk_out2
    SLICE_X83Y109        FDRE                                         r  student_top_inst/u_KLDJ_top/u_pipe_id_ex/id_ex_rs1_addr_reg[0]/C
  -------------------------------------------------------------------    -------------------
    SLICE_X83Y109        FDRE (Prop_fdre_C_Q)         0.223    -2.211 r  student_top_inst/u_KLDJ_top/u_pipe_id_ex/id_ex_rs1_addr_reg[0]/Q
                         net (fo=3, routed)           0.644    -1.567    student_top_inst/u_KLDJ_top/u_pipe_id_ex/id_ex_rs1_addr_reg[4]_0[0]
    SLICE_X82Y111                                                     r  student_top_inst/u_KLDJ_top/u_pipe_id_ex/rs1_q[31]_i_11/I0
    SLICE_X82Y111        LUT6 (Prop_lut6_I0_O)        0.043    -1.524 r  student_top_inst/u_KLDJ_top/u_pipe_id_ex/rs1_q[31]_i_11/O
                         net (fo=32, routed)          0.622    -0.902    student_top_inst/u_KLDJ_top/u_pipe_id_ex/rs1_q[31]_i_11_n_0
    SLICE_X87Y109                                                     r  student_top_inst/u_KLDJ_top/u_pipe_id_ex/rs1_q[8]_i_2/I3
    SLICE_X87Y109        LUT5 (Prop_lut5_I3_O)        0.043    -0.859 f  student_top_inst/u_KLDJ_top/u_pipe_id_ex/rs1_q[8]_i_2/O
                         net (fo=1, routed)           0.150    -0.709    student_top_inst/u_KLDJ_top/u_pipe_id_ex/rs1_q[8]_i_2_n_0
    SLICE_X87Y109                                                     f  student_top_inst/u_KLDJ_top/u_pipe_id_ex/rs1_q[8]_i_1/I2
    SLICE_X87Y109        LUT5 (Prop_lut5_I2_O)        0.043    -0.666 f  student_top_inst/u_KLDJ_top/u_pipe_id_ex/rs1_q[8]_i_1/O
                         net (fo=27, routed)          0.544    -0.122    student_top_inst/u_KLDJ_top/u_pipe_id_ex/ex_data1[8]
    SLICE_X87Y109                                                     f  student_top_inst/u_KLDJ_top/u_pipe_id_ex/signed_lt_carry__0_i_4/I3
    SLICE_X87Y109        LUT6 (Prop_lut6_I3_O)        0.043    -0.079 r  student_top_inst/u_KLDJ_top/u_pipe_id_ex/signed_lt_carry__0_i_4/O
                         net (fo=1, routed)           0.400     0.321    student_top_inst/u_KLDJ_top/exu2/u_KLDJ_alu/u_alu_add/signed_lt_carry__1_0[0]
    SLICE_X87Y113                                                     r  student_top_inst/u_KLDJ_top/exu2/u_KLDJ_alu/u_alu_add/signed_lt_carry__0/DI[0]
    SLICE_X87Y113        CARRY4 (Prop_carry4_DI[0]_CO[3])
                                                      0.269     0.590 r  student_top_inst/u_KLDJ_top/exu2/u_KLDJ_alu/u_alu_add/signed_lt_carry__0/CO[3]
                         net (fo=1, routed)           0.000     0.590    student_top_inst/u_KLDJ_top/exu2/u_KLDJ_alu/u_alu_add/signed_lt_carry__0_n_0
    SLICE_X87Y114                                                     r  student_top_inst/u_KLDJ_top/exu2/u_KLDJ_alu/u_alu_add/signed_lt_carry__1/CI
    SLICE_X87Y114        CARRY4 (Prop_carry4_CI_CO[3])
                                                      0.053     0.643 r  student_top_inst/u_KLDJ_top/exu2/u_KLDJ_alu/u_alu_add/signed_lt_carry__1/CO[3]
                         net (fo=1, routed)           0.000     0.643    student_top_inst/u_KLDJ_top/exu2/u_KLDJ_alu/u_alu_add/signed_lt_carry__1_n_0
    SLICE_X87Y115                                                     r  student_top_inst/u_KLDJ_top/exu2/u_KLDJ_alu/u_alu_add/signed_lt_carry__2/CI
    SLICE_X87Y115        CARRY4 (Prop_carry4_CI_CO[3])
                                                      0.053     0.696 r  student_top_inst/u_KLDJ_top/exu2/u_KLDJ_alu/u_alu_add/signed_lt_carry__2/CO[3]
                         net (fo=3, routed)           0.324     1.020    student_top_inst/u_KLDJ_top/u_pipe_id_ex/ex_mem_exu_res[0]_i_5_1[0]
    SLICE_X85Y115                                                     r  student_top_inst/u_KLDJ_top/u_pipe_id_ex/ghr[0]_i_8/I2
    SLICE_X85Y115        LUT5 (Prop_lut5_I2_O)        0.043     1.063 r  student_top_inst/u_KLDJ_top/u_pipe_id_ex/ghr[0]_i_8/O
                         net (fo=2, routed)           0.196     1.258    student_top_inst/u_KLDJ_top/u_pipe_id_ex/ghr[0]_i_8_n_0
    SLICE_X83Y115                                                     r  student_top_inst/u_KLDJ_top/u_pipe_id_ex/ghr[0]_i_4/I5
    SLICE_X83Y115        LUT6 (Prop_lut6_I5_O)        0.043     1.301 f  student_top_inst/u_KLDJ_top/u_pipe_id_ex/ghr[0]_i_4/O
                         net (fo=33, routed)          0.350     1.651    student_top_inst/u_KLDJ_top/u_pipe_id_ex/ghr[0]_i_4_n_0
    SLICE_X76Y115                                                     f  student_top_inst/u_KLDJ_top/u_pipe_id_ex/update_target_q[13]_i_3/I2
    SLICE_X76Y115        LUT4 (Prop_lut4_I2_O)        0.043     1.694 r  student_top_inst/u_KLDJ_top/u_pipe_id_ex/update_target_q[13]_i_3/O
                         net (fo=1, routed)           0.441     2.135    student_top_inst/u_KLDJ_top/u_pipe_id_ex/update_target_q[13]_i_3_n_0
    SLICE_X73Y115                                                     r  student_top_inst/u_KLDJ_top/u_pipe_id_ex/update_target_q[13]_i_1/I2
    SLICE_X73Y115        LUT6 (Prop_lut6_I2_O)        0.043     2.178 r  student_top_inst/u_KLDJ_top/u_pipe_id_ex/update_target_q[13]_i_1/O
                         net (fo=3, routed)           0.327     2.505    student_top_inst/u_KLDJ_top/u_pipe_id_ex/id_ex_exu_op_reg[0]_0[13]
    SLICE_X71Y114                                                     r  student_top_inst/u_KLDJ_top/u_pipe_id_ex/id_ex_pred_taken_i_14/I1
    SLICE_X71Y114        LUT6 (Prop_lut6_I1_O)        0.043     2.548 r  student_top_inst/u_KLDJ_top/u_pipe_id_ex/id_ex_pred_taken_i_14/O
                         net (fo=1, routed)           0.000     2.548    student_top_inst/u_KLDJ_top/u_pipe_id_ex/id_ex_pred_taken_i_14_n_0
    SLICE_X71Y114                                                     r  student_top_inst/u_KLDJ_top/u_pipe_id_ex/id_ex_pred_taken_reg_i_6/S[0]
    SLICE_X71Y114        CARRY4 (Prop_carry4_S[0]_CO[3])
                                                      0.259     2.807 r  student_top_inst/u_KLDJ_top/u_pipe_id_ex/id_ex_pred_taken_reg_i_6/CO[3]
                         net (fo=1, routed)           0.000     2.807    student_top_inst/u_KLDJ_top/u_pipe_id_ex/id_ex_pred_taken_reg_i_6_n_0
    SLICE_X71Y115                                                     r  student_top_inst/u_KLDJ_top/u_pipe_id_ex/id_ex_pred_taken_reg_i_5/CI
    SLICE_X71Y115        CARRY4 (Prop_carry4_CI_CO[2])
                                                      0.110     2.917 r  student_top_inst/u_KLDJ_top/u_pipe_id_ex/id_ex_pred_taken_reg_i_5/CO[2]
                         net (fo=4, routed)           0.211     3.129    student_top_inst/u_KLDJ_top/u_pipe_id_ex/u_ex_bpu_ctrl/indirect_target_miss0
    SLICE_X69Y115                                                     r  student_top_inst/u_KLDJ_top/u_pipe_id_ex/pc_reg[31]_i_1_comp/I4
    SLICE_X69Y115        LUT6 (Prop_lut6_I4_O)        0.129     3.258 r  student_top_inst/u_KLDJ_top/u_pipe_id_ex/pc_reg[31]_i_1_comp/O
                         net (fo=32, routed)          0.532     3.790    student_top_inst/u_KLDJ_top/ifu0/E[0]
    SLICE_X73Y112        FDRE                                         r  student_top_inst/u_KLDJ_top/ifu0/pc_reg_reg[1]/CE
  -------------------------------------------------------------------    -------------------

                         (clock clk_out2_pll rise edge)
                                                      5.714     5.714 r  
    AD12                                              0.000     5.714 r  i_sys_clk_p (IN)
                         net (fo=0)                   0.000     5.714    pll_inst/inst/clk_in1_p
    AD12                                                              r  pll_inst/inst/clkin1_ibufgds/I
    AD12                 IBUFDS (Prop_ibufds_I_O)     0.803     6.518 r  pll_inst/inst/clkin1_ibufgds/O
                         net (fo=1, routed)           1.001     7.519    pll_inst/inst/clk_in1_pll
    PLLE2_ADV_X1Y1                                                    r  pll_inst/inst/plle2_adv_inst/CLKIN1
    PLLE2_ADV_X1Y1       PLLE2_ADV (Prop_plle2_adv_CLKIN1_CLKOUT1)
                                                     -7.261     0.258 r  pll_inst/inst/plle2_adv_inst/CLKOUT1
                         net (fo=1, routed)           2.003     2.261    pll_inst/inst/clk_out2_pll
    BUFGCTRL_X0Y0                                                     r  pll_inst/inst/clkout2_buf/I
    BUFGCTRL_X0Y0        BUFG (Prop_bufg_I_O)         0.083     2.344 r  pll_inst/inst/clkout2_buf/O
                         net (fo=5999, routed)        1.255     3.599    student_top_inst/u_KLDJ_top/ifu0/clk_out2
    SLICE_X73Y112        FDRE                                         r  student_top_inst/u_KLDJ_top/ifu0/pc_reg_reg[1]/C
                         clock pessimism             -0.448     3.151    
                         clock uncertainty           -0.077     3.074    
    SLICE_X73Y112        FDRE (Setup_fdre_C_CE)      -0.201     2.873    student_top_inst/u_KLDJ_top/ifu0/pc_reg_reg[1]
  -------------------------------------------------------------------
                         required time                          2.873    
                         arrival time                          -3.790    
  -------------------------------------------------------------------
                         slack                                 -0.917    

Slack (VIOLATED) :        -0.909ns  (required time - arrival time)
  Source:                 student_top_inst/u_KLDJ_top/u_pipe_id_ex/id_ex_rs1_addr_reg[0]/C
                            (rising edge-triggered cell FDRE clocked by clk_out2_pll  {rise@0.000ns fall@2.857ns period=5.714ns})
  Destination:            student_top_inst/bridge_inst/LED_reg[0]_lopt_replica/CE
                            (rising edge-triggered cell FDRE clocked by clk_out2_pll  {rise@0.000ns fall@2.857ns period=5.714ns})
  Path Group:             clk_out2_pll
  Path Type:              Setup (Max at Slow Process Corner)
  Requirement:            5.714ns  (clk_out2_pll rise@5.714ns - clk_out2_pll rise@0.000ns)
  Data Path Delay:        6.285ns  (logic 1.379ns (21.942%)  route 4.906ns (78.058%))
  Logic Levels:           17  (CARRY4=8 LUT2=1 LUT5=4 LUT6=4)
  Clock Path Skew:        -0.061ns (DCD - SCD + CPR)
    Destination Clock Delay (DCD):    -2.048ns = ( 3.667 - 5.714 ) 
    Source Clock Delay      (SCD):    -2.434ns
    Clock Pessimism Removal (CPR):    -0.448ns
  Clock Uncertainty:      0.077ns  ((TSJ^2 + DJ^2)^1/2) / 2 + PE
    Total System Jitter     (TSJ):    0.071ns
    Discrete Jitter          (DJ):    0.137ns
    Phase Error              (PE):    0.000ns

    Location             Delay type                Incr(ns)  Path(ns)    Netlist Resource(s)
  -------------------------------------------------------------------    -------------------
                         (clock clk_out2_pll rise edge)
                                                      0.000     0.000 r  
    AD12                                              0.000     0.000 r  i_sys_clk_p (IN)
                         net (fo=0)                   0.000     0.000    pll_inst/inst/clk_in1_p
    AD12                                                              r  pll_inst/inst/clkin1_ibufgds/I
    AD12                 IBUFDS (Prop_ibufds_I_O)     0.906     0.906 r  pll_inst/inst/clkin1_ibufgds/O
                         net (fo=1, routed)           1.098     2.004    pll_inst/inst/clk_in1_pll
    PLLE2_ADV_X1Y1                                                    r  pll_inst/inst/plle2_adv_inst/CLKIN1
    PLLE2_ADV_X1Y1       PLLE2_ADV (Prop_plle2_adv_CLKIN1_CLKOUT1)
                                                     -8.058    -6.054 r  pll_inst/inst/plle2_adv_inst/CLKOUT1
                         net (fo=1, routed)           2.128    -3.926    pll_inst/inst/clk_out2_pll
    BUFGCTRL_X0Y0                                                     r  pll_inst/inst/clkout2_buf/I
    BUFGCTRL_X0Y0        BUFG (Prop_bufg_I_O)         0.093    -3.833 r  pll_inst/inst/clkout2_buf/O
                         net (fo=5999, routed)        1.399    -2.434    student_top_inst/u_KLDJ_top/u_pipe_id_ex/clk_out2
    SLICE_X83Y109        FDRE                                         r  student_top_inst/u_KLDJ_top/u_pipe_id_ex/id_ex_rs1_addr_reg[0]/C
  -------------------------------------------------------------------    -------------------
    SLICE_X83Y109        FDRE (Prop_fdre_C_Q)         0.223    -2.211 r  student_top_inst/u_KLDJ_top/u_pipe_id_ex/id_ex_rs1_addr_reg[0]/Q
                         net (fo=3, routed)           0.644    -1.567    student_top_inst/u_KLDJ_top/u_pipe_id_ex/id_ex_rs1_addr_reg[4]_0[0]
    SLICE_X82Y111                                                     r  student_top_inst/u_KLDJ_top/u_pipe_id_ex/rs1_q[31]_i_11/I0
    SLICE_X82Y111        LUT6 (Prop_lut6_I0_O)        0.043    -1.524 r  student_top_inst/u_KLDJ_top/u_pipe_id_ex/rs1_q[31]_i_11/O
                         net (fo=32, routed)          0.390    -1.134    student_top_inst/u_KLDJ_top/u_pipe_id_ex/rs1_q[31]_i_11_n_0
    SLICE_X80Y111                                                     r  student_top_inst/u_KLDJ_top/u_pipe_id_ex/rs1_q[0]_i_2/I3
    SLICE_X80Y111        LUT5 (Prop_lut5_I3_O)        0.043    -1.091 r  student_top_inst/u_KLDJ_top/u_pipe_id_ex/rs1_q[0]_i_2/O
                         net (fo=2, routed)           0.451    -0.640    student_top_inst/u_KLDJ_top/u_pipe_id_ex/rs1_q[0]_i_2_n_0
    SLICE_X84Y114                                                     r  student_top_inst/u_KLDJ_top/u_pipe_id_ex/rs1_q[0]_i_1/I2
    SLICE_X84Y114        LUT5 (Prop_lut5_I2_O)        0.043    -0.597 r  student_top_inst/u_KLDJ_top/u_pipe_id_ex/rs1_q[0]_i_1/O
                         net (fo=30, routed)          0.695     0.098    student_top_inst/u_KLDJ_top/u_pipe_id_ex/ex_data1[0]
    SLICE_X79Y106                                                     r  student_top_inst/u_KLDJ_top/u_pipe_id_ex/ex_mem_exu_res[3]_i_8/I0
    SLICE_X79Y106        LUT2 (Prop_lut2_I0_O)        0.043     0.141 r  student_top_inst/u_KLDJ_top/u_pipe_id_ex/ex_mem_exu_res[3]_i_8/O
                         net (fo=1, routed)           0.000     0.141    student_top_inst/u_KLDJ_top/u_pipe_id_ex/ex_mem_exu_res[3]_i_8_n_0
    SLICE_X79Y106                                                     r  student_top_inst/u_KLDJ_top/u_pipe_id_ex/ex_mem_exu_res_reg[3]_i_3/S[0]
    SLICE_X79Y106        CARRY4 (Prop_carry4_S[0]_CO[3])
                                                      0.259     0.400 r  student_top_inst/u_KLDJ_top/u_pipe_id_ex/ex_mem_exu_res_reg[3]_i_3/CO[3]
                         net (fo=1, routed)           0.000     0.400    student_top_inst/u_KLDJ_top/u_pipe_id_ex/ex_mem_exu_res_reg[3]_i_3_n_0
    SLICE_X79Y107                                                     r  student_top_inst/u_KLDJ_top/u_pipe_id_ex/ex_mem_exu_res_reg[7]_i_3/CI
    SLICE_X79Y107        CARRY4 (Prop_carry4_CI_CO[3])
                                                      0.053     0.453 r  student_top_inst/u_KLDJ_top/u_pipe_id_ex/ex_mem_exu_res_reg[7]_i_3/CO[3]
                         net (fo=1, routed)           0.000     0.453    student_top_inst/u_KLDJ_top/u_pipe_id_ex/ex_mem_exu_res_reg[7]_i_3_n_0
    SLICE_X79Y108                                                     r  student_top_inst/u_KLDJ_top/u_pipe_id_ex/ex_mem_exu_res_reg[11]_i_3/CI
    SLICE_X79Y108        CARRY4 (Prop_carry4_CI_CO[3])
                                                      0.053     0.506 r  student_top_inst/u_KLDJ_top/u_pipe_id_ex/ex_mem_exu_res_reg[11]_i_3/CO[3]
                         net (fo=1, routed)           0.000     0.506    student_top_inst/u_KLDJ_top/u_pipe_id_ex/ex_mem_exu_res_reg[11]_i_3_n_0
    SLICE_X79Y109                                                     r  student_top_inst/u_KLDJ_top/u_pipe_id_ex/ex_mem_exu_res_reg[15]_i_3/CI
    SLICE_X79Y109        CARRY4 (Prop_carry4_CI_CO[3])
                                                      0.053     0.559 r  student_top_inst/u_KLDJ_top/u_pipe_id_ex/ex_mem_exu_res_reg[15]_i_3/CO[3]
                         net (fo=1, routed)           0.000     0.559    student_top_inst/u_KLDJ_top/u_pipe_id_ex/ex_mem_exu_res_reg[15]_i_3_n_0
    SLICE_X79Y110                                                     r  student_top_inst/u_KLDJ_top/u_pipe_id_ex/ex_mem_exu_res_reg[19]_i_3/CI
    SLICE_X79Y110        CARRY4 (Prop_carry4_CI_CO[3])
                                                      0.053     0.612 r  student_top_inst/u_KLDJ_top/u_pipe_id_ex/ex_mem_exu_res_reg[19]_i_3/CO[3]
                         net (fo=1, routed)           0.000     0.612    student_top_inst/u_KLDJ_top/u_pipe_id_ex/ex_mem_exu_res_reg[19]_i_3_n_0
    SLICE_X79Y111                                                     r  student_top_inst/u_KLDJ_top/u_pipe_id_ex/ex_mem_exu_res_reg[23]_i_3/CI
    SLICE_X79Y111        CARRY4 (Prop_carry4_CI_CO[3])
                                                      0.053     0.665 r  student_top_inst/u_KLDJ_top/u_pipe_id_ex/ex_mem_exu_res_reg[23]_i_3/CO[3]
                         net (fo=1, routed)           0.000     0.665    student_top_inst/u_KLDJ_top/u_pipe_id_ex/ex_mem_exu_res_reg[23]_i_3_n_0
    SLICE_X79Y112                                                     r  student_top_inst/u_KLDJ_top/u_pipe_id_ex/ex_mem_exu_res_reg[27]_i_3/CI
    SLICE_X79Y112        CARRY4 (Prop_carry4_CI_CO[3])
                                                      0.053     0.718 r  student_top_inst/u_KLDJ_top/u_pipe_id_ex/ex_mem_exu_res_reg[27]_i_3/CO[3]
                         net (fo=1, routed)           0.000     0.718    student_top_inst/u_KLDJ_top/u_pipe_id_ex/ex_mem_exu_res_reg[27]_i_3_n_0
    SLICE_X79Y113                                                     r  student_top_inst/u_KLDJ_top/u_pipe_id_ex/ex_mem_exu_res_reg[31]_i_3/CI
    SLICE_X79Y113        CARRY4 (Prop_carry4_CI_O[0])
                                                      0.111     0.829 f  student_top_inst/u_KLDJ_top/u_pipe_id_ex/ex_mem_exu_res_reg[31]_i_3/O[0]
                         net (fo=2, routed)           0.528     1.357    student_top_inst/u_KLDJ_top/u_pipe_id_ex/ex_mem_exu_res_reg[31]_i_3_n_7
    SLICE_X77Y111                                                     f  student_top_inst/u_KLDJ_top/u_pipe_id_ex/bram_addr_r[15]_i_6/I1
    SLICE_X77Y111        LUT6 (Prop_lut6_I1_O)        0.124     1.481 f  student_top_inst/u_KLDJ_top/u_pipe_id_ex/bram_addr_r[15]_i_6/O
                         net (fo=1, routed)           0.350     1.830    student_top_inst/u_KLDJ_top/u_pipe_id_ex/bram_addr_r[15]_i_6_n_0
    SLICE_X77Y108                                                     f  student_top_inst/u_KLDJ_top/u_pipe_id_ex/bram_addr_r[15]_i_3/I4
    SLICE_X77Y108        LUT5 (Prop_lut5_I4_O)        0.043     1.873 f  student_top_inst/u_KLDJ_top/u_pipe_id_ex/bram_addr_r[15]_i_3/O
                         net (fo=6, routed)           0.372     2.245    student_top_inst/u_KLDJ_top/u_pipe_id_ex/bram_addr_r[15]_i_3_n_0
    SLICE_X77Y105                                                     f  student_top_inst/u_KLDJ_top/u_pipe_id_ex/rd_is_seg_q_i_3/I4
    SLICE_X77Y105        LUT5 (Prop_lut5_I4_O)        0.043     2.288 f  student_top_inst/u_KLDJ_top/u_pipe_id_ex/rd_is_seg_q_i_3/O
                         net (fo=29, routed)          0.463     2.751    student_top_inst/u_KLDJ_top/u_pipe_id_ex/bram_addr_r[15]_i_3_0
    SLICE_X64Y102                                                     f  student_top_inst/u_KLDJ_top/u_pipe_id_ex/LED[31]_i_3/I5
    SLICE_X64Y102        LUT6 (Prop_lut6_I5_O)        0.043     2.794 r  student_top_inst/u_KLDJ_top/u_pipe_id_ex/LED[31]_i_3/O
                         net (fo=3, routed)           0.208     3.003    student_top_inst/u_KLDJ_top/u_pipe_id_ex/LED[31]_i_3_n_0
    SLICE_X60Y102                                                     r  student_top_inst/u_KLDJ_top/u_pipe_id_ex/LED[31]_i_1/I0
    SLICE_X60Y102        LUT6 (Prop_lut6_I0_O)        0.043     3.046 r  student_top_inst/u_KLDJ_top/u_pipe_id_ex/LED[31]_i_1/O
                         net (fo=64, routed)          0.805     3.850    student_top_inst/bridge_inst/E[0]
    SLICE_X41Y106        FDRE                                         r  student_top_inst/bridge_inst/LED_reg[0]_lopt_replica/CE
  -------------------------------------------------------------------    -------------------

                         (clock clk_out2_pll rise edge)
                                                      5.714     5.714 r  
    AD12                                              0.000     5.714 r  i_sys_clk_p (IN)
                         net (fo=0)                   0.000     5.714    pll_inst/inst/clk_in1_p
    AD12                                                              r  pll_inst/inst/clkin1_ibufgds/I
    AD12                 IBUFDS (Prop_ibufds_I_O)     0.803     6.518 r  pll_inst/inst/clkin1_ibufgds/O
                         net (fo=1, routed)           1.001     7.519    pll_inst/inst/clk_in1_pll
    PLLE2_ADV_X1Y1                                                    r  pll_inst/inst/plle2_adv_inst/CLKIN1
    PLLE2_ADV_X1Y1       PLLE2_ADV (Prop_plle2_adv_CLKIN1_CLKOUT1)
                                                     -7.261     0.258 r  pll_inst/inst/plle2_adv_inst/CLKOUT1
                         net (fo=1, routed)           2.003     2.261    pll_inst/inst/clk_out2_pll
    BUFGCTRL_X0Y0                                                     r  pll_inst/inst/clkout2_buf/I
    BUFGCTRL_X0Y0        BUFG (Prop_bufg_I_O)         0.083     2.344 r  pll_inst/inst/clkout2_buf/O
                         net (fo=5999, routed)        1.323     3.667    student_top_inst/bridge_inst/clk_out2
    SLICE_X41Y106        FDRE                                         r  student_top_inst/bridge_inst/LED_reg[0]_lopt_replica/C
                         clock pessimism             -0.448     3.219    
                         clock uncertainty           -0.077     3.142    
    SLICE_X41Y106        FDRE (Setup_fdre_C_CE)      -0.201     2.941    student_top_inst/bridge_inst/LED_reg[0]_lopt_replica
  -------------------------------------------------------------------
                         required time                          2.941    
                         arrival time                          -3.850    
  -------------------------------------------------------------------
                         slack                                 -0.909    

Slack (VIOLATED) :        -0.906ns  (required time - arrival time)
  Source:                 student_top_inst/u_KLDJ_top/u_pipe_id_ex/id_ex_rs1_addr_reg[0]/C
                            (rising edge-triggered cell FDRE clocked by clk_out2_pll  {rise@0.000ns fall@2.857ns period=5.714ns})
  Destination:            student_top_inst/bridge_inst/LED_reg[17]_lopt_replica/CE
                            (rising edge-triggered cell FDRE clocked by clk_out2_pll  {rise@0.000ns fall@2.857ns period=5.714ns})
  Path Group:             clk_out2_pll
  Path Type:              Setup (Max at Slow Process Corner)
  Requirement:            5.714ns  (clk_out2_pll rise@5.714ns - clk_out2_pll rise@0.000ns)
  Data Path Delay:        6.282ns  (logic 1.379ns (21.952%)  route 4.903ns (78.048%))
  Logic Levels:           17  (CARRY4=8 LUT2=1 LUT5=4 LUT6=4)
  Clock Path Skew:        -0.060ns (DCD - SCD + CPR)
    Destination Clock Delay (DCD):    -2.047ns = ( 3.668 - 5.714 ) 
    Source Clock Delay      (SCD):    -2.434ns
    Clock Pessimism Removal (CPR):    -0.448ns
  Clock Uncertainty:      0.077ns  ((TSJ^2 + DJ^2)^1/2) / 2 + PE
    Total System Jitter     (TSJ):    0.071ns
    Discrete Jitter          (DJ):    0.137ns
    Phase Error              (PE):    0.000ns

    Location             Delay type                Incr(ns)  Path(ns)    Netlist Resource(s)
  -------------------------------------------------------------------    -------------------
                         (clock clk_out2_pll rise edge)
                                                      0.000     0.000 r  
    AD12                                              0.000     0.000 r  i_sys_clk_p (IN)
                         net (fo=0)                   0.000     0.000    pll_inst/inst/clk_in1_p
    AD12                                                              r  pll_inst/inst/clkin1_ibufgds/I
    AD12                 IBUFDS (Prop_ibufds_I_O)     0.906     0.906 r  pll_inst/inst/clkin1_ibufgds/O
                         net (fo=1, routed)           1.098     2.004    pll_inst/inst/clk_in1_pll
    PLLE2_ADV_X1Y1                                                    r  pll_inst/inst/plle2_adv_inst/CLKIN1
    PLLE2_ADV_X1Y1       PLLE2_ADV (Prop_plle2_adv_CLKIN1_CLKOUT1)
                                                     -8.058    -6.054 r  pll_inst/inst/plle2_adv_inst/CLKOUT1
                         net (fo=1, routed)           2.128    -3.926    pll_inst/inst/clk_out2_pll
    BUFGCTRL_X0Y0                                                     r  pll_inst/inst/clkout2_buf/I
    BUFGCTRL_X0Y0        BUFG (Prop_bufg_I_O)         0.093    -3.833 r  pll_inst/inst/clkout2_buf/O
                         net (fo=5999, routed)        1.399    -2.434    student_top_inst/u_KLDJ_top/u_pipe_id_ex/clk_out2
    SLICE_X83Y109        FDRE                                         r  student_top_inst/u_KLDJ_top/u_pipe_id_ex/id_ex_rs1_addr_reg[0]/C
  -------------------------------------------------------------------    -------------------
    SLICE_X83Y109        FDRE (Prop_fdre_C_Q)         0.223    -2.211 r  student_top_inst/u_KLDJ_top/u_pipe_id_ex/id_ex_rs1_addr_reg[0]/Q
                         net (fo=3, routed)           0.644    -1.567    student_top_inst/u_KLDJ_top/u_pipe_id_ex/id_ex_rs1_addr_reg[4]_0[0]
    SLICE_X82Y111                                                     r  student_top_inst/u_KLDJ_top/u_pipe_id_ex/rs1_q[31]_i_11/I0
    SLICE_X82Y111        LUT6 (Prop_lut6_I0_O)        0.043    -1.524 r  student_top_inst/u_KLDJ_top/u_pipe_id_ex/rs1_q[31]_i_11/O
                         net (fo=32, routed)          0.390    -1.134    student_top_inst/u_KLDJ_top/u_pipe_id_ex/rs1_q[31]_i_11_n_0
    SLICE_X80Y111                                                     r  student_top_inst/u_KLDJ_top/u_pipe_id_ex/rs1_q[0]_i_2/I3
    SLICE_X80Y111        LUT5 (Prop_lut5_I3_O)        0.043    -1.091 r  student_top_inst/u_KLDJ_top/u_pipe_id_ex/rs1_q[0]_i_2/O
                         net (fo=2, routed)           0.451    -0.640    student_top_inst/u_KLDJ_top/u_pipe_id_ex/rs1_q[0]_i_2_n_0
    SLICE_X84Y114                                                     r  student_top_inst/u_KLDJ_top/u_pipe_id_ex/rs1_q[0]_i_1/I2
    SLICE_X84Y114        LUT5 (Prop_lut5_I2_O)        0.043    -0.597 r  student_top_inst/u_KLDJ_top/u_pipe_id_ex/rs1_q[0]_i_1/O
                         net (fo=30, routed)          0.695     0.098    student_top_inst/u_KLDJ_top/u_pipe_id_ex/ex_data1[0]
    SLICE_X79Y106                                                     r  student_top_inst/u_KLDJ_top/u_pipe_id_ex/ex_mem_exu_res[3]_i_8/I0
    SLICE_X79Y106        LUT2 (Prop_lut2_I0_O)        0.043     0.141 r  student_top_inst/u_KLDJ_top/u_pipe_id_ex/ex_mem_exu_res[3]_i_8/O
                         net (fo=1, routed)           0.000     0.141    student_top_inst/u_KLDJ_top/u_pipe_id_ex/ex_mem_exu_res[3]_i_8_n_0
    SLICE_X79Y106                                                     r  student_top_inst/u_KLDJ_top/u_pipe_id_ex/ex_mem_exu_res_reg[3]_i_3/S[0]
    SLICE_X79Y106        CARRY4 (Prop_carry4_S[0]_CO[3])
                                                      0.259     0.400 r  student_top_inst/u_KLDJ_top/u_pipe_id_ex/ex_mem_exu_res_reg[3]_i_3/CO[3]
                         net (fo=1, routed)           0.000     0.400    student_top_inst/u_KLDJ_top/u_pipe_id_ex/ex_mem_exu_res_reg[3]_i_3_n_0
    SLICE_X79Y107                                                     r  student_top_inst/u_KLDJ_top/u_pipe_id_ex/ex_mem_exu_res_reg[7]_i_3/CI
    SLICE_X79Y107        CARRY4 (Prop_carry4_CI_CO[3])
                                                      0.053     0.453 r  student_top_inst/u_KLDJ_top/u_pipe_id_ex/ex_mem_exu_res_reg[7]_i_3/CO[3]
                         net (fo=1, routed)           0.000     0.453    student_top_inst/u_KLDJ_top/u_pipe_id_ex/ex_mem_exu_res_reg[7]_i_3_n_0
    SLICE_X79Y108                                                     r  student_top_inst/u_KLDJ_top/u_pipe_id_ex/ex_mem_exu_res_reg[11]_i_3/CI
    SLICE_X79Y108        CARRY4 (Prop_carry4_CI_CO[3])
                                                      0.053     0.506 r  student_top_inst/u_KLDJ_top/u_pipe_id_ex/ex_mem_exu_res_reg[11]_i_3/CO[3]
                         net (fo=1, routed)           0.000     0.506    student_top_inst/u_KLDJ_top/u_pipe_id_ex/ex_mem_exu_res_reg[11]_i_3_n_0
    SLICE_X79Y109                                                     r  student_top_inst/u_KLDJ_top/u_pipe_id_ex/ex_mem_exu_res_reg[15]_i_3/CI
    SLICE_X79Y109        CARRY4 (Prop_carry4_CI_CO[3])
                                                      0.053     0.559 r  student_top_inst/u_KLDJ_top/u_pipe_id_ex/ex_mem_exu_res_reg[15]_i_3/CO[3]
                         net (fo=1, routed)           0.000     0.559    student_top_inst/u_KLDJ_top/u_pipe_id_ex/ex_mem_exu_res_reg[15]_i_3_n_0
    SLICE_X79Y110                                                     r  student_top_inst/u_KLDJ_top/u_pipe_id_ex/ex_mem_exu_res_reg[19]_i_3/CI
    SLICE_X79Y110        CARRY4 (Prop_carry4_CI_CO[3])
                                                      0.053     0.612 r  student_top_inst/u_KLDJ_top/u_pipe_id_ex/ex_mem_exu_res_reg[19]_i_3/CO[3]
                         net (fo=1, routed)           0.000     0.612    student_top_inst/u_KLDJ_top/u_pipe_id_ex/ex_mem_exu_res_reg[19]_i_3_n_0
    SLICE_X79Y111                                                     r  student_top_inst/u_KLDJ_top/u_pipe_id_ex/ex_mem_exu_res_reg[23]_i_3/CI
    SLICE_X79Y111        CARRY4 (Prop_carry4_CI_CO[3])
                                                      0.053     0.665 r  student_top_inst/u_KLDJ_top/u_pipe_id_ex/ex_mem_exu_res_reg[23]_i_3/CO[3]
                         net (fo=1, routed)           0.000     0.665    student_top_inst/u_KLDJ_top/u_pipe_id_ex/ex_mem_exu_res_reg[23]_i_3_n_0
    SLICE_X79Y112                                                     r  student_top_inst/u_KLDJ_top/u_pipe_id_ex/ex_mem_exu_res_reg[27]_i_3/CI
    SLICE_X79Y112        CARRY4 (Prop_carry4_CI_CO[3])
                                                      0.053     0.718 r  student_top_inst/u_KLDJ_top/u_pipe_id_ex/ex_mem_exu_res_reg[27]_i_3/CO[3]
                         net (fo=1, routed)           0.000     0.718    student_top_inst/u_KLDJ_top/u_pipe_id_ex/ex_mem_exu_res_reg[27]_i_3_n_0
    SLICE_X79Y113                                                     r  student_top_inst/u_KLDJ_top/u_pipe_id_ex/ex_mem_exu_res_reg[31]_i_3/CI
    SLICE_X79Y113        CARRY4 (Prop_carry4_CI_O[0])
                                                      0.111     0.829 f  student_top_inst/u_KLDJ_top/u_pipe_id_ex/ex_mem_exu_res_reg[31]_i_3/O[0]
                         net (fo=2, routed)           0.528     1.357    student_top_inst/u_KLDJ_top/u_pipe_id_ex/ex_mem_exu_res_reg[31]_i_3_n_7
    SLICE_X77Y111                                                     f  student_top_inst/u_KLDJ_top/u_pipe_id_ex/bram_addr_r[15]_i_6/I1
    SLICE_X77Y111        LUT6 (Prop_lut6_I1_O)        0.124     1.481 f  student_top_inst/u_KLDJ_top/u_pipe_id_ex/bram_addr_r[15]_i_6/O
                         net (fo=1, routed)           0.350     1.830    student_top_inst/u_KLDJ_top/u_pipe_id_ex/bram_addr_r[15]_i_6_n_0
    SLICE_X77Y108                                                     f  student_top_inst/u_KLDJ_top/u_pipe_id_ex/bram_addr_r[15]_i_3/I4
    SLICE_X77Y108        LUT5 (Prop_lut5_I4_O)        0.043     1.873 f  student_top_inst/u_KLDJ_top/u_pipe_id_ex/bram_addr_r[15]_i_3/O
                         net (fo=6, routed)           0.372     2.245    student_top_inst/u_KLDJ_top/u_pipe_id_ex/bram_addr_r[15]_i_3_n_0
    SLICE_X77Y105                                                     f  student_top_inst/u_KLDJ_top/u_pipe_id_ex/rd_is_seg_q_i_3/I4
    SLICE_X77Y105        LUT5 (Prop_lut5_I4_O)        0.043     2.288 f  student_top_inst/u_KLDJ_top/u_pipe_id_ex/rd_is_seg_q_i_3/O
                         net (fo=29, routed)          0.463     2.751    student_top_inst/u_KLDJ_top/u_pipe_id_ex/bram_addr_r[15]_i_3_0
    SLICE_X64Y102                                                     f  student_top_inst/u_KLDJ_top/u_pipe_id_ex/LED[31]_i_3/I5
    SLICE_X64Y102        LUT6 (Prop_lut6_I5_O)        0.043     2.794 r  student_top_inst/u_KLDJ_top/u_pipe_id_ex/LED[31]_i_3/O
                         net (fo=3, routed)           0.208     3.003    student_top_inst/u_KLDJ_top/u_pipe_id_ex/LED[31]_i_3_n_0
    SLICE_X60Y102                                                     r  student_top_inst/u_KLDJ_top/u_pipe_id_ex/LED[31]_i_1/I0
    SLICE_X60Y102        LUT6 (Prop_lut6_I0_O)        0.043     3.046 r  student_top_inst/u_KLDJ_top/u_pipe_id_ex/LED[31]_i_1/O
                         net (fo=64, routed)          0.802     3.848    student_top_inst/bridge_inst/E[0]
    SLICE_X40Y104        FDRE                                         r  student_top_inst/bridge_inst/LED_reg[17]_lopt_replica/CE
  -------------------------------------------------------------------    -------------------

                         (clock clk_out2_pll rise edge)
                                                      5.714     5.714 r  
    AD12                                              0.000     5.714 r  i_sys_clk_p (IN)
                         net (fo=0)                   0.000     5.714    pll_inst/inst/clk_in1_p
    AD12                                                              r  pll_inst/inst/clkin1_ibufgds/I
    AD12                 IBUFDS (Prop_ibufds_I_O)     0.803     6.518 r  pll_inst/inst/clkin1_ibufgds/O
                         net (fo=1, routed)           1.001     7.519    pll_inst/inst/clk_in1_pll
    PLLE2_ADV_X1Y1                                                    r  pll_inst/inst/plle2_adv_inst/CLKIN1
    PLLE2_ADV_X1Y1       PLLE2_ADV (Prop_plle2_adv_CLKIN1_CLKOUT1)
                                                     -7.261     0.258 r  pll_inst/inst/plle2_adv_inst/CLKOUT1
                         net (fo=1, routed)           2.003     2.261    pll_inst/inst/clk_out2_pll
    BUFGCTRL_X0Y0                                                     r  pll_inst/inst/clkout2_buf/I
    BUFGCTRL_X0Y0        BUFG (Prop_bufg_I_O)         0.083     2.344 r  pll_inst/inst/clkout2_buf/O
                         net (fo=5999, routed)        1.324     3.668    student_top_inst/bridge_inst/clk_out2
    SLICE_X40Y104        FDRE                                         r  student_top_inst/bridge_inst/LED_reg[17]_lopt_replica/C
                         clock pessimism             -0.448     3.220    
                         clock uncertainty           -0.077     3.143    
    SLICE_X40Y104        FDRE (Setup_fdre_C_CE)      -0.201     2.942    student_top_inst/bridge_inst/LED_reg[17]_lopt_replica
  -------------------------------------------------------------------
                         required time                          2.942    
                         arrival time                          -3.848    
  -------------------------------------------------------------------
                         slack                                 -0.906    

Slack (VIOLATED) :        -0.906ns  (required time - arrival time)
  Source:                 student_top_inst/u_KLDJ_top/u_pipe_id_ex/id_ex_rs1_addr_reg[0]/C
                            (rising edge-triggered cell FDRE clocked by clk_out2_pll  {rise@0.000ns fall@2.857ns period=5.714ns})
  Destination:            student_top_inst/bridge_inst/LED_reg[1]_lopt_replica/CE
                            (rising edge-triggered cell FDRE clocked by clk_out2_pll  {rise@0.000ns fall@2.857ns period=5.714ns})
  Path Group:             clk_out2_pll
  Path Type:              Setup (Max at Slow Process Corner)
  Requirement:            5.714ns  (clk_out2_pll rise@5.714ns - clk_out2_pll rise@0.000ns)
  Data Path Delay:        6.282ns  (logic 1.379ns (21.952%)  route 4.903ns (78.048%))
  Logic Levels:           17  (CARRY4=8 LUT2=1 LUT5=4 LUT6=4)
  Clock Path Skew:        -0.060ns (DCD - SCD + CPR)
    Destination Clock Delay (DCD):    -2.047ns = ( 3.668 - 5.714 ) 
    Source Clock Delay      (SCD):    -2.434ns
    Clock Pessimism Removal (CPR):    -0.448ns
  Clock Uncertainty:      0.077ns  ((TSJ^2 + DJ^2)^1/2) / 2 + PE
    Total System Jitter     (TSJ):    0.071ns
    Discrete Jitter          (DJ):    0.137ns
    Phase Error              (PE):    0.000ns

    Location             Delay type                Incr(ns)  Path(ns)    Netlist Resource(s)
  -------------------------------------------------------------------    -------------------
                         (clock clk_out2_pll rise edge)
                                                      0.000     0.000 r  
    AD12                                              0.000     0.000 r  i_sys_clk_p (IN)
                         net (fo=0)                   0.000     0.000    pll_inst/inst/clk_in1_p
    AD12                                                              r  pll_inst/inst/clkin1_ibufgds/I
    AD12                 IBUFDS (Prop_ibufds_I_O)     0.906     0.906 r  pll_inst/inst/clkin1_ibufgds/O
                         net (fo=1, routed)           1.098     2.004    pll_inst/inst/clk_in1_pll
    PLLE2_ADV_X1Y1                                                    r  pll_inst/inst/plle2_adv_inst/CLKIN1
    PLLE2_ADV_X1Y1       PLLE2_ADV (Prop_plle2_adv_CLKIN1_CLKOUT1)
                                                     -8.058    -6.054 r  pll_inst/inst/plle2_adv_inst/CLKOUT1
                         net (fo=1, routed)           2.128    -3.926    pll_inst/inst/clk_out2_pll
    BUFGCTRL_X0Y0                                                     r  pll_inst/inst/clkout2_buf/I
    BUFGCTRL_X0Y0        BUFG (Prop_bufg_I_O)         0.093    -3.833 r  pll_inst/inst/clkout2_buf/O
                         net (fo=5999, routed)        1.399    -2.434    student_top_inst/u_KLDJ_top/u_pipe_id_ex/clk_out2
    SLICE_X83Y109        FDRE                                         r  student_top_inst/u_KLDJ_top/u_pipe_id_ex/id_ex_rs1_addr_reg[0]/C
  -------------------------------------------------------------------    -------------------
    SLICE_X83Y109        FDRE (Prop_fdre_C_Q)         0.223    -2.211 r  student_top_inst/u_KLDJ_top/u_pipe_id_ex/id_ex_rs1_addr_reg[0]/Q
                         net (fo=3, routed)           0.644    -1.567    student_top_inst/u_KLDJ_top/u_pipe_id_ex/id_ex_rs1_addr_reg[4]_0[0]
    SLICE_X82Y111                                                     r  student_top_inst/u_KLDJ_top/u_pipe_id_ex/rs1_q[31]_i_11/I0
    SLICE_X82Y111        LUT6 (Prop_lut6_I0_O)        0.043    -1.524 r  student_top_inst/u_KLDJ_top/u_pipe_id_ex/rs1_q[31]_i_11/O
                         net (fo=32, routed)          0.390    -1.134    student_top_inst/u_KLDJ_top/u_pipe_id_ex/rs1_q[31]_i_11_n_0
    SLICE_X80Y111                                                     r  student_top_inst/u_KLDJ_top/u_pipe_id_ex/rs1_q[0]_i_2/I3
    SLICE_X80Y111        LUT5 (Prop_lut5_I3_O)        0.043    -1.091 r  student_top_inst/u_KLDJ_top/u_pipe_id_ex/rs1_q[0]_i_2/O
                         net (fo=2, routed)           0.451    -0.640    student_top_inst/u_KLDJ_top/u_pipe_id_ex/rs1_q[0]_i_2_n_0
    SLICE_X84Y114                                                     r  student_top_inst/u_KLDJ_top/u_pipe_id_ex/rs1_q[0]_i_1/I2
    SLICE_X84Y114        LUT5 (Prop_lut5_I2_O)        0.043    -0.597 r  student_top_inst/u_KLDJ_top/u_pipe_id_ex/rs1_q[0]_i_1/O
                         net (fo=30, routed)          0.695     0.098    student_top_inst/u_KLDJ_top/u_pipe_id_ex/ex_data1[0]
    SLICE_X79Y106                                                     r  student_top_inst/u_KLDJ_top/u_pipe_id_ex/ex_mem_exu_res[3]_i_8/I0
    SLICE_X79Y106        LUT2 (Prop_lut2_I0_O)        0.043     0.141 r  student_top_inst/u_KLDJ_top/u_pipe_id_ex/ex_mem_exu_res[3]_i_8/O
                         net (fo=1, routed)           0.000     0.141    student_top_inst/u_KLDJ_top/u_pipe_id_ex/ex_mem_exu_res[3]_i_8_n_0
    SLICE_X79Y106                                                     r  student_top_inst/u_KLDJ_top/u_pipe_id_ex/ex_mem_exu_res_reg[3]_i_3/S[0]
    SLICE_X79Y106        CARRY4 (Prop_carry4_S[0]_CO[3])
                                                      0.259     0.400 r  student_top_inst/u_KLDJ_top/u_pipe_id_ex/ex_mem_exu_res_reg[3]_i_3/CO[3]
                         net (fo=1, routed)           0.000     0.400    student_top_inst/u_KLDJ_top/u_pipe_id_ex/ex_mem_exu_res_reg[3]_i_3_n_0
    SLICE_X79Y107                                                     r  student_top_inst/u_KLDJ_top/u_pipe_id_ex/ex_mem_exu_res_reg[7]_i_3/CI
    SLICE_X79Y107        CARRY4 (Prop_carry4_CI_CO[3])
                                                      0.053     0.453 r  student_top_inst/u_KLDJ_top/u_pipe_id_ex/ex_mem_exu_res_reg[7]_i_3/CO[3]
                         net (fo=1, routed)           0.000     0.453    student_top_inst/u_KLDJ_top/u_pipe_id_ex/ex_mem_exu_res_reg[7]_i_3_n_0
    SLICE_X79Y108                                                     r  student_top_inst/u_KLDJ_top/u_pipe_id_ex/ex_mem_exu_res_reg[11]_i_3/CI
    SLICE_X79Y108        CARRY4 (Prop_carry4_CI_CO[3])
                                                      0.053     0.506 r  student_top_inst/u_KLDJ_top/u_pipe_id_ex/ex_mem_exu_res_reg[11]_i_3/CO[3]
                         net (fo=1, routed)           0.000     0.506    student_top_inst/u_KLDJ_top/u_pipe_id_ex/ex_mem_exu_res_reg[11]_i_3_n_0
    SLICE_X79Y109                                                     r  student_top_inst/u_KLDJ_top/u_pipe_id_ex/ex_mem_exu_res_reg[15]_i_3/CI
    SLICE_X79Y109        CARRY4 (Prop_carry4_CI_CO[3])
                                                      0.053     0.559 r  student_top_inst/u_KLDJ_top/u_pipe_id_ex/ex_mem_exu_res_reg[15]_i_3/CO[3]
                         net (fo=1, routed)           0.000     0.559    student_top_inst/u_KLDJ_top/u_pipe_id_ex/ex_mem_exu_res_reg[15]_i_3_n_0
    SLICE_X79Y110                                                     r  student_top_inst/u_KLDJ_top/u_pipe_id_ex/ex_mem_exu_res_reg[19]_i_3/CI
    SLICE_X79Y110        CARRY4 (Prop_carry4_CI_CO[3])
                                                      0.053     0.612 r  student_top_inst/u_KLDJ_top/u_pipe_id_ex/ex_mem_exu_res_reg[19]_i_3/CO[3]
                         net (fo=1, routed)           0.000     0.612    student_top_inst/u_KLDJ_top/u_pipe_id_ex/ex_mem_exu_res_reg[19]_i_3_n_0
    SLICE_X79Y111                                                     r  student_top_inst/u_KLDJ_top/u_pipe_id_ex/ex_mem_exu_res_reg[23]_i_3/CI
    SLICE_X79Y111        CARRY4 (Prop_carry4_CI_CO[3])
                                                      0.053     0.665 r  student_top_inst/u_KLDJ_top/u_pipe_id_ex/ex_mem_exu_res_reg[23]_i_3/CO[3]
                         net (fo=1, routed)           0.000     0.665    student_top_inst/u_KLDJ_top/u_pipe_id_ex/ex_mem_exu_res_reg[23]_i_3_n_0
    SLICE_X79Y112                                                     r  student_top_inst/u_KLDJ_top/u_pipe_id_ex/ex_mem_exu_res_reg[27]_i_3/CI
    SLICE_X79Y112        CARRY4 (Prop_carry4_CI_CO[3])
                                                      0.053     0.718 r  student_top_inst/u_KLDJ_top/u_pipe_id_ex/ex_mem_exu_res_reg[27]_i_3/CO[3]
                         net (fo=1, routed)           0.000     0.718    student_top_inst/u_KLDJ_top/u_pipe_id_ex/ex_mem_exu_res_reg[27]_i_3_n_0
    SLICE_X79Y113                                                     r  student_top_inst/u_KLDJ_top/u_pipe_id_ex/ex_mem_exu_res_reg[31]_i_3/CI
    SLICE_X79Y113        CARRY4 (Prop_carry4_CI_O[0])
                                                      0.111     0.829 f  student_top_inst/u_KLDJ_top/u_pipe_id_ex/ex_mem_exu_res_reg[31]_i_3/O[0]
                         net (fo=2, routed)           0.528     1.357    student_top_inst/u_KLDJ_top/u_pipe_id_ex/ex_mem_exu_res_reg[31]_i_3_n_7
    SLICE_X77Y111                                                     f  student_top_inst/u_KLDJ_top/u_pipe_id_ex/bram_addr_r[15]_i_6/I1
    SLICE_X77Y111        LUT6 (Prop_lut6_I1_O)        0.124     1.481 f  student_top_inst/u_KLDJ_top/u_pipe_id_ex/bram_addr_r[15]_i_6/O
                         net (fo=1, routed)           0.350     1.830    student_top_inst/u_KLDJ_top/u_pipe_id_ex/bram_addr_r[15]_i_6_n_0
    SLICE_X77Y108                                                     f  student_top_inst/u_KLDJ_top/u_pipe_id_ex/bram_addr_r[15]_i_3/I4
    SLICE_X77Y108        LUT5 (Prop_lut5_I4_O)        0.043     1.873 f  student_top_inst/u_KLDJ_top/u_pipe_id_ex/bram_addr_r[15]_i_3/O
                         net (fo=6, routed)           0.372     2.245    student_top_inst/u_KLDJ_top/u_pipe_id_ex/bram_addr_r[15]_i_3_n_0
    SLICE_X77Y105                                                     f  student_top_inst/u_KLDJ_top/u_pipe_id_ex/rd_is_seg_q_i_3/I4
    SLICE_X77Y105        LUT5 (Prop_lut5_I4_O)        0.043     2.288 f  student_top_inst/u_KLDJ_top/u_pipe_id_ex/rd_is_seg_q_i_3/O
                         net (fo=29, routed)          0.463     2.751    student_top_inst/u_KLDJ_top/u_pipe_id_ex/bram_addr_r[15]_i_3_0
    SLICE_X64Y102                                                     f  student_top_inst/u_KLDJ_top/u_pipe_id_ex/LED[31]_i_3/I5
    SLICE_X64Y102        LUT6 (Prop_lut6_I5_O)        0.043     2.794 r  student_top_inst/u_KLDJ_top/u_pipe_id_ex/LED[31]_i_3/O
                         net (fo=3, routed)           0.208     3.003    student_top_inst/u_KLDJ_top/u_pipe_id_ex/LED[31]_i_3_n_0
    SLICE_X60Y102                                                     r  student_top_inst/u_KLDJ_top/u_pipe_id_ex/LED[31]_i_1/I0
    SLICE_X60Y102        LUT6 (Prop_lut6_I0_O)        0.043     3.046 r  student_top_inst/u_KLDJ_top/u_pipe_id_ex/LED[31]_i_1/O
                         net (fo=64, routed)          0.802     3.848    student_top_inst/bridge_inst/E[0]
    SLICE_X40Y104        FDRE                                         r  student_top_inst/bridge_inst/LED_reg[1]_lopt_replica/CE
  -------------------------------------------------------------------    -------------------

                         (clock clk_out2_pll rise edge)
                                                      5.714     5.714 r  
    AD12                                              0.000     5.714 r  i_sys_clk_p (IN)
                         net (fo=0)                   0.000     5.714    pll_inst/inst/clk_in1_p
    AD12                                                              r  pll_inst/inst/clkin1_ibufgds/I
    AD12                 IBUFDS (Prop_ibufds_I_O)     0.803     6.518 r  pll_inst/inst/clkin1_ibufgds/O
                         net (fo=1, routed)           1.001     7.519    pll_inst/inst/clk_in1_pll
    PLLE2_ADV_X1Y1                                                    r  pll_inst/inst/plle2_adv_inst/CLKIN1
    PLLE2_ADV_X1Y1       PLLE2_ADV (Prop_plle2_adv_CLKIN1_CLKOUT1)
                                                     -7.261     0.258 r  pll_inst/inst/plle2_adv_inst/CLKOUT1
                         net (fo=1, routed)           2.003     2.261    pll_inst/inst/clk_out2_pll
    BUFGCTRL_X0Y0                                                     r  pll_inst/inst/clkout2_buf/I
    BUFGCTRL_X0Y0        BUFG (Prop_bufg_I_O)         0.083     2.344 r  pll_inst/inst/clkout2_buf/O
                         net (fo=5999, routed)        1.324     3.668    student_top_inst/bridge_inst/clk_out2
    SLICE_X40Y104        FDRE                                         r  student_top_inst/bridge_inst/LED_reg[1]_lopt_replica/C
                         clock pessimism             -0.448     3.220    
                         clock uncertainty           -0.077     3.143    
    SLICE_X40Y104        FDRE (Setup_fdre_C_CE)      -0.201     2.942    student_top_inst/bridge_inst/LED_reg[1]_lopt_replica
  -------------------------------------------------------------------
                         required time                          2.942    
                         arrival time                          -3.848    
  -------------------------------------------------------------------
                         slack                                 -0.906    

Slack (VIOLATED) :        -0.906ns  (required time - arrival time)
  Source:                 student_top_inst/u_KLDJ_top/u_pipe_id_ex/id_ex_rs1_addr_reg[0]/C
                            (rising edge-triggered cell FDRE clocked by clk_out2_pll  {rise@0.000ns fall@2.857ns period=5.714ns})
  Destination:            student_top_inst/bridge_inst/LED_reg[21]_lopt_replica/CE
                            (rising edge-triggered cell FDRE clocked by clk_out2_pll  {rise@0.000ns fall@2.857ns period=5.714ns})
  Path Group:             clk_out2_pll
  Path Type:              Setup (Max at Slow Process Corner)
  Requirement:            5.714ns  (clk_out2_pll rise@5.714ns - clk_out2_pll rise@0.000ns)
  Data Path Delay:        6.282ns  (logic 1.379ns (21.952%)  route 4.903ns (78.048%))
  Logic Levels:           17  (CARRY4=8 LUT2=1 LUT5=4 LUT6=4)
  Clock Path Skew:        -0.060ns (DCD - SCD + CPR)
    Destination Clock Delay (DCD):    -2.047ns = ( 3.668 - 5.714 ) 
    Source Clock Delay      (SCD):    -2.434ns
    Clock Pessimism Removal (CPR):    -0.448ns
  Clock Uncertainty:      0.077ns  ((TSJ^2 + DJ^2)^1/2) / 2 + PE
    Total System Jitter     (TSJ):    0.071ns
    Discrete Jitter          (DJ):    0.137ns
    Phase Error              (PE):    0.000ns

    Location             Delay type                Incr(ns)  Path(ns)    Netlist Resource(s)
  -------------------------------------------------------------------    -------------------
                         (clock clk_out2_pll rise edge)
                                                      0.000     0.000 r  
    AD12                                              0.000     0.000 r  i_sys_clk_p (IN)
                         net (fo=0)                   0.000     0.000    pll_inst/inst/clk_in1_p
    AD12                                                              r  pll_inst/inst/clkin1_ibufgds/I
    AD12                 IBUFDS (Prop_ibufds_I_O)     0.906     0.906 r  pll_inst/inst/clkin1_ibufgds/O
                         net (fo=1, routed)           1.098     2.004    pll_inst/inst/clk_in1_pll
    PLLE2_ADV_X1Y1                                                    r  pll_inst/inst/plle2_adv_inst/CLKIN1
    PLLE2_ADV_X1Y1       PLLE2_ADV (Prop_plle2_adv_CLKIN1_CLKOUT1)
                                                     -8.058    -6.054 r  pll_inst/inst/plle2_adv_inst/CLKOUT1
                         net (fo=1, routed)           2.128    -3.926    pll_inst/inst/clk_out2_pll
    BUFGCTRL_X0Y0                                                     r  pll_inst/inst/clkout2_buf/I
    BUFGCTRL_X0Y0        BUFG (Prop_bufg_I_O)         0.093    -3.833 r  pll_inst/inst/clkout2_buf/O
                         net (fo=5999, routed)        1.399    -2.434    student_top_inst/u_KLDJ_top/u_pipe_id_ex/clk_out2
    SLICE_X83Y109        FDRE                                         r  student_top_inst/u_KLDJ_top/u_pipe_id_ex/id_ex_rs1_addr_reg[0]/C
  -------------------------------------------------------------------    -------------------
    SLICE_X83Y109        FDRE (Prop_fdre_C_Q)         0.223    -2.211 r  student_top_inst/u_KLDJ_top/u_pipe_id_ex/id_ex_rs1_addr_reg[0]/Q
                         net (fo=3, routed)           0.644    -1.567    student_top_inst/u_KLDJ_top/u_pipe_id_ex/id_ex_rs1_addr_reg[4]_0[0]
    SLICE_X82Y111                                                     r  student_top_inst/u_KLDJ_top/u_pipe_id_ex/rs1_q[31]_i_11/I0
    SLICE_X82Y111        LUT6 (Prop_lut6_I0_O)        0.043    -1.524 r  student_top_inst/u_KLDJ_top/u_pipe_id_ex/rs1_q[31]_i_11/O
                         net (fo=32, routed)          0.390    -1.134    student_top_inst/u_KLDJ_top/u_pipe_id_ex/rs1_q[31]_i_11_n_0
    SLICE_X80Y111                                                     r  student_top_inst/u_KLDJ_top/u_pipe_id_ex/rs1_q[0]_i_2/I3
    SLICE_X80Y111        LUT5 (Prop_lut5_I3_O)        0.043    -1.091 r  student_top_inst/u_KLDJ_top/u_pipe_id_ex/rs1_q[0]_i_2/O
                         net (fo=2, routed)           0.451    -0.640    student_top_inst/u_KLDJ_top/u_pipe_id_ex/rs1_q[0]_i_2_n_0
    SLICE_X84Y114                                                     r  student_top_inst/u_KLDJ_top/u_pipe_id_ex/rs1_q[0]_i_1/I2
    SLICE_X84Y114        LUT5 (Prop_lut5_I2_O)        0.043    -0.597 r  student_top_inst/u_KLDJ_top/u_pipe_id_ex/rs1_q[0]_i_1/O
                         net (fo=30, routed)          0.695     0.098    student_top_inst/u_KLDJ_top/u_pipe_id_ex/ex_data1[0]
    SLICE_X79Y106                                                     r  student_top_inst/u_KLDJ_top/u_pipe_id_ex/ex_mem_exu_res[3]_i_8/I0
    SLICE_X79Y106        LUT2 (Prop_lut2_I0_O)        0.043     0.141 r  student_top_inst/u_KLDJ_top/u_pipe_id_ex/ex_mem_exu_res[3]_i_8/O
                         net (fo=1, routed)           0.000     0.141    student_top_inst/u_KLDJ_top/u_pipe_id_ex/ex_mem_exu_res[3]_i_8_n_0
    SLICE_X79Y106                                                     r  student_top_inst/u_KLDJ_top/u_pipe_id_ex/ex_mem_exu_res_reg[3]_i_3/S[0]
    SLICE_X79Y106        CARRY4 (Prop_carry4_S[0]_CO[3])
                                                      0.259     0.400 r  student_top_inst/u_KLDJ_top/u_pipe_id_ex/ex_mem_exu_res_reg[3]_i_3/CO[3]
                         net (fo=1, routed)           0.000     0.400    student_top_inst/u_KLDJ_top/u_pipe_id_ex/ex_mem_exu_res_reg[3]_i_3_n_0
    SLICE_X79Y107                                                     r  student_top_inst/u_KLDJ_top/u_pipe_id_ex/ex_mem_exu_res_reg[7]_i_3/CI
    SLICE_X79Y107        CARRY4 (Prop_carry4_CI_CO[3])
                                                      0.053     0.453 r  student_top_inst/u_KLDJ_top/u_pipe_id_ex/ex_mem_exu_res_reg[7]_i_3/CO[3]
                         net (fo=1, routed)           0.000     0.453    student_top_inst/u_KLDJ_top/u_pipe_id_ex/ex_mem_exu_res_reg[7]_i_3_n_0
    SLICE_X79Y108                                                     r  student_top_inst/u_KLDJ_top/u_pipe_id_ex/ex_mem_exu_res_reg[11]_i_3/CI
    SLICE_X79Y108        CARRY4 (Prop_carry4_CI_CO[3])
                                                      0.053     0.506 r  student_top_inst/u_KLDJ_top/u_pipe_id_ex/ex_mem_exu_res_reg[11]_i_3/CO[3]
                         net (fo=1, routed)           0.000     0.506    student_top_inst/u_KLDJ_top/u_pipe_id_ex/ex_mem_exu_res_reg[11]_i_3_n_0
    SLICE_X79Y109                                                     r  student_top_inst/u_KLDJ_top/u_pipe_id_ex/ex_mem_exu_res_reg[15]_i_3/CI
    SLICE_X79Y109        CARRY4 (Prop_carry4_CI_CO[3])
                                                      0.053     0.559 r  student_top_inst/u_KLDJ_top/u_pipe_id_ex/ex_mem_exu_res_reg[15]_i_3/CO[3]
                         net (fo=1, routed)           0.000     0.559    student_top_inst/u_KLDJ_top/u_pipe_id_ex/ex_mem_exu_res_reg[15]_i_3_n_0
    SLICE_X79Y110                                                     r  student_top_inst/u_KLDJ_top/u_pipe_id_ex/ex_mem_exu_res_reg[19]_i_3/CI
    SLICE_X79Y110        CARRY4 (Prop_carry4_CI_CO[3])
                                                      0.053     0.612 r  student_top_inst/u_KLDJ_top/u_pipe_id_ex/ex_mem_exu_res_reg[19]_i_3/CO[3]
                         net (fo=1, routed)           0.000     0.612    student_top_inst/u_KLDJ_top/u_pipe_id_ex/ex_mem_exu_res_reg[19]_i_3_n_0
    SLICE_X79Y111                                                     r  student_top_inst/u_KLDJ_top/u_pipe_id_ex/ex_mem_exu_res_reg[23]_i_3/CI
    SLICE_X79Y111        CARRY4 (Prop_carry4_CI_CO[3])
                                                      0.053     0.665 r  student_top_inst/u_KLDJ_top/u_pipe_id_ex/ex_mem_exu_res_reg[23]_i_3/CO[3]
                         net (fo=1, routed)           0.000     0.665    student_top_inst/u_KLDJ_top/u_pipe_id_ex/ex_mem_exu_res_reg[23]_i_3_n_0
    SLICE_X79Y112                                                     r  student_top_inst/u_KLDJ_top/u_pipe_id_ex/ex_mem_exu_res_reg[27]_i_3/CI
    SLICE_X79Y112        CARRY4 (Prop_carry4_CI_CO[3])
                                                      0.053     0.718 r  student_top_inst/u_KLDJ_top/u_pipe_id_ex/ex_mem_exu_res_reg[27]_i_3/CO[3]
                         net (fo=1, routed)           0.000     0.718    student_top_inst/u_KLDJ_top/u_pipe_id_ex/ex_mem_exu_res_reg[27]_i_3_n_0
    SLICE_X79Y113                                                     r  student_top_inst/u_KLDJ_top/u_pipe_id_ex/ex_mem_exu_res_reg[31]_i_3/CI
    SLICE_X79Y113        CARRY4 (Prop_carry4_CI_O[0])
                                                      0.111     0.829 f  student_top_inst/u_KLDJ_top/u_pipe_id_ex/ex_mem_exu_res_reg[31]_i_3/O[0]
                         net (fo=2, routed)           0.528     1.357    student_top_inst/u_KLDJ_top/u_pipe_id_ex/ex_mem_exu_res_reg[31]_i_3_n_7
    SLICE_X77Y111                                                     f  student_top_inst/u_KLDJ_top/u_pipe_id_ex/bram_addr_r[15]_i_6/I1
    SLICE_X77Y111        LUT6 (Prop_lut6_I1_O)        0.124     1.481 f  student_top_inst/u_KLDJ_top/u_pipe_id_ex/bram_addr_r[15]_i_6/O
                         net (fo=1, routed)           0.350     1.830    student_top_inst/u_KLDJ_top/u_pipe_id_ex/bram_addr_r[15]_i_6_n_0
    SLICE_X77Y108                                                     f  student_top_inst/u_KLDJ_top/u_pipe_id_ex/bram_addr_r[15]_i_3/I4
    SLICE_X77Y108        LUT5 (Prop_lut5_I4_O)        0.043     1.873 f  student_top_inst/u_KLDJ_top/u_pipe_id_ex/bram_addr_r[15]_i_3/O
                         net (fo=6, routed)           0.372     2.245    student_top_inst/u_KLDJ_top/u_pipe_id_ex/bram_addr_r[15]_i_3_n_0
    SLICE_X77Y105                                                     f  student_top_inst/u_KLDJ_top/u_pipe_id_ex/rd_is_seg_q_i_3/I4
    SLICE_X77Y105        LUT5 (Prop_lut5_I4_O)        0.043     2.288 f  student_top_inst/u_KLDJ_top/u_pipe_id_ex/rd_is_seg_q_i_3/O
                         net (fo=29, routed)          0.463     2.751    student_top_inst/u_KLDJ_top/u_pipe_id_ex/bram_addr_r[15]_i_3_0
    SLICE_X64Y102                                                     f  student_top_inst/u_KLDJ_top/u_pipe_id_ex/LED[31]_i_3/I5
    SLICE_X64Y102        LUT6 (Prop_lut6_I5_O)        0.043     2.794 r  student_top_inst/u_KLDJ_top/u_pipe_id_ex/LED[31]_i_3/O
                         net (fo=3, routed)           0.208     3.003    student_top_inst/u_KLDJ_top/u_pipe_id_ex/LED[31]_i_3_n_0
    SLICE_X60Y102                                                     r  student_top_inst/u_KLDJ_top/u_pipe_id_ex/LED[31]_i_1/I0
    SLICE_X60Y102        LUT6 (Prop_lut6_I0_O)        0.043     3.046 r  student_top_inst/u_KLDJ_top/u_pipe_id_ex/LED[31]_i_1/O
                         net (fo=64, routed)          0.802     3.848    student_top_inst/bridge_inst/E[0]
    SLICE_X40Y104        FDRE                                         r  student_top_inst/bridge_inst/LED_reg[21]_lopt_replica/CE
  -------------------------------------------------------------------    -------------------

                         (clock clk_out2_pll rise edge)
                                                      5.714     5.714 r  
    AD12                                              0.000     5.714 r  i_sys_clk_p (IN)
                         net (fo=0)                   0.000     5.714    pll_inst/inst/clk_in1_p
    AD12                                                              r  pll_inst/inst/clkin1_ibufgds/I
    AD12                 IBUFDS (Prop_ibufds_I_O)     0.803     6.518 r  pll_inst/inst/clkin1_ibufgds/O
                         net (fo=1, routed)           1.001     7.519    pll_inst/inst/clk_in1_pll
    PLLE2_ADV_X1Y1                                                    r  pll_inst/inst/plle2_adv_inst/CLKIN1
    PLLE2_ADV_X1Y1       PLLE2_ADV (Prop_plle2_adv_CLKIN1_CLKOUT1)
                                                     -7.261     0.258 r  pll_inst/inst/plle2_adv_inst/CLKOUT1
                         net (fo=1, routed)           2.003     2.261    pll_inst/inst/clk_out2_pll
    BUFGCTRL_X0Y0                                                     r  pll_inst/inst/clkout2_buf/I
    BUFGCTRL_X0Y0        BUFG (Prop_bufg_I_O)         0.083     2.344 r  pll_inst/inst/clkout2_buf/O
                         net (fo=5999, routed)        1.324     3.668    student_top_inst/bridge_inst/clk_out2
    SLICE_X40Y104        FDRE                                         r  student_top_inst/bridge_inst/LED_reg[21]_lopt_replica/C
                         clock pessimism             -0.448     3.220    
                         clock uncertainty           -0.077     3.143    
    SLICE_X40Y104        FDRE (Setup_fdre_C_CE)      -0.201     2.942    student_top_inst/bridge_inst/LED_reg[21]_lopt_replica
  -------------------------------------------------------------------
                         required time                          2.942    
                         arrival time                          -3.848    
  -------------------------------------------------------------------
                         slack                                 -0.906    

Slack (VIOLATED) :        -0.906ns  (required time - arrival time)
  Source:                 student_top_inst/u_KLDJ_top/u_pipe_id_ex/id_ex_rs1_addr_reg[0]/C
                            (rising edge-triggered cell FDRE clocked by clk_out2_pll  {rise@0.000ns fall@2.857ns period=5.714ns})
  Destination:            student_top_inst/bridge_inst/LED_reg[24]_lopt_replica/CE
                            (rising edge-triggered cell FDRE clocked by clk_out2_pll  {rise@0.000ns fall@2.857ns period=5.714ns})
  Path Group:             clk_out2_pll
  Path Type:              Setup (Max at Slow Process Corner)
  Requirement:            5.714ns  (clk_out2_pll rise@5.714ns - clk_out2_pll rise@0.000ns)
  Data Path Delay:        6.282ns  (logic 1.379ns (21.952%)  route 4.903ns (78.048%))
  Logic Levels:           17  (CARRY4=8 LUT2=1 LUT5=4 LUT6=4)
  Clock Path Skew:        -0.060ns (DCD - SCD + CPR)
    Destination Clock Delay (DCD):    -2.047ns = ( 3.668 - 5.714 ) 
    Source Clock Delay      (SCD):    -2.434ns
    Clock Pessimism Removal (CPR):    -0.448ns
  Clock Uncertainty:      0.077ns  ((TSJ^2 + DJ^2)^1/2) / 2 + PE
    Total System Jitter     (TSJ):    0.071ns
    Discrete Jitter          (DJ):    0.137ns
    Phase Error              (PE):    0.000ns

    Location             Delay type                Incr(ns)  Path(ns)    Netlist Resource(s)
  -------------------------------------------------------------------    -------------------
                         (clock clk_out2_pll rise edge)
                                                      0.000     0.000 r  
    AD12                                              0.000     0.000 r  i_sys_clk_p (IN)
                         net (fo=0)                   0.000     0.000    pll_inst/inst/clk_in1_p
    AD12                                                              r  pll_inst/inst/clkin1_ibufgds/I
    AD12                 IBUFDS (Prop_ibufds_I_O)     0.906     0.906 r  pll_inst/inst/clkin1_ibufgds/O
                         net (fo=1, routed)           1.098     2.004    pll_inst/inst/clk_in1_pll
    PLLE2_ADV_X1Y1                                                    r  pll_inst/inst/plle2_adv_inst/CLKIN1
    PLLE2_ADV_X1Y1       PLLE2_ADV (Prop_plle2_adv_CLKIN1_CLKOUT1)
                                                     -8.058    -6.054 r  pll_inst/inst/plle2_adv_inst/CLKOUT1
                         net (fo=1, routed)           2.128    -3.926    pll_inst/inst/clk_out2_pll
    BUFGCTRL_X0Y0                                                     r  pll_inst/inst/clkout2_buf/I
    BUFGCTRL_X0Y0        BUFG (Prop_bufg_I_O)         0.093    -3.833 r  pll_inst/inst/clkout2_buf/O
                         net (fo=5999, routed)        1.399    -2.434    student_top_inst/u_KLDJ_top/u_pipe_id_ex/clk_out2
    SLICE_X83Y109        FDRE                                         r  student_top_inst/u_KLDJ_top/u_pipe_id_ex/id_ex_rs1_addr_reg[0]/C
  -------------------------------------------------------------------    -------------------
    SLICE_X83Y109        FDRE (Prop_fdre_C_Q)         0.223    -2.211 r  student_top_inst/u_KLDJ_top/u_pipe_id_ex/id_ex_rs1_addr_reg[0]/Q
                         net (fo=3, routed)           0.644    -1.567    student_top_inst/u_KLDJ_top/u_pipe_id_ex/id_ex_rs1_addr_reg[4]_0[0]
    SLICE_X82Y111                                                     r  student_top_inst/u_KLDJ_top/u_pipe_id_ex/rs1_q[31]_i_11/I0
    SLICE_X82Y111        LUT6 (Prop_lut6_I0_O)        0.043    -1.524 r  student_top_inst/u_KLDJ_top/u_pipe_id_ex/rs1_q[31]_i_11/O
                         net (fo=32, routed)          0.390    -1.134    student_top_inst/u_KLDJ_top/u_pipe_id_ex/rs1_q[31]_i_11_n_0
    SLICE_X80Y111                                                     r  student_top_inst/u_KLDJ_top/u_pipe_id_ex/rs1_q[0]_i_2/I3
    SLICE_X80Y111        LUT5 (Prop_lut5_I3_O)        0.043    -1.091 r  student_top_inst/u_KLDJ_top/u_pipe_id_ex/rs1_q[0]_i_2/O
                         net (fo=2, routed)           0.451    -0.640    student_top_inst/u_KLDJ_top/u_pipe_id_ex/rs1_q[0]_i_2_n_0
    SLICE_X84Y114                                                     r  student_top_inst/u_KLDJ_top/u_pipe_id_ex/rs1_q[0]_i_1/I2
    SLICE_X84Y114        LUT5 (Prop_lut5_I2_O)        0.043    -0.597 r  student_top_inst/u_KLDJ_top/u_pipe_id_ex/rs1_q[0]_i_1/O
                         net (fo=30, routed)          0.695     0.098    student_top_inst/u_KLDJ_top/u_pipe_id_ex/ex_data1[0]
    SLICE_X79Y106                                                     r  student_top_inst/u_KLDJ_top/u_pipe_id_ex/ex_mem_exu_res[3]_i_8/I0
    SLICE_X79Y106        LUT2 (Prop_lut2_I0_O)        0.043     0.141 r  student_top_inst/u_KLDJ_top/u_pipe_id_ex/ex_mem_exu_res[3]_i_8/O
                         net (fo=1, routed)           0.000     0.141    student_top_inst/u_KLDJ_top/u_pipe_id_ex/ex_mem_exu_res[3]_i_8_n_0
    SLICE_X79Y106                                                     r  student_top_inst/u_KLDJ_top/u_pipe_id_ex/ex_mem_exu_res_reg[3]_i_3/S[0]
    SLICE_X79Y106        CARRY4 (Prop_carry4_S[0]_CO[3])
                                                      0.259     0.400 r  student_top_inst/u_KLDJ_top/u_pipe_id_ex/ex_mem_exu_res_reg[3]_i_3/CO[3]
                         net (fo=1, routed)           0.000     0.400    student_top_inst/u_KLDJ_top/u_pipe_id_ex/ex_mem_exu_res_reg[3]_i_3_n_0
    SLICE_X79Y107                                                     r  student_top_inst/u_KLDJ_top/u_pipe_id_ex/ex_mem_exu_res_reg[7]_i_3/CI
    SLICE_X79Y107        CARRY4 (Prop_carry4_CI_CO[3])
                                                      0.053     0.453 r  student_top_inst/u_KLDJ_top/u_pipe_id_ex/ex_mem_exu_res_reg[7]_i_3/CO[3]
                         net (fo=1, routed)           0.000     0.453    student_top_inst/u_KLDJ_top/u_pipe_id_ex/ex_mem_exu_res_reg[7]_i_3_n_0
    SLICE_X79Y108                                                     r  student_top_inst/u_KLDJ_top/u_pipe_id_ex/ex_mem_exu_res_reg[11]_i_3/CI
    SLICE_X79Y108        CARRY4 (Prop_carry4_CI_CO[3])
                                                      0.053     0.506 r  student_top_inst/u_KLDJ_top/u_pipe_id_ex/ex_mem_exu_res_reg[11]_i_3/CO[3]
                         net (fo=1, routed)           0.000     0.506    student_top_inst/u_KLDJ_top/u_pipe_id_ex/ex_mem_exu_res_reg[11]_i_3_n_0
    SLICE_X79Y109                                                     r  student_top_inst/u_KLDJ_top/u_pipe_id_ex/ex_mem_exu_res_reg[15]_i_3/CI
    SLICE_X79Y109        CARRY4 (Prop_carry4_CI_CO[3])
                                                      0.053     0.559 r  student_top_inst/u_KLDJ_top/u_pipe_id_ex/ex_mem_exu_res_reg[15]_i_3/CO[3]
                         net (fo=1, routed)           0.000     0.559    student_top_inst/u_KLDJ_top/u_pipe_id_ex/ex_mem_exu_res_reg[15]_i_3_n_0
    SLICE_X79Y110                                                     r  student_top_inst/u_KLDJ_top/u_pipe_id_ex/ex_mem_exu_res_reg[19]_i_3/CI
    SLICE_X79Y110        CARRY4 (Prop_carry4_CI_CO[3])
                                                      0.053     0.612 r  student_top_inst/u_KLDJ_top/u_pipe_id_ex/ex_mem_exu_res_reg[19]_i_3/CO[3]
                         net (fo=1, routed)           0.000     0.612    student_top_inst/u_KLDJ_top/u_pipe_id_ex/ex_mem_exu_res_reg[19]_i_3_n_0
    SLICE_X79Y111                                                     r  student_top_inst/u_KLDJ_top/u_pipe_id_ex/ex_mem_exu_res_reg[23]_i_3/CI
    SLICE_X79Y111        CARRY4 (Prop_carry4_CI_CO[3])
                                                      0.053     0.665 r  student_top_inst/u_KLDJ_top/u_pipe_id_ex/ex_mem_exu_res_reg[23]_i_3/CO[3]
                         net (fo=1, routed)           0.000     0.665    student_top_inst/u_KLDJ_top/u_pipe_id_ex/ex_mem_exu_res_reg[23]_i_3_n_0
    SLICE_X79Y112                                                     r  student_top_inst/u_KLDJ_top/u_pipe_id_ex/ex_mem_exu_res_reg[27]_i_3/CI
    SLICE_X79Y112        CARRY4 (Prop_carry4_CI_CO[3])
                                                      0.053     0.718 r  student_top_inst/u_KLDJ_top/u_pipe_id_ex/ex_mem_exu_res_reg[27]_i_3/CO[3]
                         net (fo=1, routed)           0.000     0.718    student_top_inst/u_KLDJ_top/u_pipe_id_ex/ex_mem_exu_res_reg[27]_i_3_n_0
    SLICE_X79Y113                                                     r  student_top_inst/u_KLDJ_top/u_pipe_id_ex/ex_mem_exu_res_reg[31]_i_3/CI
    SLICE_X79Y113        CARRY4 (Prop_carry4_CI_O[0])
                                                      0.111     0.829 f  student_top_inst/u_KLDJ_top/u_pipe_id_ex/ex_mem_exu_res_reg[31]_i_3/O[0]
                         net (fo=2, routed)           0.528     1.357    student_top_inst/u_KLDJ_top/u_pipe_id_ex/ex_mem_exu_res_reg[31]_i_3_n_7
    SLICE_X77Y111                                                     f  student_top_inst/u_KLDJ_top/u_pipe_id_ex/bram_addr_r[15]_i_6/I1
    SLICE_X77Y111        LUT6 (Prop_lut6_I1_O)        0.124     1.481 f  student_top_inst/u_KLDJ_top/u_pipe_id_ex/bram_addr_r[15]_i_6/O
                         net (fo=1, routed)           0.350     1.830    student_top_inst/u_KLDJ_top/u_pipe_id_ex/bram_addr_r[15]_i_6_n_0
    SLICE_X77Y108                                                     f  student_top_inst/u_KLDJ_top/u_pipe_id_ex/bram_addr_r[15]_i_3/I4
    SLICE_X77Y108        LUT5 (Prop_lut5_I4_O)        0.043     1.873 f  student_top_inst/u_KLDJ_top/u_pipe_id_ex/bram_addr_r[15]_i_3/O
                         net (fo=6, routed)           0.372     2.245    student_top_inst/u_KLDJ_top/u_pipe_id_ex/bram_addr_r[15]_i_3_n_0
    SLICE_X77Y105                                                     f  student_top_inst/u_KLDJ_top/u_pipe_id_ex/rd_is_seg_q_i_3/I4
    SLICE_X77Y105        LUT5 (Prop_lut5_I4_O)        0.043     2.288 f  student_top_inst/u_KLDJ_top/u_pipe_id_ex/rd_is_seg_q_i_3/O
                         net (fo=29, routed)          0.463     2.751    student_top_inst/u_KLDJ_top/u_pipe_id_ex/bram_addr_r[15]_i_3_0
    SLICE_X64Y102                                                     f  student_top_inst/u_KLDJ_top/u_pipe_id_ex/LED[31]_i_3/I5
    SLICE_X64Y102        LUT6 (Prop_lut6_I5_O)        0.043     2.794 r  student_top_inst/u_KLDJ_top/u_pipe_id_ex/LED[31]_i_3/O
                         net (fo=3, routed)           0.208     3.003    student_top_inst/u_KLDJ_top/u_pipe_id_ex/LED[31]_i_3_n_0
    SLICE_X60Y102                                                     r  student_top_inst/u_KLDJ_top/u_pipe_id_ex/LED[31]_i_1/I0
    SLICE_X60Y102        LUT6 (Prop_lut6_I0_O)        0.043     3.046 r  student_top_inst/u_KLDJ_top/u_pipe_id_ex/LED[31]_i_1/O
                         net (fo=64, routed)          0.802     3.848    student_top_inst/bridge_inst/E[0]
    SLICE_X40Y104        FDRE                                         r  student_top_inst/bridge_inst/LED_reg[24]_lopt_replica/CE
  -------------------------------------------------------------------    -------------------

                         (clock clk_out2_pll rise edge)
                                                      5.714     5.714 r  
    AD12                                              0.000     5.714 r  i_sys_clk_p (IN)
                         net (fo=0)                   0.000     5.714    pll_inst/inst/clk_in1_p
    AD12                                                              r  pll_inst/inst/clkin1_ibufgds/I
    AD12                 IBUFDS (Prop_ibufds_I_O)     0.803     6.518 r  pll_inst/inst/clkin1_ibufgds/O
                         net (fo=1, routed)           1.001     7.519    pll_inst/inst/clk_in1_pll
    PLLE2_ADV_X1Y1                                                    r  pll_inst/inst/plle2_adv_inst/CLKIN1
    PLLE2_ADV_X1Y1       PLLE2_ADV (Prop_plle2_adv_CLKIN1_CLKOUT1)
                                                     -7.261     0.258 r  pll_inst/inst/plle2_adv_inst/CLKOUT1
                         net (fo=1, routed)           2.003     2.261    pll_inst/inst/clk_out2_pll
    BUFGCTRL_X0Y0                                                     r  pll_inst/inst/clkout2_buf/I
    BUFGCTRL_X0Y0        BUFG (Prop_bufg_I_O)         0.083     2.344 r  pll_inst/inst/clkout2_buf/O
                         net (fo=5999, routed)        1.324     3.668    student_top_inst/bridge_inst/clk_out2
    SLICE_X40Y104        FDRE                                         r  student_top_inst/bridge_inst/LED_reg[24]_lopt_replica/C
                         clock pessimism             -0.448     3.220    
                         clock uncertainty           -0.077     3.143    
    SLICE_X40Y104        FDRE (Setup_fdre_C_CE)      -0.201     2.942    student_top_inst/bridge_inst/LED_reg[24]_lopt_replica
  -------------------------------------------------------------------
                         required time                          2.942    
                         arrival time                          -3.848    
  -------------------------------------------------------------------
                         slack                                 -0.906    

Slack (VIOLATED) :        -0.895ns  (required time - arrival time)
  Source:                 student_top_inst/u_KLDJ_top/u_pipe_id_ex/id_ex_rs1_addr_reg[0]/C
                            (rising edge-triggered cell FDRE clocked by clk_out2_pll  {rise@0.000ns fall@2.857ns period=5.714ns})
  Destination:            student_top_inst/u_KLDJ_top/ifu0/pc_reg_reg[5]/CE
                            (rising edge-triggered cell FDRE clocked by clk_out2_pll  {rise@0.000ns fall@2.857ns period=5.714ns})
  Path Group:             clk_out2_pll
  Path Type:              Setup (Max at Slow Process Corner)
  Requirement:            5.714ns  (clk_out2_pll rise@5.714ns - clk_out2_pll rise@0.000ns)
  Data Path Delay:        6.202ns  (logic 1.483ns (23.913%)  route 4.719ns (76.087%))
  Logic Levels:           15  (CARRY4=5 LUT4=1 LUT5=3 LUT6=6)
  Clock Path Skew:        -0.130ns (DCD - SCD + CPR)
    Destination Clock Delay (DCD):    -2.117ns = ( 3.598 - 5.714 ) 
    Source Clock Delay      (SCD):    -2.434ns
    Clock Pessimism Removal (CPR):    -0.448ns
  Clock Uncertainty:      0.077ns  ((TSJ^2 + DJ^2)^1/2) / 2 + PE
    Total System Jitter     (TSJ):    0.071ns
    Discrete Jitter          (DJ):    0.137ns
    Phase Error              (PE):    0.000ns

    Location             Delay type                Incr(ns)  Path(ns)    Netlist Resource(s)
  -------------------------------------------------------------------    -------------------
                         (clock clk_out2_pll rise edge)
                                                      0.000     0.000 r  
    AD12                                              0.000     0.000 r  i_sys_clk_p (IN)
                         net (fo=0)                   0.000     0.000    pll_inst/inst/clk_in1_p
    AD12                                                              r  pll_inst/inst/clkin1_ibufgds/I
    AD12                 IBUFDS (Prop_ibufds_I_O)     0.906     0.906 r  pll_inst/inst/clkin1_ibufgds/O
                         net (fo=1, routed)           1.098     2.004    pll_inst/inst/clk_in1_pll
    PLLE2_ADV_X1Y1                                                    r  pll_inst/inst/plle2_adv_inst/CLKIN1
    PLLE2_ADV_X1Y1       PLLE2_ADV (Prop_plle2_adv_CLKIN1_CLKOUT1)
                                                     -8.058    -6.054 r  pll_inst/inst/plle2_adv_inst/CLKOUT1
                         net (fo=1, routed)           2.128    -3.926    pll_inst/inst/clk_out2_pll
    BUFGCTRL_X0Y0                                                     r  pll_inst/inst/clkout2_buf/I
    BUFGCTRL_X0Y0        BUFG (Prop_bufg_I_O)         0.093    -3.833 r  pll_inst/inst/clkout2_buf/O
                         net (fo=5999, routed)        1.399    -2.434    student_top_inst/u_KLDJ_top/u_pipe_id_ex/clk_out2
    SLICE_X83Y109        FDRE                                         r  student_top_inst/u_KLDJ_top/u_pipe_id_ex/id_ex_rs1_addr_reg[0]/C
  -------------------------------------------------------------------    -------------------
    SLICE_X83Y109        FDRE (Prop_fdre_C_Q)         0.223    -2.211 r  student_top_inst/u_KLDJ_top/u_pipe_id_ex/id_ex_rs1_addr_reg[0]/Q
                         net (fo=3, routed)           0.644    -1.567    student_top_inst/u_KLDJ_top/u_pipe_id_ex/id_ex_rs1_addr_reg[4]_0[0]
    SLICE_X82Y111                                                     r  student_top_inst/u_KLDJ_top/u_pipe_id_ex/rs1_q[31]_i_11/I0
    SLICE_X82Y111        LUT6 (Prop_lut6_I0_O)        0.043    -1.524 r  student_top_inst/u_KLDJ_top/u_pipe_id_ex/rs1_q[31]_i_11/O
                         net (fo=32, routed)          0.622    -0.902    student_top_inst/u_KLDJ_top/u_pipe_id_ex/rs1_q[31]_i_11_n_0
    SLICE_X87Y109                                                     r  student_top_inst/u_KLDJ_top/u_pipe_id_ex/rs1_q[8]_i_2/I3
    SLICE_X87Y109        LUT5 (Prop_lut5_I3_O)        0.043    -0.859 f  student_top_inst/u_KLDJ_top/u_pipe_id_ex/rs1_q[8]_i_2/O
                         net (fo=1, routed)           0.150    -0.709    student_top_inst/u_KLDJ_top/u_pipe_id_ex/rs1_q[8]_i_2_n_0
    SLICE_X87Y109                                                     f  student_top_inst/u_KLDJ_top/u_pipe_id_ex/rs1_q[8]_i_1/I2
    SLICE_X87Y109        LUT5 (Prop_lut5_I2_O)        0.043    -0.666 f  student_top_inst/u_KLDJ_top/u_pipe_id_ex/rs1_q[8]_i_1/O
                         net (fo=27, routed)          0.544    -0.122    student_top_inst/u_KLDJ_top/u_pipe_id_ex/ex_data1[8]
    SLICE_X87Y109                                                     f  student_top_inst/u_KLDJ_top/u_pipe_id_ex/signed_lt_carry__0_i_4/I3
    SLICE_X87Y109        LUT6 (Prop_lut6_I3_O)        0.043    -0.079 r  student_top_inst/u_KLDJ_top/u_pipe_id_ex/signed_lt_carry__0_i_4/O
                         net (fo=1, routed)           0.400     0.321    student_top_inst/u_KLDJ_top/exu2/u_KLDJ_alu/u_alu_add/signed_lt_carry__1_0[0]
    SLICE_X87Y113                                                     r  student_top_inst/u_KLDJ_top/exu2/u_KLDJ_alu/u_alu_add/signed_lt_carry__0/DI[0]
    SLICE_X87Y113        CARRY4 (Prop_carry4_DI[0]_CO[3])
                                                      0.269     0.590 r  student_top_inst/u_KLDJ_top/exu2/u_KLDJ_alu/u_alu_add/signed_lt_carry__0/CO[3]
                         net (fo=1, routed)           0.000     0.590    student_top_inst/u_KLDJ_top/exu2/u_KLDJ_alu/u_alu_add/signed_lt_carry__0_n_0
    SLICE_X87Y114                                                     r  student_top_inst/u_KLDJ_top/exu2/u_KLDJ_alu/u_alu_add/signed_lt_carry__1/CI
    SLICE_X87Y114        CARRY4 (Prop_carry4_CI_CO[3])
                                                      0.053     0.643 r  student_top_inst/u_KLDJ_top/exu2/u_KLDJ_alu/u_alu_add/signed_lt_carry__1/CO[3]
                         net (fo=1, routed)           0.000     0.643    student_top_inst/u_KLDJ_top/exu2/u_KLDJ_alu/u_alu_add/signed_lt_carry__1_n_0
    SLICE_X87Y115                                                     r  student_top_inst/u_KLDJ_top/exu2/u_KLDJ_alu/u_alu_add/signed_lt_carry__2/CI
    SLICE_X87Y115        CARRY4 (Prop_carry4_CI_CO[3])
                                                      0.053     0.696 r  student_top_inst/u_KLDJ_top/exu2/u_KLDJ_alu/u_alu_add/signed_lt_carry__2/CO[3]
                         net (fo=3, routed)           0.324     1.020    student_top_inst/u_KLDJ_top/u_pipe_id_ex/ex_mem_exu_res[0]_i_5_1[0]
    SLICE_X85Y115                                                     r  student_top_inst/u_KLDJ_top/u_pipe_id_ex/ghr[0]_i_8/I2
    SLICE_X85Y115        LUT5 (Prop_lut5_I2_O)        0.043     1.063 r  student_top_inst/u_KLDJ_top/u_pipe_id_ex/ghr[0]_i_8/O
                         net (fo=2, routed)           0.196     1.258    student_top_inst/u_KLDJ_top/u_pipe_id_ex/ghr[0]_i_8_n_0
    SLICE_X83Y115                                                     r  student_top_inst/u_KLDJ_top/u_pipe_id_ex/ghr[0]_i_4/I5
    SLICE_X83Y115        LUT6 (Prop_lut6_I5_O)        0.043     1.301 f  student_top_inst/u_KLDJ_top/u_pipe_id_ex/ghr[0]_i_4/O
                         net (fo=33, routed)          0.350     1.651    student_top_inst/u_KLDJ_top/u_pipe_id_ex/ghr[0]_i_4_n_0
    SLICE_X76Y115                                                     f  student_top_inst/u_KLDJ_top/u_pipe_id_ex/update_target_q[13]_i_3/I2
    SLICE_X76Y115        LUT4 (Prop_lut4_I2_O)        0.043     1.694 r  student_top_inst/u_KLDJ_top/u_pipe_id_ex/update_target_q[13]_i_3/O
                         net (fo=1, routed)           0.441     2.135    student_top_inst/u_KLDJ_top/u_pipe_id_ex/update_target_q[13]_i_3_n_0
    SLICE_X73Y115                                                     r  student_top_inst/u_KLDJ_top/u_pipe_id_ex/update_target_q[13]_i_1/I2
    SLICE_X73Y115        LUT6 (Prop_lut6_I2_O)        0.043     2.178 r  student_top_inst/u_KLDJ_top/u_pipe_id_ex/update_target_q[13]_i_1/O
                         net (fo=3, routed)           0.327     2.505    student_top_inst/u_KLDJ_top/u_pipe_id_ex/id_ex_exu_op_reg[0]_0[13]
    SLICE_X71Y114                                                     r  student_top_inst/u_KLDJ_top/u_pipe_id_ex/id_ex_pred_taken_i_14/I1
    SLICE_X71Y114        LUT6 (Prop_lut6_I1_O)        0.043     2.548 r  student_top_inst/u_KLDJ_top/u_pipe_id_ex/id_ex_pred_taken_i_14/O
                         net (fo=1, routed)           0.000     2.548    student_top_inst/u_KLDJ_top/u_pipe_id_ex/id_ex_pred_taken_i_14_n_0
    SLICE_X71Y114                                                     r  student_top_inst/u_KLDJ_top/u_pipe_id_ex/id_ex_pred_taken_reg_i_6/S[0]
    SLICE_X71Y114        CARRY4 (Prop_carry4_S[0]_CO[3])
                                                      0.259     2.807 r  student_top_inst/u_KLDJ_top/u_pipe_id_ex/id_ex_pred_taken_reg_i_6/CO[3]
                         net (fo=1, routed)           0.000     2.807    student_top_inst/u_KLDJ_top/u_pipe_id_ex/id_ex_pred_taken_reg_i_6_n_0
    SLICE_X71Y115                                                     r  student_top_inst/u_KLDJ_top/u_pipe_id_ex/id_ex_pred_taken_reg_i_5/CI
    SLICE_X71Y115        CARRY4 (Prop_carry4_CI_CO[2])
                                                      0.110     2.917 r  student_top_inst/u_KLDJ_top/u_pipe_id_ex/id_ex_pred_taken_reg_i_5/CO[2]
                         net (fo=4, routed)           0.211     3.129    student_top_inst/u_KLDJ_top/u_pipe_id_ex/u_ex_bpu_ctrl/indirect_target_miss0
    SLICE_X69Y115                                                     r  student_top_inst/u_KLDJ_top/u_pipe_id_ex/pc_reg[31]_i_1_comp/I4
    SLICE_X69Y115        LUT6 (Prop_lut6_I4_O)        0.129     3.258 r  student_top_inst/u_KLDJ_top/u_pipe_id_ex/pc_reg[31]_i_1_comp/O
                         net (fo=32, routed)          0.510     3.767    student_top_inst/u_KLDJ_top/ifu0/E[0]
    SLICE_X75Y111        FDRE                                         r  student_top_inst/u_KLDJ_top/ifu0/pc_reg_reg[5]/CE
  -------------------------------------------------------------------    -------------------

                         (clock clk_out2_pll rise edge)
                                                      5.714     5.714 r  
    AD12                                              0.000     5.714 r  i_sys_clk_p (IN)
                         net (fo=0)                   0.000     5.714    pll_inst/inst/clk_in1_p
    AD12                                                              r  pll_inst/inst/clkin1_ibufgds/I
    AD12                 IBUFDS (Prop_ibufds_I_O)     0.803     6.518 r  pll_inst/inst/clkin1_ibufgds/O
                         net (fo=1, routed)           1.001     7.519    pll_inst/inst/clk_in1_pll
    PLLE2_ADV_X1Y1                                                    r  pll_inst/inst/plle2_adv_inst/CLKIN1
    PLLE2_ADV_X1Y1       PLLE2_ADV (Prop_plle2_adv_CLKIN1_CLKOUT1)
                                                     -7.261     0.258 r  pll_inst/inst/plle2_adv_inst/CLKOUT1
                         net (fo=1, routed)           2.003     2.261    pll_inst/inst/clk_out2_pll
    BUFGCTRL_X0Y0                                                     r  pll_inst/inst/clkout2_buf/I
    BUFGCTRL_X0Y0        BUFG (Prop_bufg_I_O)         0.083     2.344 r  pll_inst/inst/clkout2_buf/O
                         net (fo=5999, routed)        1.254     3.598    student_top_inst/u_KLDJ_top/ifu0/clk_out2
    SLICE_X75Y111        FDRE                                         r  student_top_inst/u_KLDJ_top/ifu0/pc_reg_reg[5]/C
                         clock pessimism             -0.448     3.150    
                         clock uncertainty           -0.077     3.073    
    SLICE_X75Y111        FDRE (Setup_fdre_C_CE)      -0.201     2.872    student_top_inst/u_KLDJ_top/ifu0/pc_reg_reg[5]
  -------------------------------------------------------------------
                         required time                          2.872    
                         arrival time                          -3.767    
  -------------------------------------------------------------------
                         slack                                 -0.895    

Slack (VIOLATED) :        -0.885ns  (required time - arrival time)
  Source:                 student_top_inst/u_KLDJ_top/u_pipe_id_ex/id_ex_rs1_addr_reg[0]/C
                            (rising edge-triggered cell FDRE clocked by clk_out2_pll  {rise@0.000ns fall@2.857ns period=5.714ns})
  Destination:            student_top_inst/u_KLDJ_top/ifu0/pc_reg_reg[8]/CE
                            (rising edge-triggered cell FDRE clocked by clk_out2_pll  {rise@0.000ns fall@2.857ns period=5.714ns})
  Path Group:             clk_out2_pll
  Path Type:              Setup (Max at Slow Process Corner)
  Requirement:            5.714ns  (clk_out2_pll rise@5.714ns - clk_out2_pll rise@0.000ns)
  Data Path Delay:        6.214ns  (logic 1.483ns (23.866%)  route 4.731ns (76.134%))
  Logic Levels:           15  (CARRY4=5 LUT4=1 LUT5=3 LUT6=6)
  Clock Path Skew:        -0.130ns (DCD - SCD + CPR)
    Destination Clock Delay (DCD):    -2.117ns = ( 3.598 - 5.714 ) 
    Source Clock Delay      (SCD):    -2.434ns
    Clock Pessimism Removal (CPR):    -0.448ns
  Clock Uncertainty:      0.077ns  ((TSJ^2 + DJ^2)^1/2) / 2 + PE
    Total System Jitter     (TSJ):    0.071ns
    Discrete Jitter          (DJ):    0.137ns
    Phase Error              (PE):    0.000ns

    Location             Delay type                Incr(ns)  Path(ns)    Netlist Resource(s)
  -------------------------------------------------------------------    -------------------
                         (clock clk_out2_pll rise edge)
                                                      0.000     0.000 r  
    AD12                                              0.000     0.000 r  i_sys_clk_p (IN)
                         net (fo=0)                   0.000     0.000    pll_inst/inst/clk_in1_p
    AD12                                                              r  pll_inst/inst/clkin1_ibufgds/I
    AD12                 IBUFDS (Prop_ibufds_I_O)     0.906     0.906 r  pll_inst/inst/clkin1_ibufgds/O
                         net (fo=1, routed)           1.098     2.004    pll_inst/inst/clk_in1_pll
    PLLE2_ADV_X1Y1                                                    r  pll_inst/inst/plle2_adv_inst/CLKIN1
    PLLE2_ADV_X1Y1       PLLE2_ADV (Prop_plle2_adv_CLKIN1_CLKOUT1)
                                                     -8.058    -6.054 r  pll_inst/inst/plle2_adv_inst/CLKOUT1
                         net (fo=1, routed)           2.128    -3.926    pll_inst/inst/clk_out2_pll
    BUFGCTRL_X0Y0                                                     r  pll_inst/inst/clkout2_buf/I
    BUFGCTRL_X0Y0        BUFG (Prop_bufg_I_O)         0.093    -3.833 r  pll_inst/inst/clkout2_buf/O
                         net (fo=5999, routed)        1.399    -2.434    student_top_inst/u_KLDJ_top/u_pipe_id_ex/clk_out2
    SLICE_X83Y109        FDRE                                         r  student_top_inst/u_KLDJ_top/u_pipe_id_ex/id_ex_rs1_addr_reg[0]/C
  -------------------------------------------------------------------    -------------------
    SLICE_X83Y109        FDRE (Prop_fdre_C_Q)         0.223    -2.211 r  student_top_inst/u_KLDJ_top/u_pipe_id_ex/id_ex_rs1_addr_reg[0]/Q
                         net (fo=3, routed)           0.644    -1.567    student_top_inst/u_KLDJ_top/u_pipe_id_ex/id_ex_rs1_addr_reg[4]_0[0]
    SLICE_X82Y111                                                     r  student_top_inst/u_KLDJ_top/u_pipe_id_ex/rs1_q[31]_i_11/I0
    SLICE_X82Y111        LUT6 (Prop_lut6_I0_O)        0.043    -1.524 r  student_top_inst/u_KLDJ_top/u_pipe_id_ex/rs1_q[31]_i_11/O
                         net (fo=32, routed)          0.622    -0.902    student_top_inst/u_KLDJ_top/u_pipe_id_ex/rs1_q[31]_i_11_n_0
    SLICE_X87Y109                                                     r  student_top_inst/u_KLDJ_top/u_pipe_id_ex/rs1_q[8]_i_2/I3
    SLICE_X87Y109        LUT5 (Prop_lut5_I3_O)        0.043    -0.859 f  student_top_inst/u_KLDJ_top/u_pipe_id_ex/rs1_q[8]_i_2/O
                         net (fo=1, routed)           0.150    -0.709    student_top_inst/u_KLDJ_top/u_pipe_id_ex/rs1_q[8]_i_2_n_0
    SLICE_X87Y109                                                     f  student_top_inst/u_KLDJ_top/u_pipe_id_ex/rs1_q[8]_i_1/I2
    SLICE_X87Y109        LUT5 (Prop_lut5_I2_O)        0.043    -0.666 f  student_top_inst/u_KLDJ_top/u_pipe_id_ex/rs1_q[8]_i_1/O
                         net (fo=27, routed)          0.544    -0.122    student_top_inst/u_KLDJ_top/u_pipe_id_ex/ex_data1[8]
    SLICE_X87Y109                                                     f  student_top_inst/u_KLDJ_top/u_pipe_id_ex/signed_lt_carry__0_i_4/I3
    SLICE_X87Y109        LUT6 (Prop_lut6_I3_O)        0.043    -0.079 r  student_top_inst/u_KLDJ_top/u_pipe_id_ex/signed_lt_carry__0_i_4/O
                         net (fo=1, routed)           0.400     0.321    student_top_inst/u_KLDJ_top/exu2/u_KLDJ_alu/u_alu_add/signed_lt_carry__1_0[0]
    SLICE_X87Y113                                                     r  student_top_inst/u_KLDJ_top/exu2/u_KLDJ_alu/u_alu_add/signed_lt_carry__0/DI[0]
    SLICE_X87Y113        CARRY4 (Prop_carry4_DI[0]_CO[3])
                                                      0.269     0.590 r  student_top_inst/u_KLDJ_top/exu2/u_KLDJ_alu/u_alu_add/signed_lt_carry__0/CO[3]
                         net (fo=1, routed)           0.000     0.590    student_top_inst/u_KLDJ_top/exu2/u_KLDJ_alu/u_alu_add/signed_lt_carry__0_n_0
    SLICE_X87Y114                                                     r  student_top_inst/u_KLDJ_top/exu2/u_KLDJ_alu/u_alu_add/signed_lt_carry__1/CI
    SLICE_X87Y114        CARRY4 (Prop_carry4_CI_CO[3])
                                                      0.053     0.643 r  student_top_inst/u_KLDJ_top/exu2/u_KLDJ_alu/u_alu_add/signed_lt_carry__1/CO[3]
                         net (fo=1, routed)           0.000     0.643    student_top_inst/u_KLDJ_top/exu2/u_KLDJ_alu/u_alu_add/signed_lt_carry__1_n_0
    SLICE_X87Y115                                                     r  student_top_inst/u_KLDJ_top/exu2/u_KLDJ_alu/u_alu_add/signed_lt_carry__2/CI
    SLICE_X87Y115        CARRY4 (Prop_carry4_CI_CO[3])
                                                      0.053     0.696 r  student_top_inst/u_KLDJ_top/exu2/u_KLDJ_alu/u_alu_add/signed_lt_carry__2/CO[3]
                         net (fo=3, routed)           0.324     1.020    student_top_inst/u_KLDJ_top/u_pipe_id_ex/ex_mem_exu_res[0]_i_5_1[0]
    SLICE_X85Y115                                                     r  student_top_inst/u_KLDJ_top/u_pipe_id_ex/ghr[0]_i_8/I2
    SLICE_X85Y115        LUT5 (Prop_lut5_I2_O)        0.043     1.063 r  student_top_inst/u_KLDJ_top/u_pipe_id_ex/ghr[0]_i_8/O
                         net (fo=2, routed)           0.196     1.258    student_top_inst/u_KLDJ_top/u_pipe_id_ex/ghr[0]_i_8_n_0
    SLICE_X83Y115                                                     r  student_top_inst/u_KLDJ_top/u_pipe_id_ex/ghr[0]_i_4/I5
    SLICE_X83Y115        LUT6 (Prop_lut6_I5_O)        0.043     1.301 f  student_top_inst/u_KLDJ_top/u_pipe_id_ex/ghr[0]_i_4/O
                         net (fo=33, routed)          0.350     1.651    student_top_inst/u_KLDJ_top/u_pipe_id_ex/ghr[0]_i_4_n_0
    SLICE_X76Y115                                                     f  student_top_inst/u_KLDJ_top/u_pipe_id_ex/update_target_q[13]_i_3/I2
    SLICE_X76Y115        LUT4 (Prop_lut4_I2_O)        0.043     1.694 r  student_top_inst/u_KLDJ_top/u_pipe_id_ex/update_target_q[13]_i_3/O
                         net (fo=1, routed)           0.441     2.135    student_top_inst/u_KLDJ_top/u_pipe_id_ex/update_target_q[13]_i_3_n_0
    SLICE_X73Y115                                                     r  student_top_inst/u_KLDJ_top/u_pipe_id_ex/update_target_q[13]_i_1/I2
    SLICE_X73Y115        LUT6 (Prop_lut6_I2_O)        0.043     2.178 r  student_top_inst/u_KLDJ_top/u_pipe_id_ex/update_target_q[13]_i_1/O
                         net (fo=3, routed)           0.327     2.505    student_top_inst/u_KLDJ_top/u_pipe_id_ex/id_ex_exu_op_reg[0]_0[13]
    SLICE_X71Y114                                                     r  student_top_inst/u_KLDJ_top/u_pipe_id_ex/id_ex_pred_taken_i_14/I1
    SLICE_X71Y114        LUT6 (Prop_lut6_I1_O)        0.043     2.548 r  student_top_inst/u_KLDJ_top/u_pipe_id_ex/id_ex_pred_taken_i_14/O
                         net (fo=1, routed)           0.000     2.548    student_top_inst/u_KLDJ_top/u_pipe_id_ex/id_ex_pred_taken_i_14_n_0
    SLICE_X71Y114                                                     r  student_top_inst/u_KLDJ_top/u_pipe_id_ex/id_ex_pred_taken_reg_i_6/S[0]
    SLICE_X71Y114        CARRY4 (Prop_carry4_S[0]_CO[3])
                                                      0.259     2.807 r  student_top_inst/u_KLDJ_top/u_pipe_id_ex/id_ex_pred_taken_reg_i_6/CO[3]
                         net (fo=1, routed)           0.000     2.807    student_top_inst/u_KLDJ_top/u_pipe_id_ex/id_ex_pred_taken_reg_i_6_n_0
    SLICE_X71Y115                                                     r  student_top_inst/u_KLDJ_top/u_pipe_id_ex/id_ex_pred_taken_reg_i_5/CI
    SLICE_X71Y115        CARRY4 (Prop_carry4_CI_CO[2])
                                                      0.110     2.917 r  student_top_inst/u_KLDJ_top/u_pipe_id_ex/id_ex_pred_taken_reg_i_5/CO[2]
                         net (fo=4, routed)           0.211     3.129    student_top_inst/u_KLDJ_top/u_pipe_id_ex/u_ex_bpu_ctrl/indirect_target_miss0
    SLICE_X69Y115                                                     r  student_top_inst/u_KLDJ_top/u_pipe_id_ex/pc_reg[31]_i_1_comp/I4
    SLICE_X69Y115        LUT6 (Prop_lut6_I4_O)        0.129     3.258 r  student_top_inst/u_KLDJ_top/u_pipe_id_ex/pc_reg[31]_i_1_comp/O
                         net (fo=32, routed)          0.522     3.780    student_top_inst/u_KLDJ_top/ifu0/E[0]
    SLICE_X74Y113        FDRE                                         r  student_top_inst/u_KLDJ_top/ifu0/pc_reg_reg[8]/CE
  -------------------------------------------------------------------    -------------------

                         (clock clk_out2_pll rise edge)
                                                      5.714     5.714 r  
    AD12                                              0.000     5.714 r  i_sys_clk_p (IN)
                         net (fo=0)                   0.000     5.714    pll_inst/inst/clk_in1_p
    AD12                                                              r  pll_inst/inst/clkin1_ibufgds/I
    AD12                 IBUFDS (Prop_ibufds_I_O)     0.803     6.518 r  pll_inst/inst/clkin1_ibufgds/O
                         net (fo=1, routed)           1.001     7.519    pll_inst/inst/clk_in1_pll
    PLLE2_ADV_X1Y1                                                    r  pll_inst/inst/plle2_adv_inst/CLKIN1
    PLLE2_ADV_X1Y1       PLLE2_ADV (Prop_plle2_adv_CLKIN1_CLKOUT1)
                                                     -7.261     0.258 r  pll_inst/inst/plle2_adv_inst/CLKOUT1
                         net (fo=1, routed)           2.003     2.261    pll_inst/inst/clk_out2_pll
    BUFGCTRL_X0Y0                                                     r  pll_inst/inst/clkout2_buf/I
    BUFGCTRL_X0Y0        BUFG (Prop_bufg_I_O)         0.083     2.344 r  pll_inst/inst/clkout2_buf/O
                         net (fo=5999, routed)        1.254     3.598    student_top_inst/u_KLDJ_top/ifu0/clk_out2
    SLICE_X74Y113        FDRE                                         r  student_top_inst/u_KLDJ_top/ifu0/pc_reg_reg[8]/C
                         clock pessimism             -0.448     3.150    
                         clock uncertainty           -0.077     3.073    
    SLICE_X74Y113        FDRE (Setup_fdre_C_CE)      -0.178     2.895    student_top_inst/u_KLDJ_top/ifu0/pc_reg_reg[8]
  -------------------------------------------------------------------
                         required time                          2.895    
                         arrival time                          -3.780    
  -------------------------------------------------------------------
                         slack                                 -0.885    

Slack (VIOLATED) :        -0.881ns  (required time - arrival time)
  Source:                 student_top_inst/u_KLDJ_top/u_pipe_id_ex/id_ex_rs1_addr_reg[0]/C
                            (rising edge-triggered cell FDRE clocked by clk_out2_pll  {rise@0.000ns fall@2.857ns period=5.714ns})
  Destination:            student_top_inst/u_KLDJ_top/u_pipe_id_ex/id_ex_rs1_ren_reg/CE
                            (rising edge-triggered cell FDRE clocked by clk_out2_pll  {rise@0.000ns fall@2.857ns period=5.714ns})
  Path Group:             clk_out2_pll
  Path Type:              Setup (Max at Slow Process Corner)
  Requirement:            5.714ns  (clk_out2_pll rise@5.714ns - clk_out2_pll rise@0.000ns)
  Data Path Delay:        6.291ns  (logic 1.483ns (23.575%)  route 4.808ns (76.425%))
  Logic Levels:           15  (CARRY4=5 LUT4=1 LUT5=3 LUT6=6)
  Clock Path Skew:        -0.027ns (DCD - SCD + CPR)
    Destination Clock Delay (DCD):    -2.107ns = ( 3.608 - 5.714 ) 
    Source Clock Delay      (SCD):    -2.434ns
    Clock Pessimism Removal (CPR):    -0.355ns
  Clock Uncertainty:      0.077ns  ((TSJ^2 + DJ^2)^1/2) / 2 + PE
    Total System Jitter     (TSJ):    0.071ns
    Discrete Jitter          (DJ):    0.137ns
    Phase Error              (PE):    0.000ns

    Location             Delay type                Incr(ns)  Path(ns)    Netlist Resource(s)
  -------------------------------------------------------------------    -------------------
                         (clock clk_out2_pll rise edge)
                                                      0.000     0.000 r  
    AD12                                              0.000     0.000 r  i_sys_clk_p (IN)
                         net (fo=0)                   0.000     0.000    pll_inst/inst/clk_in1_p
    AD12                                                              r  pll_inst/inst/clkin1_ibufgds/I
    AD12                 IBUFDS (Prop_ibufds_I_O)     0.906     0.906 r  pll_inst/inst/clkin1_ibufgds/O
                         net (fo=1, routed)           1.098     2.004    pll_inst/inst/clk_in1_pll
    PLLE2_ADV_X1Y1                                                    r  pll_inst/inst/plle2_adv_inst/CLKIN1
    PLLE2_ADV_X1Y1       PLLE2_ADV (Prop_plle2_adv_CLKIN1_CLKOUT1)
                                                     -8.058    -6.054 r  pll_inst/inst/plle2_adv_inst/CLKOUT1
                         net (fo=1, routed)           2.128    -3.926    pll_inst/inst/clk_out2_pll
    BUFGCTRL_X0Y0                                                     r  pll_inst/inst/clkout2_buf/I
    BUFGCTRL_X0Y0        BUFG (Prop_bufg_I_O)         0.093    -3.833 r  pll_inst/inst/clkout2_buf/O
                         net (fo=5999, routed)        1.399    -2.434    student_top_inst/u_KLDJ_top/u_pipe_id_ex/clk_out2
    SLICE_X83Y109        FDRE                                         r  student_top_inst/u_KLDJ_top/u_pipe_id_ex/id_ex_rs1_addr_reg[0]/C
  -------------------------------------------------------------------    -------------------
    SLICE_X83Y109        FDRE (Prop_fdre_C_Q)         0.223    -2.211 r  student_top_inst/u_KLDJ_top/u_pipe_id_ex/id_ex_rs1_addr_reg[0]/Q
                         net (fo=3, routed)           0.644    -1.567    student_top_inst/u_KLDJ_top/u_pipe_id_ex/id_ex_rs1_addr_reg[4]_0[0]
    SLICE_X82Y111                                                     r  student_top_inst/u_KLDJ_top/u_pipe_id_ex/rs1_q[31]_i_11/I0
    SLICE_X82Y111        LUT6 (Prop_lut6_I0_O)        0.043    -1.524 r  student_top_inst/u_KLDJ_top/u_pipe_id_ex/rs1_q[31]_i_11/O
                         net (fo=32, routed)          0.622    -0.902    student_top_inst/u_KLDJ_top/u_pipe_id_ex/rs1_q[31]_i_11_n_0
    SLICE_X87Y109                                                     r  student_top_inst/u_KLDJ_top/u_pipe_id_ex/rs1_q[8]_i_2/I3
    SLICE_X87Y109        LUT5 (Prop_lut5_I3_O)        0.043    -0.859 f  student_top_inst/u_KLDJ_top/u_pipe_id_ex/rs1_q[8]_i_2/O
                         net (fo=1, routed)           0.150    -0.709    student_top_inst/u_KLDJ_top/u_pipe_id_ex/rs1_q[8]_i_2_n_0
    SLICE_X87Y109                                                     f  student_top_inst/u_KLDJ_top/u_pipe_id_ex/rs1_q[8]_i_1/I2
    SLICE_X87Y109        LUT5 (Prop_lut5_I2_O)        0.043    -0.666 f  student_top_inst/u_KLDJ_top/u_pipe_id_ex/rs1_q[8]_i_1/O
                         net (fo=27, routed)          0.544    -0.122    student_top_inst/u_KLDJ_top/u_pipe_id_ex/ex_data1[8]
    SLICE_X87Y109                                                     f  student_top_inst/u_KLDJ_top/u_pipe_id_ex/signed_lt_carry__0_i_4/I3
    SLICE_X87Y109        LUT6 (Prop_lut6_I3_O)        0.043    -0.079 r  student_top_inst/u_KLDJ_top/u_pipe_id_ex/signed_lt_carry__0_i_4/O
                         net (fo=1, routed)           0.400     0.321    student_top_inst/u_KLDJ_top/exu2/u_KLDJ_alu/u_alu_add/signed_lt_carry__1_0[0]
    SLICE_X87Y113                                                     r  student_top_inst/u_KLDJ_top/exu2/u_KLDJ_alu/u_alu_add/signed_lt_carry__0/DI[0]
    SLICE_X87Y113        CARRY4 (Prop_carry4_DI[0]_CO[3])
                                                      0.269     0.590 r  student_top_inst/u_KLDJ_top/exu2/u_KLDJ_alu/u_alu_add/signed_lt_carry__0/CO[3]
                         net (fo=1, routed)           0.000     0.590    student_top_inst/u_KLDJ_top/exu2/u_KLDJ_alu/u_alu_add/signed_lt_carry__0_n_0
    SLICE_X87Y114                                                     r  student_top_inst/u_KLDJ_top/exu2/u_KLDJ_alu/u_alu_add/signed_lt_carry__1/CI
    SLICE_X87Y114        CARRY4 (Prop_carry4_CI_CO[3])
                                                      0.053     0.643 r  student_top_inst/u_KLDJ_top/exu2/u_KLDJ_alu/u_alu_add/signed_lt_carry__1/CO[3]
                         net (fo=1, routed)           0.000     0.643    student_top_inst/u_KLDJ_top/exu2/u_KLDJ_alu/u_alu_add/signed_lt_carry__1_n_0
    SLICE_X87Y115                                                     r  student_top_inst/u_KLDJ_top/exu2/u_KLDJ_alu/u_alu_add/signed_lt_carry__2/CI
    SLICE_X87Y115        CARRY4 (Prop_carry4_CI_CO[3])
                                                      0.053     0.696 r  student_top_inst/u_KLDJ_top/exu2/u_KLDJ_alu/u_alu_add/signed_lt_carry__2/CO[3]
                         net (fo=3, routed)           0.324     1.020    student_top_inst/u_KLDJ_top/u_pipe_id_ex/ex_mem_exu_res[0]_i_5_1[0]
    SLICE_X85Y115                                                     r  student_top_inst/u_KLDJ_top/u_pipe_id_ex/ghr[0]_i_8/I2
    SLICE_X85Y115        LUT5 (Prop_lut5_I2_O)        0.043     1.063 r  student_top_inst/u_KLDJ_top/u_pipe_id_ex/ghr[0]_i_8/O
                         net (fo=2, routed)           0.196     1.258    student_top_inst/u_KLDJ_top/u_pipe_id_ex/ghr[0]_i_8_n_0
    SLICE_X83Y115                                                     r  student_top_inst/u_KLDJ_top/u_pipe_id_ex/ghr[0]_i_4/I5
    SLICE_X83Y115        LUT6 (Prop_lut6_I5_O)        0.043     1.301 f  student_top_inst/u_KLDJ_top/u_pipe_id_ex/ghr[0]_i_4/O
                         net (fo=33, routed)          0.350     1.651    student_top_inst/u_KLDJ_top/u_pipe_id_ex/ghr[0]_i_4_n_0
    SLICE_X76Y115                                                     f  student_top_inst/u_KLDJ_top/u_pipe_id_ex/update_target_q[13]_i_3/I2
    SLICE_X76Y115        LUT4 (Prop_lut4_I2_O)        0.043     1.694 r  student_top_inst/u_KLDJ_top/u_pipe_id_ex/update_target_q[13]_i_3/O
                         net (fo=1, routed)           0.441     2.135    student_top_inst/u_KLDJ_top/u_pipe_id_ex/update_target_q[13]_i_3_n_0
    SLICE_X73Y115                                                     r  student_top_inst/u_KLDJ_top/u_pipe_id_ex/update_target_q[13]_i_1/I2
    SLICE_X73Y115        LUT6 (Prop_lut6_I2_O)        0.043     2.178 r  student_top_inst/u_KLDJ_top/u_pipe_id_ex/update_target_q[13]_i_1/O
                         net (fo=3, routed)           0.327     2.505    student_top_inst/u_KLDJ_top/u_pipe_id_ex/id_ex_exu_op_reg[0]_0[13]
    SLICE_X71Y114                                                     r  student_top_inst/u_KLDJ_top/u_pipe_id_ex/id_ex_pred_taken_i_14/I1
    SLICE_X71Y114        LUT6 (Prop_lut6_I1_O)        0.043     2.548 r  student_top_inst/u_KLDJ_top/u_pipe_id_ex/id_ex_pred_taken_i_14/O
                         net (fo=1, routed)           0.000     2.548    student_top_inst/u_KLDJ_top/u_pipe_id_ex/id_ex_pred_taken_i_14_n_0
    SLICE_X71Y114                                                     r  student_top_inst/u_KLDJ_top/u_pipe_id_ex/id_ex_pred_taken_reg_i_6/S[0]
    SLICE_X71Y114        CARRY4 (Prop_carry4_S[0]_CO[3])
                                                      0.259     2.807 r  student_top_inst/u_KLDJ_top/u_pipe_id_ex/id_ex_pred_taken_reg_i_6/CO[3]
                         net (fo=1, routed)           0.000     2.807    student_top_inst/u_KLDJ_top/u_pipe_id_ex/id_ex_pred_taken_reg_i_6_n_0
    SLICE_X71Y115                                                     r  student_top_inst/u_KLDJ_top/u_pipe_id_ex/id_ex_pred_taken_reg_i_5/CI
    SLICE_X71Y115        CARRY4 (Prop_carry4_CI_CO[2])
                                                      0.110     2.917 f  student_top_inst/u_KLDJ_top/u_pipe_id_ex/id_ex_pred_taken_reg_i_5/CO[2]
                         net (fo=4, routed)           0.264     3.181    student_top_inst/u_KLDJ_top/u_pipe_id_ex/u_ex_bpu_ctrl/indirect_target_miss0
    SLICE_X74Y115                                                     f  student_top_inst/u_KLDJ_top/u_pipe_id_ex/id_ex_pred_taken_i_2/I4
    SLICE_X74Y115        LUT6 (Prop_lut6_I4_O)        0.129     3.310 r  student_top_inst/u_KLDJ_top/u_pipe_id_ex/id_ex_pred_taken_i_2/O
                         net (fo=12, routed)          0.546     3.856    student_top_inst/u_KLDJ_top/u_pipe_id_ex/id_ex_pred_taken_i_2_n_0
    SLICE_X80Y112        FDRE                                         r  student_top_inst/u_KLDJ_top/u_pipe_id_ex/id_ex_rs1_ren_reg/CE
  -------------------------------------------------------------------    -------------------

                         (clock clk_out2_pll rise edge)
                                                      5.714     5.714 r  
    AD12                                              0.000     5.714 r  i_sys_clk_p (IN)
                         net (fo=0)                   0.000     5.714    pll_inst/inst/clk_in1_p
    AD12                                                              r  pll_inst/inst/clkin1_ibufgds/I
    AD12                 IBUFDS (Prop_ibufds_I_O)     0.803     6.518 r  pll_inst/inst/clkin1_ibufgds/O
                         net (fo=1, routed)           1.001     7.519    pll_inst/inst/clk_in1_pll
    PLLE2_ADV_X1Y1                                                    r  pll_inst/inst/plle2_adv_inst/CLKIN1
    PLLE2_ADV_X1Y1       PLLE2_ADV (Prop_plle2_adv_CLKIN1_CLKOUT1)
                                                     -7.261     0.258 r  pll_inst/inst/plle2_adv_inst/CLKOUT1
                         net (fo=1, routed)           2.003     2.261    pll_inst/inst/clk_out2_pll
    BUFGCTRL_X0Y0                                                     r  pll_inst/inst/clkout2_buf/I
    BUFGCTRL_X0Y0        BUFG (Prop_bufg_I_O)         0.083     2.344 r  pll_inst/inst/clkout2_buf/O
                         net (fo=5999, routed)        1.264     3.608    student_top_inst/u_KLDJ_top/u_pipe_id_ex/clk_out2
    SLICE_X80Y112        FDRE                                         r  student_top_inst/u_KLDJ_top/u_pipe_id_ex/id_ex_rs1_ren_reg/C
                         clock pessimism             -0.355     3.253    
                         clock uncertainty           -0.077     3.176    
    SLICE_X80Y112        FDRE (Setup_fdre_C_CE)      -0.201     2.975    student_top_inst/u_KLDJ_top/u_pipe_id_ex/id_ex_rs1_ren_reg
  -------------------------------------------------------------------
                         required time                          2.975    
                         arrival time                          -3.856    
  -------------------------------------------------------------------
                         slack                                 -0.881    

Slack (VIOLATED) :        -0.881ns  (required time - arrival time)
  Source:                 student_top_inst/u_KLDJ_top/u_pipe_id_ex/id_ex_rs1_addr_reg[0]/C
                            (rising edge-triggered cell FDRE clocked by clk_out2_pll  {rise@0.000ns fall@2.857ns period=5.714ns})
  Destination:            student_top_inst/u_KLDJ_top/u_pipe_id_ex/id_ex_rs2_ren_reg/CE
                            (rising edge-triggered cell FDRE clocked by clk_out2_pll  {rise@0.000ns fall@2.857ns period=5.714ns})
  Path Group:             clk_out2_pll
  Path Type:              Setup (Max at Slow Process Corner)
  Requirement:            5.714ns  (clk_out2_pll rise@5.714ns - clk_out2_pll rise@0.000ns)
  Data Path Delay:        6.291ns  (logic 1.483ns (23.575%)  route 4.808ns (76.425%))
  Logic Levels:           15  (CARRY4=5 LUT4=1 LUT5=3 LUT6=6)
  Clock Path Skew:        -0.027ns (DCD - SCD + CPR)
    Destination Clock Delay (DCD):    -2.107ns = ( 3.608 - 5.714 ) 
    Source Clock Delay      (SCD):    -2.434ns
    Clock Pessimism Removal (CPR):    -0.355ns
  Clock Uncertainty:      0.077ns  ((TSJ^2 + DJ^2)^1/2) / 2 + PE
    Total System Jitter     (TSJ):    0.071ns
    Discrete Jitter          (DJ):    0.137ns
    Phase Error              (PE):    0.000ns

    Location             Delay type                Incr(ns)  Path(ns)    Netlist Resource(s)
  -------------------------------------------------------------------    -------------------
                         (clock clk_out2_pll rise edge)
                                                      0.000     0.000 r  
    AD12                                              0.000     0.000 r  i_sys_clk_p (IN)
                         net (fo=0)                   0.000     0.000    pll_inst/inst/clk_in1_p
    AD12                                                              r  pll_inst/inst/clkin1_ibufgds/I
    AD12                 IBUFDS (Prop_ibufds_I_O)     0.906     0.906 r  pll_inst/inst/clkin1_ibufgds/O
                         net (fo=1, routed)           1.098     2.004    pll_inst/inst/clk_in1_pll
    PLLE2_ADV_X1Y1                                                    r  pll_inst/inst/plle2_adv_inst/CLKIN1
    PLLE2_ADV_X1Y1       PLLE2_ADV (Prop_plle2_adv_CLKIN1_CLKOUT1)
                                                     -8.058    -6.054 r  pll_inst/inst/plle2_adv_inst/CLKOUT1
                         net (fo=1, routed)           2.128    -3.926    pll_inst/inst/clk_out2_pll
    BUFGCTRL_X0Y0                                                     r  pll_inst/inst/clkout2_buf/I
    BUFGCTRL_X0Y0        BUFG (Prop_bufg_I_O)         0.093    -3.833 r  pll_inst/inst/clkout2_buf/O
                         net (fo=5999, routed)        1.399    -2.434    student_top_inst/u_KLDJ_top/u_pipe_id_ex/clk_out2
    SLICE_X83Y109        FDRE                                         r  student_top_inst/u_KLDJ_top/u_pipe_id_ex/id_ex_rs1_addr_reg[0]/C
  -------------------------------------------------------------------    -------------------
    SLICE_X83Y109        FDRE (Prop_fdre_C_Q)         0.223    -2.211 r  student_top_inst/u_KLDJ_top/u_pipe_id_ex/id_ex_rs1_addr_reg[0]/Q
                         net (fo=3, routed)           0.644    -1.567    student_top_inst/u_KLDJ_top/u_pipe_id_ex/id_ex_rs1_addr_reg[4]_0[0]
    SLICE_X82Y111                                                     r  student_top_inst/u_KLDJ_top/u_pipe_id_ex/rs1_q[31]_i_11/I0
    SLICE_X82Y111        LUT6 (Prop_lut6_I0_O)        0.043    -1.524 r  student_top_inst/u_KLDJ_top/u_pipe_id_ex/rs1_q[31]_i_11/O
                         net (fo=32, routed)          0.622    -0.902    student_top_inst/u_KLDJ_top/u_pipe_id_ex/rs1_q[31]_i_11_n_0
    SLICE_X87Y109                                                     r  student_top_inst/u_KLDJ_top/u_pipe_id_ex/rs1_q[8]_i_2/I3
    SLICE_X87Y109        LUT5 (Prop_lut5_I3_O)        0.043    -0.859 f  student_top_inst/u_KLDJ_top/u_pipe_id_ex/rs1_q[8]_i_2/O
                         net (fo=1, routed)           0.150    -0.709    student_top_inst/u_KLDJ_top/u_pipe_id_ex/rs1_q[8]_i_2_n_0
    SLICE_X87Y109                                                     f  student_top_inst/u_KLDJ_top/u_pipe_id_ex/rs1_q[8]_i_1/I2
    SLICE_X87Y109        LUT5 (Prop_lut5_I2_O)        0.043    -0.666 f  student_top_inst/u_KLDJ_top/u_pipe_id_ex/rs1_q[8]_i_1/O
                         net (fo=27, routed)          0.544    -0.122    student_top_inst/u_KLDJ_top/u_pipe_id_ex/ex_data1[8]
    SLICE_X87Y109                                                     f  student_top_inst/u_KLDJ_top/u_pipe_id_ex/signed_lt_carry__0_i_4/I3
    SLICE_X87Y109        LUT6 (Prop_lut6_I3_O)        0.043    -0.079 r  student_top_inst/u_KLDJ_top/u_pipe_id_ex/signed_lt_carry__0_i_4/O
                         net (fo=1, routed)           0.400     0.321    student_top_inst/u_KLDJ_top/exu2/u_KLDJ_alu/u_alu_add/signed_lt_carry__1_0[0]
    SLICE_X87Y113                                                     r  student_top_inst/u_KLDJ_top/exu2/u_KLDJ_alu/u_alu_add/signed_lt_carry__0/DI[0]
    SLICE_X87Y113        CARRY4 (Prop_carry4_DI[0]_CO[3])
                                                      0.269     0.590 r  student_top_inst/u_KLDJ_top/exu2/u_KLDJ_alu/u_alu_add/signed_lt_carry__0/CO[3]
                         net (fo=1, routed)           0.000     0.590    student_top_inst/u_KLDJ_top/exu2/u_KLDJ_alu/u_alu_add/signed_lt_carry__0_n_0
    SLICE_X87Y114                                                     r  student_top_inst/u_KLDJ_top/exu2/u_KLDJ_alu/u_alu_add/signed_lt_carry__1/CI
    SLICE_X87Y114        CARRY4 (Prop_carry4_CI_CO[3])
                                                      0.053     0.643 r  student_top_inst/u_KLDJ_top/exu2/u_KLDJ_alu/u_alu_add/signed_lt_carry__1/CO[3]
                         net (fo=1, routed)           0.000     0.643    student_top_inst/u_KLDJ_top/exu2/u_KLDJ_alu/u_alu_add/signed_lt_carry__1_n_0
    SLICE_X87Y115                                                     r  student_top_inst/u_KLDJ_top/exu2/u_KLDJ_alu/u_alu_add/signed_lt_carry__2/CI
    SLICE_X87Y115        CARRY4 (Prop_carry4_CI_CO[3])
                                                      0.053     0.696 r  student_top_inst/u_KLDJ_top/exu2/u_KLDJ_alu/u_alu_add/signed_lt_carry__2/CO[3]
                         net (fo=3, routed)           0.324     1.020    student_top_inst/u_KLDJ_top/u_pipe_id_ex/ex_mem_exu_res[0]_i_5_1[0]
    SLICE_X85Y115                                                     r  student_top_inst/u_KLDJ_top/u_pipe_id_ex/ghr[0]_i_8/I2
    SLICE_X85Y115        LUT5 (Prop_lut5_I2_O)        0.043     1.063 r  student_top_inst/u_KLDJ_top/u_pipe_id_ex/ghr[0]_i_8/O
                         net (fo=2, routed)           0.196     1.258    student_top_inst/u_KLDJ_top/u_pipe_id_ex/ghr[0]_i_8_n_0
    SLICE_X83Y115                                                     r  student_top_inst/u_KLDJ_top/u_pipe_id_ex/ghr[0]_i_4/I5
    SLICE_X83Y115        LUT6 (Prop_lut6_I5_O)        0.043     1.301 f  student_top_inst/u_KLDJ_top/u_pipe_id_ex/ghr[0]_i_4/O
                         net (fo=33, routed)          0.350     1.651    student_top_inst/u_KLDJ_top/u_pipe_id_ex/ghr[0]_i_4_n_0
    SLICE_X76Y115                                                     f  student_top_inst/u_KLDJ_top/u_pipe_id_ex/update_target_q[13]_i_3/I2
    SLICE_X76Y115        LUT4 (Prop_lut4_I2_O)        0.043     1.694 r  student_top_inst/u_KLDJ_top/u_pipe_id_ex/update_target_q[13]_i_3/O
                         net (fo=1, routed)           0.441     2.135    student_top_inst/u_KLDJ_top/u_pipe_id_ex/update_target_q[13]_i_3_n_0
    SLICE_X73Y115                                                     r  student_top_inst/u_KLDJ_top/u_pipe_id_ex/update_target_q[13]_i_1/I2
    SLICE_X73Y115        LUT6 (Prop_lut6_I2_O)        0.043     2.178 r  student_top_inst/u_KLDJ_top/u_pipe_id_ex/update_target_q[13]_i_1/O
                         net (fo=3, routed)           0.327     2.505    student_top_inst/u_KLDJ_top/u_pipe_id_ex/id_ex_exu_op_reg[0]_0[13]
    SLICE_X71Y114                                                     r  student_top_inst/u_KLDJ_top/u_pipe_id_ex/id_ex_pred_taken_i_14/I1
    SLICE_X71Y114        LUT6 (Prop_lut6_I1_O)        0.043     2.548 r  student_top_inst/u_KLDJ_top/u_pipe_id_ex/id_ex_pred_taken_i_14/O
                         net (fo=1, routed)           0.000     2.548    student_top_inst/u_KLDJ_top/u_pipe_id_ex/id_ex_pred_taken_i_14_n_0
    SLICE_X71Y114                                                     r  student_top_inst/u_KLDJ_top/u_pipe_id_ex/id_ex_pred_taken_reg_i_6/S[0]
    SLICE_X71Y114        CARRY4 (Prop_carry4_S[0]_CO[3])
                                                      0.259     2.807 r  student_top_inst/u_KLDJ_top/u_pipe_id_ex/id_ex_pred_taken_reg_i_6/CO[3]
                         net (fo=1, routed)           0.000     2.807    student_top_inst/u_KLDJ_top/u_pipe_id_ex/id_ex_pred_taken_reg_i_6_n_0
    SLICE_X71Y115                                                     r  student_top_inst/u_KLDJ_top/u_pipe_id_ex/id_ex_pred_taken_reg_i_5/CI
    SLICE_X71Y115        CARRY4 (Prop_carry4_CI_CO[2])
                                                      0.110     2.917 f  student_top_inst/u_KLDJ_top/u_pipe_id_ex/id_ex_pred_taken_reg_i_5/CO[2]
                         net (fo=4, routed)           0.264     3.181    student_top_inst/u_KLDJ_top/u_pipe_id_ex/u_ex_bpu_ctrl/indirect_target_miss0
    SLICE_X74Y115                                                     f  student_top_inst/u_KLDJ_top/u_pipe_id_ex/id_ex_pred_taken_i_2/I4
    SLICE_X74Y115        LUT6 (Prop_lut6_I4_O)        0.129     3.310 r  student_top_inst/u_KLDJ_top/u_pipe_id_ex/id_ex_pred_taken_i_2/O
                         net (fo=12, routed)          0.546     3.856    student_top_inst/u_KLDJ_top/u_pipe_id_ex/id_ex_pred_taken_i_2_n_0
    SLICE_X80Y112        FDRE                                         r  student_top_inst/u_KLDJ_top/u_pipe_id_ex/id_ex_rs2_ren_reg/CE
  -------------------------------------------------------------------    -------------------

                         (clock clk_out2_pll rise edge)
                                                      5.714     5.714 r  
    AD12                                              0.000     5.714 r  i_sys_clk_p (IN)
                         net (fo=0)                   0.000     5.714    pll_inst/inst/clk_in1_p
    AD12                                                              r  pll_inst/inst/clkin1_ibufgds/I
    AD12                 IBUFDS (Prop_ibufds_I_O)     0.803     6.518 r  pll_inst/inst/clkin1_ibufgds/O
                         net (fo=1, routed)           1.001     7.519    pll_inst/inst/clk_in1_pll
    PLLE2_ADV_X1Y1                                                    r  pll_inst/inst/plle2_adv_inst/CLKIN1
    PLLE2_ADV_X1Y1       PLLE2_ADV (Prop_plle2_adv_CLKIN1_CLKOUT1)
                                                     -7.261     0.258 r  pll_inst/inst/plle2_adv_inst/CLKOUT1
                         net (fo=1, routed)           2.003     2.261    pll_inst/inst/clk_out2_pll
    BUFGCTRL_X0Y0                                                     r  pll_inst/inst/clkout2_buf/I
    BUFGCTRL_X0Y0        BUFG (Prop_bufg_I_O)         0.083     2.344 r  pll_inst/inst/clkout2_buf/O
                         net (fo=5999, routed)        1.264     3.608    student_top_inst/u_KLDJ_top/u_pipe_id_ex/clk_out2
    SLICE_X80Y112        FDRE                                         r  student_top_inst/u_KLDJ_top/u_pipe_id_ex/id_ex_rs2_ren_reg/C
                         clock pessimism             -0.355     3.253    
                         clock uncertainty           -0.077     3.176    
    SLICE_X80Y112        FDRE (Setup_fdre_C_CE)      -0.201     2.975    student_top_inst/u_KLDJ_top/u_pipe_id_ex/id_ex_rs2_ren_reg
  -------------------------------------------------------------------
                         required time                          2.975    
                         arrival time                          -3.856    
  -------------------------------------------------------------------
                         slack                                 -0.881    

Slack (VIOLATED) :        -0.876ns  (required time - arrival time)
  Source:                 student_top_inst/u_KLDJ_top/u_pipe_id_ex/id_ex_rs1_addr_reg[0]/C
                            (rising edge-triggered cell FDRE clocked by clk_out2_pll  {rise@0.000ns fall@2.857ns period=5.714ns})
  Destination:            student_top_inst/u_KLDJ_top/u_pipe_id_ex/id_ex_branch_op_reg/R
                            (rising edge-triggered cell FDRE clocked by clk_out2_pll  {rise@0.000ns fall@2.857ns period=5.714ns})
  Path Group:             clk_out2_pll
  Path Type:              Setup (Max at Slow Process Corner)
  Requirement:            5.714ns  (clk_out2_pll rise@5.714ns - clk_out2_pll rise@0.000ns)
  Data Path Delay:        6.081ns  (logic 1.483ns (24.389%)  route 4.598ns (75.611%))
  Logic Levels:           15  (CARRY4=5 LUT4=1 LUT5=3 LUT6=6)
  Clock Path Skew:        -0.129ns (DCD - SCD + CPR)
    Destination Clock Delay (DCD):    -2.116ns = ( 3.599 - 5.714 ) 
    Source Clock Delay      (SCD):    -2.434ns
    Clock Pessimism Removal (CPR):    -0.448ns
  Clock Uncertainty:      0.077ns  ((TSJ^2 + DJ^2)^1/2) / 2 + PE
    Total System Jitter     (TSJ):    0.071ns
    Discrete Jitter          (DJ):    0.137ns
    Phase Error              (PE):    0.000ns

    Location             Delay type                Incr(ns)  Path(ns)    Netlist Resource(s)
  -------------------------------------------------------------------    -------------------
                         (clock clk_out2_pll rise edge)
                                                      0.000     0.000 r  
    AD12                                              0.000     0.000 r  i_sys_clk_p (IN)
                         net (fo=0)                   0.000     0.000    pll_inst/inst/clk_in1_p
    AD12                                                              r  pll_inst/inst/clkin1_ibufgds/I
    AD12                 IBUFDS (Prop_ibufds_I_O)     0.906     0.906 r  pll_inst/inst/clkin1_ibufgds/O
                         net (fo=1, routed)           1.098     2.004    pll_inst/inst/clk_in1_pll
    PLLE2_ADV_X1Y1                                                    r  pll_inst/inst/plle2_adv_inst/CLKIN1
    PLLE2_ADV_X1Y1       PLLE2_ADV (Prop_plle2_adv_CLKIN1_CLKOUT1)
                                                     -8.058    -6.054 r  pll_inst/inst/plle2_adv_inst/CLKOUT1
                         net (fo=1, routed)           2.128    -3.926    pll_inst/inst/clk_out2_pll
    BUFGCTRL_X0Y0                                                     r  pll_inst/inst/clkout2_buf/I
    BUFGCTRL_X0Y0        BUFG (Prop_bufg_I_O)         0.093    -3.833 r  pll_inst/inst/clkout2_buf/O
                         net (fo=5999, routed)        1.399    -2.434    student_top_inst/u_KLDJ_top/u_pipe_id_ex/clk_out2
    SLICE_X83Y109        FDRE                                         r  student_top_inst/u_KLDJ_top/u_pipe_id_ex/id_ex_rs1_addr_reg[0]/C
  -------------------------------------------------------------------    -------------------
    SLICE_X83Y109        FDRE (Prop_fdre_C_Q)         0.223    -2.211 r  student_top_inst/u_KLDJ_top/u_pipe_id_ex/id_ex_rs1_addr_reg[0]/Q
                         net (fo=3, routed)           0.644    -1.567    student_top_inst/u_KLDJ_top/u_pipe_id_ex/id_ex_rs1_addr_reg[4]_0[0]
    SLICE_X82Y111                                                     r  student_top_inst/u_KLDJ_top/u_pipe_id_ex/rs1_q[31]_i_11/I0
    SLICE_X82Y111        LUT6 (Prop_lut6_I0_O)        0.043    -1.524 r  student_top_inst/u_KLDJ_top/u_pipe_id_ex/rs1_q[31]_i_11/O
                         net (fo=32, routed)          0.622    -0.902    student_top_inst/u_KLDJ_top/u_pipe_id_ex/rs1_q[31]_i_11_n_0
    SLICE_X87Y109                                                     r  student_top_inst/u_KLDJ_top/u_pipe_id_ex/rs1_q[8]_i_2/I3
    SLICE_X87Y109        LUT5 (Prop_lut5_I3_O)        0.043    -0.859 f  student_top_inst/u_KLDJ_top/u_pipe_id_ex/rs1_q[8]_i_2/O
                         net (fo=1, routed)           0.150    -0.709    student_top_inst/u_KLDJ_top/u_pipe_id_ex/rs1_q[8]_i_2_n_0
    SLICE_X87Y109                                                     f  student_top_inst/u_KLDJ_top/u_pipe_id_ex/rs1_q[8]_i_1/I2
    SLICE_X87Y109        LUT5 (Prop_lut5_I2_O)        0.043    -0.666 f  student_top_inst/u_KLDJ_top/u_pipe_id_ex/rs1_q[8]_i_1/O
                         net (fo=27, routed)          0.544    -0.122    student_top_inst/u_KLDJ_top/u_pipe_id_ex/ex_data1[8]
    SLICE_X87Y109                                                     f  student_top_inst/u_KLDJ_top/u_pipe_id_ex/signed_lt_carry__0_i_4/I3
    SLICE_X87Y109        LUT6 (Prop_lut6_I3_O)        0.043    -0.079 r  student_top_inst/u_KLDJ_top/u_pipe_id_ex/signed_lt_carry__0_i_4/O
                         net (fo=1, routed)           0.400     0.321    student_top_inst/u_KLDJ_top/exu2/u_KLDJ_alu/u_alu_add/signed_lt_carry__1_0[0]
    SLICE_X87Y113                                                     r  student_top_inst/u_KLDJ_top/exu2/u_KLDJ_alu/u_alu_add/signed_lt_carry__0/DI[0]
    SLICE_X87Y113        CARRY4 (Prop_carry4_DI[0]_CO[3])
                                                      0.269     0.590 r  student_top_inst/u_KLDJ_top/exu2/u_KLDJ_alu/u_alu_add/signed_lt_carry__0/CO[3]
                         net (fo=1, routed)           0.000     0.590    student_top_inst/u_KLDJ_top/exu2/u_KLDJ_alu/u_alu_add/signed_lt_carry__0_n_0
    SLICE_X87Y114                                                     r  student_top_inst/u_KLDJ_top/exu2/u_KLDJ_alu/u_alu_add/signed_lt_carry__1/CI
    SLICE_X87Y114        CARRY4 (Prop_carry4_CI_CO[3])
                                                      0.053     0.643 r  student_top_inst/u_KLDJ_top/exu2/u_KLDJ_alu/u_alu_add/signed_lt_carry__1/CO[3]
                         net (fo=1, routed)           0.000     0.643    student_top_inst/u_KLDJ_top/exu2/u_KLDJ_alu/u_alu_add/signed_lt_carry__1_n_0
    SLICE_X87Y115                                                     r  student_top_inst/u_KLDJ_top/exu2/u_KLDJ_alu/u_alu_add/signed_lt_carry__2/CI
    SLICE_X87Y115        CARRY4 (Prop_carry4_CI_CO[3])
                                                      0.053     0.696 r  student_top_inst/u_KLDJ_top/exu2/u_KLDJ_alu/u_alu_add/signed_lt_carry__2/CO[3]
                         net (fo=3, routed)           0.324     1.020    student_top_inst/u_KLDJ_top/u_pipe_id_ex/ex_mem_exu_res[0]_i_5_1[0]
    SLICE_X85Y115                                                     r  student_top_inst/u_KLDJ_top/u_pipe_id_ex/ghr[0]_i_8/I2
    SLICE_X85Y115        LUT5 (Prop_lut5_I2_O)        0.043     1.063 r  student_top_inst/u_KLDJ_top/u_pipe_id_ex/ghr[0]_i_8/O
                         net (fo=2, routed)           0.196     1.258    student_top_inst/u_KLDJ_top/u_pipe_id_ex/ghr[0]_i_8_n_0
    SLICE_X83Y115                                                     r  student_top_inst/u_KLDJ_top/u_pipe_id_ex/ghr[0]_i_4/I5
    SLICE_X83Y115        LUT6 (Prop_lut6_I5_O)        0.043     1.301 f  student_top_inst/u_KLDJ_top/u_pipe_id_ex/ghr[0]_i_4/O
                         net (fo=33, routed)          0.350     1.651    student_top_inst/u_KLDJ_top/u_pipe_id_ex/ghr[0]_i_4_n_0
    SLICE_X76Y115                                                     f  student_top_inst/u_KLDJ_top/u_pipe_id_ex/update_target_q[13]_i_3/I2
    SLICE_X76Y115        LUT4 (Prop_lut4_I2_O)        0.043     1.694 r  student_top_inst/u_KLDJ_top/u_pipe_id_ex/update_target_q[13]_i_3/O
                         net (fo=1, routed)           0.441     2.135    student_top_inst/u_KLDJ_top/u_pipe_id_ex/update_target_q[13]_i_3_n_0
    SLICE_X73Y115                                                     r  student_top_inst/u_KLDJ_top/u_pipe_id_ex/update_target_q[13]_i_1/I2
    SLICE_X73Y115        LUT6 (Prop_lut6_I2_O)        0.043     2.178 r  student_top_inst/u_KLDJ_top/u_pipe_id_ex/update_target_q[13]_i_1/O
                         net (fo=3, routed)           0.327     2.505    student_top_inst/u_KLDJ_top/u_pipe_id_ex/id_ex_exu_op_reg[0]_0[13]
    SLICE_X71Y114                                                     r  student_top_inst/u_KLDJ_top/u_pipe_id_ex/id_ex_pred_taken_i_14/I1
    SLICE_X71Y114        LUT6 (Prop_lut6_I1_O)        0.043     2.548 r  student_top_inst/u_KLDJ_top/u_pipe_id_ex/id_ex_pred_taken_i_14/O
                         net (fo=1, routed)           0.000     2.548    student_top_inst/u_KLDJ_top/u_pipe_id_ex/id_ex_pred_taken_i_14_n_0
    SLICE_X71Y114                                                     r  student_top_inst/u_KLDJ_top/u_pipe_id_ex/id_ex_pred_taken_reg_i_6/S[0]
    SLICE_X71Y114        CARRY4 (Prop_carry4_S[0]_CO[3])
                                                      0.259     2.807 r  student_top_inst/u_KLDJ_top/u_pipe_id_ex/id_ex_pred_taken_reg_i_6/CO[3]
                         net (fo=1, routed)           0.000     2.807    student_top_inst/u_KLDJ_top/u_pipe_id_ex/id_ex_pred_taken_reg_i_6_n_0
    SLICE_X71Y115                                                     r  student_top_inst/u_KLDJ_top/u_pipe_id_ex/id_ex_pred_taken_reg_i_5/CI
    SLICE_X71Y115        CARRY4 (Prop_carry4_CI_CO[2])
                                                      0.110     2.917 f  student_top_inst/u_KLDJ_top/u_pipe_id_ex/id_ex_pred_taken_reg_i_5/CO[2]
                         net (fo=4, routed)           0.281     3.198    student_top_inst/u_KLDJ_top/u_pipe_id_ex/u_ex_bpu_ctrl/indirect_target_miss0
    SLICE_X72Y114                                                     f  student_top_inst/u_KLDJ_top/u_pipe_id_ex/id_ex_pred_taken_i_1_comp/I4
    SLICE_X72Y114        LUT6 (Prop_lut6_I4_O)        0.129     3.327 r  student_top_inst/u_KLDJ_top/u_pipe_id_ex/id_ex_pred_taken_i_1_comp/O
                         net (fo=12, routed)          0.319     3.646    student_top_inst/u_KLDJ_top/u_pipe_id_ex/id_ex_pred_taken_i_1_n_0
    SLICE_X73Y113        FDRE                                         r  student_top_inst/u_KLDJ_top/u_pipe_id_ex/id_ex_branch_op_reg/R
  -------------------------------------------------------------------    -------------------

                         (clock clk_out2_pll rise edge)
                                                      5.714     5.714 r  
    AD12                                              0.000     5.714 r  i_sys_clk_p (IN)
                         net (fo=0)                   0.000     5.714    pll_inst/inst/clk_in1_p
    AD12                                                              r  pll_inst/inst/clkin1_ibufgds/I
    AD12                 IBUFDS (Prop_ibufds_I_O)     0.803     6.518 r  pll_inst/inst/clkin1_ibufgds/O
                         net (fo=1, routed)           1.001     7.519    pll_inst/inst/clk_in1_pll
    PLLE2_ADV_X1Y1                                                    r  pll_inst/inst/plle2_adv_inst/CLKIN1
    PLLE2_ADV_X1Y1       PLLE2_ADV (Prop_plle2_adv_CLKIN1_CLKOUT1)
                                                     -7.261     0.258 r  pll_inst/inst/plle2_adv_inst/CLKOUT1
                         net (fo=1, routed)           2.003     2.261    pll_inst/inst/clk_out2_pll
    BUFGCTRL_X0Y0                                                     r  pll_inst/inst/clkout2_buf/I
    BUFGCTRL_X0Y0        BUFG (Prop_bufg_I_O)         0.083     2.344 r  pll_inst/inst/clkout2_buf/O
                         net (fo=5999, routed)        1.255     3.599    student_top_inst/u_KLDJ_top/u_pipe_id_ex/clk_out2
    SLICE_X73Y113        FDRE                                         r  student_top_inst/u_KLDJ_top/u_pipe_id_ex/id_ex_branch_op_reg/C
                         clock pessimism             -0.448     3.151    
                         clock uncertainty           -0.077     3.074    
    SLICE_X73Y113        FDRE (Setup_fdre_C_R)       -0.304     2.770    student_top_inst/u_KLDJ_top/u_pipe_id_ex/id_ex_branch_op_reg
  -------------------------------------------------------------------
                         required time                          2.770    
                         arrival time                          -3.646    
  -------------------------------------------------------------------
                         slack                                 -0.876    

Slack (VIOLATED) :        -0.876ns  (required time - arrival time)
  Source:                 student_top_inst/u_KLDJ_top/u_pipe_id_ex/id_ex_rs1_addr_reg[0]/C
                            (rising edge-triggered cell FDRE clocked by clk_out2_pll  {rise@0.000ns fall@2.857ns period=5.714ns})
  Destination:            student_top_inst/u_KLDJ_top/u_pipe_id_ex/id_ex_jal_op_reg/R
                            (rising edge-triggered cell FDRE clocked by clk_out2_pll  {rise@0.000ns fall@2.857ns period=5.714ns})
  Path Group:             clk_out2_pll
  Path Type:              Setup (Max at Slow Process Corner)
  Requirement:            5.714ns  (clk_out2_pll rise@5.714ns - clk_out2_pll rise@0.000ns)
  Data Path Delay:        6.081ns  (logic 1.483ns (24.389%)  route 4.598ns (75.611%))
  Logic Levels:           15  (CARRY4=5 LUT4=1 LUT5=3 LUT6=6)
  Clock Path Skew:        -0.129ns (DCD - SCD + CPR)
    Destination Clock Delay (DCD):    -2.116ns = ( 3.599 - 5.714 ) 
    Source Clock Delay      (SCD):    -2.434ns
    Clock Pessimism Removal (CPR):    -0.448ns
  Clock Uncertainty:      0.077ns  ((TSJ^2 + DJ^2)^1/2) / 2 + PE
    Total System Jitter     (TSJ):    0.071ns
    Discrete Jitter          (DJ):    0.137ns
    Phase Error              (PE):    0.000ns

    Location             Delay type                Incr(ns)  Path(ns)    Netlist Resource(s)
  -------------------------------------------------------------------    -------------------
                         (clock clk_out2_pll rise edge)
                                                      0.000     0.000 r  
    AD12                                              0.000     0.000 r  i_sys_clk_p (IN)
                         net (fo=0)                   0.000     0.000    pll_inst/inst/clk_in1_p
    AD12                                                              r  pll_inst/inst/clkin1_ibufgds/I
    AD12                 IBUFDS (Prop_ibufds_I_O)     0.906     0.906 r  pll_inst/inst/clkin1_ibufgds/O
                         net (fo=1, routed)           1.098     2.004    pll_inst/inst/clk_in1_pll
    PLLE2_ADV_X1Y1                                                    r  pll_inst/inst/plle2_adv_inst/CLKIN1
    PLLE2_ADV_X1Y1       PLLE2_ADV (Prop_plle2_adv_CLKIN1_CLKOUT1)
                                                     -8.058    -6.054 r  pll_inst/inst/plle2_adv_inst/CLKOUT1
                         net (fo=1, routed)           2.128    -3.926    pll_inst/inst/clk_out2_pll
    BUFGCTRL_X0Y0                                                     r  pll_inst/inst/clkout2_buf/I
    BUFGCTRL_X0Y0        BUFG (Prop_bufg_I_O)         0.093    -3.833 r  pll_inst/inst/clkout2_buf/O
                         net (fo=5999, routed)        1.399    -2.434    student_top_inst/u_KLDJ_top/u_pipe_id_ex/clk_out2
    SLICE_X83Y109        FDRE                                         r  student_top_inst/u_KLDJ_top/u_pipe_id_ex/id_ex_rs1_addr_reg[0]/C
  -------------------------------------------------------------------    -------------------
    SLICE_X83Y109        FDRE (Prop_fdre_C_Q)         0.223    -2.211 r  student_top_inst/u_KLDJ_top/u_pipe_id_ex/id_ex_rs1_addr_reg[0]/Q
                         net (fo=3, routed)           0.644    -1.567    student_top_inst/u_KLDJ_top/u_pipe_id_ex/id_ex_rs1_addr_reg[4]_0[0]
    SLICE_X82Y111                                                     r  student_top_inst/u_KLDJ_top/u_pipe_id_ex/rs1_q[31]_i_11/I0
    SLICE_X82Y111        LUT6 (Prop_lut6_I0_O)        0.043    -1.524 r  student_top_inst/u_KLDJ_top/u_pipe_id_ex/rs1_q[31]_i_11/O
                         net (fo=32, routed)          0.622    -0.902    student_top_inst/u_KLDJ_top/u_pipe_id_ex/rs1_q[31]_i_11_n_0
    SLICE_X87Y109                                                     r  student_top_inst/u_KLDJ_top/u_pipe_id_ex/rs1_q[8]_i_2/I3
    SLICE_X87Y109        LUT5 (Prop_lut5_I3_O)        0.043    -0.859 f  student_top_inst/u_KLDJ_top/u_pipe_id_ex/rs1_q[8]_i_2/O
                         net (fo=1, routed)           0.150    -0.709    student_top_inst/u_KLDJ_top/u_pipe_id_ex/rs1_q[8]_i_2_n_0
    SLICE_X87Y109                                                     f  student_top_inst/u_KLDJ_top/u_pipe_id_ex/rs1_q[8]_i_1/I2
    SLICE_X87Y109        LUT5 (Prop_lut5_I2_O)        0.043    -0.666 f  student_top_inst/u_KLDJ_top/u_pipe_id_ex/rs1_q[8]_i_1/O
                         net (fo=27, routed)          0.544    -0.122    student_top_inst/u_KLDJ_top/u_pipe_id_ex/ex_data1[8]
    SLICE_X87Y109                                                     f  student_top_inst/u_KLDJ_top/u_pipe_id_ex/signed_lt_carry__0_i_4/I3
    SLICE_X87Y109        LUT6 (Prop_lut6_I3_O)        0.043    -0.079 r  student_top_inst/u_KLDJ_top/u_pipe_id_ex/signed_lt_carry__0_i_4/O
                         net (fo=1, routed)           0.400     0.321    student_top_inst/u_KLDJ_top/exu2/u_KLDJ_alu/u_alu_add/signed_lt_carry__1_0[0]
    SLICE_X87Y113                                                     r  student_top_inst/u_KLDJ_top/exu2/u_KLDJ_alu/u_alu_add/signed_lt_carry__0/DI[0]
    SLICE_X87Y113        CARRY4 (Prop_carry4_DI[0]_CO[3])
                                                      0.269     0.590 r  student_top_inst/u_KLDJ_top/exu2/u_KLDJ_alu/u_alu_add/signed_lt_carry__0/CO[3]
                         net (fo=1, routed)           0.000     0.590    student_top_inst/u_KLDJ_top/exu2/u_KLDJ_alu/u_alu_add/signed_lt_carry__0_n_0
    SLICE_X87Y114                                                     r  student_top_inst/u_KLDJ_top/exu2/u_KLDJ_alu/u_alu_add/signed_lt_carry__1/CI
    SLICE_X87Y114        CARRY4 (Prop_carry4_CI_CO[3])
                                                      0.053     0.643 r  student_top_inst/u_KLDJ_top/exu2/u_KLDJ_alu/u_alu_add/signed_lt_carry__1/CO[3]
                         net (fo=1, routed)           0.000     0.643    student_top_inst/u_KLDJ_top/exu2/u_KLDJ_alu/u_alu_add/signed_lt_carry__1_n_0
    SLICE_X87Y115                                                     r  student_top_inst/u_KLDJ_top/exu2/u_KLDJ_alu/u_alu_add/signed_lt_carry__2/CI
    SLICE_X87Y115        CARRY4 (Prop_carry4_CI_CO[3])
                                                      0.053     0.696 r  student_top_inst/u_KLDJ_top/exu2/u_KLDJ_alu/u_alu_add/signed_lt_carry__2/CO[3]
                         net (fo=3, routed)           0.324     1.020    student_top_inst/u_KLDJ_top/u_pipe_id_ex/ex_mem_exu_res[0]_i_5_1[0]
    SLICE_X85Y115                                                     r  student_top_inst/u_KLDJ_top/u_pipe_id_ex/ghr[0]_i_8/I2
    SLICE_X85Y115        LUT5 (Prop_lut5_I2_O)        0.043     1.063 r  student_top_inst/u_KLDJ_top/u_pipe_id_ex/ghr[0]_i_8/O
                         net (fo=2, routed)           0.196     1.258    student_top_inst/u_KLDJ_top/u_pipe_id_ex/ghr[0]_i_8_n_0
    SLICE_X83Y115                                                     r  student_top_inst/u_KLDJ_top/u_pipe_id_ex/ghr[0]_i_4/I5
    SLICE_X83Y115        LUT6 (Prop_lut6_I5_O)        0.043     1.301 f  student_top_inst/u_KLDJ_top/u_pipe_id_ex/ghr[0]_i_4/O
                         net (fo=33, routed)          0.350     1.651    student_top_inst/u_KLDJ_top/u_pipe_id_ex/ghr[0]_i_4_n_0
    SLICE_X76Y115                                                     f  student_top_inst/u_KLDJ_top/u_pipe_id_ex/update_target_q[13]_i_3/I2
    SLICE_X76Y115        LUT4 (Prop_lut4_I2_O)        0.043     1.694 r  student_top_inst/u_KLDJ_top/u_pipe_id_ex/update_target_q[13]_i_3/O
                         net (fo=1, routed)           0.441     2.135    student_top_inst/u_KLDJ_top/u_pipe_id_ex/update_target_q[13]_i_3_n_0
    SLICE_X73Y115                                                     r  student_top_inst/u_KLDJ_top/u_pipe_id_ex/update_target_q[13]_i_1/I2
    SLICE_X73Y115        LUT6 (Prop_lut6_I2_O)        0.043     2.178 r  student_top_inst/u_KLDJ_top/u_pipe_id_ex/update_target_q[13]_i_1/O
                         net (fo=3, routed)           0.327     2.505    student_top_inst/u_KLDJ_top/u_pipe_id_ex/id_ex_exu_op_reg[0]_0[13]
    SLICE_X71Y114                                                     r  student_top_inst/u_KLDJ_top/u_pipe_id_ex/id_ex_pred_taken_i_14/I1
    SLICE_X71Y114        LUT6 (Prop_lut6_I1_O)        0.043     2.548 r  student_top_inst/u_KLDJ_top/u_pipe_id_ex/id_ex_pred_taken_i_14/O
                         net (fo=1, routed)           0.000     2.548    student_top_inst/u_KLDJ_top/u_pipe_id_ex/id_ex_pred_taken_i_14_n_0
    SLICE_X71Y114                                                     r  student_top_inst/u_KLDJ_top/u_pipe_id_ex/id_ex_pred_taken_reg_i_6/S[0]
    SLICE_X71Y114        CARRY4 (Prop_carry4_S[0]_CO[3])
                                                      0.259     2.807 r  student_top_inst/u_KLDJ_top/u_pipe_id_ex/id_ex_pred_taken_reg_i_6/CO[3]
                         net (fo=1, routed)           0.000     2.807    student_top_inst/u_KLDJ_top/u_pipe_id_ex/id_ex_pred_taken_reg_i_6_n_0
    SLICE_X71Y115                                                     r  student_top_inst/u_KLDJ_top/u_pipe_id_ex/id_ex_pred_taken_reg_i_5/CI
    SLICE_X71Y115        CARRY4 (Prop_carry4_CI_CO[2])
                                                      0.110     2.917 f  student_top_inst/u_KLDJ_top/u_pipe_id_ex/id_ex_pred_taken_reg_i_5/CO[2]
                         net (fo=4, routed)           0.281     3.198    student_top_inst/u_KLDJ_top/u_pipe_id_ex/u_ex_bpu_ctrl/indirect_target_miss0
    SLICE_X72Y114                                                     f  student_top_inst/u_KLDJ_top/u_pipe_id_ex/id_ex_pred_taken_i_1_comp/I4
    SLICE_X72Y114        LUT6 (Prop_lut6_I4_O)        0.129     3.327 r  student_top_inst/u_KLDJ_top/u_pipe_id_ex/id_ex_pred_taken_i_1_comp/O
                         net (fo=12, routed)          0.319     3.646    student_top_inst/u_KLDJ_top/u_pipe_id_ex/id_ex_pred_taken_i_1_n_0
    SLICE_X73Y113        FDRE                                         r  student_top_inst/u_KLDJ_top/u_pipe_id_ex/id_ex_jal_op_reg/R
  -------------------------------------------------------------------    -------------------

                         (clock clk_out2_pll rise edge)
                                                      5.714     5.714 r  
    AD12                                              0.000     5.714 r  i_sys_clk_p (IN)
                         net (fo=0)                   0.000     5.714    pll_inst/inst/clk_in1_p
    AD12                                                              r  pll_inst/inst/clkin1_ibufgds/I
    AD12                 IBUFDS (Prop_ibufds_I_O)     0.803     6.518 r  pll_inst/inst/clkin1_ibufgds/O
                         net (fo=1, routed)           1.001     7.519    pll_inst/inst/clk_in1_pll
    PLLE2_ADV_X1Y1                                                    r  pll_inst/inst/plle2_adv_inst/CLKIN1
    PLLE2_ADV_X1Y1       PLLE2_ADV (Prop_plle2_adv_CLKIN1_CLKOUT1)
                                                     -7.261     0.258 r  pll_inst/inst/plle2_adv_inst/CLKOUT1
                         net (fo=1, routed)           2.003     2.261    pll_inst/inst/clk_out2_pll
    BUFGCTRL_X0Y0                                                     r  pll_inst/inst/clkout2_buf/I
    BUFGCTRL_X0Y0        BUFG (Prop_bufg_I_O)         0.083     2.344 r  pll_inst/inst/clkout2_buf/O
                         net (fo=5999, routed)        1.255     3.599    student_top_inst/u_KLDJ_top/u_pipe_id_ex/clk_out2
    SLICE_X73Y113        FDRE                                         r  student_top_inst/u_KLDJ_top/u_pipe_id_ex/id_ex_jal_op_reg/C
                         clock pessimism             -0.448     3.151    
                         clock uncertainty           -0.077     3.074    
    SLICE_X73Y113        FDRE (Setup_fdre_C_R)       -0.304     2.770    student_top_inst/u_KLDJ_top/u_pipe_id_ex/id_ex_jal_op_reg
  -------------------------------------------------------------------
                         required time                          2.770    
                         arrival time                          -3.646    
  -------------------------------------------------------------------
                         slack                                 -0.876    

Slack (VIOLATED) :        -0.876ns  (required time - arrival time)
  Source:                 student_top_inst/u_KLDJ_top/u_pipe_id_ex/id_ex_rs1_addr_reg[0]/C
                            (rising edge-triggered cell FDRE clocked by clk_out2_pll  {rise@0.000ns fall@2.857ns period=5.714ns})
  Destination:            student_top_inst/u_KLDJ_top/u_pipe_id_ex/id_ex_jalr_check_en_reg/R
                            (rising edge-triggered cell FDRE clocked by clk_out2_pll  {rise@0.000ns fall@2.857ns period=5.714ns})
  Path Group:             clk_out2_pll
  Path Type:              Setup (Max at Slow Process Corner)
  Requirement:            5.714ns  (clk_out2_pll rise@5.714ns - clk_out2_pll rise@0.000ns)
  Data Path Delay:        6.081ns  (logic 1.483ns (24.389%)  route 4.598ns (75.611%))
  Logic Levels:           15  (CARRY4=5 LUT4=1 LUT5=3 LUT6=6)
  Clock Path Skew:        -0.129ns (DCD - SCD + CPR)
    Destination Clock Delay (DCD):    -2.116ns = ( 3.599 - 5.714 ) 
    Source Clock Delay      (SCD):    -2.434ns
    Clock Pessimism Removal (CPR):    -0.448ns
  Clock Uncertainty:      0.077ns  ((TSJ^2 + DJ^2)^1/2) / 2 + PE
    Total System Jitter     (TSJ):    0.071ns
    Discrete Jitter          (DJ):    0.137ns
    Phase Error              (PE):    0.000ns

    Location             Delay type                Incr(ns)  Path(ns)    Netlist Resource(s)
  -------------------------------------------------------------------    -------------------
                         (clock clk_out2_pll rise edge)
                                                      0.000     0.000 r  
    AD12                                              0.000     0.000 r  i_sys_clk_p (IN)
                         net (fo=0)                   0.000     0.000    pll_inst/inst/clk_in1_p
    AD12                                                              r  pll_inst/inst/clkin1_ibufgds/I
    AD12                 IBUFDS (Prop_ibufds_I_O)     0.906     0.906 r  pll_inst/inst/clkin1_ibufgds/O
                         net (fo=1, routed)           1.098     2.004    pll_inst/inst/clk_in1_pll
    PLLE2_ADV_X1Y1                                                    r  pll_inst/inst/plle2_adv_inst/CLKIN1
    PLLE2_ADV_X1Y1       PLLE2_ADV (Prop_plle2_adv_CLKIN1_CLKOUT1)
                                                     -8.058    -6.054 r  pll_inst/inst/plle2_adv_inst/CLKOUT1
                         net (fo=1, routed)           2.128    -3.926    pll_inst/inst/clk_out2_pll
    BUFGCTRL_X0Y0                                                     r  pll_inst/inst/clkout2_buf/I
    BUFGCTRL_X0Y0        BUFG (Prop_bufg_I_O)         0.093    -3.833 r  pll_inst/inst/clkout2_buf/O
                         net (fo=5999, routed)        1.399    -2.434    student_top_inst/u_KLDJ_top/u_pipe_id_ex/clk_out2
    SLICE_X83Y109        FDRE                                         r  student_top_inst/u_KLDJ_top/u_pipe_id_ex/id_ex_rs1_addr_reg[0]/C
  -------------------------------------------------------------------    -------------------
    SLICE_X83Y109        FDRE (Prop_fdre_C_Q)         0.223    -2.211 r  student_top_inst/u_KLDJ_top/u_pipe_id_ex/id_ex_rs1_addr_reg[0]/Q
                         net (fo=3, routed)           0.644    -1.567    student_top_inst/u_KLDJ_top/u_pipe_id_ex/id_ex_rs1_addr_reg[4]_0[0]
    SLICE_X82Y111                                                     r  student_top_inst/u_KLDJ_top/u_pipe_id_ex/rs1_q[31]_i_11/I0
    SLICE_X82Y111        LUT6 (Prop_lut6_I0_O)        0.043    -1.524 r  student_top_inst/u_KLDJ_top/u_pipe_id_ex/rs1_q[31]_i_11/O
                         net (fo=32, routed)          0.622    -0.902    student_top_inst/u_KLDJ_top/u_pipe_id_ex/rs1_q[31]_i_11_n_0
    SLICE_X87Y109                                                     r  student_top_inst/u_KLDJ_top/u_pipe_id_ex/rs1_q[8]_i_2/I3
    SLICE_X87Y109        LUT5 (Prop_lut5_I3_O)        0.043    -0.859 f  student_top_inst/u_KLDJ_top/u_pipe_id_ex/rs1_q[8]_i_2/O
                         net (fo=1, routed)           0.150    -0.709    student_top_inst/u_KLDJ_top/u_pipe_id_ex/rs1_q[8]_i_2_n_0
    SLICE_X87Y109                                                     f  student_top_inst/u_KLDJ_top/u_pipe_id_ex/rs1_q[8]_i_1/I2
    SLICE_X87Y109        LUT5 (Prop_lut5_I2_O)        0.043    -0.666 f  student_top_inst/u_KLDJ_top/u_pipe_id_ex/rs1_q[8]_i_1/O
                         net (fo=27, routed)          0.544    -0.122    student_top_inst/u_KLDJ_top/u_pipe_id_ex/ex_data1[8]
    SLICE_X87Y109                                                     f  student_top_inst/u_KLDJ_top/u_pipe_id_ex/signed_lt_carry__0_i_4/I3
    SLICE_X87Y109        LUT6 (Prop_lut6_I3_O)        0.043    -0.079 r  student_top_inst/u_KLDJ_top/u_pipe_id_ex/signed_lt_carry__0_i_4/O
                         net (fo=1, routed)           0.400     0.321    student_top_inst/u_KLDJ_top/exu2/u_KLDJ_alu/u_alu_add/signed_lt_carry__1_0[0]
    SLICE_X87Y113                                                     r  student_top_inst/u_KLDJ_top/exu2/u_KLDJ_alu/u_alu_add/signed_lt_carry__0/DI[0]
    SLICE_X87Y113        CARRY4 (Prop_carry4_DI[0]_CO[3])
                                                      0.269     0.590 r  student_top_inst/u_KLDJ_top/exu2/u_KLDJ_alu/u_alu_add/signed_lt_carry__0/CO[3]
                         net (fo=1, routed)           0.000     0.590    student_top_inst/u_KLDJ_top/exu2/u_KLDJ_alu/u_alu_add/signed_lt_carry__0_n_0
    SLICE_X87Y114                                                     r  student_top_inst/u_KLDJ_top/exu2/u_KLDJ_alu/u_alu_add/signed_lt_carry__1/CI
    SLICE_X87Y114        CARRY4 (Prop_carry4_CI_CO[3])
                                                      0.053     0.643 r  student_top_inst/u_KLDJ_top/exu2/u_KLDJ_alu/u_alu_add/signed_lt_carry__1/CO[3]
                         net (fo=1, routed)           0.000     0.643    student_top_inst/u_KLDJ_top/exu2/u_KLDJ_alu/u_alu_add/signed_lt_carry__1_n_0
    SLICE_X87Y115                                                     r  student_top_inst/u_KLDJ_top/exu2/u_KLDJ_alu/u_alu_add/signed_lt_carry__2/CI
    SLICE_X87Y115        CARRY4 (Prop_carry4_CI_CO[3])
                                                      0.053     0.696 r  student_top_inst/u_KLDJ_top/exu2/u_KLDJ_alu/u_alu_add/signed_lt_carry__2/CO[3]
                         net (fo=3, routed)           0.324     1.020    student_top_inst/u_KLDJ_top/u_pipe_id_ex/ex_mem_exu_res[0]_i_5_1[0]
    SLICE_X85Y115                                                     r  student_top_inst/u_KLDJ_top/u_pipe_id_ex/ghr[0]_i_8/I2
    SLICE_X85Y115        LUT5 (Prop_lut5_I2_O)        0.043     1.063 r  student_top_inst/u_KLDJ_top/u_pipe_id_ex/ghr[0]_i_8/O
                         net (fo=2, routed)           0.196     1.258    student_top_inst/u_KLDJ_top/u_pipe_id_ex/ghr[0]_i_8_n_0
    SLICE_X83Y115                                                     r  student_top_inst/u_KLDJ_top/u_pipe_id_ex/ghr[0]_i_4/I5
    SLICE_X83Y115        LUT6 (Prop_lut6_I5_O)        0.043     1.301 f  student_top_inst/u_KLDJ_top/u_pipe_id_ex/ghr[0]_i_4/O
                         net (fo=33, routed)          0.350     1.651    student_top_inst/u_KLDJ_top/u_pipe_id_ex/ghr[0]_i_4_n_0
    SLICE_X76Y115                                                     f  student_top_inst/u_KLDJ_top/u_pipe_id_ex/update_target_q[13]_i_3/I2
    SLICE_X76Y115        LUT4 (Prop_lut4_I2_O)        0.043     1.694 r  student_top_inst/u_KLDJ_top/u_pipe_id_ex/update_target_q[13]_i_3/O
                         net (fo=1, routed)           0.441     2.135    student_top_inst/u_KLDJ_top/u_pipe_id_ex/update_target_q[13]_i_3_n_0
    SLICE_X73Y115                                                     r  student_top_inst/u_KLDJ_top/u_pipe_id_ex/update_target_q[13]_i_1/I2
    SLICE_X73Y115        LUT6 (Prop_lut6_I2_O)        0.043     2.178 r  student_top_inst/u_KLDJ_top/u_pipe_id_ex/update_target_q[13]_i_1/O
                         net (fo=3, routed)           0.327     2.505    student_top_inst/u_KLDJ_top/u_pipe_id_ex/id_ex_exu_op_reg[0]_0[13]
    SLICE_X71Y114                                                     r  student_top_inst/u_KLDJ_top/u_pipe_id_ex/id_ex_pred_taken_i_14/I1
    SLICE_X71Y114        LUT6 (Prop_lut6_I1_O)        0.043     2.548 r  student_top_inst/u_KLDJ_top/u_pipe_id_ex/id_ex_pred_taken_i_14/O
                         net (fo=1, routed)           0.000     2.548    student_top_inst/u_KLDJ_top/u_pipe_id_ex/id_ex_pred_taken_i_14_n_0
    SLICE_X71Y114                                                     r  student_top_inst/u_KLDJ_top/u_pipe_id_ex/id_ex_pred_taken_reg_i_6/S[0]
    SLICE_X71Y114        CARRY4 (Prop_carry4_S[0]_CO[3])
                                                      0.259     2.807 r  student_top_inst/u_KLDJ_top/u_pipe_id_ex/id_ex_pred_taken_reg_i_6/CO[3]
                         net (fo=1, routed)           0.000     2.807    student_top_inst/u_KLDJ_top/u_pipe_id_ex/id_ex_pred_taken_reg_i_6_n_0
    SLICE_X71Y115                                                     r  student_top_inst/u_KLDJ_top/u_pipe_id_ex/id_ex_pred_taken_reg_i_5/CI
    SLICE_X71Y115        CARRY4 (Prop_carry4_CI_CO[2])
                                                      0.110     2.917 f  student_top_inst/u_KLDJ_top/u_pipe_id_ex/id_ex_pred_taken_reg_i_5/CO[2]
                         net (fo=4, routed)           0.281     3.198    student_top_inst/u_KLDJ_top/u_pipe_id_ex/u_ex_bpu_ctrl/indirect_target_miss0
    SLICE_X72Y114                                                     f  student_top_inst/u_KLDJ_top/u_pipe_id_ex/id_ex_pred_taken_i_1_comp/I4
    SLICE_X72Y114        LUT6 (Prop_lut6_I4_O)        0.129     3.327 r  student_top_inst/u_KLDJ_top/u_pipe_id_ex/id_ex_pred_taken_i_1_comp/O
                         net (fo=12, routed)          0.319     3.646    student_top_inst/u_KLDJ_top/u_pipe_id_ex/id_ex_pred_taken_i_1_n_0
    SLICE_X73Y113        FDRE                                         r  student_top_inst/u_KLDJ_top/u_pipe_id_ex/id_ex_jalr_check_en_reg/R
  -------------------------------------------------------------------    -------------------

                         (clock clk_out2_pll rise edge)
                                                      5.714     5.714 r  
    AD12                                              0.000     5.714 r  i_sys_clk_p (IN)
                         net (fo=0)                   0.000     5.714    pll_inst/inst/clk_in1_p
    AD12                                                              r  pll_inst/inst/clkin1_ibufgds/I
    AD12                 IBUFDS (Prop_ibufds_I_O)     0.803     6.518 r  pll_inst/inst/clkin1_ibufgds/O
                         net (fo=1, routed)           1.001     7.519    pll_inst/inst/clk_in1_pll
    PLLE2_ADV_X1Y1                                                    r  pll_inst/inst/plle2_adv_inst/CLKIN1
    PLLE2_ADV_X1Y1       PLLE2_ADV (Prop_plle2_adv_CLKIN1_CLKOUT1)
                                                     -7.261     0.258 r  pll_inst/inst/plle2_adv_inst/CLKOUT1
                         net (fo=1, routed)           2.003     2.261    pll_inst/inst/clk_out2_pll
    BUFGCTRL_X0Y0                                                     r  pll_inst/inst/clkout2_buf/I
    BUFGCTRL_X0Y0        BUFG (Prop_bufg_I_O)         0.083     2.344 r  pll_inst/inst/clkout2_buf/O
                         net (fo=5999, routed)        1.255     3.599    student_top_inst/u_KLDJ_top/u_pipe_id_ex/clk_out2
    SLICE_X73Y113        FDRE                                         r  student_top_inst/u_KLDJ_top/u_pipe_id_ex/id_ex_jalr_check_en_reg/C
                         clock pessimism             -0.448     3.151    
                         clock uncertainty           -0.077     3.074    
    SLICE_X73Y113        FDRE (Setup_fdre_C_R)       -0.304     2.770    student_top_inst/u_KLDJ_top/u_pipe_id_ex/id_ex_jalr_check_en_reg
  -------------------------------------------------------------------
                         required time                          2.770    
                         arrival time                          -3.646    
  -------------------------------------------------------------------
                         slack                                 -0.876    

Slack (VIOLATED) :        -0.876ns  (required time - arrival time)
  Source:                 student_top_inst/u_KLDJ_top/u_pipe_id_ex/id_ex_rs1_addr_reg[0]/C
                            (rising edge-triggered cell FDRE clocked by clk_out2_pll  {rise@0.000ns fall@2.857ns period=5.714ns})
  Destination:            student_top_inst/u_KLDJ_top/u_pipe_id_ex/id_ex_load_op_reg/R
                            (rising edge-triggered cell FDRE clocked by clk_out2_pll  {rise@0.000ns fall@2.857ns period=5.714ns})
  Path Group:             clk_out2_pll
  Path Type:              Setup (Max at Slow Process Corner)
  Requirement:            5.714ns  (clk_out2_pll rise@5.714ns - clk_out2_pll rise@0.000ns)
  Data Path Delay:        6.081ns  (logic 1.483ns (24.389%)  route 4.598ns (75.611%))
  Logic Levels:           15  (CARRY4=5 LUT4=1 LUT5=3 LUT6=6)
  Clock Path Skew:        -0.129ns (DCD - SCD + CPR)
    Destination Clock Delay (DCD):    -2.116ns = ( 3.599 - 5.714 ) 
    Source Clock Delay      (SCD):    -2.434ns
    Clock Pessimism Removal (CPR):    -0.448ns
  Clock Uncertainty:      0.077ns  ((TSJ^2 + DJ^2)^1/2) / 2 + PE
    Total System Jitter     (TSJ):    0.071ns
    Discrete Jitter          (DJ):    0.137ns
    Phase Error              (PE):    0.000ns

    Location             Delay type                Incr(ns)  Path(ns)    Netlist Resource(s)
  -------------------------------------------------------------------    -------------------
                         (clock clk_out2_pll rise edge)
                                                      0.000     0.000 r  
    AD12                                              0.000     0.000 r  i_sys_clk_p (IN)
                         net (fo=0)                   0.000     0.000    pll_inst/inst/clk_in1_p
    AD12                                                              r  pll_inst/inst/clkin1_ibufgds/I
    AD12                 IBUFDS (Prop_ibufds_I_O)     0.906     0.906 r  pll_inst/inst/clkin1_ibufgds/O
                         net (fo=1, routed)           1.098     2.004    pll_inst/inst/clk_in1_pll
    PLLE2_ADV_X1Y1                                                    r  pll_inst/inst/plle2_adv_inst/CLKIN1
    PLLE2_ADV_X1Y1       PLLE2_ADV (Prop_plle2_adv_CLKIN1_CLKOUT1)
                                                     -8.058    -6.054 r  pll_inst/inst/plle2_adv_inst/CLKOUT1
                         net (fo=1, routed)           2.128    -3.926    pll_inst/inst/clk_out2_pll
    BUFGCTRL_X0Y0                                                     r  pll_inst/inst/clkout2_buf/I
    BUFGCTRL_X0Y0        BUFG (Prop_bufg_I_O)         0.093    -3.833 r  pll_inst/inst/clkout2_buf/O
                         net (fo=5999, routed)        1.399    -2.434    student_top_inst/u_KLDJ_top/u_pipe_id_ex/clk_out2
    SLICE_X83Y109        FDRE                                         r  student_top_inst/u_KLDJ_top/u_pipe_id_ex/id_ex_rs1_addr_reg[0]/C
  -------------------------------------------------------------------    -------------------
    SLICE_X83Y109        FDRE (Prop_fdre_C_Q)         0.223    -2.211 r  student_top_inst/u_KLDJ_top/u_pipe_id_ex/id_ex_rs1_addr_reg[0]/Q
                         net (fo=3, routed)           0.644    -1.567    student_top_inst/u_KLDJ_top/u_pipe_id_ex/id_ex_rs1_addr_reg[4]_0[0]
    SLICE_X82Y111                                                     r  student_top_inst/u_KLDJ_top/u_pipe_id_ex/rs1_q[31]_i_11/I0
    SLICE_X82Y111        LUT6 (Prop_lut6_I0_O)        0.043    -1.524 r  student_top_inst/u_KLDJ_top/u_pipe_id_ex/rs1_q[31]_i_11/O
                         net (fo=32, routed)          0.622    -0.902    student_top_inst/u_KLDJ_top/u_pipe_id_ex/rs1_q[31]_i_11_n_0
    SLICE_X87Y109                                                     r  student_top_inst/u_KLDJ_top/u_pipe_id_ex/rs1_q[8]_i_2/I3
    SLICE_X87Y109        LUT5 (Prop_lut5_I3_O)        0.043    -0.859 f  student_top_inst/u_KLDJ_top/u_pipe_id_ex/rs1_q[8]_i_2/O
                         net (fo=1, routed)           0.150    -0.709    student_top_inst/u_KLDJ_top/u_pipe_id_ex/rs1_q[8]_i_2_n_0
    SLICE_X87Y109                                                     f  student_top_inst/u_KLDJ_top/u_pipe_id_ex/rs1_q[8]_i_1/I2
    SLICE_X87Y109        LUT5 (Prop_lut5_I2_O)        0.043    -0.666 f  student_top_inst/u_KLDJ_top/u_pipe_id_ex/rs1_q[8]_i_1/O
                         net (fo=27, routed)          0.544    -0.122    student_top_inst/u_KLDJ_top/u_pipe_id_ex/ex_data1[8]
    SLICE_X87Y109                                                     f  student_top_inst/u_KLDJ_top/u_pipe_id_ex/signed_lt_carry__0_i_4/I3
    SLICE_X87Y109        LUT6 (Prop_lut6_I3_O)        0.043    -0.079 r  student_top_inst/u_KLDJ_top/u_pipe_id_ex/signed_lt_carry__0_i_4/O
                         net (fo=1, routed)           0.400     0.321    student_top_inst/u_KLDJ_top/exu2/u_KLDJ_alu/u_alu_add/signed_lt_carry__1_0[0]
    SLICE_X87Y113                                                     r  student_top_inst/u_KLDJ_top/exu2/u_KLDJ_alu/u_alu_add/signed_lt_carry__0/DI[0]
    SLICE_X87Y113        CARRY4 (Prop_carry4_DI[0]_CO[3])
                                                      0.269     0.590 r  student_top_inst/u_KLDJ_top/exu2/u_KLDJ_alu/u_alu_add/signed_lt_carry__0/CO[3]
                         net (fo=1, routed)           0.000     0.590    student_top_inst/u_KLDJ_top/exu2/u_KLDJ_alu/u_alu_add/signed_lt_carry__0_n_0
    SLICE_X87Y114                                                     r  student_top_inst/u_KLDJ_top/exu2/u_KLDJ_alu/u_alu_add/signed_lt_carry__1/CI
    SLICE_X87Y114        CARRY4 (Prop_carry4_CI_CO[3])
                                                      0.053     0.643 r  student_top_inst/u_KLDJ_top/exu2/u_KLDJ_alu/u_alu_add/signed_lt_carry__1/CO[3]
                         net (fo=1, routed)           0.000     0.643    student_top_inst/u_KLDJ_top/exu2/u_KLDJ_alu/u_alu_add/signed_lt_carry__1_n_0
    SLICE_X87Y115                                                     r  student_top_inst/u_KLDJ_top/exu2/u_KLDJ_alu/u_alu_add/signed_lt_carry__2/CI
    SLICE_X87Y115        CARRY4 (Prop_carry4_CI_CO[3])
                                                      0.053     0.696 r  student_top_inst/u_KLDJ_top/exu2/u_KLDJ_alu/u_alu_add/signed_lt_carry__2/CO[3]
                         net (fo=3, routed)           0.324     1.020    student_top_inst/u_KLDJ_top/u_pipe_id_ex/ex_mem_exu_res[0]_i_5_1[0]
    SLICE_X85Y115                                                     r  student_top_inst/u_KLDJ_top/u_pipe_id_ex/ghr[0]_i_8/I2
    SLICE_X85Y115        LUT5 (Prop_lut5_I2_O)        0.043     1.063 r  student_top_inst/u_KLDJ_top/u_pipe_id_ex/ghr[0]_i_8/O
                         net (fo=2, routed)           0.196     1.258    student_top_inst/u_KLDJ_top/u_pipe_id_ex/ghr[0]_i_8_n_0
    SLICE_X83Y115                                                     r  student_top_inst/u_KLDJ_top/u_pipe_id_ex/ghr[0]_i_4/I5
    SLICE_X83Y115        LUT6 (Prop_lut6_I5_O)        0.043     1.301 f  student_top_inst/u_KLDJ_top/u_pipe_id_ex/ghr[0]_i_4/O
                         net (fo=33, routed)          0.350     1.651    student_top_inst/u_KLDJ_top/u_pipe_id_ex/ghr[0]_i_4_n_0
    SLICE_X76Y115                                                     f  student_top_inst/u_KLDJ_top/u_pipe_id_ex/update_target_q[13]_i_3/I2
    SLICE_X76Y115        LUT4 (Prop_lut4_I2_O)        0.043     1.694 r  student_top_inst/u_KLDJ_top/u_pipe_id_ex/update_target_q[13]_i_3/O
                         net (fo=1, routed)           0.441     2.135    student_top_inst/u_KLDJ_top/u_pipe_id_ex/update_target_q[13]_i_3_n_0
    SLICE_X73Y115                                                     r  student_top_inst/u_KLDJ_top/u_pipe_id_ex/update_target_q[13]_i_1/I2
    SLICE_X73Y115        LUT6 (Prop_lut6_I2_O)        0.043     2.178 r  student_top_inst/u_KLDJ_top/u_pipe_id_ex/update_target_q[13]_i_1/O
                         net (fo=3, routed)           0.327     2.505    student_top_inst/u_KLDJ_top/u_pipe_id_ex/id_ex_exu_op_reg[0]_0[13]
    SLICE_X71Y114                                                     r  student_top_inst/u_KLDJ_top/u_pipe_id_ex/id_ex_pred_taken_i_14/I1
    SLICE_X71Y114        LUT6 (Prop_lut6_I1_O)        0.043     2.548 r  student_top_inst/u_KLDJ_top/u_pipe_id_ex/id_ex_pred_taken_i_14/O
                         net (fo=1, routed)           0.000     2.548    student_top_inst/u_KLDJ_top/u_pipe_id_ex/id_ex_pred_taken_i_14_n_0
    SLICE_X71Y114                                                     r  student_top_inst/u_KLDJ_top/u_pipe_id_ex/id_ex_pred_taken_reg_i_6/S[0]
    SLICE_X71Y114        CARRY4 (Prop_carry4_S[0]_CO[3])
                                                      0.259     2.807 r  student_top_inst/u_KLDJ_top/u_pipe_id_ex/id_ex_pred_taken_reg_i_6/CO[3]
                         net (fo=1, routed)           0.000     2.807    student_top_inst/u_KLDJ_top/u_pipe_id_ex/id_ex_pred_taken_reg_i_6_n_0
    SLICE_X71Y115                                                     r  student_top_inst/u_KLDJ_top/u_pipe_id_ex/id_ex_pred_taken_reg_i_5/CI
    SLICE_X71Y115        CARRY4 (Prop_carry4_CI_CO[2])
                                                      0.110     2.917 f  student_top_inst/u_KLDJ_top/u_pipe_id_ex/id_ex_pred_taken_reg_i_5/CO[2]
                         net (fo=4, routed)           0.281     3.198    student_top_inst/u_KLDJ_top/u_pipe_id_ex/u_ex_bpu_ctrl/indirect_target_miss0
    SLICE_X72Y114                                                     f  student_top_inst/u_KLDJ_top/u_pipe_id_ex/id_ex_pred_taken_i_1_comp/I4
    SLICE_X72Y114        LUT6 (Prop_lut6_I4_O)        0.129     3.327 r  student_top_inst/u_KLDJ_top/u_pipe_id_ex/id_ex_pred_taken_i_1_comp/O
                         net (fo=12, routed)          0.319     3.646    student_top_inst/u_KLDJ_top/u_pipe_id_ex/id_ex_pred_taken_i_1_n_0
    SLICE_X73Y113        FDRE                                         r  student_top_inst/u_KLDJ_top/u_pipe_id_ex/id_ex_load_op_reg/R
  -------------------------------------------------------------------    -------------------

                         (clock clk_out2_pll rise edge)
                                                      5.714     5.714 r  
    AD12                                              0.000     5.714 r  i_sys_clk_p (IN)
                         net (fo=0)                   0.000     5.714    pll_inst/inst/clk_in1_p
    AD12                                                              r  pll_inst/inst/clkin1_ibufgds/I
    AD12                 IBUFDS (Prop_ibufds_I_O)     0.803     6.518 r  pll_inst/inst/clkin1_ibufgds/O
                         net (fo=1, routed)           1.001     7.519    pll_inst/inst/clk_in1_pll
    PLLE2_ADV_X1Y1                                                    r  pll_inst/inst/plle2_adv_inst/CLKIN1
    PLLE2_ADV_X1Y1       PLLE2_ADV (Prop_plle2_adv_CLKIN1_CLKOUT1)
                                                     -7.261     0.258 r  pll_inst/inst/plle2_adv_inst/CLKOUT1
                         net (fo=1, routed)           2.003     2.261    pll_inst/inst/clk_out2_pll
    BUFGCTRL_X0Y0                                                     r  pll_inst/inst/clkout2_buf/I
    BUFGCTRL_X0Y0        BUFG (Prop_bufg_I_O)         0.083     2.344 r  pll_inst/inst/clkout2_buf/O
                         net (fo=5999, routed)        1.255     3.599    student_top_inst/u_KLDJ_top/u_pipe_id_ex/clk_out2
    SLICE_X73Y113        FDRE                                         r  student_top_inst/u_KLDJ_top/u_pipe_id_ex/id_ex_load_op_reg/C
                         clock pessimism             -0.448     3.151    
                         clock uncertainty           -0.077     3.074    
    SLICE_X73Y113        FDRE (Setup_fdre_C_R)       -0.304     2.770    student_top_inst/u_KLDJ_top/u_pipe_id_ex/id_ex_load_op_reg
  -------------------------------------------------------------------
                         required time                          2.770    
                         arrival time                          -3.646    
  -------------------------------------------------------------------
                         slack                                 -0.876    

Slack (VIOLATED) :        -0.876ns  (required time - arrival time)
  Source:                 student_top_inst/u_KLDJ_top/u_pipe_id_ex/id_ex_rs1_addr_reg[0]/C
                            (rising edge-triggered cell FDRE clocked by clk_out2_pll  {rise@0.000ns fall@2.857ns period=5.714ns})
  Destination:            student_top_inst/u_KLDJ_top/u_pipe_id_ex/id_ex_pred_taken_reg/R
                            (rising edge-triggered cell FDRE clocked by clk_out2_pll  {rise@0.000ns fall@2.857ns period=5.714ns})
  Path Group:             clk_out2_pll
  Path Type:              Setup (Max at Slow Process Corner)
  Requirement:            5.714ns  (clk_out2_pll rise@5.714ns - clk_out2_pll rise@0.000ns)
  Data Path Delay:        6.081ns  (logic 1.483ns (24.389%)  route 4.598ns (75.611%))
  Logic Levels:           15  (CARRY4=5 LUT4=1 LUT5=3 LUT6=6)
  Clock Path Skew:        -0.129ns (DCD - SCD + CPR)
    Destination Clock Delay (DCD):    -2.116ns = ( 3.599 - 5.714 ) 
    Source Clock Delay      (SCD):    -2.434ns
    Clock Pessimism Removal (CPR):    -0.448ns
  Clock Uncertainty:      0.077ns  ((TSJ^2 + DJ^2)^1/2) / 2 + PE
    Total System Jitter     (TSJ):    0.071ns
    Discrete Jitter          (DJ):    0.137ns
    Phase Error              (PE):    0.000ns

    Location             Delay type                Incr(ns)  Path(ns)    Netlist Resource(s)
  -------------------------------------------------------------------    -------------------
                         (clock clk_out2_pll rise edge)
                                                      0.000     0.000 r  
    AD12                                              0.000     0.000 r  i_sys_clk_p (IN)
                         net (fo=0)                   0.000     0.000    pll_inst/inst/clk_in1_p
    AD12                                                              r  pll_inst/inst/clkin1_ibufgds/I
    AD12                 IBUFDS (Prop_ibufds_I_O)     0.906     0.906 r  pll_inst/inst/clkin1_ibufgds/O
                         net (fo=1, routed)           1.098     2.004    pll_inst/inst/clk_in1_pll
    PLLE2_ADV_X1Y1                                                    r  pll_inst/inst/plle2_adv_inst/CLKIN1
    PLLE2_ADV_X1Y1       PLLE2_ADV (Prop_plle2_adv_CLKIN1_CLKOUT1)
                                                     -8.058    -6.054 r  pll_inst/inst/plle2_adv_inst/CLKOUT1
                         net (fo=1, routed)           2.128    -3.926    pll_inst/inst/clk_out2_pll
    BUFGCTRL_X0Y0                                                     r  pll_inst/inst/clkout2_buf/I
    BUFGCTRL_X0Y0        BUFG (Prop_bufg_I_O)         0.093    -3.833 r  pll_inst/inst/clkout2_buf/O
                         net (fo=5999, routed)        1.399    -2.434    student_top_inst/u_KLDJ_top/u_pipe_id_ex/clk_out2
    SLICE_X83Y109        FDRE                                         r  student_top_inst/u_KLDJ_top/u_pipe_id_ex/id_ex_rs1_addr_reg[0]/C
  -------------------------------------------------------------------    -------------------
    SLICE_X83Y109        FDRE (Prop_fdre_C_Q)         0.223    -2.211 r  student_top_inst/u_KLDJ_top/u_pipe_id_ex/id_ex_rs1_addr_reg[0]/Q
                         net (fo=3, routed)           0.644    -1.567    student_top_inst/u_KLDJ_top/u_pipe_id_ex/id_ex_rs1_addr_reg[4]_0[0]
    SLICE_X82Y111                                                     r  student_top_inst/u_KLDJ_top/u_pipe_id_ex/rs1_q[31]_i_11/I0
    SLICE_X82Y111        LUT6 (Prop_lut6_I0_O)        0.043    -1.524 r  student_top_inst/u_KLDJ_top/u_pipe_id_ex/rs1_q[31]_i_11/O
                         net (fo=32, routed)          0.622    -0.902    student_top_inst/u_KLDJ_top/u_pipe_id_ex/rs1_q[31]_i_11_n_0
    SLICE_X87Y109                                                     r  student_top_inst/u_KLDJ_top/u_pipe_id_ex/rs1_q[8]_i_2/I3
    SLICE_X87Y109        LUT5 (Prop_lut5_I3_O)        0.043    -0.859 f  student_top_inst/u_KLDJ_top/u_pipe_id_ex/rs1_q[8]_i_2/O
                         net (fo=1, routed)           0.150    -0.709    student_top_inst/u_KLDJ_top/u_pipe_id_ex/rs1_q[8]_i_2_n_0
    SLICE_X87Y109                                                     f  student_top_inst/u_KLDJ_top/u_pipe_id_ex/rs1_q[8]_i_1/I2
    SLICE_X87Y109        LUT5 (Prop_lut5_I2_O)        0.043    -0.666 f  student_top_inst/u_KLDJ_top/u_pipe_id_ex/rs1_q[8]_i_1/O
                         net (fo=27, routed)          0.544    -0.122    student_top_inst/u_KLDJ_top/u_pipe_id_ex/ex_data1[8]
    SLICE_X87Y109                                                     f  student_top_inst/u_KLDJ_top/u_pipe_id_ex/signed_lt_carry__0_i_4/I3
    SLICE_X87Y109        LUT6 (Prop_lut6_I3_O)        0.043    -0.079 r  student_top_inst/u_KLDJ_top/u_pipe_id_ex/signed_lt_carry__0_i_4/O
                         net (fo=1, routed)           0.400     0.321    student_top_inst/u_KLDJ_top/exu2/u_KLDJ_alu/u_alu_add/signed_lt_carry__1_0[0]
    SLICE_X87Y113                                                     r  student_top_inst/u_KLDJ_top/exu2/u_KLDJ_alu/u_alu_add/signed_lt_carry__0/DI[0]
    SLICE_X87Y113        CARRY4 (Prop_carry4_DI[0]_CO[3])
                                                      0.269     0.590 r  student_top_inst/u_KLDJ_top/exu2/u_KLDJ_alu/u_alu_add/signed_lt_carry__0/CO[3]
                         net (fo=1, routed)           0.000     0.590    student_top_inst/u_KLDJ_top/exu2/u_KLDJ_alu/u_alu_add/signed_lt_carry__0_n_0
    SLICE_X87Y114                                                     r  student_top_inst/u_KLDJ_top/exu2/u_KLDJ_alu/u_alu_add/signed_lt_carry__1/CI
    SLICE_X87Y114        CARRY4 (Prop_carry4_CI_CO[3])
                                                      0.053     0.643 r  student_top_inst/u_KLDJ_top/exu2/u_KLDJ_alu/u_alu_add/signed_lt_carry__1/CO[3]
                         net (fo=1, routed)           0.000     0.643    student_top_inst/u_KLDJ_top/exu2/u_KLDJ_alu/u_alu_add/signed_lt_carry__1_n_0
    SLICE_X87Y115                                                     r  student_top_inst/u_KLDJ_top/exu2/u_KLDJ_alu/u_alu_add/signed_lt_carry__2/CI
    SLICE_X87Y115        CARRY4 (Prop_carry4_CI_CO[3])
                                                      0.053     0.696 r  student_top_inst/u_KLDJ_top/exu2/u_KLDJ_alu/u_alu_add/signed_lt_carry__2/CO[3]
                         net (fo=3, routed)           0.324     1.020    student_top_inst/u_KLDJ_top/u_pipe_id_ex/ex_mem_exu_res[0]_i_5_1[0]
    SLICE_X85Y115                                                     r  student_top_inst/u_KLDJ_top/u_pipe_id_ex/ghr[0]_i_8/I2
    SLICE_X85Y115        LUT5 (Prop_lut5_I2_O)        0.043     1.063 r  student_top_inst/u_KLDJ_top/u_pipe_id_ex/ghr[0]_i_8/O
                         net (fo=2, routed)           0.196     1.258    student_top_inst/u_KLDJ_top/u_pipe_id_ex/ghr[0]_i_8_n_0
    SLICE_X83Y115                                                     r  student_top_inst/u_KLDJ_top/u_pipe_id_ex/ghr[0]_i_4/I5
    SLICE_X83Y115        LUT6 (Prop_lut6_I5_O)        0.043     1.301 f  student_top_inst/u_KLDJ_top/u_pipe_id_ex/ghr[0]_i_4/O
                         net (fo=33, routed)          0.350     1.651    student_top_inst/u_KLDJ_top/u_pipe_id_ex/ghr[0]_i_4_n_0
    SLICE_X76Y115                                                     f  student_top_inst/u_KLDJ_top/u_pipe_id_ex/update_target_q[13]_i_3/I2
    SLICE_X76Y115        LUT4 (Prop_lut4_I2_O)        0.043     1.694 r  student_top_inst/u_KLDJ_top/u_pipe_id_ex/update_target_q[13]_i_3/O
                         net (fo=1, routed)           0.441     2.135    student_top_inst/u_KLDJ_top/u_pipe_id_ex/update_target_q[13]_i_3_n_0
    SLICE_X73Y115                                                     r  student_top_inst/u_KLDJ_top/u_pipe_id_ex/update_target_q[13]_i_1/I2
    SLICE_X73Y115        LUT6 (Prop_lut6_I2_O)        0.043     2.178 r  student_top_inst/u_KLDJ_top/u_pipe_id_ex/update_target_q[13]_i_1/O
                         net (fo=3, routed)           0.327     2.505    student_top_inst/u_KLDJ_top/u_pipe_id_ex/id_ex_exu_op_reg[0]_0[13]
    SLICE_X71Y114                                                     r  student_top_inst/u_KLDJ_top/u_pipe_id_ex/id_ex_pred_taken_i_14/I1
    SLICE_X71Y114        LUT6 (Prop_lut6_I1_O)        0.043     2.548 r  student_top_inst/u_KLDJ_top/u_pipe_id_ex/id_ex_pred_taken_i_14/O
                         net (fo=1, routed)           0.000     2.548    student_top_inst/u_KLDJ_top/u_pipe_id_ex/id_ex_pred_taken_i_14_n_0
    SLICE_X71Y114                                                     r  student_top_inst/u_KLDJ_top/u_pipe_id_ex/id_ex_pred_taken_reg_i_6/S[0]
    SLICE_X71Y114        CARRY4 (Prop_carry4_S[0]_CO[3])
                                                      0.259     2.807 r  student_top_inst/u_KLDJ_top/u_pipe_id_ex/id_ex_pred_taken_reg_i_6/CO[3]
                         net (fo=1, routed)           0.000     2.807    student_top_inst/u_KLDJ_top/u_pipe_id_ex/id_ex_pred_taken_reg_i_6_n_0
    SLICE_X71Y115                                                     r  student_top_inst/u_KLDJ_top/u_pipe_id_ex/id_ex_pred_taken_reg_i_5/CI
    SLICE_X71Y115        CARRY4 (Prop_carry4_CI_CO[2])
                                                      0.110     2.917 f  student_top_inst/u_KLDJ_top/u_pipe_id_ex/id_ex_pred_taken_reg_i_5/CO[2]
                         net (fo=4, routed)           0.281     3.198    student_top_inst/u_KLDJ_top/u_pipe_id_ex/u_ex_bpu_ctrl/indirect_target_miss0
    SLICE_X72Y114                                                     f  student_top_inst/u_KLDJ_top/u_pipe_id_ex/id_ex_pred_taken_i_1_comp/I4
    SLICE_X72Y114        LUT6 (Prop_lut6_I4_O)        0.129     3.327 r  student_top_inst/u_KLDJ_top/u_pipe_id_ex/id_ex_pred_taken_i_1_comp/O
                         net (fo=12, routed)          0.319     3.646    student_top_inst/u_KLDJ_top/u_pipe_id_ex/id_ex_pred_taken_i_1_n_0
    SLICE_X73Y113        FDRE                                         r  student_top_inst/u_KLDJ_top/u_pipe_id_ex/id_ex_pred_taken_reg/R
  -------------------------------------------------------------------    -------------------

                         (clock clk_out2_pll rise edge)
                                                      5.714     5.714 r  
    AD12                                              0.000     5.714 r  i_sys_clk_p (IN)
                         net (fo=0)                   0.000     5.714    pll_inst/inst/clk_in1_p
    AD12                                                              r  pll_inst/inst/clkin1_ibufgds/I
    AD12                 IBUFDS (Prop_ibufds_I_O)     0.803     6.518 r  pll_inst/inst/clkin1_ibufgds/O
                         net (fo=1, routed)           1.001     7.519    pll_inst/inst/clk_in1_pll
    PLLE2_ADV_X1Y1                                                    r  pll_inst/inst/plle2_adv_inst/CLKIN1
    PLLE2_ADV_X1Y1       PLLE2_ADV (Prop_plle2_adv_CLKIN1_CLKOUT1)
                                                     -7.261     0.258 r  pll_inst/inst/plle2_adv_inst/CLKOUT1
                         net (fo=1, routed)           2.003     2.261    pll_inst/inst/clk_out2_pll
    BUFGCTRL_X0Y0                                                     r  pll_inst/inst/clkout2_buf/I
    BUFGCTRL_X0Y0        BUFG (Prop_bufg_I_O)         0.083     2.344 r  pll_inst/inst/clkout2_buf/O
                         net (fo=5999, routed)        1.255     3.599    student_top_inst/u_KLDJ_top/u_pipe_id_ex/clk_out2
    SLICE_X73Y113        FDRE                                         r  student_top_inst/u_KLDJ_top/u_pipe_id_ex/id_ex_pred_taken_reg/C
                         clock pessimism             -0.448     3.151    
                         clock uncertainty           -0.077     3.074    
    SLICE_X73Y113        FDRE (Setup_fdre_C_R)       -0.304     2.770    student_top_inst/u_KLDJ_top/u_pipe_id_ex/id_ex_pred_taken_reg
  -------------------------------------------------------------------
                         required time                          2.770    
                         arrival time                          -3.646    
  -------------------------------------------------------------------
                         slack                                 -0.876    

Slack (VIOLATED) :        -0.870ns  (required time - arrival time)
  Source:                 student_top_inst/u_KLDJ_top/u_pipe_id_ex/id_ex_rs1_addr_reg[0]/C
                            (rising edge-triggered cell FDRE clocked by clk_out2_pll  {rise@0.000ns fall@2.857ns period=5.714ns})
  Destination:            student_top_inst/u_KLDJ_top/ifu0/pc_reg_reg[7]/CE
                            (rising edge-triggered cell FDRE clocked by clk_out2_pll  {rise@0.000ns fall@2.857ns period=5.714ns})
  Path Group:             clk_out2_pll
  Path Type:              Setup (Max at Slow Process Corner)
  Requirement:            5.714ns  (clk_out2_pll rise@5.714ns - clk_out2_pll rise@0.000ns)
  Data Path Delay:        6.201ns  (logic 1.483ns (23.915%)  route 4.718ns (76.085%))
  Logic Levels:           15  (CARRY4=5 LUT4=1 LUT5=3 LUT6=6)
  Clock Path Skew:        -0.128ns (DCD - SCD + CPR)
    Destination Clock Delay (DCD):    -2.115ns = ( 3.600 - 5.714 ) 
    Source Clock Delay      (SCD):    -2.434ns
    Clock Pessimism Removal (CPR):    -0.448ns
  Clock Uncertainty:      0.077ns  ((TSJ^2 + DJ^2)^1/2) / 2 + PE
    Total System Jitter     (TSJ):    0.071ns
    Discrete Jitter          (DJ):    0.137ns
    Phase Error              (PE):    0.000ns

    Location             Delay type                Incr(ns)  Path(ns)    Netlist Resource(s)
  -------------------------------------------------------------------    -------------------
                         (clock clk_out2_pll rise edge)
                                                      0.000     0.000 r  
    AD12                                              0.000     0.000 r  i_sys_clk_p (IN)
                         net (fo=0)                   0.000     0.000    pll_inst/inst/clk_in1_p
    AD12                                                              r  pll_inst/inst/clkin1_ibufgds/I
    AD12                 IBUFDS (Prop_ibufds_I_O)     0.906     0.906 r  pll_inst/inst/clkin1_ibufgds/O
                         net (fo=1, routed)           1.098     2.004    pll_inst/inst/clk_in1_pll
    PLLE2_ADV_X1Y1                                                    r  pll_inst/inst/plle2_adv_inst/CLKIN1
    PLLE2_ADV_X1Y1       PLLE2_ADV (Prop_plle2_adv_CLKIN1_CLKOUT1)
                                                     -8.058    -6.054 r  pll_inst/inst/plle2_adv_inst/CLKOUT1
                         net (fo=1, routed)           2.128    -3.926    pll_inst/inst/clk_out2_pll
    BUFGCTRL_X0Y0                                                     r  pll_inst/inst/clkout2_buf/I
    BUFGCTRL_X0Y0        BUFG (Prop_bufg_I_O)         0.093    -3.833 r  pll_inst/inst/clkout2_buf/O
                         net (fo=5999, routed)        1.399    -2.434    student_top_inst/u_KLDJ_top/u_pipe_id_ex/clk_out2
    SLICE_X83Y109        FDRE                                         r  student_top_inst/u_KLDJ_top/u_pipe_id_ex/id_ex_rs1_addr_reg[0]/C
  -------------------------------------------------------------------    -------------------
    SLICE_X83Y109        FDRE (Prop_fdre_C_Q)         0.223    -2.211 r  student_top_inst/u_KLDJ_top/u_pipe_id_ex/id_ex_rs1_addr_reg[0]/Q
                         net (fo=3, routed)           0.644    -1.567    student_top_inst/u_KLDJ_top/u_pipe_id_ex/id_ex_rs1_addr_reg[4]_0[0]
    SLICE_X82Y111                                                     r  student_top_inst/u_KLDJ_top/u_pipe_id_ex/rs1_q[31]_i_11/I0
    SLICE_X82Y111        LUT6 (Prop_lut6_I0_O)        0.043    -1.524 r  student_top_inst/u_KLDJ_top/u_pipe_id_ex/rs1_q[31]_i_11/O
                         net (fo=32, routed)          0.622    -0.902    student_top_inst/u_KLDJ_top/u_pipe_id_ex/rs1_q[31]_i_11_n_0
    SLICE_X87Y109                                                     r  student_top_inst/u_KLDJ_top/u_pipe_id_ex/rs1_q[8]_i_2/I3
    SLICE_X87Y109        LUT5 (Prop_lut5_I3_O)        0.043    -0.859 f  student_top_inst/u_KLDJ_top/u_pipe_id_ex/rs1_q[8]_i_2/O
                         net (fo=1, routed)           0.150    -0.709    student_top_inst/u_KLDJ_top/u_pipe_id_ex/rs1_q[8]_i_2_n_0
    SLICE_X87Y109                                                     f  student_top_inst/u_KLDJ_top/u_pipe_id_ex/rs1_q[8]_i_1/I2
    SLICE_X87Y109        LUT5 (Prop_lut5_I2_O)        0.043    -0.666 f  student_top_inst/u_KLDJ_top/u_pipe_id_ex/rs1_q[8]_i_1/O
                         net (fo=27, routed)          0.544    -0.122    student_top_inst/u_KLDJ_top/u_pipe_id_ex/ex_data1[8]
    SLICE_X87Y109                                                     f  student_top_inst/u_KLDJ_top/u_pipe_id_ex/signed_lt_carry__0_i_4/I3
    SLICE_X87Y109        LUT6 (Prop_lut6_I3_O)        0.043    -0.079 r  student_top_inst/u_KLDJ_top/u_pipe_id_ex/signed_lt_carry__0_i_4/O
                         net (fo=1, routed)           0.400     0.321    student_top_inst/u_KLDJ_top/exu2/u_KLDJ_alu/u_alu_add/signed_lt_carry__1_0[0]
    SLICE_X87Y113                                                     r  student_top_inst/u_KLDJ_top/exu2/u_KLDJ_alu/u_alu_add/signed_lt_carry__0/DI[0]
    SLICE_X87Y113        CARRY4 (Prop_carry4_DI[0]_CO[3])
                                                      0.269     0.590 r  student_top_inst/u_KLDJ_top/exu2/u_KLDJ_alu/u_alu_add/signed_lt_carry__0/CO[3]
                         net (fo=1, routed)           0.000     0.590    student_top_inst/u_KLDJ_top/exu2/u_KLDJ_alu/u_alu_add/signed_lt_carry__0_n_0
    SLICE_X87Y114                                                     r  student_top_inst/u_KLDJ_top/exu2/u_KLDJ_alu/u_alu_add/signed_lt_carry__1/CI
    SLICE_X87Y114        CARRY4 (Prop_carry4_CI_CO[3])
                                                      0.053     0.643 r  student_top_inst/u_KLDJ_top/exu2/u_KLDJ_alu/u_alu_add/signed_lt_carry__1/CO[3]
                         net (fo=1, routed)           0.000     0.643    student_top_inst/u_KLDJ_top/exu2/u_KLDJ_alu/u_alu_add/signed_lt_carry__1_n_0
    SLICE_X87Y115                                                     r  student_top_inst/u_KLDJ_top/exu2/u_KLDJ_alu/u_alu_add/signed_lt_carry__2/CI
    SLICE_X87Y115        CARRY4 (Prop_carry4_CI_CO[3])
                                                      0.053     0.696 r  student_top_inst/u_KLDJ_top/exu2/u_KLDJ_alu/u_alu_add/signed_lt_carry__2/CO[3]
                         net (fo=3, routed)           0.324     1.020    student_top_inst/u_KLDJ_top/u_pipe_id_ex/ex_mem_exu_res[0]_i_5_1[0]
    SLICE_X85Y115                                                     r  student_top_inst/u_KLDJ_top/u_pipe_id_ex/ghr[0]_i_8/I2
    SLICE_X85Y115        LUT5 (Prop_lut5_I2_O)        0.043     1.063 r  student_top_inst/u_KLDJ_top/u_pipe_id_ex/ghr[0]_i_8/O
                         net (fo=2, routed)           0.196     1.258    student_top_inst/u_KLDJ_top/u_pipe_id_ex/ghr[0]_i_8_n_0
    SLICE_X83Y115                                                     r  student_top_inst/u_KLDJ_top/u_pipe_id_ex/ghr[0]_i_4/I5
    SLICE_X83Y115        LUT6 (Prop_lut6_I5_O)        0.043     1.301 f  student_top_inst/u_KLDJ_top/u_pipe_id_ex/ghr[0]_i_4/O
                         net (fo=33, routed)          0.350     1.651    student_top_inst/u_KLDJ_top/u_pipe_id_ex/ghr[0]_i_4_n_0
    SLICE_X76Y115                                                     f  student_top_inst/u_KLDJ_top/u_pipe_id_ex/update_target_q[13]_i_3/I2
    SLICE_X76Y115        LUT4 (Prop_lut4_I2_O)        0.043     1.694 r  student_top_inst/u_KLDJ_top/u_pipe_id_ex/update_target_q[13]_i_3/O
                         net (fo=1, routed)           0.441     2.135    student_top_inst/u_KLDJ_top/u_pipe_id_ex/update_target_q[13]_i_3_n_0
    SLICE_X73Y115                                                     r  student_top_inst/u_KLDJ_top/u_pipe_id_ex/update_target_q[13]_i_1/I2
    SLICE_X73Y115        LUT6 (Prop_lut6_I2_O)        0.043     2.178 r  student_top_inst/u_KLDJ_top/u_pipe_id_ex/update_target_q[13]_i_1/O
                         net (fo=3, routed)           0.327     2.505    student_top_inst/u_KLDJ_top/u_pipe_id_ex/id_ex_exu_op_reg[0]_0[13]
    SLICE_X71Y114                                                     r  student_top_inst/u_KLDJ_top/u_pipe_id_ex/id_ex_pred_taken_i_14/I1
    SLICE_X71Y114        LUT6 (Prop_lut6_I1_O)        0.043     2.548 r  student_top_inst/u_KLDJ_top/u_pipe_id_ex/id_ex_pred_taken_i_14/O
                         net (fo=1, routed)           0.000     2.548    student_top_inst/u_KLDJ_top/u_pipe_id_ex/id_ex_pred_taken_i_14_n_0
    SLICE_X71Y114                                                     r  student_top_inst/u_KLDJ_top/u_pipe_id_ex/id_ex_pred_taken_reg_i_6/S[0]
    SLICE_X71Y114        CARRY4 (Prop_carry4_S[0]_CO[3])
                                                      0.259     2.807 r  student_top_inst/u_KLDJ_top/u_pipe_id_ex/id_ex_pred_taken_reg_i_6/CO[3]
                         net (fo=1, routed)           0.000     2.807    student_top_inst/u_KLDJ_top/u_pipe_id_ex/id_ex_pred_taken_reg_i_6_n_0
    SLICE_X71Y115                                                     r  student_top_inst/u_KLDJ_top/u_pipe_id_ex/id_ex_pred_taken_reg_i_5/CI
    SLICE_X71Y115        CARRY4 (Prop_carry4_CI_CO[2])
                                                      0.110     2.917 r  student_top_inst/u_KLDJ_top/u_pipe_id_ex/id_ex_pred_taken_reg_i_5/CO[2]
                         net (fo=4, routed)           0.211     3.129    student_top_inst/u_KLDJ_top/u_pipe_id_ex/u_ex_bpu_ctrl/indirect_target_miss0
    SLICE_X69Y115                                                     r  student_top_inst/u_KLDJ_top/u_pipe_id_ex/pc_reg[31]_i_1_comp/I4
    SLICE_X69Y115        LUT6 (Prop_lut6_I4_O)        0.129     3.258 r  student_top_inst/u_KLDJ_top/u_pipe_id_ex/pc_reg[31]_i_1_comp/O
                         net (fo=32, routed)          0.509     3.767    student_top_inst/u_KLDJ_top/ifu0/E[0]
    SLICE_X70Y110        FDRE                                         r  student_top_inst/u_KLDJ_top/ifu0/pc_reg_reg[7]/CE
  -------------------------------------------------------------------    -------------------

                         (clock clk_out2_pll rise edge)
                                                      5.714     5.714 r  
    AD12                                              0.000     5.714 r  i_sys_clk_p (IN)
                         net (fo=0)                   0.000     5.714    pll_inst/inst/clk_in1_p
    AD12                                                              r  pll_inst/inst/clkin1_ibufgds/I
    AD12                 IBUFDS (Prop_ibufds_I_O)     0.803     6.518 r  pll_inst/inst/clkin1_ibufgds/O
                         net (fo=1, routed)           1.001     7.519    pll_inst/inst/clk_in1_pll
    PLLE2_ADV_X1Y1                                                    r  pll_inst/inst/plle2_adv_inst/CLKIN1
    PLLE2_ADV_X1Y1       PLLE2_ADV (Prop_plle2_adv_CLKIN1_CLKOUT1)
                                                     -7.261     0.258 r  pll_inst/inst/plle2_adv_inst/CLKOUT1
                         net (fo=1, routed)           2.003     2.261    pll_inst/inst/clk_out2_pll
    BUFGCTRL_X0Y0                                                     r  pll_inst/inst/clkout2_buf/I
    BUFGCTRL_X0Y0        BUFG (Prop_bufg_I_O)         0.083     2.344 r  pll_inst/inst/clkout2_buf/O
                         net (fo=5999, routed)        1.256     3.600    student_top_inst/u_KLDJ_top/ifu0/clk_out2
    SLICE_X70Y110        FDRE                                         r  student_top_inst/u_KLDJ_top/ifu0/pc_reg_reg[7]/C
                         clock pessimism             -0.448     3.152    
                         clock uncertainty           -0.077     3.075    
    SLICE_X70Y110        FDRE (Setup_fdre_C_CE)      -0.178     2.897    student_top_inst/u_KLDJ_top/ifu0/pc_reg_reg[7]
  -------------------------------------------------------------------
                         required time                          2.897    
                         arrival time                          -3.767    
  -------------------------------------------------------------------
                         slack                                 -0.870    

Slack (VIOLATED) :        -0.857ns  (required time - arrival time)
  Source:                 student_top_inst/u_KLDJ_top/u_pipe_id_ex/id_ex_rs1_addr_reg[0]/C
                            (rising edge-triggered cell FDRE clocked by clk_out2_pll  {rise@0.000ns fall@2.857ns period=5.714ns})
  Destination:            student_top_inst/bridge_inst/LED_reg[15]_lopt_replica/CE
                            (rising edge-triggered cell FDRE clocked by clk_out2_pll  {rise@0.000ns fall@2.857ns period=5.714ns})
  Path Group:             clk_out2_pll
  Path Type:              Setup (Max at Slow Process Corner)
  Requirement:            5.714ns  (clk_out2_pll rise@5.714ns - clk_out2_pll rise@0.000ns)
  Data Path Delay:        6.232ns  (logic 1.379ns (22.128%)  route 4.853ns (77.872%))
  Logic Levels:           17  (CARRY4=8 LUT2=1 LUT5=4 LUT6=4)
  Clock Path Skew:        -0.061ns (DCD - SCD + CPR)
    Destination Clock Delay (DCD):    -2.048ns = ( 3.667 - 5.714 ) 
    Source Clock Delay      (SCD):    -2.434ns
    Clock Pessimism Removal (CPR):    -0.448ns
  Clock Uncertainty:      0.077ns  ((TSJ^2 + DJ^2)^1/2) / 2 + PE
    Total System Jitter     (TSJ):    0.071ns
    Discrete Jitter          (DJ):    0.137ns
    Phase Error              (PE):    0.000ns

    Location             Delay type                Incr(ns)  Path(ns)    Netlist Resource(s)
  -------------------------------------------------------------------    -------------------
                         (clock clk_out2_pll rise edge)
                                                      0.000     0.000 r  
    AD12                                              0.000     0.000 r  i_sys_clk_p (IN)
                         net (fo=0)                   0.000     0.000    pll_inst/inst/clk_in1_p
    AD12                                                              r  pll_inst/inst/clkin1_ibufgds/I
    AD12                 IBUFDS (Prop_ibufds_I_O)     0.906     0.906 r  pll_inst/inst/clkin1_ibufgds/O
                         net (fo=1, routed)           1.098     2.004    pll_inst/inst/clk_in1_pll
    PLLE2_ADV_X1Y1                                                    r  pll_inst/inst/plle2_adv_inst/CLKIN1
    PLLE2_ADV_X1Y1       PLLE2_ADV (Prop_plle2_adv_CLKIN1_CLKOUT1)
                                                     -8.058    -6.054 r  pll_inst/inst/plle2_adv_inst/CLKOUT1
                         net (fo=1, routed)           2.128    -3.926    pll_inst/inst/clk_out2_pll
    BUFGCTRL_X0Y0                                                     r  pll_inst/inst/clkout2_buf/I
    BUFGCTRL_X0Y0        BUFG (Prop_bufg_I_O)         0.093    -3.833 r  pll_inst/inst/clkout2_buf/O
                         net (fo=5999, routed)        1.399    -2.434    student_top_inst/u_KLDJ_top/u_pipe_id_ex/clk_out2
    SLICE_X83Y109        FDRE                                         r  student_top_inst/u_KLDJ_top/u_pipe_id_ex/id_ex_rs1_addr_reg[0]/C
  -------------------------------------------------------------------    -------------------
    SLICE_X83Y109        FDRE (Prop_fdre_C_Q)         0.223    -2.211 r  student_top_inst/u_KLDJ_top/u_pipe_id_ex/id_ex_rs1_addr_reg[0]/Q
                         net (fo=3, routed)           0.644    -1.567    student_top_inst/u_KLDJ_top/u_pipe_id_ex/id_ex_rs1_addr_reg[4]_0[0]
    SLICE_X82Y111                                                     r  student_top_inst/u_KLDJ_top/u_pipe_id_ex/rs1_q[31]_i_11/I0
    SLICE_X82Y111        LUT6 (Prop_lut6_I0_O)        0.043    -1.524 r  student_top_inst/u_KLDJ_top/u_pipe_id_ex/rs1_q[31]_i_11/O
                         net (fo=32, routed)          0.390    -1.134    student_top_inst/u_KLDJ_top/u_pipe_id_ex/rs1_q[31]_i_11_n_0
    SLICE_X80Y111                                                     r  student_top_inst/u_KLDJ_top/u_pipe_id_ex/rs1_q[0]_i_2/I3
    SLICE_X80Y111        LUT5 (Prop_lut5_I3_O)        0.043    -1.091 r  student_top_inst/u_KLDJ_top/u_pipe_id_ex/rs1_q[0]_i_2/O
                         net (fo=2, routed)           0.451    -0.640    student_top_inst/u_KLDJ_top/u_pipe_id_ex/rs1_q[0]_i_2_n_0
    SLICE_X84Y114                                                     r  student_top_inst/u_KLDJ_top/u_pipe_id_ex/rs1_q[0]_i_1/I2
    SLICE_X84Y114        LUT5 (Prop_lut5_I2_O)        0.043    -0.597 r  student_top_inst/u_KLDJ_top/u_pipe_id_ex/rs1_q[0]_i_1/O
                         net (fo=30, routed)          0.695     0.098    student_top_inst/u_KLDJ_top/u_pipe_id_ex/ex_data1[0]
    SLICE_X79Y106                                                     r  student_top_inst/u_KLDJ_top/u_pipe_id_ex/ex_mem_exu_res[3]_i_8/I0
    SLICE_X79Y106        LUT2 (Prop_lut2_I0_O)        0.043     0.141 r  student_top_inst/u_KLDJ_top/u_pipe_id_ex/ex_mem_exu_res[3]_i_8/O
                         net (fo=1, routed)           0.000     0.141    student_top_inst/u_KLDJ_top/u_pipe_id_ex/ex_mem_exu_res[3]_i_8_n_0
    SLICE_X79Y106                                                     r  student_top_inst/u_KLDJ_top/u_pipe_id_ex/ex_mem_exu_res_reg[3]_i_3/S[0]
    SLICE_X79Y106        CARRY4 (Prop_carry4_S[0]_CO[3])
                                                      0.259     0.400 r  student_top_inst/u_KLDJ_top/u_pipe_id_ex/ex_mem_exu_res_reg[3]_i_3/CO[3]
                         net (fo=1, routed)           0.000     0.400    student_top_inst/u_KLDJ_top/u_pipe_id_ex/ex_mem_exu_res_reg[3]_i_3_n_0
    SLICE_X79Y107                                                     r  student_top_inst/u_KLDJ_top/u_pipe_id_ex/ex_mem_exu_res_reg[7]_i_3/CI
    SLICE_X79Y107        CARRY4 (Prop_carry4_CI_CO[3])
                                                      0.053     0.453 r  student_top_inst/u_KLDJ_top/u_pipe_id_ex/ex_mem_exu_res_reg[7]_i_3/CO[3]
                         net (fo=1, routed)           0.000     0.453    student_top_inst/u_KLDJ_top/u_pipe_id_ex/ex_mem_exu_res_reg[7]_i_3_n_0
    SLICE_X79Y108                                                     r  student_top_inst/u_KLDJ_top/u_pipe_id_ex/ex_mem_exu_res_reg[11]_i_3/CI
    SLICE_X79Y108        CARRY4 (Prop_carry4_CI_CO[3])
                                                      0.053     0.506 r  student_top_inst/u_KLDJ_top/u_pipe_id_ex/ex_mem_exu_res_reg[11]_i_3/CO[3]
                         net (fo=1, routed)           0.000     0.506    student_top_inst/u_KLDJ_top/u_pipe_id_ex/ex_mem_exu_res_reg[11]_i_3_n_0
    SLICE_X79Y109                                                     r  student_top_inst/u_KLDJ_top/u_pipe_id_ex/ex_mem_exu_res_reg[15]_i_3/CI
    SLICE_X79Y109        CARRY4 (Prop_carry4_CI_CO[3])
                                                      0.053     0.559 r  student_top_inst/u_KLDJ_top/u_pipe_id_ex/ex_mem_exu_res_reg[15]_i_3/CO[3]
                         net (fo=1, routed)           0.000     0.559    student_top_inst/u_KLDJ_top/u_pipe_id_ex/ex_mem_exu_res_reg[15]_i_3_n_0
    SLICE_X79Y110                                                     r  student_top_inst/u_KLDJ_top/u_pipe_id_ex/ex_mem_exu_res_reg[19]_i_3/CI
    SLICE_X79Y110        CARRY4 (Prop_carry4_CI_CO[3])
                                                      0.053     0.612 r  student_top_inst/u_KLDJ_top/u_pipe_id_ex/ex_mem_exu_res_reg[19]_i_3/CO[3]
                         net (fo=1, routed)           0.000     0.612    student_top_inst/u_KLDJ_top/u_pipe_id_ex/ex_mem_exu_res_reg[19]_i_3_n_0
    SLICE_X79Y111                                                     r  student_top_inst/u_KLDJ_top/u_pipe_id_ex/ex_mem_exu_res_reg[23]_i_3/CI
    SLICE_X79Y111        CARRY4 (Prop_carry4_CI_CO[3])
                                                      0.053     0.665 r  student_top_inst/u_KLDJ_top/u_pipe_id_ex/ex_mem_exu_res_reg[23]_i_3/CO[3]
                         net (fo=1, routed)           0.000     0.665    student_top_inst/u_KLDJ_top/u_pipe_id_ex/ex_mem_exu_res_reg[23]_i_3_n_0
    SLICE_X79Y112                                                     r  student_top_inst/u_KLDJ_top/u_pipe_id_ex/ex_mem_exu_res_reg[27]_i_3/CI
    SLICE_X79Y112        CARRY4 (Prop_carry4_CI_CO[3])
                                                      0.053     0.718 r  student_top_inst/u_KLDJ_top/u_pipe_id_ex/ex_mem_exu_res_reg[27]_i_3/CO[3]
                         net (fo=1, routed)           0.000     0.718    student_top_inst/u_KLDJ_top/u_pipe_id_ex/ex_mem_exu_res_reg[27]_i_3_n_0
    SLICE_X79Y113                                                     r  student_top_inst/u_KLDJ_top/u_pipe_id_ex/ex_mem_exu_res_reg[31]_i_3/CI
    SLICE_X79Y113        CARRY4 (Prop_carry4_CI_O[0])
                                                      0.111     0.829 f  student_top_inst/u_KLDJ_top/u_pipe_id_ex/ex_mem_exu_res_reg[31]_i_3/O[0]
                         net (fo=2, routed)           0.528     1.357    student_top_inst/u_KLDJ_top/u_pipe_id_ex/ex_mem_exu_res_reg[31]_i_3_n_7
    SLICE_X77Y111                                                     f  student_top_inst/u_KLDJ_top/u_pipe_id_ex/bram_addr_r[15]_i_6/I1
    SLICE_X77Y111        LUT6 (Prop_lut6_I1_O)        0.124     1.481 f  student_top_inst/u_KLDJ_top/u_pipe_id_ex/bram_addr_r[15]_i_6/O
                         net (fo=1, routed)           0.350     1.830    student_top_inst/u_KLDJ_top/u_pipe_id_ex/bram_addr_r[15]_i_6_n_0
    SLICE_X77Y108                                                     f  student_top_inst/u_KLDJ_top/u_pipe_id_ex/bram_addr_r[15]_i_3/I4
    SLICE_X77Y108        LUT5 (Prop_lut5_I4_O)        0.043     1.873 f  student_top_inst/u_KLDJ_top/u_pipe_id_ex/bram_addr_r[15]_i_3/O
                         net (fo=6, routed)           0.372     2.245    student_top_inst/u_KLDJ_top/u_pipe_id_ex/bram_addr_r[15]_i_3_n_0
    SLICE_X77Y105                                                     f  student_top_inst/u_KLDJ_top/u_pipe_id_ex/rd_is_seg_q_i_3/I4
    SLICE_X77Y105        LUT5 (Prop_lut5_I4_O)        0.043     2.288 f  student_top_inst/u_KLDJ_top/u_pipe_id_ex/rd_is_seg_q_i_3/O
                         net (fo=29, routed)          0.463     2.751    student_top_inst/u_KLDJ_top/u_pipe_id_ex/bram_addr_r[15]_i_3_0
    SLICE_X64Y102                                                     f  student_top_inst/u_KLDJ_top/u_pipe_id_ex/LED[31]_i_3/I5
    SLICE_X64Y102        LUT6 (Prop_lut6_I5_O)        0.043     2.794 r  student_top_inst/u_KLDJ_top/u_pipe_id_ex/LED[31]_i_3/O
                         net (fo=3, routed)           0.208     3.003    student_top_inst/u_KLDJ_top/u_pipe_id_ex/LED[31]_i_3_n_0
    SLICE_X60Y102                                                     r  student_top_inst/u_KLDJ_top/u_pipe_id_ex/LED[31]_i_1/I0
    SLICE_X60Y102        LUT6 (Prop_lut6_I0_O)        0.043     3.046 r  student_top_inst/u_KLDJ_top/u_pipe_id_ex/LED[31]_i_1/O
                         net (fo=64, routed)          0.752     3.798    student_top_inst/bridge_inst/E[0]
    SLICE_X40Y106        FDRE                                         r  student_top_inst/bridge_inst/LED_reg[15]_lopt_replica/CE
  -------------------------------------------------------------------    -------------------

                         (clock clk_out2_pll rise edge)
                                                      5.714     5.714 r  
    AD12                                              0.000     5.714 r  i_sys_clk_p (IN)
                         net (fo=0)                   0.000     5.714    pll_inst/inst/clk_in1_p
    AD12                                                              r  pll_inst/inst/clkin1_ibufgds/I
    AD12                 IBUFDS (Prop_ibufds_I_O)     0.803     6.518 r  pll_inst/inst/clkin1_ibufgds/O
                         net (fo=1, routed)           1.001     7.519    pll_inst/inst/clk_in1_pll
    PLLE2_ADV_X1Y1                                                    r  pll_inst/inst/plle2_adv_inst/CLKIN1
    PLLE2_ADV_X1Y1       PLLE2_ADV (Prop_plle2_adv_CLKIN1_CLKOUT1)
                                                     -7.261     0.258 r  pll_inst/inst/plle2_adv_inst/CLKOUT1
                         net (fo=1, routed)           2.003     2.261    pll_inst/inst/clk_out2_pll
    BUFGCTRL_X0Y0                                                     r  pll_inst/inst/clkout2_buf/I
    BUFGCTRL_X0Y0        BUFG (Prop_bufg_I_O)         0.083     2.344 r  pll_inst/inst/clkout2_buf/O
                         net (fo=5999, routed)        1.323     3.667    student_top_inst/bridge_inst/clk_out2
    SLICE_X40Y106        FDRE                                         r  student_top_inst/bridge_inst/LED_reg[15]_lopt_replica/C
                         clock pessimism             -0.448     3.219    
                         clock uncertainty           -0.077     3.142    
    SLICE_X40Y106        FDRE (Setup_fdre_C_CE)      -0.201     2.941    student_top_inst/bridge_inst/LED_reg[15]_lopt_replica
  -------------------------------------------------------------------
                         required time                          2.941    
                         arrival time                          -3.798    
  -------------------------------------------------------------------
                         slack                                 -0.857    

Slack (VIOLATED) :        -0.857ns  (required time - arrival time)
  Source:                 student_top_inst/u_KLDJ_top/u_pipe_id_ex/id_ex_rs1_addr_reg[0]/C
                            (rising edge-triggered cell FDRE clocked by clk_out2_pll  {rise@0.000ns fall@2.857ns period=5.714ns})
  Destination:            student_top_inst/bridge_inst/LED_reg[19]_lopt_replica/CE
                            (rising edge-triggered cell FDRE clocked by clk_out2_pll  {rise@0.000ns fall@2.857ns period=5.714ns})
  Path Group:             clk_out2_pll
  Path Type:              Setup (Max at Slow Process Corner)
  Requirement:            5.714ns  (clk_out2_pll rise@5.714ns - clk_out2_pll rise@0.000ns)
  Data Path Delay:        6.232ns  (logic 1.379ns (22.128%)  route 4.853ns (77.872%))
  Logic Levels:           17  (CARRY4=8 LUT2=1 LUT5=4 LUT6=4)
  Clock Path Skew:        -0.061ns (DCD - SCD + CPR)
    Destination Clock Delay (DCD):    -2.048ns = ( 3.667 - 5.714 ) 
    Source Clock Delay      (SCD):    -2.434ns
    Clock Pessimism Removal (CPR):    -0.448ns
  Clock Uncertainty:      0.077ns  ((TSJ^2 + DJ^2)^1/2) / 2 + PE
    Total System Jitter     (TSJ):    0.071ns
    Discrete Jitter          (DJ):    0.137ns
    Phase Error              (PE):    0.000ns

    Location             Delay type                Incr(ns)  Path(ns)    Netlist Resource(s)
  -------------------------------------------------------------------    -------------------
                         (clock clk_out2_pll rise edge)
                                                      0.000     0.000 r  
    AD12                                              0.000     0.000 r  i_sys_clk_p (IN)
                         net (fo=0)                   0.000     0.000    pll_inst/inst/clk_in1_p
    AD12                                                              r  pll_inst/inst/clkin1_ibufgds/I
    AD12                 IBUFDS (Prop_ibufds_I_O)     0.906     0.906 r  pll_inst/inst/clkin1_ibufgds/O
                         net (fo=1, routed)           1.098     2.004    pll_inst/inst/clk_in1_pll
    PLLE2_ADV_X1Y1                                                    r  pll_inst/inst/plle2_adv_inst/CLKIN1
    PLLE2_ADV_X1Y1       PLLE2_ADV (Prop_plle2_adv_CLKIN1_CLKOUT1)
                                                     -8.058    -6.054 r  pll_inst/inst/plle2_adv_inst/CLKOUT1
                         net (fo=1, routed)           2.128    -3.926    pll_inst/inst/clk_out2_pll
    BUFGCTRL_X0Y0                                                     r  pll_inst/inst/clkout2_buf/I
    BUFGCTRL_X0Y0        BUFG (Prop_bufg_I_O)         0.093    -3.833 r  pll_inst/inst/clkout2_buf/O
                         net (fo=5999, routed)        1.399    -2.434    student_top_inst/u_KLDJ_top/u_pipe_id_ex/clk_out2
    SLICE_X83Y109        FDRE                                         r  student_top_inst/u_KLDJ_top/u_pipe_id_ex/id_ex_rs1_addr_reg[0]/C
  -------------------------------------------------------------------    -------------------
    SLICE_X83Y109        FDRE (Prop_fdre_C_Q)         0.223    -2.211 r  student_top_inst/u_KLDJ_top/u_pipe_id_ex/id_ex_rs1_addr_reg[0]/Q
                         net (fo=3, routed)           0.644    -1.567    student_top_inst/u_KLDJ_top/u_pipe_id_ex/id_ex_rs1_addr_reg[4]_0[0]
    SLICE_X82Y111                                                     r  student_top_inst/u_KLDJ_top/u_pipe_id_ex/rs1_q[31]_i_11/I0
    SLICE_X82Y111        LUT6 (Prop_lut6_I0_O)        0.043    -1.524 r  student_top_inst/u_KLDJ_top/u_pipe_id_ex/rs1_q[31]_i_11/O
                         net (fo=32, routed)          0.390    -1.134    student_top_inst/u_KLDJ_top/u_pipe_id_ex/rs1_q[31]_i_11_n_0
    SLICE_X80Y111                                                     r  student_top_inst/u_KLDJ_top/u_pipe_id_ex/rs1_q[0]_i_2/I3
    SLICE_X80Y111        LUT5 (Prop_lut5_I3_O)        0.043    -1.091 r  student_top_inst/u_KLDJ_top/u_pipe_id_ex/rs1_q[0]_i_2/O
                         net (fo=2, routed)           0.451    -0.640    student_top_inst/u_KLDJ_top/u_pipe_id_ex/rs1_q[0]_i_2_n_0
    SLICE_X84Y114                                                     r  student_top_inst/u_KLDJ_top/u_pipe_id_ex/rs1_q[0]_i_1/I2
    SLICE_X84Y114        LUT5 (Prop_lut5_I2_O)        0.043    -0.597 r  student_top_inst/u_KLDJ_top/u_pipe_id_ex/rs1_q[0]_i_1/O
                         net (fo=30, routed)          0.695     0.098    student_top_inst/u_KLDJ_top/u_pipe_id_ex/ex_data1[0]
    SLICE_X79Y106                                                     r  student_top_inst/u_KLDJ_top/u_pipe_id_ex/ex_mem_exu_res[3]_i_8/I0
    SLICE_X79Y106        LUT2 (Prop_lut2_I0_O)        0.043     0.141 r  student_top_inst/u_KLDJ_top/u_pipe_id_ex/ex_mem_exu_res[3]_i_8/O
                         net (fo=1, routed)           0.000     0.141    student_top_inst/u_KLDJ_top/u_pipe_id_ex/ex_mem_exu_res[3]_i_8_n_0
    SLICE_X79Y106                                                     r  student_top_inst/u_KLDJ_top/u_pipe_id_ex/ex_mem_exu_res_reg[3]_i_3/S[0]
    SLICE_X79Y106        CARRY4 (Prop_carry4_S[0]_CO[3])
                                                      0.259     0.400 r  student_top_inst/u_KLDJ_top/u_pipe_id_ex/ex_mem_exu_res_reg[3]_i_3/CO[3]
                         net (fo=1, routed)           0.000     0.400    student_top_inst/u_KLDJ_top/u_pipe_id_ex/ex_mem_exu_res_reg[3]_i_3_n_0
    SLICE_X79Y107                                                     r  student_top_inst/u_KLDJ_top/u_pipe_id_ex/ex_mem_exu_res_reg[7]_i_3/CI
    SLICE_X79Y107        CARRY4 (Prop_carry4_CI_CO[3])
                                                      0.053     0.453 r  student_top_inst/u_KLDJ_top/u_pipe_id_ex/ex_mem_exu_res_reg[7]_i_3/CO[3]
                         net (fo=1, routed)           0.000     0.453    student_top_inst/u_KLDJ_top/u_pipe_id_ex/ex_mem_exu_res_reg[7]_i_3_n_0
    SLICE_X79Y108                                                     r  student_top_inst/u_KLDJ_top/u_pipe_id_ex/ex_mem_exu_res_reg[11]_i_3/CI
    SLICE_X79Y108        CARRY4 (Prop_carry4_CI_CO[3])
                                                      0.053     0.506 r  student_top_inst/u_KLDJ_top/u_pipe_id_ex/ex_mem_exu_res_reg[11]_i_3/CO[3]
                         net (fo=1, routed)           0.000     0.506    student_top_inst/u_KLDJ_top/u_pipe_id_ex/ex_mem_exu_res_reg[11]_i_3_n_0
    SLICE_X79Y109                                                     r  student_top_inst/u_KLDJ_top/u_pipe_id_ex/ex_mem_exu_res_reg[15]_i_3/CI
    SLICE_X79Y109        CARRY4 (Prop_carry4_CI_CO[3])
                                                      0.053     0.559 r  student_top_inst/u_KLDJ_top/u_pipe_id_ex/ex_mem_exu_res_reg[15]_i_3/CO[3]
                         net (fo=1, routed)           0.000     0.559    student_top_inst/u_KLDJ_top/u_pipe_id_ex/ex_mem_exu_res_reg[15]_i_3_n_0
    SLICE_X79Y110                                                     r  student_top_inst/u_KLDJ_top/u_pipe_id_ex/ex_mem_exu_res_reg[19]_i_3/CI
    SLICE_X79Y110        CARRY4 (Prop_carry4_CI_CO[3])
                                                      0.053     0.612 r  student_top_inst/u_KLDJ_top/u_pipe_id_ex/ex_mem_exu_res_reg[19]_i_3/CO[3]
                         net (fo=1, routed)           0.000     0.612    student_top_inst/u_KLDJ_top/u_pipe_id_ex/ex_mem_exu_res_reg[19]_i_3_n_0
    SLICE_X79Y111                                                     r  student_top_inst/u_KLDJ_top/u_pipe_id_ex/ex_mem_exu_res_reg[23]_i_3/CI
    SLICE_X79Y111        CARRY4 (Prop_carry4_CI_CO[3])
                                                      0.053     0.665 r  student_top_inst/u_KLDJ_top/u_pipe_id_ex/ex_mem_exu_res_reg[23]_i_3/CO[3]
                         net (fo=1, routed)           0.000     0.665    student_top_inst/u_KLDJ_top/u_pipe_id_ex/ex_mem_exu_res_reg[23]_i_3_n_0
    SLICE_X79Y112                                                     r  student_top_inst/u_KLDJ_top/u_pipe_id_ex/ex_mem_exu_res_reg[27]_i_3/CI
    SLICE_X79Y112        CARRY4 (Prop_carry4_CI_CO[3])
                                                      0.053     0.718 r  student_top_inst/u_KLDJ_top/u_pipe_id_ex/ex_mem_exu_res_reg[27]_i_3/CO[3]
                         net (fo=1, routed)           0.000     0.718    student_top_inst/u_KLDJ_top/u_pipe_id_ex/ex_mem_exu_res_reg[27]_i_3_n_0
    SLICE_X79Y113                                                     r  student_top_inst/u_KLDJ_top/u_pipe_id_ex/ex_mem_exu_res_reg[31]_i_3/CI
    SLICE_X79Y113        CARRY4 (Prop_carry4_CI_O[0])
                                                      0.111     0.829 f  student_top_inst/u_KLDJ_top/u_pipe_id_ex/ex_mem_exu_res_reg[31]_i_3/O[0]
                         net (fo=2, routed)           0.528     1.357    student_top_inst/u_KLDJ_top/u_pipe_id_ex/ex_mem_exu_res_reg[31]_i_3_n_7
    SLICE_X77Y111                                                     f  student_top_inst/u_KLDJ_top/u_pipe_id_ex/bram_addr_r[15]_i_6/I1
    SLICE_X77Y111        LUT6 (Prop_lut6_I1_O)        0.124     1.481 f  student_top_inst/u_KLDJ_top/u_pipe_id_ex/bram_addr_r[15]_i_6/O
                         net (fo=1, routed)           0.350     1.830    student_top_inst/u_KLDJ_top/u_pipe_id_ex/bram_addr_r[15]_i_6_n_0
    SLICE_X77Y108                                                     f  student_top_inst/u_KLDJ_top/u_pipe_id_ex/bram_addr_r[15]_i_3/I4
    SLICE_X77Y108        LUT5 (Prop_lut5_I4_O)        0.043     1.873 f  student_top_inst/u_KLDJ_top/u_pipe_id_ex/bram_addr_r[15]_i_3/O
                         net (fo=6, routed)           0.372     2.245    student_top_inst/u_KLDJ_top/u_pipe_id_ex/bram_addr_r[15]_i_3_n_0
    SLICE_X77Y105                                                     f  student_top_inst/u_KLDJ_top/u_pipe_id_ex/rd_is_seg_q_i_3/I4
    SLICE_X77Y105        LUT5 (Prop_lut5_I4_O)        0.043     2.288 f  student_top_inst/u_KLDJ_top/u_pipe_id_ex/rd_is_seg_q_i_3/O
                         net (fo=29, routed)          0.463     2.751    student_top_inst/u_KLDJ_top/u_pipe_id_ex/bram_addr_r[15]_i_3_0
    SLICE_X64Y102                                                     f  student_top_inst/u_KLDJ_top/u_pipe_id_ex/LED[31]_i_3/I5
    SLICE_X64Y102        LUT6 (Prop_lut6_I5_O)        0.043     2.794 r  student_top_inst/u_KLDJ_top/u_pipe_id_ex/LED[31]_i_3/O
                         net (fo=3, routed)           0.208     3.003    student_top_inst/u_KLDJ_top/u_pipe_id_ex/LED[31]_i_3_n_0
    SLICE_X60Y102                                                     r  student_top_inst/u_KLDJ_top/u_pipe_id_ex/LED[31]_i_1/I0
    SLICE_X60Y102        LUT6 (Prop_lut6_I0_O)        0.043     3.046 r  student_top_inst/u_KLDJ_top/u_pipe_id_ex/LED[31]_i_1/O
                         net (fo=64, routed)          0.752     3.798    student_top_inst/bridge_inst/E[0]
    SLICE_X40Y106        FDRE                                         r  student_top_inst/bridge_inst/LED_reg[19]_lopt_replica/CE
  -------------------------------------------------------------------    -------------------

                         (clock clk_out2_pll rise edge)
                                                      5.714     5.714 r  
    AD12                                              0.000     5.714 r  i_sys_clk_p (IN)
                         net (fo=0)                   0.000     5.714    pll_inst/inst/clk_in1_p
    AD12                                                              r  pll_inst/inst/clkin1_ibufgds/I
    AD12                 IBUFDS (Prop_ibufds_I_O)     0.803     6.518 r  pll_inst/inst/clkin1_ibufgds/O
                         net (fo=1, routed)           1.001     7.519    pll_inst/inst/clk_in1_pll
    PLLE2_ADV_X1Y1                                                    r  pll_inst/inst/plle2_adv_inst/CLKIN1
    PLLE2_ADV_X1Y1       PLLE2_ADV (Prop_plle2_adv_CLKIN1_CLKOUT1)
                                                     -7.261     0.258 r  pll_inst/inst/plle2_adv_inst/CLKOUT1
                         net (fo=1, routed)           2.003     2.261    pll_inst/inst/clk_out2_pll
    BUFGCTRL_X0Y0                                                     r  pll_inst/inst/clkout2_buf/I
    BUFGCTRL_X0Y0        BUFG (Prop_bufg_I_O)         0.083     2.344 r  pll_inst/inst/clkout2_buf/O
                         net (fo=5999, routed)        1.323     3.667    student_top_inst/bridge_inst/clk_out2
    SLICE_X40Y106        FDRE                                         r  student_top_inst/bridge_inst/LED_reg[19]_lopt_replica/C
                         clock pessimism             -0.448     3.219    
                         clock uncertainty           -0.077     3.142    
    SLICE_X40Y106        FDRE (Setup_fdre_C_CE)      -0.201     2.941    student_top_inst/bridge_inst/LED_reg[19]_lopt_replica
  -------------------------------------------------------------------
                         required time                          2.941    
                         arrival time                          -3.798    
  -------------------------------------------------------------------
                         slack                                 -0.857    

Slack (VIOLATED) :        -0.857ns  (required time - arrival time)
  Source:                 student_top_inst/u_KLDJ_top/u_pipe_id_ex/id_ex_rs1_addr_reg[0]/C
                            (rising edge-triggered cell FDRE clocked by clk_out2_pll  {rise@0.000ns fall@2.857ns period=5.714ns})
  Destination:            student_top_inst/bridge_inst/LED_reg[4]_lopt_replica/CE
                            (rising edge-triggered cell FDRE clocked by clk_out2_pll  {rise@0.000ns fall@2.857ns period=5.714ns})
  Path Group:             clk_out2_pll
  Path Type:              Setup (Max at Slow Process Corner)
  Requirement:            5.714ns  (clk_out2_pll rise@5.714ns - clk_out2_pll rise@0.000ns)
  Data Path Delay:        6.232ns  (logic 1.379ns (22.128%)  route 4.853ns (77.872%))
  Logic Levels:           17  (CARRY4=8 LUT2=1 LUT5=4 LUT6=4)
  Clock Path Skew:        -0.061ns (DCD - SCD + CPR)
    Destination Clock Delay (DCD):    -2.048ns = ( 3.667 - 5.714 ) 
    Source Clock Delay      (SCD):    -2.434ns
    Clock Pessimism Removal (CPR):    -0.448ns
  Clock Uncertainty:      0.077ns  ((TSJ^2 + DJ^2)^1/2) / 2 + PE
    Total System Jitter     (TSJ):    0.071ns
    Discrete Jitter          (DJ):    0.137ns
    Phase Error              (PE):    0.000ns

    Location             Delay type                Incr(ns)  Path(ns)    Netlist Resource(s)
  -------------------------------------------------------------------    -------------------
                         (clock clk_out2_pll rise edge)
                                                      0.000     0.000 r  
    AD12                                              0.000     0.000 r  i_sys_clk_p (IN)
                         net (fo=0)                   0.000     0.000    pll_inst/inst/clk_in1_p
    AD12                                                              r  pll_inst/inst/clkin1_ibufgds/I
    AD12                 IBUFDS (Prop_ibufds_I_O)     0.906     0.906 r  pll_inst/inst/clkin1_ibufgds/O
                         net (fo=1, routed)           1.098     2.004    pll_inst/inst/clk_in1_pll
    PLLE2_ADV_X1Y1                                                    r  pll_inst/inst/plle2_adv_inst/CLKIN1
    PLLE2_ADV_X1Y1       PLLE2_ADV (Prop_plle2_adv_CLKIN1_CLKOUT1)
                                                     -8.058    -6.054 r  pll_inst/inst/plle2_adv_inst/CLKOUT1
                         net (fo=1, routed)           2.128    -3.926    pll_inst/inst/clk_out2_pll
    BUFGCTRL_X0Y0                                                     r  pll_inst/inst/clkout2_buf/I
    BUFGCTRL_X0Y0        BUFG (Prop_bufg_I_O)         0.093    -3.833 r  pll_inst/inst/clkout2_buf/O
                         net (fo=5999, routed)        1.399    -2.434    student_top_inst/u_KLDJ_top/u_pipe_id_ex/clk_out2
    SLICE_X83Y109        FDRE                                         r  student_top_inst/u_KLDJ_top/u_pipe_id_ex/id_ex_rs1_addr_reg[0]/C
  -------------------------------------------------------------------    -------------------
    SLICE_X83Y109        FDRE (Prop_fdre_C_Q)         0.223    -2.211 r  student_top_inst/u_KLDJ_top/u_pipe_id_ex/id_ex_rs1_addr_reg[0]/Q
                         net (fo=3, routed)           0.644    -1.567    student_top_inst/u_KLDJ_top/u_pipe_id_ex/id_ex_rs1_addr_reg[4]_0[0]
    SLICE_X82Y111                                                     r  student_top_inst/u_KLDJ_top/u_pipe_id_ex/rs1_q[31]_i_11/I0
    SLICE_X82Y111        LUT6 (Prop_lut6_I0_O)        0.043    -1.524 r  student_top_inst/u_KLDJ_top/u_pipe_id_ex/rs1_q[31]_i_11/O
                         net (fo=32, routed)          0.390    -1.134    student_top_inst/u_KLDJ_top/u_pipe_id_ex/rs1_q[31]_i_11_n_0
    SLICE_X80Y111                                                     r  student_top_inst/u_KLDJ_top/u_pipe_id_ex/rs1_q[0]_i_2/I3
    SLICE_X80Y111        LUT5 (Prop_lut5_I3_O)        0.043    -1.091 r  student_top_inst/u_KLDJ_top/u_pipe_id_ex/rs1_q[0]_i_2/O
                         net (fo=2, routed)           0.451    -0.640    student_top_inst/u_KLDJ_top/u_pipe_id_ex/rs1_q[0]_i_2_n_0
    SLICE_X84Y114                                                     r  student_top_inst/u_KLDJ_top/u_pipe_id_ex/rs1_q[0]_i_1/I2
    SLICE_X84Y114        LUT5 (Prop_lut5_I2_O)        0.043    -0.597 r  student_top_inst/u_KLDJ_top/u_pipe_id_ex/rs1_q[0]_i_1/O
                         net (fo=30, routed)          0.695     0.098    student_top_inst/u_KLDJ_top/u_pipe_id_ex/ex_data1[0]
    SLICE_X79Y106                                                     r  student_top_inst/u_KLDJ_top/u_pipe_id_ex/ex_mem_exu_res[3]_i_8/I0
    SLICE_X79Y106        LUT2 (Prop_lut2_I0_O)        0.043     0.141 r  student_top_inst/u_KLDJ_top/u_pipe_id_ex/ex_mem_exu_res[3]_i_8/O
                         net (fo=1, routed)           0.000     0.141    student_top_inst/u_KLDJ_top/u_pipe_id_ex/ex_mem_exu_res[3]_i_8_n_0
    SLICE_X79Y106                                                     r  student_top_inst/u_KLDJ_top/u_pipe_id_ex/ex_mem_exu_res_reg[3]_i_3/S[0]
    SLICE_X79Y106        CARRY4 (Prop_carry4_S[0]_CO[3])
                                                      0.259     0.400 r  student_top_inst/u_KLDJ_top/u_pipe_id_ex/ex_mem_exu_res_reg[3]_i_3/CO[3]
                         net (fo=1, routed)           0.000     0.400    student_top_inst/u_KLDJ_top/u_pipe_id_ex/ex_mem_exu_res_reg[3]_i_3_n_0
    SLICE_X79Y107                                                     r  student_top_inst/u_KLDJ_top/u_pipe_id_ex/ex_mem_exu_res_reg[7]_i_3/CI
    SLICE_X79Y107        CARRY4 (Prop_carry4_CI_CO[3])
                                                      0.053     0.453 r  student_top_inst/u_KLDJ_top/u_pipe_id_ex/ex_mem_exu_res_reg[7]_i_3/CO[3]
                         net (fo=1, routed)           0.000     0.453    student_top_inst/u_KLDJ_top/u_pipe_id_ex/ex_mem_exu_res_reg[7]_i_3_n_0
    SLICE_X79Y108                                                     r  student_top_inst/u_KLDJ_top/u_pipe_id_ex/ex_mem_exu_res_reg[11]_i_3/CI
    SLICE_X79Y108        CARRY4 (Prop_carry4_CI_CO[3])
                                                      0.053     0.506 r  student_top_inst/u_KLDJ_top/u_pipe_id_ex/ex_mem_exu_res_reg[11]_i_3/CO[3]
                         net (fo=1, routed)           0.000     0.506    student_top_inst/u_KLDJ_top/u_pipe_id_ex/ex_mem_exu_res_reg[11]_i_3_n_0
    SLICE_X79Y109                                                     r  student_top_inst/u_KLDJ_top/u_pipe_id_ex/ex_mem_exu_res_reg[15]_i_3/CI
    SLICE_X79Y109        CARRY4 (Prop_carry4_CI_CO[3])
                                                      0.053     0.559 r  student_top_inst/u_KLDJ_top/u_pipe_id_ex/ex_mem_exu_res_reg[15]_i_3/CO[3]
                         net (fo=1, routed)           0.000     0.559    student_top_inst/u_KLDJ_top/u_pipe_id_ex/ex_mem_exu_res_reg[15]_i_3_n_0
    SLICE_X79Y110                                                     r  student_top_inst/u_KLDJ_top/u_pipe_id_ex/ex_mem_exu_res_reg[19]_i_3/CI
    SLICE_X79Y110        CARRY4 (Prop_carry4_CI_CO[3])
                                                      0.053     0.612 r  student_top_inst/u_KLDJ_top/u_pipe_id_ex/ex_mem_exu_res_reg[19]_i_3/CO[3]
                         net (fo=1, routed)           0.000     0.612    student_top_inst/u_KLDJ_top/u_pipe_id_ex/ex_mem_exu_res_reg[19]_i_3_n_0
    SLICE_X79Y111                                                     r  student_top_inst/u_KLDJ_top/u_pipe_id_ex/ex_mem_exu_res_reg[23]_i_3/CI
    SLICE_X79Y111        CARRY4 (Prop_carry4_CI_CO[3])
                                                      0.053     0.665 r  student_top_inst/u_KLDJ_top/u_pipe_id_ex/ex_mem_exu_res_reg[23]_i_3/CO[3]
                         net (fo=1, routed)           0.000     0.665    student_top_inst/u_KLDJ_top/u_pipe_id_ex/ex_mem_exu_res_reg[23]_i_3_n_0
    SLICE_X79Y112                                                     r  student_top_inst/u_KLDJ_top/u_pipe_id_ex/ex_mem_exu_res_reg[27]_i_3/CI
    SLICE_X79Y112        CARRY4 (Prop_carry4_CI_CO[3])
                                                      0.053     0.718 r  student_top_inst/u_KLDJ_top/u_pipe_id_ex/ex_mem_exu_res_reg[27]_i_3/CO[3]
                         net (fo=1, routed)           0.000     0.718    student_top_inst/u_KLDJ_top/u_pipe_id_ex/ex_mem_exu_res_reg[27]_i_3_n_0
    SLICE_X79Y113                                                     r  student_top_inst/u_KLDJ_top/u_pipe_id_ex/ex_mem_exu_res_reg[31]_i_3/CI
    SLICE_X79Y113        CARRY4 (Prop_carry4_CI_O[0])
                                                      0.111     0.829 f  student_top_inst/u_KLDJ_top/u_pipe_id_ex/ex_mem_exu_res_reg[31]_i_3/O[0]
                         net (fo=2, routed)           0.528     1.357    student_top_inst/u_KLDJ_top/u_pipe_id_ex/ex_mem_exu_res_reg[31]_i_3_n_7
    SLICE_X77Y111                                                     f  student_top_inst/u_KLDJ_top/u_pipe_id_ex/bram_addr_r[15]_i_6/I1
    SLICE_X77Y111        LUT6 (Prop_lut6_I1_O)        0.124     1.481 f  student_top_inst/u_KLDJ_top/u_pipe_id_ex/bram_addr_r[15]_i_6/O
                         net (fo=1, routed)           0.350     1.830    student_top_inst/u_KLDJ_top/u_pipe_id_ex/bram_addr_r[15]_i_6_n_0
    SLICE_X77Y108                                                     f  student_top_inst/u_KLDJ_top/u_pipe_id_ex/bram_addr_r[15]_i_3/I4
    SLICE_X77Y108        LUT5 (Prop_lut5_I4_O)        0.043     1.873 f  student_top_inst/u_KLDJ_top/u_pipe_id_ex/bram_addr_r[15]_i_3/O
                         net (fo=6, routed)           0.372     2.245    student_top_inst/u_KLDJ_top/u_pipe_id_ex/bram_addr_r[15]_i_3_n_0
    SLICE_X77Y105                                                     f  student_top_inst/u_KLDJ_top/u_pipe_id_ex/rd_is_seg_q_i_3/I4
    SLICE_X77Y105        LUT5 (Prop_lut5_I4_O)        0.043     2.288 f  student_top_inst/u_KLDJ_top/u_pipe_id_ex/rd_is_seg_q_i_3/O
                         net (fo=29, routed)          0.463     2.751    student_top_inst/u_KLDJ_top/u_pipe_id_ex/bram_addr_r[15]_i_3_0
    SLICE_X64Y102                                                     f  student_top_inst/u_KLDJ_top/u_pipe_id_ex/LED[31]_i_3/I5
    SLICE_X64Y102        LUT6 (Prop_lut6_I5_O)        0.043     2.794 r  student_top_inst/u_KLDJ_top/u_pipe_id_ex/LED[31]_i_3/O
                         net (fo=3, routed)           0.208     3.003    student_top_inst/u_KLDJ_top/u_pipe_id_ex/LED[31]_i_3_n_0
    SLICE_X60Y102                                                     r  student_top_inst/u_KLDJ_top/u_pipe_id_ex/LED[31]_i_1/I0
    SLICE_X60Y102        LUT6 (Prop_lut6_I0_O)        0.043     3.046 r  student_top_inst/u_KLDJ_top/u_pipe_id_ex/LED[31]_i_1/O
                         net (fo=64, routed)          0.752     3.798    student_top_inst/bridge_inst/E[0]
    SLICE_X40Y106        FDRE                                         r  student_top_inst/bridge_inst/LED_reg[4]_lopt_replica/CE
  -------------------------------------------------------------------    -------------------

                         (clock clk_out2_pll rise edge)
                                                      5.714     5.714 r  
    AD12                                              0.000     5.714 r  i_sys_clk_p (IN)
                         net (fo=0)                   0.000     5.714    pll_inst/inst/clk_in1_p
    AD12                                                              r  pll_inst/inst/clkin1_ibufgds/I
    AD12                 IBUFDS (Prop_ibufds_I_O)     0.803     6.518 r  pll_inst/inst/clkin1_ibufgds/O
                         net (fo=1, routed)           1.001     7.519    pll_inst/inst/clk_in1_pll
    PLLE2_ADV_X1Y1                                                    r  pll_inst/inst/plle2_adv_inst/CLKIN1
    PLLE2_ADV_X1Y1       PLLE2_ADV (Prop_plle2_adv_CLKIN1_CLKOUT1)
                                                     -7.261     0.258 r  pll_inst/inst/plle2_adv_inst/CLKOUT1
                         net (fo=1, routed)           2.003     2.261    pll_inst/inst/clk_out2_pll
    BUFGCTRL_X0Y0                                                     r  pll_inst/inst/clkout2_buf/I
    BUFGCTRL_X0Y0        BUFG (Prop_bufg_I_O)         0.083     2.344 r  pll_inst/inst/clkout2_buf/O
                         net (fo=5999, routed)        1.323     3.667    student_top_inst/bridge_inst/clk_out2
    SLICE_X40Y106        FDRE                                         r  student_top_inst/bridge_inst/LED_reg[4]_lopt_replica/C
                         clock pessimism             -0.448     3.219    
                         clock uncertainty           -0.077     3.142    
    SLICE_X40Y106        FDRE (Setup_fdre_C_CE)      -0.201     2.941    student_top_inst/bridge_inst/LED_reg[4]_lopt_replica
  -------------------------------------------------------------------
                         required time                          2.941    
                         arrival time                          -3.798    
  -------------------------------------------------------------------
                         slack                                 -0.857    

Slack (VIOLATED) :        -0.857ns  (required time - arrival time)
  Source:                 student_top_inst/u_KLDJ_top/u_pipe_id_ex/id_ex_rs1_addr_reg[0]/C
                            (rising edge-triggered cell FDRE clocked by clk_out2_pll  {rise@0.000ns fall@2.857ns period=5.714ns})
  Destination:            student_top_inst/bridge_inst/LED_reg[7]_lopt_replica/CE
                            (rising edge-triggered cell FDRE clocked by clk_out2_pll  {rise@0.000ns fall@2.857ns period=5.714ns})
  Path Group:             clk_out2_pll
  Path Type:              Setup (Max at Slow Process Corner)
  Requirement:            5.714ns  (clk_out2_pll rise@5.714ns - clk_out2_pll rise@0.000ns)
  Data Path Delay:        6.232ns  (logic 1.379ns (22.128%)  route 4.853ns (77.872%))
  Logic Levels:           17  (CARRY4=8 LUT2=1 LUT5=4 LUT6=4)
  Clock Path Skew:        -0.061ns (DCD - SCD + CPR)
    Destination Clock Delay (DCD):    -2.048ns = ( 3.667 - 5.714 ) 
    Source Clock Delay      (SCD):    -2.434ns
    Clock Pessimism Removal (CPR):    -0.448ns
  Clock Uncertainty:      0.077ns  ((TSJ^2 + DJ^2)^1/2) / 2 + PE
    Total System Jitter     (TSJ):    0.071ns
    Discrete Jitter          (DJ):    0.137ns
    Phase Error              (PE):    0.000ns

    Location             Delay type                Incr(ns)  Path(ns)    Netlist Resource(s)
  -------------------------------------------------------------------    -------------------
                         (clock clk_out2_pll rise edge)
                                                      0.000     0.000 r  
    AD12                                              0.000     0.000 r  i_sys_clk_p (IN)
                         net (fo=0)                   0.000     0.000    pll_inst/inst/clk_in1_p
    AD12                                                              r  pll_inst/inst/clkin1_ibufgds/I
    AD12                 IBUFDS (Prop_ibufds_I_O)     0.906     0.906 r  pll_inst/inst/clkin1_ibufgds/O
                         net (fo=1, routed)           1.098     2.004    pll_inst/inst/clk_in1_pll
    PLLE2_ADV_X1Y1                                                    r  pll_inst/inst/plle2_adv_inst/CLKIN1
    PLLE2_ADV_X1Y1       PLLE2_ADV (Prop_plle2_adv_CLKIN1_CLKOUT1)
                                                     -8.058    -6.054 r  pll_inst/inst/plle2_adv_inst/CLKOUT1
                         net (fo=1, routed)           2.128    -3.926    pll_inst/inst/clk_out2_pll
    BUFGCTRL_X0Y0                                                     r  pll_inst/inst/clkout2_buf/I
    BUFGCTRL_X0Y0        BUFG (Prop_bufg_I_O)         0.093    -3.833 r  pll_inst/inst/clkout2_buf/O
                         net (fo=5999, routed)        1.399    -2.434    student_top_inst/u_KLDJ_top/u_pipe_id_ex/clk_out2
    SLICE_X83Y109        FDRE                                         r  student_top_inst/u_KLDJ_top/u_pipe_id_ex/id_ex_rs1_addr_reg[0]/C
  -------------------------------------------------------------------    -------------------
    SLICE_X83Y109        FDRE (Prop_fdre_C_Q)         0.223    -2.211 r  student_top_inst/u_KLDJ_top/u_pipe_id_ex/id_ex_rs1_addr_reg[0]/Q
                         net (fo=3, routed)           0.644    -1.567    student_top_inst/u_KLDJ_top/u_pipe_id_ex/id_ex_rs1_addr_reg[4]_0[0]
    SLICE_X82Y111                                                     r  student_top_inst/u_KLDJ_top/u_pipe_id_ex/rs1_q[31]_i_11/I0
    SLICE_X82Y111        LUT6 (Prop_lut6_I0_O)        0.043    -1.524 r  student_top_inst/u_KLDJ_top/u_pipe_id_ex/rs1_q[31]_i_11/O
                         net (fo=32, routed)          0.390    -1.134    student_top_inst/u_KLDJ_top/u_pipe_id_ex/rs1_q[31]_i_11_n_0
    SLICE_X80Y111                                                     r  student_top_inst/u_KLDJ_top/u_pipe_id_ex/rs1_q[0]_i_2/I3
    SLICE_X80Y111        LUT5 (Prop_lut5_I3_O)        0.043    -1.091 r  student_top_inst/u_KLDJ_top/u_pipe_id_ex/rs1_q[0]_i_2/O
                         net (fo=2, routed)           0.451    -0.640    student_top_inst/u_KLDJ_top/u_pipe_id_ex/rs1_q[0]_i_2_n_0
    SLICE_X84Y114                                                     r  student_top_inst/u_KLDJ_top/u_pipe_id_ex/rs1_q[0]_i_1/I2
    SLICE_X84Y114        LUT5 (Prop_lut5_I2_O)        0.043    -0.597 r  student_top_inst/u_KLDJ_top/u_pipe_id_ex/rs1_q[0]_i_1/O
                         net (fo=30, routed)          0.695     0.098    student_top_inst/u_KLDJ_top/u_pipe_id_ex/ex_data1[0]
    SLICE_X79Y106                                                     r  student_top_inst/u_KLDJ_top/u_pipe_id_ex/ex_mem_exu_res[3]_i_8/I0
    SLICE_X79Y106        LUT2 (Prop_lut2_I0_O)        0.043     0.141 r  student_top_inst/u_KLDJ_top/u_pipe_id_ex/ex_mem_exu_res[3]_i_8/O
                         net (fo=1, routed)           0.000     0.141    student_top_inst/u_KLDJ_top/u_pipe_id_ex/ex_mem_exu_res[3]_i_8_n_0
    SLICE_X79Y106                                                     r  student_top_inst/u_KLDJ_top/u_pipe_id_ex/ex_mem_exu_res_reg[3]_i_3/S[0]
    SLICE_X79Y106        CARRY4 (Prop_carry4_S[0]_CO[3])
                                                      0.259     0.400 r  student_top_inst/u_KLDJ_top/u_pipe_id_ex/ex_mem_exu_res_reg[3]_i_3/CO[3]
                         net (fo=1, routed)           0.000     0.400    student_top_inst/u_KLDJ_top/u_pipe_id_ex/ex_mem_exu_res_reg[3]_i_3_n_0
    SLICE_X79Y107                                                     r  student_top_inst/u_KLDJ_top/u_pipe_id_ex/ex_mem_exu_res_reg[7]_i_3/CI
    SLICE_X79Y107        CARRY4 (Prop_carry4_CI_CO[3])
                                                      0.053     0.453 r  student_top_inst/u_KLDJ_top/u_pipe_id_ex/ex_mem_exu_res_reg[7]_i_3/CO[3]
                         net (fo=1, routed)           0.000     0.453    student_top_inst/u_KLDJ_top/u_pipe_id_ex/ex_mem_exu_res_reg[7]_i_3_n_0
    SLICE_X79Y108                                                     r  student_top_inst/u_KLDJ_top/u_pipe_id_ex/ex_mem_exu_res_reg[11]_i_3/CI
    SLICE_X79Y108        CARRY4 (Prop_carry4_CI_CO[3])
                                                      0.053     0.506 r  student_top_inst/u_KLDJ_top/u_pipe_id_ex/ex_mem_exu_res_reg[11]_i_3/CO[3]
                         net (fo=1, routed)           0.000     0.506    student_top_inst/u_KLDJ_top/u_pipe_id_ex/ex_mem_exu_res_reg[11]_i_3_n_0
    SLICE_X79Y109                                                     r  student_top_inst/u_KLDJ_top/u_pipe_id_ex/ex_mem_exu_res_reg[15]_i_3/CI
    SLICE_X79Y109        CARRY4 (Prop_carry4_CI_CO[3])
                                                      0.053     0.559 r  student_top_inst/u_KLDJ_top/u_pipe_id_ex/ex_mem_exu_res_reg[15]_i_3/CO[3]
                         net (fo=1, routed)           0.000     0.559    student_top_inst/u_KLDJ_top/u_pipe_id_ex/ex_mem_exu_res_reg[15]_i_3_n_0
    SLICE_X79Y110                                                     r  student_top_inst/u_KLDJ_top/u_pipe_id_ex/ex_mem_exu_res_reg[19]_i_3/CI
    SLICE_X79Y110        CARRY4 (Prop_carry4_CI_CO[3])
                                                      0.053     0.612 r  student_top_inst/u_KLDJ_top/u_pipe_id_ex/ex_mem_exu_res_reg[19]_i_3/CO[3]
                         net (fo=1, routed)           0.000     0.612    student_top_inst/u_KLDJ_top/u_pipe_id_ex/ex_mem_exu_res_reg[19]_i_3_n_0
    SLICE_X79Y111                                                     r  student_top_inst/u_KLDJ_top/u_pipe_id_ex/ex_mem_exu_res_reg[23]_i_3/CI
    SLICE_X79Y111        CARRY4 (Prop_carry4_CI_CO[3])
                                                      0.053     0.665 r  student_top_inst/u_KLDJ_top/u_pipe_id_ex/ex_mem_exu_res_reg[23]_i_3/CO[3]
                         net (fo=1, routed)           0.000     0.665    student_top_inst/u_KLDJ_top/u_pipe_id_ex/ex_mem_exu_res_reg[23]_i_3_n_0
    SLICE_X79Y112                                                     r  student_top_inst/u_KLDJ_top/u_pipe_id_ex/ex_mem_exu_res_reg[27]_i_3/CI
    SLICE_X79Y112        CARRY4 (Prop_carry4_CI_CO[3])
                                                      0.053     0.718 r  student_top_inst/u_KLDJ_top/u_pipe_id_ex/ex_mem_exu_res_reg[27]_i_3/CO[3]
                         net (fo=1, routed)           0.000     0.718    student_top_inst/u_KLDJ_top/u_pipe_id_ex/ex_mem_exu_res_reg[27]_i_3_n_0
    SLICE_X79Y113                                                     r  student_top_inst/u_KLDJ_top/u_pipe_id_ex/ex_mem_exu_res_reg[31]_i_3/CI
    SLICE_X79Y113        CARRY4 (Prop_carry4_CI_O[0])
                                                      0.111     0.829 f  student_top_inst/u_KLDJ_top/u_pipe_id_ex/ex_mem_exu_res_reg[31]_i_3/O[0]
                         net (fo=2, routed)           0.528     1.357    student_top_inst/u_KLDJ_top/u_pipe_id_ex/ex_mem_exu_res_reg[31]_i_3_n_7
    SLICE_X77Y111                                                     f  student_top_inst/u_KLDJ_top/u_pipe_id_ex/bram_addr_r[15]_i_6/I1
    SLICE_X77Y111        LUT6 (Prop_lut6_I1_O)        0.124     1.481 f  student_top_inst/u_KLDJ_top/u_pipe_id_ex/bram_addr_r[15]_i_6/O
                         net (fo=1, routed)           0.350     1.830    student_top_inst/u_KLDJ_top/u_pipe_id_ex/bram_addr_r[15]_i_6_n_0
    SLICE_X77Y108                                                     f  student_top_inst/u_KLDJ_top/u_pipe_id_ex/bram_addr_r[15]_i_3/I4
    SLICE_X77Y108        LUT5 (Prop_lut5_I4_O)        0.043     1.873 f  student_top_inst/u_KLDJ_top/u_pipe_id_ex/bram_addr_r[15]_i_3/O
                         net (fo=6, routed)           0.372     2.245    student_top_inst/u_KLDJ_top/u_pipe_id_ex/bram_addr_r[15]_i_3_n_0
    SLICE_X77Y105                                                     f  student_top_inst/u_KLDJ_top/u_pipe_id_ex/rd_is_seg_q_i_3/I4
    SLICE_X77Y105        LUT5 (Prop_lut5_I4_O)        0.043     2.288 f  student_top_inst/u_KLDJ_top/u_pipe_id_ex/rd_is_seg_q_i_3/O
                         net (fo=29, routed)          0.463     2.751    student_top_inst/u_KLDJ_top/u_pipe_id_ex/bram_addr_r[15]_i_3_0
    SLICE_X64Y102                                                     f  student_top_inst/u_KLDJ_top/u_pipe_id_ex/LED[31]_i_3/I5
    SLICE_X64Y102        LUT6 (Prop_lut6_I5_O)        0.043     2.794 r  student_top_inst/u_KLDJ_top/u_pipe_id_ex/LED[31]_i_3/O
                         net (fo=3, routed)           0.208     3.003    student_top_inst/u_KLDJ_top/u_pipe_id_ex/LED[31]_i_3_n_0
    SLICE_X60Y102                                                     r  student_top_inst/u_KLDJ_top/u_pipe_id_ex/LED[31]_i_1/I0
    SLICE_X60Y102        LUT6 (Prop_lut6_I0_O)        0.043     3.046 r  student_top_inst/u_KLDJ_top/u_pipe_id_ex/LED[31]_i_1/O
                         net (fo=64, routed)          0.752     3.798    student_top_inst/bridge_inst/E[0]
    SLICE_X40Y106        FDRE                                         r  student_top_inst/bridge_inst/LED_reg[7]_lopt_replica/CE
  -------------------------------------------------------------------    -------------------

                         (clock clk_out2_pll rise edge)
                                                      5.714     5.714 r  
    AD12                                              0.000     5.714 r  i_sys_clk_p (IN)
                         net (fo=0)                   0.000     5.714    pll_inst/inst/clk_in1_p
    AD12                                                              r  pll_inst/inst/clkin1_ibufgds/I
    AD12                 IBUFDS (Prop_ibufds_I_O)     0.803     6.518 r  pll_inst/inst/clkin1_ibufgds/O
                         net (fo=1, routed)           1.001     7.519    pll_inst/inst/clk_in1_pll
    PLLE2_ADV_X1Y1                                                    r  pll_inst/inst/plle2_adv_inst/CLKIN1
    PLLE2_ADV_X1Y1       PLLE2_ADV (Prop_plle2_adv_CLKIN1_CLKOUT1)
                                                     -7.261     0.258 r  pll_inst/inst/plle2_adv_inst/CLKOUT1
                         net (fo=1, routed)           2.003     2.261    pll_inst/inst/clk_out2_pll
    BUFGCTRL_X0Y0                                                     r  pll_inst/inst/clkout2_buf/I
    BUFGCTRL_X0Y0        BUFG (Prop_bufg_I_O)         0.083     2.344 r  pll_inst/inst/clkout2_buf/O
                         net (fo=5999, routed)        1.323     3.667    student_top_inst/bridge_inst/clk_out2
    SLICE_X40Y106        FDRE                                         r  student_top_inst/bridge_inst/LED_reg[7]_lopt_replica/C
                         clock pessimism             -0.448     3.219    
                         clock uncertainty           -0.077     3.142    
    SLICE_X40Y106        FDRE (Setup_fdre_C_CE)      -0.201     2.941    student_top_inst/bridge_inst/LED_reg[7]_lopt_replica
  -------------------------------------------------------------------
                         required time                          2.941    
                         arrival time                          -3.798    
  -------------------------------------------------------------------
                         slack                                 -0.857    

Slack (VIOLATED) :        -0.854ns  (required time - arrival time)
  Source:                 student_top_inst/u_KLDJ_top/u_pipe_id_ex/id_ex_rs1_addr_reg[0]/C
                            (rising edge-triggered cell FDRE clocked by clk_out2_pll  {rise@0.000ns fall@2.857ns period=5.714ns})
  Destination:            student_top_inst/bridge_inst/LED_reg[12]_lopt_replica/CE
                            (rising edge-triggered cell FDRE clocked by clk_out2_pll  {rise@0.000ns fall@2.857ns period=5.714ns})
  Path Group:             clk_out2_pll
  Path Type:              Setup (Max at Slow Process Corner)
  Requirement:            5.714ns  (clk_out2_pll rise@5.714ns - clk_out2_pll rise@0.000ns)
  Data Path Delay:        6.251ns  (logic 1.379ns (22.062%)  route 4.872ns (77.938%))
  Logic Levels:           17  (CARRY4=8 LUT2=1 LUT5=4 LUT6=4)
  Clock Path Skew:        -0.063ns (DCD - SCD + CPR)
    Destination Clock Delay (DCD):    -2.050ns = ( 3.665 - 5.714 ) 
    Source Clock Delay      (SCD):    -2.434ns
    Clock Pessimism Removal (CPR):    -0.448ns
  Clock Uncertainty:      0.077ns  ((TSJ^2 + DJ^2)^1/2) / 2 + PE
    Total System Jitter     (TSJ):    0.071ns
    Discrete Jitter          (DJ):    0.137ns
    Phase Error              (PE):    0.000ns

    Location             Delay type                Incr(ns)  Path(ns)    Netlist Resource(s)
  -------------------------------------------------------------------    -------------------
                         (clock clk_out2_pll rise edge)
                                                      0.000     0.000 r  
    AD12                                              0.000     0.000 r  i_sys_clk_p (IN)
                         net (fo=0)                   0.000     0.000    pll_inst/inst/clk_in1_p
    AD12                                                              r  pll_inst/inst/clkin1_ibufgds/I
    AD12                 IBUFDS (Prop_ibufds_I_O)     0.906     0.906 r  pll_inst/inst/clkin1_ibufgds/O
                         net (fo=1, routed)           1.098     2.004    pll_inst/inst/clk_in1_pll
    PLLE2_ADV_X1Y1                                                    r  pll_inst/inst/plle2_adv_inst/CLKIN1
    PLLE2_ADV_X1Y1       PLLE2_ADV (Prop_plle2_adv_CLKIN1_CLKOUT1)
                                                     -8.058    -6.054 r  pll_inst/inst/plle2_adv_inst/CLKOUT1
                         net (fo=1, routed)           2.128    -3.926    pll_inst/inst/clk_out2_pll
    BUFGCTRL_X0Y0                                                     r  pll_inst/inst/clkout2_buf/I
    BUFGCTRL_X0Y0        BUFG (Prop_bufg_I_O)         0.093    -3.833 r  pll_inst/inst/clkout2_buf/O
                         net (fo=5999, routed)        1.399    -2.434    student_top_inst/u_KLDJ_top/u_pipe_id_ex/clk_out2
    SLICE_X83Y109        FDRE                                         r  student_top_inst/u_KLDJ_top/u_pipe_id_ex/id_ex_rs1_addr_reg[0]/C
  -------------------------------------------------------------------    -------------------
    SLICE_X83Y109        FDRE (Prop_fdre_C_Q)         0.223    -2.211 r  student_top_inst/u_KLDJ_top/u_pipe_id_ex/id_ex_rs1_addr_reg[0]/Q
                         net (fo=3, routed)           0.644    -1.567    student_top_inst/u_KLDJ_top/u_pipe_id_ex/id_ex_rs1_addr_reg[4]_0[0]
    SLICE_X82Y111                                                     r  student_top_inst/u_KLDJ_top/u_pipe_id_ex/rs1_q[31]_i_11/I0
    SLICE_X82Y111        LUT6 (Prop_lut6_I0_O)        0.043    -1.524 r  student_top_inst/u_KLDJ_top/u_pipe_id_ex/rs1_q[31]_i_11/O
                         net (fo=32, routed)          0.390    -1.134    student_top_inst/u_KLDJ_top/u_pipe_id_ex/rs1_q[31]_i_11_n_0
    SLICE_X80Y111                                                     r  student_top_inst/u_KLDJ_top/u_pipe_id_ex/rs1_q[0]_i_2/I3
    SLICE_X80Y111        LUT5 (Prop_lut5_I3_O)        0.043    -1.091 r  student_top_inst/u_KLDJ_top/u_pipe_id_ex/rs1_q[0]_i_2/O
                         net (fo=2, routed)           0.451    -0.640    student_top_inst/u_KLDJ_top/u_pipe_id_ex/rs1_q[0]_i_2_n_0
    SLICE_X84Y114                                                     r  student_top_inst/u_KLDJ_top/u_pipe_id_ex/rs1_q[0]_i_1/I2
    SLICE_X84Y114        LUT5 (Prop_lut5_I2_O)        0.043    -0.597 r  student_top_inst/u_KLDJ_top/u_pipe_id_ex/rs1_q[0]_i_1/O
                         net (fo=30, routed)          0.695     0.098    student_top_inst/u_KLDJ_top/u_pipe_id_ex/ex_data1[0]
    SLICE_X79Y106                                                     r  student_top_inst/u_KLDJ_top/u_pipe_id_ex/ex_mem_exu_res[3]_i_8/I0
    SLICE_X79Y106        LUT2 (Prop_lut2_I0_O)        0.043     0.141 r  student_top_inst/u_KLDJ_top/u_pipe_id_ex/ex_mem_exu_res[3]_i_8/O
                         net (fo=1, routed)           0.000     0.141    student_top_inst/u_KLDJ_top/u_pipe_id_ex/ex_mem_exu_res[3]_i_8_n_0
    SLICE_X79Y106                                                     r  student_top_inst/u_KLDJ_top/u_pipe_id_ex/ex_mem_exu_res_reg[3]_i_3/S[0]
    SLICE_X79Y106        CARRY4 (Prop_carry4_S[0]_CO[3])
                                                      0.259     0.400 r  student_top_inst/u_KLDJ_top/u_pipe_id_ex/ex_mem_exu_res_reg[3]_i_3/CO[3]
                         net (fo=1, routed)           0.000     0.400    student_top_inst/u_KLDJ_top/u_pipe_id_ex/ex_mem_exu_res_reg[3]_i_3_n_0
    SLICE_X79Y107                                                     r  student_top_inst/u_KLDJ_top/u_pipe_id_ex/ex_mem_exu_res_reg[7]_i_3/CI
    SLICE_X79Y107        CARRY4 (Prop_carry4_CI_CO[3])
                                                      0.053     0.453 r  student_top_inst/u_KLDJ_top/u_pipe_id_ex/ex_mem_exu_res_reg[7]_i_3/CO[3]
                         net (fo=1, routed)           0.000     0.453    student_top_inst/u_KLDJ_top/u_pipe_id_ex/ex_mem_exu_res_reg[7]_i_3_n_0
    SLICE_X79Y108                                                     r  student_top_inst/u_KLDJ_top/u_pipe_id_ex/ex_mem_exu_res_reg[11]_i_3/CI
    SLICE_X79Y108        CARRY4 (Prop_carry4_CI_CO[3])
                                                      0.053     0.506 r  student_top_inst/u_KLDJ_top/u_pipe_id_ex/ex_mem_exu_res_reg[11]_i_3/CO[3]
                         net (fo=1, routed)           0.000     0.506    student_top_inst/u_KLDJ_top/u_pipe_id_ex/ex_mem_exu_res_reg[11]_i_3_n_0
    SLICE_X79Y109                                                     r  student_top_inst/u_KLDJ_top/u_pipe_id_ex/ex_mem_exu_res_reg[15]_i_3/CI
    SLICE_X79Y109        CARRY4 (Prop_carry4_CI_CO[3])
                                                      0.053     0.559 r  student_top_inst/u_KLDJ_top/u_pipe_id_ex/ex_mem_exu_res_reg[15]_i_3/CO[3]
                         net (fo=1, routed)           0.000     0.559    student_top_inst/u_KLDJ_top/u_pipe_id_ex/ex_mem_exu_res_reg[15]_i_3_n_0
    SLICE_X79Y110                                                     r  student_top_inst/u_KLDJ_top/u_pipe_id_ex/ex_mem_exu_res_reg[19]_i_3/CI
    SLICE_X79Y110        CARRY4 (Prop_carry4_CI_CO[3])
                                                      0.053     0.612 r  student_top_inst/u_KLDJ_top/u_pipe_id_ex/ex_mem_exu_res_reg[19]_i_3/CO[3]
                         net (fo=1, routed)           0.000     0.612    student_top_inst/u_KLDJ_top/u_pipe_id_ex/ex_mem_exu_res_reg[19]_i_3_n_0
    SLICE_X79Y111                                                     r  student_top_inst/u_KLDJ_top/u_pipe_id_ex/ex_mem_exu_res_reg[23]_i_3/CI
    SLICE_X79Y111        CARRY4 (Prop_carry4_CI_CO[3])
                                                      0.053     0.665 r  student_top_inst/u_KLDJ_top/u_pipe_id_ex/ex_mem_exu_res_reg[23]_i_3/CO[3]
                         net (fo=1, routed)           0.000     0.665    student_top_inst/u_KLDJ_top/u_pipe_id_ex/ex_mem_exu_res_reg[23]_i_3_n_0
    SLICE_X79Y112                                                     r  student_top_inst/u_KLDJ_top/u_pipe_id_ex/ex_mem_exu_res_reg[27]_i_3/CI
    SLICE_X79Y112        CARRY4 (Prop_carry4_CI_CO[3])
                                                      0.053     0.718 r  student_top_inst/u_KLDJ_top/u_pipe_id_ex/ex_mem_exu_res_reg[27]_i_3/CO[3]
                         net (fo=1, routed)           0.000     0.718    student_top_inst/u_KLDJ_top/u_pipe_id_ex/ex_mem_exu_res_reg[27]_i_3_n_0
    SLICE_X79Y113                                                     r  student_top_inst/u_KLDJ_top/u_pipe_id_ex/ex_mem_exu_res_reg[31]_i_3/CI
    SLICE_X79Y113        CARRY4 (Prop_carry4_CI_O[0])
                                                      0.111     0.829 f  student_top_inst/u_KLDJ_top/u_pipe_id_ex/ex_mem_exu_res_reg[31]_i_3/O[0]
                         net (fo=2, routed)           0.528     1.357    student_top_inst/u_KLDJ_top/u_pipe_id_ex/ex_mem_exu_res_reg[31]_i_3_n_7
    SLICE_X77Y111                                                     f  student_top_inst/u_KLDJ_top/u_pipe_id_ex/bram_addr_r[15]_i_6/I1
    SLICE_X77Y111        LUT6 (Prop_lut6_I1_O)        0.124     1.481 f  student_top_inst/u_KLDJ_top/u_pipe_id_ex/bram_addr_r[15]_i_6/O
                         net (fo=1, routed)           0.350     1.830    student_top_inst/u_KLDJ_top/u_pipe_id_ex/bram_addr_r[15]_i_6_n_0
    SLICE_X77Y108                                                     f  student_top_inst/u_KLDJ_top/u_pipe_id_ex/bram_addr_r[15]_i_3/I4
    SLICE_X77Y108        LUT5 (Prop_lut5_I4_O)        0.043     1.873 f  student_top_inst/u_KLDJ_top/u_pipe_id_ex/bram_addr_r[15]_i_3/O
                         net (fo=6, routed)           0.372     2.245    student_top_inst/u_KLDJ_top/u_pipe_id_ex/bram_addr_r[15]_i_3_n_0
    SLICE_X77Y105                                                     f  student_top_inst/u_KLDJ_top/u_pipe_id_ex/rd_is_seg_q_i_3/I4
    SLICE_X77Y105        LUT5 (Prop_lut5_I4_O)        0.043     2.288 f  student_top_inst/u_KLDJ_top/u_pipe_id_ex/rd_is_seg_q_i_3/O
                         net (fo=29, routed)          0.463     2.751    student_top_inst/u_KLDJ_top/u_pipe_id_ex/bram_addr_r[15]_i_3_0
    SLICE_X64Y102                                                     f  student_top_inst/u_KLDJ_top/u_pipe_id_ex/LED[31]_i_3/I5
    SLICE_X64Y102        LUT6 (Prop_lut6_I5_O)        0.043     2.794 r  student_top_inst/u_KLDJ_top/u_pipe_id_ex/LED[31]_i_3/O
                         net (fo=3, routed)           0.208     3.003    student_top_inst/u_KLDJ_top/u_pipe_id_ex/LED[31]_i_3_n_0
    SLICE_X60Y102                                                     r  student_top_inst/u_KLDJ_top/u_pipe_id_ex/LED[31]_i_1/I0
    SLICE_X60Y102        LUT6 (Prop_lut6_I0_O)        0.043     3.046 r  student_top_inst/u_KLDJ_top/u_pipe_id_ex/LED[31]_i_1/O
                         net (fo=64, routed)          0.771     3.816    student_top_inst/bridge_inst/E[0]
    SLICE_X42Y107        FDRE                                         r  student_top_inst/bridge_inst/LED_reg[12]_lopt_replica/CE
  -------------------------------------------------------------------    -------------------

                         (clock clk_out2_pll rise edge)
                                                      5.714     5.714 r  
    AD12                                              0.000     5.714 r  i_sys_clk_p (IN)
                         net (fo=0)                   0.000     5.714    pll_inst/inst/clk_in1_p
    AD12                                                              r  pll_inst/inst/clkin1_ibufgds/I
    AD12                 IBUFDS (Prop_ibufds_I_O)     0.803     6.518 r  pll_inst/inst/clkin1_ibufgds/O
                         net (fo=1, routed)           1.001     7.519    pll_inst/inst/clk_in1_pll
    PLLE2_ADV_X1Y1                                                    r  pll_inst/inst/plle2_adv_inst/CLKIN1
    PLLE2_ADV_X1Y1       PLLE2_ADV (Prop_plle2_adv_CLKIN1_CLKOUT1)
                                                     -7.261     0.258 r  pll_inst/inst/plle2_adv_inst/CLKOUT1
                         net (fo=1, routed)           2.003     2.261    pll_inst/inst/clk_out2_pll
    BUFGCTRL_X0Y0                                                     r  pll_inst/inst/clkout2_buf/I
    BUFGCTRL_X0Y0        BUFG (Prop_bufg_I_O)         0.083     2.344 r  pll_inst/inst/clkout2_buf/O
                         net (fo=5999, routed)        1.321     3.665    student_top_inst/bridge_inst/clk_out2
    SLICE_X42Y107        FDRE                                         r  student_top_inst/bridge_inst/LED_reg[12]_lopt_replica/C
                         clock pessimism             -0.448     3.217    
                         clock uncertainty           -0.077     3.140    
    SLICE_X42Y107        FDRE (Setup_fdre_C_CE)      -0.178     2.962    student_top_inst/bridge_inst/LED_reg[12]_lopt_replica
  -------------------------------------------------------------------
                         required time                          2.962    
                         arrival time                          -3.816    
  -------------------------------------------------------------------
                         slack                                 -0.854    

Slack (VIOLATED) :        -0.854ns  (required time - arrival time)
  Source:                 student_top_inst/u_KLDJ_top/u_pipe_id_ex/id_ex_rs1_addr_reg[0]/C
                            (rising edge-triggered cell FDRE clocked by clk_out2_pll  {rise@0.000ns fall@2.857ns period=5.714ns})
  Destination:            student_top_inst/bridge_inst/LED_reg[27]_lopt_replica/CE
                            (rising edge-triggered cell FDRE clocked by clk_out2_pll  {rise@0.000ns fall@2.857ns period=5.714ns})
  Path Group:             clk_out2_pll
  Path Type:              Setup (Max at Slow Process Corner)
  Requirement:            5.714ns  (clk_out2_pll rise@5.714ns - clk_out2_pll rise@0.000ns)
  Data Path Delay:        6.251ns  (logic 1.379ns (22.062%)  route 4.872ns (77.938%))
  Logic Levels:           17  (CARRY4=8 LUT2=1 LUT5=4 LUT6=4)
  Clock Path Skew:        -0.063ns (DCD - SCD + CPR)
    Destination Clock Delay (DCD):    -2.050ns = ( 3.665 - 5.714 ) 
    Source Clock Delay      (SCD):    -2.434ns
    Clock Pessimism Removal (CPR):    -0.448ns
  Clock Uncertainty:      0.077ns  ((TSJ^2 + DJ^2)^1/2) / 2 + PE
    Total System Jitter     (TSJ):    0.071ns
    Discrete Jitter          (DJ):    0.137ns
    Phase Error              (PE):    0.000ns

    Location             Delay type                Incr(ns)  Path(ns)    Netlist Resource(s)
  -------------------------------------------------------------------    -------------------
                         (clock clk_out2_pll rise edge)
                                                      0.000     0.000 r  
    AD12                                              0.000     0.000 r  i_sys_clk_p (IN)
                         net (fo=0)                   0.000     0.000    pll_inst/inst/clk_in1_p
    AD12                                                              r  pll_inst/inst/clkin1_ibufgds/I
    AD12                 IBUFDS (Prop_ibufds_I_O)     0.906     0.906 r  pll_inst/inst/clkin1_ibufgds/O
                         net (fo=1, routed)           1.098     2.004    pll_inst/inst/clk_in1_pll
    PLLE2_ADV_X1Y1                                                    r  pll_inst/inst/plle2_adv_inst/CLKIN1
    PLLE2_ADV_X1Y1       PLLE2_ADV (Prop_plle2_adv_CLKIN1_CLKOUT1)
                                                     -8.058    -6.054 r  pll_inst/inst/plle2_adv_inst/CLKOUT1
                         net (fo=1, routed)           2.128    -3.926    pll_inst/inst/clk_out2_pll
    BUFGCTRL_X0Y0                                                     r  pll_inst/inst/clkout2_buf/I
    BUFGCTRL_X0Y0        BUFG (Prop_bufg_I_O)         0.093    -3.833 r  pll_inst/inst/clkout2_buf/O
                         net (fo=5999, routed)        1.399    -2.434    student_top_inst/u_KLDJ_top/u_pipe_id_ex/clk_out2
    SLICE_X83Y109        FDRE                                         r  student_top_inst/u_KLDJ_top/u_pipe_id_ex/id_ex_rs1_addr_reg[0]/C
  -------------------------------------------------------------------    -------------------
    SLICE_X83Y109        FDRE (Prop_fdre_C_Q)         0.223    -2.211 r  student_top_inst/u_KLDJ_top/u_pipe_id_ex/id_ex_rs1_addr_reg[0]/Q
                         net (fo=3, routed)           0.644    -1.567    student_top_inst/u_KLDJ_top/u_pipe_id_ex/id_ex_rs1_addr_reg[4]_0[0]
    SLICE_X82Y111                                                     r  student_top_inst/u_KLDJ_top/u_pipe_id_ex/rs1_q[31]_i_11/I0
    SLICE_X82Y111        LUT6 (Prop_lut6_I0_O)        0.043    -1.524 r  student_top_inst/u_KLDJ_top/u_pipe_id_ex/rs1_q[31]_i_11/O
                         net (fo=32, routed)          0.390    -1.134    student_top_inst/u_KLDJ_top/u_pipe_id_ex/rs1_q[31]_i_11_n_0
    SLICE_X80Y111                                                     r  student_top_inst/u_KLDJ_top/u_pipe_id_ex/rs1_q[0]_i_2/I3
    SLICE_X80Y111        LUT5 (Prop_lut5_I3_O)        0.043    -1.091 r  student_top_inst/u_KLDJ_top/u_pipe_id_ex/rs1_q[0]_i_2/O
                         net (fo=2, routed)           0.451    -0.640    student_top_inst/u_KLDJ_top/u_pipe_id_ex/rs1_q[0]_i_2_n_0
    SLICE_X84Y114                                                     r  student_top_inst/u_KLDJ_top/u_pipe_id_ex/rs1_q[0]_i_1/I2
    SLICE_X84Y114        LUT5 (Prop_lut5_I2_O)        0.043    -0.597 r  student_top_inst/u_KLDJ_top/u_pipe_id_ex/rs1_q[0]_i_1/O
                         net (fo=30, routed)          0.695     0.098    student_top_inst/u_KLDJ_top/u_pipe_id_ex/ex_data1[0]
    SLICE_X79Y106                                                     r  student_top_inst/u_KLDJ_top/u_pipe_id_ex/ex_mem_exu_res[3]_i_8/I0
    SLICE_X79Y106        LUT2 (Prop_lut2_I0_O)        0.043     0.141 r  student_top_inst/u_KLDJ_top/u_pipe_id_ex/ex_mem_exu_res[3]_i_8/O
                         net (fo=1, routed)           0.000     0.141    student_top_inst/u_KLDJ_top/u_pipe_id_ex/ex_mem_exu_res[3]_i_8_n_0
    SLICE_X79Y106                                                     r  student_top_inst/u_KLDJ_top/u_pipe_id_ex/ex_mem_exu_res_reg[3]_i_3/S[0]
    SLICE_X79Y106        CARRY4 (Prop_carry4_S[0]_CO[3])
                                                      0.259     0.400 r  student_top_inst/u_KLDJ_top/u_pipe_id_ex/ex_mem_exu_res_reg[3]_i_3/CO[3]
                         net (fo=1, routed)           0.000     0.400    student_top_inst/u_KLDJ_top/u_pipe_id_ex/ex_mem_exu_res_reg[3]_i_3_n_0
    SLICE_X79Y107                                                     r  student_top_inst/u_KLDJ_top/u_pipe_id_ex/ex_mem_exu_res_reg[7]_i_3/CI
    SLICE_X79Y107        CARRY4 (Prop_carry4_CI_CO[3])
                                                      0.053     0.453 r  student_top_inst/u_KLDJ_top/u_pipe_id_ex/ex_mem_exu_res_reg[7]_i_3/CO[3]
                         net (fo=1, routed)           0.000     0.453    student_top_inst/u_KLDJ_top/u_pipe_id_ex/ex_mem_exu_res_reg[7]_i_3_n_0
    SLICE_X79Y108                                                     r  student_top_inst/u_KLDJ_top/u_pipe_id_ex/ex_mem_exu_res_reg[11]_i_3/CI
    SLICE_X79Y108        CARRY4 (Prop_carry4_CI_CO[3])
                                                      0.053     0.506 r  student_top_inst/u_KLDJ_top/u_pipe_id_ex/ex_mem_exu_res_reg[11]_i_3/CO[3]
                         net (fo=1, routed)           0.000     0.506    student_top_inst/u_KLDJ_top/u_pipe_id_ex/ex_mem_exu_res_reg[11]_i_3_n_0
    SLICE_X79Y109                                                     r  student_top_inst/u_KLDJ_top/u_pipe_id_ex/ex_mem_exu_res_reg[15]_i_3/CI
    SLICE_X79Y109        CARRY4 (Prop_carry4_CI_CO[3])
                                                      0.053     0.559 r  student_top_inst/u_KLDJ_top/u_pipe_id_ex/ex_mem_exu_res_reg[15]_i_3/CO[3]
                         net (fo=1, routed)           0.000     0.559    student_top_inst/u_KLDJ_top/u_pipe_id_ex/ex_mem_exu_res_reg[15]_i_3_n_0
    SLICE_X79Y110                                                     r  student_top_inst/u_KLDJ_top/u_pipe_id_ex/ex_mem_exu_res_reg[19]_i_3/CI
    SLICE_X79Y110        CARRY4 (Prop_carry4_CI_CO[3])
                                                      0.053     0.612 r  student_top_inst/u_KLDJ_top/u_pipe_id_ex/ex_mem_exu_res_reg[19]_i_3/CO[3]
                         net (fo=1, routed)           0.000     0.612    student_top_inst/u_KLDJ_top/u_pipe_id_ex/ex_mem_exu_res_reg[19]_i_3_n_0
    SLICE_X79Y111                                                     r  student_top_inst/u_KLDJ_top/u_pipe_id_ex/ex_mem_exu_res_reg[23]_i_3/CI
    SLICE_X79Y111        CARRY4 (Prop_carry4_CI_CO[3])
                                                      0.053     0.665 r  student_top_inst/u_KLDJ_top/u_pipe_id_ex/ex_mem_exu_res_reg[23]_i_3/CO[3]
                         net (fo=1, routed)           0.000     0.665    student_top_inst/u_KLDJ_top/u_pipe_id_ex/ex_mem_exu_res_reg[23]_i_3_n_0
    SLICE_X79Y112                                                     r  student_top_inst/u_KLDJ_top/u_pipe_id_ex/ex_mem_exu_res_reg[27]_i_3/CI
    SLICE_X79Y112        CARRY4 (Prop_carry4_CI_CO[3])
                                                      0.053     0.718 r  student_top_inst/u_KLDJ_top/u_pipe_id_ex/ex_mem_exu_res_reg[27]_i_3/CO[3]
                         net (fo=1, routed)           0.000     0.718    student_top_inst/u_KLDJ_top/u_pipe_id_ex/ex_mem_exu_res_reg[27]_i_3_n_0
    SLICE_X79Y113                                                     r  student_top_inst/u_KLDJ_top/u_pipe_id_ex/ex_mem_exu_res_reg[31]_i_3/CI
    SLICE_X79Y113        CARRY4 (Prop_carry4_CI_O[0])
                                                      0.111     0.829 f  student_top_inst/u_KLDJ_top/u_pipe_id_ex/ex_mem_exu_res_reg[31]_i_3/O[0]
                         net (fo=2, routed)           0.528     1.357    student_top_inst/u_KLDJ_top/u_pipe_id_ex/ex_mem_exu_res_reg[31]_i_3_n_7
    SLICE_X77Y111                                                     f  student_top_inst/u_KLDJ_top/u_pipe_id_ex/bram_addr_r[15]_i_6/I1
    SLICE_X77Y111        LUT6 (Prop_lut6_I1_O)        0.124     1.481 f  student_top_inst/u_KLDJ_top/u_pipe_id_ex/bram_addr_r[15]_i_6/O
                         net (fo=1, routed)           0.350     1.830    student_top_inst/u_KLDJ_top/u_pipe_id_ex/bram_addr_r[15]_i_6_n_0
    SLICE_X77Y108                                                     f  student_top_inst/u_KLDJ_top/u_pipe_id_ex/bram_addr_r[15]_i_3/I4
    SLICE_X77Y108        LUT5 (Prop_lut5_I4_O)        0.043     1.873 f  student_top_inst/u_KLDJ_top/u_pipe_id_ex/bram_addr_r[15]_i_3/O
                         net (fo=6, routed)           0.372     2.245    student_top_inst/u_KLDJ_top/u_pipe_id_ex/bram_addr_r[15]_i_3_n_0
    SLICE_X77Y105                                                     f  student_top_inst/u_KLDJ_top/u_pipe_id_ex/rd_is_seg_q_i_3/I4
    SLICE_X77Y105        LUT5 (Prop_lut5_I4_O)        0.043     2.288 f  student_top_inst/u_KLDJ_top/u_pipe_id_ex/rd_is_seg_q_i_3/O
                         net (fo=29, routed)          0.463     2.751    student_top_inst/u_KLDJ_top/u_pipe_id_ex/bram_addr_r[15]_i_3_0
    SLICE_X64Y102                                                     f  student_top_inst/u_KLDJ_top/u_pipe_id_ex/LED[31]_i_3/I5
    SLICE_X64Y102        LUT6 (Prop_lut6_I5_O)        0.043     2.794 r  student_top_inst/u_KLDJ_top/u_pipe_id_ex/LED[31]_i_3/O
                         net (fo=3, routed)           0.208     3.003    student_top_inst/u_KLDJ_top/u_pipe_id_ex/LED[31]_i_3_n_0
    SLICE_X60Y102                                                     r  student_top_inst/u_KLDJ_top/u_pipe_id_ex/LED[31]_i_1/I0
    SLICE_X60Y102        LUT6 (Prop_lut6_I0_O)        0.043     3.046 r  student_top_inst/u_KLDJ_top/u_pipe_id_ex/LED[31]_i_1/O
                         net (fo=64, routed)          0.771     3.816    student_top_inst/bridge_inst/E[0]
    SLICE_X42Y107        FDRE                                         r  student_top_inst/bridge_inst/LED_reg[27]_lopt_replica/CE
  -------------------------------------------------------------------    -------------------

                         (clock clk_out2_pll rise edge)
                                                      5.714     5.714 r  
    AD12                                              0.000     5.714 r  i_sys_clk_p (IN)
                         net (fo=0)                   0.000     5.714    pll_inst/inst/clk_in1_p
    AD12                                                              r  pll_inst/inst/clkin1_ibufgds/I
    AD12                 IBUFDS (Prop_ibufds_I_O)     0.803     6.518 r  pll_inst/inst/clkin1_ibufgds/O
                         net (fo=1, routed)           1.001     7.519    pll_inst/inst/clk_in1_pll
    PLLE2_ADV_X1Y1                                                    r  pll_inst/inst/plle2_adv_inst/CLKIN1
    PLLE2_ADV_X1Y1       PLLE2_ADV (Prop_plle2_adv_CLKIN1_CLKOUT1)
                                                     -7.261     0.258 r  pll_inst/inst/plle2_adv_inst/CLKOUT1
                         net (fo=1, routed)           2.003     2.261    pll_inst/inst/clk_out2_pll
    BUFGCTRL_X0Y0                                                     r  pll_inst/inst/clkout2_buf/I
    BUFGCTRL_X0Y0        BUFG (Prop_bufg_I_O)         0.083     2.344 r  pll_inst/inst/clkout2_buf/O
                         net (fo=5999, routed)        1.321     3.665    student_top_inst/bridge_inst/clk_out2
    SLICE_X42Y107        FDRE                                         r  student_top_inst/bridge_inst/LED_reg[27]_lopt_replica/C
                         clock pessimism             -0.448     3.217    
                         clock uncertainty           -0.077     3.140    
    SLICE_X42Y107        FDRE (Setup_fdre_C_CE)      -0.178     2.962    student_top_inst/bridge_inst/LED_reg[27]_lopt_replica
  -------------------------------------------------------------------
                         required time                          2.962    
                         arrival time                          -3.816    
  -------------------------------------------------------------------
                         slack                                 -0.854    

Slack (VIOLATED) :        -0.850ns  (required time - arrival time)
  Source:                 student_top_inst/u_KLDJ_top/u_pipe_id_ex/id_ex_rs1_addr_reg[0]/C
                            (rising edge-triggered cell FDRE clocked by clk_out2_pll  {rise@0.000ns fall@2.857ns period=5.714ns})
  Destination:            student_top_inst/bridge_inst/LED_reg[11]_lopt_replica/CE
                            (rising edge-triggered cell FDRE clocked by clk_out2_pll  {rise@0.000ns fall@2.857ns period=5.714ns})
  Path Group:             clk_out2_pll
  Path Type:              Setup (Max at Slow Process Corner)
  Requirement:            5.714ns  (clk_out2_pll rise@5.714ns - clk_out2_pll rise@0.000ns)
  Data Path Delay:        6.225ns  (logic 1.379ns (22.153%)  route 4.846ns (77.847%))
  Logic Levels:           17  (CARRY4=8 LUT2=1 LUT5=4 LUT6=4)
  Clock Path Skew:        -0.061ns (DCD - SCD + CPR)
    Destination Clock Delay (DCD):    -2.048ns = ( 3.667 - 5.714 ) 
    Source Clock Delay      (SCD):    -2.434ns
    Clock Pessimism Removal (CPR):    -0.448ns
  Clock Uncertainty:      0.077ns  ((TSJ^2 + DJ^2)^1/2) / 2 + PE
    Total System Jitter     (TSJ):    0.071ns
    Discrete Jitter          (DJ):    0.137ns
    Phase Error              (PE):    0.000ns

    Location             Delay type                Incr(ns)  Path(ns)    Netlist Resource(s)
  -------------------------------------------------------------------    -------------------
                         (clock clk_out2_pll rise edge)
                                                      0.000     0.000 r  
    AD12                                              0.000     0.000 r  i_sys_clk_p (IN)
                         net (fo=0)                   0.000     0.000    pll_inst/inst/clk_in1_p
    AD12                                                              r  pll_inst/inst/clkin1_ibufgds/I
    AD12                 IBUFDS (Prop_ibufds_I_O)     0.906     0.906 r  pll_inst/inst/clkin1_ibufgds/O
                         net (fo=1, routed)           1.098     2.004    pll_inst/inst/clk_in1_pll
    PLLE2_ADV_X1Y1                                                    r  pll_inst/inst/plle2_adv_inst/CLKIN1
    PLLE2_ADV_X1Y1       PLLE2_ADV (Prop_plle2_adv_CLKIN1_CLKOUT1)
                                                     -8.058    -6.054 r  pll_inst/inst/plle2_adv_inst/CLKOUT1
                         net (fo=1, routed)           2.128    -3.926    pll_inst/inst/clk_out2_pll
    BUFGCTRL_X0Y0                                                     r  pll_inst/inst/clkout2_buf/I
    BUFGCTRL_X0Y0        BUFG (Prop_bufg_I_O)         0.093    -3.833 r  pll_inst/inst/clkout2_buf/O
                         net (fo=5999, routed)        1.399    -2.434    student_top_inst/u_KLDJ_top/u_pipe_id_ex/clk_out2
    SLICE_X83Y109        FDRE                                         r  student_top_inst/u_KLDJ_top/u_pipe_id_ex/id_ex_rs1_addr_reg[0]/C
  -------------------------------------------------------------------    -------------------
    SLICE_X83Y109        FDRE (Prop_fdre_C_Q)         0.223    -2.211 r  student_top_inst/u_KLDJ_top/u_pipe_id_ex/id_ex_rs1_addr_reg[0]/Q
                         net (fo=3, routed)           0.644    -1.567    student_top_inst/u_KLDJ_top/u_pipe_id_ex/id_ex_rs1_addr_reg[4]_0[0]
    SLICE_X82Y111                                                     r  student_top_inst/u_KLDJ_top/u_pipe_id_ex/rs1_q[31]_i_11/I0
    SLICE_X82Y111        LUT6 (Prop_lut6_I0_O)        0.043    -1.524 r  student_top_inst/u_KLDJ_top/u_pipe_id_ex/rs1_q[31]_i_11/O
                         net (fo=32, routed)          0.390    -1.134    student_top_inst/u_KLDJ_top/u_pipe_id_ex/rs1_q[31]_i_11_n_0
    SLICE_X80Y111                                                     r  student_top_inst/u_KLDJ_top/u_pipe_id_ex/rs1_q[0]_i_2/I3
    SLICE_X80Y111        LUT5 (Prop_lut5_I3_O)        0.043    -1.091 r  student_top_inst/u_KLDJ_top/u_pipe_id_ex/rs1_q[0]_i_2/O
                         net (fo=2, routed)           0.451    -0.640    student_top_inst/u_KLDJ_top/u_pipe_id_ex/rs1_q[0]_i_2_n_0
    SLICE_X84Y114                                                     r  student_top_inst/u_KLDJ_top/u_pipe_id_ex/rs1_q[0]_i_1/I2
    SLICE_X84Y114        LUT5 (Prop_lut5_I2_O)        0.043    -0.597 r  student_top_inst/u_KLDJ_top/u_pipe_id_ex/rs1_q[0]_i_1/O
                         net (fo=30, routed)          0.695     0.098    student_top_inst/u_KLDJ_top/u_pipe_id_ex/ex_data1[0]
    SLICE_X79Y106                                                     r  student_top_inst/u_KLDJ_top/u_pipe_id_ex/ex_mem_exu_res[3]_i_8/I0
    SLICE_X79Y106        LUT2 (Prop_lut2_I0_O)        0.043     0.141 r  student_top_inst/u_KLDJ_top/u_pipe_id_ex/ex_mem_exu_res[3]_i_8/O
                         net (fo=1, routed)           0.000     0.141    student_top_inst/u_KLDJ_top/u_pipe_id_ex/ex_mem_exu_res[3]_i_8_n_0
    SLICE_X79Y106                                                     r  student_top_inst/u_KLDJ_top/u_pipe_id_ex/ex_mem_exu_res_reg[3]_i_3/S[0]
    SLICE_X79Y106        CARRY4 (Prop_carry4_S[0]_CO[3])
                                                      0.259     0.400 r  student_top_inst/u_KLDJ_top/u_pipe_id_ex/ex_mem_exu_res_reg[3]_i_3/CO[3]
                         net (fo=1, routed)           0.000     0.400    student_top_inst/u_KLDJ_top/u_pipe_id_ex/ex_mem_exu_res_reg[3]_i_3_n_0
    SLICE_X79Y107                                                     r  student_top_inst/u_KLDJ_top/u_pipe_id_ex/ex_mem_exu_res_reg[7]_i_3/CI
    SLICE_X79Y107        CARRY4 (Prop_carry4_CI_CO[3])
                                                      0.053     0.453 r  student_top_inst/u_KLDJ_top/u_pipe_id_ex/ex_mem_exu_res_reg[7]_i_3/CO[3]
                         net (fo=1, routed)           0.000     0.453    student_top_inst/u_KLDJ_top/u_pipe_id_ex/ex_mem_exu_res_reg[7]_i_3_n_0
    SLICE_X79Y108                                                     r  student_top_inst/u_KLDJ_top/u_pipe_id_ex/ex_mem_exu_res_reg[11]_i_3/CI
    SLICE_X79Y108        CARRY4 (Prop_carry4_CI_CO[3])
                                                      0.053     0.506 r  student_top_inst/u_KLDJ_top/u_pipe_id_ex/ex_mem_exu_res_reg[11]_i_3/CO[3]
                         net (fo=1, routed)           0.000     0.506    student_top_inst/u_KLDJ_top/u_pipe_id_ex/ex_mem_exu_res_reg[11]_i_3_n_0
    SLICE_X79Y109                                                     r  student_top_inst/u_KLDJ_top/u_pipe_id_ex/ex_mem_exu_res_reg[15]_i_3/CI
    SLICE_X79Y109        CARRY4 (Prop_carry4_CI_CO[3])
                                                      0.053     0.559 r  student_top_inst/u_KLDJ_top/u_pipe_id_ex/ex_mem_exu_res_reg[15]_i_3/CO[3]
                         net (fo=1, routed)           0.000     0.559    student_top_inst/u_KLDJ_top/u_pipe_id_ex/ex_mem_exu_res_reg[15]_i_3_n_0
    SLICE_X79Y110                                                     r  student_top_inst/u_KLDJ_top/u_pipe_id_ex/ex_mem_exu_res_reg[19]_i_3/CI
    SLICE_X79Y110        CARRY4 (Prop_carry4_CI_CO[3])
                                                      0.053     0.612 r  student_top_inst/u_KLDJ_top/u_pipe_id_ex/ex_mem_exu_res_reg[19]_i_3/CO[3]
                         net (fo=1, routed)           0.000     0.612    student_top_inst/u_KLDJ_top/u_pipe_id_ex/ex_mem_exu_res_reg[19]_i_3_n_0
    SLICE_X79Y111                                                     r  student_top_inst/u_KLDJ_top/u_pipe_id_ex/ex_mem_exu_res_reg[23]_i_3/CI
    SLICE_X79Y111        CARRY4 (Prop_carry4_CI_CO[3])
                                                      0.053     0.665 r  student_top_inst/u_KLDJ_top/u_pipe_id_ex/ex_mem_exu_res_reg[23]_i_3/CO[3]
                         net (fo=1, routed)           0.000     0.665    student_top_inst/u_KLDJ_top/u_pipe_id_ex/ex_mem_exu_res_reg[23]_i_3_n_0
    SLICE_X79Y112                                                     r  student_top_inst/u_KLDJ_top/u_pipe_id_ex/ex_mem_exu_res_reg[27]_i_3/CI
    SLICE_X79Y112        CARRY4 (Prop_carry4_CI_CO[3])
                                                      0.053     0.718 r  student_top_inst/u_KLDJ_top/u_pipe_id_ex/ex_mem_exu_res_reg[27]_i_3/CO[3]
                         net (fo=1, routed)           0.000     0.718    student_top_inst/u_KLDJ_top/u_pipe_id_ex/ex_mem_exu_res_reg[27]_i_3_n_0
    SLICE_X79Y113                                                     r  student_top_inst/u_KLDJ_top/u_pipe_id_ex/ex_mem_exu_res_reg[31]_i_3/CI
    SLICE_X79Y113        CARRY4 (Prop_carry4_CI_O[0])
                                                      0.111     0.829 f  student_top_inst/u_KLDJ_top/u_pipe_id_ex/ex_mem_exu_res_reg[31]_i_3/O[0]
                         net (fo=2, routed)           0.528     1.357    student_top_inst/u_KLDJ_top/u_pipe_id_ex/ex_mem_exu_res_reg[31]_i_3_n_7
    SLICE_X77Y111                                                     f  student_top_inst/u_KLDJ_top/u_pipe_id_ex/bram_addr_r[15]_i_6/I1
    SLICE_X77Y111        LUT6 (Prop_lut6_I1_O)        0.124     1.481 f  student_top_inst/u_KLDJ_top/u_pipe_id_ex/bram_addr_r[15]_i_6/O
                         net (fo=1, routed)           0.350     1.830    student_top_inst/u_KLDJ_top/u_pipe_id_ex/bram_addr_r[15]_i_6_n_0
    SLICE_X77Y108                                                     f  student_top_inst/u_KLDJ_top/u_pipe_id_ex/bram_addr_r[15]_i_3/I4
    SLICE_X77Y108        LUT5 (Prop_lut5_I4_O)        0.043     1.873 f  student_top_inst/u_KLDJ_top/u_pipe_id_ex/bram_addr_r[15]_i_3/O
                         net (fo=6, routed)           0.372     2.245    student_top_inst/u_KLDJ_top/u_pipe_id_ex/bram_addr_r[15]_i_3_n_0
    SLICE_X77Y105                                                     f  student_top_inst/u_KLDJ_top/u_pipe_id_ex/rd_is_seg_q_i_3/I4
    SLICE_X77Y105        LUT5 (Prop_lut5_I4_O)        0.043     2.288 f  student_top_inst/u_KLDJ_top/u_pipe_id_ex/rd_is_seg_q_i_3/O
                         net (fo=29, routed)          0.463     2.751    student_top_inst/u_KLDJ_top/u_pipe_id_ex/bram_addr_r[15]_i_3_0
    SLICE_X64Y102                                                     f  student_top_inst/u_KLDJ_top/u_pipe_id_ex/LED[31]_i_3/I5
    SLICE_X64Y102        LUT6 (Prop_lut6_I5_O)        0.043     2.794 r  student_top_inst/u_KLDJ_top/u_pipe_id_ex/LED[31]_i_3/O
                         net (fo=3, routed)           0.208     3.003    student_top_inst/u_KLDJ_top/u_pipe_id_ex/LED[31]_i_3_n_0
    SLICE_X60Y102                                                     r  student_top_inst/u_KLDJ_top/u_pipe_id_ex/LED[31]_i_1/I0
    SLICE_X60Y102        LUT6 (Prop_lut6_I0_O)        0.043     3.046 r  student_top_inst/u_KLDJ_top/u_pipe_id_ex/LED[31]_i_1/O
                         net (fo=64, routed)          0.745     3.791    student_top_inst/bridge_inst/E[0]
    SLICE_X41Y107        FDRE                                         r  student_top_inst/bridge_inst/LED_reg[11]_lopt_replica/CE
  -------------------------------------------------------------------    -------------------

                         (clock clk_out2_pll rise edge)
                                                      5.714     5.714 r  
    AD12                                              0.000     5.714 r  i_sys_clk_p (IN)
                         net (fo=0)                   0.000     5.714    pll_inst/inst/clk_in1_p
    AD12                                                              r  pll_inst/inst/clkin1_ibufgds/I
    AD12                 IBUFDS (Prop_ibufds_I_O)     0.803     6.518 r  pll_inst/inst/clkin1_ibufgds/O
                         net (fo=1, routed)           1.001     7.519    pll_inst/inst/clk_in1_pll
    PLLE2_ADV_X1Y1                                                    r  pll_inst/inst/plle2_adv_inst/CLKIN1
    PLLE2_ADV_X1Y1       PLLE2_ADV (Prop_plle2_adv_CLKIN1_CLKOUT1)
                                                     -7.261     0.258 r  pll_inst/inst/plle2_adv_inst/CLKOUT1
                         net (fo=1, routed)           2.003     2.261    pll_inst/inst/clk_out2_pll
    BUFGCTRL_X0Y0                                                     r  pll_inst/inst/clkout2_buf/I
    BUFGCTRL_X0Y0        BUFG (Prop_bufg_I_O)         0.083     2.344 r  pll_inst/inst/clkout2_buf/O
                         net (fo=5999, routed)        1.323     3.667    student_top_inst/bridge_inst/clk_out2
    SLICE_X41Y107        FDRE                                         r  student_top_inst/bridge_inst/LED_reg[11]_lopt_replica/C
                         clock pessimism             -0.448     3.219    
                         clock uncertainty           -0.077     3.142    
    SLICE_X41Y107        FDRE (Setup_fdre_C_CE)      -0.201     2.941    student_top_inst/bridge_inst/LED_reg[11]_lopt_replica
  -------------------------------------------------------------------
                         required time                          2.941    
                         arrival time                          -3.791    
  -------------------------------------------------------------------
                         slack                                 -0.850    

Slack (VIOLATED) :        -0.850ns  (required time - arrival time)
  Source:                 student_top_inst/u_KLDJ_top/u_pipe_id_ex/id_ex_rs1_addr_reg[0]/C
                            (rising edge-triggered cell FDRE clocked by clk_out2_pll  {rise@0.000ns fall@2.857ns period=5.714ns})
  Destination:            student_top_inst/bridge_inst/LED_reg[13]_lopt_replica/CE
                            (rising edge-triggered cell FDRE clocked by clk_out2_pll  {rise@0.000ns fall@2.857ns period=5.714ns})
  Path Group:             clk_out2_pll
  Path Type:              Setup (Max at Slow Process Corner)
  Requirement:            5.714ns  (clk_out2_pll rise@5.714ns - clk_out2_pll rise@0.000ns)
  Data Path Delay:        6.225ns  (logic 1.379ns (22.153%)  route 4.846ns (77.847%))
  Logic Levels:           17  (CARRY4=8 LUT2=1 LUT5=4 LUT6=4)
  Clock Path Skew:        -0.061ns (DCD - SCD + CPR)
    Destination Clock Delay (DCD):    -2.048ns = ( 3.667 - 5.714 ) 
    Source Clock Delay      (SCD):    -2.434ns
    Clock Pessimism Removal (CPR):    -0.448ns
  Clock Uncertainty:      0.077ns  ((TSJ^2 + DJ^2)^1/2) / 2 + PE
    Total System Jitter     (TSJ):    0.071ns
    Discrete Jitter          (DJ):    0.137ns
    Phase Error              (PE):    0.000ns

    Location             Delay type                Incr(ns)  Path(ns)    Netlist Resource(s)
  -------------------------------------------------------------------    -------------------
                         (clock clk_out2_pll rise edge)
                                                      0.000     0.000 r  
    AD12                                              0.000     0.000 r  i_sys_clk_p (IN)
                         net (fo=0)                   0.000     0.000    pll_inst/inst/clk_in1_p
    AD12                                                              r  pll_inst/inst/clkin1_ibufgds/I
    AD12                 IBUFDS (Prop_ibufds_I_O)     0.906     0.906 r  pll_inst/inst/clkin1_ibufgds/O
                         net (fo=1, routed)           1.098     2.004    pll_inst/inst/clk_in1_pll
    PLLE2_ADV_X1Y1                                                    r  pll_inst/inst/plle2_adv_inst/CLKIN1
    PLLE2_ADV_X1Y1       PLLE2_ADV (Prop_plle2_adv_CLKIN1_CLKOUT1)
                                                     -8.058    -6.054 r  pll_inst/inst/plle2_adv_inst/CLKOUT1
                         net (fo=1, routed)           2.128    -3.926    pll_inst/inst/clk_out2_pll
    BUFGCTRL_X0Y0                                                     r  pll_inst/inst/clkout2_buf/I
    BUFGCTRL_X0Y0        BUFG (Prop_bufg_I_O)         0.093    -3.833 r  pll_inst/inst/clkout2_buf/O
                         net (fo=5999, routed)        1.399    -2.434    student_top_inst/u_KLDJ_top/u_pipe_id_ex/clk_out2
    SLICE_X83Y109        FDRE                                         r  student_top_inst/u_KLDJ_top/u_pipe_id_ex/id_ex_rs1_addr_reg[0]/C
  -------------------------------------------------------------------    -------------------
    SLICE_X83Y109        FDRE (Prop_fdre_C_Q)         0.223    -2.211 r  student_top_inst/u_KLDJ_top/u_pipe_id_ex/id_ex_rs1_addr_reg[0]/Q
                         net (fo=3, routed)           0.644    -1.567    student_top_inst/u_KLDJ_top/u_pipe_id_ex/id_ex_rs1_addr_reg[4]_0[0]
    SLICE_X82Y111                                                     r  student_top_inst/u_KLDJ_top/u_pipe_id_ex/rs1_q[31]_i_11/I0
    SLICE_X82Y111        LUT6 (Prop_lut6_I0_O)        0.043    -1.524 r  student_top_inst/u_KLDJ_top/u_pipe_id_ex/rs1_q[31]_i_11/O
                         net (fo=32, routed)          0.390    -1.134    student_top_inst/u_KLDJ_top/u_pipe_id_ex/rs1_q[31]_i_11_n_0
    SLICE_X80Y111                                                     r  student_top_inst/u_KLDJ_top/u_pipe_id_ex/rs1_q[0]_i_2/I3
    SLICE_X80Y111        LUT5 (Prop_lut5_I3_O)        0.043    -1.091 r  student_top_inst/u_KLDJ_top/u_pipe_id_ex/rs1_q[0]_i_2/O
                         net (fo=2, routed)           0.451    -0.640    student_top_inst/u_KLDJ_top/u_pipe_id_ex/rs1_q[0]_i_2_n_0
    SLICE_X84Y114                                                     r  student_top_inst/u_KLDJ_top/u_pipe_id_ex/rs1_q[0]_i_1/I2
    SLICE_X84Y114        LUT5 (Prop_lut5_I2_O)        0.043    -0.597 r  student_top_inst/u_KLDJ_top/u_pipe_id_ex/rs1_q[0]_i_1/O
                         net (fo=30, routed)          0.695     0.098    student_top_inst/u_KLDJ_top/u_pipe_id_ex/ex_data1[0]
    SLICE_X79Y106                                                     r  student_top_inst/u_KLDJ_top/u_pipe_id_ex/ex_mem_exu_res[3]_i_8/I0
    SLICE_X79Y106        LUT2 (Prop_lut2_I0_O)        0.043     0.141 r  student_top_inst/u_KLDJ_top/u_pipe_id_ex/ex_mem_exu_res[3]_i_8/O
                         net (fo=1, routed)           0.000     0.141    student_top_inst/u_KLDJ_top/u_pipe_id_ex/ex_mem_exu_res[3]_i_8_n_0
    SLICE_X79Y106                                                     r  student_top_inst/u_KLDJ_top/u_pipe_id_ex/ex_mem_exu_res_reg[3]_i_3/S[0]
    SLICE_X79Y106        CARRY4 (Prop_carry4_S[0]_CO[3])
                                                      0.259     0.400 r  student_top_inst/u_KLDJ_top/u_pipe_id_ex/ex_mem_exu_res_reg[3]_i_3/CO[3]
                         net (fo=1, routed)           0.000     0.400    student_top_inst/u_KLDJ_top/u_pipe_id_ex/ex_mem_exu_res_reg[3]_i_3_n_0
    SLICE_X79Y107                                                     r  student_top_inst/u_KLDJ_top/u_pipe_id_ex/ex_mem_exu_res_reg[7]_i_3/CI
    SLICE_X79Y107        CARRY4 (Prop_carry4_CI_CO[3])
                                                      0.053     0.453 r  student_top_inst/u_KLDJ_top/u_pipe_id_ex/ex_mem_exu_res_reg[7]_i_3/CO[3]
                         net (fo=1, routed)           0.000     0.453    student_top_inst/u_KLDJ_top/u_pipe_id_ex/ex_mem_exu_res_reg[7]_i_3_n_0
    SLICE_X79Y108                                                     r  student_top_inst/u_KLDJ_top/u_pipe_id_ex/ex_mem_exu_res_reg[11]_i_3/CI
    SLICE_X79Y108        CARRY4 (Prop_carry4_CI_CO[3])
                                                      0.053     0.506 r  student_top_inst/u_KLDJ_top/u_pipe_id_ex/ex_mem_exu_res_reg[11]_i_3/CO[3]
                         net (fo=1, routed)           0.000     0.506    student_top_inst/u_KLDJ_top/u_pipe_id_ex/ex_mem_exu_res_reg[11]_i_3_n_0
    SLICE_X79Y109                                                     r  student_top_inst/u_KLDJ_top/u_pipe_id_ex/ex_mem_exu_res_reg[15]_i_3/CI
    SLICE_X79Y109        CARRY4 (Prop_carry4_CI_CO[3])
                                                      0.053     0.559 r  student_top_inst/u_KLDJ_top/u_pipe_id_ex/ex_mem_exu_res_reg[15]_i_3/CO[3]
                         net (fo=1, routed)           0.000     0.559    student_top_inst/u_KLDJ_top/u_pipe_id_ex/ex_mem_exu_res_reg[15]_i_3_n_0
    SLICE_X79Y110                                                     r  student_top_inst/u_KLDJ_top/u_pipe_id_ex/ex_mem_exu_res_reg[19]_i_3/CI
    SLICE_X79Y110        CARRY4 (Prop_carry4_CI_CO[3])
                                                      0.053     0.612 r  student_top_inst/u_KLDJ_top/u_pipe_id_ex/ex_mem_exu_res_reg[19]_i_3/CO[3]
                         net (fo=1, routed)           0.000     0.612    student_top_inst/u_KLDJ_top/u_pipe_id_ex/ex_mem_exu_res_reg[19]_i_3_n_0
    SLICE_X79Y111                                                     r  student_top_inst/u_KLDJ_top/u_pipe_id_ex/ex_mem_exu_res_reg[23]_i_3/CI
    SLICE_X79Y111        CARRY4 (Prop_carry4_CI_CO[3])
                                                      0.053     0.665 r  student_top_inst/u_KLDJ_top/u_pipe_id_ex/ex_mem_exu_res_reg[23]_i_3/CO[3]
                         net (fo=1, routed)           0.000     0.665    student_top_inst/u_KLDJ_top/u_pipe_id_ex/ex_mem_exu_res_reg[23]_i_3_n_0
    SLICE_X79Y112                                                     r  student_top_inst/u_KLDJ_top/u_pipe_id_ex/ex_mem_exu_res_reg[27]_i_3/CI
    SLICE_X79Y112        CARRY4 (Prop_carry4_CI_CO[3])
                                                      0.053     0.718 r  student_top_inst/u_KLDJ_top/u_pipe_id_ex/ex_mem_exu_res_reg[27]_i_3/CO[3]
                         net (fo=1, routed)           0.000     0.718    student_top_inst/u_KLDJ_top/u_pipe_id_ex/ex_mem_exu_res_reg[27]_i_3_n_0
    SLICE_X79Y113                                                     r  student_top_inst/u_KLDJ_top/u_pipe_id_ex/ex_mem_exu_res_reg[31]_i_3/CI
    SLICE_X79Y113        CARRY4 (Prop_carry4_CI_O[0])
                                                      0.111     0.829 f  student_top_inst/u_KLDJ_top/u_pipe_id_ex/ex_mem_exu_res_reg[31]_i_3/O[0]
                         net (fo=2, routed)           0.528     1.357    student_top_inst/u_KLDJ_top/u_pipe_id_ex/ex_mem_exu_res_reg[31]_i_3_n_7
    SLICE_X77Y111                                                     f  student_top_inst/u_KLDJ_top/u_pipe_id_ex/bram_addr_r[15]_i_6/I1
    SLICE_X77Y111        LUT6 (Prop_lut6_I1_O)        0.124     1.481 f  student_top_inst/u_KLDJ_top/u_pipe_id_ex/bram_addr_r[15]_i_6/O
                         net (fo=1, routed)           0.350     1.830    student_top_inst/u_KLDJ_top/u_pipe_id_ex/bram_addr_r[15]_i_6_n_0
    SLICE_X77Y108                                                     f  student_top_inst/u_KLDJ_top/u_pipe_id_ex/bram_addr_r[15]_i_3/I4
    SLICE_X77Y108        LUT5 (Prop_lut5_I4_O)        0.043     1.873 f  student_top_inst/u_KLDJ_top/u_pipe_id_ex/bram_addr_r[15]_i_3/O
                         net (fo=6, routed)           0.372     2.245    student_top_inst/u_KLDJ_top/u_pipe_id_ex/bram_addr_r[15]_i_3_n_0
    SLICE_X77Y105                                                     f  student_top_inst/u_KLDJ_top/u_pipe_id_ex/rd_is_seg_q_i_3/I4
    SLICE_X77Y105        LUT5 (Prop_lut5_I4_O)        0.043     2.288 f  student_top_inst/u_KLDJ_top/u_pipe_id_ex/rd_is_seg_q_i_3/O
                         net (fo=29, routed)          0.463     2.751    student_top_inst/u_KLDJ_top/u_pipe_id_ex/bram_addr_r[15]_i_3_0
    SLICE_X64Y102                                                     f  student_top_inst/u_KLDJ_top/u_pipe_id_ex/LED[31]_i_3/I5
    SLICE_X64Y102        LUT6 (Prop_lut6_I5_O)        0.043     2.794 r  student_top_inst/u_KLDJ_top/u_pipe_id_ex/LED[31]_i_3/O
                         net (fo=3, routed)           0.208     3.003    student_top_inst/u_KLDJ_top/u_pipe_id_ex/LED[31]_i_3_n_0
    SLICE_X60Y102                                                     r  student_top_inst/u_KLDJ_top/u_pipe_id_ex/LED[31]_i_1/I0
    SLICE_X60Y102        LUT6 (Prop_lut6_I0_O)        0.043     3.046 r  student_top_inst/u_KLDJ_top/u_pipe_id_ex/LED[31]_i_1/O
                         net (fo=64, routed)          0.745     3.791    student_top_inst/bridge_inst/E[0]
    SLICE_X41Y107        FDRE                                         r  student_top_inst/bridge_inst/LED_reg[13]_lopt_replica/CE
  -------------------------------------------------------------------    -------------------

                         (clock clk_out2_pll rise edge)
                                                      5.714     5.714 r  
    AD12                                              0.000     5.714 r  i_sys_clk_p (IN)
                         net (fo=0)                   0.000     5.714    pll_inst/inst/clk_in1_p
    AD12                                                              r  pll_inst/inst/clkin1_ibufgds/I
    AD12                 IBUFDS (Prop_ibufds_I_O)     0.803     6.518 r  pll_inst/inst/clkin1_ibufgds/O
                         net (fo=1, routed)           1.001     7.519    pll_inst/inst/clk_in1_pll
    PLLE2_ADV_X1Y1                                                    r  pll_inst/inst/plle2_adv_inst/CLKIN1
    PLLE2_ADV_X1Y1       PLLE2_ADV (Prop_plle2_adv_CLKIN1_CLKOUT1)
                                                     -7.261     0.258 r  pll_inst/inst/plle2_adv_inst/CLKOUT1
                         net (fo=1, routed)           2.003     2.261    pll_inst/inst/clk_out2_pll
    BUFGCTRL_X0Y0                                                     r  pll_inst/inst/clkout2_buf/I
    BUFGCTRL_X0Y0        BUFG (Prop_bufg_I_O)         0.083     2.344 r  pll_inst/inst/clkout2_buf/O
                         net (fo=5999, routed)        1.323     3.667    student_top_inst/bridge_inst/clk_out2
    SLICE_X41Y107        FDRE                                         r  student_top_inst/bridge_inst/LED_reg[13]_lopt_replica/C
                         clock pessimism             -0.448     3.219    
                         clock uncertainty           -0.077     3.142    
    SLICE_X41Y107        FDRE (Setup_fdre_C_CE)      -0.201     2.941    student_top_inst/bridge_inst/LED_reg[13]_lopt_replica
  -------------------------------------------------------------------
                         required time                          2.941    
                         arrival time                          -3.791    
  -------------------------------------------------------------------
                         slack                                 -0.850    

Slack (VIOLATED) :        -0.850ns  (required time - arrival time)
  Source:                 student_top_inst/u_KLDJ_top/u_pipe_id_ex/id_ex_rs1_addr_reg[0]/C
                            (rising edge-triggered cell FDRE clocked by clk_out2_pll  {rise@0.000ns fall@2.857ns period=5.714ns})
  Destination:            student_top_inst/bridge_inst/LED_reg[16]_lopt_replica/CE
                            (rising edge-triggered cell FDRE clocked by clk_out2_pll  {rise@0.000ns fall@2.857ns period=5.714ns})
  Path Group:             clk_out2_pll
  Path Type:              Setup (Max at Slow Process Corner)
  Requirement:            5.714ns  (clk_out2_pll rise@5.714ns - clk_out2_pll rise@0.000ns)
  Data Path Delay:        6.225ns  (logic 1.379ns (22.153%)  route 4.846ns (77.847%))
  Logic Levels:           17  (CARRY4=8 LUT2=1 LUT5=4 LUT6=4)
  Clock Path Skew:        -0.061ns (DCD - SCD + CPR)
    Destination Clock Delay (DCD):    -2.048ns = ( 3.667 - 5.714 ) 
    Source Clock Delay      (SCD):    -2.434ns
    Clock Pessimism Removal (CPR):    -0.448ns
  Clock Uncertainty:      0.077ns  ((TSJ^2 + DJ^2)^1/2) / 2 + PE
    Total System Jitter     (TSJ):    0.071ns
    Discrete Jitter          (DJ):    0.137ns
    Phase Error              (PE):    0.000ns

    Location             Delay type                Incr(ns)  Path(ns)    Netlist Resource(s)
  -------------------------------------------------------------------    -------------------
                         (clock clk_out2_pll rise edge)
                                                      0.000     0.000 r  
    AD12                                              0.000     0.000 r  i_sys_clk_p (IN)
                         net (fo=0)                   0.000     0.000    pll_inst/inst/clk_in1_p
    AD12                                                              r  pll_inst/inst/clkin1_ibufgds/I
    AD12                 IBUFDS (Prop_ibufds_I_O)     0.906     0.906 r  pll_inst/inst/clkin1_ibufgds/O
                         net (fo=1, routed)           1.098     2.004    pll_inst/inst/clk_in1_pll
    PLLE2_ADV_X1Y1                                                    r  pll_inst/inst/plle2_adv_inst/CLKIN1
    PLLE2_ADV_X1Y1       PLLE2_ADV (Prop_plle2_adv_CLKIN1_CLKOUT1)
                                                     -8.058    -6.054 r  pll_inst/inst/plle2_adv_inst/CLKOUT1
                         net (fo=1, routed)           2.128    -3.926    pll_inst/inst/clk_out2_pll
    BUFGCTRL_X0Y0                                                     r  pll_inst/inst/clkout2_buf/I
    BUFGCTRL_X0Y0        BUFG (Prop_bufg_I_O)         0.093    -3.833 r  pll_inst/inst/clkout2_buf/O
                         net (fo=5999, routed)        1.399    -2.434    student_top_inst/u_KLDJ_top/u_pipe_id_ex/clk_out2
    SLICE_X83Y109        FDRE                                         r  student_top_inst/u_KLDJ_top/u_pipe_id_ex/id_ex_rs1_addr_reg[0]/C
  -------------------------------------------------------------------    -------------------
    SLICE_X83Y109        FDRE (Prop_fdre_C_Q)         0.223    -2.211 r  student_top_inst/u_KLDJ_top/u_pipe_id_ex/id_ex_rs1_addr_reg[0]/Q
                         net (fo=3, routed)           0.644    -1.567    student_top_inst/u_KLDJ_top/u_pipe_id_ex/id_ex_rs1_addr_reg[4]_0[0]
    SLICE_X82Y111                                                     r  student_top_inst/u_KLDJ_top/u_pipe_id_ex/rs1_q[31]_i_11/I0
    SLICE_X82Y111        LUT6 (Prop_lut6_I0_O)        0.043    -1.524 r  student_top_inst/u_KLDJ_top/u_pipe_id_ex/rs1_q[31]_i_11/O
                         net (fo=32, routed)          0.390    -1.134    student_top_inst/u_KLDJ_top/u_pipe_id_ex/rs1_q[31]_i_11_n_0
    SLICE_X80Y111                                                     r  student_top_inst/u_KLDJ_top/u_pipe_id_ex/rs1_q[0]_i_2/I3
    SLICE_X80Y111        LUT5 (Prop_lut5_I3_O)        0.043    -1.091 r  student_top_inst/u_KLDJ_top/u_pipe_id_ex/rs1_q[0]_i_2/O
                         net (fo=2, routed)           0.451    -0.640    student_top_inst/u_KLDJ_top/u_pipe_id_ex/rs1_q[0]_i_2_n_0
    SLICE_X84Y114                                                     r  student_top_inst/u_KLDJ_top/u_pipe_id_ex/rs1_q[0]_i_1/I2
    SLICE_X84Y114        LUT5 (Prop_lut5_I2_O)        0.043    -0.597 r  student_top_inst/u_KLDJ_top/u_pipe_id_ex/rs1_q[0]_i_1/O
                         net (fo=30, routed)          0.695     0.098    student_top_inst/u_KLDJ_top/u_pipe_id_ex/ex_data1[0]
    SLICE_X79Y106                                                     r  student_top_inst/u_KLDJ_top/u_pipe_id_ex/ex_mem_exu_res[3]_i_8/I0
    SLICE_X79Y106        LUT2 (Prop_lut2_I0_O)        0.043     0.141 r  student_top_inst/u_KLDJ_top/u_pipe_id_ex/ex_mem_exu_res[3]_i_8/O
                         net (fo=1, routed)           0.000     0.141    student_top_inst/u_KLDJ_top/u_pipe_id_ex/ex_mem_exu_res[3]_i_8_n_0
    SLICE_X79Y106                                                     r  student_top_inst/u_KLDJ_top/u_pipe_id_ex/ex_mem_exu_res_reg[3]_i_3/S[0]
    SLICE_X79Y106        CARRY4 (Prop_carry4_S[0]_CO[3])
                                                      0.259     0.400 r  student_top_inst/u_KLDJ_top/u_pipe_id_ex/ex_mem_exu_res_reg[3]_i_3/CO[3]
                         net (fo=1, routed)           0.000     0.400    student_top_inst/u_KLDJ_top/u_pipe_id_ex/ex_mem_exu_res_reg[3]_i_3_n_0
    SLICE_X79Y107                                                     r  student_top_inst/u_KLDJ_top/u_pipe_id_ex/ex_mem_exu_res_reg[7]_i_3/CI
    SLICE_X79Y107        CARRY4 (Prop_carry4_CI_CO[3])
                                                      0.053     0.453 r  student_top_inst/u_KLDJ_top/u_pipe_id_ex/ex_mem_exu_res_reg[7]_i_3/CO[3]
                         net (fo=1, routed)           0.000     0.453    student_top_inst/u_KLDJ_top/u_pipe_id_ex/ex_mem_exu_res_reg[7]_i_3_n_0
    SLICE_X79Y108                                                     r  student_top_inst/u_KLDJ_top/u_pipe_id_ex/ex_mem_exu_res_reg[11]_i_3/CI
    SLICE_X79Y108        CARRY4 (Prop_carry4_CI_CO[3])
                                                      0.053     0.506 r  student_top_inst/u_KLDJ_top/u_pipe_id_ex/ex_mem_exu_res_reg[11]_i_3/CO[3]
                         net (fo=1, routed)           0.000     0.506    student_top_inst/u_KLDJ_top/u_pipe_id_ex/ex_mem_exu_res_reg[11]_i_3_n_0
    SLICE_X79Y109                                                     r  student_top_inst/u_KLDJ_top/u_pipe_id_ex/ex_mem_exu_res_reg[15]_i_3/CI
    SLICE_X79Y109        CARRY4 (Prop_carry4_CI_CO[3])
                                                      0.053     0.559 r  student_top_inst/u_KLDJ_top/u_pipe_id_ex/ex_mem_exu_res_reg[15]_i_3/CO[3]
                         net (fo=1, routed)           0.000     0.559    student_top_inst/u_KLDJ_top/u_pipe_id_ex/ex_mem_exu_res_reg[15]_i_3_n_0
    SLICE_X79Y110                                                     r  student_top_inst/u_KLDJ_top/u_pipe_id_ex/ex_mem_exu_res_reg[19]_i_3/CI
    SLICE_X79Y110        CARRY4 (Prop_carry4_CI_CO[3])
                                                      0.053     0.612 r  student_top_inst/u_KLDJ_top/u_pipe_id_ex/ex_mem_exu_res_reg[19]_i_3/CO[3]
                         net (fo=1, routed)           0.000     0.612    student_top_inst/u_KLDJ_top/u_pipe_id_ex/ex_mem_exu_res_reg[19]_i_3_n_0
    SLICE_X79Y111                                                     r  student_top_inst/u_KLDJ_top/u_pipe_id_ex/ex_mem_exu_res_reg[23]_i_3/CI
    SLICE_X79Y111        CARRY4 (Prop_carry4_CI_CO[3])
                                                      0.053     0.665 r  student_top_inst/u_KLDJ_top/u_pipe_id_ex/ex_mem_exu_res_reg[23]_i_3/CO[3]
                         net (fo=1, routed)           0.000     0.665    student_top_inst/u_KLDJ_top/u_pipe_id_ex/ex_mem_exu_res_reg[23]_i_3_n_0
    SLICE_X79Y112                                                     r  student_top_inst/u_KLDJ_top/u_pipe_id_ex/ex_mem_exu_res_reg[27]_i_3/CI
    SLICE_X79Y112        CARRY4 (Prop_carry4_CI_CO[3])
                                                      0.053     0.718 r  student_top_inst/u_KLDJ_top/u_pipe_id_ex/ex_mem_exu_res_reg[27]_i_3/CO[3]
                         net (fo=1, routed)           0.000     0.718    student_top_inst/u_KLDJ_top/u_pipe_id_ex/ex_mem_exu_res_reg[27]_i_3_n_0
    SLICE_X79Y113                                                     r  student_top_inst/u_KLDJ_top/u_pipe_id_ex/ex_mem_exu_res_reg[31]_i_3/CI
    SLICE_X79Y113        CARRY4 (Prop_carry4_CI_O[0])
                                                      0.111     0.829 f  student_top_inst/u_KLDJ_top/u_pipe_id_ex/ex_mem_exu_res_reg[31]_i_3/O[0]
                         net (fo=2, routed)           0.528     1.357    student_top_inst/u_KLDJ_top/u_pipe_id_ex/ex_mem_exu_res_reg[31]_i_3_n_7
    SLICE_X77Y111                                                     f  student_top_inst/u_KLDJ_top/u_pipe_id_ex/bram_addr_r[15]_i_6/I1
    SLICE_X77Y111        LUT6 (Prop_lut6_I1_O)        0.124     1.481 f  student_top_inst/u_KLDJ_top/u_pipe_id_ex/bram_addr_r[15]_i_6/O
                         net (fo=1, routed)           0.350     1.830    student_top_inst/u_KLDJ_top/u_pipe_id_ex/bram_addr_r[15]_i_6_n_0
    SLICE_X77Y108                                                     f  student_top_inst/u_KLDJ_top/u_pipe_id_ex/bram_addr_r[15]_i_3/I4
    SLICE_X77Y108        LUT5 (Prop_lut5_I4_O)        0.043     1.873 f  student_top_inst/u_KLDJ_top/u_pipe_id_ex/bram_addr_r[15]_i_3/O
                         net (fo=6, routed)           0.372     2.245    student_top_inst/u_KLDJ_top/u_pipe_id_ex/bram_addr_r[15]_i_3_n_0
    SLICE_X77Y105                                                     f  student_top_inst/u_KLDJ_top/u_pipe_id_ex/rd_is_seg_q_i_3/I4
    SLICE_X77Y105        LUT5 (Prop_lut5_I4_O)        0.043     2.288 f  student_top_inst/u_KLDJ_top/u_pipe_id_ex/rd_is_seg_q_i_3/O
                         net (fo=29, routed)          0.463     2.751    student_top_inst/u_KLDJ_top/u_pipe_id_ex/bram_addr_r[15]_i_3_0
    SLICE_X64Y102                                                     f  student_top_inst/u_KLDJ_top/u_pipe_id_ex/LED[31]_i_3/I5
    SLICE_X64Y102        LUT6 (Prop_lut6_I5_O)        0.043     2.794 r  student_top_inst/u_KLDJ_top/u_pipe_id_ex/LED[31]_i_3/O
                         net (fo=3, routed)           0.208     3.003    student_top_inst/u_KLDJ_top/u_pipe_id_ex/LED[31]_i_3_n_0
    SLICE_X60Y102                                                     r  student_top_inst/u_KLDJ_top/u_pipe_id_ex/LED[31]_i_1/I0
    SLICE_X60Y102        LUT6 (Prop_lut6_I0_O)        0.043     3.046 r  student_top_inst/u_KLDJ_top/u_pipe_id_ex/LED[31]_i_1/O
                         net (fo=64, routed)          0.745     3.791    student_top_inst/bridge_inst/E[0]
    SLICE_X41Y107        FDRE                                         r  student_top_inst/bridge_inst/LED_reg[16]_lopt_replica/CE
  -------------------------------------------------------------------    -------------------

                         (clock clk_out2_pll rise edge)
                                                      5.714     5.714 r  
    AD12                                              0.000     5.714 r  i_sys_clk_p (IN)
                         net (fo=0)                   0.000     5.714    pll_inst/inst/clk_in1_p
    AD12                                                              r  pll_inst/inst/clkin1_ibufgds/I
    AD12                 IBUFDS (Prop_ibufds_I_O)     0.803     6.518 r  pll_inst/inst/clkin1_ibufgds/O
                         net (fo=1, routed)           1.001     7.519    pll_inst/inst/clk_in1_pll
    PLLE2_ADV_X1Y1                                                    r  pll_inst/inst/plle2_adv_inst/CLKIN1
    PLLE2_ADV_X1Y1       PLLE2_ADV (Prop_plle2_adv_CLKIN1_CLKOUT1)
                                                     -7.261     0.258 r  pll_inst/inst/plle2_adv_inst/CLKOUT1
                         net (fo=1, routed)           2.003     2.261    pll_inst/inst/clk_out2_pll
    BUFGCTRL_X0Y0                                                     r  pll_inst/inst/clkout2_buf/I
    BUFGCTRL_X0Y0        BUFG (Prop_bufg_I_O)         0.083     2.344 r  pll_inst/inst/clkout2_buf/O
                         net (fo=5999, routed)        1.323     3.667    student_top_inst/bridge_inst/clk_out2
    SLICE_X41Y107        FDRE                                         r  student_top_inst/bridge_inst/LED_reg[16]_lopt_replica/C
                         clock pessimism             -0.448     3.219    
                         clock uncertainty           -0.077     3.142    
    SLICE_X41Y107        FDRE (Setup_fdre_C_CE)      -0.201     2.941    student_top_inst/bridge_inst/LED_reg[16]_lopt_replica
  -------------------------------------------------------------------
                         required time                          2.941    
                         arrival time                          -3.791    
  -------------------------------------------------------------------
                         slack                                 -0.850    

Slack (VIOLATED) :        -0.850ns  (required time - arrival time)
  Source:                 student_top_inst/u_KLDJ_top/u_pipe_id_ex/id_ex_rs1_addr_reg[0]/C
                            (rising edge-triggered cell FDRE clocked by clk_out2_pll  {rise@0.000ns fall@2.857ns period=5.714ns})
  Destination:            student_top_inst/bridge_inst/LED_reg[22]_lopt_replica/CE
                            (rising edge-triggered cell FDRE clocked by clk_out2_pll  {rise@0.000ns fall@2.857ns period=5.714ns})
  Path Group:             clk_out2_pll
  Path Type:              Setup (Max at Slow Process Corner)
  Requirement:            5.714ns  (clk_out2_pll rise@5.714ns - clk_out2_pll rise@0.000ns)
  Data Path Delay:        6.225ns  (logic 1.379ns (22.153%)  route 4.846ns (77.847%))
  Logic Levels:           17  (CARRY4=8 LUT2=1 LUT5=4 LUT6=4)
  Clock Path Skew:        -0.061ns (DCD - SCD + CPR)
    Destination Clock Delay (DCD):    -2.048ns = ( 3.667 - 5.714 ) 
    Source Clock Delay      (SCD):    -2.434ns
    Clock Pessimism Removal (CPR):    -0.448ns
  Clock Uncertainty:      0.077ns  ((TSJ^2 + DJ^2)^1/2) / 2 + PE
    Total System Jitter     (TSJ):    0.071ns
    Discrete Jitter          (DJ):    0.137ns
    Phase Error              (PE):    0.000ns

    Location             Delay type                Incr(ns)  Path(ns)    Netlist Resource(s)
  -------------------------------------------------------------------    -------------------
                         (clock clk_out2_pll rise edge)
                                                      0.000     0.000 r  
    AD12                                              0.000     0.000 r  i_sys_clk_p (IN)
                         net (fo=0)                   0.000     0.000    pll_inst/inst/clk_in1_p
    AD12                                                              r  pll_inst/inst/clkin1_ibufgds/I
    AD12                 IBUFDS (Prop_ibufds_I_O)     0.906     0.906 r  pll_inst/inst/clkin1_ibufgds/O
                         net (fo=1, routed)           1.098     2.004    pll_inst/inst/clk_in1_pll
    PLLE2_ADV_X1Y1                                                    r  pll_inst/inst/plle2_adv_inst/CLKIN1
    PLLE2_ADV_X1Y1       PLLE2_ADV (Prop_plle2_adv_CLKIN1_CLKOUT1)
                                                     -8.058    -6.054 r  pll_inst/inst/plle2_adv_inst/CLKOUT1
                         net (fo=1, routed)           2.128    -3.926    pll_inst/inst/clk_out2_pll
    BUFGCTRL_X0Y0                                                     r  pll_inst/inst/clkout2_buf/I
    BUFGCTRL_X0Y0        BUFG (Prop_bufg_I_O)         0.093    -3.833 r  pll_inst/inst/clkout2_buf/O
                         net (fo=5999, routed)        1.399    -2.434    student_top_inst/u_KLDJ_top/u_pipe_id_ex/clk_out2
    SLICE_X83Y109        FDRE                                         r  student_top_inst/u_KLDJ_top/u_pipe_id_ex/id_ex_rs1_addr_reg[0]/C
  -------------------------------------------------------------------    -------------------
    SLICE_X83Y109        FDRE (Prop_fdre_C_Q)         0.223    -2.211 r  student_top_inst/u_KLDJ_top/u_pipe_id_ex/id_ex_rs1_addr_reg[0]/Q
                         net (fo=3, routed)           0.644    -1.567    student_top_inst/u_KLDJ_top/u_pipe_id_ex/id_ex_rs1_addr_reg[4]_0[0]
    SLICE_X82Y111                                                     r  student_top_inst/u_KLDJ_top/u_pipe_id_ex/rs1_q[31]_i_11/I0
    SLICE_X82Y111        LUT6 (Prop_lut6_I0_O)        0.043    -1.524 r  student_top_inst/u_KLDJ_top/u_pipe_id_ex/rs1_q[31]_i_11/O
                         net (fo=32, routed)          0.390    -1.134    student_top_inst/u_KLDJ_top/u_pipe_id_ex/rs1_q[31]_i_11_n_0
    SLICE_X80Y111                                                     r  student_top_inst/u_KLDJ_top/u_pipe_id_ex/rs1_q[0]_i_2/I3
    SLICE_X80Y111        LUT5 (Prop_lut5_I3_O)        0.043    -1.091 r  student_top_inst/u_KLDJ_top/u_pipe_id_ex/rs1_q[0]_i_2/O
                         net (fo=2, routed)           0.451    -0.640    student_top_inst/u_KLDJ_top/u_pipe_id_ex/rs1_q[0]_i_2_n_0
    SLICE_X84Y114                                                     r  student_top_inst/u_KLDJ_top/u_pipe_id_ex/rs1_q[0]_i_1/I2
    SLICE_X84Y114        LUT5 (Prop_lut5_I2_O)        0.043    -0.597 r  student_top_inst/u_KLDJ_top/u_pipe_id_ex/rs1_q[0]_i_1/O
                         net (fo=30, routed)          0.695     0.098    student_top_inst/u_KLDJ_top/u_pipe_id_ex/ex_data1[0]
    SLICE_X79Y106                                                     r  student_top_inst/u_KLDJ_top/u_pipe_id_ex/ex_mem_exu_res[3]_i_8/I0
    SLICE_X79Y106        LUT2 (Prop_lut2_I0_O)        0.043     0.141 r  student_top_inst/u_KLDJ_top/u_pipe_id_ex/ex_mem_exu_res[3]_i_8/O
                         net (fo=1, routed)           0.000     0.141    student_top_inst/u_KLDJ_top/u_pipe_id_ex/ex_mem_exu_res[3]_i_8_n_0
    SLICE_X79Y106                                                     r  student_top_inst/u_KLDJ_top/u_pipe_id_ex/ex_mem_exu_res_reg[3]_i_3/S[0]
    SLICE_X79Y106        CARRY4 (Prop_carry4_S[0]_CO[3])
                                                      0.259     0.400 r  student_top_inst/u_KLDJ_top/u_pipe_id_ex/ex_mem_exu_res_reg[3]_i_3/CO[3]
                         net (fo=1, routed)           0.000     0.400    student_top_inst/u_KLDJ_top/u_pipe_id_ex/ex_mem_exu_res_reg[3]_i_3_n_0
    SLICE_X79Y107                                                     r  student_top_inst/u_KLDJ_top/u_pipe_id_ex/ex_mem_exu_res_reg[7]_i_3/CI
    SLICE_X79Y107        CARRY4 (Prop_carry4_CI_CO[3])
                                                      0.053     0.453 r  student_top_inst/u_KLDJ_top/u_pipe_id_ex/ex_mem_exu_res_reg[7]_i_3/CO[3]
                         net (fo=1, routed)           0.000     0.453    student_top_inst/u_KLDJ_top/u_pipe_id_ex/ex_mem_exu_res_reg[7]_i_3_n_0
    SLICE_X79Y108                                                     r  student_top_inst/u_KLDJ_top/u_pipe_id_ex/ex_mem_exu_res_reg[11]_i_3/CI
    SLICE_X79Y108        CARRY4 (Prop_carry4_CI_CO[3])
                                                      0.053     0.506 r  student_top_inst/u_KLDJ_top/u_pipe_id_ex/ex_mem_exu_res_reg[11]_i_3/CO[3]
                         net (fo=1, routed)           0.000     0.506    student_top_inst/u_KLDJ_top/u_pipe_id_ex/ex_mem_exu_res_reg[11]_i_3_n_0
    SLICE_X79Y109                                                     r  student_top_inst/u_KLDJ_top/u_pipe_id_ex/ex_mem_exu_res_reg[15]_i_3/CI
    SLICE_X79Y109        CARRY4 (Prop_carry4_CI_CO[3])
                                                      0.053     0.559 r  student_top_inst/u_KLDJ_top/u_pipe_id_ex/ex_mem_exu_res_reg[15]_i_3/CO[3]
                         net (fo=1, routed)           0.000     0.559    student_top_inst/u_KLDJ_top/u_pipe_id_ex/ex_mem_exu_res_reg[15]_i_3_n_0
    SLICE_X79Y110                                                     r  student_top_inst/u_KLDJ_top/u_pipe_id_ex/ex_mem_exu_res_reg[19]_i_3/CI
    SLICE_X79Y110        CARRY4 (Prop_carry4_CI_CO[3])
                                                      0.053     0.612 r  student_top_inst/u_KLDJ_top/u_pipe_id_ex/ex_mem_exu_res_reg[19]_i_3/CO[3]
                         net (fo=1, routed)           0.000     0.612    student_top_inst/u_KLDJ_top/u_pipe_id_ex/ex_mem_exu_res_reg[19]_i_3_n_0
    SLICE_X79Y111                                                     r  student_top_inst/u_KLDJ_top/u_pipe_id_ex/ex_mem_exu_res_reg[23]_i_3/CI
    SLICE_X79Y111        CARRY4 (Prop_carry4_CI_CO[3])
                                                      0.053     0.665 r  student_top_inst/u_KLDJ_top/u_pipe_id_ex/ex_mem_exu_res_reg[23]_i_3/CO[3]
                         net (fo=1, routed)           0.000     0.665    student_top_inst/u_KLDJ_top/u_pipe_id_ex/ex_mem_exu_res_reg[23]_i_3_n_0
    SLICE_X79Y112                                                     r  student_top_inst/u_KLDJ_top/u_pipe_id_ex/ex_mem_exu_res_reg[27]_i_3/CI
    SLICE_X79Y112        CARRY4 (Prop_carry4_CI_CO[3])
                                                      0.053     0.718 r  student_top_inst/u_KLDJ_top/u_pipe_id_ex/ex_mem_exu_res_reg[27]_i_3/CO[3]
                         net (fo=1, routed)           0.000     0.718    student_top_inst/u_KLDJ_top/u_pipe_id_ex/ex_mem_exu_res_reg[27]_i_3_n_0
    SLICE_X79Y113                                                     r  student_top_inst/u_KLDJ_top/u_pipe_id_ex/ex_mem_exu_res_reg[31]_i_3/CI
    SLICE_X79Y113        CARRY4 (Prop_carry4_CI_O[0])
                                                      0.111     0.829 f  student_top_inst/u_KLDJ_top/u_pipe_id_ex/ex_mem_exu_res_reg[31]_i_3/O[0]
                         net (fo=2, routed)           0.528     1.357    student_top_inst/u_KLDJ_top/u_pipe_id_ex/ex_mem_exu_res_reg[31]_i_3_n_7
    SLICE_X77Y111                                                     f  student_top_inst/u_KLDJ_top/u_pipe_id_ex/bram_addr_r[15]_i_6/I1
    SLICE_X77Y111        LUT6 (Prop_lut6_I1_O)        0.124     1.481 f  student_top_inst/u_KLDJ_top/u_pipe_id_ex/bram_addr_r[15]_i_6/O
                         net (fo=1, routed)           0.350     1.830    student_top_inst/u_KLDJ_top/u_pipe_id_ex/bram_addr_r[15]_i_6_n_0
    SLICE_X77Y108                                                     f  student_top_inst/u_KLDJ_top/u_pipe_id_ex/bram_addr_r[15]_i_3/I4
    SLICE_X77Y108        LUT5 (Prop_lut5_I4_O)        0.043     1.873 f  student_top_inst/u_KLDJ_top/u_pipe_id_ex/bram_addr_r[15]_i_3/O
                         net (fo=6, routed)           0.372     2.245    student_top_inst/u_KLDJ_top/u_pipe_id_ex/bram_addr_r[15]_i_3_n_0
    SLICE_X77Y105                                                     f  student_top_inst/u_KLDJ_top/u_pipe_id_ex/rd_is_seg_q_i_3/I4
    SLICE_X77Y105        LUT5 (Prop_lut5_I4_O)        0.043     2.288 f  student_top_inst/u_KLDJ_top/u_pipe_id_ex/rd_is_seg_q_i_3/O
                         net (fo=29, routed)          0.463     2.751    student_top_inst/u_KLDJ_top/u_pipe_id_ex/bram_addr_r[15]_i_3_0
    SLICE_X64Y102                                                     f  student_top_inst/u_KLDJ_top/u_pipe_id_ex/LED[31]_i_3/I5
    SLICE_X64Y102        LUT6 (Prop_lut6_I5_O)        0.043     2.794 r  student_top_inst/u_KLDJ_top/u_pipe_id_ex/LED[31]_i_3/O
                         net (fo=3, routed)           0.208     3.003    student_top_inst/u_KLDJ_top/u_pipe_id_ex/LED[31]_i_3_n_0
    SLICE_X60Y102                                                     r  student_top_inst/u_KLDJ_top/u_pipe_id_ex/LED[31]_i_1/I0
    SLICE_X60Y102        LUT6 (Prop_lut6_I0_O)        0.043     3.046 r  student_top_inst/u_KLDJ_top/u_pipe_id_ex/LED[31]_i_1/O
                         net (fo=64, routed)          0.745     3.791    student_top_inst/bridge_inst/E[0]
    SLICE_X41Y107        FDRE                                         r  student_top_inst/bridge_inst/LED_reg[22]_lopt_replica/CE
  -------------------------------------------------------------------    -------------------

                         (clock clk_out2_pll rise edge)
                                                      5.714     5.714 r  
    AD12                                              0.000     5.714 r  i_sys_clk_p (IN)
                         net (fo=0)                   0.000     5.714    pll_inst/inst/clk_in1_p
    AD12                                                              r  pll_inst/inst/clkin1_ibufgds/I
    AD12                 IBUFDS (Prop_ibufds_I_O)     0.803     6.518 r  pll_inst/inst/clkin1_ibufgds/O
                         net (fo=1, routed)           1.001     7.519    pll_inst/inst/clk_in1_pll
    PLLE2_ADV_X1Y1                                                    r  pll_inst/inst/plle2_adv_inst/CLKIN1
    PLLE2_ADV_X1Y1       PLLE2_ADV (Prop_plle2_adv_CLKIN1_CLKOUT1)
                                                     -7.261     0.258 r  pll_inst/inst/plle2_adv_inst/CLKOUT1
                         net (fo=1, routed)           2.003     2.261    pll_inst/inst/clk_out2_pll
    BUFGCTRL_X0Y0                                                     r  pll_inst/inst/clkout2_buf/I
    BUFGCTRL_X0Y0        BUFG (Prop_bufg_I_O)         0.083     2.344 r  pll_inst/inst/clkout2_buf/O
                         net (fo=5999, routed)        1.323     3.667    student_top_inst/bridge_inst/clk_out2
    SLICE_X41Y107        FDRE                                         r  student_top_inst/bridge_inst/LED_reg[22]_lopt_replica/C
                         clock pessimism             -0.448     3.219    
                         clock uncertainty           -0.077     3.142    
    SLICE_X41Y107        FDRE (Setup_fdre_C_CE)      -0.201     2.941    student_top_inst/bridge_inst/LED_reg[22]_lopt_replica
  -------------------------------------------------------------------
                         required time                          2.941    
                         arrival time                          -3.791    
  -------------------------------------------------------------------
                         slack                                 -0.850    

Slack (VIOLATED) :        -0.846ns  (required time - arrival time)
  Source:                 student_top_inst/u_KLDJ_top/u_pipe_id_ex/id_ex_rs1_addr_reg[0]/C
                            (rising edge-triggered cell FDRE clocked by clk_out2_pll  {rise@0.000ns fall@2.857ns period=5.714ns})
  Destination:            student_top_inst/bridge_inst/LED_reg[2]_lopt_replica/CE
                            (rising edge-triggered cell FDRE clocked by clk_out2_pll  {rise@0.000ns fall@2.857ns period=5.714ns})
  Path Group:             clk_out2_pll
  Path Type:              Setup (Max at Slow Process Corner)
  Requirement:            5.714ns  (clk_out2_pll rise@5.714ns - clk_out2_pll rise@0.000ns)
  Data Path Delay:        6.223ns  (logic 1.379ns (22.160%)  route 4.844ns (77.840%))
  Logic Levels:           17  (CARRY4=8 LUT2=1 LUT5=4 LUT6=4)
  Clock Path Skew:        -0.060ns (DCD - SCD + CPR)
    Destination Clock Delay (DCD):    -2.047ns = ( 3.668 - 5.714 ) 
    Source Clock Delay      (SCD):    -2.434ns
    Clock Pessimism Removal (CPR):    -0.448ns
  Clock Uncertainty:      0.077ns  ((TSJ^2 + DJ^2)^1/2) / 2 + PE
    Total System Jitter     (TSJ):    0.071ns
    Discrete Jitter          (DJ):    0.137ns
    Phase Error              (PE):    0.000ns

    Location             Delay type                Incr(ns)  Path(ns)    Netlist Resource(s)
  -------------------------------------------------------------------    -------------------
                         (clock clk_out2_pll rise edge)
                                                      0.000     0.000 r  
    AD12                                              0.000     0.000 r  i_sys_clk_p (IN)
                         net (fo=0)                   0.000     0.000    pll_inst/inst/clk_in1_p
    AD12                                                              r  pll_inst/inst/clkin1_ibufgds/I
    AD12                 IBUFDS (Prop_ibufds_I_O)     0.906     0.906 r  pll_inst/inst/clkin1_ibufgds/O
                         net (fo=1, routed)           1.098     2.004    pll_inst/inst/clk_in1_pll
    PLLE2_ADV_X1Y1                                                    r  pll_inst/inst/plle2_adv_inst/CLKIN1
    PLLE2_ADV_X1Y1       PLLE2_ADV (Prop_plle2_adv_CLKIN1_CLKOUT1)
                                                     -8.058    -6.054 r  pll_inst/inst/plle2_adv_inst/CLKOUT1
                         net (fo=1, routed)           2.128    -3.926    pll_inst/inst/clk_out2_pll
    BUFGCTRL_X0Y0                                                     r  pll_inst/inst/clkout2_buf/I
    BUFGCTRL_X0Y0        BUFG (Prop_bufg_I_O)         0.093    -3.833 r  pll_inst/inst/clkout2_buf/O
                         net (fo=5999, routed)        1.399    -2.434    student_top_inst/u_KLDJ_top/u_pipe_id_ex/clk_out2
    SLICE_X83Y109        FDRE                                         r  student_top_inst/u_KLDJ_top/u_pipe_id_ex/id_ex_rs1_addr_reg[0]/C
  -------------------------------------------------------------------    -------------------
    SLICE_X83Y109        FDRE (Prop_fdre_C_Q)         0.223    -2.211 r  student_top_inst/u_KLDJ_top/u_pipe_id_ex/id_ex_rs1_addr_reg[0]/Q
                         net (fo=3, routed)           0.644    -1.567    student_top_inst/u_KLDJ_top/u_pipe_id_ex/id_ex_rs1_addr_reg[4]_0[0]
    SLICE_X82Y111                                                     r  student_top_inst/u_KLDJ_top/u_pipe_id_ex/rs1_q[31]_i_11/I0
    SLICE_X82Y111        LUT6 (Prop_lut6_I0_O)        0.043    -1.524 r  student_top_inst/u_KLDJ_top/u_pipe_id_ex/rs1_q[31]_i_11/O
                         net (fo=32, routed)          0.390    -1.134    student_top_inst/u_KLDJ_top/u_pipe_id_ex/rs1_q[31]_i_11_n_0
    SLICE_X80Y111                                                     r  student_top_inst/u_KLDJ_top/u_pipe_id_ex/rs1_q[0]_i_2/I3
    SLICE_X80Y111        LUT5 (Prop_lut5_I3_O)        0.043    -1.091 r  student_top_inst/u_KLDJ_top/u_pipe_id_ex/rs1_q[0]_i_2/O
                         net (fo=2, routed)           0.451    -0.640    student_top_inst/u_KLDJ_top/u_pipe_id_ex/rs1_q[0]_i_2_n_0
    SLICE_X84Y114                                                     r  student_top_inst/u_KLDJ_top/u_pipe_id_ex/rs1_q[0]_i_1/I2
    SLICE_X84Y114        LUT5 (Prop_lut5_I2_O)        0.043    -0.597 r  student_top_inst/u_KLDJ_top/u_pipe_id_ex/rs1_q[0]_i_1/O
                         net (fo=30, routed)          0.695     0.098    student_top_inst/u_KLDJ_top/u_pipe_id_ex/ex_data1[0]
    SLICE_X79Y106                                                     r  student_top_inst/u_KLDJ_top/u_pipe_id_ex/ex_mem_exu_res[3]_i_8/I0
    SLICE_X79Y106        LUT2 (Prop_lut2_I0_O)        0.043     0.141 r  student_top_inst/u_KLDJ_top/u_pipe_id_ex/ex_mem_exu_res[3]_i_8/O
                         net (fo=1, routed)           0.000     0.141    student_top_inst/u_KLDJ_top/u_pipe_id_ex/ex_mem_exu_res[3]_i_8_n_0
    SLICE_X79Y106                                                     r  student_top_inst/u_KLDJ_top/u_pipe_id_ex/ex_mem_exu_res_reg[3]_i_3/S[0]
    SLICE_X79Y106        CARRY4 (Prop_carry4_S[0]_CO[3])
                                                      0.259     0.400 r  student_top_inst/u_KLDJ_top/u_pipe_id_ex/ex_mem_exu_res_reg[3]_i_3/CO[3]
                         net (fo=1, routed)           0.000     0.400    student_top_inst/u_KLDJ_top/u_pipe_id_ex/ex_mem_exu_res_reg[3]_i_3_n_0
    SLICE_X79Y107                                                     r  student_top_inst/u_KLDJ_top/u_pipe_id_ex/ex_mem_exu_res_reg[7]_i_3/CI
    SLICE_X79Y107        CARRY4 (Prop_carry4_CI_CO[3])
                                                      0.053     0.453 r  student_top_inst/u_KLDJ_top/u_pipe_id_ex/ex_mem_exu_res_reg[7]_i_3/CO[3]
                         net (fo=1, routed)           0.000     0.453    student_top_inst/u_KLDJ_top/u_pipe_id_ex/ex_mem_exu_res_reg[7]_i_3_n_0
    SLICE_X79Y108                                                     r  student_top_inst/u_KLDJ_top/u_pipe_id_ex/ex_mem_exu_res_reg[11]_i_3/CI
    SLICE_X79Y108        CARRY4 (Prop_carry4_CI_CO[3])
                                                      0.053     0.506 r  student_top_inst/u_KLDJ_top/u_pipe_id_ex/ex_mem_exu_res_reg[11]_i_3/CO[3]
                         net (fo=1, routed)           0.000     0.506    student_top_inst/u_KLDJ_top/u_pipe_id_ex/ex_mem_exu_res_reg[11]_i_3_n_0
    SLICE_X79Y109                                                     r  student_top_inst/u_KLDJ_top/u_pipe_id_ex/ex_mem_exu_res_reg[15]_i_3/CI
    SLICE_X79Y109        CARRY4 (Prop_carry4_CI_CO[3])
                                                      0.053     0.559 r  student_top_inst/u_KLDJ_top/u_pipe_id_ex/ex_mem_exu_res_reg[15]_i_3/CO[3]
                         net (fo=1, routed)           0.000     0.559    student_top_inst/u_KLDJ_top/u_pipe_id_ex/ex_mem_exu_res_reg[15]_i_3_n_0
    SLICE_X79Y110                                                     r  student_top_inst/u_KLDJ_top/u_pipe_id_ex/ex_mem_exu_res_reg[19]_i_3/CI
    SLICE_X79Y110        CARRY4 (Prop_carry4_CI_CO[3])
                                                      0.053     0.612 r  student_top_inst/u_KLDJ_top/u_pipe_id_ex/ex_mem_exu_res_reg[19]_i_3/CO[3]
                         net (fo=1, routed)           0.000     0.612    student_top_inst/u_KLDJ_top/u_pipe_id_ex/ex_mem_exu_res_reg[19]_i_3_n_0
    SLICE_X79Y111                                                     r  student_top_inst/u_KLDJ_top/u_pipe_id_ex/ex_mem_exu_res_reg[23]_i_3/CI
    SLICE_X79Y111        CARRY4 (Prop_carry4_CI_CO[3])
                                                      0.053     0.665 r  student_top_inst/u_KLDJ_top/u_pipe_id_ex/ex_mem_exu_res_reg[23]_i_3/CO[3]
                         net (fo=1, routed)           0.000     0.665    student_top_inst/u_KLDJ_top/u_pipe_id_ex/ex_mem_exu_res_reg[23]_i_3_n_0
    SLICE_X79Y112                                                     r  student_top_inst/u_KLDJ_top/u_pipe_id_ex/ex_mem_exu_res_reg[27]_i_3/CI
    SLICE_X79Y112        CARRY4 (Prop_carry4_CI_CO[3])
                                                      0.053     0.718 r  student_top_inst/u_KLDJ_top/u_pipe_id_ex/ex_mem_exu_res_reg[27]_i_3/CO[3]
                         net (fo=1, routed)           0.000     0.718    student_top_inst/u_KLDJ_top/u_pipe_id_ex/ex_mem_exu_res_reg[27]_i_3_n_0
    SLICE_X79Y113                                                     r  student_top_inst/u_KLDJ_top/u_pipe_id_ex/ex_mem_exu_res_reg[31]_i_3/CI
    SLICE_X79Y113        CARRY4 (Prop_carry4_CI_O[0])
                                                      0.111     0.829 f  student_top_inst/u_KLDJ_top/u_pipe_id_ex/ex_mem_exu_res_reg[31]_i_3/O[0]
                         net (fo=2, routed)           0.528     1.357    student_top_inst/u_KLDJ_top/u_pipe_id_ex/ex_mem_exu_res_reg[31]_i_3_n_7
    SLICE_X77Y111                                                     f  student_top_inst/u_KLDJ_top/u_pipe_id_ex/bram_addr_r[15]_i_6/I1
    SLICE_X77Y111        LUT6 (Prop_lut6_I1_O)        0.124     1.481 f  student_top_inst/u_KLDJ_top/u_pipe_id_ex/bram_addr_r[15]_i_6/O
                         net (fo=1, routed)           0.350     1.830    student_top_inst/u_KLDJ_top/u_pipe_id_ex/bram_addr_r[15]_i_6_n_0
    SLICE_X77Y108                                                     f  student_top_inst/u_KLDJ_top/u_pipe_id_ex/bram_addr_r[15]_i_3/I4
    SLICE_X77Y108        LUT5 (Prop_lut5_I4_O)        0.043     1.873 f  student_top_inst/u_KLDJ_top/u_pipe_id_ex/bram_addr_r[15]_i_3/O
                         net (fo=6, routed)           0.372     2.245    student_top_inst/u_KLDJ_top/u_pipe_id_ex/bram_addr_r[15]_i_3_n_0
    SLICE_X77Y105                                                     f  student_top_inst/u_KLDJ_top/u_pipe_id_ex/rd_is_seg_q_i_3/I4
    SLICE_X77Y105        LUT5 (Prop_lut5_I4_O)        0.043     2.288 f  student_top_inst/u_KLDJ_top/u_pipe_id_ex/rd_is_seg_q_i_3/O
                         net (fo=29, routed)          0.463     2.751    student_top_inst/u_KLDJ_top/u_pipe_id_ex/bram_addr_r[15]_i_3_0
    SLICE_X64Y102                                                     f  student_top_inst/u_KLDJ_top/u_pipe_id_ex/LED[31]_i_3/I5
    SLICE_X64Y102        LUT6 (Prop_lut6_I5_O)        0.043     2.794 r  student_top_inst/u_KLDJ_top/u_pipe_id_ex/LED[31]_i_3/O
                         net (fo=3, routed)           0.208     3.003    student_top_inst/u_KLDJ_top/u_pipe_id_ex/LED[31]_i_3_n_0
    SLICE_X60Y102                                                     r  student_top_inst/u_KLDJ_top/u_pipe_id_ex/LED[31]_i_1/I0
    SLICE_X60Y102        LUT6 (Prop_lut6_I0_O)        0.043     3.046 r  student_top_inst/u_KLDJ_top/u_pipe_id_ex/LED[31]_i_1/O
                         net (fo=64, routed)          0.743     3.788    student_top_inst/bridge_inst/E[0]
    SLICE_X40Y105        FDRE                                         r  student_top_inst/bridge_inst/LED_reg[2]_lopt_replica/CE
  -------------------------------------------------------------------    -------------------

                         (clock clk_out2_pll rise edge)
                                                      5.714     5.714 r  
    AD12                                              0.000     5.714 r  i_sys_clk_p (IN)
                         net (fo=0)                   0.000     5.714    pll_inst/inst/clk_in1_p
    AD12                                                              r  pll_inst/inst/clkin1_ibufgds/I
    AD12                 IBUFDS (Prop_ibufds_I_O)     0.803     6.518 r  pll_inst/inst/clkin1_ibufgds/O
                         net (fo=1, routed)           1.001     7.519    pll_inst/inst/clk_in1_pll
    PLLE2_ADV_X1Y1                                                    r  pll_inst/inst/plle2_adv_inst/CLKIN1
    PLLE2_ADV_X1Y1       PLLE2_ADV (Prop_plle2_adv_CLKIN1_CLKOUT1)
                                                     -7.261     0.258 r  pll_inst/inst/plle2_adv_inst/CLKOUT1
                         net (fo=1, routed)           2.003     2.261    pll_inst/inst/clk_out2_pll
    BUFGCTRL_X0Y0                                                     r  pll_inst/inst/clkout2_buf/I
    BUFGCTRL_X0Y0        BUFG (Prop_bufg_I_O)         0.083     2.344 r  pll_inst/inst/clkout2_buf/O
                         net (fo=5999, routed)        1.324     3.668    student_top_inst/bridge_inst/clk_out2
    SLICE_X40Y105        FDRE                                         r  student_top_inst/bridge_inst/LED_reg[2]_lopt_replica/C
                         clock pessimism             -0.448     3.220    
                         clock uncertainty           -0.077     3.143    
    SLICE_X40Y105        FDRE (Setup_fdre_C_CE)      -0.201     2.942    student_top_inst/bridge_inst/LED_reg[2]_lopt_replica
  -------------------------------------------------------------------
                         required time                          2.942    
                         arrival time                          -3.788    
  -------------------------------------------------------------------
                         slack                                 -0.846    

Slack (VIOLATED) :        -0.843ns  (required time - arrival time)
  Source:                 student_top_inst/u_KLDJ_top/u_pipe_id_ex/id_ex_rs1_addr_reg[0]/C
                            (rising edge-triggered cell FDRE clocked by clk_out2_pll  {rise@0.000ns fall@2.857ns period=5.714ns})
  Destination:            student_top_inst/u_KLDJ_top/ifu0/pc_reg_reg[18]/D
                            (rising edge-triggered cell FDRE clocked by clk_out2_pll  {rise@0.000ns fall@2.857ns period=5.714ns})
  Path Group:             clk_out2_pll
  Path Type:              Setup (Max at Slow Process Corner)
  Requirement:            5.714ns  (clk_out2_pll rise@5.714ns - clk_out2_pll rise@0.000ns)
  Data Path Delay:        6.398ns  (logic 1.630ns (25.476%)  route 4.768ns (74.524%))
  Logic Levels:           16  (CARRY4=5 LUT4=1 LUT5=4 LUT6=5 MUXF7=1)
  Clock Path Skew:        -0.130ns (DCD - SCD + CPR)
    Destination Clock Delay (DCD):    -2.117ns = ( 3.598 - 5.714 ) 
    Source Clock Delay      (SCD):    -2.434ns
    Clock Pessimism Removal (CPR):    -0.448ns
  Clock Uncertainty:      0.077ns  ((TSJ^2 + DJ^2)^1/2) / 2 + PE
    Total System Jitter     (TSJ):    0.071ns
    Discrete Jitter          (DJ):    0.137ns
    Phase Error              (PE):    0.000ns

    Location             Delay type                Incr(ns)  Path(ns)    Netlist Resource(s)
  -------------------------------------------------------------------    -------------------
                         (clock clk_out2_pll rise edge)
                                                      0.000     0.000 r  
    AD12                                              0.000     0.000 r  i_sys_clk_p (IN)
                         net (fo=0)                   0.000     0.000    pll_inst/inst/clk_in1_p
    AD12                                                              r  pll_inst/inst/clkin1_ibufgds/I
    AD12                 IBUFDS (Prop_ibufds_I_O)     0.906     0.906 r  pll_inst/inst/clkin1_ibufgds/O
                         net (fo=1, routed)           1.098     2.004    pll_inst/inst/clk_in1_pll
    PLLE2_ADV_X1Y1                                                    r  pll_inst/inst/plle2_adv_inst/CLKIN1
    PLLE2_ADV_X1Y1       PLLE2_ADV (Prop_plle2_adv_CLKIN1_CLKOUT1)
                                                     -8.058    -6.054 r  pll_inst/inst/plle2_adv_inst/CLKOUT1
                         net (fo=1, routed)           2.128    -3.926    pll_inst/inst/clk_out2_pll
    BUFGCTRL_X0Y0                                                     r  pll_inst/inst/clkout2_buf/I
    BUFGCTRL_X0Y0        BUFG (Prop_bufg_I_O)         0.093    -3.833 r  pll_inst/inst/clkout2_buf/O
                         net (fo=5999, routed)        1.399    -2.434    student_top_inst/u_KLDJ_top/u_pipe_id_ex/clk_out2
    SLICE_X83Y109        FDRE                                         r  student_top_inst/u_KLDJ_top/u_pipe_id_ex/id_ex_rs1_addr_reg[0]/C
  -------------------------------------------------------------------    -------------------
    SLICE_X83Y109        FDRE (Prop_fdre_C_Q)         0.223    -2.211 r  student_top_inst/u_KLDJ_top/u_pipe_id_ex/id_ex_rs1_addr_reg[0]/Q
                         net (fo=3, routed)           0.644    -1.567    student_top_inst/u_KLDJ_top/u_pipe_id_ex/id_ex_rs1_addr_reg[4]_0[0]
    SLICE_X82Y111                                                     r  student_top_inst/u_KLDJ_top/u_pipe_id_ex/rs1_q[31]_i_11/I0
    SLICE_X82Y111        LUT6 (Prop_lut6_I0_O)        0.043    -1.524 r  student_top_inst/u_KLDJ_top/u_pipe_id_ex/rs1_q[31]_i_11/O
                         net (fo=32, routed)          0.622    -0.902    student_top_inst/u_KLDJ_top/u_pipe_id_ex/rs1_q[31]_i_11_n_0
    SLICE_X87Y109                                                     r  student_top_inst/u_KLDJ_top/u_pipe_id_ex/rs1_q[8]_i_2/I3
    SLICE_X87Y109        LUT5 (Prop_lut5_I3_O)        0.043    -0.859 f  student_top_inst/u_KLDJ_top/u_pipe_id_ex/rs1_q[8]_i_2/O
                         net (fo=1, routed)           0.150    -0.709    student_top_inst/u_KLDJ_top/u_pipe_id_ex/rs1_q[8]_i_2_n_0
    SLICE_X87Y109                                                     f  student_top_inst/u_KLDJ_top/u_pipe_id_ex/rs1_q[8]_i_1/I2
    SLICE_X87Y109        LUT5 (Prop_lut5_I2_O)        0.043    -0.666 f  student_top_inst/u_KLDJ_top/u_pipe_id_ex/rs1_q[8]_i_1/O
                         net (fo=27, routed)          0.544    -0.122    student_top_inst/u_KLDJ_top/u_pipe_id_ex/ex_data1[8]
    SLICE_X87Y109                                                     f  student_top_inst/u_KLDJ_top/u_pipe_id_ex/signed_lt_carry__0_i_4/I3
    SLICE_X87Y109        LUT6 (Prop_lut6_I3_O)        0.043    -0.079 r  student_top_inst/u_KLDJ_top/u_pipe_id_ex/signed_lt_carry__0_i_4/O
                         net (fo=1, routed)           0.400     0.321    student_top_inst/u_KLDJ_top/exu2/u_KLDJ_alu/u_alu_add/signed_lt_carry__1_0[0]
    SLICE_X87Y113                                                     r  student_top_inst/u_KLDJ_top/exu2/u_KLDJ_alu/u_alu_add/signed_lt_carry__0/DI[0]
    SLICE_X87Y113        CARRY4 (Prop_carry4_DI[0]_CO[3])
                                                      0.269     0.590 r  student_top_inst/u_KLDJ_top/exu2/u_KLDJ_alu/u_alu_add/signed_lt_carry__0/CO[3]
                         net (fo=1, routed)           0.000     0.590    student_top_inst/u_KLDJ_top/exu2/u_KLDJ_alu/u_alu_add/signed_lt_carry__0_n_0
    SLICE_X87Y114                                                     r  student_top_inst/u_KLDJ_top/exu2/u_KLDJ_alu/u_alu_add/signed_lt_carry__1/CI
    SLICE_X87Y114        CARRY4 (Prop_carry4_CI_CO[3])
                                                      0.053     0.643 r  student_top_inst/u_KLDJ_top/exu2/u_KLDJ_alu/u_alu_add/signed_lt_carry__1/CO[3]
                         net (fo=1, routed)           0.000     0.643    student_top_inst/u_KLDJ_top/exu2/u_KLDJ_alu/u_alu_add/signed_lt_carry__1_n_0
    SLICE_X87Y115                                                     r  student_top_inst/u_KLDJ_top/exu2/u_KLDJ_alu/u_alu_add/signed_lt_carry__2/CI
    SLICE_X87Y115        CARRY4 (Prop_carry4_CI_CO[3])
                                                      0.053     0.696 r  student_top_inst/u_KLDJ_top/exu2/u_KLDJ_alu/u_alu_add/signed_lt_carry__2/CO[3]
                         net (fo=3, routed)           0.324     1.020    student_top_inst/u_KLDJ_top/u_pipe_id_ex/ex_mem_exu_res[0]_i_5_1[0]
    SLICE_X85Y115                                                     r  student_top_inst/u_KLDJ_top/u_pipe_id_ex/ghr[0]_i_8/I2
    SLICE_X85Y115        LUT5 (Prop_lut5_I2_O)        0.043     1.063 r  student_top_inst/u_KLDJ_top/u_pipe_id_ex/ghr[0]_i_8/O
                         net (fo=2, routed)           0.196     1.258    student_top_inst/u_KLDJ_top/u_pipe_id_ex/ghr[0]_i_8_n_0
    SLICE_X83Y115                                                     r  student_top_inst/u_KLDJ_top/u_pipe_id_ex/ghr[0]_i_4/I5
    SLICE_X83Y115        LUT6 (Prop_lut6_I5_O)        0.043     1.301 f  student_top_inst/u_KLDJ_top/u_pipe_id_ex/ghr[0]_i_4/O
                         net (fo=33, routed)          0.350     1.651    student_top_inst/u_KLDJ_top/u_pipe_id_ex/ghr[0]_i_4_n_0
    SLICE_X76Y115                                                     f  student_top_inst/u_KLDJ_top/u_pipe_id_ex/update_target_q[13]_i_3/I2
    SLICE_X76Y115        LUT4 (Prop_lut4_I2_O)        0.043     1.694 r  student_top_inst/u_KLDJ_top/u_pipe_id_ex/update_target_q[13]_i_3/O
                         net (fo=1, routed)           0.441     2.135    student_top_inst/u_KLDJ_top/u_pipe_id_ex/update_target_q[13]_i_3_n_0
    SLICE_X73Y115                                                     r  student_top_inst/u_KLDJ_top/u_pipe_id_ex/update_target_q[13]_i_1/I2
    SLICE_X73Y115        LUT6 (Prop_lut6_I2_O)        0.043     2.178 r  student_top_inst/u_KLDJ_top/u_pipe_id_ex/update_target_q[13]_i_1/O
                         net (fo=3, routed)           0.327     2.505    student_top_inst/u_KLDJ_top/u_pipe_id_ex/id_ex_exu_op_reg[0]_0[13]
    SLICE_X71Y114                                                     r  student_top_inst/u_KLDJ_top/u_pipe_id_ex/id_ex_pred_taken_i_14/I1
    SLICE_X71Y114        LUT6 (Prop_lut6_I1_O)        0.043     2.548 r  student_top_inst/u_KLDJ_top/u_pipe_id_ex/id_ex_pred_taken_i_14/O
                         net (fo=1, routed)           0.000     2.548    student_top_inst/u_KLDJ_top/u_pipe_id_ex/id_ex_pred_taken_i_14_n_0
    SLICE_X71Y114                                                     r  student_top_inst/u_KLDJ_top/u_pipe_id_ex/id_ex_pred_taken_reg_i_6/S[0]
    SLICE_X71Y114        CARRY4 (Prop_carry4_S[0]_CO[3])
                                                      0.259     2.807 r  student_top_inst/u_KLDJ_top/u_pipe_id_ex/id_ex_pred_taken_reg_i_6/CO[3]
                         net (fo=1, routed)           0.000     2.807    student_top_inst/u_KLDJ_top/u_pipe_id_ex/id_ex_pred_taken_reg_i_6_n_0
    SLICE_X71Y115                                                     r  student_top_inst/u_KLDJ_top/u_pipe_id_ex/id_ex_pred_taken_reg_i_5/CI
    SLICE_X71Y115        CARRY4 (Prop_carry4_CI_CO[2])
                                                      0.110     2.917 r  student_top_inst/u_KLDJ_top/u_pipe_id_ex/id_ex_pred_taken_reg_i_5/CO[2]
                         net (fo=4, routed)           0.214     3.132    student_top_inst/u_KLDJ_top/u_pipe_id_ex/u_ex_bpu_ctrl/indirect_target_miss0
    SLICE_X69Y115                                                     r  student_top_inst/u_KLDJ_top/u_pipe_id_ex/pc_reg[31]_i_5/I4
    SLICE_X69Y115        LUT5 (Prop_lut5_I4_O)        0.129     3.261 r  student_top_inst/u_KLDJ_top/u_pipe_id_ex/pc_reg[31]_i_5/O
                         net (fo=36, routed)          0.556     3.817    student_top_inst/u_KLDJ_top/u_pipe_id_ex/pc_reg[31]_i_5_n_0
    SLICE_X75Y113                                                     r  student_top_inst/u_KLDJ_top/u_pipe_id_ex/pc_reg_reg[18]_i_1/S
    SLICE_X75Y113        MUXF7 (Prop_muxf7_S_O)       0.147     3.964 r  student_top_inst/u_KLDJ_top/u_pipe_id_ex/pc_reg_reg[18]_i_1/O
                         net (fo=1, routed)           0.000     3.964    student_top_inst/u_KLDJ_top/ifu0/pc_reg_reg[31]_2[18]
    SLICE_X75Y113        FDRE                                         r  student_top_inst/u_KLDJ_top/ifu0/pc_reg_reg[18]/D
  -------------------------------------------------------------------    -------------------

                         (clock clk_out2_pll rise edge)
                                                      5.714     5.714 r  
    AD12                                              0.000     5.714 r  i_sys_clk_p (IN)
                         net (fo=0)                   0.000     5.714    pll_inst/inst/clk_in1_p
    AD12                                                              r  pll_inst/inst/clkin1_ibufgds/I
    AD12                 IBUFDS (Prop_ibufds_I_O)     0.803     6.518 r  pll_inst/inst/clkin1_ibufgds/O
                         net (fo=1, routed)           1.001     7.519    pll_inst/inst/clk_in1_pll
    PLLE2_ADV_X1Y1                                                    r  pll_inst/inst/plle2_adv_inst/CLKIN1
    PLLE2_ADV_X1Y1       PLLE2_ADV (Prop_plle2_adv_CLKIN1_CLKOUT1)
                                                     -7.261     0.258 r  pll_inst/inst/plle2_adv_inst/CLKOUT1
                         net (fo=1, routed)           2.003     2.261    pll_inst/inst/clk_out2_pll
    BUFGCTRL_X0Y0                                                     r  pll_inst/inst/clkout2_buf/I
    BUFGCTRL_X0Y0        BUFG (Prop_bufg_I_O)         0.083     2.344 r  pll_inst/inst/clkout2_buf/O
                         net (fo=5999, routed)        1.254     3.598    student_top_inst/u_KLDJ_top/ifu0/clk_out2
    SLICE_X75Y113        FDRE                                         r  student_top_inst/u_KLDJ_top/ifu0/pc_reg_reg[18]/C
                         clock pessimism             -0.448     3.150    
                         clock uncertainty           -0.077     3.073    
    SLICE_X75Y113        FDRE (Setup_fdre_C_D)        0.048     3.121    student_top_inst/u_KLDJ_top/ifu0/pc_reg_reg[18]
  -------------------------------------------------------------------
                         required time                          3.121    
                         arrival time                          -3.964    
  -------------------------------------------------------------------
                         slack                                 -0.843    

Slack (VIOLATED) :        -0.837ns  (required time - arrival time)
  Source:                 student_top_inst/u_KLDJ_top/u_pipe_id_ex/id_ex_rs1_addr_reg[0]/C
                            (rising edge-triggered cell FDRE clocked by clk_out2_pll  {rise@0.000ns fall@2.857ns period=5.714ns})
  Destination:            student_top_inst/u_KLDJ_top/ifu0/pc_reg_reg[17]/D
                            (rising edge-triggered cell FDRE clocked by clk_out2_pll  {rise@0.000ns fall@2.857ns period=5.714ns})
  Path Group:             clk_out2_pll
  Path Type:              Setup (Max at Slow Process Corner)
  Requirement:            5.714ns  (clk_out2_pll rise@5.714ns - clk_out2_pll rise@0.000ns)
  Data Path Delay:        6.394ns  (logic 1.630ns (25.494%)  route 4.764ns (74.506%))
  Logic Levels:           16  (CARRY4=5 LUT4=1 LUT5=4 LUT6=5 MUXF7=1)
  Clock Path Skew:        -0.129ns (DCD - SCD + CPR)
    Destination Clock Delay (DCD):    -2.116ns = ( 3.599 - 5.714 ) 
    Source Clock Delay      (SCD):    -2.434ns
    Clock Pessimism Removal (CPR):    -0.448ns
  Clock Uncertainty:      0.077ns  ((TSJ^2 + DJ^2)^1/2) / 2 + PE
    Total System Jitter     (TSJ):    0.071ns
    Discrete Jitter          (DJ):    0.137ns
    Phase Error              (PE):    0.000ns

    Location             Delay type                Incr(ns)  Path(ns)    Netlist Resource(s)
  -------------------------------------------------------------------    -------------------
                         (clock clk_out2_pll rise edge)
                                                      0.000     0.000 r  
    AD12                                              0.000     0.000 r  i_sys_clk_p (IN)
                         net (fo=0)                   0.000     0.000    pll_inst/inst/clk_in1_p
    AD12                                                              r  pll_inst/inst/clkin1_ibufgds/I
    AD12                 IBUFDS (Prop_ibufds_I_O)     0.906     0.906 r  pll_inst/inst/clkin1_ibufgds/O
                         net (fo=1, routed)           1.098     2.004    pll_inst/inst/clk_in1_pll
    PLLE2_ADV_X1Y1                                                    r  pll_inst/inst/plle2_adv_inst/CLKIN1
    PLLE2_ADV_X1Y1       PLLE2_ADV (Prop_plle2_adv_CLKIN1_CLKOUT1)
                                                     -8.058    -6.054 r  pll_inst/inst/plle2_adv_inst/CLKOUT1
                         net (fo=1, routed)           2.128    -3.926    pll_inst/inst/clk_out2_pll
    BUFGCTRL_X0Y0                                                     r  pll_inst/inst/clkout2_buf/I
    BUFGCTRL_X0Y0        BUFG (Prop_bufg_I_O)         0.093    -3.833 r  pll_inst/inst/clkout2_buf/O
                         net (fo=5999, routed)        1.399    -2.434    student_top_inst/u_KLDJ_top/u_pipe_id_ex/clk_out2
    SLICE_X83Y109        FDRE                                         r  student_top_inst/u_KLDJ_top/u_pipe_id_ex/id_ex_rs1_addr_reg[0]/C
  -------------------------------------------------------------------    -------------------
    SLICE_X83Y109        FDRE (Prop_fdre_C_Q)         0.223    -2.211 r  student_top_inst/u_KLDJ_top/u_pipe_id_ex/id_ex_rs1_addr_reg[0]/Q
                         net (fo=3, routed)           0.644    -1.567    student_top_inst/u_KLDJ_top/u_pipe_id_ex/id_ex_rs1_addr_reg[4]_0[0]
    SLICE_X82Y111                                                     r  student_top_inst/u_KLDJ_top/u_pipe_id_ex/rs1_q[31]_i_11/I0
    SLICE_X82Y111        LUT6 (Prop_lut6_I0_O)        0.043    -1.524 r  student_top_inst/u_KLDJ_top/u_pipe_id_ex/rs1_q[31]_i_11/O
                         net (fo=32, routed)          0.622    -0.902    student_top_inst/u_KLDJ_top/u_pipe_id_ex/rs1_q[31]_i_11_n_0
    SLICE_X87Y109                                                     r  student_top_inst/u_KLDJ_top/u_pipe_id_ex/rs1_q[8]_i_2/I3
    SLICE_X87Y109        LUT5 (Prop_lut5_I3_O)        0.043    -0.859 f  student_top_inst/u_KLDJ_top/u_pipe_id_ex/rs1_q[8]_i_2/O
                         net (fo=1, routed)           0.150    -0.709    student_top_inst/u_KLDJ_top/u_pipe_id_ex/rs1_q[8]_i_2_n_0
    SLICE_X87Y109                                                     f  student_top_inst/u_KLDJ_top/u_pipe_id_ex/rs1_q[8]_i_1/I2
    SLICE_X87Y109        LUT5 (Prop_lut5_I2_O)        0.043    -0.666 f  student_top_inst/u_KLDJ_top/u_pipe_id_ex/rs1_q[8]_i_1/O
                         net (fo=27, routed)          0.544    -0.122    student_top_inst/u_KLDJ_top/u_pipe_id_ex/ex_data1[8]
    SLICE_X87Y109                                                     f  student_top_inst/u_KLDJ_top/u_pipe_id_ex/signed_lt_carry__0_i_4/I3
    SLICE_X87Y109        LUT6 (Prop_lut6_I3_O)        0.043    -0.079 r  student_top_inst/u_KLDJ_top/u_pipe_id_ex/signed_lt_carry__0_i_4/O
                         net (fo=1, routed)           0.400     0.321    student_top_inst/u_KLDJ_top/exu2/u_KLDJ_alu/u_alu_add/signed_lt_carry__1_0[0]
    SLICE_X87Y113                                                     r  student_top_inst/u_KLDJ_top/exu2/u_KLDJ_alu/u_alu_add/signed_lt_carry__0/DI[0]
    SLICE_X87Y113        CARRY4 (Prop_carry4_DI[0]_CO[3])
                                                      0.269     0.590 r  student_top_inst/u_KLDJ_top/exu2/u_KLDJ_alu/u_alu_add/signed_lt_carry__0/CO[3]
                         net (fo=1, routed)           0.000     0.590    student_top_inst/u_KLDJ_top/exu2/u_KLDJ_alu/u_alu_add/signed_lt_carry__0_n_0
    SLICE_X87Y114                                                     r  student_top_inst/u_KLDJ_top/exu2/u_KLDJ_alu/u_alu_add/signed_lt_carry__1/CI
    SLICE_X87Y114        CARRY4 (Prop_carry4_CI_CO[3])
                                                      0.053     0.643 r  student_top_inst/u_KLDJ_top/exu2/u_KLDJ_alu/u_alu_add/signed_lt_carry__1/CO[3]
                         net (fo=1, routed)           0.000     0.643    student_top_inst/u_KLDJ_top/exu2/u_KLDJ_alu/u_alu_add/signed_lt_carry__1_n_0
    SLICE_X87Y115                                                     r  student_top_inst/u_KLDJ_top/exu2/u_KLDJ_alu/u_alu_add/signed_lt_carry__2/CI
    SLICE_X87Y115        CARRY4 (Prop_carry4_CI_CO[3])
                                                      0.053     0.696 r  student_top_inst/u_KLDJ_top/exu2/u_KLDJ_alu/u_alu_add/signed_lt_carry__2/CO[3]
                         net (fo=3, routed)           0.324     1.020    student_top_inst/u_KLDJ_top/u_pipe_id_ex/ex_mem_exu_res[0]_i_5_1[0]
    SLICE_X85Y115                                                     r  student_top_inst/u_KLDJ_top/u_pipe_id_ex/ghr[0]_i_8/I2
    SLICE_X85Y115        LUT5 (Prop_lut5_I2_O)        0.043     1.063 r  student_top_inst/u_KLDJ_top/u_pipe_id_ex/ghr[0]_i_8/O
                         net (fo=2, routed)           0.196     1.258    student_top_inst/u_KLDJ_top/u_pipe_id_ex/ghr[0]_i_8_n_0
    SLICE_X83Y115                                                     r  student_top_inst/u_KLDJ_top/u_pipe_id_ex/ghr[0]_i_4/I5
    SLICE_X83Y115        LUT6 (Prop_lut6_I5_O)        0.043     1.301 f  student_top_inst/u_KLDJ_top/u_pipe_id_ex/ghr[0]_i_4/O
                         net (fo=33, routed)          0.350     1.651    student_top_inst/u_KLDJ_top/u_pipe_id_ex/ghr[0]_i_4_n_0
    SLICE_X76Y115                                                     f  student_top_inst/u_KLDJ_top/u_pipe_id_ex/update_target_q[13]_i_3/I2
    SLICE_X76Y115        LUT4 (Prop_lut4_I2_O)        0.043     1.694 r  student_top_inst/u_KLDJ_top/u_pipe_id_ex/update_target_q[13]_i_3/O
                         net (fo=1, routed)           0.441     2.135    student_top_inst/u_KLDJ_top/u_pipe_id_ex/update_target_q[13]_i_3_n_0
    SLICE_X73Y115                                                     r  student_top_inst/u_KLDJ_top/u_pipe_id_ex/update_target_q[13]_i_1/I2
    SLICE_X73Y115        LUT6 (Prop_lut6_I2_O)        0.043     2.178 r  student_top_inst/u_KLDJ_top/u_pipe_id_ex/update_target_q[13]_i_1/O
                         net (fo=3, routed)           0.327     2.505    student_top_inst/u_KLDJ_top/u_pipe_id_ex/id_ex_exu_op_reg[0]_0[13]
    SLICE_X71Y114                                                     r  student_top_inst/u_KLDJ_top/u_pipe_id_ex/id_ex_pred_taken_i_14/I1
    SLICE_X71Y114        LUT6 (Prop_lut6_I1_O)        0.043     2.548 r  student_top_inst/u_KLDJ_top/u_pipe_id_ex/id_ex_pred_taken_i_14/O
                         net (fo=1, routed)           0.000     2.548    student_top_inst/u_KLDJ_top/u_pipe_id_ex/id_ex_pred_taken_i_14_n_0
    SLICE_X71Y114                                                     r  student_top_inst/u_KLDJ_top/u_pipe_id_ex/id_ex_pred_taken_reg_i_6/S[0]
    SLICE_X71Y114        CARRY4 (Prop_carry4_S[0]_CO[3])
                                                      0.259     2.807 r  student_top_inst/u_KLDJ_top/u_pipe_id_ex/id_ex_pred_taken_reg_i_6/CO[3]
                         net (fo=1, routed)           0.000     2.807    student_top_inst/u_KLDJ_top/u_pipe_id_ex/id_ex_pred_taken_reg_i_6_n_0
    SLICE_X71Y115                                                     r  student_top_inst/u_KLDJ_top/u_pipe_id_ex/id_ex_pred_taken_reg_i_5/CI
    SLICE_X71Y115        CARRY4 (Prop_carry4_CI_CO[2])
                                                      0.110     2.917 r  student_top_inst/u_KLDJ_top/u_pipe_id_ex/id_ex_pred_taken_reg_i_5/CO[2]
                         net (fo=4, routed)           0.214     3.132    student_top_inst/u_KLDJ_top/u_pipe_id_ex/u_ex_bpu_ctrl/indirect_target_miss0
    SLICE_X69Y115                                                     r  student_top_inst/u_KLDJ_top/u_pipe_id_ex/pc_reg[31]_i_5/I4
    SLICE_X69Y115        LUT5 (Prop_lut5_I4_O)        0.129     3.261 r  student_top_inst/u_KLDJ_top/u_pipe_id_ex/pc_reg[31]_i_5/O
                         net (fo=36, routed)          0.552     3.812    student_top_inst/u_KLDJ_top/u_pipe_id_ex/pc_reg[31]_i_5_n_0
    SLICE_X72Y112                                                     r  student_top_inst/u_KLDJ_top/u_pipe_id_ex/pc_reg_reg[17]_i_1/S
    SLICE_X72Y112        MUXF7 (Prop_muxf7_S_O)       0.147     3.959 r  student_top_inst/u_KLDJ_top/u_pipe_id_ex/pc_reg_reg[17]_i_1/O
                         net (fo=1, routed)           0.000     3.959    student_top_inst/u_KLDJ_top/ifu0/pc_reg_reg[31]_2[17]
    SLICE_X72Y112        FDRE                                         r  student_top_inst/u_KLDJ_top/ifu0/pc_reg_reg[17]/D
  -------------------------------------------------------------------    -------------------

                         (clock clk_out2_pll rise edge)
                                                      5.714     5.714 r  
    AD12                                              0.000     5.714 r  i_sys_clk_p (IN)
                         net (fo=0)                   0.000     5.714    pll_inst/inst/clk_in1_p
    AD12                                                              r  pll_inst/inst/clkin1_ibufgds/I
    AD12                 IBUFDS (Prop_ibufds_I_O)     0.803     6.518 r  pll_inst/inst/clkin1_ibufgds/O
                         net (fo=1, routed)           1.001     7.519    pll_inst/inst/clk_in1_pll
    PLLE2_ADV_X1Y1                                                    r  pll_inst/inst/plle2_adv_inst/CLKIN1
    PLLE2_ADV_X1Y1       PLLE2_ADV (Prop_plle2_adv_CLKIN1_CLKOUT1)
                                                     -7.261     0.258 r  pll_inst/inst/plle2_adv_inst/CLKOUT1
                         net (fo=1, routed)           2.003     2.261    pll_inst/inst/clk_out2_pll
    BUFGCTRL_X0Y0                                                     r  pll_inst/inst/clkout2_buf/I
    BUFGCTRL_X0Y0        BUFG (Prop_bufg_I_O)         0.083     2.344 r  pll_inst/inst/clkout2_buf/O
                         net (fo=5999, routed)        1.255     3.599    student_top_inst/u_KLDJ_top/ifu0/clk_out2
    SLICE_X72Y112        FDRE                                         r  student_top_inst/u_KLDJ_top/ifu0/pc_reg_reg[17]/C
                         clock pessimism             -0.448     3.151    
                         clock uncertainty           -0.077     3.074    
    SLICE_X72Y112        FDRE (Setup_fdre_C_D)        0.048     3.122    student_top_inst/u_KLDJ_top/ifu0/pc_reg_reg[17]
  -------------------------------------------------------------------
                         required time                          3.122    
                         arrival time                          -3.959    
  -------------------------------------------------------------------
                         slack                                 -0.837    

Slack (VIOLATED) :        -0.834ns  (required time - arrival time)
  Source:                 student_top_inst/u_KLDJ_top/u_pipe_id_ex/id_ex_rs1_addr_reg[0]/C
                            (rising edge-triggered cell FDRE clocked by clk_out2_pll  {rise@0.000ns fall@2.857ns period=5.714ns})
  Destination:            student_top_inst/u_KLDJ_top/ifu0/pc_reg_reg[1]/D
                            (rising edge-triggered cell FDRE clocked by clk_out2_pll  {rise@0.000ns fall@2.857ns period=5.714ns})
  Path Group:             clk_out2_pll
  Path Type:              Setup (Max at Slow Process Corner)
  Requirement:            5.714ns  (clk_out2_pll rise@5.714ns - clk_out2_pll rise@0.000ns)
  Data Path Delay:        6.391ns  (logic 1.630ns (25.506%)  route 4.761ns (74.494%))
  Logic Levels:           16  (CARRY4=5 LUT4=1 LUT5=4 LUT6=5 MUXF7=1)
  Clock Path Skew:        -0.129ns (DCD - SCD + CPR)
    Destination Clock Delay (DCD):    -2.116ns = ( 3.599 - 5.714 ) 
    Source Clock Delay      (SCD):    -2.434ns
    Clock Pessimism Removal (CPR):    -0.448ns
  Clock Uncertainty:      0.077ns  ((TSJ^2 + DJ^2)^1/2) / 2 + PE
    Total System Jitter     (TSJ):    0.071ns
    Discrete Jitter          (DJ):    0.137ns
    Phase Error              (PE):    0.000ns

    Location             Delay type                Incr(ns)  Path(ns)    Netlist Resource(s)
  -------------------------------------------------------------------    -------------------
                         (clock clk_out2_pll rise edge)
                                                      0.000     0.000 r  
    AD12                                              0.000     0.000 r  i_sys_clk_p (IN)
                         net (fo=0)                   0.000     0.000    pll_inst/inst/clk_in1_p
    AD12                                                              r  pll_inst/inst/clkin1_ibufgds/I
    AD12                 IBUFDS (Prop_ibufds_I_O)     0.906     0.906 r  pll_inst/inst/clkin1_ibufgds/O
                         net (fo=1, routed)           1.098     2.004    pll_inst/inst/clk_in1_pll
    PLLE2_ADV_X1Y1                                                    r  pll_inst/inst/plle2_adv_inst/CLKIN1
    PLLE2_ADV_X1Y1       PLLE2_ADV (Prop_plle2_adv_CLKIN1_CLKOUT1)
                                                     -8.058    -6.054 r  pll_inst/inst/plle2_adv_inst/CLKOUT1
                         net (fo=1, routed)           2.128    -3.926    pll_inst/inst/clk_out2_pll
    BUFGCTRL_X0Y0                                                     r  pll_inst/inst/clkout2_buf/I
    BUFGCTRL_X0Y0        BUFG (Prop_bufg_I_O)         0.093    -3.833 r  pll_inst/inst/clkout2_buf/O
                         net (fo=5999, routed)        1.399    -2.434    student_top_inst/u_KLDJ_top/u_pipe_id_ex/clk_out2
    SLICE_X83Y109        FDRE                                         r  student_top_inst/u_KLDJ_top/u_pipe_id_ex/id_ex_rs1_addr_reg[0]/C
  -------------------------------------------------------------------    -------------------
    SLICE_X83Y109        FDRE (Prop_fdre_C_Q)         0.223    -2.211 r  student_top_inst/u_KLDJ_top/u_pipe_id_ex/id_ex_rs1_addr_reg[0]/Q
                         net (fo=3, routed)           0.644    -1.567    student_top_inst/u_KLDJ_top/u_pipe_id_ex/id_ex_rs1_addr_reg[4]_0[0]
    SLICE_X82Y111                                                     r  student_top_inst/u_KLDJ_top/u_pipe_id_ex/rs1_q[31]_i_11/I0
    SLICE_X82Y111        LUT6 (Prop_lut6_I0_O)        0.043    -1.524 r  student_top_inst/u_KLDJ_top/u_pipe_id_ex/rs1_q[31]_i_11/O
                         net (fo=32, routed)          0.622    -0.902    student_top_inst/u_KLDJ_top/u_pipe_id_ex/rs1_q[31]_i_11_n_0
    SLICE_X87Y109                                                     r  student_top_inst/u_KLDJ_top/u_pipe_id_ex/rs1_q[8]_i_2/I3
    SLICE_X87Y109        LUT5 (Prop_lut5_I3_O)        0.043    -0.859 f  student_top_inst/u_KLDJ_top/u_pipe_id_ex/rs1_q[8]_i_2/O
                         net (fo=1, routed)           0.150    -0.709    student_top_inst/u_KLDJ_top/u_pipe_id_ex/rs1_q[8]_i_2_n_0
    SLICE_X87Y109                                                     f  student_top_inst/u_KLDJ_top/u_pipe_id_ex/rs1_q[8]_i_1/I2
    SLICE_X87Y109        LUT5 (Prop_lut5_I2_O)        0.043    -0.666 f  student_top_inst/u_KLDJ_top/u_pipe_id_ex/rs1_q[8]_i_1/O
                         net (fo=27, routed)          0.544    -0.122    student_top_inst/u_KLDJ_top/u_pipe_id_ex/ex_data1[8]
    SLICE_X87Y109                                                     f  student_top_inst/u_KLDJ_top/u_pipe_id_ex/signed_lt_carry__0_i_4/I3
    SLICE_X87Y109        LUT6 (Prop_lut6_I3_O)        0.043    -0.079 r  student_top_inst/u_KLDJ_top/u_pipe_id_ex/signed_lt_carry__0_i_4/O
                         net (fo=1, routed)           0.400     0.321    student_top_inst/u_KLDJ_top/exu2/u_KLDJ_alu/u_alu_add/signed_lt_carry__1_0[0]
    SLICE_X87Y113                                                     r  student_top_inst/u_KLDJ_top/exu2/u_KLDJ_alu/u_alu_add/signed_lt_carry__0/DI[0]
    SLICE_X87Y113        CARRY4 (Prop_carry4_DI[0]_CO[3])
                                                      0.269     0.590 r  student_top_inst/u_KLDJ_top/exu2/u_KLDJ_alu/u_alu_add/signed_lt_carry__0/CO[3]
                         net (fo=1, routed)           0.000     0.590    student_top_inst/u_KLDJ_top/exu2/u_KLDJ_alu/u_alu_add/signed_lt_carry__0_n_0
    SLICE_X87Y114                                                     r  student_top_inst/u_KLDJ_top/exu2/u_KLDJ_alu/u_alu_add/signed_lt_carry__1/CI
    SLICE_X87Y114        CARRY4 (Prop_carry4_CI_CO[3])
                                                      0.053     0.643 r  student_top_inst/u_KLDJ_top/exu2/u_KLDJ_alu/u_alu_add/signed_lt_carry__1/CO[3]
                         net (fo=1, routed)           0.000     0.643    student_top_inst/u_KLDJ_top/exu2/u_KLDJ_alu/u_alu_add/signed_lt_carry__1_n_0
    SLICE_X87Y115                                                     r  student_top_inst/u_KLDJ_top/exu2/u_KLDJ_alu/u_alu_add/signed_lt_carry__2/CI
    SLICE_X87Y115        CARRY4 (Prop_carry4_CI_CO[3])
                                                      0.053     0.696 r  student_top_inst/u_KLDJ_top/exu2/u_KLDJ_alu/u_alu_add/signed_lt_carry__2/CO[3]
                         net (fo=3, routed)           0.324     1.020    student_top_inst/u_KLDJ_top/u_pipe_id_ex/ex_mem_exu_res[0]_i_5_1[0]
    SLICE_X85Y115                                                     r  student_top_inst/u_KLDJ_top/u_pipe_id_ex/ghr[0]_i_8/I2
    SLICE_X85Y115        LUT5 (Prop_lut5_I2_O)        0.043     1.063 r  student_top_inst/u_KLDJ_top/u_pipe_id_ex/ghr[0]_i_8/O
                         net (fo=2, routed)           0.196     1.258    student_top_inst/u_KLDJ_top/u_pipe_id_ex/ghr[0]_i_8_n_0
    SLICE_X83Y115                                                     r  student_top_inst/u_KLDJ_top/u_pipe_id_ex/ghr[0]_i_4/I5
    SLICE_X83Y115        LUT6 (Prop_lut6_I5_O)        0.043     1.301 f  student_top_inst/u_KLDJ_top/u_pipe_id_ex/ghr[0]_i_4/O
                         net (fo=33, routed)          0.350     1.651    student_top_inst/u_KLDJ_top/u_pipe_id_ex/ghr[0]_i_4_n_0
    SLICE_X76Y115                                                     f  student_top_inst/u_KLDJ_top/u_pipe_id_ex/update_target_q[13]_i_3/I2
    SLICE_X76Y115        LUT4 (Prop_lut4_I2_O)        0.043     1.694 r  student_top_inst/u_KLDJ_top/u_pipe_id_ex/update_target_q[13]_i_3/O
                         net (fo=1, routed)           0.441     2.135    student_top_inst/u_KLDJ_top/u_pipe_id_ex/update_target_q[13]_i_3_n_0
    SLICE_X73Y115                                                     r  student_top_inst/u_KLDJ_top/u_pipe_id_ex/update_target_q[13]_i_1/I2
    SLICE_X73Y115        LUT6 (Prop_lut6_I2_O)        0.043     2.178 r  student_top_inst/u_KLDJ_top/u_pipe_id_ex/update_target_q[13]_i_1/O
                         net (fo=3, routed)           0.327     2.505    student_top_inst/u_KLDJ_top/u_pipe_id_ex/id_ex_exu_op_reg[0]_0[13]
    SLICE_X71Y114                                                     r  student_top_inst/u_KLDJ_top/u_pipe_id_ex/id_ex_pred_taken_i_14/I1
    SLICE_X71Y114        LUT6 (Prop_lut6_I1_O)        0.043     2.548 r  student_top_inst/u_KLDJ_top/u_pipe_id_ex/id_ex_pred_taken_i_14/O
                         net (fo=1, routed)           0.000     2.548    student_top_inst/u_KLDJ_top/u_pipe_id_ex/id_ex_pred_taken_i_14_n_0
    SLICE_X71Y114                                                     r  student_top_inst/u_KLDJ_top/u_pipe_id_ex/id_ex_pred_taken_reg_i_6/S[0]
    SLICE_X71Y114        CARRY4 (Prop_carry4_S[0]_CO[3])
                                                      0.259     2.807 r  student_top_inst/u_KLDJ_top/u_pipe_id_ex/id_ex_pred_taken_reg_i_6/CO[3]
                         net (fo=1, routed)           0.000     2.807    student_top_inst/u_KLDJ_top/u_pipe_id_ex/id_ex_pred_taken_reg_i_6_n_0
    SLICE_X71Y115                                                     r  student_top_inst/u_KLDJ_top/u_pipe_id_ex/id_ex_pred_taken_reg_i_5/CI
    SLICE_X71Y115        CARRY4 (Prop_carry4_CI_CO[2])
                                                      0.110     2.917 r  student_top_inst/u_KLDJ_top/u_pipe_id_ex/id_ex_pred_taken_reg_i_5/CO[2]
                         net (fo=4, routed)           0.214     3.132    student_top_inst/u_KLDJ_top/u_pipe_id_ex/u_ex_bpu_ctrl/indirect_target_miss0
    SLICE_X69Y115                                                     r  student_top_inst/u_KLDJ_top/u_pipe_id_ex/pc_reg[31]_i_5/I4
    SLICE_X69Y115        LUT5 (Prop_lut5_I4_O)        0.129     3.261 r  student_top_inst/u_KLDJ_top/u_pipe_id_ex/pc_reg[31]_i_5/O
                         net (fo=36, routed)          0.549     3.809    student_top_inst/u_KLDJ_top/u_pipe_id_ex/pc_reg[31]_i_5_n_0
    SLICE_X73Y112                                                     r  student_top_inst/u_KLDJ_top/u_pipe_id_ex/pc_reg_reg[1]_i_1/S
    SLICE_X73Y112        MUXF7 (Prop_muxf7_S_O)       0.147     3.956 r  student_top_inst/u_KLDJ_top/u_pipe_id_ex/pc_reg_reg[1]_i_1/O
                         net (fo=1, routed)           0.000     3.956    student_top_inst/u_KLDJ_top/ifu0/pc_reg_reg[31]_2[1]
    SLICE_X73Y112        FDRE                                         r  student_top_inst/u_KLDJ_top/ifu0/pc_reg_reg[1]/D
  -------------------------------------------------------------------    -------------------

                         (clock clk_out2_pll rise edge)
                                                      5.714     5.714 r  
    AD12                                              0.000     5.714 r  i_sys_clk_p (IN)
                         net (fo=0)                   0.000     5.714    pll_inst/inst/clk_in1_p
    AD12                                                              r  pll_inst/inst/clkin1_ibufgds/I
    AD12                 IBUFDS (Prop_ibufds_I_O)     0.803     6.518 r  pll_inst/inst/clkin1_ibufgds/O
                         net (fo=1, routed)           1.001     7.519    pll_inst/inst/clk_in1_pll
    PLLE2_ADV_X1Y1                                                    r  pll_inst/inst/plle2_adv_inst/CLKIN1
    PLLE2_ADV_X1Y1       PLLE2_ADV (Prop_plle2_adv_CLKIN1_CLKOUT1)
                                                     -7.261     0.258 r  pll_inst/inst/plle2_adv_inst/CLKOUT1
                         net (fo=1, routed)           2.003     2.261    pll_inst/inst/clk_out2_pll
    BUFGCTRL_X0Y0                                                     r  pll_inst/inst/clkout2_buf/I
    BUFGCTRL_X0Y0        BUFG (Prop_bufg_I_O)         0.083     2.344 r  pll_inst/inst/clkout2_buf/O
                         net (fo=5999, routed)        1.255     3.599    student_top_inst/u_KLDJ_top/ifu0/clk_out2
    SLICE_X73Y112        FDRE                                         r  student_top_inst/u_KLDJ_top/ifu0/pc_reg_reg[1]/C
                         clock pessimism             -0.448     3.151    
                         clock uncertainty           -0.077     3.074    
    SLICE_X73Y112        FDRE (Setup_fdre_C_D)        0.048     3.122    student_top_inst/u_KLDJ_top/ifu0/pc_reg_reg[1]
  -------------------------------------------------------------------
                         required time                          3.122    
                         arrival time                          -3.956    
  -------------------------------------------------------------------
                         slack                                 -0.834    

Slack (VIOLATED) :        -0.832ns  (required time - arrival time)
  Source:                 student_top_inst/u_KLDJ_top/u_pipe_id_ex/id_ex_rs1_addr_reg[0]/C
                            (rising edge-triggered cell FDRE clocked by clk_out2_pll  {rise@0.000ns fall@2.857ns period=5.714ns})
  Destination:            student_top_inst/u_KLDJ_top/ifu0/pc_reg_reg[10]/D
                            (rising edge-triggered cell FDRE clocked by clk_out2_pll  {rise@0.000ns fall@2.857ns period=5.714ns})
  Path Group:             clk_out2_pll
  Path Type:              Setup (Max at Slow Process Corner)
  Requirement:            5.714ns  (clk_out2_pll rise@5.714ns - clk_out2_pll rise@0.000ns)
  Data Path Delay:        6.417ns  (logic 1.637ns (25.511%)  route 4.780ns (74.489%))
  Logic Levels:           16  (CARRY4=5 LUT4=1 LUT5=4 LUT6=5 MUXF7=1)
  Clock Path Skew:        -0.129ns (DCD - SCD + CPR)
    Destination Clock Delay (DCD):    -2.116ns = ( 3.599 - 5.714 ) 
    Source Clock Delay      (SCD):    -2.434ns
    Clock Pessimism Removal (CPR):    -0.448ns
  Clock Uncertainty:      0.077ns  ((TSJ^2 + DJ^2)^1/2) / 2 + PE
    Total System Jitter     (TSJ):    0.071ns
    Discrete Jitter          (DJ):    0.137ns
    Phase Error              (PE):    0.000ns

    Location             Delay type                Incr(ns)  Path(ns)    Netlist Resource(s)
  -------------------------------------------------------------------    -------------------
                         (clock clk_out2_pll rise edge)
                                                      0.000     0.000 r  
    AD12                                              0.000     0.000 r  i_sys_clk_p (IN)
                         net (fo=0)                   0.000     0.000    pll_inst/inst/clk_in1_p
    AD12                                                              r  pll_inst/inst/clkin1_ibufgds/I
    AD12                 IBUFDS (Prop_ibufds_I_O)     0.906     0.906 r  pll_inst/inst/clkin1_ibufgds/O
                         net (fo=1, routed)           1.098     2.004    pll_inst/inst/clk_in1_pll
    PLLE2_ADV_X1Y1                                                    r  pll_inst/inst/plle2_adv_inst/CLKIN1
    PLLE2_ADV_X1Y1       PLLE2_ADV (Prop_plle2_adv_CLKIN1_CLKOUT1)
                                                     -8.058    -6.054 r  pll_inst/inst/plle2_adv_inst/CLKOUT1
                         net (fo=1, routed)           2.128    -3.926    pll_inst/inst/clk_out2_pll
    BUFGCTRL_X0Y0                                                     r  pll_inst/inst/clkout2_buf/I
    BUFGCTRL_X0Y0        BUFG (Prop_bufg_I_O)         0.093    -3.833 r  pll_inst/inst/clkout2_buf/O
                         net (fo=5999, routed)        1.399    -2.434    student_top_inst/u_KLDJ_top/u_pipe_id_ex/clk_out2
    SLICE_X83Y109        FDRE                                         r  student_top_inst/u_KLDJ_top/u_pipe_id_ex/id_ex_rs1_addr_reg[0]/C
  -------------------------------------------------------------------    -------------------
    SLICE_X83Y109        FDRE (Prop_fdre_C_Q)         0.223    -2.211 r  student_top_inst/u_KLDJ_top/u_pipe_id_ex/id_ex_rs1_addr_reg[0]/Q
                         net (fo=3, routed)           0.644    -1.567    student_top_inst/u_KLDJ_top/u_pipe_id_ex/id_ex_rs1_addr_reg[4]_0[0]
    SLICE_X82Y111                                                     r  student_top_inst/u_KLDJ_top/u_pipe_id_ex/rs1_q[31]_i_11/I0
    SLICE_X82Y111        LUT6 (Prop_lut6_I0_O)        0.043    -1.524 r  student_top_inst/u_KLDJ_top/u_pipe_id_ex/rs1_q[31]_i_11/O
                         net (fo=32, routed)          0.622    -0.902    student_top_inst/u_KLDJ_top/u_pipe_id_ex/rs1_q[31]_i_11_n_0
    SLICE_X87Y109                                                     r  student_top_inst/u_KLDJ_top/u_pipe_id_ex/rs1_q[8]_i_2/I3
    SLICE_X87Y109        LUT5 (Prop_lut5_I3_O)        0.043    -0.859 f  student_top_inst/u_KLDJ_top/u_pipe_id_ex/rs1_q[8]_i_2/O
                         net (fo=1, routed)           0.150    -0.709    student_top_inst/u_KLDJ_top/u_pipe_id_ex/rs1_q[8]_i_2_n_0
    SLICE_X87Y109                                                     f  student_top_inst/u_KLDJ_top/u_pipe_id_ex/rs1_q[8]_i_1/I2
    SLICE_X87Y109        LUT5 (Prop_lut5_I2_O)        0.043    -0.666 f  student_top_inst/u_KLDJ_top/u_pipe_id_ex/rs1_q[8]_i_1/O
                         net (fo=27, routed)          0.544    -0.122    student_top_inst/u_KLDJ_top/u_pipe_id_ex/ex_data1[8]
    SLICE_X87Y109                                                     f  student_top_inst/u_KLDJ_top/u_pipe_id_ex/signed_lt_carry__0_i_4/I3
    SLICE_X87Y109        LUT6 (Prop_lut6_I3_O)        0.043    -0.079 r  student_top_inst/u_KLDJ_top/u_pipe_id_ex/signed_lt_carry__0_i_4/O
                         net (fo=1, routed)           0.400     0.321    student_top_inst/u_KLDJ_top/exu2/u_KLDJ_alu/u_alu_add/signed_lt_carry__1_0[0]
    SLICE_X87Y113                                                     r  student_top_inst/u_KLDJ_top/exu2/u_KLDJ_alu/u_alu_add/signed_lt_carry__0/DI[0]
    SLICE_X87Y113        CARRY4 (Prop_carry4_DI[0]_CO[3])
                                                      0.269     0.590 r  student_top_inst/u_KLDJ_top/exu2/u_KLDJ_alu/u_alu_add/signed_lt_carry__0/CO[3]
                         net (fo=1, routed)           0.000     0.590    student_top_inst/u_KLDJ_top/exu2/u_KLDJ_alu/u_alu_add/signed_lt_carry__0_n_0
    SLICE_X87Y114                                                     r  student_top_inst/u_KLDJ_top/exu2/u_KLDJ_alu/u_alu_add/signed_lt_carry__1/CI
    SLICE_X87Y114        CARRY4 (Prop_carry4_CI_CO[3])
                                                      0.053     0.643 r  student_top_inst/u_KLDJ_top/exu2/u_KLDJ_alu/u_alu_add/signed_lt_carry__1/CO[3]
                         net (fo=1, routed)           0.000     0.643    student_top_inst/u_KLDJ_top/exu2/u_KLDJ_alu/u_alu_add/signed_lt_carry__1_n_0
    SLICE_X87Y115                                                     r  student_top_inst/u_KLDJ_top/exu2/u_KLDJ_alu/u_alu_add/signed_lt_carry__2/CI
    SLICE_X87Y115        CARRY4 (Prop_carry4_CI_CO[3])
                                                      0.053     0.696 r  student_top_inst/u_KLDJ_top/exu2/u_KLDJ_alu/u_alu_add/signed_lt_carry__2/CO[3]
                         net (fo=3, routed)           0.324     1.020    student_top_inst/u_KLDJ_top/u_pipe_id_ex/ex_mem_exu_res[0]_i_5_1[0]
    SLICE_X85Y115                                                     r  student_top_inst/u_KLDJ_top/u_pipe_id_ex/ghr[0]_i_8/I2
    SLICE_X85Y115        LUT5 (Prop_lut5_I2_O)        0.043     1.063 r  student_top_inst/u_KLDJ_top/u_pipe_id_ex/ghr[0]_i_8/O
                         net (fo=2, routed)           0.196     1.258    student_top_inst/u_KLDJ_top/u_pipe_id_ex/ghr[0]_i_8_n_0
    SLICE_X83Y115                                                     r  student_top_inst/u_KLDJ_top/u_pipe_id_ex/ghr[0]_i_4/I5
    SLICE_X83Y115        LUT6 (Prop_lut6_I5_O)        0.043     1.301 f  student_top_inst/u_KLDJ_top/u_pipe_id_ex/ghr[0]_i_4/O
                         net (fo=33, routed)          0.350     1.651    student_top_inst/u_KLDJ_top/u_pipe_id_ex/ghr[0]_i_4_n_0
    SLICE_X76Y115                                                     f  student_top_inst/u_KLDJ_top/u_pipe_id_ex/update_target_q[13]_i_3/I2
    SLICE_X76Y115        LUT4 (Prop_lut4_I2_O)        0.043     1.694 r  student_top_inst/u_KLDJ_top/u_pipe_id_ex/update_target_q[13]_i_3/O
                         net (fo=1, routed)           0.441     2.135    student_top_inst/u_KLDJ_top/u_pipe_id_ex/update_target_q[13]_i_3_n_0
    SLICE_X73Y115                                                     r  student_top_inst/u_KLDJ_top/u_pipe_id_ex/update_target_q[13]_i_1/I2
    SLICE_X73Y115        LUT6 (Prop_lut6_I2_O)        0.043     2.178 r  student_top_inst/u_KLDJ_top/u_pipe_id_ex/update_target_q[13]_i_1/O
                         net (fo=3, routed)           0.327     2.505    student_top_inst/u_KLDJ_top/u_pipe_id_ex/id_ex_exu_op_reg[0]_0[13]
    SLICE_X71Y114                                                     r  student_top_inst/u_KLDJ_top/u_pipe_id_ex/id_ex_pred_taken_i_14/I1
    SLICE_X71Y114        LUT6 (Prop_lut6_I1_O)        0.043     2.548 r  student_top_inst/u_KLDJ_top/u_pipe_id_ex/id_ex_pred_taken_i_14/O
                         net (fo=1, routed)           0.000     2.548    student_top_inst/u_KLDJ_top/u_pipe_id_ex/id_ex_pred_taken_i_14_n_0
    SLICE_X71Y114                                                     r  student_top_inst/u_KLDJ_top/u_pipe_id_ex/id_ex_pred_taken_reg_i_6/S[0]
    SLICE_X71Y114        CARRY4 (Prop_carry4_S[0]_CO[3])
                                                      0.259     2.807 r  student_top_inst/u_KLDJ_top/u_pipe_id_ex/id_ex_pred_taken_reg_i_6/CO[3]
                         net (fo=1, routed)           0.000     2.807    student_top_inst/u_KLDJ_top/u_pipe_id_ex/id_ex_pred_taken_reg_i_6_n_0
    SLICE_X71Y115                                                     r  student_top_inst/u_KLDJ_top/u_pipe_id_ex/id_ex_pred_taken_reg_i_5/CI
    SLICE_X71Y115        CARRY4 (Prop_carry4_CI_CO[2])
                                                      0.110     2.917 r  student_top_inst/u_KLDJ_top/u_pipe_id_ex/id_ex_pred_taken_reg_i_5/CO[2]
                         net (fo=4, routed)           0.214     3.132    student_top_inst/u_KLDJ_top/u_pipe_id_ex/u_ex_bpu_ctrl/indirect_target_miss0
    SLICE_X69Y115                                                     r  student_top_inst/u_KLDJ_top/u_pipe_id_ex/pc_reg[31]_i_5/I4
    SLICE_X69Y115        LUT5 (Prop_lut5_I4_O)        0.129     3.261 r  student_top_inst/u_KLDJ_top/u_pipe_id_ex/pc_reg[31]_i_5/O
                         net (fo=36, routed)          0.568     3.828    student_top_inst/u_KLDJ_top/u_pipe_id_ex/pc_reg[31]_i_5_n_0
    SLICE_X74Y110                                                     r  student_top_inst/u_KLDJ_top/u_pipe_id_ex/pc_reg_reg[10]_i_1/S
    SLICE_X74Y110        MUXF7 (Prop_muxf7_S_O)       0.154     3.982 r  student_top_inst/u_KLDJ_top/u_pipe_id_ex/pc_reg_reg[10]_i_1/O
                         net (fo=1, routed)           0.000     3.982    student_top_inst/u_KLDJ_top/ifu0/pc_reg_reg[31]_2[10]
    SLICE_X74Y110        FDRE                                         r  student_top_inst/u_KLDJ_top/ifu0/pc_reg_reg[10]/D
  -------------------------------------------------------------------    -------------------

                         (clock clk_out2_pll rise edge)
                                                      5.714     5.714 r  
    AD12                                              0.000     5.714 r  i_sys_clk_p (IN)
                         net (fo=0)                   0.000     5.714    pll_inst/inst/clk_in1_p
    AD12                                                              r  pll_inst/inst/clkin1_ibufgds/I
    AD12                 IBUFDS (Prop_ibufds_I_O)     0.803     6.518 r  pll_inst/inst/clkin1_ibufgds/O
                         net (fo=1, routed)           1.001     7.519    pll_inst/inst/clk_in1_pll
    PLLE2_ADV_X1Y1                                                    r  pll_inst/inst/plle2_adv_inst/CLKIN1
    PLLE2_ADV_X1Y1       PLLE2_ADV (Prop_plle2_adv_CLKIN1_CLKOUT1)
                                                     -7.261     0.258 r  pll_inst/inst/plle2_adv_inst/CLKOUT1
                         net (fo=1, routed)           2.003     2.261    pll_inst/inst/clk_out2_pll
    BUFGCTRL_X0Y0                                                     r  pll_inst/inst/clkout2_buf/I
    BUFGCTRL_X0Y0        BUFG (Prop_bufg_I_O)         0.083     2.344 r  pll_inst/inst/clkout2_buf/O
                         net (fo=5999, routed)        1.255     3.599    student_top_inst/u_KLDJ_top/ifu0/clk_out2
    SLICE_X74Y110        FDRE                                         r  student_top_inst/u_KLDJ_top/ifu0/pc_reg_reg[10]/C
                         clock pessimism             -0.448     3.151    
                         clock uncertainty           -0.077     3.074    
    SLICE_X74Y110        FDRE (Setup_fdre_C_D)        0.076     3.150    student_top_inst/u_KLDJ_top/ifu0/pc_reg_reg[10]
  -------------------------------------------------------------------
                         required time                          3.150    
                         arrival time                          -3.982    
  -------------------------------------------------------------------
                         slack                                 -0.832    

Slack (VIOLATED) :        -0.829ns  (required time - arrival time)
  Source:                 student_top_inst/u_KLDJ_top/u_pipe_id_ex/id_ex_rs1_addr_reg[0]/C
                            (rising edge-triggered cell FDRE clocked by clk_out2_pll  {rise@0.000ns fall@2.857ns period=5.714ns})
  Destination:            student_top_inst/bridge_inst/LED_reg[14]_lopt_replica/CE
                            (rising edge-triggered cell FDRE clocked by clk_out2_pll  {rise@0.000ns fall@2.857ns period=5.714ns})
  Path Group:             clk_out2_pll
  Path Type:              Setup (Max at Slow Process Corner)
  Requirement:            5.714ns  (clk_out2_pll rise@5.714ns - clk_out2_pll rise@0.000ns)
  Data Path Delay:        6.203ns  (logic 1.379ns (22.233%)  route 4.824ns (77.767%))
  Logic Levels:           17  (CARRY4=8 LUT2=1 LUT5=4 LUT6=4)
  Clock Path Skew:        -0.063ns (DCD - SCD + CPR)
    Destination Clock Delay (DCD):    -2.050ns = ( 3.665 - 5.714 ) 
    Source Clock Delay      (SCD):    -2.434ns
    Clock Pessimism Removal (CPR):    -0.448ns
  Clock Uncertainty:      0.077ns  ((TSJ^2 + DJ^2)^1/2) / 2 + PE
    Total System Jitter     (TSJ):    0.071ns
    Discrete Jitter          (DJ):    0.137ns
    Phase Error              (PE):    0.000ns

    Location             Delay type                Incr(ns)  Path(ns)    Netlist Resource(s)
  -------------------------------------------------------------------    -------------------
                         (clock clk_out2_pll rise edge)
                                                      0.000     0.000 r  
    AD12                                              0.000     0.000 r  i_sys_clk_p (IN)
                         net (fo=0)                   0.000     0.000    pll_inst/inst/clk_in1_p
    AD12                                                              r  pll_inst/inst/clkin1_ibufgds/I
    AD12                 IBUFDS (Prop_ibufds_I_O)     0.906     0.906 r  pll_inst/inst/clkin1_ibufgds/O
                         net (fo=1, routed)           1.098     2.004    pll_inst/inst/clk_in1_pll
    PLLE2_ADV_X1Y1                                                    r  pll_inst/inst/plle2_adv_inst/CLKIN1
    PLLE2_ADV_X1Y1       PLLE2_ADV (Prop_plle2_adv_CLKIN1_CLKOUT1)
                                                     -8.058    -6.054 r  pll_inst/inst/plle2_adv_inst/CLKOUT1
                         net (fo=1, routed)           2.128    -3.926    pll_inst/inst/clk_out2_pll
    BUFGCTRL_X0Y0                                                     r  pll_inst/inst/clkout2_buf/I
    BUFGCTRL_X0Y0        BUFG (Prop_bufg_I_O)         0.093    -3.833 r  pll_inst/inst/clkout2_buf/O
                         net (fo=5999, routed)        1.399    -2.434    student_top_inst/u_KLDJ_top/u_pipe_id_ex/clk_out2
    SLICE_X83Y109        FDRE                                         r  student_top_inst/u_KLDJ_top/u_pipe_id_ex/id_ex_rs1_addr_reg[0]/C
  -------------------------------------------------------------------    -------------------
    SLICE_X83Y109        FDRE (Prop_fdre_C_Q)         0.223    -2.211 r  student_top_inst/u_KLDJ_top/u_pipe_id_ex/id_ex_rs1_addr_reg[0]/Q
                         net (fo=3, routed)           0.644    -1.567    student_top_inst/u_KLDJ_top/u_pipe_id_ex/id_ex_rs1_addr_reg[4]_0[0]
    SLICE_X82Y111                                                     r  student_top_inst/u_KLDJ_top/u_pipe_id_ex/rs1_q[31]_i_11/I0
    SLICE_X82Y111        LUT6 (Prop_lut6_I0_O)        0.043    -1.524 r  student_top_inst/u_KLDJ_top/u_pipe_id_ex/rs1_q[31]_i_11/O
                         net (fo=32, routed)          0.390    -1.134    student_top_inst/u_KLDJ_top/u_pipe_id_ex/rs1_q[31]_i_11_n_0
    SLICE_X80Y111                                                     r  student_top_inst/u_KLDJ_top/u_pipe_id_ex/rs1_q[0]_i_2/I3
    SLICE_X80Y111        LUT5 (Prop_lut5_I3_O)        0.043    -1.091 r  student_top_inst/u_KLDJ_top/u_pipe_id_ex/rs1_q[0]_i_2/O
                         net (fo=2, routed)           0.451    -0.640    student_top_inst/u_KLDJ_top/u_pipe_id_ex/rs1_q[0]_i_2_n_0
    SLICE_X84Y114                                                     r  student_top_inst/u_KLDJ_top/u_pipe_id_ex/rs1_q[0]_i_1/I2
    SLICE_X84Y114        LUT5 (Prop_lut5_I2_O)        0.043    -0.597 r  student_top_inst/u_KLDJ_top/u_pipe_id_ex/rs1_q[0]_i_1/O
                         net (fo=30, routed)          0.695     0.098    student_top_inst/u_KLDJ_top/u_pipe_id_ex/ex_data1[0]
    SLICE_X79Y106                                                     r  student_top_inst/u_KLDJ_top/u_pipe_id_ex/ex_mem_exu_res[3]_i_8/I0
    SLICE_X79Y106        LUT2 (Prop_lut2_I0_O)        0.043     0.141 r  student_top_inst/u_KLDJ_top/u_pipe_id_ex/ex_mem_exu_res[3]_i_8/O
                         net (fo=1, routed)           0.000     0.141    student_top_inst/u_KLDJ_top/u_pipe_id_ex/ex_mem_exu_res[3]_i_8_n_0
    SLICE_X79Y106                                                     r  student_top_inst/u_KLDJ_top/u_pipe_id_ex/ex_mem_exu_res_reg[3]_i_3/S[0]
    SLICE_X79Y106        CARRY4 (Prop_carry4_S[0]_CO[3])
                                                      0.259     0.400 r  student_top_inst/u_KLDJ_top/u_pipe_id_ex/ex_mem_exu_res_reg[3]_i_3/CO[3]
                         net (fo=1, routed)           0.000     0.400    student_top_inst/u_KLDJ_top/u_pipe_id_ex/ex_mem_exu_res_reg[3]_i_3_n_0
    SLICE_X79Y107                                                     r  student_top_inst/u_KLDJ_top/u_pipe_id_ex/ex_mem_exu_res_reg[7]_i_3/CI
    SLICE_X79Y107        CARRY4 (Prop_carry4_CI_CO[3])
                                                      0.053     0.453 r  student_top_inst/u_KLDJ_top/u_pipe_id_ex/ex_mem_exu_res_reg[7]_i_3/CO[3]
                         net (fo=1, routed)           0.000     0.453    student_top_inst/u_KLDJ_top/u_pipe_id_ex/ex_mem_exu_res_reg[7]_i_3_n_0
    SLICE_X79Y108                                                     r  student_top_inst/u_KLDJ_top/u_pipe_id_ex/ex_mem_exu_res_reg[11]_i_3/CI
    SLICE_X79Y108        CARRY4 (Prop_carry4_CI_CO[3])
                                                      0.053     0.506 r  student_top_inst/u_KLDJ_top/u_pipe_id_ex/ex_mem_exu_res_reg[11]_i_3/CO[3]
                         net (fo=1, routed)           0.000     0.506    student_top_inst/u_KLDJ_top/u_pipe_id_ex/ex_mem_exu_res_reg[11]_i_3_n_0
    SLICE_X79Y109                                                     r  student_top_inst/u_KLDJ_top/u_pipe_id_ex/ex_mem_exu_res_reg[15]_i_3/CI
    SLICE_X79Y109        CARRY4 (Prop_carry4_CI_CO[3])
                                                      0.053     0.559 r  student_top_inst/u_KLDJ_top/u_pipe_id_ex/ex_mem_exu_res_reg[15]_i_3/CO[3]
                         net (fo=1, routed)           0.000     0.559    student_top_inst/u_KLDJ_top/u_pipe_id_ex/ex_mem_exu_res_reg[15]_i_3_n_0
    SLICE_X79Y110                                                     r  student_top_inst/u_KLDJ_top/u_pipe_id_ex/ex_mem_exu_res_reg[19]_i_3/CI
    SLICE_X79Y110        CARRY4 (Prop_carry4_CI_CO[3])
                                                      0.053     0.612 r  student_top_inst/u_KLDJ_top/u_pipe_id_ex/ex_mem_exu_res_reg[19]_i_3/CO[3]
                         net (fo=1, routed)           0.000     0.612    student_top_inst/u_KLDJ_top/u_pipe_id_ex/ex_mem_exu_res_reg[19]_i_3_n_0
    SLICE_X79Y111                                                     r  student_top_inst/u_KLDJ_top/u_pipe_id_ex/ex_mem_exu_res_reg[23]_i_3/CI
    SLICE_X79Y111        CARRY4 (Prop_carry4_CI_CO[3])
                                                      0.053     0.665 r  student_top_inst/u_KLDJ_top/u_pipe_id_ex/ex_mem_exu_res_reg[23]_i_3/CO[3]
                         net (fo=1, routed)           0.000     0.665    student_top_inst/u_KLDJ_top/u_pipe_id_ex/ex_mem_exu_res_reg[23]_i_3_n_0
    SLICE_X79Y112                                                     r  student_top_inst/u_KLDJ_top/u_pipe_id_ex/ex_mem_exu_res_reg[27]_i_3/CI
    SLICE_X79Y112        CARRY4 (Prop_carry4_CI_CO[3])
                                                      0.053     0.718 r  student_top_inst/u_KLDJ_top/u_pipe_id_ex/ex_mem_exu_res_reg[27]_i_3/CO[3]
                         net (fo=1, routed)           0.000     0.718    student_top_inst/u_KLDJ_top/u_pipe_id_ex/ex_mem_exu_res_reg[27]_i_3_n_0
    SLICE_X79Y113                                                     r  student_top_inst/u_KLDJ_top/u_pipe_id_ex/ex_mem_exu_res_reg[31]_i_3/CI
    SLICE_X79Y113        CARRY4 (Prop_carry4_CI_O[0])
                                                      0.111     0.829 f  student_top_inst/u_KLDJ_top/u_pipe_id_ex/ex_mem_exu_res_reg[31]_i_3/O[0]
                         net (fo=2, routed)           0.528     1.357    student_top_inst/u_KLDJ_top/u_pipe_id_ex/ex_mem_exu_res_reg[31]_i_3_n_7
    SLICE_X77Y111                                                     f  student_top_inst/u_KLDJ_top/u_pipe_id_ex/bram_addr_r[15]_i_6/I1
    SLICE_X77Y111        LUT6 (Prop_lut6_I1_O)        0.124     1.481 f  student_top_inst/u_KLDJ_top/u_pipe_id_ex/bram_addr_r[15]_i_6/O
                         net (fo=1, routed)           0.350     1.830    student_top_inst/u_KLDJ_top/u_pipe_id_ex/bram_addr_r[15]_i_6_n_0
    SLICE_X77Y108                                                     f  student_top_inst/u_KLDJ_top/u_pipe_id_ex/bram_addr_r[15]_i_3/I4
    SLICE_X77Y108        LUT5 (Prop_lut5_I4_O)        0.043     1.873 f  student_top_inst/u_KLDJ_top/u_pipe_id_ex/bram_addr_r[15]_i_3/O
                         net (fo=6, routed)           0.372     2.245    student_top_inst/u_KLDJ_top/u_pipe_id_ex/bram_addr_r[15]_i_3_n_0
    SLICE_X77Y105                                                     f  student_top_inst/u_KLDJ_top/u_pipe_id_ex/rd_is_seg_q_i_3/I4
    SLICE_X77Y105        LUT5 (Prop_lut5_I4_O)        0.043     2.288 f  student_top_inst/u_KLDJ_top/u_pipe_id_ex/rd_is_seg_q_i_3/O
                         net (fo=29, routed)          0.463     2.751    student_top_inst/u_KLDJ_top/u_pipe_id_ex/bram_addr_r[15]_i_3_0
    SLICE_X64Y102                                                     f  student_top_inst/u_KLDJ_top/u_pipe_id_ex/LED[31]_i_3/I5
    SLICE_X64Y102        LUT6 (Prop_lut6_I5_O)        0.043     2.794 r  student_top_inst/u_KLDJ_top/u_pipe_id_ex/LED[31]_i_3/O
                         net (fo=3, routed)           0.208     3.003    student_top_inst/u_KLDJ_top/u_pipe_id_ex/LED[31]_i_3_n_0
    SLICE_X60Y102                                                     r  student_top_inst/u_KLDJ_top/u_pipe_id_ex/LED[31]_i_1/I0
    SLICE_X60Y102        LUT6 (Prop_lut6_I0_O)        0.043     3.046 r  student_top_inst/u_KLDJ_top/u_pipe_id_ex/LED[31]_i_1/O
                         net (fo=64, routed)          0.723     3.768    student_top_inst/bridge_inst/E[0]
    SLICE_X45Y107        FDRE                                         r  student_top_inst/bridge_inst/LED_reg[14]_lopt_replica/CE
  -------------------------------------------------------------------    -------------------

                         (clock clk_out2_pll rise edge)
                                                      5.714     5.714 r  
    AD12                                              0.000     5.714 r  i_sys_clk_p (IN)
                         net (fo=0)                   0.000     5.714    pll_inst/inst/clk_in1_p
    AD12                                                              r  pll_inst/inst/clkin1_ibufgds/I
    AD12                 IBUFDS (Prop_ibufds_I_O)     0.803     6.518 r  pll_inst/inst/clkin1_ibufgds/O
                         net (fo=1, routed)           1.001     7.519    pll_inst/inst/clk_in1_pll
    PLLE2_ADV_X1Y1                                                    r  pll_inst/inst/plle2_adv_inst/CLKIN1
    PLLE2_ADV_X1Y1       PLLE2_ADV (Prop_plle2_adv_CLKIN1_CLKOUT1)
                                                     -7.261     0.258 r  pll_inst/inst/plle2_adv_inst/CLKOUT1
                         net (fo=1, routed)           2.003     2.261    pll_inst/inst/clk_out2_pll
    BUFGCTRL_X0Y0                                                     r  pll_inst/inst/clkout2_buf/I
    BUFGCTRL_X0Y0        BUFG (Prop_bufg_I_O)         0.083     2.344 r  pll_inst/inst/clkout2_buf/O
                         net (fo=5999, routed)        1.321     3.665    student_top_inst/bridge_inst/clk_out2
    SLICE_X45Y107        FDRE                                         r  student_top_inst/bridge_inst/LED_reg[14]_lopt_replica/C
                         clock pessimism             -0.448     3.217    
                         clock uncertainty           -0.077     3.140    
    SLICE_X45Y107        FDRE (Setup_fdre_C_CE)      -0.201     2.939    student_top_inst/bridge_inst/LED_reg[14]_lopt_replica
  -------------------------------------------------------------------
                         required time                          2.939    
                         arrival time                          -3.768    
  -------------------------------------------------------------------
                         slack                                 -0.829    

Slack (VIOLATED) :        -0.824ns  (required time - arrival time)
  Source:                 student_top_inst/u_KLDJ_top/u_pipe_id_ex/id_ex_rs1_addr_reg[0]/C
                            (rising edge-triggered cell FDRE clocked by clk_out2_pll  {rise@0.000ns fall@2.857ns period=5.714ns})
  Destination:            student_top_inst/bridge_inst/LED_reg[11]/CE
                            (rising edge-triggered cell FDRE clocked by clk_out2_pll  {rise@0.000ns fall@2.857ns period=5.714ns})
  Path Group:             clk_out2_pll
  Path Type:              Setup (Max at Slow Process Corner)
  Requirement:            5.714ns  (clk_out2_pll rise@5.714ns - clk_out2_pll rise@0.000ns)
  Data Path Delay:        6.201ns  (logic 1.379ns (22.239%)  route 4.822ns (77.761%))
  Logic Levels:           17  (CARRY4=8 LUT2=1 LUT5=4 LUT6=4)
  Clock Path Skew:        -0.060ns (DCD - SCD + CPR)
    Destination Clock Delay (DCD):    -2.047ns = ( 3.668 - 5.714 ) 
    Source Clock Delay      (SCD):    -2.434ns
    Clock Pessimism Removal (CPR):    -0.448ns
  Clock Uncertainty:      0.077ns  ((TSJ^2 + DJ^2)^1/2) / 2 + PE
    Total System Jitter     (TSJ):    0.071ns
    Discrete Jitter          (DJ):    0.137ns
    Phase Error              (PE):    0.000ns

    Location             Delay type                Incr(ns)  Path(ns)    Netlist Resource(s)
  -------------------------------------------------------------------    -------------------
                         (clock clk_out2_pll rise edge)
                                                      0.000     0.000 r  
    AD12                                              0.000     0.000 r  i_sys_clk_p (IN)
                         net (fo=0)                   0.000     0.000    pll_inst/inst/clk_in1_p
    AD12                                                              r  pll_inst/inst/clkin1_ibufgds/I
    AD12                 IBUFDS (Prop_ibufds_I_O)     0.906     0.906 r  pll_inst/inst/clkin1_ibufgds/O
                         net (fo=1, routed)           1.098     2.004    pll_inst/inst/clk_in1_pll
    PLLE2_ADV_X1Y1                                                    r  pll_inst/inst/plle2_adv_inst/CLKIN1
    PLLE2_ADV_X1Y1       PLLE2_ADV (Prop_plle2_adv_CLKIN1_CLKOUT1)
                                                     -8.058    -6.054 r  pll_inst/inst/plle2_adv_inst/CLKOUT1
                         net (fo=1, routed)           2.128    -3.926    pll_inst/inst/clk_out2_pll
    BUFGCTRL_X0Y0                                                     r  pll_inst/inst/clkout2_buf/I
    BUFGCTRL_X0Y0        BUFG (Prop_bufg_I_O)         0.093    -3.833 r  pll_inst/inst/clkout2_buf/O
                         net (fo=5999, routed)        1.399    -2.434    student_top_inst/u_KLDJ_top/u_pipe_id_ex/clk_out2
    SLICE_X83Y109        FDRE                                         r  student_top_inst/u_KLDJ_top/u_pipe_id_ex/id_ex_rs1_addr_reg[0]/C
  -------------------------------------------------------------------    -------------------
    SLICE_X83Y109        FDRE (Prop_fdre_C_Q)         0.223    -2.211 r  student_top_inst/u_KLDJ_top/u_pipe_id_ex/id_ex_rs1_addr_reg[0]/Q
                         net (fo=3, routed)           0.644    -1.567    student_top_inst/u_KLDJ_top/u_pipe_id_ex/id_ex_rs1_addr_reg[4]_0[0]
    SLICE_X82Y111                                                     r  student_top_inst/u_KLDJ_top/u_pipe_id_ex/rs1_q[31]_i_11/I0
    SLICE_X82Y111        LUT6 (Prop_lut6_I0_O)        0.043    -1.524 r  student_top_inst/u_KLDJ_top/u_pipe_id_ex/rs1_q[31]_i_11/O
                         net (fo=32, routed)          0.390    -1.134    student_top_inst/u_KLDJ_top/u_pipe_id_ex/rs1_q[31]_i_11_n_0
    SLICE_X80Y111                                                     r  student_top_inst/u_KLDJ_top/u_pipe_id_ex/rs1_q[0]_i_2/I3
    SLICE_X80Y111        LUT5 (Prop_lut5_I3_O)        0.043    -1.091 r  student_top_inst/u_KLDJ_top/u_pipe_id_ex/rs1_q[0]_i_2/O
                         net (fo=2, routed)           0.451    -0.640    student_top_inst/u_KLDJ_top/u_pipe_id_ex/rs1_q[0]_i_2_n_0
    SLICE_X84Y114                                                     r  student_top_inst/u_KLDJ_top/u_pipe_id_ex/rs1_q[0]_i_1/I2
    SLICE_X84Y114        LUT5 (Prop_lut5_I2_O)        0.043    -0.597 r  student_top_inst/u_KLDJ_top/u_pipe_id_ex/rs1_q[0]_i_1/O
                         net (fo=30, routed)          0.695     0.098    student_top_inst/u_KLDJ_top/u_pipe_id_ex/ex_data1[0]
    SLICE_X79Y106                                                     r  student_top_inst/u_KLDJ_top/u_pipe_id_ex/ex_mem_exu_res[3]_i_8/I0
    SLICE_X79Y106        LUT2 (Prop_lut2_I0_O)        0.043     0.141 r  student_top_inst/u_KLDJ_top/u_pipe_id_ex/ex_mem_exu_res[3]_i_8/O
                         net (fo=1, routed)           0.000     0.141    student_top_inst/u_KLDJ_top/u_pipe_id_ex/ex_mem_exu_res[3]_i_8_n_0
    SLICE_X79Y106                                                     r  student_top_inst/u_KLDJ_top/u_pipe_id_ex/ex_mem_exu_res_reg[3]_i_3/S[0]
    SLICE_X79Y106        CARRY4 (Prop_carry4_S[0]_CO[3])
                                                      0.259     0.400 r  student_top_inst/u_KLDJ_top/u_pipe_id_ex/ex_mem_exu_res_reg[3]_i_3/CO[3]
                         net (fo=1, routed)           0.000     0.400    student_top_inst/u_KLDJ_top/u_pipe_id_ex/ex_mem_exu_res_reg[3]_i_3_n_0
    SLICE_X79Y107                                                     r  student_top_inst/u_KLDJ_top/u_pipe_id_ex/ex_mem_exu_res_reg[7]_i_3/CI
    SLICE_X79Y107        CARRY4 (Prop_carry4_CI_CO[3])
                                                      0.053     0.453 r  student_top_inst/u_KLDJ_top/u_pipe_id_ex/ex_mem_exu_res_reg[7]_i_3/CO[3]
                         net (fo=1, routed)           0.000     0.453    student_top_inst/u_KLDJ_top/u_pipe_id_ex/ex_mem_exu_res_reg[7]_i_3_n_0
    SLICE_X79Y108                                                     r  student_top_inst/u_KLDJ_top/u_pipe_id_ex/ex_mem_exu_res_reg[11]_i_3/CI
    SLICE_X79Y108        CARRY4 (Prop_carry4_CI_CO[3])
                                                      0.053     0.506 r  student_top_inst/u_KLDJ_top/u_pipe_id_ex/ex_mem_exu_res_reg[11]_i_3/CO[3]
                         net (fo=1, routed)           0.000     0.506    student_top_inst/u_KLDJ_top/u_pipe_id_ex/ex_mem_exu_res_reg[11]_i_3_n_0
    SLICE_X79Y109                                                     r  student_top_inst/u_KLDJ_top/u_pipe_id_ex/ex_mem_exu_res_reg[15]_i_3/CI
    SLICE_X79Y109        CARRY4 (Prop_carry4_CI_CO[3])
                                                      0.053     0.559 r  student_top_inst/u_KLDJ_top/u_pipe_id_ex/ex_mem_exu_res_reg[15]_i_3/CO[3]
                         net (fo=1, routed)           0.000     0.559    student_top_inst/u_KLDJ_top/u_pipe_id_ex/ex_mem_exu_res_reg[15]_i_3_n_0
    SLICE_X79Y110                                                     r  student_top_inst/u_KLDJ_top/u_pipe_id_ex/ex_mem_exu_res_reg[19]_i_3/CI
    SLICE_X79Y110        CARRY4 (Prop_carry4_CI_CO[3])
                                                      0.053     0.612 r  student_top_inst/u_KLDJ_top/u_pipe_id_ex/ex_mem_exu_res_reg[19]_i_3/CO[3]
                         net (fo=1, routed)           0.000     0.612    student_top_inst/u_KLDJ_top/u_pipe_id_ex/ex_mem_exu_res_reg[19]_i_3_n_0
    SLICE_X79Y111                                                     r  student_top_inst/u_KLDJ_top/u_pipe_id_ex/ex_mem_exu_res_reg[23]_i_3/CI
    SLICE_X79Y111        CARRY4 (Prop_carry4_CI_CO[3])
                                                      0.053     0.665 r  student_top_inst/u_KLDJ_top/u_pipe_id_ex/ex_mem_exu_res_reg[23]_i_3/CO[3]
                         net (fo=1, routed)           0.000     0.665    student_top_inst/u_KLDJ_top/u_pipe_id_ex/ex_mem_exu_res_reg[23]_i_3_n_0
    SLICE_X79Y112                                                     r  student_top_inst/u_KLDJ_top/u_pipe_id_ex/ex_mem_exu_res_reg[27]_i_3/CI
    SLICE_X79Y112        CARRY4 (Prop_carry4_CI_CO[3])
                                                      0.053     0.718 r  student_top_inst/u_KLDJ_top/u_pipe_id_ex/ex_mem_exu_res_reg[27]_i_3/CO[3]
                         net (fo=1, routed)           0.000     0.718    student_top_inst/u_KLDJ_top/u_pipe_id_ex/ex_mem_exu_res_reg[27]_i_3_n_0
    SLICE_X79Y113                                                     r  student_top_inst/u_KLDJ_top/u_pipe_id_ex/ex_mem_exu_res_reg[31]_i_3/CI
    SLICE_X79Y113        CARRY4 (Prop_carry4_CI_O[0])
                                                      0.111     0.829 f  student_top_inst/u_KLDJ_top/u_pipe_id_ex/ex_mem_exu_res_reg[31]_i_3/O[0]
                         net (fo=2, routed)           0.528     1.357    student_top_inst/u_KLDJ_top/u_pipe_id_ex/ex_mem_exu_res_reg[31]_i_3_n_7
    SLICE_X77Y111                                                     f  student_top_inst/u_KLDJ_top/u_pipe_id_ex/bram_addr_r[15]_i_6/I1
    SLICE_X77Y111        LUT6 (Prop_lut6_I1_O)        0.124     1.481 f  student_top_inst/u_KLDJ_top/u_pipe_id_ex/bram_addr_r[15]_i_6/O
                         net (fo=1, routed)           0.350     1.830    student_top_inst/u_KLDJ_top/u_pipe_id_ex/bram_addr_r[15]_i_6_n_0
    SLICE_X77Y108                                                     f  student_top_inst/u_KLDJ_top/u_pipe_id_ex/bram_addr_r[15]_i_3/I4
    SLICE_X77Y108        LUT5 (Prop_lut5_I4_O)        0.043     1.873 f  student_top_inst/u_KLDJ_top/u_pipe_id_ex/bram_addr_r[15]_i_3/O
                         net (fo=6, routed)           0.372     2.245    student_top_inst/u_KLDJ_top/u_pipe_id_ex/bram_addr_r[15]_i_3_n_0
    SLICE_X77Y105                                                     f  student_top_inst/u_KLDJ_top/u_pipe_id_ex/rd_is_seg_q_i_3/I4
    SLICE_X77Y105        LUT5 (Prop_lut5_I4_O)        0.043     2.288 f  student_top_inst/u_KLDJ_top/u_pipe_id_ex/rd_is_seg_q_i_3/O
                         net (fo=29, routed)          0.463     2.751    student_top_inst/u_KLDJ_top/u_pipe_id_ex/bram_addr_r[15]_i_3_0
    SLICE_X64Y102                                                     f  student_top_inst/u_KLDJ_top/u_pipe_id_ex/LED[31]_i_3/I5
    SLICE_X64Y102        LUT6 (Prop_lut6_I5_O)        0.043     2.794 r  student_top_inst/u_KLDJ_top/u_pipe_id_ex/LED[31]_i_3/O
                         net (fo=3, routed)           0.208     3.003    student_top_inst/u_KLDJ_top/u_pipe_id_ex/LED[31]_i_3_n_0
    SLICE_X60Y102                                                     r  student_top_inst/u_KLDJ_top/u_pipe_id_ex/LED[31]_i_1/I0
    SLICE_X60Y102        LUT6 (Prop_lut6_I0_O)        0.043     3.046 r  student_top_inst/u_KLDJ_top/u_pipe_id_ex/LED[31]_i_1/O
                         net (fo=64, routed)          0.721     3.766    student_top_inst/bridge_inst/E[0]
    SLICE_X40Y100        FDRE                                         r  student_top_inst/bridge_inst/LED_reg[11]/CE
  -------------------------------------------------------------------    -------------------

                         (clock clk_out2_pll rise edge)
                                                      5.714     5.714 r  
    AD12                                              0.000     5.714 r  i_sys_clk_p (IN)
                         net (fo=0)                   0.000     5.714    pll_inst/inst/clk_in1_p
    AD12                                                              r  pll_inst/inst/clkin1_ibufgds/I
    AD12                 IBUFDS (Prop_ibufds_I_O)     0.803     6.518 r  pll_inst/inst/clkin1_ibufgds/O
                         net (fo=1, routed)           1.001     7.519    pll_inst/inst/clk_in1_pll
    PLLE2_ADV_X1Y1                                                    r  pll_inst/inst/plle2_adv_inst/CLKIN1
    PLLE2_ADV_X1Y1       PLLE2_ADV (Prop_plle2_adv_CLKIN1_CLKOUT1)
                                                     -7.261     0.258 r  pll_inst/inst/plle2_adv_inst/CLKOUT1
                         net (fo=1, routed)           2.003     2.261    pll_inst/inst/clk_out2_pll
    BUFGCTRL_X0Y0                                                     r  pll_inst/inst/clkout2_buf/I
    BUFGCTRL_X0Y0        BUFG (Prop_bufg_I_O)         0.083     2.344 r  pll_inst/inst/clkout2_buf/O
                         net (fo=5999, routed)        1.324     3.668    student_top_inst/bridge_inst/clk_out2
    SLICE_X40Y100        FDRE                                         r  student_top_inst/bridge_inst/LED_reg[11]/C
                         clock pessimism             -0.448     3.220    
                         clock uncertainty           -0.077     3.143    
    SLICE_X40Y100        FDRE (Setup_fdre_C_CE)      -0.201     2.942    student_top_inst/bridge_inst/LED_reg[11]
  -------------------------------------------------------------------
                         required time                          2.942    
                         arrival time                          -3.766    
  -------------------------------------------------------------------
                         slack                                 -0.824    

Slack (VIOLATED) :        -0.824ns  (required time - arrival time)
  Source:                 student_top_inst/u_KLDJ_top/u_pipe_id_ex/id_ex_rs1_addr_reg[0]/C
                            (rising edge-triggered cell FDRE clocked by clk_out2_pll  {rise@0.000ns fall@2.857ns period=5.714ns})
  Destination:            student_top_inst/bridge_inst/LED_reg[13]/CE
                            (rising edge-triggered cell FDRE clocked by clk_out2_pll  {rise@0.000ns fall@2.857ns period=5.714ns})
  Path Group:             clk_out2_pll
  Path Type:              Setup (Max at Slow Process Corner)
  Requirement:            5.714ns  (clk_out2_pll rise@5.714ns - clk_out2_pll rise@0.000ns)
  Data Path Delay:        6.201ns  (logic 1.379ns (22.239%)  route 4.822ns (77.761%))
  Logic Levels:           17  (CARRY4=8 LUT2=1 LUT5=4 LUT6=4)
  Clock Path Skew:        -0.060ns (DCD - SCD + CPR)
    Destination Clock Delay (DCD):    -2.047ns = ( 3.668 - 5.714 ) 
    Source Clock Delay      (SCD):    -2.434ns
    Clock Pessimism Removal (CPR):    -0.448ns
  Clock Uncertainty:      0.077ns  ((TSJ^2 + DJ^2)^1/2) / 2 + PE
    Total System Jitter     (TSJ):    0.071ns
    Discrete Jitter          (DJ):    0.137ns
    Phase Error              (PE):    0.000ns

    Location             Delay type                Incr(ns)  Path(ns)    Netlist Resource(s)
  -------------------------------------------------------------------    -------------------
                         (clock clk_out2_pll rise edge)
                                                      0.000     0.000 r  
    AD12                                              0.000     0.000 r  i_sys_clk_p (IN)
                         net (fo=0)                   0.000     0.000    pll_inst/inst/clk_in1_p
    AD12                                                              r  pll_inst/inst/clkin1_ibufgds/I
    AD12                 IBUFDS (Prop_ibufds_I_O)     0.906     0.906 r  pll_inst/inst/clkin1_ibufgds/O
                         net (fo=1, routed)           1.098     2.004    pll_inst/inst/clk_in1_pll
    PLLE2_ADV_X1Y1                                                    r  pll_inst/inst/plle2_adv_inst/CLKIN1
    PLLE2_ADV_X1Y1       PLLE2_ADV (Prop_plle2_adv_CLKIN1_CLKOUT1)
                                                     -8.058    -6.054 r  pll_inst/inst/plle2_adv_inst/CLKOUT1
                         net (fo=1, routed)           2.128    -3.926    pll_inst/inst/clk_out2_pll
    BUFGCTRL_X0Y0                                                     r  pll_inst/inst/clkout2_buf/I
    BUFGCTRL_X0Y0        BUFG (Prop_bufg_I_O)         0.093    -3.833 r  pll_inst/inst/clkout2_buf/O
                         net (fo=5999, routed)        1.399    -2.434    student_top_inst/u_KLDJ_top/u_pipe_id_ex/clk_out2
    SLICE_X83Y109        FDRE                                         r  student_top_inst/u_KLDJ_top/u_pipe_id_ex/id_ex_rs1_addr_reg[0]/C
  -------------------------------------------------------------------    -------------------
    SLICE_X83Y109        FDRE (Prop_fdre_C_Q)         0.223    -2.211 r  student_top_inst/u_KLDJ_top/u_pipe_id_ex/id_ex_rs1_addr_reg[0]/Q
                         net (fo=3, routed)           0.644    -1.567    student_top_inst/u_KLDJ_top/u_pipe_id_ex/id_ex_rs1_addr_reg[4]_0[0]
    SLICE_X82Y111                                                     r  student_top_inst/u_KLDJ_top/u_pipe_id_ex/rs1_q[31]_i_11/I0
    SLICE_X82Y111        LUT6 (Prop_lut6_I0_O)        0.043    -1.524 r  student_top_inst/u_KLDJ_top/u_pipe_id_ex/rs1_q[31]_i_11/O
                         net (fo=32, routed)          0.390    -1.134    student_top_inst/u_KLDJ_top/u_pipe_id_ex/rs1_q[31]_i_11_n_0
    SLICE_X80Y111                                                     r  student_top_inst/u_KLDJ_top/u_pipe_id_ex/rs1_q[0]_i_2/I3
    SLICE_X80Y111        LUT5 (Prop_lut5_I3_O)        0.043    -1.091 r  student_top_inst/u_KLDJ_top/u_pipe_id_ex/rs1_q[0]_i_2/O
                         net (fo=2, routed)           0.451    -0.640    student_top_inst/u_KLDJ_top/u_pipe_id_ex/rs1_q[0]_i_2_n_0
    SLICE_X84Y114                                                     r  student_top_inst/u_KLDJ_top/u_pipe_id_ex/rs1_q[0]_i_1/I2
    SLICE_X84Y114        LUT5 (Prop_lut5_I2_O)        0.043    -0.597 r  student_top_inst/u_KLDJ_top/u_pipe_id_ex/rs1_q[0]_i_1/O
                         net (fo=30, routed)          0.695     0.098    student_top_inst/u_KLDJ_top/u_pipe_id_ex/ex_data1[0]
    SLICE_X79Y106                                                     r  student_top_inst/u_KLDJ_top/u_pipe_id_ex/ex_mem_exu_res[3]_i_8/I0
    SLICE_X79Y106        LUT2 (Prop_lut2_I0_O)        0.043     0.141 r  student_top_inst/u_KLDJ_top/u_pipe_id_ex/ex_mem_exu_res[3]_i_8/O
                         net (fo=1, routed)           0.000     0.141    student_top_inst/u_KLDJ_top/u_pipe_id_ex/ex_mem_exu_res[3]_i_8_n_0
    SLICE_X79Y106                                                     r  student_top_inst/u_KLDJ_top/u_pipe_id_ex/ex_mem_exu_res_reg[3]_i_3/S[0]
    SLICE_X79Y106        CARRY4 (Prop_carry4_S[0]_CO[3])
                                                      0.259     0.400 r  student_top_inst/u_KLDJ_top/u_pipe_id_ex/ex_mem_exu_res_reg[3]_i_3/CO[3]
                         net (fo=1, routed)           0.000     0.400    student_top_inst/u_KLDJ_top/u_pipe_id_ex/ex_mem_exu_res_reg[3]_i_3_n_0
    SLICE_X79Y107                                                     r  student_top_inst/u_KLDJ_top/u_pipe_id_ex/ex_mem_exu_res_reg[7]_i_3/CI
    SLICE_X79Y107        CARRY4 (Prop_carry4_CI_CO[3])
                                                      0.053     0.453 r  student_top_inst/u_KLDJ_top/u_pipe_id_ex/ex_mem_exu_res_reg[7]_i_3/CO[3]
                         net (fo=1, routed)           0.000     0.453    student_top_inst/u_KLDJ_top/u_pipe_id_ex/ex_mem_exu_res_reg[7]_i_3_n_0
    SLICE_X79Y108                                                     r  student_top_inst/u_KLDJ_top/u_pipe_id_ex/ex_mem_exu_res_reg[11]_i_3/CI
    SLICE_X79Y108        CARRY4 (Prop_carry4_CI_CO[3])
                                                      0.053     0.506 r  student_top_inst/u_KLDJ_top/u_pipe_id_ex/ex_mem_exu_res_reg[11]_i_3/CO[3]
                         net (fo=1, routed)           0.000     0.506    student_top_inst/u_KLDJ_top/u_pipe_id_ex/ex_mem_exu_res_reg[11]_i_3_n_0
    SLICE_X79Y109                                                     r  student_top_inst/u_KLDJ_top/u_pipe_id_ex/ex_mem_exu_res_reg[15]_i_3/CI
    SLICE_X79Y109        CARRY4 (Prop_carry4_CI_CO[3])
                                                      0.053     0.559 r  student_top_inst/u_KLDJ_top/u_pipe_id_ex/ex_mem_exu_res_reg[15]_i_3/CO[3]
                         net (fo=1, routed)           0.000     0.559    student_top_inst/u_KLDJ_top/u_pipe_id_ex/ex_mem_exu_res_reg[15]_i_3_n_0
    SLICE_X79Y110                                                     r  student_top_inst/u_KLDJ_top/u_pipe_id_ex/ex_mem_exu_res_reg[19]_i_3/CI
    SLICE_X79Y110        CARRY4 (Prop_carry4_CI_CO[3])
                                                      0.053     0.612 r  student_top_inst/u_KLDJ_top/u_pipe_id_ex/ex_mem_exu_res_reg[19]_i_3/CO[3]
                         net (fo=1, routed)           0.000     0.612    student_top_inst/u_KLDJ_top/u_pipe_id_ex/ex_mem_exu_res_reg[19]_i_3_n_0
    SLICE_X79Y111                                                     r  student_top_inst/u_KLDJ_top/u_pipe_id_ex/ex_mem_exu_res_reg[23]_i_3/CI
    SLICE_X79Y111        CARRY4 (Prop_carry4_CI_CO[3])
                                                      0.053     0.665 r  student_top_inst/u_KLDJ_top/u_pipe_id_ex/ex_mem_exu_res_reg[23]_i_3/CO[3]
                         net (fo=1, routed)           0.000     0.665    student_top_inst/u_KLDJ_top/u_pipe_id_ex/ex_mem_exu_res_reg[23]_i_3_n_0
    SLICE_X79Y112                                                     r  student_top_inst/u_KLDJ_top/u_pipe_id_ex/ex_mem_exu_res_reg[27]_i_3/CI
    SLICE_X79Y112        CARRY4 (Prop_carry4_CI_CO[3])
                                                      0.053     0.718 r  student_top_inst/u_KLDJ_top/u_pipe_id_ex/ex_mem_exu_res_reg[27]_i_3/CO[3]
                         net (fo=1, routed)           0.000     0.718    student_top_inst/u_KLDJ_top/u_pipe_id_ex/ex_mem_exu_res_reg[27]_i_3_n_0
    SLICE_X79Y113                                                     r  student_top_inst/u_KLDJ_top/u_pipe_id_ex/ex_mem_exu_res_reg[31]_i_3/CI
    SLICE_X79Y113        CARRY4 (Prop_carry4_CI_O[0])
                                                      0.111     0.829 f  student_top_inst/u_KLDJ_top/u_pipe_id_ex/ex_mem_exu_res_reg[31]_i_3/O[0]
                         net (fo=2, routed)           0.528     1.357    student_top_inst/u_KLDJ_top/u_pipe_id_ex/ex_mem_exu_res_reg[31]_i_3_n_7
    SLICE_X77Y111                                                     f  student_top_inst/u_KLDJ_top/u_pipe_id_ex/bram_addr_r[15]_i_6/I1
    SLICE_X77Y111        LUT6 (Prop_lut6_I1_O)        0.124     1.481 f  student_top_inst/u_KLDJ_top/u_pipe_id_ex/bram_addr_r[15]_i_6/O
                         net (fo=1, routed)           0.350     1.830    student_top_inst/u_KLDJ_top/u_pipe_id_ex/bram_addr_r[15]_i_6_n_0
    SLICE_X77Y108                                                     f  student_top_inst/u_KLDJ_top/u_pipe_id_ex/bram_addr_r[15]_i_3/I4
    SLICE_X77Y108        LUT5 (Prop_lut5_I4_O)        0.043     1.873 f  student_top_inst/u_KLDJ_top/u_pipe_id_ex/bram_addr_r[15]_i_3/O
                         net (fo=6, routed)           0.372     2.245    student_top_inst/u_KLDJ_top/u_pipe_id_ex/bram_addr_r[15]_i_3_n_0
    SLICE_X77Y105                                                     f  student_top_inst/u_KLDJ_top/u_pipe_id_ex/rd_is_seg_q_i_3/I4
    SLICE_X77Y105        LUT5 (Prop_lut5_I4_O)        0.043     2.288 f  student_top_inst/u_KLDJ_top/u_pipe_id_ex/rd_is_seg_q_i_3/O
                         net (fo=29, routed)          0.463     2.751    student_top_inst/u_KLDJ_top/u_pipe_id_ex/bram_addr_r[15]_i_3_0
    SLICE_X64Y102                                                     f  student_top_inst/u_KLDJ_top/u_pipe_id_ex/LED[31]_i_3/I5
    SLICE_X64Y102        LUT6 (Prop_lut6_I5_O)        0.043     2.794 r  student_top_inst/u_KLDJ_top/u_pipe_id_ex/LED[31]_i_3/O
                         net (fo=3, routed)           0.208     3.003    student_top_inst/u_KLDJ_top/u_pipe_id_ex/LED[31]_i_3_n_0
    SLICE_X60Y102                                                     r  student_top_inst/u_KLDJ_top/u_pipe_id_ex/LED[31]_i_1/I0
    SLICE_X60Y102        LUT6 (Prop_lut6_I0_O)        0.043     3.046 r  student_top_inst/u_KLDJ_top/u_pipe_id_ex/LED[31]_i_1/O
                         net (fo=64, routed)          0.721     3.766    student_top_inst/bridge_inst/E[0]
    SLICE_X40Y100        FDRE                                         r  student_top_inst/bridge_inst/LED_reg[13]/CE
  -------------------------------------------------------------------    -------------------

                         (clock clk_out2_pll rise edge)
                                                      5.714     5.714 r  
    AD12                                              0.000     5.714 r  i_sys_clk_p (IN)
                         net (fo=0)                   0.000     5.714    pll_inst/inst/clk_in1_p
    AD12                                                              r  pll_inst/inst/clkin1_ibufgds/I
    AD12                 IBUFDS (Prop_ibufds_I_O)     0.803     6.518 r  pll_inst/inst/clkin1_ibufgds/O
                         net (fo=1, routed)           1.001     7.519    pll_inst/inst/clk_in1_pll
    PLLE2_ADV_X1Y1                                                    r  pll_inst/inst/plle2_adv_inst/CLKIN1
    PLLE2_ADV_X1Y1       PLLE2_ADV (Prop_plle2_adv_CLKIN1_CLKOUT1)
                                                     -7.261     0.258 r  pll_inst/inst/plle2_adv_inst/CLKOUT1
                         net (fo=1, routed)           2.003     2.261    pll_inst/inst/clk_out2_pll
    BUFGCTRL_X0Y0                                                     r  pll_inst/inst/clkout2_buf/I
    BUFGCTRL_X0Y0        BUFG (Prop_bufg_I_O)         0.083     2.344 r  pll_inst/inst/clkout2_buf/O
                         net (fo=5999, routed)        1.324     3.668    student_top_inst/bridge_inst/clk_out2
    SLICE_X40Y100        FDRE                                         r  student_top_inst/bridge_inst/LED_reg[13]/C
                         clock pessimism             -0.448     3.220    
                         clock uncertainty           -0.077     3.143    
    SLICE_X40Y100        FDRE (Setup_fdre_C_CE)      -0.201     2.942    student_top_inst/bridge_inst/LED_reg[13]
  -------------------------------------------------------------------
                         required time                          2.942    
                         arrival time                          -3.766    
  -------------------------------------------------------------------
                         slack                                 -0.824    

Slack (VIOLATED) :        -0.824ns  (required time - arrival time)
  Source:                 student_top_inst/u_KLDJ_top/u_pipe_id_ex/id_ex_rs1_addr_reg[0]/C
                            (rising edge-triggered cell FDRE clocked by clk_out2_pll  {rise@0.000ns fall@2.857ns period=5.714ns})
  Destination:            student_top_inst/bridge_inst/LED_reg[4]/CE
                            (rising edge-triggered cell FDRE clocked by clk_out2_pll  {rise@0.000ns fall@2.857ns period=5.714ns})
  Path Group:             clk_out2_pll
  Path Type:              Setup (Max at Slow Process Corner)
  Requirement:            5.714ns  (clk_out2_pll rise@5.714ns - clk_out2_pll rise@0.000ns)
  Data Path Delay:        6.201ns  (logic 1.379ns (22.239%)  route 4.822ns (77.761%))
  Logic Levels:           17  (CARRY4=8 LUT2=1 LUT5=4 LUT6=4)
  Clock Path Skew:        -0.060ns (DCD - SCD + CPR)
    Destination Clock Delay (DCD):    -2.047ns = ( 3.668 - 5.714 ) 
    Source Clock Delay      (SCD):    -2.434ns
    Clock Pessimism Removal (CPR):    -0.448ns
  Clock Uncertainty:      0.077ns  ((TSJ^2 + DJ^2)^1/2) / 2 + PE
    Total System Jitter     (TSJ):    0.071ns
    Discrete Jitter          (DJ):    0.137ns
    Phase Error              (PE):    0.000ns

    Location             Delay type                Incr(ns)  Path(ns)    Netlist Resource(s)
  -------------------------------------------------------------------    -------------------
                         (clock clk_out2_pll rise edge)
                                                      0.000     0.000 r  
    AD12                                              0.000     0.000 r  i_sys_clk_p (IN)
                         net (fo=0)                   0.000     0.000    pll_inst/inst/clk_in1_p
    AD12                                                              r  pll_inst/inst/clkin1_ibufgds/I
    AD12                 IBUFDS (Prop_ibufds_I_O)     0.906     0.906 r  pll_inst/inst/clkin1_ibufgds/O
                         net (fo=1, routed)           1.098     2.004    pll_inst/inst/clk_in1_pll
    PLLE2_ADV_X1Y1                                                    r  pll_inst/inst/plle2_adv_inst/CLKIN1
    PLLE2_ADV_X1Y1       PLLE2_ADV (Prop_plle2_adv_CLKIN1_CLKOUT1)
                                                     -8.058    -6.054 r  pll_inst/inst/plle2_adv_inst/CLKOUT1
                         net (fo=1, routed)           2.128    -3.926    pll_inst/inst/clk_out2_pll
    BUFGCTRL_X0Y0                                                     r  pll_inst/inst/clkout2_buf/I
    BUFGCTRL_X0Y0        BUFG (Prop_bufg_I_O)         0.093    -3.833 r  pll_inst/inst/clkout2_buf/O
                         net (fo=5999, routed)        1.399    -2.434    student_top_inst/u_KLDJ_top/u_pipe_id_ex/clk_out2
    SLICE_X83Y109        FDRE                                         r  student_top_inst/u_KLDJ_top/u_pipe_id_ex/id_ex_rs1_addr_reg[0]/C
  -------------------------------------------------------------------    -------------------
    SLICE_X83Y109        FDRE (Prop_fdre_C_Q)         0.223    -2.211 r  student_top_inst/u_KLDJ_top/u_pipe_id_ex/id_ex_rs1_addr_reg[0]/Q
                         net (fo=3, routed)           0.644    -1.567    student_top_inst/u_KLDJ_top/u_pipe_id_ex/id_ex_rs1_addr_reg[4]_0[0]
    SLICE_X82Y111                                                     r  student_top_inst/u_KLDJ_top/u_pipe_id_ex/rs1_q[31]_i_11/I0
    SLICE_X82Y111        LUT6 (Prop_lut6_I0_O)        0.043    -1.524 r  student_top_inst/u_KLDJ_top/u_pipe_id_ex/rs1_q[31]_i_11/O
                         net (fo=32, routed)          0.390    -1.134    student_top_inst/u_KLDJ_top/u_pipe_id_ex/rs1_q[31]_i_11_n_0
    SLICE_X80Y111                                                     r  student_top_inst/u_KLDJ_top/u_pipe_id_ex/rs1_q[0]_i_2/I3
    SLICE_X80Y111        LUT5 (Prop_lut5_I3_O)        0.043    -1.091 r  student_top_inst/u_KLDJ_top/u_pipe_id_ex/rs1_q[0]_i_2/O
                         net (fo=2, routed)           0.451    -0.640    student_top_inst/u_KLDJ_top/u_pipe_id_ex/rs1_q[0]_i_2_n_0
    SLICE_X84Y114                                                     r  student_top_inst/u_KLDJ_top/u_pipe_id_ex/rs1_q[0]_i_1/I2
    SLICE_X84Y114        LUT5 (Prop_lut5_I2_O)        0.043    -0.597 r  student_top_inst/u_KLDJ_top/u_pipe_id_ex/rs1_q[0]_i_1/O
                         net (fo=30, routed)          0.695     0.098    student_top_inst/u_KLDJ_top/u_pipe_id_ex/ex_data1[0]
    SLICE_X79Y106                                                     r  student_top_inst/u_KLDJ_top/u_pipe_id_ex/ex_mem_exu_res[3]_i_8/I0
    SLICE_X79Y106        LUT2 (Prop_lut2_I0_O)        0.043     0.141 r  student_top_inst/u_KLDJ_top/u_pipe_id_ex/ex_mem_exu_res[3]_i_8/O
                         net (fo=1, routed)           0.000     0.141    student_top_inst/u_KLDJ_top/u_pipe_id_ex/ex_mem_exu_res[3]_i_8_n_0
    SLICE_X79Y106                                                     r  student_top_inst/u_KLDJ_top/u_pipe_id_ex/ex_mem_exu_res_reg[3]_i_3/S[0]
    SLICE_X79Y106        CARRY4 (Prop_carry4_S[0]_CO[3])
                                                      0.259     0.400 r  student_top_inst/u_KLDJ_top/u_pipe_id_ex/ex_mem_exu_res_reg[3]_i_3/CO[3]
                         net (fo=1, routed)           0.000     0.400    student_top_inst/u_KLDJ_top/u_pipe_id_ex/ex_mem_exu_res_reg[3]_i_3_n_0
    SLICE_X79Y107                                                     r  student_top_inst/u_KLDJ_top/u_pipe_id_ex/ex_mem_exu_res_reg[7]_i_3/CI
    SLICE_X79Y107        CARRY4 (Prop_carry4_CI_CO[3])
                                                      0.053     0.453 r  student_top_inst/u_KLDJ_top/u_pipe_id_ex/ex_mem_exu_res_reg[7]_i_3/CO[3]
                         net (fo=1, routed)           0.000     0.453    student_top_inst/u_KLDJ_top/u_pipe_id_ex/ex_mem_exu_res_reg[7]_i_3_n_0
    SLICE_X79Y108                                                     r  student_top_inst/u_KLDJ_top/u_pipe_id_ex/ex_mem_exu_res_reg[11]_i_3/CI
    SLICE_X79Y108        CARRY4 (Prop_carry4_CI_CO[3])
                                                      0.053     0.506 r  student_top_inst/u_KLDJ_top/u_pipe_id_ex/ex_mem_exu_res_reg[11]_i_3/CO[3]
                         net (fo=1, routed)           0.000     0.506    student_top_inst/u_KLDJ_top/u_pipe_id_ex/ex_mem_exu_res_reg[11]_i_3_n_0
    SLICE_X79Y109                                                     r  student_top_inst/u_KLDJ_top/u_pipe_id_ex/ex_mem_exu_res_reg[15]_i_3/CI
    SLICE_X79Y109        CARRY4 (Prop_carry4_CI_CO[3])
                                                      0.053     0.559 r  student_top_inst/u_KLDJ_top/u_pipe_id_ex/ex_mem_exu_res_reg[15]_i_3/CO[3]
                         net (fo=1, routed)           0.000     0.559    student_top_inst/u_KLDJ_top/u_pipe_id_ex/ex_mem_exu_res_reg[15]_i_3_n_0
    SLICE_X79Y110                                                     r  student_top_inst/u_KLDJ_top/u_pipe_id_ex/ex_mem_exu_res_reg[19]_i_3/CI
    SLICE_X79Y110        CARRY4 (Prop_carry4_CI_CO[3])
                                                      0.053     0.612 r  student_top_inst/u_KLDJ_top/u_pipe_id_ex/ex_mem_exu_res_reg[19]_i_3/CO[3]
                         net (fo=1, routed)           0.000     0.612    student_top_inst/u_KLDJ_top/u_pipe_id_ex/ex_mem_exu_res_reg[19]_i_3_n_0
    SLICE_X79Y111                                                     r  student_top_inst/u_KLDJ_top/u_pipe_id_ex/ex_mem_exu_res_reg[23]_i_3/CI
    SLICE_X79Y111        CARRY4 (Prop_carry4_CI_CO[3])
                                                      0.053     0.665 r  student_top_inst/u_KLDJ_top/u_pipe_id_ex/ex_mem_exu_res_reg[23]_i_3/CO[3]
                         net (fo=1, routed)           0.000     0.665    student_top_inst/u_KLDJ_top/u_pipe_id_ex/ex_mem_exu_res_reg[23]_i_3_n_0
    SLICE_X79Y112                                                     r  student_top_inst/u_KLDJ_top/u_pipe_id_ex/ex_mem_exu_res_reg[27]_i_3/CI
    SLICE_X79Y112        CARRY4 (Prop_carry4_CI_CO[3])
                                                      0.053     0.718 r  student_top_inst/u_KLDJ_top/u_pipe_id_ex/ex_mem_exu_res_reg[27]_i_3/CO[3]
                         net (fo=1, routed)           0.000     0.718    student_top_inst/u_KLDJ_top/u_pipe_id_ex/ex_mem_exu_res_reg[27]_i_3_n_0
    SLICE_X79Y113                                                     r  student_top_inst/u_KLDJ_top/u_pipe_id_ex/ex_mem_exu_res_reg[31]_i_3/CI
    SLICE_X79Y113        CARRY4 (Prop_carry4_CI_O[0])
                                                      0.111     0.829 f  student_top_inst/u_KLDJ_top/u_pipe_id_ex/ex_mem_exu_res_reg[31]_i_3/O[0]
                         net (fo=2, routed)           0.528     1.357    student_top_inst/u_KLDJ_top/u_pipe_id_ex/ex_mem_exu_res_reg[31]_i_3_n_7
    SLICE_X77Y111                                                     f  student_top_inst/u_KLDJ_top/u_pipe_id_ex/bram_addr_r[15]_i_6/I1
    SLICE_X77Y111        LUT6 (Prop_lut6_I1_O)        0.124     1.481 f  student_top_inst/u_KLDJ_top/u_pipe_id_ex/bram_addr_r[15]_i_6/O
                         net (fo=1, routed)           0.350     1.830    student_top_inst/u_KLDJ_top/u_pipe_id_ex/bram_addr_r[15]_i_6_n_0
    SLICE_X77Y108                                                     f  student_top_inst/u_KLDJ_top/u_pipe_id_ex/bram_addr_r[15]_i_3/I4
    SLICE_X77Y108        LUT5 (Prop_lut5_I4_O)        0.043     1.873 f  student_top_inst/u_KLDJ_top/u_pipe_id_ex/bram_addr_r[15]_i_3/O
                         net (fo=6, routed)           0.372     2.245    student_top_inst/u_KLDJ_top/u_pipe_id_ex/bram_addr_r[15]_i_3_n_0
    SLICE_X77Y105                                                     f  student_top_inst/u_KLDJ_top/u_pipe_id_ex/rd_is_seg_q_i_3/I4
    SLICE_X77Y105        LUT5 (Prop_lut5_I4_O)        0.043     2.288 f  student_top_inst/u_KLDJ_top/u_pipe_id_ex/rd_is_seg_q_i_3/O
                         net (fo=29, routed)          0.463     2.751    student_top_inst/u_KLDJ_top/u_pipe_id_ex/bram_addr_r[15]_i_3_0
    SLICE_X64Y102                                                     f  student_top_inst/u_KLDJ_top/u_pipe_id_ex/LED[31]_i_3/I5
    SLICE_X64Y102        LUT6 (Prop_lut6_I5_O)        0.043     2.794 r  student_top_inst/u_KLDJ_top/u_pipe_id_ex/LED[31]_i_3/O
                         net (fo=3, routed)           0.208     3.003    student_top_inst/u_KLDJ_top/u_pipe_id_ex/LED[31]_i_3_n_0
    SLICE_X60Y102                                                     r  student_top_inst/u_KLDJ_top/u_pipe_id_ex/LED[31]_i_1/I0
    SLICE_X60Y102        LUT6 (Prop_lut6_I0_O)        0.043     3.046 r  student_top_inst/u_KLDJ_top/u_pipe_id_ex/LED[31]_i_1/O
                         net (fo=64, routed)          0.721     3.766    student_top_inst/bridge_inst/E[0]
    SLICE_X40Y100        FDRE                                         r  student_top_inst/bridge_inst/LED_reg[4]/CE
  -------------------------------------------------------------------    -------------------

                         (clock clk_out2_pll rise edge)
                                                      5.714     5.714 r  
    AD12                                              0.000     5.714 r  i_sys_clk_p (IN)
                         net (fo=0)                   0.000     5.714    pll_inst/inst/clk_in1_p
    AD12                                                              r  pll_inst/inst/clkin1_ibufgds/I
    AD12                 IBUFDS (Prop_ibufds_I_O)     0.803     6.518 r  pll_inst/inst/clkin1_ibufgds/O
                         net (fo=1, routed)           1.001     7.519    pll_inst/inst/clk_in1_pll
    PLLE2_ADV_X1Y1                                                    r  pll_inst/inst/plle2_adv_inst/CLKIN1
    PLLE2_ADV_X1Y1       PLLE2_ADV (Prop_plle2_adv_CLKIN1_CLKOUT1)
                                                     -7.261     0.258 r  pll_inst/inst/plle2_adv_inst/CLKOUT1
                         net (fo=1, routed)           2.003     2.261    pll_inst/inst/clk_out2_pll
    BUFGCTRL_X0Y0                                                     r  pll_inst/inst/clkout2_buf/I
    BUFGCTRL_X0Y0        BUFG (Prop_bufg_I_O)         0.083     2.344 r  pll_inst/inst/clkout2_buf/O
                         net (fo=5999, routed)        1.324     3.668    student_top_inst/bridge_inst/clk_out2
    SLICE_X40Y100        FDRE                                         r  student_top_inst/bridge_inst/LED_reg[4]/C
                         clock pessimism             -0.448     3.220    
                         clock uncertainty           -0.077     3.143    
    SLICE_X40Y100        FDRE (Setup_fdre_C_CE)      -0.201     2.942    student_top_inst/bridge_inst/LED_reg[4]
  -------------------------------------------------------------------
                         required time                          2.942    
                         arrival time                          -3.766    
  -------------------------------------------------------------------
                         slack                                 -0.824    

Slack (VIOLATED) :        -0.824ns  (required time - arrival time)
  Source:                 student_top_inst/u_KLDJ_top/u_pipe_id_ex/id_ex_rs1_addr_reg[0]/C
                            (rising edge-triggered cell FDRE clocked by clk_out2_pll  {rise@0.000ns fall@2.857ns period=5.714ns})
  Destination:            student_top_inst/bridge_inst/LED_reg[9]/CE
                            (rising edge-triggered cell FDRE clocked by clk_out2_pll  {rise@0.000ns fall@2.857ns period=5.714ns})
  Path Group:             clk_out2_pll
  Path Type:              Setup (Max at Slow Process Corner)
  Requirement:            5.714ns  (clk_out2_pll rise@5.714ns - clk_out2_pll rise@0.000ns)
  Data Path Delay:        6.201ns  (logic 1.379ns (22.239%)  route 4.822ns (77.761%))
  Logic Levels:           17  (CARRY4=8 LUT2=1 LUT5=4 LUT6=4)
  Clock Path Skew:        -0.060ns (DCD - SCD + CPR)
    Destination Clock Delay (DCD):    -2.047ns = ( 3.668 - 5.714 ) 
    Source Clock Delay      (SCD):    -2.434ns
    Clock Pessimism Removal (CPR):    -0.448ns
  Clock Uncertainty:      0.077ns  ((TSJ^2 + DJ^2)^1/2) / 2 + PE
    Total System Jitter     (TSJ):    0.071ns
    Discrete Jitter          (DJ):    0.137ns
    Phase Error              (PE):    0.000ns

    Location             Delay type                Incr(ns)  Path(ns)    Netlist Resource(s)
  -------------------------------------------------------------------    -------------------
                         (clock clk_out2_pll rise edge)
                                                      0.000     0.000 r  
    AD12                                              0.000     0.000 r  i_sys_clk_p (IN)
                         net (fo=0)                   0.000     0.000    pll_inst/inst/clk_in1_p
    AD12                                                              r  pll_inst/inst/clkin1_ibufgds/I
    AD12                 IBUFDS (Prop_ibufds_I_O)     0.906     0.906 r  pll_inst/inst/clkin1_ibufgds/O
                         net (fo=1, routed)           1.098     2.004    pll_inst/inst/clk_in1_pll
    PLLE2_ADV_X1Y1                                                    r  pll_inst/inst/plle2_adv_inst/CLKIN1
    PLLE2_ADV_X1Y1       PLLE2_ADV (Prop_plle2_adv_CLKIN1_CLKOUT1)
                                                     -8.058    -6.054 r  pll_inst/inst/plle2_adv_inst/CLKOUT1
                         net (fo=1, routed)           2.128    -3.926    pll_inst/inst/clk_out2_pll
    BUFGCTRL_X0Y0                                                     r  pll_inst/inst/clkout2_buf/I
    BUFGCTRL_X0Y0        BUFG (Prop_bufg_I_O)         0.093    -3.833 r  pll_inst/inst/clkout2_buf/O
                         net (fo=5999, routed)        1.399    -2.434    student_top_inst/u_KLDJ_top/u_pipe_id_ex/clk_out2
    SLICE_X83Y109        FDRE                                         r  student_top_inst/u_KLDJ_top/u_pipe_id_ex/id_ex_rs1_addr_reg[0]/C
  -------------------------------------------------------------------    -------------------
    SLICE_X83Y109        FDRE (Prop_fdre_C_Q)         0.223    -2.211 r  student_top_inst/u_KLDJ_top/u_pipe_id_ex/id_ex_rs1_addr_reg[0]/Q
                         net (fo=3, routed)           0.644    -1.567    student_top_inst/u_KLDJ_top/u_pipe_id_ex/id_ex_rs1_addr_reg[4]_0[0]
    SLICE_X82Y111                                                     r  student_top_inst/u_KLDJ_top/u_pipe_id_ex/rs1_q[31]_i_11/I0
    SLICE_X82Y111        LUT6 (Prop_lut6_I0_O)        0.043    -1.524 r  student_top_inst/u_KLDJ_top/u_pipe_id_ex/rs1_q[31]_i_11/O
                         net (fo=32, routed)          0.390    -1.134    student_top_inst/u_KLDJ_top/u_pipe_id_ex/rs1_q[31]_i_11_n_0
    SLICE_X80Y111                                                     r  student_top_inst/u_KLDJ_top/u_pipe_id_ex/rs1_q[0]_i_2/I3
    SLICE_X80Y111        LUT5 (Prop_lut5_I3_O)        0.043    -1.091 r  student_top_inst/u_KLDJ_top/u_pipe_id_ex/rs1_q[0]_i_2/O
                         net (fo=2, routed)           0.451    -0.640    student_top_inst/u_KLDJ_top/u_pipe_id_ex/rs1_q[0]_i_2_n_0
    SLICE_X84Y114                                                     r  student_top_inst/u_KLDJ_top/u_pipe_id_ex/rs1_q[0]_i_1/I2
    SLICE_X84Y114        LUT5 (Prop_lut5_I2_O)        0.043    -0.597 r  student_top_inst/u_KLDJ_top/u_pipe_id_ex/rs1_q[0]_i_1/O
                         net (fo=30, routed)          0.695     0.098    student_top_inst/u_KLDJ_top/u_pipe_id_ex/ex_data1[0]
    SLICE_X79Y106                                                     r  student_top_inst/u_KLDJ_top/u_pipe_id_ex/ex_mem_exu_res[3]_i_8/I0
    SLICE_X79Y106        LUT2 (Prop_lut2_I0_O)        0.043     0.141 r  student_top_inst/u_KLDJ_top/u_pipe_id_ex/ex_mem_exu_res[3]_i_8/O
                         net (fo=1, routed)           0.000     0.141    student_top_inst/u_KLDJ_top/u_pipe_id_ex/ex_mem_exu_res[3]_i_8_n_0
    SLICE_X79Y106                                                     r  student_top_inst/u_KLDJ_top/u_pipe_id_ex/ex_mem_exu_res_reg[3]_i_3/S[0]
    SLICE_X79Y106        CARRY4 (Prop_carry4_S[0]_CO[3])
                                                      0.259     0.400 r  student_top_inst/u_KLDJ_top/u_pipe_id_ex/ex_mem_exu_res_reg[3]_i_3/CO[3]
                         net (fo=1, routed)           0.000     0.400    student_top_inst/u_KLDJ_top/u_pipe_id_ex/ex_mem_exu_res_reg[3]_i_3_n_0
    SLICE_X79Y107                                                     r  student_top_inst/u_KLDJ_top/u_pipe_id_ex/ex_mem_exu_res_reg[7]_i_3/CI
    SLICE_X79Y107        CARRY4 (Prop_carry4_CI_CO[3])
                                                      0.053     0.453 r  student_top_inst/u_KLDJ_top/u_pipe_id_ex/ex_mem_exu_res_reg[7]_i_3/CO[3]
                         net (fo=1, routed)           0.000     0.453    student_top_inst/u_KLDJ_top/u_pipe_id_ex/ex_mem_exu_res_reg[7]_i_3_n_0
    SLICE_X79Y108                                                     r  student_top_inst/u_KLDJ_top/u_pipe_id_ex/ex_mem_exu_res_reg[11]_i_3/CI
    SLICE_X79Y108        CARRY4 (Prop_carry4_CI_CO[3])
                                                      0.053     0.506 r  student_top_inst/u_KLDJ_top/u_pipe_id_ex/ex_mem_exu_res_reg[11]_i_3/CO[3]
                         net (fo=1, routed)           0.000     0.506    student_top_inst/u_KLDJ_top/u_pipe_id_ex/ex_mem_exu_res_reg[11]_i_3_n_0
    SLICE_X79Y109                                                     r  student_top_inst/u_KLDJ_top/u_pipe_id_ex/ex_mem_exu_res_reg[15]_i_3/CI
    SLICE_X79Y109        CARRY4 (Prop_carry4_CI_CO[3])
                                                      0.053     0.559 r  student_top_inst/u_KLDJ_top/u_pipe_id_ex/ex_mem_exu_res_reg[15]_i_3/CO[3]
                         net (fo=1, routed)           0.000     0.559    student_top_inst/u_KLDJ_top/u_pipe_id_ex/ex_mem_exu_res_reg[15]_i_3_n_0
    SLICE_X79Y110                                                     r  student_top_inst/u_KLDJ_top/u_pipe_id_ex/ex_mem_exu_res_reg[19]_i_3/CI
    SLICE_X79Y110        CARRY4 (Prop_carry4_CI_CO[3])
                                                      0.053     0.612 r  student_top_inst/u_KLDJ_top/u_pipe_id_ex/ex_mem_exu_res_reg[19]_i_3/CO[3]
                         net (fo=1, routed)           0.000     0.612    student_top_inst/u_KLDJ_top/u_pipe_id_ex/ex_mem_exu_res_reg[19]_i_3_n_0
    SLICE_X79Y111                                                     r  student_top_inst/u_KLDJ_top/u_pipe_id_ex/ex_mem_exu_res_reg[23]_i_3/CI
    SLICE_X79Y111        CARRY4 (Prop_carry4_CI_CO[3])
                                                      0.053     0.665 r  student_top_inst/u_KLDJ_top/u_pipe_id_ex/ex_mem_exu_res_reg[23]_i_3/CO[3]
                         net (fo=1, routed)           0.000     0.665    student_top_inst/u_KLDJ_top/u_pipe_id_ex/ex_mem_exu_res_reg[23]_i_3_n_0
    SLICE_X79Y112                                                     r  student_top_inst/u_KLDJ_top/u_pipe_id_ex/ex_mem_exu_res_reg[27]_i_3/CI
    SLICE_X79Y112        CARRY4 (Prop_carry4_CI_CO[3])
                                                      0.053     0.718 r  student_top_inst/u_KLDJ_top/u_pipe_id_ex/ex_mem_exu_res_reg[27]_i_3/CO[3]
                         net (fo=1, routed)           0.000     0.718    student_top_inst/u_KLDJ_top/u_pipe_id_ex/ex_mem_exu_res_reg[27]_i_3_n_0
    SLICE_X79Y113                                                     r  student_top_inst/u_KLDJ_top/u_pipe_id_ex/ex_mem_exu_res_reg[31]_i_3/CI
    SLICE_X79Y113        CARRY4 (Prop_carry4_CI_O[0])
                                                      0.111     0.829 f  student_top_inst/u_KLDJ_top/u_pipe_id_ex/ex_mem_exu_res_reg[31]_i_3/O[0]
                         net (fo=2, routed)           0.528     1.357    student_top_inst/u_KLDJ_top/u_pipe_id_ex/ex_mem_exu_res_reg[31]_i_3_n_7
    SLICE_X77Y111                                                     f  student_top_inst/u_KLDJ_top/u_pipe_id_ex/bram_addr_r[15]_i_6/I1
    SLICE_X77Y111        LUT6 (Prop_lut6_I1_O)        0.124     1.481 f  student_top_inst/u_KLDJ_top/u_pipe_id_ex/bram_addr_r[15]_i_6/O
                         net (fo=1, routed)           0.350     1.830    student_top_inst/u_KLDJ_top/u_pipe_id_ex/bram_addr_r[15]_i_6_n_0
    SLICE_X77Y108                                                     f  student_top_inst/u_KLDJ_top/u_pipe_id_ex/bram_addr_r[15]_i_3/I4
    SLICE_X77Y108        LUT5 (Prop_lut5_I4_O)        0.043     1.873 f  student_top_inst/u_KLDJ_top/u_pipe_id_ex/bram_addr_r[15]_i_3/O
                         net (fo=6, routed)           0.372     2.245    student_top_inst/u_KLDJ_top/u_pipe_id_ex/bram_addr_r[15]_i_3_n_0
    SLICE_X77Y105                                                     f  student_top_inst/u_KLDJ_top/u_pipe_id_ex/rd_is_seg_q_i_3/I4
    SLICE_X77Y105        LUT5 (Prop_lut5_I4_O)        0.043     2.288 f  student_top_inst/u_KLDJ_top/u_pipe_id_ex/rd_is_seg_q_i_3/O
                         net (fo=29, routed)          0.463     2.751    student_top_inst/u_KLDJ_top/u_pipe_id_ex/bram_addr_r[15]_i_3_0
    SLICE_X64Y102                                                     f  student_top_inst/u_KLDJ_top/u_pipe_id_ex/LED[31]_i_3/I5
    SLICE_X64Y102        LUT6 (Prop_lut6_I5_O)        0.043     2.794 r  student_top_inst/u_KLDJ_top/u_pipe_id_ex/LED[31]_i_3/O
                         net (fo=3, routed)           0.208     3.003    student_top_inst/u_KLDJ_top/u_pipe_id_ex/LED[31]_i_3_n_0
    SLICE_X60Y102                                                     r  student_top_inst/u_KLDJ_top/u_pipe_id_ex/LED[31]_i_1/I0
    SLICE_X60Y102        LUT6 (Prop_lut6_I0_O)        0.043     3.046 r  student_top_inst/u_KLDJ_top/u_pipe_id_ex/LED[31]_i_1/O
                         net (fo=64, routed)          0.721     3.766    student_top_inst/bridge_inst/E[0]
    SLICE_X40Y100        FDRE                                         r  student_top_inst/bridge_inst/LED_reg[9]/CE
  -------------------------------------------------------------------    -------------------

                         (clock clk_out2_pll rise edge)
                                                      5.714     5.714 r  
    AD12                                              0.000     5.714 r  i_sys_clk_p (IN)
                         net (fo=0)                   0.000     5.714    pll_inst/inst/clk_in1_p
    AD12                                                              r  pll_inst/inst/clkin1_ibufgds/I
    AD12                 IBUFDS (Prop_ibufds_I_O)     0.803     6.518 r  pll_inst/inst/clkin1_ibufgds/O
                         net (fo=1, routed)           1.001     7.519    pll_inst/inst/clk_in1_pll
    PLLE2_ADV_X1Y1                                                    r  pll_inst/inst/plle2_adv_inst/CLKIN1
    PLLE2_ADV_X1Y1       PLLE2_ADV (Prop_plle2_adv_CLKIN1_CLKOUT1)
                                                     -7.261     0.258 r  pll_inst/inst/plle2_adv_inst/CLKOUT1
                         net (fo=1, routed)           2.003     2.261    pll_inst/inst/clk_out2_pll
    BUFGCTRL_X0Y0                                                     r  pll_inst/inst/clkout2_buf/I
    BUFGCTRL_X0Y0        BUFG (Prop_bufg_I_O)         0.083     2.344 r  pll_inst/inst/clkout2_buf/O
                         net (fo=5999, routed)        1.324     3.668    student_top_inst/bridge_inst/clk_out2
    SLICE_X40Y100        FDRE                                         r  student_top_inst/bridge_inst/LED_reg[9]/C
                         clock pessimism             -0.448     3.220    
                         clock uncertainty           -0.077     3.143    
    SLICE_X40Y100        FDRE (Setup_fdre_C_CE)      -0.201     2.942    student_top_inst/bridge_inst/LED_reg[9]
  -------------------------------------------------------------------
                         required time                          2.942    
                         arrival time                          -3.766    
  -------------------------------------------------------------------
                         slack                                 -0.824    

Slack (VIOLATED) :        -0.822ns  (required time - arrival time)
  Source:                 student_top_inst/u_KLDJ_top/u_pipe_id_ex/id_ex_rs1_addr_reg[0]/C
                            (rising edge-triggered cell FDRE clocked by clk_out2_pll  {rise@0.000ns fall@2.857ns period=5.714ns})
  Destination:            student_top_inst/bridge_inst/LED_reg[26]_lopt_replica/CE
                            (rising edge-triggered cell FDRE clocked by clk_out2_pll  {rise@0.000ns fall@2.857ns period=5.714ns})
  Path Group:             clk_out2_pll
  Path Type:              Setup (Max at Slow Process Corner)
  Requirement:            5.714ns  (clk_out2_pll rise@5.714ns - clk_out2_pll rise@0.000ns)
  Data Path Delay:        6.219ns  (logic 1.379ns (22.176%)  route 4.840ns (77.824%))
  Logic Levels:           17  (CARRY4=8 LUT2=1 LUT5=4 LUT6=4)
  Clock Path Skew:        -0.063ns (DCD - SCD + CPR)
    Destination Clock Delay (DCD):    -2.050ns = ( 3.665 - 5.714 ) 
    Source Clock Delay      (SCD):    -2.434ns
    Clock Pessimism Removal (CPR):    -0.448ns
  Clock Uncertainty:      0.077ns  ((TSJ^2 + DJ^2)^1/2) / 2 + PE
    Total System Jitter     (TSJ):    0.071ns
    Discrete Jitter          (DJ):    0.137ns
    Phase Error              (PE):    0.000ns

    Location             Delay type                Incr(ns)  Path(ns)    Netlist Resource(s)
  -------------------------------------------------------------------    -------------------
                         (clock clk_out2_pll rise edge)
                                                      0.000     0.000 r  
    AD12                                              0.000     0.000 r  i_sys_clk_p (IN)
                         net (fo=0)                   0.000     0.000    pll_inst/inst/clk_in1_p
    AD12                                                              r  pll_inst/inst/clkin1_ibufgds/I
    AD12                 IBUFDS (Prop_ibufds_I_O)     0.906     0.906 r  pll_inst/inst/clkin1_ibufgds/O
                         net (fo=1, routed)           1.098     2.004    pll_inst/inst/clk_in1_pll
    PLLE2_ADV_X1Y1                                                    r  pll_inst/inst/plle2_adv_inst/CLKIN1
    PLLE2_ADV_X1Y1       PLLE2_ADV (Prop_plle2_adv_CLKIN1_CLKOUT1)
                                                     -8.058    -6.054 r  pll_inst/inst/plle2_adv_inst/CLKOUT1
                         net (fo=1, routed)           2.128    -3.926    pll_inst/inst/clk_out2_pll
    BUFGCTRL_X0Y0                                                     r  pll_inst/inst/clkout2_buf/I
    BUFGCTRL_X0Y0        BUFG (Prop_bufg_I_O)         0.093    -3.833 r  pll_inst/inst/clkout2_buf/O
                         net (fo=5999, routed)        1.399    -2.434    student_top_inst/u_KLDJ_top/u_pipe_id_ex/clk_out2
    SLICE_X83Y109        FDRE                                         r  student_top_inst/u_KLDJ_top/u_pipe_id_ex/id_ex_rs1_addr_reg[0]/C
  -------------------------------------------------------------------    -------------------
    SLICE_X83Y109        FDRE (Prop_fdre_C_Q)         0.223    -2.211 r  student_top_inst/u_KLDJ_top/u_pipe_id_ex/id_ex_rs1_addr_reg[0]/Q
                         net (fo=3, routed)           0.644    -1.567    student_top_inst/u_KLDJ_top/u_pipe_id_ex/id_ex_rs1_addr_reg[4]_0[0]
    SLICE_X82Y111                                                     r  student_top_inst/u_KLDJ_top/u_pipe_id_ex/rs1_q[31]_i_11/I0
    SLICE_X82Y111        LUT6 (Prop_lut6_I0_O)        0.043    -1.524 r  student_top_inst/u_KLDJ_top/u_pipe_id_ex/rs1_q[31]_i_11/O
                         net (fo=32, routed)          0.390    -1.134    student_top_inst/u_KLDJ_top/u_pipe_id_ex/rs1_q[31]_i_11_n_0
    SLICE_X80Y111                                                     r  student_top_inst/u_KLDJ_top/u_pipe_id_ex/rs1_q[0]_i_2/I3
    SLICE_X80Y111        LUT5 (Prop_lut5_I3_O)        0.043    -1.091 r  student_top_inst/u_KLDJ_top/u_pipe_id_ex/rs1_q[0]_i_2/O
                         net (fo=2, routed)           0.451    -0.640    student_top_inst/u_KLDJ_top/u_pipe_id_ex/rs1_q[0]_i_2_n_0
    SLICE_X84Y114                                                     r  student_top_inst/u_KLDJ_top/u_pipe_id_ex/rs1_q[0]_i_1/I2
    SLICE_X84Y114        LUT5 (Prop_lut5_I2_O)        0.043    -0.597 r  student_top_inst/u_KLDJ_top/u_pipe_id_ex/rs1_q[0]_i_1/O
                         net (fo=30, routed)          0.695     0.098    student_top_inst/u_KLDJ_top/u_pipe_id_ex/ex_data1[0]
    SLICE_X79Y106                                                     r  student_top_inst/u_KLDJ_top/u_pipe_id_ex/ex_mem_exu_res[3]_i_8/I0
    SLICE_X79Y106        LUT2 (Prop_lut2_I0_O)        0.043     0.141 r  student_top_inst/u_KLDJ_top/u_pipe_id_ex/ex_mem_exu_res[3]_i_8/O
                         net (fo=1, routed)           0.000     0.141    student_top_inst/u_KLDJ_top/u_pipe_id_ex/ex_mem_exu_res[3]_i_8_n_0
    SLICE_X79Y106                                                     r  student_top_inst/u_KLDJ_top/u_pipe_id_ex/ex_mem_exu_res_reg[3]_i_3/S[0]
    SLICE_X79Y106        CARRY4 (Prop_carry4_S[0]_CO[3])
                                                      0.259     0.400 r  student_top_inst/u_KLDJ_top/u_pipe_id_ex/ex_mem_exu_res_reg[3]_i_3/CO[3]
                         net (fo=1, routed)           0.000     0.400    student_top_inst/u_KLDJ_top/u_pipe_id_ex/ex_mem_exu_res_reg[3]_i_3_n_0
    SLICE_X79Y107                                                     r  student_top_inst/u_KLDJ_top/u_pipe_id_ex/ex_mem_exu_res_reg[7]_i_3/CI
    SLICE_X79Y107        CARRY4 (Prop_carry4_CI_CO[3])
                                                      0.053     0.453 r  student_top_inst/u_KLDJ_top/u_pipe_id_ex/ex_mem_exu_res_reg[7]_i_3/CO[3]
                         net (fo=1, routed)           0.000     0.453    student_top_inst/u_KLDJ_top/u_pipe_id_ex/ex_mem_exu_res_reg[7]_i_3_n_0
    SLICE_X79Y108                                                     r  student_top_inst/u_KLDJ_top/u_pipe_id_ex/ex_mem_exu_res_reg[11]_i_3/CI
    SLICE_X79Y108        CARRY4 (Prop_carry4_CI_CO[3])
                                                      0.053     0.506 r  student_top_inst/u_KLDJ_top/u_pipe_id_ex/ex_mem_exu_res_reg[11]_i_3/CO[3]
                         net (fo=1, routed)           0.000     0.506    student_top_inst/u_KLDJ_top/u_pipe_id_ex/ex_mem_exu_res_reg[11]_i_3_n_0
    SLICE_X79Y109                                                     r  student_top_inst/u_KLDJ_top/u_pipe_id_ex/ex_mem_exu_res_reg[15]_i_3/CI
    SLICE_X79Y109        CARRY4 (Prop_carry4_CI_CO[3])
                                                      0.053     0.559 r  student_top_inst/u_KLDJ_top/u_pipe_id_ex/ex_mem_exu_res_reg[15]_i_3/CO[3]
                         net (fo=1, routed)           0.000     0.559    student_top_inst/u_KLDJ_top/u_pipe_id_ex/ex_mem_exu_res_reg[15]_i_3_n_0
    SLICE_X79Y110                                                     r  student_top_inst/u_KLDJ_top/u_pipe_id_ex/ex_mem_exu_res_reg[19]_i_3/CI
    SLICE_X79Y110        CARRY4 (Prop_carry4_CI_CO[3])
                                                      0.053     0.612 r  student_top_inst/u_KLDJ_top/u_pipe_id_ex/ex_mem_exu_res_reg[19]_i_3/CO[3]
                         net (fo=1, routed)           0.000     0.612    student_top_inst/u_KLDJ_top/u_pipe_id_ex/ex_mem_exu_res_reg[19]_i_3_n_0
    SLICE_X79Y111                                                     r  student_top_inst/u_KLDJ_top/u_pipe_id_ex/ex_mem_exu_res_reg[23]_i_3/CI
    SLICE_X79Y111        CARRY4 (Prop_carry4_CI_CO[3])
                                                      0.053     0.665 r  student_top_inst/u_KLDJ_top/u_pipe_id_ex/ex_mem_exu_res_reg[23]_i_3/CO[3]
                         net (fo=1, routed)           0.000     0.665    student_top_inst/u_KLDJ_top/u_pipe_id_ex/ex_mem_exu_res_reg[23]_i_3_n_0
    SLICE_X79Y112                                                     r  student_top_inst/u_KLDJ_top/u_pipe_id_ex/ex_mem_exu_res_reg[27]_i_3/CI
    SLICE_X79Y112        CARRY4 (Prop_carry4_CI_CO[3])
                                                      0.053     0.718 r  student_top_inst/u_KLDJ_top/u_pipe_id_ex/ex_mem_exu_res_reg[27]_i_3/CO[3]
                         net (fo=1, routed)           0.000     0.718    student_top_inst/u_KLDJ_top/u_pipe_id_ex/ex_mem_exu_res_reg[27]_i_3_n_0
    SLICE_X79Y113                                                     r  student_top_inst/u_KLDJ_top/u_pipe_id_ex/ex_mem_exu_res_reg[31]_i_3/CI
    SLICE_X79Y113        CARRY4 (Prop_carry4_CI_O[0])
                                                      0.111     0.829 f  student_top_inst/u_KLDJ_top/u_pipe_id_ex/ex_mem_exu_res_reg[31]_i_3/O[0]
                         net (fo=2, routed)           0.528     1.357    student_top_inst/u_KLDJ_top/u_pipe_id_ex/ex_mem_exu_res_reg[31]_i_3_n_7
    SLICE_X77Y111                                                     f  student_top_inst/u_KLDJ_top/u_pipe_id_ex/bram_addr_r[15]_i_6/I1
    SLICE_X77Y111        LUT6 (Prop_lut6_I1_O)        0.124     1.481 f  student_top_inst/u_KLDJ_top/u_pipe_id_ex/bram_addr_r[15]_i_6/O
                         net (fo=1, routed)           0.350     1.830    student_top_inst/u_KLDJ_top/u_pipe_id_ex/bram_addr_r[15]_i_6_n_0
    SLICE_X77Y108                                                     f  student_top_inst/u_KLDJ_top/u_pipe_id_ex/bram_addr_r[15]_i_3/I4
    SLICE_X77Y108        LUT5 (Prop_lut5_I4_O)        0.043     1.873 f  student_top_inst/u_KLDJ_top/u_pipe_id_ex/bram_addr_r[15]_i_3/O
                         net (fo=6, routed)           0.372     2.245    student_top_inst/u_KLDJ_top/u_pipe_id_ex/bram_addr_r[15]_i_3_n_0
    SLICE_X77Y105                                                     f  student_top_inst/u_KLDJ_top/u_pipe_id_ex/rd_is_seg_q_i_3/I4
    SLICE_X77Y105        LUT5 (Prop_lut5_I4_O)        0.043     2.288 f  student_top_inst/u_KLDJ_top/u_pipe_id_ex/rd_is_seg_q_i_3/O
                         net (fo=29, routed)          0.463     2.751    student_top_inst/u_KLDJ_top/u_pipe_id_ex/bram_addr_r[15]_i_3_0
    SLICE_X64Y102                                                     f  student_top_inst/u_KLDJ_top/u_pipe_id_ex/LED[31]_i_3/I5
    SLICE_X64Y102        LUT6 (Prop_lut6_I5_O)        0.043     2.794 r  student_top_inst/u_KLDJ_top/u_pipe_id_ex/LED[31]_i_3/O
                         net (fo=3, routed)           0.208     3.003    student_top_inst/u_KLDJ_top/u_pipe_id_ex/LED[31]_i_3_n_0
    SLICE_X60Y102                                                     r  student_top_inst/u_KLDJ_top/u_pipe_id_ex/LED[31]_i_1/I0
    SLICE_X60Y102        LUT6 (Prop_lut6_I0_O)        0.043     3.046 r  student_top_inst/u_KLDJ_top/u_pipe_id_ex/LED[31]_i_1/O
                         net (fo=64, routed)          0.739     3.784    student_top_inst/bridge_inst/E[0]
    SLICE_X42Y106        FDRE                                         r  student_top_inst/bridge_inst/LED_reg[26]_lopt_replica/CE
  -------------------------------------------------------------------    -------------------

                         (clock clk_out2_pll rise edge)
                                                      5.714     5.714 r  
    AD12                                              0.000     5.714 r  i_sys_clk_p (IN)
                         net (fo=0)                   0.000     5.714    pll_inst/inst/clk_in1_p
    AD12                                                              r  pll_inst/inst/clkin1_ibufgds/I
    AD12                 IBUFDS (Prop_ibufds_I_O)     0.803     6.518 r  pll_inst/inst/clkin1_ibufgds/O
                         net (fo=1, routed)           1.001     7.519    pll_inst/inst/clk_in1_pll
    PLLE2_ADV_X1Y1                                                    r  pll_inst/inst/plle2_adv_inst/CLKIN1
    PLLE2_ADV_X1Y1       PLLE2_ADV (Prop_plle2_adv_CLKIN1_CLKOUT1)
                                                     -7.261     0.258 r  pll_inst/inst/plle2_adv_inst/CLKOUT1
                         net (fo=1, routed)           2.003     2.261    pll_inst/inst/clk_out2_pll
    BUFGCTRL_X0Y0                                                     r  pll_inst/inst/clkout2_buf/I
    BUFGCTRL_X0Y0        BUFG (Prop_bufg_I_O)         0.083     2.344 r  pll_inst/inst/clkout2_buf/O
                         net (fo=5999, routed)        1.321     3.665    student_top_inst/bridge_inst/clk_out2
    SLICE_X42Y106        FDRE                                         r  student_top_inst/bridge_inst/LED_reg[26]_lopt_replica/C
                         clock pessimism             -0.448     3.217    
                         clock uncertainty           -0.077     3.140    
    SLICE_X42Y106        FDRE (Setup_fdre_C_CE)      -0.178     2.962    student_top_inst/bridge_inst/LED_reg[26]_lopt_replica
  -------------------------------------------------------------------
                         required time                          2.962    
                         arrival time                          -3.784    
  -------------------------------------------------------------------
                         slack                                 -0.822    

Slack (VIOLATED) :        -0.822ns  (required time - arrival time)
  Source:                 student_top_inst/u_KLDJ_top/u_pipe_id_ex/id_ex_rs1_addr_reg[0]/C
                            (rising edge-triggered cell FDRE clocked by clk_out2_pll  {rise@0.000ns fall@2.857ns period=5.714ns})
  Destination:            student_top_inst/bridge_inst/LED_reg[28]_lopt_replica/CE
                            (rising edge-triggered cell FDRE clocked by clk_out2_pll  {rise@0.000ns fall@2.857ns period=5.714ns})
  Path Group:             clk_out2_pll
  Path Type:              Setup (Max at Slow Process Corner)
  Requirement:            5.714ns  (clk_out2_pll rise@5.714ns - clk_out2_pll rise@0.000ns)
  Data Path Delay:        6.219ns  (logic 1.379ns (22.176%)  route 4.840ns (77.824%))
  Logic Levels:           17  (CARRY4=8 LUT2=1 LUT5=4 LUT6=4)
  Clock Path Skew:        -0.063ns (DCD - SCD + CPR)
    Destination Clock Delay (DCD):    -2.050ns = ( 3.665 - 5.714 ) 
    Source Clock Delay      (SCD):    -2.434ns
    Clock Pessimism Removal (CPR):    -0.448ns
  Clock Uncertainty:      0.077ns  ((TSJ^2 + DJ^2)^1/2) / 2 + PE
    Total System Jitter     (TSJ):    0.071ns
    Discrete Jitter          (DJ):    0.137ns
    Phase Error              (PE):    0.000ns

    Location             Delay type                Incr(ns)  Path(ns)    Netlist Resource(s)
  -------------------------------------------------------------------    -------------------
                         (clock clk_out2_pll rise edge)
                                                      0.000     0.000 r  
    AD12                                              0.000     0.000 r  i_sys_clk_p (IN)
                         net (fo=0)                   0.000     0.000    pll_inst/inst/clk_in1_p
    AD12                                                              r  pll_inst/inst/clkin1_ibufgds/I
    AD12                 IBUFDS (Prop_ibufds_I_O)     0.906     0.906 r  pll_inst/inst/clkin1_ibufgds/O
                         net (fo=1, routed)           1.098     2.004    pll_inst/inst/clk_in1_pll
    PLLE2_ADV_X1Y1                                                    r  pll_inst/inst/plle2_adv_inst/CLKIN1
    PLLE2_ADV_X1Y1       PLLE2_ADV (Prop_plle2_adv_CLKIN1_CLKOUT1)
                                                     -8.058    -6.054 r  pll_inst/inst/plle2_adv_inst/CLKOUT1
                         net (fo=1, routed)           2.128    -3.926    pll_inst/inst/clk_out2_pll
    BUFGCTRL_X0Y0                                                     r  pll_inst/inst/clkout2_buf/I
    BUFGCTRL_X0Y0        BUFG (Prop_bufg_I_O)         0.093    -3.833 r  pll_inst/inst/clkout2_buf/O
                         net (fo=5999, routed)        1.399    -2.434    student_top_inst/u_KLDJ_top/u_pipe_id_ex/clk_out2
    SLICE_X83Y109        FDRE                                         r  student_top_inst/u_KLDJ_top/u_pipe_id_ex/id_ex_rs1_addr_reg[0]/C
  -------------------------------------------------------------------    -------------------
    SLICE_X83Y109        FDRE (Prop_fdre_C_Q)         0.223    -2.211 r  student_top_inst/u_KLDJ_top/u_pipe_id_ex/id_ex_rs1_addr_reg[0]/Q
                         net (fo=3, routed)           0.644    -1.567    student_top_inst/u_KLDJ_top/u_pipe_id_ex/id_ex_rs1_addr_reg[4]_0[0]
    SLICE_X82Y111                                                     r  student_top_inst/u_KLDJ_top/u_pipe_id_ex/rs1_q[31]_i_11/I0
    SLICE_X82Y111        LUT6 (Prop_lut6_I0_O)        0.043    -1.524 r  student_top_inst/u_KLDJ_top/u_pipe_id_ex/rs1_q[31]_i_11/O
                         net (fo=32, routed)          0.390    -1.134    student_top_inst/u_KLDJ_top/u_pipe_id_ex/rs1_q[31]_i_11_n_0
    SLICE_X80Y111                                                     r  student_top_inst/u_KLDJ_top/u_pipe_id_ex/rs1_q[0]_i_2/I3
    SLICE_X80Y111        LUT5 (Prop_lut5_I3_O)        0.043    -1.091 r  student_top_inst/u_KLDJ_top/u_pipe_id_ex/rs1_q[0]_i_2/O
                         net (fo=2, routed)           0.451    -0.640    student_top_inst/u_KLDJ_top/u_pipe_id_ex/rs1_q[0]_i_2_n_0
    SLICE_X84Y114                                                     r  student_top_inst/u_KLDJ_top/u_pipe_id_ex/rs1_q[0]_i_1/I2
    SLICE_X84Y114        LUT5 (Prop_lut5_I2_O)        0.043    -0.597 r  student_top_inst/u_KLDJ_top/u_pipe_id_ex/rs1_q[0]_i_1/O
                         net (fo=30, routed)          0.695     0.098    student_top_inst/u_KLDJ_top/u_pipe_id_ex/ex_data1[0]
    SLICE_X79Y106                                                     r  student_top_inst/u_KLDJ_top/u_pipe_id_ex/ex_mem_exu_res[3]_i_8/I0
    SLICE_X79Y106        LUT2 (Prop_lut2_I0_O)        0.043     0.141 r  student_top_inst/u_KLDJ_top/u_pipe_id_ex/ex_mem_exu_res[3]_i_8/O
                         net (fo=1, routed)           0.000     0.141    student_top_inst/u_KLDJ_top/u_pipe_id_ex/ex_mem_exu_res[3]_i_8_n_0
    SLICE_X79Y106                                                     r  student_top_inst/u_KLDJ_top/u_pipe_id_ex/ex_mem_exu_res_reg[3]_i_3/S[0]
    SLICE_X79Y106        CARRY4 (Prop_carry4_S[0]_CO[3])
                                                      0.259     0.400 r  student_top_inst/u_KLDJ_top/u_pipe_id_ex/ex_mem_exu_res_reg[3]_i_3/CO[3]
                         net (fo=1, routed)           0.000     0.400    student_top_inst/u_KLDJ_top/u_pipe_id_ex/ex_mem_exu_res_reg[3]_i_3_n_0
    SLICE_X79Y107                                                     r  student_top_inst/u_KLDJ_top/u_pipe_id_ex/ex_mem_exu_res_reg[7]_i_3/CI
    SLICE_X79Y107        CARRY4 (Prop_carry4_CI_CO[3])
                                                      0.053     0.453 r  student_top_inst/u_KLDJ_top/u_pipe_id_ex/ex_mem_exu_res_reg[7]_i_3/CO[3]
                         net (fo=1, routed)           0.000     0.453    student_top_inst/u_KLDJ_top/u_pipe_id_ex/ex_mem_exu_res_reg[7]_i_3_n_0
    SLICE_X79Y108                                                     r  student_top_inst/u_KLDJ_top/u_pipe_id_ex/ex_mem_exu_res_reg[11]_i_3/CI
    SLICE_X79Y108        CARRY4 (Prop_carry4_CI_CO[3])
                                                      0.053     0.506 r  student_top_inst/u_KLDJ_top/u_pipe_id_ex/ex_mem_exu_res_reg[11]_i_3/CO[3]
                         net (fo=1, routed)           0.000     0.506    student_top_inst/u_KLDJ_top/u_pipe_id_ex/ex_mem_exu_res_reg[11]_i_3_n_0
    SLICE_X79Y109                                                     r  student_top_inst/u_KLDJ_top/u_pipe_id_ex/ex_mem_exu_res_reg[15]_i_3/CI
    SLICE_X79Y109        CARRY4 (Prop_carry4_CI_CO[3])
                                                      0.053     0.559 r  student_top_inst/u_KLDJ_top/u_pipe_id_ex/ex_mem_exu_res_reg[15]_i_3/CO[3]
                         net (fo=1, routed)           0.000     0.559    student_top_inst/u_KLDJ_top/u_pipe_id_ex/ex_mem_exu_res_reg[15]_i_3_n_0
    SLICE_X79Y110                                                     r  student_top_inst/u_KLDJ_top/u_pipe_id_ex/ex_mem_exu_res_reg[19]_i_3/CI
    SLICE_X79Y110        CARRY4 (Prop_carry4_CI_CO[3])
                                                      0.053     0.612 r  student_top_inst/u_KLDJ_top/u_pipe_id_ex/ex_mem_exu_res_reg[19]_i_3/CO[3]
                         net (fo=1, routed)           0.000     0.612    student_top_inst/u_KLDJ_top/u_pipe_id_ex/ex_mem_exu_res_reg[19]_i_3_n_0
    SLICE_X79Y111                                                     r  student_top_inst/u_KLDJ_top/u_pipe_id_ex/ex_mem_exu_res_reg[23]_i_3/CI
    SLICE_X79Y111        CARRY4 (Prop_carry4_CI_CO[3])
                                                      0.053     0.665 r  student_top_inst/u_KLDJ_top/u_pipe_id_ex/ex_mem_exu_res_reg[23]_i_3/CO[3]
                         net (fo=1, routed)           0.000     0.665    student_top_inst/u_KLDJ_top/u_pipe_id_ex/ex_mem_exu_res_reg[23]_i_3_n_0
    SLICE_X79Y112                                                     r  student_top_inst/u_KLDJ_top/u_pipe_id_ex/ex_mem_exu_res_reg[27]_i_3/CI
    SLICE_X79Y112        CARRY4 (Prop_carry4_CI_CO[3])
                                                      0.053     0.718 r  student_top_inst/u_KLDJ_top/u_pipe_id_ex/ex_mem_exu_res_reg[27]_i_3/CO[3]
                         net (fo=1, routed)           0.000     0.718    student_top_inst/u_KLDJ_top/u_pipe_id_ex/ex_mem_exu_res_reg[27]_i_3_n_0
    SLICE_X79Y113                                                     r  student_top_inst/u_KLDJ_top/u_pipe_id_ex/ex_mem_exu_res_reg[31]_i_3/CI
    SLICE_X79Y113        CARRY4 (Prop_carry4_CI_O[0])
                                                      0.111     0.829 f  student_top_inst/u_KLDJ_top/u_pipe_id_ex/ex_mem_exu_res_reg[31]_i_3/O[0]
                         net (fo=2, routed)           0.528     1.357    student_top_inst/u_KLDJ_top/u_pipe_id_ex/ex_mem_exu_res_reg[31]_i_3_n_7
    SLICE_X77Y111                                                     f  student_top_inst/u_KLDJ_top/u_pipe_id_ex/bram_addr_r[15]_i_6/I1
    SLICE_X77Y111        LUT6 (Prop_lut6_I1_O)        0.124     1.481 f  student_top_inst/u_KLDJ_top/u_pipe_id_ex/bram_addr_r[15]_i_6/O
                         net (fo=1, routed)           0.350     1.830    student_top_inst/u_KLDJ_top/u_pipe_id_ex/bram_addr_r[15]_i_6_n_0
    SLICE_X77Y108                                                     f  student_top_inst/u_KLDJ_top/u_pipe_id_ex/bram_addr_r[15]_i_3/I4
    SLICE_X77Y108        LUT5 (Prop_lut5_I4_O)        0.043     1.873 f  student_top_inst/u_KLDJ_top/u_pipe_id_ex/bram_addr_r[15]_i_3/O
                         net (fo=6, routed)           0.372     2.245    student_top_inst/u_KLDJ_top/u_pipe_id_ex/bram_addr_r[15]_i_3_n_0
    SLICE_X77Y105                                                     f  student_top_inst/u_KLDJ_top/u_pipe_id_ex/rd_is_seg_q_i_3/I4
    SLICE_X77Y105        LUT5 (Prop_lut5_I4_O)        0.043     2.288 f  student_top_inst/u_KLDJ_top/u_pipe_id_ex/rd_is_seg_q_i_3/O
                         net (fo=29, routed)          0.463     2.751    student_top_inst/u_KLDJ_top/u_pipe_id_ex/bram_addr_r[15]_i_3_0
    SLICE_X64Y102                                                     f  student_top_inst/u_KLDJ_top/u_pipe_id_ex/LED[31]_i_3/I5
    SLICE_X64Y102        LUT6 (Prop_lut6_I5_O)        0.043     2.794 r  student_top_inst/u_KLDJ_top/u_pipe_id_ex/LED[31]_i_3/O
                         net (fo=3, routed)           0.208     3.003    student_top_inst/u_KLDJ_top/u_pipe_id_ex/LED[31]_i_3_n_0
    SLICE_X60Y102                                                     r  student_top_inst/u_KLDJ_top/u_pipe_id_ex/LED[31]_i_1/I0
    SLICE_X60Y102        LUT6 (Prop_lut6_I0_O)        0.043     3.046 r  student_top_inst/u_KLDJ_top/u_pipe_id_ex/LED[31]_i_1/O
                         net (fo=64, routed)          0.739     3.784    student_top_inst/bridge_inst/E[0]
    SLICE_X42Y106        FDRE                                         r  student_top_inst/bridge_inst/LED_reg[28]_lopt_replica/CE
  -------------------------------------------------------------------    -------------------

                         (clock clk_out2_pll rise edge)
                                                      5.714     5.714 r  
    AD12                                              0.000     5.714 r  i_sys_clk_p (IN)
                         net (fo=0)                   0.000     5.714    pll_inst/inst/clk_in1_p
    AD12                                                              r  pll_inst/inst/clkin1_ibufgds/I
    AD12                 IBUFDS (Prop_ibufds_I_O)     0.803     6.518 r  pll_inst/inst/clkin1_ibufgds/O
                         net (fo=1, routed)           1.001     7.519    pll_inst/inst/clk_in1_pll
    PLLE2_ADV_X1Y1                                                    r  pll_inst/inst/plle2_adv_inst/CLKIN1
    PLLE2_ADV_X1Y1       PLLE2_ADV (Prop_plle2_adv_CLKIN1_CLKOUT1)
                                                     -7.261     0.258 r  pll_inst/inst/plle2_adv_inst/CLKOUT1
                         net (fo=1, routed)           2.003     2.261    pll_inst/inst/clk_out2_pll
    BUFGCTRL_X0Y0                                                     r  pll_inst/inst/clkout2_buf/I
    BUFGCTRL_X0Y0        BUFG (Prop_bufg_I_O)         0.083     2.344 r  pll_inst/inst/clkout2_buf/O
                         net (fo=5999, routed)        1.321     3.665    student_top_inst/bridge_inst/clk_out2
    SLICE_X42Y106        FDRE                                         r  student_top_inst/bridge_inst/LED_reg[28]_lopt_replica/C
                         clock pessimism             -0.448     3.217    
                         clock uncertainty           -0.077     3.140    
    SLICE_X42Y106        FDRE (Setup_fdre_C_CE)      -0.178     2.962    student_top_inst/bridge_inst/LED_reg[28]_lopt_replica
  -------------------------------------------------------------------
                         required time                          2.962    
                         arrival time                          -3.784    
  -------------------------------------------------------------------
                         slack                                 -0.822    

Slack (VIOLATED) :        -0.822ns  (required time - arrival time)
  Source:                 student_top_inst/u_KLDJ_top/u_pipe_id_ex/id_ex_rs1_addr_reg[0]/C
                            (rising edge-triggered cell FDRE clocked by clk_out2_pll  {rise@0.000ns fall@2.857ns period=5.714ns})
  Destination:            student_top_inst/bridge_inst/LED_reg[30]_lopt_replica/CE
                            (rising edge-triggered cell FDRE clocked by clk_out2_pll  {rise@0.000ns fall@2.857ns period=5.714ns})
  Path Group:             clk_out2_pll
  Path Type:              Setup (Max at Slow Process Corner)
  Requirement:            5.714ns  (clk_out2_pll rise@5.714ns - clk_out2_pll rise@0.000ns)
  Data Path Delay:        6.219ns  (logic 1.379ns (22.176%)  route 4.840ns (77.824%))
  Logic Levels:           17  (CARRY4=8 LUT2=1 LUT5=4 LUT6=4)
  Clock Path Skew:        -0.063ns (DCD - SCD + CPR)
    Destination Clock Delay (DCD):    -2.050ns = ( 3.665 - 5.714 ) 
    Source Clock Delay      (SCD):    -2.434ns
    Clock Pessimism Removal (CPR):    -0.448ns
  Clock Uncertainty:      0.077ns  ((TSJ^2 + DJ^2)^1/2) / 2 + PE
    Total System Jitter     (TSJ):    0.071ns
    Discrete Jitter          (DJ):    0.137ns
    Phase Error              (PE):    0.000ns

    Location             Delay type                Incr(ns)  Path(ns)    Netlist Resource(s)
  -------------------------------------------------------------------    -------------------
                         (clock clk_out2_pll rise edge)
                                                      0.000     0.000 r  
    AD12                                              0.000     0.000 r  i_sys_clk_p (IN)
                         net (fo=0)                   0.000     0.000    pll_inst/inst/clk_in1_p
    AD12                                                              r  pll_inst/inst/clkin1_ibufgds/I
    AD12                 IBUFDS (Prop_ibufds_I_O)     0.906     0.906 r  pll_inst/inst/clkin1_ibufgds/O
                         net (fo=1, routed)           1.098     2.004    pll_inst/inst/clk_in1_pll
    PLLE2_ADV_X1Y1                                                    r  pll_inst/inst/plle2_adv_inst/CLKIN1
    PLLE2_ADV_X1Y1       PLLE2_ADV (Prop_plle2_adv_CLKIN1_CLKOUT1)
                                                     -8.058    -6.054 r  pll_inst/inst/plle2_adv_inst/CLKOUT1
                         net (fo=1, routed)           2.128    -3.926    pll_inst/inst/clk_out2_pll
    BUFGCTRL_X0Y0                                                     r  pll_inst/inst/clkout2_buf/I
    BUFGCTRL_X0Y0        BUFG (Prop_bufg_I_O)         0.093    -3.833 r  pll_inst/inst/clkout2_buf/O
                         net (fo=5999, routed)        1.399    -2.434    student_top_inst/u_KLDJ_top/u_pipe_id_ex/clk_out2
    SLICE_X83Y109        FDRE                                         r  student_top_inst/u_KLDJ_top/u_pipe_id_ex/id_ex_rs1_addr_reg[0]/C
  -------------------------------------------------------------------    -------------------
    SLICE_X83Y109        FDRE (Prop_fdre_C_Q)         0.223    -2.211 r  student_top_inst/u_KLDJ_top/u_pipe_id_ex/id_ex_rs1_addr_reg[0]/Q
                         net (fo=3, routed)           0.644    -1.567    student_top_inst/u_KLDJ_top/u_pipe_id_ex/id_ex_rs1_addr_reg[4]_0[0]
    SLICE_X82Y111                                                     r  student_top_inst/u_KLDJ_top/u_pipe_id_ex/rs1_q[31]_i_11/I0
    SLICE_X82Y111        LUT6 (Prop_lut6_I0_O)        0.043    -1.524 r  student_top_inst/u_KLDJ_top/u_pipe_id_ex/rs1_q[31]_i_11/O
                         net (fo=32, routed)          0.390    -1.134    student_top_inst/u_KLDJ_top/u_pipe_id_ex/rs1_q[31]_i_11_n_0
    SLICE_X80Y111                                                     r  student_top_inst/u_KLDJ_top/u_pipe_id_ex/rs1_q[0]_i_2/I3
    SLICE_X80Y111        LUT5 (Prop_lut5_I3_O)        0.043    -1.091 r  student_top_inst/u_KLDJ_top/u_pipe_id_ex/rs1_q[0]_i_2/O
                         net (fo=2, routed)           0.451    -0.640    student_top_inst/u_KLDJ_top/u_pipe_id_ex/rs1_q[0]_i_2_n_0
    SLICE_X84Y114                                                     r  student_top_inst/u_KLDJ_top/u_pipe_id_ex/rs1_q[0]_i_1/I2
    SLICE_X84Y114        LUT5 (Prop_lut5_I2_O)        0.043    -0.597 r  student_top_inst/u_KLDJ_top/u_pipe_id_ex/rs1_q[0]_i_1/O
                         net (fo=30, routed)          0.695     0.098    student_top_inst/u_KLDJ_top/u_pipe_id_ex/ex_data1[0]
    SLICE_X79Y106                                                     r  student_top_inst/u_KLDJ_top/u_pipe_id_ex/ex_mem_exu_res[3]_i_8/I0
    SLICE_X79Y106        LUT2 (Prop_lut2_I0_O)        0.043     0.141 r  student_top_inst/u_KLDJ_top/u_pipe_id_ex/ex_mem_exu_res[3]_i_8/O
                         net (fo=1, routed)           0.000     0.141    student_top_inst/u_KLDJ_top/u_pipe_id_ex/ex_mem_exu_res[3]_i_8_n_0
    SLICE_X79Y106                                                     r  student_top_inst/u_KLDJ_top/u_pipe_id_ex/ex_mem_exu_res_reg[3]_i_3/S[0]
    SLICE_X79Y106        CARRY4 (Prop_carry4_S[0]_CO[3])
                                                      0.259     0.400 r  student_top_inst/u_KLDJ_top/u_pipe_id_ex/ex_mem_exu_res_reg[3]_i_3/CO[3]
                         net (fo=1, routed)           0.000     0.400    student_top_inst/u_KLDJ_top/u_pipe_id_ex/ex_mem_exu_res_reg[3]_i_3_n_0
    SLICE_X79Y107                                                     r  student_top_inst/u_KLDJ_top/u_pipe_id_ex/ex_mem_exu_res_reg[7]_i_3/CI
    SLICE_X79Y107        CARRY4 (Prop_carry4_CI_CO[3])
                                                      0.053     0.453 r  student_top_inst/u_KLDJ_top/u_pipe_id_ex/ex_mem_exu_res_reg[7]_i_3/CO[3]
                         net (fo=1, routed)           0.000     0.453    student_top_inst/u_KLDJ_top/u_pipe_id_ex/ex_mem_exu_res_reg[7]_i_3_n_0
    SLICE_X79Y108                                                     r  student_top_inst/u_KLDJ_top/u_pipe_id_ex/ex_mem_exu_res_reg[11]_i_3/CI
    SLICE_X79Y108        CARRY4 (Prop_carry4_CI_CO[3])
                                                      0.053     0.506 r  student_top_inst/u_KLDJ_top/u_pipe_id_ex/ex_mem_exu_res_reg[11]_i_3/CO[3]
                         net (fo=1, routed)           0.000     0.506    student_top_inst/u_KLDJ_top/u_pipe_id_ex/ex_mem_exu_res_reg[11]_i_3_n_0
    SLICE_X79Y109                                                     r  student_top_inst/u_KLDJ_top/u_pipe_id_ex/ex_mem_exu_res_reg[15]_i_3/CI
    SLICE_X79Y109        CARRY4 (Prop_carry4_CI_CO[3])
                                                      0.053     0.559 r  student_top_inst/u_KLDJ_top/u_pipe_id_ex/ex_mem_exu_res_reg[15]_i_3/CO[3]
                         net (fo=1, routed)           0.000     0.559    student_top_inst/u_KLDJ_top/u_pipe_id_ex/ex_mem_exu_res_reg[15]_i_3_n_0
    SLICE_X79Y110                                                     r  student_top_inst/u_KLDJ_top/u_pipe_id_ex/ex_mem_exu_res_reg[19]_i_3/CI
    SLICE_X79Y110        CARRY4 (Prop_carry4_CI_CO[3])
                                                      0.053     0.612 r  student_top_inst/u_KLDJ_top/u_pipe_id_ex/ex_mem_exu_res_reg[19]_i_3/CO[3]
                         net (fo=1, routed)           0.000     0.612    student_top_inst/u_KLDJ_top/u_pipe_id_ex/ex_mem_exu_res_reg[19]_i_3_n_0
    SLICE_X79Y111                                                     r  student_top_inst/u_KLDJ_top/u_pipe_id_ex/ex_mem_exu_res_reg[23]_i_3/CI
    SLICE_X79Y111        CARRY4 (Prop_carry4_CI_CO[3])
                                                      0.053     0.665 r  student_top_inst/u_KLDJ_top/u_pipe_id_ex/ex_mem_exu_res_reg[23]_i_3/CO[3]
                         net (fo=1, routed)           0.000     0.665    student_top_inst/u_KLDJ_top/u_pipe_id_ex/ex_mem_exu_res_reg[23]_i_3_n_0
    SLICE_X79Y112                                                     r  student_top_inst/u_KLDJ_top/u_pipe_id_ex/ex_mem_exu_res_reg[27]_i_3/CI
    SLICE_X79Y112        CARRY4 (Prop_carry4_CI_CO[3])
                                                      0.053     0.718 r  student_top_inst/u_KLDJ_top/u_pipe_id_ex/ex_mem_exu_res_reg[27]_i_3/CO[3]
                         net (fo=1, routed)           0.000     0.718    student_top_inst/u_KLDJ_top/u_pipe_id_ex/ex_mem_exu_res_reg[27]_i_3_n_0
    SLICE_X79Y113                                                     r  student_top_inst/u_KLDJ_top/u_pipe_id_ex/ex_mem_exu_res_reg[31]_i_3/CI
    SLICE_X79Y113        CARRY4 (Prop_carry4_CI_O[0])
                                                      0.111     0.829 f  student_top_inst/u_KLDJ_top/u_pipe_id_ex/ex_mem_exu_res_reg[31]_i_3/O[0]
                         net (fo=2, routed)           0.528     1.357    student_top_inst/u_KLDJ_top/u_pipe_id_ex/ex_mem_exu_res_reg[31]_i_3_n_7
    SLICE_X77Y111                                                     f  student_top_inst/u_KLDJ_top/u_pipe_id_ex/bram_addr_r[15]_i_6/I1
    SLICE_X77Y111        LUT6 (Prop_lut6_I1_O)        0.124     1.481 f  student_top_inst/u_KLDJ_top/u_pipe_id_ex/bram_addr_r[15]_i_6/O
                         net (fo=1, routed)           0.350     1.830    student_top_inst/u_KLDJ_top/u_pipe_id_ex/bram_addr_r[15]_i_6_n_0
    SLICE_X77Y108                                                     f  student_top_inst/u_KLDJ_top/u_pipe_id_ex/bram_addr_r[15]_i_3/I4
    SLICE_X77Y108        LUT5 (Prop_lut5_I4_O)        0.043     1.873 f  student_top_inst/u_KLDJ_top/u_pipe_id_ex/bram_addr_r[15]_i_3/O
                         net (fo=6, routed)           0.372     2.245    student_top_inst/u_KLDJ_top/u_pipe_id_ex/bram_addr_r[15]_i_3_n_0
    SLICE_X77Y105                                                     f  student_top_inst/u_KLDJ_top/u_pipe_id_ex/rd_is_seg_q_i_3/I4
    SLICE_X77Y105        LUT5 (Prop_lut5_I4_O)        0.043     2.288 f  student_top_inst/u_KLDJ_top/u_pipe_id_ex/rd_is_seg_q_i_3/O
                         net (fo=29, routed)          0.463     2.751    student_top_inst/u_KLDJ_top/u_pipe_id_ex/bram_addr_r[15]_i_3_0
    SLICE_X64Y102                                                     f  student_top_inst/u_KLDJ_top/u_pipe_id_ex/LED[31]_i_3/I5
    SLICE_X64Y102        LUT6 (Prop_lut6_I5_O)        0.043     2.794 r  student_top_inst/u_KLDJ_top/u_pipe_id_ex/LED[31]_i_3/O
                         net (fo=3, routed)           0.208     3.003    student_top_inst/u_KLDJ_top/u_pipe_id_ex/LED[31]_i_3_n_0
    SLICE_X60Y102                                                     r  student_top_inst/u_KLDJ_top/u_pipe_id_ex/LED[31]_i_1/I0
    SLICE_X60Y102        LUT6 (Prop_lut6_I0_O)        0.043     3.046 r  student_top_inst/u_KLDJ_top/u_pipe_id_ex/LED[31]_i_1/O
                         net (fo=64, routed)          0.739     3.784    student_top_inst/bridge_inst/E[0]
    SLICE_X42Y106        FDRE                                         r  student_top_inst/bridge_inst/LED_reg[30]_lopt_replica/CE
  -------------------------------------------------------------------    -------------------

                         (clock clk_out2_pll rise edge)
                                                      5.714     5.714 r  
    AD12                                              0.000     5.714 r  i_sys_clk_p (IN)
                         net (fo=0)                   0.000     5.714    pll_inst/inst/clk_in1_p
    AD12                                                              r  pll_inst/inst/clkin1_ibufgds/I
    AD12                 IBUFDS (Prop_ibufds_I_O)     0.803     6.518 r  pll_inst/inst/clkin1_ibufgds/O
                         net (fo=1, routed)           1.001     7.519    pll_inst/inst/clk_in1_pll
    PLLE2_ADV_X1Y1                                                    r  pll_inst/inst/plle2_adv_inst/CLKIN1
    PLLE2_ADV_X1Y1       PLLE2_ADV (Prop_plle2_adv_CLKIN1_CLKOUT1)
                                                     -7.261     0.258 r  pll_inst/inst/plle2_adv_inst/CLKOUT1
                         net (fo=1, routed)           2.003     2.261    pll_inst/inst/clk_out2_pll
    BUFGCTRL_X0Y0                                                     r  pll_inst/inst/clkout2_buf/I
    BUFGCTRL_X0Y0        BUFG (Prop_bufg_I_O)         0.083     2.344 r  pll_inst/inst/clkout2_buf/O
                         net (fo=5999, routed)        1.321     3.665    student_top_inst/bridge_inst/clk_out2
    SLICE_X42Y106        FDRE                                         r  student_top_inst/bridge_inst/LED_reg[30]_lopt_replica/C
                         clock pessimism             -0.448     3.217    
                         clock uncertainty           -0.077     3.140    
    SLICE_X42Y106        FDRE (Setup_fdre_C_CE)      -0.178     2.962    student_top_inst/bridge_inst/LED_reg[30]_lopt_replica
  -------------------------------------------------------------------
                         required time                          2.962    
                         arrival time                          -3.784    
  -------------------------------------------------------------------
                         slack                                 -0.822    

Slack (VIOLATED) :        -0.822ns  (required time - arrival time)
  Source:                 student_top_inst/u_KLDJ_top/u_pipe_id_ex/id_ex_rs1_addr_reg[0]/C
                            (rising edge-triggered cell FDRE clocked by clk_out2_pll  {rise@0.000ns fall@2.857ns period=5.714ns})
  Destination:            student_top_inst/bridge_inst/LED_reg[9]_lopt_replica/CE
                            (rising edge-triggered cell FDRE clocked by clk_out2_pll  {rise@0.000ns fall@2.857ns period=5.714ns})
  Path Group:             clk_out2_pll
  Path Type:              Setup (Max at Slow Process Corner)
  Requirement:            5.714ns  (clk_out2_pll rise@5.714ns - clk_out2_pll rise@0.000ns)
  Data Path Delay:        6.219ns  (logic 1.379ns (22.176%)  route 4.840ns (77.824%))
  Logic Levels:           17  (CARRY4=8 LUT2=1 LUT5=4 LUT6=4)
  Clock Path Skew:        -0.063ns (DCD - SCD + CPR)
    Destination Clock Delay (DCD):    -2.050ns = ( 3.665 - 5.714 ) 
    Source Clock Delay      (SCD):    -2.434ns
    Clock Pessimism Removal (CPR):    -0.448ns
  Clock Uncertainty:      0.077ns  ((TSJ^2 + DJ^2)^1/2) / 2 + PE
    Total System Jitter     (TSJ):    0.071ns
    Discrete Jitter          (DJ):    0.137ns
    Phase Error              (PE):    0.000ns

    Location             Delay type                Incr(ns)  Path(ns)    Netlist Resource(s)
  -------------------------------------------------------------------    -------------------
                         (clock clk_out2_pll rise edge)
                                                      0.000     0.000 r  
    AD12                                              0.000     0.000 r  i_sys_clk_p (IN)
                         net (fo=0)                   0.000     0.000    pll_inst/inst/clk_in1_p
    AD12                                                              r  pll_inst/inst/clkin1_ibufgds/I
    AD12                 IBUFDS (Prop_ibufds_I_O)     0.906     0.906 r  pll_inst/inst/clkin1_ibufgds/O
                         net (fo=1, routed)           1.098     2.004    pll_inst/inst/clk_in1_pll
    PLLE2_ADV_X1Y1                                                    r  pll_inst/inst/plle2_adv_inst/CLKIN1
    PLLE2_ADV_X1Y1       PLLE2_ADV (Prop_plle2_adv_CLKIN1_CLKOUT1)
                                                     -8.058    -6.054 r  pll_inst/inst/plle2_adv_inst/CLKOUT1
                         net (fo=1, routed)           2.128    -3.926    pll_inst/inst/clk_out2_pll
    BUFGCTRL_X0Y0                                                     r  pll_inst/inst/clkout2_buf/I
    BUFGCTRL_X0Y0        BUFG (Prop_bufg_I_O)         0.093    -3.833 r  pll_inst/inst/clkout2_buf/O
                         net (fo=5999, routed)        1.399    -2.434    student_top_inst/u_KLDJ_top/u_pipe_id_ex/clk_out2
    SLICE_X83Y109        FDRE                                         r  student_top_inst/u_KLDJ_top/u_pipe_id_ex/id_ex_rs1_addr_reg[0]/C
  -------------------------------------------------------------------    -------------------
    SLICE_X83Y109        FDRE (Prop_fdre_C_Q)         0.223    -2.211 r  student_top_inst/u_KLDJ_top/u_pipe_id_ex/id_ex_rs1_addr_reg[0]/Q
                         net (fo=3, routed)           0.644    -1.567    student_top_inst/u_KLDJ_top/u_pipe_id_ex/id_ex_rs1_addr_reg[4]_0[0]
    SLICE_X82Y111                                                     r  student_top_inst/u_KLDJ_top/u_pipe_id_ex/rs1_q[31]_i_11/I0
    SLICE_X82Y111        LUT6 (Prop_lut6_I0_O)        0.043    -1.524 r  student_top_inst/u_KLDJ_top/u_pipe_id_ex/rs1_q[31]_i_11/O
                         net (fo=32, routed)          0.390    -1.134    student_top_inst/u_KLDJ_top/u_pipe_id_ex/rs1_q[31]_i_11_n_0
    SLICE_X80Y111                                                     r  student_top_inst/u_KLDJ_top/u_pipe_id_ex/rs1_q[0]_i_2/I3
    SLICE_X80Y111        LUT5 (Prop_lut5_I3_O)        0.043    -1.091 r  student_top_inst/u_KLDJ_top/u_pipe_id_ex/rs1_q[0]_i_2/O
                         net (fo=2, routed)           0.451    -0.640    student_top_inst/u_KLDJ_top/u_pipe_id_ex/rs1_q[0]_i_2_n_0
    SLICE_X84Y114                                                     r  student_top_inst/u_KLDJ_top/u_pipe_id_ex/rs1_q[0]_i_1/I2
    SLICE_X84Y114        LUT5 (Prop_lut5_I2_O)        0.043    -0.597 r  student_top_inst/u_KLDJ_top/u_pipe_id_ex/rs1_q[0]_i_1/O
                         net (fo=30, routed)          0.695     0.098    student_top_inst/u_KLDJ_top/u_pipe_id_ex/ex_data1[0]
    SLICE_X79Y106                                                     r  student_top_inst/u_KLDJ_top/u_pipe_id_ex/ex_mem_exu_res[3]_i_8/I0
    SLICE_X79Y106        LUT2 (Prop_lut2_I0_O)        0.043     0.141 r  student_top_inst/u_KLDJ_top/u_pipe_id_ex/ex_mem_exu_res[3]_i_8/O
                         net (fo=1, routed)           0.000     0.141    student_top_inst/u_KLDJ_top/u_pipe_id_ex/ex_mem_exu_res[3]_i_8_n_0
    SLICE_X79Y106                                                     r  student_top_inst/u_KLDJ_top/u_pipe_id_ex/ex_mem_exu_res_reg[3]_i_3/S[0]
    SLICE_X79Y106        CARRY4 (Prop_carry4_S[0]_CO[3])
                                                      0.259     0.400 r  student_top_inst/u_KLDJ_top/u_pipe_id_ex/ex_mem_exu_res_reg[3]_i_3/CO[3]
                         net (fo=1, routed)           0.000     0.400    student_top_inst/u_KLDJ_top/u_pipe_id_ex/ex_mem_exu_res_reg[3]_i_3_n_0
    SLICE_X79Y107                                                     r  student_top_inst/u_KLDJ_top/u_pipe_id_ex/ex_mem_exu_res_reg[7]_i_3/CI
    SLICE_X79Y107        CARRY4 (Prop_carry4_CI_CO[3])
                                                      0.053     0.453 r  student_top_inst/u_KLDJ_top/u_pipe_id_ex/ex_mem_exu_res_reg[7]_i_3/CO[3]
                         net (fo=1, routed)           0.000     0.453    student_top_inst/u_KLDJ_top/u_pipe_id_ex/ex_mem_exu_res_reg[7]_i_3_n_0
    SLICE_X79Y108                                                     r  student_top_inst/u_KLDJ_top/u_pipe_id_ex/ex_mem_exu_res_reg[11]_i_3/CI
    SLICE_X79Y108        CARRY4 (Prop_carry4_CI_CO[3])
                                                      0.053     0.506 r  student_top_inst/u_KLDJ_top/u_pipe_id_ex/ex_mem_exu_res_reg[11]_i_3/CO[3]
                         net (fo=1, routed)           0.000     0.506    student_top_inst/u_KLDJ_top/u_pipe_id_ex/ex_mem_exu_res_reg[11]_i_3_n_0
    SLICE_X79Y109                                                     r  student_top_inst/u_KLDJ_top/u_pipe_id_ex/ex_mem_exu_res_reg[15]_i_3/CI
    SLICE_X79Y109        CARRY4 (Prop_carry4_CI_CO[3])
                                                      0.053     0.559 r  student_top_inst/u_KLDJ_top/u_pipe_id_ex/ex_mem_exu_res_reg[15]_i_3/CO[3]
                         net (fo=1, routed)           0.000     0.559    student_top_inst/u_KLDJ_top/u_pipe_id_ex/ex_mem_exu_res_reg[15]_i_3_n_0
    SLICE_X79Y110                                                     r  student_top_inst/u_KLDJ_top/u_pipe_id_ex/ex_mem_exu_res_reg[19]_i_3/CI
    SLICE_X79Y110        CARRY4 (Prop_carry4_CI_CO[3])
                                                      0.053     0.612 r  student_top_inst/u_KLDJ_top/u_pipe_id_ex/ex_mem_exu_res_reg[19]_i_3/CO[3]
                         net (fo=1, routed)           0.000     0.612    student_top_inst/u_KLDJ_top/u_pipe_id_ex/ex_mem_exu_res_reg[19]_i_3_n_0
    SLICE_X79Y111                                                     r  student_top_inst/u_KLDJ_top/u_pipe_id_ex/ex_mem_exu_res_reg[23]_i_3/CI
    SLICE_X79Y111        CARRY4 (Prop_carry4_CI_CO[3])
                                                      0.053     0.665 r  student_top_inst/u_KLDJ_top/u_pipe_id_ex/ex_mem_exu_res_reg[23]_i_3/CO[3]
                         net (fo=1, routed)           0.000     0.665    student_top_inst/u_KLDJ_top/u_pipe_id_ex/ex_mem_exu_res_reg[23]_i_3_n_0
    SLICE_X79Y112                                                     r  student_top_inst/u_KLDJ_top/u_pipe_id_ex/ex_mem_exu_res_reg[27]_i_3/CI
    SLICE_X79Y112        CARRY4 (Prop_carry4_CI_CO[3])
                                                      0.053     0.718 r  student_top_inst/u_KLDJ_top/u_pipe_id_ex/ex_mem_exu_res_reg[27]_i_3/CO[3]
                         net (fo=1, routed)           0.000     0.718    student_top_inst/u_KLDJ_top/u_pipe_id_ex/ex_mem_exu_res_reg[27]_i_3_n_0
    SLICE_X79Y113                                                     r  student_top_inst/u_KLDJ_top/u_pipe_id_ex/ex_mem_exu_res_reg[31]_i_3/CI
    SLICE_X79Y113        CARRY4 (Prop_carry4_CI_O[0])
                                                      0.111     0.829 f  student_top_inst/u_KLDJ_top/u_pipe_id_ex/ex_mem_exu_res_reg[31]_i_3/O[0]
                         net (fo=2, routed)           0.528     1.357    student_top_inst/u_KLDJ_top/u_pipe_id_ex/ex_mem_exu_res_reg[31]_i_3_n_7
    SLICE_X77Y111                                                     f  student_top_inst/u_KLDJ_top/u_pipe_id_ex/bram_addr_r[15]_i_6/I1
    SLICE_X77Y111        LUT6 (Prop_lut6_I1_O)        0.124     1.481 f  student_top_inst/u_KLDJ_top/u_pipe_id_ex/bram_addr_r[15]_i_6/O
                         net (fo=1, routed)           0.350     1.830    student_top_inst/u_KLDJ_top/u_pipe_id_ex/bram_addr_r[15]_i_6_n_0
    SLICE_X77Y108                                                     f  student_top_inst/u_KLDJ_top/u_pipe_id_ex/bram_addr_r[15]_i_3/I4
    SLICE_X77Y108        LUT5 (Prop_lut5_I4_O)        0.043     1.873 f  student_top_inst/u_KLDJ_top/u_pipe_id_ex/bram_addr_r[15]_i_3/O
                         net (fo=6, routed)           0.372     2.245    student_top_inst/u_KLDJ_top/u_pipe_id_ex/bram_addr_r[15]_i_3_n_0
    SLICE_X77Y105                                                     f  student_top_inst/u_KLDJ_top/u_pipe_id_ex/rd_is_seg_q_i_3/I4
    SLICE_X77Y105        LUT5 (Prop_lut5_I4_O)        0.043     2.288 f  student_top_inst/u_KLDJ_top/u_pipe_id_ex/rd_is_seg_q_i_3/O
                         net (fo=29, routed)          0.463     2.751    student_top_inst/u_KLDJ_top/u_pipe_id_ex/bram_addr_r[15]_i_3_0
    SLICE_X64Y102                                                     f  student_top_inst/u_KLDJ_top/u_pipe_id_ex/LED[31]_i_3/I5
    SLICE_X64Y102        LUT6 (Prop_lut6_I5_O)        0.043     2.794 r  student_top_inst/u_KLDJ_top/u_pipe_id_ex/LED[31]_i_3/O
                         net (fo=3, routed)           0.208     3.003    student_top_inst/u_KLDJ_top/u_pipe_id_ex/LED[31]_i_3_n_0
    SLICE_X60Y102                                                     r  student_top_inst/u_KLDJ_top/u_pipe_id_ex/LED[31]_i_1/I0
    SLICE_X60Y102        LUT6 (Prop_lut6_I0_O)        0.043     3.046 r  student_top_inst/u_KLDJ_top/u_pipe_id_ex/LED[31]_i_1/O
                         net (fo=64, routed)          0.739     3.784    student_top_inst/bridge_inst/E[0]
    SLICE_X42Y106        FDRE                                         r  student_top_inst/bridge_inst/LED_reg[9]_lopt_replica/CE
  -------------------------------------------------------------------    -------------------

                         (clock clk_out2_pll rise edge)
                                                      5.714     5.714 r  
    AD12                                              0.000     5.714 r  i_sys_clk_p (IN)
                         net (fo=0)                   0.000     5.714    pll_inst/inst/clk_in1_p
    AD12                                                              r  pll_inst/inst/clkin1_ibufgds/I
    AD12                 IBUFDS (Prop_ibufds_I_O)     0.803     6.518 r  pll_inst/inst/clkin1_ibufgds/O
                         net (fo=1, routed)           1.001     7.519    pll_inst/inst/clk_in1_pll
    PLLE2_ADV_X1Y1                                                    r  pll_inst/inst/plle2_adv_inst/CLKIN1
    PLLE2_ADV_X1Y1       PLLE2_ADV (Prop_plle2_adv_CLKIN1_CLKOUT1)
                                                     -7.261     0.258 r  pll_inst/inst/plle2_adv_inst/CLKOUT1
                         net (fo=1, routed)           2.003     2.261    pll_inst/inst/clk_out2_pll
    BUFGCTRL_X0Y0                                                     r  pll_inst/inst/clkout2_buf/I
    BUFGCTRL_X0Y0        BUFG (Prop_bufg_I_O)         0.083     2.344 r  pll_inst/inst/clkout2_buf/O
                         net (fo=5999, routed)        1.321     3.665    student_top_inst/bridge_inst/clk_out2
    SLICE_X42Y106        FDRE                                         r  student_top_inst/bridge_inst/LED_reg[9]_lopt_replica/C
                         clock pessimism             -0.448     3.217    
                         clock uncertainty           -0.077     3.140    
    SLICE_X42Y106        FDRE (Setup_fdre_C_CE)      -0.178     2.962    student_top_inst/bridge_inst/LED_reg[9]_lopt_replica
  -------------------------------------------------------------------
                         required time                          2.962    
                         arrival time                          -3.784    
  -------------------------------------------------------------------
                         slack                                 -0.822    

Slack (VIOLATED) :        -0.822ns  (required time - arrival time)
  Source:                 student_top_inst/u_KLDJ_top/u_pipe_id_ex/id_ex_rs1_addr_reg[0]/C
                            (rising edge-triggered cell FDRE clocked by clk_out2_pll  {rise@0.000ns fall@2.857ns period=5.714ns})
  Destination:            student_top_inst/u_KLDJ_top/ifu0/pc_reg_reg[8]/D
                            (rising edge-triggered cell FDRE clocked by clk_out2_pll  {rise@0.000ns fall@2.857ns period=5.714ns})
  Path Group:             clk_out2_pll
  Path Type:              Setup (Max at Slow Process Corner)
  Requirement:            5.714ns  (clk_out2_pll rise@5.714ns - clk_out2_pll rise@0.000ns)
  Data Path Delay:        6.405ns  (logic 1.637ns (25.558%)  route 4.768ns (74.442%))
  Logic Levels:           16  (CARRY4=5 LUT4=1 LUT5=4 LUT6=5 MUXF7=1)
  Clock Path Skew:        -0.130ns (DCD - SCD + CPR)
    Destination Clock Delay (DCD):    -2.117ns = ( 3.598 - 5.714 ) 
    Source Clock Delay      (SCD):    -2.434ns
    Clock Pessimism Removal (CPR):    -0.448ns
  Clock Uncertainty:      0.077ns  ((TSJ^2 + DJ^2)^1/2) / 2 + PE
    Total System Jitter     (TSJ):    0.071ns
    Discrete Jitter          (DJ):    0.137ns
    Phase Error              (PE):    0.000ns

    Location             Delay type                Incr(ns)  Path(ns)    Netlist Resource(s)
  -------------------------------------------------------------------    -------------------
                         (clock clk_out2_pll rise edge)
                                                      0.000     0.000 r  
    AD12                                              0.000     0.000 r  i_sys_clk_p (IN)
                         net (fo=0)                   0.000     0.000    pll_inst/inst/clk_in1_p
    AD12                                                              r  pll_inst/inst/clkin1_ibufgds/I
    AD12                 IBUFDS (Prop_ibufds_I_O)     0.906     0.906 r  pll_inst/inst/clkin1_ibufgds/O
                         net (fo=1, routed)           1.098     2.004    pll_inst/inst/clk_in1_pll
    PLLE2_ADV_X1Y1                                                    r  pll_inst/inst/plle2_adv_inst/CLKIN1
    PLLE2_ADV_X1Y1       PLLE2_ADV (Prop_plle2_adv_CLKIN1_CLKOUT1)
                                                     -8.058    -6.054 r  pll_inst/inst/plle2_adv_inst/CLKOUT1
                         net (fo=1, routed)           2.128    -3.926    pll_inst/inst/clk_out2_pll
    BUFGCTRL_X0Y0                                                     r  pll_inst/inst/clkout2_buf/I
    BUFGCTRL_X0Y0        BUFG (Prop_bufg_I_O)         0.093    -3.833 r  pll_inst/inst/clkout2_buf/O
                         net (fo=5999, routed)        1.399    -2.434    student_top_inst/u_KLDJ_top/u_pipe_id_ex/clk_out2
    SLICE_X83Y109        FDRE                                         r  student_top_inst/u_KLDJ_top/u_pipe_id_ex/id_ex_rs1_addr_reg[0]/C
  -------------------------------------------------------------------    -------------------
    SLICE_X83Y109        FDRE (Prop_fdre_C_Q)         0.223    -2.211 r  student_top_inst/u_KLDJ_top/u_pipe_id_ex/id_ex_rs1_addr_reg[0]/Q
                         net (fo=3, routed)           0.644    -1.567    student_top_inst/u_KLDJ_top/u_pipe_id_ex/id_ex_rs1_addr_reg[4]_0[0]
    SLICE_X82Y111                                                     r  student_top_inst/u_KLDJ_top/u_pipe_id_ex/rs1_q[31]_i_11/I0
    SLICE_X82Y111        LUT6 (Prop_lut6_I0_O)        0.043    -1.524 r  student_top_inst/u_KLDJ_top/u_pipe_id_ex/rs1_q[31]_i_11/O
                         net (fo=32, routed)          0.622    -0.902    student_top_inst/u_KLDJ_top/u_pipe_id_ex/rs1_q[31]_i_11_n_0
    SLICE_X87Y109                                                     r  student_top_inst/u_KLDJ_top/u_pipe_id_ex/rs1_q[8]_i_2/I3
    SLICE_X87Y109        LUT5 (Prop_lut5_I3_O)        0.043    -0.859 f  student_top_inst/u_KLDJ_top/u_pipe_id_ex/rs1_q[8]_i_2/O
                         net (fo=1, routed)           0.150    -0.709    student_top_inst/u_KLDJ_top/u_pipe_id_ex/rs1_q[8]_i_2_n_0
    SLICE_X87Y109                                                     f  student_top_inst/u_KLDJ_top/u_pipe_id_ex/rs1_q[8]_i_1/I2
    SLICE_X87Y109        LUT5 (Prop_lut5_I2_O)        0.043    -0.666 f  student_top_inst/u_KLDJ_top/u_pipe_id_ex/rs1_q[8]_i_1/O
                         net (fo=27, routed)          0.544    -0.122    student_top_inst/u_KLDJ_top/u_pipe_id_ex/ex_data1[8]
    SLICE_X87Y109                                                     f  student_top_inst/u_KLDJ_top/u_pipe_id_ex/signed_lt_carry__0_i_4/I3
    SLICE_X87Y109        LUT6 (Prop_lut6_I3_O)        0.043    -0.079 r  student_top_inst/u_KLDJ_top/u_pipe_id_ex/signed_lt_carry__0_i_4/O
                         net (fo=1, routed)           0.400     0.321    student_top_inst/u_KLDJ_top/exu2/u_KLDJ_alu/u_alu_add/signed_lt_carry__1_0[0]
    SLICE_X87Y113                                                     r  student_top_inst/u_KLDJ_top/exu2/u_KLDJ_alu/u_alu_add/signed_lt_carry__0/DI[0]
    SLICE_X87Y113        CARRY4 (Prop_carry4_DI[0]_CO[3])
                                                      0.269     0.590 r  student_top_inst/u_KLDJ_top/exu2/u_KLDJ_alu/u_alu_add/signed_lt_carry__0/CO[3]
                         net (fo=1, routed)           0.000     0.590    student_top_inst/u_KLDJ_top/exu2/u_KLDJ_alu/u_alu_add/signed_lt_carry__0_n_0
    SLICE_X87Y114                                                     r  student_top_inst/u_KLDJ_top/exu2/u_KLDJ_alu/u_alu_add/signed_lt_carry__1/CI
    SLICE_X87Y114        CARRY4 (Prop_carry4_CI_CO[3])
                                                      0.053     0.643 r  student_top_inst/u_KLDJ_top/exu2/u_KLDJ_alu/u_alu_add/signed_lt_carry__1/CO[3]
                         net (fo=1, routed)           0.000     0.643    student_top_inst/u_KLDJ_top/exu2/u_KLDJ_alu/u_alu_add/signed_lt_carry__1_n_0
    SLICE_X87Y115                                                     r  student_top_inst/u_KLDJ_top/exu2/u_KLDJ_alu/u_alu_add/signed_lt_carry__2/CI
    SLICE_X87Y115        CARRY4 (Prop_carry4_CI_CO[3])
                                                      0.053     0.696 r  student_top_inst/u_KLDJ_top/exu2/u_KLDJ_alu/u_alu_add/signed_lt_carry__2/CO[3]
                         net (fo=3, routed)           0.324     1.020    student_top_inst/u_KLDJ_top/u_pipe_id_ex/ex_mem_exu_res[0]_i_5_1[0]
    SLICE_X85Y115                                                     r  student_top_inst/u_KLDJ_top/u_pipe_id_ex/ghr[0]_i_8/I2
    SLICE_X85Y115        LUT5 (Prop_lut5_I2_O)        0.043     1.063 r  student_top_inst/u_KLDJ_top/u_pipe_id_ex/ghr[0]_i_8/O
                         net (fo=2, routed)           0.196     1.258    student_top_inst/u_KLDJ_top/u_pipe_id_ex/ghr[0]_i_8_n_0
    SLICE_X83Y115                                                     r  student_top_inst/u_KLDJ_top/u_pipe_id_ex/ghr[0]_i_4/I5
    SLICE_X83Y115        LUT6 (Prop_lut6_I5_O)        0.043     1.301 f  student_top_inst/u_KLDJ_top/u_pipe_id_ex/ghr[0]_i_4/O
                         net (fo=33, routed)          0.350     1.651    student_top_inst/u_KLDJ_top/u_pipe_id_ex/ghr[0]_i_4_n_0
    SLICE_X76Y115                                                     f  student_top_inst/u_KLDJ_top/u_pipe_id_ex/update_target_q[13]_i_3/I2
    SLICE_X76Y115        LUT4 (Prop_lut4_I2_O)        0.043     1.694 r  student_top_inst/u_KLDJ_top/u_pipe_id_ex/update_target_q[13]_i_3/O
                         net (fo=1, routed)           0.441     2.135    student_top_inst/u_KLDJ_top/u_pipe_id_ex/update_target_q[13]_i_3_n_0
    SLICE_X73Y115                                                     r  student_top_inst/u_KLDJ_top/u_pipe_id_ex/update_target_q[13]_i_1/I2
    SLICE_X73Y115        LUT6 (Prop_lut6_I2_O)        0.043     2.178 r  student_top_inst/u_KLDJ_top/u_pipe_id_ex/update_target_q[13]_i_1/O
                         net (fo=3, routed)           0.327     2.505    student_top_inst/u_KLDJ_top/u_pipe_id_ex/id_ex_exu_op_reg[0]_0[13]
    SLICE_X71Y114                                                     r  student_top_inst/u_KLDJ_top/u_pipe_id_ex/id_ex_pred_taken_i_14/I1
    SLICE_X71Y114        LUT6 (Prop_lut6_I1_O)        0.043     2.548 r  student_top_inst/u_KLDJ_top/u_pipe_id_ex/id_ex_pred_taken_i_14/O
                         net (fo=1, routed)           0.000     2.548    student_top_inst/u_KLDJ_top/u_pipe_id_ex/id_ex_pred_taken_i_14_n_0
    SLICE_X71Y114                                                     r  student_top_inst/u_KLDJ_top/u_pipe_id_ex/id_ex_pred_taken_reg_i_6/S[0]
    SLICE_X71Y114        CARRY4 (Prop_carry4_S[0]_CO[3])
                                                      0.259     2.807 r  student_top_inst/u_KLDJ_top/u_pipe_id_ex/id_ex_pred_taken_reg_i_6/CO[3]
                         net (fo=1, routed)           0.000     2.807    student_top_inst/u_KLDJ_top/u_pipe_id_ex/id_ex_pred_taken_reg_i_6_n_0
    SLICE_X71Y115                                                     r  student_top_inst/u_KLDJ_top/u_pipe_id_ex/id_ex_pred_taken_reg_i_5/CI
    SLICE_X71Y115        CARRY4 (Prop_carry4_CI_CO[2])
                                                      0.110     2.917 r  student_top_inst/u_KLDJ_top/u_pipe_id_ex/id_ex_pred_taken_reg_i_5/CO[2]
                         net (fo=4, routed)           0.214     3.132    student_top_inst/u_KLDJ_top/u_pipe_id_ex/u_ex_bpu_ctrl/indirect_target_miss0
    SLICE_X69Y115                                                     r  student_top_inst/u_KLDJ_top/u_pipe_id_ex/pc_reg[31]_i_5/I4
    SLICE_X69Y115        LUT5 (Prop_lut5_I4_O)        0.129     3.261 r  student_top_inst/u_KLDJ_top/u_pipe_id_ex/pc_reg[31]_i_5/O
                         net (fo=36, routed)          0.556     3.817    student_top_inst/u_KLDJ_top/u_pipe_id_ex/pc_reg[31]_i_5_n_0
    SLICE_X74Y113                                                     r  student_top_inst/u_KLDJ_top/u_pipe_id_ex/pc_reg_reg[8]_i_1/S
    SLICE_X74Y113        MUXF7 (Prop_muxf7_S_O)       0.154     3.971 r  student_top_inst/u_KLDJ_top/u_pipe_id_ex/pc_reg_reg[8]_i_1/O
                         net (fo=1, routed)           0.000     3.971    student_top_inst/u_KLDJ_top/ifu0/pc_reg_reg[31]_2[8]
    SLICE_X74Y113        FDRE                                         r  student_top_inst/u_KLDJ_top/ifu0/pc_reg_reg[8]/D
  -------------------------------------------------------------------    -------------------

                         (clock clk_out2_pll rise edge)
                                                      5.714     5.714 r  
    AD12                                              0.000     5.714 r  i_sys_clk_p (IN)
                         net (fo=0)                   0.000     5.714    pll_inst/inst/clk_in1_p
    AD12                                                              r  pll_inst/inst/clkin1_ibufgds/I
    AD12                 IBUFDS (Prop_ibufds_I_O)     0.803     6.518 r  pll_inst/inst/clkin1_ibufgds/O
                         net (fo=1, routed)           1.001     7.519    pll_inst/inst/clk_in1_pll
    PLLE2_ADV_X1Y1                                                    r  pll_inst/inst/plle2_adv_inst/CLKIN1
    PLLE2_ADV_X1Y1       PLLE2_ADV (Prop_plle2_adv_CLKIN1_CLKOUT1)
                                                     -7.261     0.258 r  pll_inst/inst/plle2_adv_inst/CLKOUT1
                         net (fo=1, routed)           2.003     2.261    pll_inst/inst/clk_out2_pll
    BUFGCTRL_X0Y0                                                     r  pll_inst/inst/clkout2_buf/I
    BUFGCTRL_X0Y0        BUFG (Prop_bufg_I_O)         0.083     2.344 r  pll_inst/inst/clkout2_buf/O
                         net (fo=5999, routed)        1.254     3.598    student_top_inst/u_KLDJ_top/ifu0/clk_out2
    SLICE_X74Y113        FDRE                                         r  student_top_inst/u_KLDJ_top/ifu0/pc_reg_reg[8]/C
                         clock pessimism             -0.448     3.150    
                         clock uncertainty           -0.077     3.073    
    SLICE_X74Y113        FDRE (Setup_fdre_C_D)        0.076     3.149    student_top_inst/u_KLDJ_top/ifu0/pc_reg_reg[8]
  -------------------------------------------------------------------
                         required time                          3.149    
                         arrival time                          -3.971    
  -------------------------------------------------------------------
                         slack                                 -0.822    

Slack (VIOLATED) :        -0.821ns  (required time - arrival time)
  Source:                 student_top_inst/u_KLDJ_top/u_pipe_id_ex/id_ex_rs1_addr_reg[0]/C
                            (rising edge-triggered cell FDRE clocked by clk_out2_pll  {rise@0.000ns fall@2.857ns period=5.714ns})
  Destination:            student_top_inst/u_KLDJ_top/ifu0/pc_reg_reg[12]/CE
                            (rising edge-triggered cell FDRE clocked by clk_out2_pll  {rise@0.000ns fall@2.857ns period=5.714ns})
  Path Group:             clk_out2_pll
  Path Type:              Setup (Max at Slow Process Corner)
  Requirement:            5.714ns  (clk_out2_pll rise@5.714ns - clk_out2_pll rise@0.000ns)
  Data Path Delay:        6.125ns  (logic 1.483ns (24.213%)  route 4.642ns (75.787%))
  Logic Levels:           15  (CARRY4=5 LUT4=1 LUT5=3 LUT6=6)
  Clock Path Skew:        -0.132ns (DCD - SCD + CPR)
    Destination Clock Delay (DCD):    -2.119ns = ( 3.596 - 5.714 ) 
    Source Clock Delay      (SCD):    -2.434ns
    Clock Pessimism Removal (CPR):    -0.448ns
  Clock Uncertainty:      0.077ns  ((TSJ^2 + DJ^2)^1/2) / 2 + PE
    Total System Jitter     (TSJ):    0.071ns
    Discrete Jitter          (DJ):    0.137ns
    Phase Error              (PE):    0.000ns

    Location             Delay type                Incr(ns)  Path(ns)    Netlist Resource(s)
  -------------------------------------------------------------------    -------------------
                         (clock clk_out2_pll rise edge)
                                                      0.000     0.000 r  
    AD12                                              0.000     0.000 r  i_sys_clk_p (IN)
                         net (fo=0)                   0.000     0.000    pll_inst/inst/clk_in1_p
    AD12                                                              r  pll_inst/inst/clkin1_ibufgds/I
    AD12                 IBUFDS (Prop_ibufds_I_O)     0.906     0.906 r  pll_inst/inst/clkin1_ibufgds/O
                         net (fo=1, routed)           1.098     2.004    pll_inst/inst/clk_in1_pll
    PLLE2_ADV_X1Y1                                                    r  pll_inst/inst/plle2_adv_inst/CLKIN1
    PLLE2_ADV_X1Y1       PLLE2_ADV (Prop_plle2_adv_CLKIN1_CLKOUT1)
                                                     -8.058    -6.054 r  pll_inst/inst/plle2_adv_inst/CLKOUT1
                         net (fo=1, routed)           2.128    -3.926    pll_inst/inst/clk_out2_pll
    BUFGCTRL_X0Y0                                                     r  pll_inst/inst/clkout2_buf/I
    BUFGCTRL_X0Y0        BUFG (Prop_bufg_I_O)         0.093    -3.833 r  pll_inst/inst/clkout2_buf/O
                         net (fo=5999, routed)        1.399    -2.434    student_top_inst/u_KLDJ_top/u_pipe_id_ex/clk_out2
    SLICE_X83Y109        FDRE                                         r  student_top_inst/u_KLDJ_top/u_pipe_id_ex/id_ex_rs1_addr_reg[0]/C
  -------------------------------------------------------------------    -------------------
    SLICE_X83Y109        FDRE (Prop_fdre_C_Q)         0.223    -2.211 r  student_top_inst/u_KLDJ_top/u_pipe_id_ex/id_ex_rs1_addr_reg[0]/Q
                         net (fo=3, routed)           0.644    -1.567    student_top_inst/u_KLDJ_top/u_pipe_id_ex/id_ex_rs1_addr_reg[4]_0[0]
    SLICE_X82Y111                                                     r  student_top_inst/u_KLDJ_top/u_pipe_id_ex/rs1_q[31]_i_11/I0
    SLICE_X82Y111        LUT6 (Prop_lut6_I0_O)        0.043    -1.524 r  student_top_inst/u_KLDJ_top/u_pipe_id_ex/rs1_q[31]_i_11/O
                         net (fo=32, routed)          0.622    -0.902    student_top_inst/u_KLDJ_top/u_pipe_id_ex/rs1_q[31]_i_11_n_0
    SLICE_X87Y109                                                     r  student_top_inst/u_KLDJ_top/u_pipe_id_ex/rs1_q[8]_i_2/I3
    SLICE_X87Y109        LUT5 (Prop_lut5_I3_O)        0.043    -0.859 f  student_top_inst/u_KLDJ_top/u_pipe_id_ex/rs1_q[8]_i_2/O
                         net (fo=1, routed)           0.150    -0.709    student_top_inst/u_KLDJ_top/u_pipe_id_ex/rs1_q[8]_i_2_n_0
    SLICE_X87Y109                                                     f  student_top_inst/u_KLDJ_top/u_pipe_id_ex/rs1_q[8]_i_1/I2
    SLICE_X87Y109        LUT5 (Prop_lut5_I2_O)        0.043    -0.666 f  student_top_inst/u_KLDJ_top/u_pipe_id_ex/rs1_q[8]_i_1/O
                         net (fo=27, routed)          0.544    -0.122    student_top_inst/u_KLDJ_top/u_pipe_id_ex/ex_data1[8]
    SLICE_X87Y109                                                     f  student_top_inst/u_KLDJ_top/u_pipe_id_ex/signed_lt_carry__0_i_4/I3
    SLICE_X87Y109        LUT6 (Prop_lut6_I3_O)        0.043    -0.079 r  student_top_inst/u_KLDJ_top/u_pipe_id_ex/signed_lt_carry__0_i_4/O
                         net (fo=1, routed)           0.400     0.321    student_top_inst/u_KLDJ_top/exu2/u_KLDJ_alu/u_alu_add/signed_lt_carry__1_0[0]
    SLICE_X87Y113                                                     r  student_top_inst/u_KLDJ_top/exu2/u_KLDJ_alu/u_alu_add/signed_lt_carry__0/DI[0]
    SLICE_X87Y113        CARRY4 (Prop_carry4_DI[0]_CO[3])
                                                      0.269     0.590 r  student_top_inst/u_KLDJ_top/exu2/u_KLDJ_alu/u_alu_add/signed_lt_carry__0/CO[3]
                         net (fo=1, routed)           0.000     0.590    student_top_inst/u_KLDJ_top/exu2/u_KLDJ_alu/u_alu_add/signed_lt_carry__0_n_0
    SLICE_X87Y114                                                     r  student_top_inst/u_KLDJ_top/exu2/u_KLDJ_alu/u_alu_add/signed_lt_carry__1/CI
    SLICE_X87Y114        CARRY4 (Prop_carry4_CI_CO[3])
                                                      0.053     0.643 r  student_top_inst/u_KLDJ_top/exu2/u_KLDJ_alu/u_alu_add/signed_lt_carry__1/CO[3]
                         net (fo=1, routed)           0.000     0.643    student_top_inst/u_KLDJ_top/exu2/u_KLDJ_alu/u_alu_add/signed_lt_carry__1_n_0
    SLICE_X87Y115                                                     r  student_top_inst/u_KLDJ_top/exu2/u_KLDJ_alu/u_alu_add/signed_lt_carry__2/CI
    SLICE_X87Y115        CARRY4 (Prop_carry4_CI_CO[3])
                                                      0.053     0.696 r  student_top_inst/u_KLDJ_top/exu2/u_KLDJ_alu/u_alu_add/signed_lt_carry__2/CO[3]
                         net (fo=3, routed)           0.324     1.020    student_top_inst/u_KLDJ_top/u_pipe_id_ex/ex_mem_exu_res[0]_i_5_1[0]
    SLICE_X85Y115                                                     r  student_top_inst/u_KLDJ_top/u_pipe_id_ex/ghr[0]_i_8/I2
    SLICE_X85Y115        LUT5 (Prop_lut5_I2_O)        0.043     1.063 r  student_top_inst/u_KLDJ_top/u_pipe_id_ex/ghr[0]_i_8/O
                         net (fo=2, routed)           0.196     1.258    student_top_inst/u_KLDJ_top/u_pipe_id_ex/ghr[0]_i_8_n_0
    SLICE_X83Y115                                                     r  student_top_inst/u_KLDJ_top/u_pipe_id_ex/ghr[0]_i_4/I5
    SLICE_X83Y115        LUT6 (Prop_lut6_I5_O)        0.043     1.301 f  student_top_inst/u_KLDJ_top/u_pipe_id_ex/ghr[0]_i_4/O
                         net (fo=33, routed)          0.350     1.651    student_top_inst/u_KLDJ_top/u_pipe_id_ex/ghr[0]_i_4_n_0
    SLICE_X76Y115                                                     f  student_top_inst/u_KLDJ_top/u_pipe_id_ex/update_target_q[13]_i_3/I2
    SLICE_X76Y115        LUT4 (Prop_lut4_I2_O)        0.043     1.694 r  student_top_inst/u_KLDJ_top/u_pipe_id_ex/update_target_q[13]_i_3/O
                         net (fo=1, routed)           0.441     2.135    student_top_inst/u_KLDJ_top/u_pipe_id_ex/update_target_q[13]_i_3_n_0
    SLICE_X73Y115                                                     r  student_top_inst/u_KLDJ_top/u_pipe_id_ex/update_target_q[13]_i_1/I2
    SLICE_X73Y115        LUT6 (Prop_lut6_I2_O)        0.043     2.178 r  student_top_inst/u_KLDJ_top/u_pipe_id_ex/update_target_q[13]_i_1/O
                         net (fo=3, routed)           0.327     2.505    student_top_inst/u_KLDJ_top/u_pipe_id_ex/id_ex_exu_op_reg[0]_0[13]
    SLICE_X71Y114                                                     r  student_top_inst/u_KLDJ_top/u_pipe_id_ex/id_ex_pred_taken_i_14/I1
    SLICE_X71Y114        LUT6 (Prop_lut6_I1_O)        0.043     2.548 r  student_top_inst/u_KLDJ_top/u_pipe_id_ex/id_ex_pred_taken_i_14/O
                         net (fo=1, routed)           0.000     2.548    student_top_inst/u_KLDJ_top/u_pipe_id_ex/id_ex_pred_taken_i_14_n_0
    SLICE_X71Y114                                                     r  student_top_inst/u_KLDJ_top/u_pipe_id_ex/id_ex_pred_taken_reg_i_6/S[0]
    SLICE_X71Y114        CARRY4 (Prop_carry4_S[0]_CO[3])
                                                      0.259     2.807 r  student_top_inst/u_KLDJ_top/u_pipe_id_ex/id_ex_pred_taken_reg_i_6/CO[3]
                         net (fo=1, routed)           0.000     2.807    student_top_inst/u_KLDJ_top/u_pipe_id_ex/id_ex_pred_taken_reg_i_6_n_0
    SLICE_X71Y115                                                     r  student_top_inst/u_KLDJ_top/u_pipe_id_ex/id_ex_pred_taken_reg_i_5/CI
    SLICE_X71Y115        CARRY4 (Prop_carry4_CI_CO[2])
                                                      0.110     2.917 r  student_top_inst/u_KLDJ_top/u_pipe_id_ex/id_ex_pred_taken_reg_i_5/CO[2]
                         net (fo=4, routed)           0.211     3.129    student_top_inst/u_KLDJ_top/u_pipe_id_ex/u_ex_bpu_ctrl/indirect_target_miss0
    SLICE_X69Y115                                                     r  student_top_inst/u_KLDJ_top/u_pipe_id_ex/pc_reg[31]_i_1_comp/I4
    SLICE_X69Y115        LUT6 (Prop_lut6_I4_O)        0.129     3.258 r  student_top_inst/u_KLDJ_top/u_pipe_id_ex/pc_reg[31]_i_1_comp/O
                         net (fo=32, routed)          0.433     3.691    student_top_inst/u_KLDJ_top/ifu0/E[0]
    SLICE_X69Y116        FDRE                                         r  student_top_inst/u_KLDJ_top/ifu0/pc_reg_reg[12]/CE
  -------------------------------------------------------------------    -------------------

                         (clock clk_out2_pll rise edge)
                                                      5.714     5.714 r  
    AD12                                              0.000     5.714 r  i_sys_clk_p (IN)
                         net (fo=0)                   0.000     5.714    pll_inst/inst/clk_in1_p
    AD12                                                              r  pll_inst/inst/clkin1_ibufgds/I
    AD12                 IBUFDS (Prop_ibufds_I_O)     0.803     6.518 r  pll_inst/inst/clkin1_ibufgds/O
                         net (fo=1, routed)           1.001     7.519    pll_inst/inst/clk_in1_pll
    PLLE2_ADV_X1Y1                                                    r  pll_inst/inst/plle2_adv_inst/CLKIN1
    PLLE2_ADV_X1Y1       PLLE2_ADV (Prop_plle2_adv_CLKIN1_CLKOUT1)
                                                     -7.261     0.258 r  pll_inst/inst/plle2_adv_inst/CLKOUT1
                         net (fo=1, routed)           2.003     2.261    pll_inst/inst/clk_out2_pll
    BUFGCTRL_X0Y0                                                     r  pll_inst/inst/clkout2_buf/I
    BUFGCTRL_X0Y0        BUFG (Prop_bufg_I_O)         0.083     2.344 r  pll_inst/inst/clkout2_buf/O
                         net (fo=5999, routed)        1.252     3.596    student_top_inst/u_KLDJ_top/ifu0/clk_out2
    SLICE_X69Y116        FDRE                                         r  student_top_inst/u_KLDJ_top/ifu0/pc_reg_reg[12]/C
                         clock pessimism             -0.448     3.148    
                         clock uncertainty           -0.077     3.071    
    SLICE_X69Y116        FDRE (Setup_fdre_C_CE)      -0.201     2.870    student_top_inst/u_KLDJ_top/ifu0/pc_reg_reg[12]
  -------------------------------------------------------------------
                         required time                          2.870    
                         arrival time                          -3.691    
  -------------------------------------------------------------------
                         slack                                 -0.821    

Slack (VIOLATED) :        -0.821ns  (required time - arrival time)
  Source:                 student_top_inst/u_KLDJ_top/u_pipe_id_ex/id_ex_rs1_addr_reg[0]/C
                            (rising edge-triggered cell FDRE clocked by clk_out2_pll  {rise@0.000ns fall@2.857ns period=5.714ns})
  Destination:            student_top_inst/u_KLDJ_top/ifu0/pc_reg_reg[23]/CE
                            (rising edge-triggered cell FDRE clocked by clk_out2_pll  {rise@0.000ns fall@2.857ns period=5.714ns})
  Path Group:             clk_out2_pll
  Path Type:              Setup (Max at Slow Process Corner)
  Requirement:            5.714ns  (clk_out2_pll rise@5.714ns - clk_out2_pll rise@0.000ns)
  Data Path Delay:        6.125ns  (logic 1.483ns (24.213%)  route 4.642ns (75.787%))
  Logic Levels:           15  (CARRY4=5 LUT4=1 LUT5=3 LUT6=6)
  Clock Path Skew:        -0.132ns (DCD - SCD + CPR)
    Destination Clock Delay (DCD):    -2.119ns = ( 3.596 - 5.714 ) 
    Source Clock Delay      (SCD):    -2.434ns
    Clock Pessimism Removal (CPR):    -0.448ns
  Clock Uncertainty:      0.077ns  ((TSJ^2 + DJ^2)^1/2) / 2 + PE
    Total System Jitter     (TSJ):    0.071ns
    Discrete Jitter          (DJ):    0.137ns
    Phase Error              (PE):    0.000ns

    Location             Delay type                Incr(ns)  Path(ns)    Netlist Resource(s)
  -------------------------------------------------------------------    -------------------
                         (clock clk_out2_pll rise edge)
                                                      0.000     0.000 r  
    AD12                                              0.000     0.000 r  i_sys_clk_p (IN)
                         net (fo=0)                   0.000     0.000    pll_inst/inst/clk_in1_p
    AD12                                                              r  pll_inst/inst/clkin1_ibufgds/I
    AD12                 IBUFDS (Prop_ibufds_I_O)     0.906     0.906 r  pll_inst/inst/clkin1_ibufgds/O
                         net (fo=1, routed)           1.098     2.004    pll_inst/inst/clk_in1_pll
    PLLE2_ADV_X1Y1                                                    r  pll_inst/inst/plle2_adv_inst/CLKIN1
    PLLE2_ADV_X1Y1       PLLE2_ADV (Prop_plle2_adv_CLKIN1_CLKOUT1)
                                                     -8.058    -6.054 r  pll_inst/inst/plle2_adv_inst/CLKOUT1
                         net (fo=1, routed)           2.128    -3.926    pll_inst/inst/clk_out2_pll
    BUFGCTRL_X0Y0                                                     r  pll_inst/inst/clkout2_buf/I
    BUFGCTRL_X0Y0        BUFG (Prop_bufg_I_O)         0.093    -3.833 r  pll_inst/inst/clkout2_buf/O
                         net (fo=5999, routed)        1.399    -2.434    student_top_inst/u_KLDJ_top/u_pipe_id_ex/clk_out2
    SLICE_X83Y109        FDRE                                         r  student_top_inst/u_KLDJ_top/u_pipe_id_ex/id_ex_rs1_addr_reg[0]/C
  -------------------------------------------------------------------    -------------------
    SLICE_X83Y109        FDRE (Prop_fdre_C_Q)         0.223    -2.211 r  student_top_inst/u_KLDJ_top/u_pipe_id_ex/id_ex_rs1_addr_reg[0]/Q
                         net (fo=3, routed)           0.644    -1.567    student_top_inst/u_KLDJ_top/u_pipe_id_ex/id_ex_rs1_addr_reg[4]_0[0]
    SLICE_X82Y111                                                     r  student_top_inst/u_KLDJ_top/u_pipe_id_ex/rs1_q[31]_i_11/I0
    SLICE_X82Y111        LUT6 (Prop_lut6_I0_O)        0.043    -1.524 r  student_top_inst/u_KLDJ_top/u_pipe_id_ex/rs1_q[31]_i_11/O
                         net (fo=32, routed)          0.622    -0.902    student_top_inst/u_KLDJ_top/u_pipe_id_ex/rs1_q[31]_i_11_n_0
    SLICE_X87Y109                                                     r  student_top_inst/u_KLDJ_top/u_pipe_id_ex/rs1_q[8]_i_2/I3
    SLICE_X87Y109        LUT5 (Prop_lut5_I3_O)        0.043    -0.859 f  student_top_inst/u_KLDJ_top/u_pipe_id_ex/rs1_q[8]_i_2/O
                         net (fo=1, routed)           0.150    -0.709    student_top_inst/u_KLDJ_top/u_pipe_id_ex/rs1_q[8]_i_2_n_0
    SLICE_X87Y109                                                     f  student_top_inst/u_KLDJ_top/u_pipe_id_ex/rs1_q[8]_i_1/I2
    SLICE_X87Y109        LUT5 (Prop_lut5_I2_O)        0.043    -0.666 f  student_top_inst/u_KLDJ_top/u_pipe_id_ex/rs1_q[8]_i_1/O
                         net (fo=27, routed)          0.544    -0.122    student_top_inst/u_KLDJ_top/u_pipe_id_ex/ex_data1[8]
    SLICE_X87Y109                                                     f  student_top_inst/u_KLDJ_top/u_pipe_id_ex/signed_lt_carry__0_i_4/I3
    SLICE_X87Y109        LUT6 (Prop_lut6_I3_O)        0.043    -0.079 r  student_top_inst/u_KLDJ_top/u_pipe_id_ex/signed_lt_carry__0_i_4/O
                         net (fo=1, routed)           0.400     0.321    student_top_inst/u_KLDJ_top/exu2/u_KLDJ_alu/u_alu_add/signed_lt_carry__1_0[0]
    SLICE_X87Y113                                                     r  student_top_inst/u_KLDJ_top/exu2/u_KLDJ_alu/u_alu_add/signed_lt_carry__0/DI[0]
    SLICE_X87Y113        CARRY4 (Prop_carry4_DI[0]_CO[3])
                                                      0.269     0.590 r  student_top_inst/u_KLDJ_top/exu2/u_KLDJ_alu/u_alu_add/signed_lt_carry__0/CO[3]
                         net (fo=1, routed)           0.000     0.590    student_top_inst/u_KLDJ_top/exu2/u_KLDJ_alu/u_alu_add/signed_lt_carry__0_n_0
    SLICE_X87Y114                                                     r  student_top_inst/u_KLDJ_top/exu2/u_KLDJ_alu/u_alu_add/signed_lt_carry__1/CI
    SLICE_X87Y114        CARRY4 (Prop_carry4_CI_CO[3])
                                                      0.053     0.643 r  student_top_inst/u_KLDJ_top/exu2/u_KLDJ_alu/u_alu_add/signed_lt_carry__1/CO[3]
                         net (fo=1, routed)           0.000     0.643    student_top_inst/u_KLDJ_top/exu2/u_KLDJ_alu/u_alu_add/signed_lt_carry__1_n_0
    SLICE_X87Y115                                                     r  student_top_inst/u_KLDJ_top/exu2/u_KLDJ_alu/u_alu_add/signed_lt_carry__2/CI
    SLICE_X87Y115        CARRY4 (Prop_carry4_CI_CO[3])
                                                      0.053     0.696 r  student_top_inst/u_KLDJ_top/exu2/u_KLDJ_alu/u_alu_add/signed_lt_carry__2/CO[3]
                         net (fo=3, routed)           0.324     1.020    student_top_inst/u_KLDJ_top/u_pipe_id_ex/ex_mem_exu_res[0]_i_5_1[0]
    SLICE_X85Y115                                                     r  student_top_inst/u_KLDJ_top/u_pipe_id_ex/ghr[0]_i_8/I2
    SLICE_X85Y115        LUT5 (Prop_lut5_I2_O)        0.043     1.063 r  student_top_inst/u_KLDJ_top/u_pipe_id_ex/ghr[0]_i_8/O
                         net (fo=2, routed)           0.196     1.258    student_top_inst/u_KLDJ_top/u_pipe_id_ex/ghr[0]_i_8_n_0
    SLICE_X83Y115                                                     r  student_top_inst/u_KLDJ_top/u_pipe_id_ex/ghr[0]_i_4/I5
    SLICE_X83Y115        LUT6 (Prop_lut6_I5_O)        0.043     1.301 f  student_top_inst/u_KLDJ_top/u_pipe_id_ex/ghr[0]_i_4/O
                         net (fo=33, routed)          0.350     1.651    student_top_inst/u_KLDJ_top/u_pipe_id_ex/ghr[0]_i_4_n_0
    SLICE_X76Y115                                                     f  student_top_inst/u_KLDJ_top/u_pipe_id_ex/update_target_q[13]_i_3/I2
    SLICE_X76Y115        LUT4 (Prop_lut4_I2_O)        0.043     1.694 r  student_top_inst/u_KLDJ_top/u_pipe_id_ex/update_target_q[13]_i_3/O
                         net (fo=1, routed)           0.441     2.135    student_top_inst/u_KLDJ_top/u_pipe_id_ex/update_target_q[13]_i_3_n_0
    SLICE_X73Y115                                                     r  student_top_inst/u_KLDJ_top/u_pipe_id_ex/update_target_q[13]_i_1/I2
    SLICE_X73Y115        LUT6 (Prop_lut6_I2_O)        0.043     2.178 r  student_top_inst/u_KLDJ_top/u_pipe_id_ex/update_target_q[13]_i_1/O
                         net (fo=3, routed)           0.327     2.505    student_top_inst/u_KLDJ_top/u_pipe_id_ex/id_ex_exu_op_reg[0]_0[13]
    SLICE_X71Y114                                                     r  student_top_inst/u_KLDJ_top/u_pipe_id_ex/id_ex_pred_taken_i_14/I1
    SLICE_X71Y114        LUT6 (Prop_lut6_I1_O)        0.043     2.548 r  student_top_inst/u_KLDJ_top/u_pipe_id_ex/id_ex_pred_taken_i_14/O
                         net (fo=1, routed)           0.000     2.548    student_top_inst/u_KLDJ_top/u_pipe_id_ex/id_ex_pred_taken_i_14_n_0
    SLICE_X71Y114                                                     r  student_top_inst/u_KLDJ_top/u_pipe_id_ex/id_ex_pred_taken_reg_i_6/S[0]
    SLICE_X71Y114        CARRY4 (Prop_carry4_S[0]_CO[3])
                                                      0.259     2.807 r  student_top_inst/u_KLDJ_top/u_pipe_id_ex/id_ex_pred_taken_reg_i_6/CO[3]
                         net (fo=1, routed)           0.000     2.807    student_top_inst/u_KLDJ_top/u_pipe_id_ex/id_ex_pred_taken_reg_i_6_n_0
    SLICE_X71Y115                                                     r  student_top_inst/u_KLDJ_top/u_pipe_id_ex/id_ex_pred_taken_reg_i_5/CI
    SLICE_X71Y115        CARRY4 (Prop_carry4_CI_CO[2])
                                                      0.110     2.917 r  student_top_inst/u_KLDJ_top/u_pipe_id_ex/id_ex_pred_taken_reg_i_5/CO[2]
                         net (fo=4, routed)           0.211     3.129    student_top_inst/u_KLDJ_top/u_pipe_id_ex/u_ex_bpu_ctrl/indirect_target_miss0
    SLICE_X69Y115                                                     r  student_top_inst/u_KLDJ_top/u_pipe_id_ex/pc_reg[31]_i_1_comp/I4
    SLICE_X69Y115        LUT6 (Prop_lut6_I4_O)        0.129     3.258 r  student_top_inst/u_KLDJ_top/u_pipe_id_ex/pc_reg[31]_i_1_comp/O
                         net (fo=32, routed)          0.433     3.691    student_top_inst/u_KLDJ_top/ifu0/E[0]
    SLICE_X69Y116        FDRE                                         r  student_top_inst/u_KLDJ_top/ifu0/pc_reg_reg[23]/CE
  -------------------------------------------------------------------    -------------------

                         (clock clk_out2_pll rise edge)
                                                      5.714     5.714 r  
    AD12                                              0.000     5.714 r  i_sys_clk_p (IN)
                         net (fo=0)                   0.000     5.714    pll_inst/inst/clk_in1_p
    AD12                                                              r  pll_inst/inst/clkin1_ibufgds/I
    AD12                 IBUFDS (Prop_ibufds_I_O)     0.803     6.518 r  pll_inst/inst/clkin1_ibufgds/O
                         net (fo=1, routed)           1.001     7.519    pll_inst/inst/clk_in1_pll
    PLLE2_ADV_X1Y1                                                    r  pll_inst/inst/plle2_adv_inst/CLKIN1
    PLLE2_ADV_X1Y1       PLLE2_ADV (Prop_plle2_adv_CLKIN1_CLKOUT1)
                                                     -7.261     0.258 r  pll_inst/inst/plle2_adv_inst/CLKOUT1
                         net (fo=1, routed)           2.003     2.261    pll_inst/inst/clk_out2_pll
    BUFGCTRL_X0Y0                                                     r  pll_inst/inst/clkout2_buf/I
    BUFGCTRL_X0Y0        BUFG (Prop_bufg_I_O)         0.083     2.344 r  pll_inst/inst/clkout2_buf/O
                         net (fo=5999, routed)        1.252     3.596    student_top_inst/u_KLDJ_top/ifu0/clk_out2
    SLICE_X69Y116        FDRE                                         r  student_top_inst/u_KLDJ_top/ifu0/pc_reg_reg[23]/C
                         clock pessimism             -0.448     3.148    
                         clock uncertainty           -0.077     3.071    
    SLICE_X69Y116        FDRE (Setup_fdre_C_CE)      -0.201     2.870    student_top_inst/u_KLDJ_top/ifu0/pc_reg_reg[23]
  -------------------------------------------------------------------
                         required time                          2.870    
                         arrival time                          -3.691    
  -------------------------------------------------------------------
                         slack                                 -0.821    

Slack (VIOLATED) :        -0.816ns  (required time - arrival time)
  Source:                 student_top_inst/u_KLDJ_top/u_pipe_id_ex/id_ex_rs1_addr_reg[0]/C
                            (rising edge-triggered cell FDRE clocked by clk_out2_pll  {rise@0.000ns fall@2.857ns period=5.714ns})
  Destination:            student_top_inst/bridge_inst/LED_reg[29]_lopt_replica/CE
                            (rising edge-triggered cell FDRE clocked by clk_out2_pll  {rise@0.000ns fall@2.857ns period=5.714ns})
  Path Group:             clk_out2_pll
  Path Type:              Setup (Max at Slow Process Corner)
  Requirement:            5.714ns  (clk_out2_pll rise@5.714ns - clk_out2_pll rise@0.000ns)
  Data Path Delay:        6.189ns  (logic 1.379ns (22.280%)  route 4.810ns (77.720%))
  Logic Levels:           17  (CARRY4=8 LUT2=1 LUT5=4 LUT6=4)
  Clock Path Skew:        -0.063ns (DCD - SCD + CPR)
    Destination Clock Delay (DCD):    -2.050ns = ( 3.665 - 5.714 ) 
    Source Clock Delay      (SCD):    -2.434ns
    Clock Pessimism Removal (CPR):    -0.448ns
  Clock Uncertainty:      0.077ns  ((TSJ^2 + DJ^2)^1/2) / 2 + PE
    Total System Jitter     (TSJ):    0.071ns
    Discrete Jitter          (DJ):    0.137ns
    Phase Error              (PE):    0.000ns

    Location             Delay type                Incr(ns)  Path(ns)    Netlist Resource(s)
  -------------------------------------------------------------------    -------------------
                         (clock clk_out2_pll rise edge)
                                                      0.000     0.000 r  
    AD12                                              0.000     0.000 r  i_sys_clk_p (IN)
                         net (fo=0)                   0.000     0.000    pll_inst/inst/clk_in1_p
    AD12                                                              r  pll_inst/inst/clkin1_ibufgds/I
    AD12                 IBUFDS (Prop_ibufds_I_O)     0.906     0.906 r  pll_inst/inst/clkin1_ibufgds/O
                         net (fo=1, routed)           1.098     2.004    pll_inst/inst/clk_in1_pll
    PLLE2_ADV_X1Y1                                                    r  pll_inst/inst/plle2_adv_inst/CLKIN1
    PLLE2_ADV_X1Y1       PLLE2_ADV (Prop_plle2_adv_CLKIN1_CLKOUT1)
                                                     -8.058    -6.054 r  pll_inst/inst/plle2_adv_inst/CLKOUT1
                         net (fo=1, routed)           2.128    -3.926    pll_inst/inst/clk_out2_pll
    BUFGCTRL_X0Y0                                                     r  pll_inst/inst/clkout2_buf/I
    BUFGCTRL_X0Y0        BUFG (Prop_bufg_I_O)         0.093    -3.833 r  pll_inst/inst/clkout2_buf/O
                         net (fo=5999, routed)        1.399    -2.434    student_top_inst/u_KLDJ_top/u_pipe_id_ex/clk_out2
    SLICE_X83Y109        FDRE                                         r  student_top_inst/u_KLDJ_top/u_pipe_id_ex/id_ex_rs1_addr_reg[0]/C
  -------------------------------------------------------------------    -------------------
    SLICE_X83Y109        FDRE (Prop_fdre_C_Q)         0.223    -2.211 r  student_top_inst/u_KLDJ_top/u_pipe_id_ex/id_ex_rs1_addr_reg[0]/Q
                         net (fo=3, routed)           0.644    -1.567    student_top_inst/u_KLDJ_top/u_pipe_id_ex/id_ex_rs1_addr_reg[4]_0[0]
    SLICE_X82Y111                                                     r  student_top_inst/u_KLDJ_top/u_pipe_id_ex/rs1_q[31]_i_11/I0
    SLICE_X82Y111        LUT6 (Prop_lut6_I0_O)        0.043    -1.524 r  student_top_inst/u_KLDJ_top/u_pipe_id_ex/rs1_q[31]_i_11/O
                         net (fo=32, routed)          0.390    -1.134    student_top_inst/u_KLDJ_top/u_pipe_id_ex/rs1_q[31]_i_11_n_0
    SLICE_X80Y111                                                     r  student_top_inst/u_KLDJ_top/u_pipe_id_ex/rs1_q[0]_i_2/I3
    SLICE_X80Y111        LUT5 (Prop_lut5_I3_O)        0.043    -1.091 r  student_top_inst/u_KLDJ_top/u_pipe_id_ex/rs1_q[0]_i_2/O
                         net (fo=2, routed)           0.451    -0.640    student_top_inst/u_KLDJ_top/u_pipe_id_ex/rs1_q[0]_i_2_n_0
    SLICE_X84Y114                                                     r  student_top_inst/u_KLDJ_top/u_pipe_id_ex/rs1_q[0]_i_1/I2
    SLICE_X84Y114        LUT5 (Prop_lut5_I2_O)        0.043    -0.597 r  student_top_inst/u_KLDJ_top/u_pipe_id_ex/rs1_q[0]_i_1/O
                         net (fo=30, routed)          0.695     0.098    student_top_inst/u_KLDJ_top/u_pipe_id_ex/ex_data1[0]
    SLICE_X79Y106                                                     r  student_top_inst/u_KLDJ_top/u_pipe_id_ex/ex_mem_exu_res[3]_i_8/I0
    SLICE_X79Y106        LUT2 (Prop_lut2_I0_O)        0.043     0.141 r  student_top_inst/u_KLDJ_top/u_pipe_id_ex/ex_mem_exu_res[3]_i_8/O
                         net (fo=1, routed)           0.000     0.141    student_top_inst/u_KLDJ_top/u_pipe_id_ex/ex_mem_exu_res[3]_i_8_n_0
    SLICE_X79Y106                                                     r  student_top_inst/u_KLDJ_top/u_pipe_id_ex/ex_mem_exu_res_reg[3]_i_3/S[0]
    SLICE_X79Y106        CARRY4 (Prop_carry4_S[0]_CO[3])
                                                      0.259     0.400 r  student_top_inst/u_KLDJ_top/u_pipe_id_ex/ex_mem_exu_res_reg[3]_i_3/CO[3]
                         net (fo=1, routed)           0.000     0.400    student_top_inst/u_KLDJ_top/u_pipe_id_ex/ex_mem_exu_res_reg[3]_i_3_n_0
    SLICE_X79Y107                                                     r  student_top_inst/u_KLDJ_top/u_pipe_id_ex/ex_mem_exu_res_reg[7]_i_3/CI
    SLICE_X79Y107        CARRY4 (Prop_carry4_CI_CO[3])
                                                      0.053     0.453 r  student_top_inst/u_KLDJ_top/u_pipe_id_ex/ex_mem_exu_res_reg[7]_i_3/CO[3]
                         net (fo=1, routed)           0.000     0.453    student_top_inst/u_KLDJ_top/u_pipe_id_ex/ex_mem_exu_res_reg[7]_i_3_n_0
    SLICE_X79Y108                                                     r  student_top_inst/u_KLDJ_top/u_pipe_id_ex/ex_mem_exu_res_reg[11]_i_3/CI
    SLICE_X79Y108        CARRY4 (Prop_carry4_CI_CO[3])
                                                      0.053     0.506 r  student_top_inst/u_KLDJ_top/u_pipe_id_ex/ex_mem_exu_res_reg[11]_i_3/CO[3]
                         net (fo=1, routed)           0.000     0.506    student_top_inst/u_KLDJ_top/u_pipe_id_ex/ex_mem_exu_res_reg[11]_i_3_n_0
    SLICE_X79Y109                                                     r  student_top_inst/u_KLDJ_top/u_pipe_id_ex/ex_mem_exu_res_reg[15]_i_3/CI
    SLICE_X79Y109        CARRY4 (Prop_carry4_CI_CO[3])
                                                      0.053     0.559 r  student_top_inst/u_KLDJ_top/u_pipe_id_ex/ex_mem_exu_res_reg[15]_i_3/CO[3]
                         net (fo=1, routed)           0.000     0.559    student_top_inst/u_KLDJ_top/u_pipe_id_ex/ex_mem_exu_res_reg[15]_i_3_n_0
    SLICE_X79Y110                                                     r  student_top_inst/u_KLDJ_top/u_pipe_id_ex/ex_mem_exu_res_reg[19]_i_3/CI
    SLICE_X79Y110        CARRY4 (Prop_carry4_CI_CO[3])
                                                      0.053     0.612 r  student_top_inst/u_KLDJ_top/u_pipe_id_ex/ex_mem_exu_res_reg[19]_i_3/CO[3]
                         net (fo=1, routed)           0.000     0.612    student_top_inst/u_KLDJ_top/u_pipe_id_ex/ex_mem_exu_res_reg[19]_i_3_n_0
    SLICE_X79Y111                                                     r  student_top_inst/u_KLDJ_top/u_pipe_id_ex/ex_mem_exu_res_reg[23]_i_3/CI
    SLICE_X79Y111        CARRY4 (Prop_carry4_CI_CO[3])
                                                      0.053     0.665 r  student_top_inst/u_KLDJ_top/u_pipe_id_ex/ex_mem_exu_res_reg[23]_i_3/CO[3]
                         net (fo=1, routed)           0.000     0.665    student_top_inst/u_KLDJ_top/u_pipe_id_ex/ex_mem_exu_res_reg[23]_i_3_n_0
    SLICE_X79Y112                                                     r  student_top_inst/u_KLDJ_top/u_pipe_id_ex/ex_mem_exu_res_reg[27]_i_3/CI
    SLICE_X79Y112        CARRY4 (Prop_carry4_CI_CO[3])
                                                      0.053     0.718 r  student_top_inst/u_KLDJ_top/u_pipe_id_ex/ex_mem_exu_res_reg[27]_i_3/CO[3]
                         net (fo=1, routed)           0.000     0.718    student_top_inst/u_KLDJ_top/u_pipe_id_ex/ex_mem_exu_res_reg[27]_i_3_n_0
    SLICE_X79Y113                                                     r  student_top_inst/u_KLDJ_top/u_pipe_id_ex/ex_mem_exu_res_reg[31]_i_3/CI
    SLICE_X79Y113        CARRY4 (Prop_carry4_CI_O[0])
                                                      0.111     0.829 f  student_top_inst/u_KLDJ_top/u_pipe_id_ex/ex_mem_exu_res_reg[31]_i_3/O[0]
                         net (fo=2, routed)           0.528     1.357    student_top_inst/u_KLDJ_top/u_pipe_id_ex/ex_mem_exu_res_reg[31]_i_3_n_7
    SLICE_X77Y111                                                     f  student_top_inst/u_KLDJ_top/u_pipe_id_ex/bram_addr_r[15]_i_6/I1
    SLICE_X77Y111        LUT6 (Prop_lut6_I1_O)        0.124     1.481 f  student_top_inst/u_KLDJ_top/u_pipe_id_ex/bram_addr_r[15]_i_6/O
                         net (fo=1, routed)           0.350     1.830    student_top_inst/u_KLDJ_top/u_pipe_id_ex/bram_addr_r[15]_i_6_n_0
    SLICE_X77Y108                                                     f  student_top_inst/u_KLDJ_top/u_pipe_id_ex/bram_addr_r[15]_i_3/I4
    SLICE_X77Y108        LUT5 (Prop_lut5_I4_O)        0.043     1.873 f  student_top_inst/u_KLDJ_top/u_pipe_id_ex/bram_addr_r[15]_i_3/O
                         net (fo=6, routed)           0.372     2.245    student_top_inst/u_KLDJ_top/u_pipe_id_ex/bram_addr_r[15]_i_3_n_0
    SLICE_X77Y105                                                     f  student_top_inst/u_KLDJ_top/u_pipe_id_ex/rd_is_seg_q_i_3/I4
    SLICE_X77Y105        LUT5 (Prop_lut5_I4_O)        0.043     2.288 f  student_top_inst/u_KLDJ_top/u_pipe_id_ex/rd_is_seg_q_i_3/O
                         net (fo=29, routed)          0.463     2.751    student_top_inst/u_KLDJ_top/u_pipe_id_ex/bram_addr_r[15]_i_3_0
    SLICE_X64Y102                                                     f  student_top_inst/u_KLDJ_top/u_pipe_id_ex/LED[31]_i_3/I5
    SLICE_X64Y102        LUT6 (Prop_lut6_I5_O)        0.043     2.794 r  student_top_inst/u_KLDJ_top/u_pipe_id_ex/LED[31]_i_3/O
                         net (fo=3, routed)           0.208     3.003    student_top_inst/u_KLDJ_top/u_pipe_id_ex/LED[31]_i_3_n_0
    SLICE_X60Y102                                                     r  student_top_inst/u_KLDJ_top/u_pipe_id_ex/LED[31]_i_1/I0
    SLICE_X60Y102        LUT6 (Prop_lut6_I0_O)        0.043     3.046 r  student_top_inst/u_KLDJ_top/u_pipe_id_ex/LED[31]_i_1/O
                         net (fo=64, routed)          0.710     3.755    student_top_inst/bridge_inst/E[0]
    SLICE_X45Y106        FDRE                                         r  student_top_inst/bridge_inst/LED_reg[29]_lopt_replica/CE
  -------------------------------------------------------------------    -------------------

                         (clock clk_out2_pll rise edge)
                                                      5.714     5.714 r  
    AD12                                              0.000     5.714 r  i_sys_clk_p (IN)
                         net (fo=0)                   0.000     5.714    pll_inst/inst/clk_in1_p
    AD12                                                              r  pll_inst/inst/clkin1_ibufgds/I
    AD12                 IBUFDS (Prop_ibufds_I_O)     0.803     6.518 r  pll_inst/inst/clkin1_ibufgds/O
                         net (fo=1, routed)           1.001     7.519    pll_inst/inst/clk_in1_pll
    PLLE2_ADV_X1Y1                                                    r  pll_inst/inst/plle2_adv_inst/CLKIN1
    PLLE2_ADV_X1Y1       PLLE2_ADV (Prop_plle2_adv_CLKIN1_CLKOUT1)
                                                     -7.261     0.258 r  pll_inst/inst/plle2_adv_inst/CLKOUT1
                         net (fo=1, routed)           2.003     2.261    pll_inst/inst/clk_out2_pll
    BUFGCTRL_X0Y0                                                     r  pll_inst/inst/clkout2_buf/I
    BUFGCTRL_X0Y0        BUFG (Prop_bufg_I_O)         0.083     2.344 r  pll_inst/inst/clkout2_buf/O
                         net (fo=5999, routed)        1.321     3.665    student_top_inst/bridge_inst/clk_out2
    SLICE_X45Y106        FDRE                                         r  student_top_inst/bridge_inst/LED_reg[29]_lopt_replica/C
                         clock pessimism             -0.448     3.217    
                         clock uncertainty           -0.077     3.140    
    SLICE_X45Y106        FDRE (Setup_fdre_C_CE)      -0.201     2.939    student_top_inst/bridge_inst/LED_reg[29]_lopt_replica
  -------------------------------------------------------------------
                         required time                          2.939    
                         arrival time                          -3.755    
  -------------------------------------------------------------------
                         slack                                 -0.816    

Slack (VIOLATED) :        -0.813ns  (required time - arrival time)
  Source:                 student_top_inst/u_KLDJ_top/u_pipe_id_ex/id_ex_rs1_addr_reg[0]/C
                            (rising edge-triggered cell FDRE clocked by clk_out2_pll  {rise@0.000ns fall@2.857ns period=5.714ns})
  Destination:            student_top_inst/u_KLDJ_top/ifu0/pc_reg_reg[14]/CE
                            (rising edge-triggered cell FDRE clocked by clk_out2_pll  {rise@0.000ns fall@2.857ns period=5.714ns})
  Path Group:             clk_out2_pll
  Path Type:              Setup (Max at Slow Process Corner)
  Requirement:            5.714ns  (clk_out2_pll rise@5.714ns - clk_out2_pll rise@0.000ns)
  Data Path Delay:        6.118ns  (logic 1.483ns (24.242%)  route 4.635ns (75.758%))
  Logic Levels:           15  (CARRY4=5 LUT4=1 LUT5=3 LUT6=6)
  Clock Path Skew:        -0.132ns (DCD - SCD + CPR)
    Destination Clock Delay (DCD):    -2.119ns = ( 3.596 - 5.714 ) 
    Source Clock Delay      (SCD):    -2.434ns
    Clock Pessimism Removal (CPR):    -0.448ns
  Clock Uncertainty:      0.077ns  ((TSJ^2 + DJ^2)^1/2) / 2 + PE
    Total System Jitter     (TSJ):    0.071ns
    Discrete Jitter          (DJ):    0.137ns
    Phase Error              (PE):    0.000ns

    Location             Delay type                Incr(ns)  Path(ns)    Netlist Resource(s)
  -------------------------------------------------------------------    -------------------
                         (clock clk_out2_pll rise edge)
                                                      0.000     0.000 r  
    AD12                                              0.000     0.000 r  i_sys_clk_p (IN)
                         net (fo=0)                   0.000     0.000    pll_inst/inst/clk_in1_p
    AD12                                                              r  pll_inst/inst/clkin1_ibufgds/I
    AD12                 IBUFDS (Prop_ibufds_I_O)     0.906     0.906 r  pll_inst/inst/clkin1_ibufgds/O
                         net (fo=1, routed)           1.098     2.004    pll_inst/inst/clk_in1_pll
    PLLE2_ADV_X1Y1                                                    r  pll_inst/inst/plle2_adv_inst/CLKIN1
    PLLE2_ADV_X1Y1       PLLE2_ADV (Prop_plle2_adv_CLKIN1_CLKOUT1)
                                                     -8.058    -6.054 r  pll_inst/inst/plle2_adv_inst/CLKOUT1
                         net (fo=1, routed)           2.128    -3.926    pll_inst/inst/clk_out2_pll
    BUFGCTRL_X0Y0                                                     r  pll_inst/inst/clkout2_buf/I
    BUFGCTRL_X0Y0        BUFG (Prop_bufg_I_O)         0.093    -3.833 r  pll_inst/inst/clkout2_buf/O
                         net (fo=5999, routed)        1.399    -2.434    student_top_inst/u_KLDJ_top/u_pipe_id_ex/clk_out2
    SLICE_X83Y109        FDRE                                         r  student_top_inst/u_KLDJ_top/u_pipe_id_ex/id_ex_rs1_addr_reg[0]/C
  -------------------------------------------------------------------    -------------------
    SLICE_X83Y109        FDRE (Prop_fdre_C_Q)         0.223    -2.211 r  student_top_inst/u_KLDJ_top/u_pipe_id_ex/id_ex_rs1_addr_reg[0]/Q
                         net (fo=3, routed)           0.644    -1.567    student_top_inst/u_KLDJ_top/u_pipe_id_ex/id_ex_rs1_addr_reg[4]_0[0]
    SLICE_X82Y111                                                     r  student_top_inst/u_KLDJ_top/u_pipe_id_ex/rs1_q[31]_i_11/I0
    SLICE_X82Y111        LUT6 (Prop_lut6_I0_O)        0.043    -1.524 r  student_top_inst/u_KLDJ_top/u_pipe_id_ex/rs1_q[31]_i_11/O
                         net (fo=32, routed)          0.622    -0.902    student_top_inst/u_KLDJ_top/u_pipe_id_ex/rs1_q[31]_i_11_n_0
    SLICE_X87Y109                                                     r  student_top_inst/u_KLDJ_top/u_pipe_id_ex/rs1_q[8]_i_2/I3
    SLICE_X87Y109        LUT5 (Prop_lut5_I3_O)        0.043    -0.859 f  student_top_inst/u_KLDJ_top/u_pipe_id_ex/rs1_q[8]_i_2/O
                         net (fo=1, routed)           0.150    -0.709    student_top_inst/u_KLDJ_top/u_pipe_id_ex/rs1_q[8]_i_2_n_0
    SLICE_X87Y109                                                     f  student_top_inst/u_KLDJ_top/u_pipe_id_ex/rs1_q[8]_i_1/I2
    SLICE_X87Y109        LUT5 (Prop_lut5_I2_O)        0.043    -0.666 f  student_top_inst/u_KLDJ_top/u_pipe_id_ex/rs1_q[8]_i_1/O
                         net (fo=27, routed)          0.544    -0.122    student_top_inst/u_KLDJ_top/u_pipe_id_ex/ex_data1[8]
    SLICE_X87Y109                                                     f  student_top_inst/u_KLDJ_top/u_pipe_id_ex/signed_lt_carry__0_i_4/I3
    SLICE_X87Y109        LUT6 (Prop_lut6_I3_O)        0.043    -0.079 r  student_top_inst/u_KLDJ_top/u_pipe_id_ex/signed_lt_carry__0_i_4/O
                         net (fo=1, routed)           0.400     0.321    student_top_inst/u_KLDJ_top/exu2/u_KLDJ_alu/u_alu_add/signed_lt_carry__1_0[0]
    SLICE_X87Y113                                                     r  student_top_inst/u_KLDJ_top/exu2/u_KLDJ_alu/u_alu_add/signed_lt_carry__0/DI[0]
    SLICE_X87Y113        CARRY4 (Prop_carry4_DI[0]_CO[3])
                                                      0.269     0.590 r  student_top_inst/u_KLDJ_top/exu2/u_KLDJ_alu/u_alu_add/signed_lt_carry__0/CO[3]
                         net (fo=1, routed)           0.000     0.590    student_top_inst/u_KLDJ_top/exu2/u_KLDJ_alu/u_alu_add/signed_lt_carry__0_n_0
    SLICE_X87Y114                                                     r  student_top_inst/u_KLDJ_top/exu2/u_KLDJ_alu/u_alu_add/signed_lt_carry__1/CI
    SLICE_X87Y114        CARRY4 (Prop_carry4_CI_CO[3])
                                                      0.053     0.643 r  student_top_inst/u_KLDJ_top/exu2/u_KLDJ_alu/u_alu_add/signed_lt_carry__1/CO[3]
                         net (fo=1, routed)           0.000     0.643    student_top_inst/u_KLDJ_top/exu2/u_KLDJ_alu/u_alu_add/signed_lt_carry__1_n_0
    SLICE_X87Y115                                                     r  student_top_inst/u_KLDJ_top/exu2/u_KLDJ_alu/u_alu_add/signed_lt_carry__2/CI
    SLICE_X87Y115        CARRY4 (Prop_carry4_CI_CO[3])
                                                      0.053     0.696 r  student_top_inst/u_KLDJ_top/exu2/u_KLDJ_alu/u_alu_add/signed_lt_carry__2/CO[3]
                         net (fo=3, routed)           0.324     1.020    student_top_inst/u_KLDJ_top/u_pipe_id_ex/ex_mem_exu_res[0]_i_5_1[0]
    SLICE_X85Y115                                                     r  student_top_inst/u_KLDJ_top/u_pipe_id_ex/ghr[0]_i_8/I2
    SLICE_X85Y115        LUT5 (Prop_lut5_I2_O)        0.043     1.063 r  student_top_inst/u_KLDJ_top/u_pipe_id_ex/ghr[0]_i_8/O
                         net (fo=2, routed)           0.196     1.258    student_top_inst/u_KLDJ_top/u_pipe_id_ex/ghr[0]_i_8_n_0
    SLICE_X83Y115                                                     r  student_top_inst/u_KLDJ_top/u_pipe_id_ex/ghr[0]_i_4/I5
    SLICE_X83Y115        LUT6 (Prop_lut6_I5_O)        0.043     1.301 f  student_top_inst/u_KLDJ_top/u_pipe_id_ex/ghr[0]_i_4/O
                         net (fo=33, routed)          0.350     1.651    student_top_inst/u_KLDJ_top/u_pipe_id_ex/ghr[0]_i_4_n_0
    SLICE_X76Y115                                                     f  student_top_inst/u_KLDJ_top/u_pipe_id_ex/update_target_q[13]_i_3/I2
    SLICE_X76Y115        LUT4 (Prop_lut4_I2_O)        0.043     1.694 r  student_top_inst/u_KLDJ_top/u_pipe_id_ex/update_target_q[13]_i_3/O
                         net (fo=1, routed)           0.441     2.135    student_top_inst/u_KLDJ_top/u_pipe_id_ex/update_target_q[13]_i_3_n_0
    SLICE_X73Y115                                                     r  student_top_inst/u_KLDJ_top/u_pipe_id_ex/update_target_q[13]_i_1/I2
    SLICE_X73Y115        LUT6 (Prop_lut6_I2_O)        0.043     2.178 r  student_top_inst/u_KLDJ_top/u_pipe_id_ex/update_target_q[13]_i_1/O
                         net (fo=3, routed)           0.327     2.505    student_top_inst/u_KLDJ_top/u_pipe_id_ex/id_ex_exu_op_reg[0]_0[13]
    SLICE_X71Y114                                                     r  student_top_inst/u_KLDJ_top/u_pipe_id_ex/id_ex_pred_taken_i_14/I1
    SLICE_X71Y114        LUT6 (Prop_lut6_I1_O)        0.043     2.548 r  student_top_inst/u_KLDJ_top/u_pipe_id_ex/id_ex_pred_taken_i_14/O
                         net (fo=1, routed)           0.000     2.548    student_top_inst/u_KLDJ_top/u_pipe_id_ex/id_ex_pred_taken_i_14_n_0
    SLICE_X71Y114                                                     r  student_top_inst/u_KLDJ_top/u_pipe_id_ex/id_ex_pred_taken_reg_i_6/S[0]
    SLICE_X71Y114        CARRY4 (Prop_carry4_S[0]_CO[3])
                                                      0.259     2.807 r  student_top_inst/u_KLDJ_top/u_pipe_id_ex/id_ex_pred_taken_reg_i_6/CO[3]
                         net (fo=1, routed)           0.000     2.807    student_top_inst/u_KLDJ_top/u_pipe_id_ex/id_ex_pred_taken_reg_i_6_n_0
    SLICE_X71Y115                                                     r  student_top_inst/u_KLDJ_top/u_pipe_id_ex/id_ex_pred_taken_reg_i_5/CI
    SLICE_X71Y115        CARRY4 (Prop_carry4_CI_CO[2])
                                                      0.110     2.917 r  student_top_inst/u_KLDJ_top/u_pipe_id_ex/id_ex_pred_taken_reg_i_5/CO[2]
                         net (fo=4, routed)           0.211     3.129    student_top_inst/u_KLDJ_top/u_pipe_id_ex/u_ex_bpu_ctrl/indirect_target_miss0
    SLICE_X69Y115                                                     r  student_top_inst/u_KLDJ_top/u_pipe_id_ex/pc_reg[31]_i_1_comp/I4
    SLICE_X69Y115        LUT6 (Prop_lut6_I4_O)        0.129     3.258 r  student_top_inst/u_KLDJ_top/u_pipe_id_ex/pc_reg[31]_i_1_comp/O
                         net (fo=32, routed)          0.426     3.683    student_top_inst/u_KLDJ_top/ifu0/E[0]
    SLICE_X72Y116        FDRE                                         r  student_top_inst/u_KLDJ_top/ifu0/pc_reg_reg[14]/CE
  -------------------------------------------------------------------    -------------------

                         (clock clk_out2_pll rise edge)
                                                      5.714     5.714 r  
    AD12                                              0.000     5.714 r  i_sys_clk_p (IN)
                         net (fo=0)                   0.000     5.714    pll_inst/inst/clk_in1_p
    AD12                                                              r  pll_inst/inst/clkin1_ibufgds/I
    AD12                 IBUFDS (Prop_ibufds_I_O)     0.803     6.518 r  pll_inst/inst/clkin1_ibufgds/O
                         net (fo=1, routed)           1.001     7.519    pll_inst/inst/clk_in1_pll
    PLLE2_ADV_X1Y1                                                    r  pll_inst/inst/plle2_adv_inst/CLKIN1
    PLLE2_ADV_X1Y1       PLLE2_ADV (Prop_plle2_adv_CLKIN1_CLKOUT1)
                                                     -7.261     0.258 r  pll_inst/inst/plle2_adv_inst/CLKOUT1
                         net (fo=1, routed)           2.003     2.261    pll_inst/inst/clk_out2_pll
    BUFGCTRL_X0Y0                                                     r  pll_inst/inst/clkout2_buf/I
    BUFGCTRL_X0Y0        BUFG (Prop_bufg_I_O)         0.083     2.344 r  pll_inst/inst/clkout2_buf/O
                         net (fo=5999, routed)        1.252     3.596    student_top_inst/u_KLDJ_top/ifu0/clk_out2
    SLICE_X72Y116        FDRE                                         r  student_top_inst/u_KLDJ_top/ifu0/pc_reg_reg[14]/C
                         clock pessimism             -0.448     3.148    
                         clock uncertainty           -0.077     3.071    
    SLICE_X72Y116        FDRE (Setup_fdre_C_CE)      -0.201     2.870    student_top_inst/u_KLDJ_top/ifu0/pc_reg_reg[14]
  -------------------------------------------------------------------
                         required time                          2.870    
                         arrival time                          -3.683    
  -------------------------------------------------------------------
                         slack                                 -0.813    

Slack (VIOLATED) :        -0.810ns  (required time - arrival time)
  Source:                 student_top_inst/u_KLDJ_top/u_pipe_id_ex/id_ex_rs1_addr_reg[0]/C
                            (rising edge-triggered cell FDRE clocked by clk_out2_pll  {rise@0.000ns fall@2.857ns period=5.714ns})
  Destination:            student_top_inst/bridge_inst/LED_reg[31]_lopt_replica/CE
                            (rising edge-triggered cell FDRE clocked by clk_out2_pll  {rise@0.000ns fall@2.857ns period=5.714ns})
  Path Group:             clk_out2_pll
  Path Type:              Setup (Max at Slow Process Corner)
  Requirement:            5.714ns  (clk_out2_pll rise@5.714ns - clk_out2_pll rise@0.000ns)
  Data Path Delay:        6.206ns  (logic 1.379ns (22.222%)  route 4.827ns (77.778%))
  Logic Levels:           17  (CARRY4=8 LUT2=1 LUT5=4 LUT6=4)
  Clock Path Skew:        -0.064ns (DCD - SCD + CPR)
    Destination Clock Delay (DCD):    -2.051ns = ( 3.664 - 5.714 ) 
    Source Clock Delay      (SCD):    -2.434ns
    Clock Pessimism Removal (CPR):    -0.448ns
  Clock Uncertainty:      0.077ns  ((TSJ^2 + DJ^2)^1/2) / 2 + PE
    Total System Jitter     (TSJ):    0.071ns
    Discrete Jitter          (DJ):    0.137ns
    Phase Error              (PE):    0.000ns

    Location             Delay type                Incr(ns)  Path(ns)    Netlist Resource(s)
  -------------------------------------------------------------------    -------------------
                         (clock clk_out2_pll rise edge)
                                                      0.000     0.000 r  
    AD12                                              0.000     0.000 r  i_sys_clk_p (IN)
                         net (fo=0)                   0.000     0.000    pll_inst/inst/clk_in1_p
    AD12                                                              r  pll_inst/inst/clkin1_ibufgds/I
    AD12                 IBUFDS (Prop_ibufds_I_O)     0.906     0.906 r  pll_inst/inst/clkin1_ibufgds/O
                         net (fo=1, routed)           1.098     2.004    pll_inst/inst/clk_in1_pll
    PLLE2_ADV_X1Y1                                                    r  pll_inst/inst/plle2_adv_inst/CLKIN1
    PLLE2_ADV_X1Y1       PLLE2_ADV (Prop_plle2_adv_CLKIN1_CLKOUT1)
                                                     -8.058    -6.054 r  pll_inst/inst/plle2_adv_inst/CLKOUT1
                         net (fo=1, routed)           2.128    -3.926    pll_inst/inst/clk_out2_pll
    BUFGCTRL_X0Y0                                                     r  pll_inst/inst/clkout2_buf/I
    BUFGCTRL_X0Y0        BUFG (Prop_bufg_I_O)         0.093    -3.833 r  pll_inst/inst/clkout2_buf/O
                         net (fo=5999, routed)        1.399    -2.434    student_top_inst/u_KLDJ_top/u_pipe_id_ex/clk_out2
    SLICE_X83Y109        FDRE                                         r  student_top_inst/u_KLDJ_top/u_pipe_id_ex/id_ex_rs1_addr_reg[0]/C
  -------------------------------------------------------------------    -------------------
    SLICE_X83Y109        FDRE (Prop_fdre_C_Q)         0.223    -2.211 r  student_top_inst/u_KLDJ_top/u_pipe_id_ex/id_ex_rs1_addr_reg[0]/Q
                         net (fo=3, routed)           0.644    -1.567    student_top_inst/u_KLDJ_top/u_pipe_id_ex/id_ex_rs1_addr_reg[4]_0[0]
    SLICE_X82Y111                                                     r  student_top_inst/u_KLDJ_top/u_pipe_id_ex/rs1_q[31]_i_11/I0
    SLICE_X82Y111        LUT6 (Prop_lut6_I0_O)        0.043    -1.524 r  student_top_inst/u_KLDJ_top/u_pipe_id_ex/rs1_q[31]_i_11/O
                         net (fo=32, routed)          0.390    -1.134    student_top_inst/u_KLDJ_top/u_pipe_id_ex/rs1_q[31]_i_11_n_0
    SLICE_X80Y111                                                     r  student_top_inst/u_KLDJ_top/u_pipe_id_ex/rs1_q[0]_i_2/I3
    SLICE_X80Y111        LUT5 (Prop_lut5_I3_O)        0.043    -1.091 r  student_top_inst/u_KLDJ_top/u_pipe_id_ex/rs1_q[0]_i_2/O
                         net (fo=2, routed)           0.451    -0.640    student_top_inst/u_KLDJ_top/u_pipe_id_ex/rs1_q[0]_i_2_n_0
    SLICE_X84Y114                                                     r  student_top_inst/u_KLDJ_top/u_pipe_id_ex/rs1_q[0]_i_1/I2
    SLICE_X84Y114        LUT5 (Prop_lut5_I2_O)        0.043    -0.597 r  student_top_inst/u_KLDJ_top/u_pipe_id_ex/rs1_q[0]_i_1/O
                         net (fo=30, routed)          0.695     0.098    student_top_inst/u_KLDJ_top/u_pipe_id_ex/ex_data1[0]
    SLICE_X79Y106                                                     r  student_top_inst/u_KLDJ_top/u_pipe_id_ex/ex_mem_exu_res[3]_i_8/I0
    SLICE_X79Y106        LUT2 (Prop_lut2_I0_O)        0.043     0.141 r  student_top_inst/u_KLDJ_top/u_pipe_id_ex/ex_mem_exu_res[3]_i_8/O
                         net (fo=1, routed)           0.000     0.141    student_top_inst/u_KLDJ_top/u_pipe_id_ex/ex_mem_exu_res[3]_i_8_n_0
    SLICE_X79Y106                                                     r  student_top_inst/u_KLDJ_top/u_pipe_id_ex/ex_mem_exu_res_reg[3]_i_3/S[0]
    SLICE_X79Y106        CARRY4 (Prop_carry4_S[0]_CO[3])
                                                      0.259     0.400 r  student_top_inst/u_KLDJ_top/u_pipe_id_ex/ex_mem_exu_res_reg[3]_i_3/CO[3]
                         net (fo=1, routed)           0.000     0.400    student_top_inst/u_KLDJ_top/u_pipe_id_ex/ex_mem_exu_res_reg[3]_i_3_n_0
    SLICE_X79Y107                                                     r  student_top_inst/u_KLDJ_top/u_pipe_id_ex/ex_mem_exu_res_reg[7]_i_3/CI
    SLICE_X79Y107        CARRY4 (Prop_carry4_CI_CO[3])
                                                      0.053     0.453 r  student_top_inst/u_KLDJ_top/u_pipe_id_ex/ex_mem_exu_res_reg[7]_i_3/CO[3]
                         net (fo=1, routed)           0.000     0.453    student_top_inst/u_KLDJ_top/u_pipe_id_ex/ex_mem_exu_res_reg[7]_i_3_n_0
    SLICE_X79Y108                                                     r  student_top_inst/u_KLDJ_top/u_pipe_id_ex/ex_mem_exu_res_reg[11]_i_3/CI
    SLICE_X79Y108        CARRY4 (Prop_carry4_CI_CO[3])
                                                      0.053     0.506 r  student_top_inst/u_KLDJ_top/u_pipe_id_ex/ex_mem_exu_res_reg[11]_i_3/CO[3]
                         net (fo=1, routed)           0.000     0.506    student_top_inst/u_KLDJ_top/u_pipe_id_ex/ex_mem_exu_res_reg[11]_i_3_n_0
    SLICE_X79Y109                                                     r  student_top_inst/u_KLDJ_top/u_pipe_id_ex/ex_mem_exu_res_reg[15]_i_3/CI
    SLICE_X79Y109        CARRY4 (Prop_carry4_CI_CO[3])
                                                      0.053     0.559 r  student_top_inst/u_KLDJ_top/u_pipe_id_ex/ex_mem_exu_res_reg[15]_i_3/CO[3]
                         net (fo=1, routed)           0.000     0.559    student_top_inst/u_KLDJ_top/u_pipe_id_ex/ex_mem_exu_res_reg[15]_i_3_n_0
    SLICE_X79Y110                                                     r  student_top_inst/u_KLDJ_top/u_pipe_id_ex/ex_mem_exu_res_reg[19]_i_3/CI
    SLICE_X79Y110        CARRY4 (Prop_carry4_CI_CO[3])
                                                      0.053     0.612 r  student_top_inst/u_KLDJ_top/u_pipe_id_ex/ex_mem_exu_res_reg[19]_i_3/CO[3]
                         net (fo=1, routed)           0.000     0.612    student_top_inst/u_KLDJ_top/u_pipe_id_ex/ex_mem_exu_res_reg[19]_i_3_n_0
    SLICE_X79Y111                                                     r  student_top_inst/u_KLDJ_top/u_pipe_id_ex/ex_mem_exu_res_reg[23]_i_3/CI
    SLICE_X79Y111        CARRY4 (Prop_carry4_CI_CO[3])
                                                      0.053     0.665 r  student_top_inst/u_KLDJ_top/u_pipe_id_ex/ex_mem_exu_res_reg[23]_i_3/CO[3]
                         net (fo=1, routed)           0.000     0.665    student_top_inst/u_KLDJ_top/u_pipe_id_ex/ex_mem_exu_res_reg[23]_i_3_n_0
    SLICE_X79Y112                                                     r  student_top_inst/u_KLDJ_top/u_pipe_id_ex/ex_mem_exu_res_reg[27]_i_3/CI
    SLICE_X79Y112        CARRY4 (Prop_carry4_CI_CO[3])
                                                      0.053     0.718 r  student_top_inst/u_KLDJ_top/u_pipe_id_ex/ex_mem_exu_res_reg[27]_i_3/CO[3]
                         net (fo=1, routed)           0.000     0.718    student_top_inst/u_KLDJ_top/u_pipe_id_ex/ex_mem_exu_res_reg[27]_i_3_n_0
    SLICE_X79Y113                                                     r  student_top_inst/u_KLDJ_top/u_pipe_id_ex/ex_mem_exu_res_reg[31]_i_3/CI
    SLICE_X79Y113        CARRY4 (Prop_carry4_CI_O[0])
                                                      0.111     0.829 f  student_top_inst/u_KLDJ_top/u_pipe_id_ex/ex_mem_exu_res_reg[31]_i_3/O[0]
                         net (fo=2, routed)           0.528     1.357    student_top_inst/u_KLDJ_top/u_pipe_id_ex/ex_mem_exu_res_reg[31]_i_3_n_7
    SLICE_X77Y111                                                     f  student_top_inst/u_KLDJ_top/u_pipe_id_ex/bram_addr_r[15]_i_6/I1
    SLICE_X77Y111        LUT6 (Prop_lut6_I1_O)        0.124     1.481 f  student_top_inst/u_KLDJ_top/u_pipe_id_ex/bram_addr_r[15]_i_6/O
                         net (fo=1, routed)           0.350     1.830    student_top_inst/u_KLDJ_top/u_pipe_id_ex/bram_addr_r[15]_i_6_n_0
    SLICE_X77Y108                                                     f  student_top_inst/u_KLDJ_top/u_pipe_id_ex/bram_addr_r[15]_i_3/I4
    SLICE_X77Y108        LUT5 (Prop_lut5_I4_O)        0.043     1.873 f  student_top_inst/u_KLDJ_top/u_pipe_id_ex/bram_addr_r[15]_i_3/O
                         net (fo=6, routed)           0.372     2.245    student_top_inst/u_KLDJ_top/u_pipe_id_ex/bram_addr_r[15]_i_3_n_0
    SLICE_X77Y105                                                     f  student_top_inst/u_KLDJ_top/u_pipe_id_ex/rd_is_seg_q_i_3/I4
    SLICE_X77Y105        LUT5 (Prop_lut5_I4_O)        0.043     2.288 f  student_top_inst/u_KLDJ_top/u_pipe_id_ex/rd_is_seg_q_i_3/O
                         net (fo=29, routed)          0.463     2.751    student_top_inst/u_KLDJ_top/u_pipe_id_ex/bram_addr_r[15]_i_3_0
    SLICE_X64Y102                                                     f  student_top_inst/u_KLDJ_top/u_pipe_id_ex/LED[31]_i_3/I5
    SLICE_X64Y102        LUT6 (Prop_lut6_I5_O)        0.043     2.794 r  student_top_inst/u_KLDJ_top/u_pipe_id_ex/LED[31]_i_3/O
                         net (fo=3, routed)           0.208     3.003    student_top_inst/u_KLDJ_top/u_pipe_id_ex/LED[31]_i_3_n_0
    SLICE_X60Y102                                                     r  student_top_inst/u_KLDJ_top/u_pipe_id_ex/LED[31]_i_1/I0
    SLICE_X60Y102        LUT6 (Prop_lut6_I0_O)        0.043     3.046 r  student_top_inst/u_KLDJ_top/u_pipe_id_ex/LED[31]_i_1/O
                         net (fo=64, routed)          0.726     3.771    student_top_inst/bridge_inst/E[0]
    SLICE_X46Y105        FDRE                                         r  student_top_inst/bridge_inst/LED_reg[31]_lopt_replica/CE
  -------------------------------------------------------------------    -------------------

                         (clock clk_out2_pll rise edge)
                                                      5.714     5.714 r  
    AD12                                              0.000     5.714 r  i_sys_clk_p (IN)
                         net (fo=0)                   0.000     5.714    pll_inst/inst/clk_in1_p
    AD12                                                              r  pll_inst/inst/clkin1_ibufgds/I
    AD12                 IBUFDS (Prop_ibufds_I_O)     0.803     6.518 r  pll_inst/inst/clkin1_ibufgds/O
                         net (fo=1, routed)           1.001     7.519    pll_inst/inst/clk_in1_pll
    PLLE2_ADV_X1Y1                                                    r  pll_inst/inst/plle2_adv_inst/CLKIN1
    PLLE2_ADV_X1Y1       PLLE2_ADV (Prop_plle2_adv_CLKIN1_CLKOUT1)
                                                     -7.261     0.258 r  pll_inst/inst/plle2_adv_inst/CLKOUT1
                         net (fo=1, routed)           2.003     2.261    pll_inst/inst/clk_out2_pll
    BUFGCTRL_X0Y0                                                     r  pll_inst/inst/clkout2_buf/I
    BUFGCTRL_X0Y0        BUFG (Prop_bufg_I_O)         0.083     2.344 r  pll_inst/inst/clkout2_buf/O
                         net (fo=5999, routed)        1.320     3.664    student_top_inst/bridge_inst/clk_out2
    SLICE_X46Y105        FDRE                                         r  student_top_inst/bridge_inst/LED_reg[31]_lopt_replica/C
                         clock pessimism             -0.448     3.216    
                         clock uncertainty           -0.077     3.139    
    SLICE_X46Y105        FDRE (Setup_fdre_C_CE)      -0.178     2.961    student_top_inst/bridge_inst/LED_reg[31]_lopt_replica
  -------------------------------------------------------------------
                         required time                          2.961    
                         arrival time                          -3.771    
  -------------------------------------------------------------------
                         slack                                 -0.810    

Slack (VIOLATED) :        -0.806ns  (required time - arrival time)
  Source:                 student_top_inst/u_KLDJ_top/u_pipe_id_ex/id_ex_rs1_addr_reg[0]/C
                            (rising edge-triggered cell FDRE clocked by clk_out2_pll  {rise@0.000ns fall@2.857ns period=5.714ns})
  Destination:            student_top_inst/u_KLDJ_top/ifu0/pc_reg_reg[17]/CE
                            (rising edge-triggered cell FDRE clocked by clk_out2_pll  {rise@0.000ns fall@2.857ns period=5.714ns})
  Path Group:             clk_out2_pll
  Path Type:              Setup (Max at Slow Process Corner)
  Requirement:            5.714ns  (clk_out2_pll rise@5.714ns - clk_out2_pll rise@0.000ns)
  Data Path Delay:        6.114ns  (logic 1.483ns (24.257%)  route 4.631ns (75.743%))
  Logic Levels:           15  (CARRY4=5 LUT4=1 LUT5=3 LUT6=6)
  Clock Path Skew:        -0.129ns (DCD - SCD + CPR)
    Destination Clock Delay (DCD):    -2.116ns = ( 3.599 - 5.714 ) 
    Source Clock Delay      (SCD):    -2.434ns
    Clock Pessimism Removal (CPR):    -0.448ns
  Clock Uncertainty:      0.077ns  ((TSJ^2 + DJ^2)^1/2) / 2 + PE
    Total System Jitter     (TSJ):    0.071ns
    Discrete Jitter          (DJ):    0.137ns
    Phase Error              (PE):    0.000ns

    Location             Delay type                Incr(ns)  Path(ns)    Netlist Resource(s)
  -------------------------------------------------------------------    -------------------
                         (clock clk_out2_pll rise edge)
                                                      0.000     0.000 r  
    AD12                                              0.000     0.000 r  i_sys_clk_p (IN)
                         net (fo=0)                   0.000     0.000    pll_inst/inst/clk_in1_p
    AD12                                                              r  pll_inst/inst/clkin1_ibufgds/I
    AD12                 IBUFDS (Prop_ibufds_I_O)     0.906     0.906 r  pll_inst/inst/clkin1_ibufgds/O
                         net (fo=1, routed)           1.098     2.004    pll_inst/inst/clk_in1_pll
    PLLE2_ADV_X1Y1                                                    r  pll_inst/inst/plle2_adv_inst/CLKIN1
    PLLE2_ADV_X1Y1       PLLE2_ADV (Prop_plle2_adv_CLKIN1_CLKOUT1)
                                                     -8.058    -6.054 r  pll_inst/inst/plle2_adv_inst/CLKOUT1
                         net (fo=1, routed)           2.128    -3.926    pll_inst/inst/clk_out2_pll
    BUFGCTRL_X0Y0                                                     r  pll_inst/inst/clkout2_buf/I
    BUFGCTRL_X0Y0        BUFG (Prop_bufg_I_O)         0.093    -3.833 r  pll_inst/inst/clkout2_buf/O
                         net (fo=5999, routed)        1.399    -2.434    student_top_inst/u_KLDJ_top/u_pipe_id_ex/clk_out2
    SLICE_X83Y109        FDRE                                         r  student_top_inst/u_KLDJ_top/u_pipe_id_ex/id_ex_rs1_addr_reg[0]/C
  -------------------------------------------------------------------    -------------------
    SLICE_X83Y109        FDRE (Prop_fdre_C_Q)         0.223    -2.211 r  student_top_inst/u_KLDJ_top/u_pipe_id_ex/id_ex_rs1_addr_reg[0]/Q
                         net (fo=3, routed)           0.644    -1.567    student_top_inst/u_KLDJ_top/u_pipe_id_ex/id_ex_rs1_addr_reg[4]_0[0]
    SLICE_X82Y111                                                     r  student_top_inst/u_KLDJ_top/u_pipe_id_ex/rs1_q[31]_i_11/I0
    SLICE_X82Y111        LUT6 (Prop_lut6_I0_O)        0.043    -1.524 r  student_top_inst/u_KLDJ_top/u_pipe_id_ex/rs1_q[31]_i_11/O
                         net (fo=32, routed)          0.622    -0.902    student_top_inst/u_KLDJ_top/u_pipe_id_ex/rs1_q[31]_i_11_n_0
    SLICE_X87Y109                                                     r  student_top_inst/u_KLDJ_top/u_pipe_id_ex/rs1_q[8]_i_2/I3
    SLICE_X87Y109        LUT5 (Prop_lut5_I3_O)        0.043    -0.859 f  student_top_inst/u_KLDJ_top/u_pipe_id_ex/rs1_q[8]_i_2/O
                         net (fo=1, routed)           0.150    -0.709    student_top_inst/u_KLDJ_top/u_pipe_id_ex/rs1_q[8]_i_2_n_0
    SLICE_X87Y109                                                     f  student_top_inst/u_KLDJ_top/u_pipe_id_ex/rs1_q[8]_i_1/I2
    SLICE_X87Y109        LUT5 (Prop_lut5_I2_O)        0.043    -0.666 f  student_top_inst/u_KLDJ_top/u_pipe_id_ex/rs1_q[8]_i_1/O
                         net (fo=27, routed)          0.544    -0.122    student_top_inst/u_KLDJ_top/u_pipe_id_ex/ex_data1[8]
    SLICE_X87Y109                                                     f  student_top_inst/u_KLDJ_top/u_pipe_id_ex/signed_lt_carry__0_i_4/I3
    SLICE_X87Y109        LUT6 (Prop_lut6_I3_O)        0.043    -0.079 r  student_top_inst/u_KLDJ_top/u_pipe_id_ex/signed_lt_carry__0_i_4/O
                         net (fo=1, routed)           0.400     0.321    student_top_inst/u_KLDJ_top/exu2/u_KLDJ_alu/u_alu_add/signed_lt_carry__1_0[0]
    SLICE_X87Y113                                                     r  student_top_inst/u_KLDJ_top/exu2/u_KLDJ_alu/u_alu_add/signed_lt_carry__0/DI[0]
    SLICE_X87Y113        CARRY4 (Prop_carry4_DI[0]_CO[3])
                                                      0.269     0.590 r  student_top_inst/u_KLDJ_top/exu2/u_KLDJ_alu/u_alu_add/signed_lt_carry__0/CO[3]
                         net (fo=1, routed)           0.000     0.590    student_top_inst/u_KLDJ_top/exu2/u_KLDJ_alu/u_alu_add/signed_lt_carry__0_n_0
    SLICE_X87Y114                                                     r  student_top_inst/u_KLDJ_top/exu2/u_KLDJ_alu/u_alu_add/signed_lt_carry__1/CI
    SLICE_X87Y114        CARRY4 (Prop_carry4_CI_CO[3])
                                                      0.053     0.643 r  student_top_inst/u_KLDJ_top/exu2/u_KLDJ_alu/u_alu_add/signed_lt_carry__1/CO[3]
                         net (fo=1, routed)           0.000     0.643    student_top_inst/u_KLDJ_top/exu2/u_KLDJ_alu/u_alu_add/signed_lt_carry__1_n_0
    SLICE_X87Y115                                                     r  student_top_inst/u_KLDJ_top/exu2/u_KLDJ_alu/u_alu_add/signed_lt_carry__2/CI
    SLICE_X87Y115        CARRY4 (Prop_carry4_CI_CO[3])
                                                      0.053     0.696 r  student_top_inst/u_KLDJ_top/exu2/u_KLDJ_alu/u_alu_add/signed_lt_carry__2/CO[3]
                         net (fo=3, routed)           0.324     1.020    student_top_inst/u_KLDJ_top/u_pipe_id_ex/ex_mem_exu_res[0]_i_5_1[0]
    SLICE_X85Y115                                                     r  student_top_inst/u_KLDJ_top/u_pipe_id_ex/ghr[0]_i_8/I2
    SLICE_X85Y115        LUT5 (Prop_lut5_I2_O)        0.043     1.063 r  student_top_inst/u_KLDJ_top/u_pipe_id_ex/ghr[0]_i_8/O
                         net (fo=2, routed)           0.196     1.258    student_top_inst/u_KLDJ_top/u_pipe_id_ex/ghr[0]_i_8_n_0
    SLICE_X83Y115                                                     r  student_top_inst/u_KLDJ_top/u_pipe_id_ex/ghr[0]_i_4/I5
    SLICE_X83Y115        LUT6 (Prop_lut6_I5_O)        0.043     1.301 f  student_top_inst/u_KLDJ_top/u_pipe_id_ex/ghr[0]_i_4/O
                         net (fo=33, routed)          0.350     1.651    student_top_inst/u_KLDJ_top/u_pipe_id_ex/ghr[0]_i_4_n_0
    SLICE_X76Y115                                                     f  student_top_inst/u_KLDJ_top/u_pipe_id_ex/update_target_q[13]_i_3/I2
    SLICE_X76Y115        LUT4 (Prop_lut4_I2_O)        0.043     1.694 r  student_top_inst/u_KLDJ_top/u_pipe_id_ex/update_target_q[13]_i_3/O
                         net (fo=1, routed)           0.441     2.135    student_top_inst/u_KLDJ_top/u_pipe_id_ex/update_target_q[13]_i_3_n_0
    SLICE_X73Y115                                                     r  student_top_inst/u_KLDJ_top/u_pipe_id_ex/update_target_q[13]_i_1/I2
    SLICE_X73Y115        LUT6 (Prop_lut6_I2_O)        0.043     2.178 r  student_top_inst/u_KLDJ_top/u_pipe_id_ex/update_target_q[13]_i_1/O
                         net (fo=3, routed)           0.327     2.505    student_top_inst/u_KLDJ_top/u_pipe_id_ex/id_ex_exu_op_reg[0]_0[13]
    SLICE_X71Y114                                                     r  student_top_inst/u_KLDJ_top/u_pipe_id_ex/id_ex_pred_taken_i_14/I1
    SLICE_X71Y114        LUT6 (Prop_lut6_I1_O)        0.043     2.548 r  student_top_inst/u_KLDJ_top/u_pipe_id_ex/id_ex_pred_taken_i_14/O
                         net (fo=1, routed)           0.000     2.548    student_top_inst/u_KLDJ_top/u_pipe_id_ex/id_ex_pred_taken_i_14_n_0
    SLICE_X71Y114                                                     r  student_top_inst/u_KLDJ_top/u_pipe_id_ex/id_ex_pred_taken_reg_i_6/S[0]
    SLICE_X71Y114        CARRY4 (Prop_carry4_S[0]_CO[3])
                                                      0.259     2.807 r  student_top_inst/u_KLDJ_top/u_pipe_id_ex/id_ex_pred_taken_reg_i_6/CO[3]
                         net (fo=1, routed)           0.000     2.807    student_top_inst/u_KLDJ_top/u_pipe_id_ex/id_ex_pred_taken_reg_i_6_n_0
    SLICE_X71Y115                                                     r  student_top_inst/u_KLDJ_top/u_pipe_id_ex/id_ex_pred_taken_reg_i_5/CI
    SLICE_X71Y115        CARRY4 (Prop_carry4_CI_CO[2])
                                                      0.110     2.917 r  student_top_inst/u_KLDJ_top/u_pipe_id_ex/id_ex_pred_taken_reg_i_5/CO[2]
                         net (fo=4, routed)           0.211     3.129    student_top_inst/u_KLDJ_top/u_pipe_id_ex/u_ex_bpu_ctrl/indirect_target_miss0
    SLICE_X69Y115                                                     r  student_top_inst/u_KLDJ_top/u_pipe_id_ex/pc_reg[31]_i_1_comp/I4
    SLICE_X69Y115        LUT6 (Prop_lut6_I4_O)        0.129     3.258 r  student_top_inst/u_KLDJ_top/u_pipe_id_ex/pc_reg[31]_i_1_comp/O
                         net (fo=32, routed)          0.422     3.679    student_top_inst/u_KLDJ_top/ifu0/E[0]
    SLICE_X72Y112        FDRE                                         r  student_top_inst/u_KLDJ_top/ifu0/pc_reg_reg[17]/CE
  -------------------------------------------------------------------    -------------------

                         (clock clk_out2_pll rise edge)
                                                      5.714     5.714 r  
    AD12                                              0.000     5.714 r  i_sys_clk_p (IN)
                         net (fo=0)                   0.000     5.714    pll_inst/inst/clk_in1_p
    AD12                                                              r  pll_inst/inst/clkin1_ibufgds/I
    AD12                 IBUFDS (Prop_ibufds_I_O)     0.803     6.518 r  pll_inst/inst/clkin1_ibufgds/O
                         net (fo=1, routed)           1.001     7.519    pll_inst/inst/clk_in1_pll
    PLLE2_ADV_X1Y1                                                    r  pll_inst/inst/plle2_adv_inst/CLKIN1
    PLLE2_ADV_X1Y1       PLLE2_ADV (Prop_plle2_adv_CLKIN1_CLKOUT1)
                                                     -7.261     0.258 r  pll_inst/inst/plle2_adv_inst/CLKOUT1
                         net (fo=1, routed)           2.003     2.261    pll_inst/inst/clk_out2_pll
    BUFGCTRL_X0Y0                                                     r  pll_inst/inst/clkout2_buf/I
    BUFGCTRL_X0Y0        BUFG (Prop_bufg_I_O)         0.083     2.344 r  pll_inst/inst/clkout2_buf/O
                         net (fo=5999, routed)        1.255     3.599    student_top_inst/u_KLDJ_top/ifu0/clk_out2
    SLICE_X72Y112        FDRE                                         r  student_top_inst/u_KLDJ_top/ifu0/pc_reg_reg[17]/C
                         clock pessimism             -0.448     3.151    
                         clock uncertainty           -0.077     3.074    
    SLICE_X72Y112        FDRE (Setup_fdre_C_CE)      -0.201     2.873    student_top_inst/u_KLDJ_top/ifu0/pc_reg_reg[17]
  -------------------------------------------------------------------
                         required time                          2.873    
                         arrival time                          -3.679    
  -------------------------------------------------------------------
                         slack                                 -0.806    




