Copyright 1986-2022 Xilinx, Inc. All Rights Reserved. Copyright 2022-2023 Advanced Micro Devices, Inc. All Rights Reserved.
--------------------------------------------------------------------------------------------------------------------------------------------------------------------------------------------------------------------------
| Tool Version : Vivado v.2023.2 (win64) Build 4029153 Fri Oct 13 20:14:34 MDT 2023
| Date         : Wed Jul 15 13:12:20 2026
| Host         : DESKTOP-MO7L2KR running 64-bit major release  (build 9200)
| Command      : report_timing_summary -delay_type max -report_unconstrained -check_timing_verbose -max_paths 20 -file D:/Desktop/JYD/Source_code/BPU_FixTiming3/jyd/pipilined5/Timing_info/fixtiming7/timing_summary.rpt
| Design       : top
| Device       : 7k325t-ffg900
| Speed File   : -2  PRODUCTION 1.12 2017-02-17
| Design State : Routed
--------------------------------------------------------------------------------------------------------------------------------------------------------------------------------------------------------------------------

Timing Summary Report

------------------------------------------------------------------------------------------------
| Timer Settings
| --------------
------------------------------------------------------------------------------------------------

  Enable Multi Corner Analysis               :  Yes
  Enable Pessimism Removal                   :  Yes
  Pessimism Removal Resolution               :  Nearest Common Node
  Enable Input Delay Default Clock           :  No
  Enable Preset / Clear Arcs                 :  No
  Disable Flight Delays                      :  No
  Ignore I/O Paths                           :  No
  Timing Early Launch at Borrowing Latches   :  No
  Borrow Time for Max Delay Exceptions       :  Yes
  Merge Timing Exceptions                    :  Yes
  Inter-SLR Compensation                     :  Conservative

  Corner  Analyze    Analyze    
  Name    Max Paths  Min Paths  
  ------  ---------  ---------  
  Slow    Yes        Yes        
  Fast    Yes        Yes        


------------------------------------------------------------------------------------------------
| Report Methodology
| ------------------
------------------------------------------------------------------------------------------------

Rule       Severity  Description            Violations  
---------  --------  ---------------------  ----------  
TIMING-16  Warning   Large setup violation  72          

Note: This report is based on the most recent report_methodology run and may not be up-to-date. Run report_methodology on the current design for the latest report.



check_timing report

Table of Contents
-----------------
1. checking no_clock (0)
2. checking constant_clock (0)
3. checking pulse_width_clock (0)
4. checking unconstrained_internal_endpoints (0)
5. checking no_input_delay (1)
6. checking no_output_delay (69)
7. checking multiple_clock (0)
8. checking generated_clocks (0)
9. checking loops (0)
10. checking partial_input_delay (0)
11. checking partial_output_delay (0)
12. checking latch_loops (0)

1. checking no_clock (0)
------------------------
 There are 0 register/latch pins with no clock.


2. checking constant_clock (0)
------------------------------
 There are 0 register/latch pins with constant_clock.


3. checking pulse_width_clock (0)
---------------------------------
 There are 0 register/latch pins which need pulse_width check


4. checking unconstrained_internal_endpoints (0)
------------------------------------------------
 There are 0 pins that are not constrained for maximum delay.

 There are 0 pins that are not constrained for maximum delay due to constant clock.


5. checking no_input_delay (1)
------------------------------
 There is 1 input port with no input delay specified. (HIGH)

i_uart_rx

 There are 0 input ports with no input delay but user has a false path constraint.


6. checking no_output_delay (69)
--------------------------------
 There are 69 ports with no output delay specified. (HIGH)

o_uart_tx
virtual_led[0]
virtual_led[10]
virtual_led[11]
virtual_led[12]
virtual_led[13]
virtual_led[14]
virtual_led[15]
virtual_led[16]
virtual_led[17]
virtual_led[18]
virtual_led[19]
virtual_led[1]
virtual_led[20]
virtual_led[21]
virtual_led[22]
virtual_led[23]
virtual_led[24]
virtual_led[25]
virtual_led[26]
virtual_led[27]
virtual_led[28]
virtual_led[29]
virtual_led[2]
virtual_led[30]
virtual_led[31]
virtual_led[3]
virtual_led[4]
virtual_led[5]
virtual_led[6]
virtual_led[7]
virtual_led[8]
virtual_led[9]
virtual_seg[0]
virtual_seg[10]
virtual_seg[11]
virtual_seg[12]
virtual_seg[13]
virtual_seg[14]
virtual_seg[15]
virtual_seg[16]
virtual_seg[18]
virtual_seg[19]
virtual_seg[1]
virtual_seg[20]
virtual_seg[21]
virtual_seg[22]
virtual_seg[23]
virtual_seg[24]
virtual_seg[25]
virtual_seg[26]
virtual_seg[28]
virtual_seg[29]
virtual_seg[2]
virtual_seg[30]
virtual_seg[31]
virtual_seg[32]
virtual_seg[33]
virtual_seg[34]
virtual_seg[35]
virtual_seg[36]
virtual_seg[38]
virtual_seg[39]
virtual_seg[3]
virtual_seg[4]
virtual_seg[5]
virtual_seg[6]
virtual_seg[8]
virtual_seg[9]

 There are 0 ports with no output delay but user has a false path constraint

 There are 0 ports with no output delay but with a timing clock defined on it or propagating through it


7. checking multiple_clock (0)
------------------------------
 There are 0 register/latch pins with multiple clocks.


8. checking generated_clocks (0)
--------------------------------
 There are 0 generated clocks that are not connected to a clock source.


9. checking loops (0)
---------------------
 There are 0 combinational loops in the design.


10. checking partial_input_delay (0)
------------------------------------
 There are 0 input ports with partial input delay specified.


11. checking partial_output_delay (0)
-------------------------------------
 There are 0 ports with partial output delay specified.


12. checking latch_loops (0)
----------------------------
 There are 0 combinational latch loops in the design through latch input



------------------------------------------------------------------------------------------------
| Design Timing Summary
| ---------------------
------------------------------------------------------------------------------------------------

    WNS(ns)      TNS(ns)  TNS Failing Endpoints  TNS Total Endpoints     WPWS(ns)     TPWS(ns)  TPWS Failing Endpoints  TPWS Total Endpoints  
    -------      -------  ---------------------  -------------------     --------     --------  ----------------------  --------------------  
     -1.490     -214.186                    569                11752        1.100        0.000                       0                  6394  


Timing constraints are not met.


------------------------------------------------------------------------------------------------
| Clock Summary
| -------------
------------------------------------------------------------------------------------------------

Clock           Waveform(ns)         Period(ns)      Frequency(MHz)
-----           ------------         ----------      --------------
i_sys_clk_p     {0.000 2.500}        5.000           200.000         
  clk_out1_pll  {0.000 10.000}       20.000          50.000          
  clk_out2_pll  {0.000 2.857}        5.714           175.000         
  clkfbout_pll  {0.000 10.000}       20.000          50.000          


------------------------------------------------------------------------------------------------
| Intra Clock Table
| -----------------
------------------------------------------------------------------------------------------------

Clock               WNS(ns)      TNS(ns)  TNS Failing Endpoints  TNS Total Endpoints     WPWS(ns)     TPWS(ns)  TPWS Failing Endpoints  TPWS Total Endpoints  
-----               -------      -------  ---------------------  -------------------     --------     --------  ----------------------  --------------------  
i_sys_clk_p                                                                                 1.100        0.000                       0                     1  
  clk_out1_pll       16.876        0.000                      0                  590        9.600        0.000                       0                   388  
  clk_out2_pll       -1.490     -214.183                    568                11067        2.089        0.000                       0                  6002  
  clkfbout_pll                                                                             18.591        0.000                       0                     3  


------------------------------------------------------------------------------------------------
| Inter Clock Table
| -----------------
------------------------------------------------------------------------------------------------

From Clock    To Clock          WNS(ns)      TNS(ns)  TNS Failing Endpoints  TNS Total Endpoints  
----------    --------          -------      -------  ---------------------  -------------------  
clk_out2_pll  clk_out1_pll       -0.003       -0.003                      1                   63  
clk_out1_pll  clk_out2_pll        0.188        0.000                      0                   64  


------------------------------------------------------------------------------------------------
| Other Path Groups Table
| -----------------------
------------------------------------------------------------------------------------------------

Path Group    From Clock    To Clock          WNS(ns)      TNS(ns)  TNS Failing Endpoints  TNS Total Endpoints  
----------    ----------    --------          -------      -------  ---------------------  -------------------  


------------------------------------------------------------------------------------------------
| User Ignored Path Table
| -----------------------
------------------------------------------------------------------------------------------------

Path Group    From Clock    To Clock    
----------    ----------    --------    


------------------------------------------------------------------------------------------------
| Unconstrained Path Table
| ------------------------
------------------------------------------------------------------------------------------------

Path Group    From Clock    To Clock    
----------    ----------    --------    
(none)        clk_out1_pll                
(none)        clk_out2_pll                
(none)        clkfbout_pll                
(none)                      clk_out1_pll  


------------------------------------------------------------------------------------------------
| Timing Details
| --------------
------------------------------------------------------------------------------------------------


---------------------------------------------------------------------------------------------------
From Clock:  i_sys_clk_p
  To Clock:  i_sys_clk_p

Setup :           NA  Failing Endpoints,  Worst Slack           NA  ,  Total Violation           NA
Hold  :           NA  Failing Endpoints,  Worst Slack           NA  ,  Total Violation           NA
PW    :            0  Failing Endpoints,  Worst Slack        1.100ns,  Total Violation        0.000ns
---------------------------------------------------------------------------------------------------


Pulse Width Checks
--------------------------------------------------------------------------------------
Clock Name:         i_sys_clk_p
Waveform(ns):       { 0.000 2.500 }
Period(ns):         5.000
Sources:            { i_sys_clk_p }

Check Type        Corner  Lib Pin           Reference Pin  Required(ns)  Actual(ns)  Slack(ns)  Location        Pin
Min Period        n/a     PLLE2_ADV/CLKIN1  n/a            1.071         5.000       3.929      PLLE2_ADV_X1Y1  pll_inst/inst/plle2_adv_inst/CLKIN1
Max Period        n/a     PLLE2_ADV/CLKIN1  n/a            52.633        5.000       47.633     PLLE2_ADV_X1Y1  pll_inst/inst/plle2_adv_inst/CLKIN1
Low Pulse Width   Slow    PLLE2_ADV/CLKIN1  n/a            1.400         2.500       1.100      PLLE2_ADV_X1Y1  pll_inst/inst/plle2_adv_inst/CLKIN1
Low Pulse Width   Fast    PLLE2_ADV/CLKIN1  n/a            1.400         2.500       1.100      PLLE2_ADV_X1Y1  pll_inst/inst/plle2_adv_inst/CLKIN1
High Pulse Width  Slow    PLLE2_ADV/CLKIN1  n/a            1.400         2.500       1.100      PLLE2_ADV_X1Y1  pll_inst/inst/plle2_adv_inst/CLKIN1
High Pulse Width  Fast    PLLE2_ADV/CLKIN1  n/a            1.400         2.500       1.100      PLLE2_ADV_X1Y1  pll_inst/inst/plle2_adv_inst/CLKIN1



---------------------------------------------------------------------------------------------------
From Clock:  clk_out1_pll
  To Clock:  clk_out1_pll

Setup :            0  Failing Endpoints,  Worst Slack       16.876ns,  Total Violation        0.000ns
Hold  :           NA  Failing Endpoints,  Worst Slack           NA  ,  Total Violation           NA
PW    :            0  Failing Endpoints,  Worst Slack        9.600ns,  Total Violation        0.000ns
---------------------------------------------------------------------------------------------------


Max Delay Paths
--------------------------------------------------------------------------------------
Slack (MET) :             16.876ns  (required time - arrival time)
  Source:                 uart_inst/rx_cnt_reg[7]/C
                            (rising edge-triggered cell FDCE clocked by clk_out1_pll  {rise@0.000ns fall@10.000ns period=20.000ns})
  Destination:            uart_inst/rx_data_reg[0]/CE
                            (rising edge-triggered cell FDCE clocked by clk_out1_pll  {rise@0.000ns fall@10.000ns period=20.000ns})
  Path Group:             clk_out1_pll
  Path Type:              Setup (Max at Slow Process Corner)
  Requirement:            20.000ns  (clk_out1_pll rise@20.000ns - clk_out1_pll rise@0.000ns)
  Data Path Delay:        2.783ns  (logic 0.425ns (15.272%)  route 2.358ns (84.728%))
  Logic Levels:           3  (LUT3=1 LUT4=1 LUT6=1)
  Clock Path Skew:        0.048ns (DCD - SCD + CPR)
    Destination Clock Delay (DCD):    -1.866ns = ( 18.134 - 20.000 ) 
    Source Clock Delay      (SCD):    -2.361ns
    Clock Pessimism Removal (CPR):    -0.448ns
  Clock Uncertainty:      0.094ns  ((TSJ^2 + DJ^2)^1/2) / 2 + PE
    Total System Jitter     (TSJ):    0.071ns
    Discrete Jitter          (DJ):    0.174ns
    Phase Error              (PE):    0.000ns

    Location             Delay type                Incr(ns)  Path(ns)    Netlist Resource(s)
  -------------------------------------------------------------------    -------------------
                         (clock clk_out1_pll rise edge)
                                                      0.000     0.000 r  
    AD12                                              0.000     0.000 r  i_sys_clk_p (IN)
                         net (fo=0)                   0.000     0.000    pll_inst/inst/clk_in1_p
    AD12                 IBUFDS (Prop_ibufds_I_O)     0.906     0.906 r  pll_inst/inst/clkin1_ibufgds/O
                         net (fo=1, routed)           1.098     2.004    pll_inst/inst/clk_in1_pll
    PLLE2_ADV_X1Y1       PLLE2_ADV (Prop_plle2_adv_CLKIN1_CLKOUT0)
                                                     -8.058    -6.054 r  pll_inst/inst/plle2_adv_inst/CLKOUT0
                         net (fo=1, routed)           2.128    -3.926    pll_inst/inst/clk_out1_pll
    BUFGCTRL_X0Y1        BUFG (Prop_bufg_I_O)         0.093    -3.833 r  pll_inst/inst/clkout1_buf/O
                         net (fo=386, routed)         1.472    -2.361    uart_inst/clk_out1
    SLICE_X15Y100        FDCE                                         r  uart_inst/rx_cnt_reg[7]/C
  -------------------------------------------------------------------    -------------------
    SLICE_X15Y100        FDCE (Prop_fdce_C_Q)         0.204    -2.157 f  uart_inst/rx_cnt_reg[7]/Q
                         net (fo=2, routed)           0.442    -1.715    uart_inst/rx_cnt_reg_n_0_[7]
    SLICE_X15Y101        LUT4 (Prop_lut4_I1_O)        0.123    -1.592 f  uart_inst/FSM_sequential_rx_state[1]_i_4/O
                         net (fo=1, routed)           0.608    -0.984    uart_inst/FSM_sequential_rx_state[1]_i_4_n_0
    SLICE_X15Y100        LUT6 (Prop_lut6_I0_O)        0.043    -0.941 f  uart_inst/FSM_sequential_rx_state[1]_i_3/O
                         net (fo=17, routed)          0.549    -0.392    uart_inst/FSM_sequential_rx_state[1]_i_3_n_0
    SLICE_X17Y101        LUT3 (Prop_lut3_I0_O)        0.055    -0.337 r  uart_inst/rx_data[7]_i_1/O
                         net (fo=9, routed)           0.759     0.421    uart_inst/rx_data[7]_i_1_n_0
    SLICE_X23Y98         FDCE                                         r  uart_inst/rx_data_reg[0]/CE
  -------------------------------------------------------------------    -------------------

                         (clock clk_out1_pll rise edge)
                                                     20.000    20.000 r  
    AD12                                              0.000    20.000 r  i_sys_clk_p (IN)
                         net (fo=0)                   0.000    20.000    pll_inst/inst/clk_in1_p
    AD12                 IBUFDS (Prop_ibufds_I_O)     0.803    20.803 r  pll_inst/inst/clkin1_ibufgds/O
                         net (fo=1, routed)           1.001    21.804    pll_inst/inst/clk_in1_pll
    PLLE2_ADV_X1Y1       PLLE2_ADV (Prop_plle2_adv_CLKIN1_CLKOUT0)
                                                     -7.261    14.543 r  pll_inst/inst/plle2_adv_inst/CLKOUT0
                         net (fo=1, routed)           2.003    16.546    pll_inst/inst/clk_out1_pll
    BUFGCTRL_X0Y1        BUFG (Prop_bufg_I_O)         0.083    16.629 r  pll_inst/inst/clkout1_buf/O
                         net (fo=386, routed)         1.505    18.134    uart_inst/clk_out1
    SLICE_X23Y98         FDCE                                         r  uart_inst/rx_data_reg[0]/C
                         clock pessimism             -0.448    17.687    
                         clock uncertainty           -0.094    17.593    
    SLICE_X23Y98         FDCE (Setup_fdce_C_CE)      -0.295    17.298    uart_inst/rx_data_reg[0]
  -------------------------------------------------------------------
                         required time                         17.298    
                         arrival time                          -0.421    
  -------------------------------------------------------------------
                         slack                                 16.876    

Slack (MET) :             16.876ns  (required time - arrival time)
  Source:                 uart_inst/rx_cnt_reg[7]/C
                            (rising edge-triggered cell FDCE clocked by clk_out1_pll  {rise@0.000ns fall@10.000ns period=20.000ns})
  Destination:            uart_inst/rx_data_reg[1]/CE
                            (rising edge-triggered cell FDCE clocked by clk_out1_pll  {rise@0.000ns fall@10.000ns period=20.000ns})
  Path Group:             clk_out1_pll
  Path Type:              Setup (Max at Slow Process Corner)
  Requirement:            20.000ns  (clk_out1_pll rise@20.000ns - clk_out1_pll rise@0.000ns)
  Data Path Delay:        2.783ns  (logic 0.425ns (15.272%)  route 2.358ns (84.728%))
  Logic Levels:           3  (LUT3=1 LUT4=1 LUT6=1)
  Clock Path Skew:        0.048ns (DCD - SCD + CPR)
    Destination Clock Delay (DCD):    -1.866ns = ( 18.134 - 20.000 ) 
    Source Clock Delay      (SCD):    -2.361ns
    Clock Pessimism Removal (CPR):    -0.448ns
  Clock Uncertainty:      0.094ns  ((TSJ^2 + DJ^2)^1/2) / 2 + PE
    Total System Jitter     (TSJ):    0.071ns
    Discrete Jitter          (DJ):    0.174ns
    Phase Error              (PE):    0.000ns

    Location             Delay type                Incr(ns)  Path(ns)    Netlist Resource(s)
  -------------------------------------------------------------------    -------------------
                         (clock clk_out1_pll rise edge)
                                                      0.000     0.000 r  
    AD12                                              0.000     0.000 r  i_sys_clk_p (IN)
                         net (fo=0)                   0.000     0.000    pll_inst/inst/clk_in1_p
    AD12                 IBUFDS (Prop_ibufds_I_O)     0.906     0.906 r  pll_inst/inst/clkin1_ibufgds/O
                         net (fo=1, routed)           1.098     2.004    pll_inst/inst/clk_in1_pll
    PLLE2_ADV_X1Y1       PLLE2_ADV (Prop_plle2_adv_CLKIN1_CLKOUT0)
                                                     -8.058    -6.054 r  pll_inst/inst/plle2_adv_inst/CLKOUT0
                         net (fo=1, routed)           2.128    -3.926    pll_inst/inst/clk_out1_pll
    BUFGCTRL_X0Y1        BUFG (Prop_bufg_I_O)         0.093    -3.833 r  pll_inst/inst/clkout1_buf/O
                         net (fo=386, routed)         1.472    -2.361    uart_inst/clk_out1
    SLICE_X15Y100        FDCE                                         r  uart_inst/rx_cnt_reg[7]/C
  -------------------------------------------------------------------    -------------------
    SLICE_X15Y100        FDCE (Prop_fdce_C_Q)         0.204    -2.157 f  uart_inst/rx_cnt_reg[7]/Q
                         net (fo=2, routed)           0.442    -1.715    uart_inst/rx_cnt_reg_n_0_[7]
    SLICE_X15Y101        LUT4 (Prop_lut4_I1_O)        0.123    -1.592 f  uart_inst/FSM_sequential_rx_state[1]_i_4/O
                         net (fo=1, routed)           0.608    -0.984    uart_inst/FSM_sequential_rx_state[1]_i_4_n_0
    SLICE_X15Y100        LUT6 (Prop_lut6_I0_O)        0.043    -0.941 f  uart_inst/FSM_sequential_rx_state[1]_i_3/O
                         net (fo=17, routed)          0.549    -0.392    uart_inst/FSM_sequential_rx_state[1]_i_3_n_0
    SLICE_X17Y101        LUT3 (Prop_lut3_I0_O)        0.055    -0.337 r  uart_inst/rx_data[7]_i_1/O
                         net (fo=9, routed)           0.759     0.421    uart_inst/rx_data[7]_i_1_n_0
    SLICE_X23Y98         FDCE                                         r  uart_inst/rx_data_reg[1]/CE
  -------------------------------------------------------------------    -------------------

                         (clock clk_out1_pll rise edge)
                                                     20.000    20.000 r  
    AD12                                              0.000    20.000 r  i_sys_clk_p (IN)
                         net (fo=0)                   0.000    20.000    pll_inst/inst/clk_in1_p
    AD12                 IBUFDS (Prop_ibufds_I_O)     0.803    20.803 r  pll_inst/inst/clkin1_ibufgds/O
                         net (fo=1, routed)           1.001    21.804    pll_inst/inst/clk_in1_pll
    PLLE2_ADV_X1Y1       PLLE2_ADV (Prop_plle2_adv_CLKIN1_CLKOUT0)
                                                     -7.261    14.543 r  pll_inst/inst/plle2_adv_inst/CLKOUT0
                         net (fo=1, routed)           2.003    16.546    pll_inst/inst/clk_out1_pll
    BUFGCTRL_X0Y1        BUFG (Prop_bufg_I_O)         0.083    16.629 r  pll_inst/inst/clkout1_buf/O
                         net (fo=386, routed)         1.505    18.134    uart_inst/clk_out1
    SLICE_X23Y98         FDCE                                         r  uart_inst/rx_data_reg[1]/C
                         clock pessimism             -0.448    17.687    
                         clock uncertainty           -0.094    17.593    
    SLICE_X23Y98         FDCE (Setup_fdce_C_CE)      -0.295    17.298    uart_inst/rx_data_reg[1]
  -------------------------------------------------------------------
                         required time                         17.298    
                         arrival time                          -0.421    
  -------------------------------------------------------------------
                         slack                                 16.876    

Slack (MET) :             16.876ns  (required time - arrival time)
  Source:                 uart_inst/rx_cnt_reg[7]/C
                            (rising edge-triggered cell FDCE clocked by clk_out1_pll  {rise@0.000ns fall@10.000ns period=20.000ns})
  Destination:            uart_inst/rx_data_reg[2]/CE
                            (rising edge-triggered cell FDCE clocked by clk_out1_pll  {rise@0.000ns fall@10.000ns period=20.000ns})
  Path Group:             clk_out1_pll
  Path Type:              Setup (Max at Slow Process Corner)
  Requirement:            20.000ns  (clk_out1_pll rise@20.000ns - clk_out1_pll rise@0.000ns)
  Data Path Delay:        2.783ns  (logic 0.425ns (15.272%)  route 2.358ns (84.728%))
  Logic Levels:           3  (LUT3=1 LUT4=1 LUT6=1)
  Clock Path Skew:        0.048ns (DCD - SCD + CPR)
    Destination Clock Delay (DCD):    -1.866ns = ( 18.134 - 20.000 ) 
    Source Clock Delay      (SCD):    -2.361ns
    Clock Pessimism Removal (CPR):    -0.448ns
  Clock Uncertainty:      0.094ns  ((TSJ^2 + DJ^2)^1/2) / 2 + PE
    Total System Jitter     (TSJ):    0.071ns
    Discrete Jitter          (DJ):    0.174ns
    Phase Error              (PE):    0.000ns

    Location             Delay type                Incr(ns)  Path(ns)    Netlist Resource(s)
  -------------------------------------------------------------------    -------------------
                         (clock clk_out1_pll rise edge)
                                                      0.000     0.000 r  
    AD12                                              0.000     0.000 r  i_sys_clk_p (IN)
                         net (fo=0)                   0.000     0.000    pll_inst/inst/clk_in1_p
    AD12                 IBUFDS (Prop_ibufds_I_O)     0.906     0.906 r  pll_inst/inst/clkin1_ibufgds/O
                         net (fo=1, routed)           1.098     2.004    pll_inst/inst/clk_in1_pll
    PLLE2_ADV_X1Y1       PLLE2_ADV (Prop_plle2_adv_CLKIN1_CLKOUT0)
                                                     -8.058    -6.054 r  pll_inst/inst/plle2_adv_inst/CLKOUT0
                         net (fo=1, routed)           2.128    -3.926    pll_inst/inst/clk_out1_pll
    BUFGCTRL_X0Y1        BUFG (Prop_bufg_I_O)         0.093    -3.833 r  pll_inst/inst/clkout1_buf/O
                         net (fo=386, routed)         1.472    -2.361    uart_inst/clk_out1
    SLICE_X15Y100        FDCE                                         r  uart_inst/rx_cnt_reg[7]/C
  -------------------------------------------------------------------    -------------------
    SLICE_X15Y100        FDCE (Prop_fdce_C_Q)         0.204    -2.157 f  uart_inst/rx_cnt_reg[7]/Q
                         net (fo=2, routed)           0.442    -1.715    uart_inst/rx_cnt_reg_n_0_[7]
    SLICE_X15Y101        LUT4 (Prop_lut4_I1_O)        0.123    -1.592 f  uart_inst/FSM_sequential_rx_state[1]_i_4/O
                         net (fo=1, routed)           0.608    -0.984    uart_inst/FSM_sequential_rx_state[1]_i_4_n_0
    SLICE_X15Y100        LUT6 (Prop_lut6_I0_O)        0.043    -0.941 f  uart_inst/FSM_sequential_rx_state[1]_i_3/O
                         net (fo=17, routed)          0.549    -0.392    uart_inst/FSM_sequential_rx_state[1]_i_3_n_0
    SLICE_X17Y101        LUT3 (Prop_lut3_I0_O)        0.055    -0.337 r  uart_inst/rx_data[7]_i_1/O
                         net (fo=9, routed)           0.759     0.421    uart_inst/rx_data[7]_i_1_n_0
    SLICE_X23Y98         FDCE                                         r  uart_inst/rx_data_reg[2]/CE
  -------------------------------------------------------------------    -------------------

                         (clock clk_out1_pll rise edge)
                                                     20.000    20.000 r  
    AD12                                              0.000    20.000 r  i_sys_clk_p (IN)
                         net (fo=0)                   0.000    20.000    pll_inst/inst/clk_in1_p
    AD12                 IBUFDS (Prop_ibufds_I_O)     0.803    20.803 r  pll_inst/inst/clkin1_ibufgds/O
                         net (fo=1, routed)           1.001    21.804    pll_inst/inst/clk_in1_pll
    PLLE2_ADV_X1Y1       PLLE2_ADV (Prop_plle2_adv_CLKIN1_CLKOUT0)
                                                     -7.261    14.543 r  pll_inst/inst/plle2_adv_inst/CLKOUT0
                         net (fo=1, routed)           2.003    16.546    pll_inst/inst/clk_out1_pll
    BUFGCTRL_X0Y1        BUFG (Prop_bufg_I_O)         0.083    16.629 r  pll_inst/inst/clkout1_buf/O
                         net (fo=386, routed)         1.505    18.134    uart_inst/clk_out1
    SLICE_X23Y98         FDCE                                         r  uart_inst/rx_data_reg[2]/C
                         clock pessimism             -0.448    17.687    
                         clock uncertainty           -0.094    17.593    
    SLICE_X23Y98         FDCE (Setup_fdce_C_CE)      -0.295    17.298    uart_inst/rx_data_reg[2]
  -------------------------------------------------------------------
                         required time                         17.298    
                         arrival time                          -0.421    
  -------------------------------------------------------------------
                         slack                                 16.876    

Slack (MET) :             16.876ns  (required time - arrival time)
  Source:                 uart_inst/rx_cnt_reg[7]/C
                            (rising edge-triggered cell FDCE clocked by clk_out1_pll  {rise@0.000ns fall@10.000ns period=20.000ns})
  Destination:            uart_inst/rx_data_reg[3]/CE
                            (rising edge-triggered cell FDCE clocked by clk_out1_pll  {rise@0.000ns fall@10.000ns period=20.000ns})
  Path Group:             clk_out1_pll
  Path Type:              Setup (Max at Slow Process Corner)
  Requirement:            20.000ns  (clk_out1_pll rise@20.000ns - clk_out1_pll rise@0.000ns)
  Data Path Delay:        2.783ns  (logic 0.425ns (15.272%)  route 2.358ns (84.728%))
  Logic Levels:           3  (LUT3=1 LUT4=1 LUT6=1)
  Clock Path Skew:        0.048ns (DCD - SCD + CPR)
    Destination Clock Delay (DCD):    -1.866ns = ( 18.134 - 20.000 ) 
    Source Clock Delay      (SCD):    -2.361ns
    Clock Pessimism Removal (CPR):    -0.448ns
  Clock Uncertainty:      0.094ns  ((TSJ^2 + DJ^2)^1/2) / 2 + PE
    Total System Jitter     (TSJ):    0.071ns
    Discrete Jitter          (DJ):    0.174ns
    Phase Error              (PE):    0.000ns

    Location             Delay type                Incr(ns)  Path(ns)    Netlist Resource(s)
  -------------------------------------------------------------------    -------------------
                         (clock clk_out1_pll rise edge)
                                                      0.000     0.000 r  
    AD12                                              0.000     0.000 r  i_sys_clk_p (IN)
                         net (fo=0)                   0.000     0.000    pll_inst/inst/clk_in1_p
    AD12                 IBUFDS (Prop_ibufds_I_O)     0.906     0.906 r  pll_inst/inst/clkin1_ibufgds/O
                         net (fo=1, routed)           1.098     2.004    pll_inst/inst/clk_in1_pll
    PLLE2_ADV_X1Y1       PLLE2_ADV (Prop_plle2_adv_CLKIN1_CLKOUT0)
                                                     -8.058    -6.054 r  pll_inst/inst/plle2_adv_inst/CLKOUT0
                         net (fo=1, routed)           2.128    -3.926    pll_inst/inst/clk_out1_pll
    BUFGCTRL_X0Y1        BUFG (Prop_bufg_I_O)         0.093    -3.833 r  pll_inst/inst/clkout1_buf/O
                         net (fo=386, routed)         1.472    -2.361    uart_inst/clk_out1
    SLICE_X15Y100        FDCE                                         r  uart_inst/rx_cnt_reg[7]/C
  -------------------------------------------------------------------    -------------------
    SLICE_X15Y100        FDCE (Prop_fdce_C_Q)         0.204    -2.157 f  uart_inst/rx_cnt_reg[7]/Q
                         net (fo=2, routed)           0.442    -1.715    uart_inst/rx_cnt_reg_n_0_[7]
    SLICE_X15Y101        LUT4 (Prop_lut4_I1_O)        0.123    -1.592 f  uart_inst/FSM_sequential_rx_state[1]_i_4/O
                         net (fo=1, routed)           0.608    -0.984    uart_inst/FSM_sequential_rx_state[1]_i_4_n_0
    SLICE_X15Y100        LUT6 (Prop_lut6_I0_O)        0.043    -0.941 f  uart_inst/FSM_sequential_rx_state[1]_i_3/O
                         net (fo=17, routed)          0.549    -0.392    uart_inst/FSM_sequential_rx_state[1]_i_3_n_0
    SLICE_X17Y101        LUT3 (Prop_lut3_I0_O)        0.055    -0.337 r  uart_inst/rx_data[7]_i_1/O
                         net (fo=9, routed)           0.759     0.421    uart_inst/rx_data[7]_i_1_n_0
    SLICE_X23Y98         FDCE                                         r  uart_inst/rx_data_reg[3]/CE
  -------------------------------------------------------------------    -------------------

                         (clock clk_out1_pll rise edge)
                                                     20.000    20.000 r  
    AD12                                              0.000    20.000 r  i_sys_clk_p (IN)
                         net (fo=0)                   0.000    20.000    pll_inst/inst/clk_in1_p
    AD12                 IBUFDS (Prop_ibufds_I_O)     0.803    20.803 r  pll_inst/inst/clkin1_ibufgds/O
                         net (fo=1, routed)           1.001    21.804    pll_inst/inst/clk_in1_pll
    PLLE2_ADV_X1Y1       PLLE2_ADV (Prop_plle2_adv_CLKIN1_CLKOUT0)
                                                     -7.261    14.543 r  pll_inst/inst/plle2_adv_inst/CLKOUT0
                         net (fo=1, routed)           2.003    16.546    pll_inst/inst/clk_out1_pll
    BUFGCTRL_X0Y1        BUFG (Prop_bufg_I_O)         0.083    16.629 r  pll_inst/inst/clkout1_buf/O
                         net (fo=386, routed)         1.505    18.134    uart_inst/clk_out1
    SLICE_X23Y98         FDCE                                         r  uart_inst/rx_data_reg[3]/C
                         clock pessimism             -0.448    17.687    
                         clock uncertainty           -0.094    17.593    
    SLICE_X23Y98         FDCE (Setup_fdce_C_CE)      -0.295    17.298    uart_inst/rx_data_reg[3]
  -------------------------------------------------------------------
                         required time                         17.298    
                         arrival time                          -0.421    
  -------------------------------------------------------------------
                         slack                                 16.876    

Slack (MET) :             16.940ns  (required time - arrival time)
  Source:                 uart_inst/tx_cnt_reg[9]/C
                            (rising edge-triggered cell FDCE clocked by clk_out1_pll  {rise@0.000ns fall@10.000ns period=20.000ns})
  Destination:            uart_inst/tx_bit_cnt_reg[0]/CE
                            (rising edge-triggered cell FDCE clocked by clk_out1_pll  {rise@0.000ns fall@10.000ns period=20.000ns})
  Path Group:             clk_out1_pll
  Path Type:              Setup (Max at Slow Process Corner)
  Requirement:            20.000ns  (clk_out1_pll rise@20.000ns - clk_out1_pll rise@0.000ns)
  Data Path Delay:        2.740ns  (logic 0.549ns (20.037%)  route 2.191ns (79.963%))
  Logic Levels:           4  (LUT3=1 LUT6=3)
  Clock Path Skew:        -0.048ns (DCD - SCD + CPR)
    Destination Clock Delay (DCD):    -1.866ns = ( 18.134 - 20.000 ) 
    Source Clock Delay      (SCD):    -2.190ns
    Clock Pessimism Removal (CPR):    -0.373ns
  Clock Uncertainty:      0.094ns  ((TSJ^2 + DJ^2)^1/2) / 2 + PE
    Total System Jitter     (TSJ):    0.071ns
    Discrete Jitter          (DJ):    0.174ns
    Phase Error              (PE):    0.000ns

    Location             Delay type                Incr(ns)  Path(ns)    Netlist Resource(s)
  -------------------------------------------------------------------    -------------------
                         (clock clk_out1_pll rise edge)
                                                      0.000     0.000 r  
    AD12                                              0.000     0.000 r  i_sys_clk_p (IN)
                         net (fo=0)                   0.000     0.000    pll_inst/inst/clk_in1_p
    AD12                 IBUFDS (Prop_ibufds_I_O)     0.906     0.906 r  pll_inst/inst/clkin1_ibufgds/O
                         net (fo=1, routed)           1.098     2.004    pll_inst/inst/clk_in1_pll
    PLLE2_ADV_X1Y1       PLLE2_ADV (Prop_plle2_adv_CLKIN1_CLKOUT0)
                                                     -8.058    -6.054 r  pll_inst/inst/plle2_adv_inst/CLKOUT0
                         net (fo=1, routed)           2.128    -3.926    pll_inst/inst/clk_out1_pll
    BUFGCTRL_X0Y1        BUFG (Prop_bufg_I_O)         0.093    -3.833 r  pll_inst/inst/clkout1_buf/O
                         net (fo=386, routed)         1.643    -2.190    uart_inst/clk_out1
    SLICE_X21Y94         FDCE                                         r  uart_inst/tx_cnt_reg[9]/C
  -------------------------------------------------------------------    -------------------
    SLICE_X21Y94         FDCE (Prop_fdce_C_Q)         0.204    -1.986 f  uart_inst/tx_cnt_reg[9]/Q
                         net (fo=2, routed)           0.565    -1.421    uart_inst/tx_cnt_reg_n_0_[9]
    SLICE_X21Y93         LUT6 (Prop_lut6_I4_O)        0.124    -1.297 r  uart_inst/tx_i_2/O
                         net (fo=2, routed)           0.363    -0.935    uart_inst/tx_i_2_n_0
    SLICE_X21Y93         LUT6 (Prop_lut6_I0_O)        0.043    -0.892 r  uart_inst/tx_cnt[12]_i_3/O
                         net (fo=13, routed)          0.646    -0.246    uart_inst/tx_cnt[12]_i_3_n_0
    SLICE_X22Y95         LUT3 (Prop_lut3_I2_O)        0.046    -0.200 r  uart_inst/tx_shift[8]_i_1/O
                         net (fo=11, routed)          0.397     0.197    uart_inst/tx_shift
    SLICE_X22Y95         LUT6 (Prop_lut6_I0_O)        0.132     0.329 r  uart_inst/tx_bit_cnt[3]_i_1/O
                         net (fo=4, routed)           0.220     0.549    uart_inst/tx_bit_cnt
    SLICE_X22Y95         FDCE                                         r  uart_inst/tx_bit_cnt_reg[0]/CE
  -------------------------------------------------------------------    -------------------

                         (clock clk_out1_pll rise edge)
                                                     20.000    20.000 r  
    AD12                                              0.000    20.000 r  i_sys_clk_p (IN)
                         net (fo=0)                   0.000    20.000    pll_inst/inst/clk_in1_p
    AD12                 IBUFDS (Prop_ibufds_I_O)     0.803    20.803 r  pll_inst/inst/clkin1_ibufgds/O
                         net (fo=1, routed)           1.001    21.804    pll_inst/inst/clk_in1_pll
    PLLE2_ADV_X1Y1       PLLE2_ADV (Prop_plle2_adv_CLKIN1_CLKOUT0)
                                                     -7.261    14.543 r  pll_inst/inst/plle2_adv_inst/CLKOUT0
                         net (fo=1, routed)           2.003    16.546    pll_inst/inst/clk_out1_pll
    BUFGCTRL_X0Y1        BUFG (Prop_bufg_I_O)         0.083    16.629 r  pll_inst/inst/clkout1_buf/O
                         net (fo=386, routed)         1.505    18.134    uart_inst/clk_out1
    SLICE_X22Y95         FDCE                                         r  uart_inst/tx_bit_cnt_reg[0]/C
                         clock pessimism             -0.373    17.762    
                         clock uncertainty           -0.094    17.668    
    SLICE_X22Y95         FDCE (Setup_fdce_C_CE)      -0.178    17.490    uart_inst/tx_bit_cnt_reg[0]
  -------------------------------------------------------------------
                         required time                         17.490    
                         arrival time                          -0.549    
  -------------------------------------------------------------------
                         slack                                 16.940    

Slack (MET) :             16.940ns  (required time - arrival time)
  Source:                 uart_inst/tx_cnt_reg[9]/C
                            (rising edge-triggered cell FDCE clocked by clk_out1_pll  {rise@0.000ns fall@10.000ns period=20.000ns})
  Destination:            uart_inst/tx_bit_cnt_reg[1]/CE
                            (rising edge-triggered cell FDCE clocked by clk_out1_pll  {rise@0.000ns fall@10.000ns period=20.000ns})
  Path Group:             clk_out1_pll
  Path Type:              Setup (Max at Slow Process Corner)
  Requirement:            20.000ns  (clk_out1_pll rise@20.000ns - clk_out1_pll rise@0.000ns)
  Data Path Delay:        2.740ns  (logic 0.549ns (20.037%)  route 2.191ns (79.963%))
  Logic Levels:           4  (LUT3=1 LUT6=3)
  Clock Path Skew:        -0.048ns (DCD - SCD + CPR)
    Destination Clock Delay (DCD):    -1.866ns = ( 18.134 - 20.000 ) 
    Source Clock Delay      (SCD):    -2.190ns
    Clock Pessimism Removal (CPR):    -0.373ns
  Clock Uncertainty:      0.094ns  ((TSJ^2 + DJ^2)^1/2) / 2 + PE
    Total System Jitter     (TSJ):    0.071ns
    Discrete Jitter          (DJ):    0.174ns
    Phase Error              (PE):    0.000ns

    Location             Delay type                Incr(ns)  Path(ns)    Netlist Resource(s)
  -------------------------------------------------------------------    -------------------
                         (clock clk_out1_pll rise edge)
                                                      0.000     0.000 r  
    AD12                                              0.000     0.000 r  i_sys_clk_p (IN)
                         net (fo=0)                   0.000     0.000    pll_inst/inst/clk_in1_p
    AD12                 IBUFDS (Prop_ibufds_I_O)     0.906     0.906 r  pll_inst/inst/clkin1_ibufgds/O
                         net (fo=1, routed)           1.098     2.004    pll_inst/inst/clk_in1_pll
    PLLE2_ADV_X1Y1       PLLE2_ADV (Prop_plle2_adv_CLKIN1_CLKOUT0)
                                                     -8.058    -6.054 r  pll_inst/inst/plle2_adv_inst/CLKOUT0
                         net (fo=1, routed)           2.128    -3.926    pll_inst/inst/clk_out1_pll
    BUFGCTRL_X0Y1        BUFG (Prop_bufg_I_O)         0.093    -3.833 r  pll_inst/inst/clkout1_buf/O
                         net (fo=386, routed)         1.643    -2.190    uart_inst/clk_out1
    SLICE_X21Y94         FDCE                                         r  uart_inst/tx_cnt_reg[9]/C
  -------------------------------------------------------------------    -------------------
    SLICE_X21Y94         FDCE (Prop_fdce_C_Q)         0.204    -1.986 f  uart_inst/tx_cnt_reg[9]/Q
                         net (fo=2, routed)           0.565    -1.421    uart_inst/tx_cnt_reg_n_0_[9]
    SLICE_X21Y93         LUT6 (Prop_lut6_I4_O)        0.124    -1.297 r  uart_inst/tx_i_2/O
                         net (fo=2, routed)           0.363    -0.935    uart_inst/tx_i_2_n_0
    SLICE_X21Y93         LUT6 (Prop_lut6_I0_O)        0.043    -0.892 r  uart_inst/tx_cnt[12]_i_3/O
                         net (fo=13, routed)          0.646    -0.246    uart_inst/tx_cnt[12]_i_3_n_0
    SLICE_X22Y95         LUT3 (Prop_lut3_I2_O)        0.046    -0.200 r  uart_inst/tx_shift[8]_i_1/O
                         net (fo=11, routed)          0.397     0.197    uart_inst/tx_shift
    SLICE_X22Y95         LUT6 (Prop_lut6_I0_O)        0.132     0.329 r  uart_inst/tx_bit_cnt[3]_i_1/O
                         net (fo=4, routed)           0.220     0.549    uart_inst/tx_bit_cnt
    SLICE_X22Y95         FDCE                                         r  uart_inst/tx_bit_cnt_reg[1]/CE
  -------------------------------------------------------------------    -------------------

                         (clock clk_out1_pll rise edge)
                                                     20.000    20.000 r  
    AD12                                              0.000    20.000 r  i_sys_clk_p (IN)
                         net (fo=0)                   0.000    20.000    pll_inst/inst/clk_in1_p
    AD12                 IBUFDS (Prop_ibufds_I_O)     0.803    20.803 r  pll_inst/inst/clkin1_ibufgds/O
                         net (fo=1, routed)           1.001    21.804    pll_inst/inst/clk_in1_pll
    PLLE2_ADV_X1Y1       PLLE2_ADV (Prop_plle2_adv_CLKIN1_CLKOUT0)
                                                     -7.261    14.543 r  pll_inst/inst/plle2_adv_inst/CLKOUT0
                         net (fo=1, routed)           2.003    16.546    pll_inst/inst/clk_out1_pll
    BUFGCTRL_X0Y1        BUFG (Prop_bufg_I_O)         0.083    16.629 r  pll_inst/inst/clkout1_buf/O
                         net (fo=386, routed)         1.505    18.134    uart_inst/clk_out1
    SLICE_X22Y95         FDCE                                         r  uart_inst/tx_bit_cnt_reg[1]/C
                         clock pessimism             -0.373    17.762    
                         clock uncertainty           -0.094    17.668    
    SLICE_X22Y95         FDCE (Setup_fdce_C_CE)      -0.178    17.490    uart_inst/tx_bit_cnt_reg[1]
  -------------------------------------------------------------------
                         required time                         17.490    
                         arrival time                          -0.549    
  -------------------------------------------------------------------
                         slack                                 16.940    

Slack (MET) :             16.940ns  (required time - arrival time)
  Source:                 uart_inst/tx_cnt_reg[9]/C
                            (rising edge-triggered cell FDCE clocked by clk_out1_pll  {rise@0.000ns fall@10.000ns period=20.000ns})
  Destination:            uart_inst/tx_bit_cnt_reg[2]/CE
                            (rising edge-triggered cell FDCE clocked by clk_out1_pll  {rise@0.000ns fall@10.000ns period=20.000ns})
  Path Group:             clk_out1_pll
  Path Type:              Setup (Max at Slow Process Corner)
  Requirement:            20.000ns  (clk_out1_pll rise@20.000ns - clk_out1_pll rise@0.000ns)
  Data Path Delay:        2.740ns  (logic 0.549ns (20.037%)  route 2.191ns (79.963%))
  Logic Levels:           4  (LUT3=1 LUT6=3)
  Clock Path Skew:        -0.048ns (DCD - SCD + CPR)
    Destination Clock Delay (DCD):    -1.866ns = ( 18.134 - 20.000 ) 
    Source Clock Delay      (SCD):    -2.190ns
    Clock Pessimism Removal (CPR):    -0.373ns
  Clock Uncertainty:      0.094ns  ((TSJ^2 + DJ^2)^1/2) / 2 + PE
    Total System Jitter     (TSJ):    0.071ns
    Discrete Jitter          (DJ):    0.174ns
    Phase Error              (PE):    0.000ns

    Location             Delay type                Incr(ns)  Path(ns)    Netlist Resource(s)
  -------------------------------------------------------------------    -------------------
                         (clock clk_out1_pll rise edge)
                                                      0.000     0.000 r  
    AD12                                              0.000     0.000 r  i_sys_clk_p (IN)
                         net (fo=0)                   0.000     0.000    pll_inst/inst/clk_in1_p
    AD12                 IBUFDS (Prop_ibufds_I_O)     0.906     0.906 r  pll_inst/inst/clkin1_ibufgds/O
                         net (fo=1, routed)           1.098     2.004    pll_inst/inst/clk_in1_pll
    PLLE2_ADV_X1Y1       PLLE2_ADV (Prop_plle2_adv_CLKIN1_CLKOUT0)
                                                     -8.058    -6.054 r  pll_inst/inst/plle2_adv_inst/CLKOUT0
                         net (fo=1, routed)           2.128    -3.926    pll_inst/inst/clk_out1_pll
    BUFGCTRL_X0Y1        BUFG (Prop_bufg_I_O)         0.093    -3.833 r  pll_inst/inst/clkout1_buf/O
                         net (fo=386, routed)         1.643    -2.190    uart_inst/clk_out1
    SLICE_X21Y94         FDCE                                         r  uart_inst/tx_cnt_reg[9]/C
  -------------------------------------------------------------------    -------------------
    SLICE_X21Y94         FDCE (Prop_fdce_C_Q)         0.204    -1.986 f  uart_inst/tx_cnt_reg[9]/Q
                         net (fo=2, routed)           0.565    -1.421    uart_inst/tx_cnt_reg_n_0_[9]
    SLICE_X21Y93         LUT6 (Prop_lut6_I4_O)        0.124    -1.297 r  uart_inst/tx_i_2/O
                         net (fo=2, routed)           0.363    -0.935    uart_inst/tx_i_2_n_0
    SLICE_X21Y93         LUT6 (Prop_lut6_I0_O)        0.043    -0.892 r  uart_inst/tx_cnt[12]_i_3/O
                         net (fo=13, routed)          0.646    -0.246    uart_inst/tx_cnt[12]_i_3_n_0
    SLICE_X22Y95         LUT3 (Prop_lut3_I2_O)        0.046    -0.200 r  uart_inst/tx_shift[8]_i_1/O
                         net (fo=11, routed)          0.397     0.197    uart_inst/tx_shift
    SLICE_X22Y95         LUT6 (Prop_lut6_I0_O)        0.132     0.329 r  uart_inst/tx_bit_cnt[3]_i_1/O
                         net (fo=4, routed)           0.220     0.549    uart_inst/tx_bit_cnt
    SLICE_X22Y95         FDCE                                         r  uart_inst/tx_bit_cnt_reg[2]/CE
  -------------------------------------------------------------------    -------------------

                         (clock clk_out1_pll rise edge)
                                                     20.000    20.000 r  
    AD12                                              0.000    20.000 r  i_sys_clk_p (IN)
                         net (fo=0)                   0.000    20.000    pll_inst/inst/clk_in1_p
    AD12                 IBUFDS (Prop_ibufds_I_O)     0.803    20.803 r  pll_inst/inst/clkin1_ibufgds/O
                         net (fo=1, routed)           1.001    21.804    pll_inst/inst/clk_in1_pll
    PLLE2_ADV_X1Y1       PLLE2_ADV (Prop_plle2_adv_CLKIN1_CLKOUT0)
                                                     -7.261    14.543 r  pll_inst/inst/plle2_adv_inst/CLKOUT0
                         net (fo=1, routed)           2.003    16.546    pll_inst/inst/clk_out1_pll
    BUFGCTRL_X0Y1        BUFG (Prop_bufg_I_O)         0.083    16.629 r  pll_inst/inst/clkout1_buf/O
                         net (fo=386, routed)         1.505    18.134    uart_inst/clk_out1
    SLICE_X22Y95         FDCE                                         r  uart_inst/tx_bit_cnt_reg[2]/C
                         clock pessimism             -0.373    17.762    
                         clock uncertainty           -0.094    17.668    
    SLICE_X22Y95         FDCE (Setup_fdce_C_CE)      -0.178    17.490    uart_inst/tx_bit_cnt_reg[2]
  -------------------------------------------------------------------
                         required time                         17.490    
                         arrival time                          -0.549    
  -------------------------------------------------------------------
                         slack                                 16.940    

Slack (MET) :             16.940ns  (required time - arrival time)
  Source:                 uart_inst/tx_cnt_reg[9]/C
                            (rising edge-triggered cell FDCE clocked by clk_out1_pll  {rise@0.000ns fall@10.000ns period=20.000ns})
  Destination:            uart_inst/tx_bit_cnt_reg[3]/CE
                            (rising edge-triggered cell FDCE clocked by clk_out1_pll  {rise@0.000ns fall@10.000ns period=20.000ns})
  Path Group:             clk_out1_pll
  Path Type:              Setup (Max at Slow Process Corner)
  Requirement:            20.000ns  (clk_out1_pll rise@20.000ns - clk_out1_pll rise@0.000ns)
  Data Path Delay:        2.740ns  (logic 0.549ns (20.037%)  route 2.191ns (79.963%))
  Logic Levels:           4  (LUT3=1 LUT6=3)
  Clock Path Skew:        -0.048ns (DCD - SCD + CPR)
    Destination Clock Delay (DCD):    -1.866ns = ( 18.134 - 20.000 ) 
    Source Clock Delay      (SCD):    -2.190ns
    Clock Pessimism Removal (CPR):    -0.373ns
  Clock Uncertainty:      0.094ns  ((TSJ^2 + DJ^2)^1/2) / 2 + PE
    Total System Jitter     (TSJ):    0.071ns
    Discrete Jitter          (DJ):    0.174ns
    Phase Error              (PE):    0.000ns

    Location             Delay type                Incr(ns)  Path(ns)    Netlist Resource(s)
  -------------------------------------------------------------------    -------------------
                         (clock clk_out1_pll rise edge)
                                                      0.000     0.000 r  
    AD12                                              0.000     0.000 r  i_sys_clk_p (IN)
                         net (fo=0)                   0.000     0.000    pll_inst/inst/clk_in1_p
    AD12                 IBUFDS (Prop_ibufds_I_O)     0.906     0.906 r  pll_inst/inst/clkin1_ibufgds/O
                         net (fo=1, routed)           1.098     2.004    pll_inst/inst/clk_in1_pll
    PLLE2_ADV_X1Y1       PLLE2_ADV (Prop_plle2_adv_CLKIN1_CLKOUT0)
                                                     -8.058    -6.054 r  pll_inst/inst/plle2_adv_inst/CLKOUT0
                         net (fo=1, routed)           2.128    -3.926    pll_inst/inst/clk_out1_pll
    BUFGCTRL_X0Y1        BUFG (Prop_bufg_I_O)         0.093    -3.833 r  pll_inst/inst/clkout1_buf/O
                         net (fo=386, routed)         1.643    -2.190    uart_inst/clk_out1
    SLICE_X21Y94         FDCE                                         r  uart_inst/tx_cnt_reg[9]/C
  -------------------------------------------------------------------    -------------------
    SLICE_X21Y94         FDCE (Prop_fdce_C_Q)         0.204    -1.986 f  uart_inst/tx_cnt_reg[9]/Q
                         net (fo=2, routed)           0.565    -1.421    uart_inst/tx_cnt_reg_n_0_[9]
    SLICE_X21Y93         LUT6 (Prop_lut6_I4_O)        0.124    -1.297 r  uart_inst/tx_i_2/O
                         net (fo=2, routed)           0.363    -0.935    uart_inst/tx_i_2_n_0
    SLICE_X21Y93         LUT6 (Prop_lut6_I0_O)        0.043    -0.892 r  uart_inst/tx_cnt[12]_i_3/O
                         net (fo=13, routed)          0.646    -0.246    uart_inst/tx_cnt[12]_i_3_n_0
    SLICE_X22Y95         LUT3 (Prop_lut3_I2_O)        0.046    -0.200 r  uart_inst/tx_shift[8]_i_1/O
                         net (fo=11, routed)          0.397     0.197    uart_inst/tx_shift
    SLICE_X22Y95         LUT6 (Prop_lut6_I0_O)        0.132     0.329 r  uart_inst/tx_bit_cnt[3]_i_1/O
                         net (fo=4, routed)           0.220     0.549    uart_inst/tx_bit_cnt
    SLICE_X22Y95         FDCE                                         r  uart_inst/tx_bit_cnt_reg[3]/CE
  -------------------------------------------------------------------    -------------------

                         (clock clk_out1_pll rise edge)
                                                     20.000    20.000 r  
    AD12                                              0.000    20.000 r  i_sys_clk_p (IN)
                         net (fo=0)                   0.000    20.000    pll_inst/inst/clk_in1_p
    AD12                 IBUFDS (Prop_ibufds_I_O)     0.803    20.803 r  pll_inst/inst/clkin1_ibufgds/O
                         net (fo=1, routed)           1.001    21.804    pll_inst/inst/clk_in1_pll
    PLLE2_ADV_X1Y1       PLLE2_ADV (Prop_plle2_adv_CLKIN1_CLKOUT0)
                                                     -7.261    14.543 r  pll_inst/inst/plle2_adv_inst/CLKOUT0
                         net (fo=1, routed)           2.003    16.546    pll_inst/inst/clk_out1_pll
    BUFGCTRL_X0Y1        BUFG (Prop_bufg_I_O)         0.083    16.629 r  pll_inst/inst/clkout1_buf/O
                         net (fo=386, routed)         1.505    18.134    uart_inst/clk_out1
    SLICE_X22Y95         FDCE                                         r  uart_inst/tx_bit_cnt_reg[3]/C
                         clock pessimism             -0.373    17.762    
                         clock uncertainty           -0.094    17.668    
    SLICE_X22Y95         FDCE (Setup_fdce_C_CE)      -0.178    17.490    uart_inst/tx_bit_cnt_reg[3]
  -------------------------------------------------------------------
                         required time                         17.490    
                         arrival time                          -0.549    
  -------------------------------------------------------------------
                         slack                                 16.940    

Slack (MET) :             17.010ns  (required time - arrival time)
  Source:                 uart_inst/rx_cnt_reg[7]/C
                            (rising edge-triggered cell FDCE clocked by clk_out1_pll  {rise@0.000ns fall@10.000ns period=20.000ns})
  Destination:            uart_inst/rx_data_reg[4]/CE
                            (rising edge-triggered cell FDCE clocked by clk_out1_pll  {rise@0.000ns fall@10.000ns period=20.000ns})
  Path Group:             clk_out1_pll
  Path Type:              Setup (Max at Slow Process Corner)
  Requirement:            20.000ns  (clk_out1_pll rise@20.000ns - clk_out1_pll rise@0.000ns)
  Data Path Delay:        2.672ns  (logic 0.425ns (15.903%)  route 2.247ns (84.097%))
  Logic Levels:           3  (LUT3=1 LUT4=1 LUT6=1)
  Clock Path Skew:        0.048ns (DCD - SCD + CPR)
    Destination Clock Delay (DCD):    -1.866ns = ( 18.134 - 20.000 ) 
    Source Clock Delay      (SCD):    -2.361ns
    Clock Pessimism Removal (CPR):    -0.448ns
  Clock Uncertainty:      0.094ns  ((TSJ^2 + DJ^2)^1/2) / 2 + PE
    Total System Jitter     (TSJ):    0.071ns
    Discrete Jitter          (DJ):    0.174ns
    Phase Error              (PE):    0.000ns

    Location             Delay type                Incr(ns)  Path(ns)    Netlist Resource(s)
  -------------------------------------------------------------------    -------------------
                         (clock clk_out1_pll rise edge)
                                                      0.000     0.000 r  
    AD12                                              0.000     0.000 r  i_sys_clk_p (IN)
                         net (fo=0)                   0.000     0.000    pll_inst/inst/clk_in1_p
    AD12                 IBUFDS (Prop_ibufds_I_O)     0.906     0.906 r  pll_inst/inst/clkin1_ibufgds/O
                         net (fo=1, routed)           1.098     2.004    pll_inst/inst/clk_in1_pll
    PLLE2_ADV_X1Y1       PLLE2_ADV (Prop_plle2_adv_CLKIN1_CLKOUT0)
                                                     -8.058    -6.054 r  pll_inst/inst/plle2_adv_inst/CLKOUT0
                         net (fo=1, routed)           2.128    -3.926    pll_inst/inst/clk_out1_pll
    BUFGCTRL_X0Y1        BUFG (Prop_bufg_I_O)         0.093    -3.833 r  pll_inst/inst/clkout1_buf/O
                         net (fo=386, routed)         1.472    -2.361    uart_inst/clk_out1
    SLICE_X15Y100        FDCE                                         r  uart_inst/rx_cnt_reg[7]/C
  -------------------------------------------------------------------    -------------------
    SLICE_X15Y100        FDCE (Prop_fdce_C_Q)         0.204    -2.157 f  uart_inst/rx_cnt_reg[7]/Q
                         net (fo=2, routed)           0.442    -1.715    uart_inst/rx_cnt_reg_n_0_[7]
    SLICE_X15Y101        LUT4 (Prop_lut4_I1_O)        0.123    -1.592 f  uart_inst/FSM_sequential_rx_state[1]_i_4/O
                         net (fo=1, routed)           0.608    -0.984    uart_inst/FSM_sequential_rx_state[1]_i_4_n_0
    SLICE_X15Y100        LUT6 (Prop_lut6_I0_O)        0.043    -0.941 f  uart_inst/FSM_sequential_rx_state[1]_i_3/O
                         net (fo=17, routed)          0.549    -0.392    uart_inst/FSM_sequential_rx_state[1]_i_3_n_0
    SLICE_X17Y101        LUT3 (Prop_lut3_I0_O)        0.055    -0.337 r  uart_inst/rx_data[7]_i_1/O
                         net (fo=9, routed)           0.648     0.311    uart_inst/rx_data[7]_i_1_n_0
    SLICE_X22Y98         FDCE                                         r  uart_inst/rx_data_reg[4]/CE
  -------------------------------------------------------------------    -------------------

                         (clock clk_out1_pll rise edge)
                                                     20.000    20.000 r  
    AD12                                              0.000    20.000 r  i_sys_clk_p (IN)
                         net (fo=0)                   0.000    20.000    pll_inst/inst/clk_in1_p
    AD12                 IBUFDS (Prop_ibufds_I_O)     0.803    20.803 r  pll_inst/inst/clkin1_ibufgds/O
                         net (fo=1, routed)           1.001    21.804    pll_inst/inst/clk_in1_pll
    PLLE2_ADV_X1Y1       PLLE2_ADV (Prop_plle2_adv_CLKIN1_CLKOUT0)
                                                     -7.261    14.543 r  pll_inst/inst/plle2_adv_inst/CLKOUT0
                         net (fo=1, routed)           2.003    16.546    pll_inst/inst/clk_out1_pll
    BUFGCTRL_X0Y1        BUFG (Prop_bufg_I_O)         0.083    16.629 r  pll_inst/inst/clkout1_buf/O
                         net (fo=386, routed)         1.505    18.134    uart_inst/clk_out1
    SLICE_X22Y98         FDCE                                         r  uart_inst/rx_data_reg[4]/C
                         clock pessimism             -0.448    17.687    
                         clock uncertainty           -0.094    17.593    
    SLICE_X22Y98         FDCE (Setup_fdce_C_CE)      -0.272    17.321    uart_inst/rx_data_reg[4]
  -------------------------------------------------------------------
                         required time                         17.321    
                         arrival time                          -0.311    
  -------------------------------------------------------------------
                         slack                                 17.010    

Slack (MET) :             17.010ns  (required time - arrival time)
  Source:                 uart_inst/rx_cnt_reg[7]/C
                            (rising edge-triggered cell FDCE clocked by clk_out1_pll  {rise@0.000ns fall@10.000ns period=20.000ns})
  Destination:            uart_inst/rx_data_reg[5]/CE
                            (rising edge-triggered cell FDCE clocked by clk_out1_pll  {rise@0.000ns fall@10.000ns period=20.000ns})
  Path Group:             clk_out1_pll
  Path Type:              Setup (Max at Slow Process Corner)
  Requirement:            20.000ns  (clk_out1_pll rise@20.000ns - clk_out1_pll rise@0.000ns)
  Data Path Delay:        2.672ns  (logic 0.425ns (15.903%)  route 2.247ns (84.097%))
  Logic Levels:           3  (LUT3=1 LUT4=1 LUT6=1)
  Clock Path Skew:        0.048ns (DCD - SCD + CPR)
    Destination Clock Delay (DCD):    -1.866ns = ( 18.134 - 20.000 ) 
    Source Clock Delay      (SCD):    -2.361ns
    Clock Pessimism Removal (CPR):    -0.448ns
  Clock Uncertainty:      0.094ns  ((TSJ^2 + DJ^2)^1/2) / 2 + PE
    Total System Jitter     (TSJ):    0.071ns
    Discrete Jitter          (DJ):    0.174ns
    Phase Error              (PE):    0.000ns

    Location             Delay type                Incr(ns)  Path(ns)    Netlist Resource(s)
  -------------------------------------------------------------------    -------------------
                         (clock clk_out1_pll rise edge)
                                                      0.000     0.000 r  
    AD12                                              0.000     0.000 r  i_sys_clk_p (IN)
                         net (fo=0)                   0.000     0.000    pll_inst/inst/clk_in1_p
    AD12                 IBUFDS (Prop_ibufds_I_O)     0.906     0.906 r  pll_inst/inst/clkin1_ibufgds/O
                         net (fo=1, routed)           1.098     2.004    pll_inst/inst/clk_in1_pll
    PLLE2_ADV_X1Y1       PLLE2_ADV (Prop_plle2_adv_CLKIN1_CLKOUT0)
                                                     -8.058    -6.054 r  pll_inst/inst/plle2_adv_inst/CLKOUT0
                         net (fo=1, routed)           2.128    -3.926    pll_inst/inst/clk_out1_pll
    BUFGCTRL_X0Y1        BUFG (Prop_bufg_I_O)         0.093    -3.833 r  pll_inst/inst/clkout1_buf/O
                         net (fo=386, routed)         1.472    -2.361    uart_inst/clk_out1
    SLICE_X15Y100        FDCE                                         r  uart_inst/rx_cnt_reg[7]/C
  -------------------------------------------------------------------    -------------------
    SLICE_X15Y100        FDCE (Prop_fdce_C_Q)         0.204    -2.157 f  uart_inst/rx_cnt_reg[7]/Q
                         net (fo=2, routed)           0.442    -1.715    uart_inst/rx_cnt_reg_n_0_[7]
    SLICE_X15Y101        LUT4 (Prop_lut4_I1_O)        0.123    -1.592 f  uart_inst/FSM_sequential_rx_state[1]_i_4/O
                         net (fo=1, routed)           0.608    -0.984    uart_inst/FSM_sequential_rx_state[1]_i_4_n_0
    SLICE_X15Y100        LUT6 (Prop_lut6_I0_O)        0.043    -0.941 f  uart_inst/FSM_sequential_rx_state[1]_i_3/O
                         net (fo=17, routed)          0.549    -0.392    uart_inst/FSM_sequential_rx_state[1]_i_3_n_0
    SLICE_X17Y101        LUT3 (Prop_lut3_I0_O)        0.055    -0.337 r  uart_inst/rx_data[7]_i_1/O
                         net (fo=9, routed)           0.648     0.311    uart_inst/rx_data[7]_i_1_n_0
    SLICE_X22Y98         FDCE                                         r  uart_inst/rx_data_reg[5]/CE
  -------------------------------------------------------------------    -------------------

                         (clock clk_out1_pll rise edge)
                                                     20.000    20.000 r  
    AD12                                              0.000    20.000 r  i_sys_clk_p (IN)
                         net (fo=0)                   0.000    20.000    pll_inst/inst/clk_in1_p
    AD12                 IBUFDS (Prop_ibufds_I_O)     0.803    20.803 r  pll_inst/inst/clkin1_ibufgds/O
                         net (fo=1, routed)           1.001    21.804    pll_inst/inst/clk_in1_pll
    PLLE2_ADV_X1Y1       PLLE2_ADV (Prop_plle2_adv_CLKIN1_CLKOUT0)
                                                     -7.261    14.543 r  pll_inst/inst/plle2_adv_inst/CLKOUT0
                         net (fo=1, routed)           2.003    16.546    pll_inst/inst/clk_out1_pll
    BUFGCTRL_X0Y1        BUFG (Prop_bufg_I_O)         0.083    16.629 r  pll_inst/inst/clkout1_buf/O
                         net (fo=386, routed)         1.505    18.134    uart_inst/clk_out1
    SLICE_X22Y98         FDCE                                         r  uart_inst/rx_data_reg[5]/C
                         clock pessimism             -0.448    17.687    
                         clock uncertainty           -0.094    17.593    
    SLICE_X22Y98         FDCE (Setup_fdce_C_CE)      -0.272    17.321    uart_inst/rx_data_reg[5]
  -------------------------------------------------------------------
                         required time                         17.321    
                         arrival time                          -0.311    
  -------------------------------------------------------------------
                         slack                                 17.010    

Slack (MET) :             17.010ns  (required time - arrival time)
  Source:                 uart_inst/rx_cnt_reg[7]/C
                            (rising edge-triggered cell FDCE clocked by clk_out1_pll  {rise@0.000ns fall@10.000ns period=20.000ns})
  Destination:            uart_inst/rx_data_reg[6]/CE
                            (rising edge-triggered cell FDCE clocked by clk_out1_pll  {rise@0.000ns fall@10.000ns period=20.000ns})
  Path Group:             clk_out1_pll
  Path Type:              Setup (Max at Slow Process Corner)
  Requirement:            20.000ns  (clk_out1_pll rise@20.000ns - clk_out1_pll rise@0.000ns)
  Data Path Delay:        2.672ns  (logic 0.425ns (15.903%)  route 2.247ns (84.097%))
  Logic Levels:           3  (LUT3=1 LUT4=1 LUT6=1)
  Clock Path Skew:        0.048ns (DCD - SCD + CPR)
    Destination Clock Delay (DCD):    -1.866ns = ( 18.134 - 20.000 ) 
    Source Clock Delay      (SCD):    -2.361ns
    Clock Pessimism Removal (CPR):    -0.448ns
  Clock Uncertainty:      0.094ns  ((TSJ^2 + DJ^2)^1/2) / 2 + PE
    Total System Jitter     (TSJ):    0.071ns
    Discrete Jitter          (DJ):    0.174ns
    Phase Error              (PE):    0.000ns

    Location             Delay type                Incr(ns)  Path(ns)    Netlist Resource(s)
  -------------------------------------------------------------------    -------------------
                         (clock clk_out1_pll rise edge)
                                                      0.000     0.000 r  
    AD12                                              0.000     0.000 r  i_sys_clk_p (IN)
                         net (fo=0)                   0.000     0.000    pll_inst/inst/clk_in1_p
    AD12                 IBUFDS (Prop_ibufds_I_O)     0.906     0.906 r  pll_inst/inst/clkin1_ibufgds/O
                         net (fo=1, routed)           1.098     2.004    pll_inst/inst/clk_in1_pll
    PLLE2_ADV_X1Y1       PLLE2_ADV (Prop_plle2_adv_CLKIN1_CLKOUT0)
                                                     -8.058    -6.054 r  pll_inst/inst/plle2_adv_inst/CLKOUT0
                         net (fo=1, routed)           2.128    -3.926    pll_inst/inst/clk_out1_pll
    BUFGCTRL_X0Y1        BUFG (Prop_bufg_I_O)         0.093    -3.833 r  pll_inst/inst/clkout1_buf/O
                         net (fo=386, routed)         1.472    -2.361    uart_inst/clk_out1
    SLICE_X15Y100        FDCE                                         r  uart_inst/rx_cnt_reg[7]/C
  -------------------------------------------------------------------    -------------------
    SLICE_X15Y100        FDCE (Prop_fdce_C_Q)         0.204    -2.157 f  uart_inst/rx_cnt_reg[7]/Q
                         net (fo=2, routed)           0.442    -1.715    uart_inst/rx_cnt_reg_n_0_[7]
    SLICE_X15Y101        LUT4 (Prop_lut4_I1_O)        0.123    -1.592 f  uart_inst/FSM_sequential_rx_state[1]_i_4/O
                         net (fo=1, routed)           0.608    -0.984    uart_inst/FSM_sequential_rx_state[1]_i_4_n_0
    SLICE_X15Y100        LUT6 (Prop_lut6_I0_O)        0.043    -0.941 f  uart_inst/FSM_sequential_rx_state[1]_i_3/O
                         net (fo=17, routed)          0.549    -0.392    uart_inst/FSM_sequential_rx_state[1]_i_3_n_0
    SLICE_X17Y101        LUT3 (Prop_lut3_I0_O)        0.055    -0.337 r  uart_inst/rx_data[7]_i_1/O
                         net (fo=9, routed)           0.648     0.311    uart_inst/rx_data[7]_i_1_n_0
    SLICE_X22Y98         FDCE                                         r  uart_inst/rx_data_reg[6]/CE
  -------------------------------------------------------------------    -------------------

                         (clock clk_out1_pll rise edge)
                                                     20.000    20.000 r  
    AD12                                              0.000    20.000 r  i_sys_clk_p (IN)
                         net (fo=0)                   0.000    20.000    pll_inst/inst/clk_in1_p
    AD12                 IBUFDS (Prop_ibufds_I_O)     0.803    20.803 r  pll_inst/inst/clkin1_ibufgds/O
                         net (fo=1, routed)           1.001    21.804    pll_inst/inst/clk_in1_pll
    PLLE2_ADV_X1Y1       PLLE2_ADV (Prop_plle2_adv_CLKIN1_CLKOUT0)
                                                     -7.261    14.543 r  pll_inst/inst/plle2_adv_inst/CLKOUT0
                         net (fo=1, routed)           2.003    16.546    pll_inst/inst/clk_out1_pll
    BUFGCTRL_X0Y1        BUFG (Prop_bufg_I_O)         0.083    16.629 r  pll_inst/inst/clkout1_buf/O
                         net (fo=386, routed)         1.505    18.134    uart_inst/clk_out1
    SLICE_X22Y98         FDCE                                         r  uart_inst/rx_data_reg[6]/C
                         clock pessimism             -0.448    17.687    
                         clock uncertainty           -0.094    17.593    
    SLICE_X22Y98         FDCE (Setup_fdce_C_CE)      -0.272    17.321    uart_inst/rx_data_reg[6]
  -------------------------------------------------------------------
                         required time                         17.321    
                         arrival time                          -0.311    
  -------------------------------------------------------------------
                         slack                                 17.010    

Slack (MET) :             17.010ns  (required time - arrival time)
  Source:                 uart_inst/rx_cnt_reg[7]/C
                            (rising edge-triggered cell FDCE clocked by clk_out1_pll  {rise@0.000ns fall@10.000ns period=20.000ns})
  Destination:            uart_inst/rx_data_reg[7]/CE
                            (rising edge-triggered cell FDCE clocked by clk_out1_pll  {rise@0.000ns fall@10.000ns period=20.000ns})
  Path Group:             clk_out1_pll
  Path Type:              Setup (Max at Slow Process Corner)
  Requirement:            20.000ns  (clk_out1_pll rise@20.000ns - clk_out1_pll rise@0.000ns)
  Data Path Delay:        2.672ns  (logic 0.425ns (15.903%)  route 2.247ns (84.097%))
  Logic Levels:           3  (LUT3=1 LUT4=1 LUT6=1)
  Clock Path Skew:        0.048ns (DCD - SCD + CPR)
    Destination Clock Delay (DCD):    -1.866ns = ( 18.134 - 20.000 ) 
    Source Clock Delay      (SCD):    -2.361ns
    Clock Pessimism Removal (CPR):    -0.448ns
  Clock Uncertainty:      0.094ns  ((TSJ^2 + DJ^2)^1/2) / 2 + PE
    Total System Jitter     (TSJ):    0.071ns
    Discrete Jitter          (DJ):    0.174ns
    Phase Error              (PE):    0.000ns

    Location             Delay type                Incr(ns)  Path(ns)    Netlist Resource(s)
  -------------------------------------------------------------------    -------------------
                         (clock clk_out1_pll rise edge)
                                                      0.000     0.000 r  
    AD12                                              0.000     0.000 r  i_sys_clk_p (IN)
                         net (fo=0)                   0.000     0.000    pll_inst/inst/clk_in1_p
    AD12                 IBUFDS (Prop_ibufds_I_O)     0.906     0.906 r  pll_inst/inst/clkin1_ibufgds/O
                         net (fo=1, routed)           1.098     2.004    pll_inst/inst/clk_in1_pll
    PLLE2_ADV_X1Y1       PLLE2_ADV (Prop_plle2_adv_CLKIN1_CLKOUT0)
                                                     -8.058    -6.054 r  pll_inst/inst/plle2_adv_inst/CLKOUT0
                         net (fo=1, routed)           2.128    -3.926    pll_inst/inst/clk_out1_pll
    BUFGCTRL_X0Y1        BUFG (Prop_bufg_I_O)         0.093    -3.833 r  pll_inst/inst/clkout1_buf/O
                         net (fo=386, routed)         1.472    -2.361    uart_inst/clk_out1
    SLICE_X15Y100        FDCE                                         r  uart_inst/rx_cnt_reg[7]/C
  -------------------------------------------------------------------    -------------------
    SLICE_X15Y100        FDCE (Prop_fdce_C_Q)         0.204    -2.157 f  uart_inst/rx_cnt_reg[7]/Q
                         net (fo=2, routed)           0.442    -1.715    uart_inst/rx_cnt_reg_n_0_[7]
    SLICE_X15Y101        LUT4 (Prop_lut4_I1_O)        0.123    -1.592 f  uart_inst/FSM_sequential_rx_state[1]_i_4/O
                         net (fo=1, routed)           0.608    -0.984    uart_inst/FSM_sequential_rx_state[1]_i_4_n_0
    SLICE_X15Y100        LUT6 (Prop_lut6_I0_O)        0.043    -0.941 f  uart_inst/FSM_sequential_rx_state[1]_i_3/O
                         net (fo=17, routed)          0.549    -0.392    uart_inst/FSM_sequential_rx_state[1]_i_3_n_0
    SLICE_X17Y101        LUT3 (Prop_lut3_I0_O)        0.055    -0.337 r  uart_inst/rx_data[7]_i_1/O
                         net (fo=9, routed)           0.648     0.311    uart_inst/rx_data[7]_i_1_n_0
    SLICE_X22Y98         FDCE                                         r  uart_inst/rx_data_reg[7]/CE
  -------------------------------------------------------------------    -------------------

                         (clock clk_out1_pll rise edge)
                                                     20.000    20.000 r  
    AD12                                              0.000    20.000 r  i_sys_clk_p (IN)
                         net (fo=0)                   0.000    20.000    pll_inst/inst/clk_in1_p
    AD12                 IBUFDS (Prop_ibufds_I_O)     0.803    20.803 r  pll_inst/inst/clkin1_ibufgds/O
                         net (fo=1, routed)           1.001    21.804    pll_inst/inst/clk_in1_pll
    PLLE2_ADV_X1Y1       PLLE2_ADV (Prop_plle2_adv_CLKIN1_CLKOUT0)
                                                     -7.261    14.543 r  pll_inst/inst/plle2_adv_inst/CLKOUT0
                         net (fo=1, routed)           2.003    16.546    pll_inst/inst/clk_out1_pll
    BUFGCTRL_X0Y1        BUFG (Prop_bufg_I_O)         0.083    16.629 r  pll_inst/inst/clkout1_buf/O
                         net (fo=386, routed)         1.505    18.134    uart_inst/clk_out1
    SLICE_X22Y98         FDCE                                         r  uart_inst/rx_data_reg[7]/C
                         clock pessimism             -0.448    17.687    
                         clock uncertainty           -0.094    17.593    
    SLICE_X22Y98         FDCE (Setup_fdce_C_CE)      -0.272    17.321    uart_inst/rx_data_reg[7]
  -------------------------------------------------------------------
                         required time                         17.321    
                         arrival time                          -0.311    
  -------------------------------------------------------------------
                         slack                                 17.010    

Slack (MET) :             17.112ns  (required time - arrival time)
  Source:                 uart_inst/rx_data_reg[2]/C
                            (rising edge-triggered cell FDCE clocked by clk_out1_pll  {rise@0.000ns fall@10.000ns period=20.000ns})
  Destination:            twin_controller_inst/sw_reg[9]/D
                            (rising edge-triggered cell FDCE clocked by clk_out1_pll  {rise@0.000ns fall@10.000ns period=20.000ns})
  Path Group:             clk_out1_pll
  Path Type:              Setup (Max at Slow Process Corner)
  Requirement:            20.000ns  (clk_out1_pll rise@20.000ns - clk_out1_pll rise@0.000ns)
  Data Path Delay:        2.774ns  (logic 0.597ns (21.521%)  route 2.177ns (78.479%))
  Logic Levels:           4  (LUT3=1 LUT4=2 LUT6=1)
  Clock Path Skew:        -0.054ns (DCD - SCD + CPR)
    Destination Clock Delay (DCD):    -1.873ns = ( 18.127 - 20.000 ) 
    Source Clock Delay      (SCD):    -2.191ns
    Clock Pessimism Removal (CPR):    -0.373ns
  Clock Uncertainty:      0.094ns  ((TSJ^2 + DJ^2)^1/2) / 2 + PE
    Total System Jitter     (TSJ):    0.071ns
    Discrete Jitter          (DJ):    0.174ns
    Phase Error              (PE):    0.000ns

    Location             Delay type                Incr(ns)  Path(ns)    Netlist Resource(s)
  -------------------------------------------------------------------    -------------------
                         (clock clk_out1_pll rise edge)
                                                      0.000     0.000 r  
    AD12                                              0.000     0.000 r  i_sys_clk_p (IN)
                         net (fo=0)                   0.000     0.000    pll_inst/inst/clk_in1_p
    AD12                 IBUFDS (Prop_ibufds_I_O)     0.906     0.906 r  pll_inst/inst/clkin1_ibufgds/O
                         net (fo=1, routed)           1.098     2.004    pll_inst/inst/clk_in1_pll
    PLLE2_ADV_X1Y1       PLLE2_ADV (Prop_plle2_adv_CLKIN1_CLKOUT0)
                                                     -8.058    -6.054 r  pll_inst/inst/plle2_adv_inst/CLKOUT0
                         net (fo=1, routed)           2.128    -3.926    pll_inst/inst/clk_out1_pll
    BUFGCTRL_X0Y1        BUFG (Prop_bufg_I_O)         0.093    -3.833 r  pll_inst/inst/clkout1_buf/O
                         net (fo=386, routed)         1.642    -2.191    uart_inst/clk_out1
    SLICE_X23Y98         FDCE                                         r  uart_inst/rx_data_reg[2]/C
  -------------------------------------------------------------------    -------------------
    SLICE_X23Y98         FDCE (Prop_fdce_C_Q)         0.223    -1.968 f  uart_inst/rx_data_reg[2]/Q
                         net (fo=17, routed)          0.582    -1.386    uart_inst/rx_data[2]
    SLICE_X25Y97         LUT3 (Prop_lut3_I0_O)        0.051    -1.335 r  uart_inst/sw[63]_i_4/O
                         net (fo=3, routed)           0.477    -0.858    uart_inst/sw[63]_i_4_n_0
    SLICE_X25Y97         LUT6 (Prop_lut6_I2_O)        0.136    -0.722 f  uart_inst/sw[62]_i_3/O
                         net (fo=4, routed)           0.453    -0.269    uart_inst/sw[62]_i_3_n_0
    SLICE_X25Y95         LUT4 (Prop_lut4_I2_O)        0.051    -0.218 r  uart_inst/sw[57]_i_2/O
                         net (fo=8, routed)           0.665     0.447    twin_controller_inst/sw_reg[57]_0
    SLICE_X34Y93         LUT4 (Prop_lut4_I1_O)        0.136     0.583 r  twin_controller_inst/sw[9]_i_1/O
                         net (fo=1, routed)           0.000     0.583    twin_controller_inst/sw[9]_i_1_n_0
    SLICE_X34Y93         FDCE                                         r  twin_controller_inst/sw_reg[9]/D
  -------------------------------------------------------------------    -------------------

                         (clock clk_out1_pll rise edge)
                                                     20.000    20.000 r  
    AD12                                              0.000    20.000 r  i_sys_clk_p (IN)
                         net (fo=0)                   0.000    20.000    pll_inst/inst/clk_in1_p
    AD12                 IBUFDS (Prop_ibufds_I_O)     0.803    20.803 r  pll_inst/inst/clkin1_ibufgds/O
                         net (fo=1, routed)           1.001    21.804    pll_inst/inst/clk_in1_pll
    PLLE2_ADV_X1Y1       PLLE2_ADV (Prop_plle2_adv_CLKIN1_CLKOUT0)
                                                     -7.261    14.543 r  pll_inst/inst/plle2_adv_inst/CLKOUT0
                         net (fo=1, routed)           2.003    16.546    pll_inst/inst/clk_out1_pll
    BUFGCTRL_X0Y1        BUFG (Prop_bufg_I_O)         0.083    16.629 r  pll_inst/inst/clkout1_buf/O
                         net (fo=386, routed)         1.498    18.127    twin_controller_inst/clk_out1
    SLICE_X34Y93         FDCE                                         r  twin_controller_inst/sw_reg[9]/C
                         clock pessimism             -0.373    17.755    
                         clock uncertainty           -0.094    17.661    
    SLICE_X34Y93         FDCE (Setup_fdce_C_D)        0.034    17.695    twin_controller_inst/sw_reg[9]
  -------------------------------------------------------------------
                         required time                         17.695    
                         arrival time                          -0.583    
  -------------------------------------------------------------------
                         slack                                 17.112    

Slack (MET) :             17.135ns  (required time - arrival time)
  Source:                 student_top_inst/bridge_inst/counter_inst/cnt_1ms_reg[1]/C
                            (rising edge-triggered cell FDRE clocked by clk_out1_pll  {rise@0.000ns fall@10.000ns period=20.000ns})
  Destination:            student_top_inst/bridge_inst/counter_inst/cnt_1ms_reg[12]/R
                            (rising edge-triggered cell FDRE clocked by clk_out1_pll  {rise@0.000ns fall@10.000ns period=20.000ns})
  Path Group:             clk_out1_pll
  Path Type:              Setup (Max at Slow Process Corner)
  Requirement:            20.000ns  (clk_out1_pll rise@20.000ns - clk_out1_pll rise@0.000ns)
  Data Path Delay:        2.349ns  (logic 0.401ns (17.073%)  route 1.948ns (82.927%))
  Logic Levels:           4  (LUT3=1 LUT4=1 LUT5=1 LUT6=1)
  Clock Path Skew:        -0.025ns (DCD - SCD + CPR)
    Destination Clock Delay (DCD):    -1.872ns = ( 18.128 - 20.000 ) 
    Source Clock Delay      (SCD):    -2.198ns
    Clock Pessimism Removal (CPR):    -0.352ns
  Clock Uncertainty:      0.094ns  ((TSJ^2 + DJ^2)^1/2) / 2 + PE
    Total System Jitter     (TSJ):    0.071ns
    Discrete Jitter          (DJ):    0.174ns
    Phase Error              (PE):    0.000ns

    Location             Delay type                Incr(ns)  Path(ns)    Netlist Resource(s)
  -------------------------------------------------------------------    -------------------
                         (clock clk_out1_pll rise edge)
                                                      0.000     0.000 r  
    AD12                                              0.000     0.000 r  i_sys_clk_p (IN)
                         net (fo=0)                   0.000     0.000    pll_inst/inst/clk_in1_p
    AD12                 IBUFDS (Prop_ibufds_I_O)     0.906     0.906 r  pll_inst/inst/clkin1_ibufgds/O
                         net (fo=1, routed)           1.098     2.004    pll_inst/inst/clk_in1_pll
    PLLE2_ADV_X1Y1       PLLE2_ADV (Prop_plle2_adv_CLKIN1_CLKOUT0)
                                                     -8.058    -6.054 r  pll_inst/inst/plle2_adv_inst/CLKOUT0
                         net (fo=1, routed)           2.128    -3.926    pll_inst/inst/clk_out1_pll
    BUFGCTRL_X0Y1        BUFG (Prop_bufg_I_O)         0.093    -3.833 r  pll_inst/inst/clkout1_buf/O
                         net (fo=386, routed)         1.635    -2.198    student_top_inst/bridge_inst/counter_inst/clk_out1
    SLICE_X35Y96         FDRE                                         r  student_top_inst/bridge_inst/counter_inst/cnt_1ms_reg[1]/C
  -------------------------------------------------------------------    -------------------
    SLICE_X35Y96         FDRE (Prop_fdre_C_Q)         0.223    -1.975 r  student_top_inst/bridge_inst/counter_inst/cnt_1ms_reg[1]/Q
                         net (fo=2, routed)           0.454    -1.522    student_top_inst/bridge_inst/counter_inst/cnt_1ms_reg[1]
    SLICE_X34Y98         LUT4 (Prop_lut4_I1_O)        0.043    -1.479 f  student_top_inst/bridge_inst/counter_inst/cnt_1ms[0]_i_7/O
                         net (fo=1, routed)           0.434    -1.045    student_top_inst/bridge_inst/counter_inst/cnt_1ms[0]_i_7_n_0
    SLICE_X34Y97         LUT5 (Prop_lut5_I4_O)        0.043    -1.002 f  student_top_inst/bridge_inst/counter_inst/cnt_1ms[0]_i_6/O
                         net (fo=1, routed)           0.239    -0.763    student_top_inst/bridge_inst/counter_inst/cnt_1ms[0]_i_6_n_0
    SLICE_X34Y97         LUT6 (Prop_lut6_I5_O)        0.043    -0.720 r  student_top_inst/bridge_inst/counter_inst/cnt_1ms[0]_i_3/O
                         net (fo=2, routed)           0.331    -0.389    student_top_inst/bridge_inst/counter_inst/cnt_1ms[0]_i_3_n_0
    SLICE_X36Y96         LUT3 (Prop_lut3_I2_O)        0.049    -0.340 r  student_top_inst/bridge_inst/counter_inst/cnt_1ms[0]_i_1/O
                         net (fo=16, routed)          0.490     0.150    student_top_inst/bridge_inst/counter_inst/cnt_1ms[0]_i_1_n_0
    SLICE_X35Y99         FDRE                                         r  student_top_inst/bridge_inst/counter_inst/cnt_1ms_reg[12]/R
  -------------------------------------------------------------------    -------------------

                         (clock clk_out1_pll rise edge)
                                                     20.000    20.000 r  
    AD12                                              0.000    20.000 r  i_sys_clk_p (IN)
                         net (fo=0)                   0.000    20.000    pll_inst/inst/clk_in1_p
    AD12                 IBUFDS (Prop_ibufds_I_O)     0.803    20.803 r  pll_inst/inst/clkin1_ibufgds/O
                         net (fo=1, routed)           1.001    21.804    pll_inst/inst/clk_in1_pll
    PLLE2_ADV_X1Y1       PLLE2_ADV (Prop_plle2_adv_CLKIN1_CLKOUT0)
                                                     -7.261    14.543 r  pll_inst/inst/plle2_adv_inst/CLKOUT0
                         net (fo=1, routed)           2.003    16.546    pll_inst/inst/clk_out1_pll
    BUFGCTRL_X0Y1        BUFG (Prop_bufg_I_O)         0.083    16.629 r  pll_inst/inst/clkout1_buf/O
                         net (fo=386, routed)         1.499    18.128    student_top_inst/bridge_inst/counter_inst/clk_out1
    SLICE_X35Y99         FDRE                                         r  student_top_inst/bridge_inst/counter_inst/cnt_1ms_reg[12]/C
                         clock pessimism             -0.352    17.777    
                         clock uncertainty           -0.094    17.683    
    SLICE_X35Y99         FDRE (Setup_fdre_C_R)       -0.397    17.286    student_top_inst/bridge_inst/counter_inst/cnt_1ms_reg[12]
  -------------------------------------------------------------------
                         required time                         17.286    
                         arrival time                          -0.150    
  -------------------------------------------------------------------
                         slack                                 17.135    

Slack (MET) :             17.135ns  (required time - arrival time)
  Source:                 student_top_inst/bridge_inst/counter_inst/cnt_1ms_reg[1]/C
                            (rising edge-triggered cell FDRE clocked by clk_out1_pll  {rise@0.000ns fall@10.000ns period=20.000ns})
  Destination:            student_top_inst/bridge_inst/counter_inst/cnt_1ms_reg[13]/R
                            (rising edge-triggered cell FDRE clocked by clk_out1_pll  {rise@0.000ns fall@10.000ns period=20.000ns})
  Path Group:             clk_out1_pll
  Path Type:              Setup (Max at Slow Process Corner)
  Requirement:            20.000ns  (clk_out1_pll rise@20.000ns - clk_out1_pll rise@0.000ns)
  Data Path Delay:        2.349ns  (logic 0.401ns (17.073%)  route 1.948ns (82.927%))
  Logic Levels:           4  (LUT3=1 LUT4=1 LUT5=1 LUT6=1)
  Clock Path Skew:        -0.025ns (DCD - SCD + CPR)
    Destination Clock Delay (DCD):    -1.872ns = ( 18.128 - 20.000 ) 
    Source Clock Delay      (SCD):    -2.198ns
    Clock Pessimism Removal (CPR):    -0.352ns
  Clock Uncertainty:      0.094ns  ((TSJ^2 + DJ^2)^1/2) / 2 + PE
    Total System Jitter     (TSJ):    0.071ns
    Discrete Jitter          (DJ):    0.174ns
    Phase Error              (PE):    0.000ns

    Location             Delay type                Incr(ns)  Path(ns)    Netlist Resource(s)
  -------------------------------------------------------------------    -------------------
                         (clock clk_out1_pll rise edge)
                                                      0.000     0.000 r  
    AD12                                              0.000     0.000 r  i_sys_clk_p (IN)
                         net (fo=0)                   0.000     0.000    pll_inst/inst/clk_in1_p
    AD12                 IBUFDS (Prop_ibufds_I_O)     0.906     0.906 r  pll_inst/inst/clkin1_ibufgds/O
                         net (fo=1, routed)           1.098     2.004    pll_inst/inst/clk_in1_pll
    PLLE2_ADV_X1Y1       PLLE2_ADV (Prop_plle2_adv_CLKIN1_CLKOUT0)
                                                     -8.058    -6.054 r  pll_inst/inst/plle2_adv_inst/CLKOUT0
                         net (fo=1, routed)           2.128    -3.926    pll_inst/inst/clk_out1_pll
    BUFGCTRL_X0Y1        BUFG (Prop_bufg_I_O)         0.093    -3.833 r  pll_inst/inst/clkout1_buf/O
                         net (fo=386, routed)         1.635    -2.198    student_top_inst/bridge_inst/counter_inst/clk_out1
    SLICE_X35Y96         FDRE                                         r  student_top_inst/bridge_inst/counter_inst/cnt_1ms_reg[1]/C
  -------------------------------------------------------------------    -------------------
    SLICE_X35Y96         FDRE (Prop_fdre_C_Q)         0.223    -1.975 r  student_top_inst/bridge_inst/counter_inst/cnt_1ms_reg[1]/Q
                         net (fo=2, routed)           0.454    -1.522    student_top_inst/bridge_inst/counter_inst/cnt_1ms_reg[1]
    SLICE_X34Y98         LUT4 (Prop_lut4_I1_O)        0.043    -1.479 f  student_top_inst/bridge_inst/counter_inst/cnt_1ms[0]_i_7/O
                         net (fo=1, routed)           0.434    -1.045    student_top_inst/bridge_inst/counter_inst/cnt_1ms[0]_i_7_n_0
    SLICE_X34Y97         LUT5 (Prop_lut5_I4_O)        0.043    -1.002 f  student_top_inst/bridge_inst/counter_inst/cnt_1ms[0]_i_6/O
                         net (fo=1, routed)           0.239    -0.763    student_top_inst/bridge_inst/counter_inst/cnt_1ms[0]_i_6_n_0
    SLICE_X34Y97         LUT6 (Prop_lut6_I5_O)        0.043    -0.720 r  student_top_inst/bridge_inst/counter_inst/cnt_1ms[0]_i_3/O
                         net (fo=2, routed)           0.331    -0.389    student_top_inst/bridge_inst/counter_inst/cnt_1ms[0]_i_3_n_0
    SLICE_X36Y96         LUT3 (Prop_lut3_I2_O)        0.049    -0.340 r  student_top_inst/bridge_inst/counter_inst/cnt_1ms[0]_i_1/O
                         net (fo=16, routed)          0.490     0.150    student_top_inst/bridge_inst/counter_inst/cnt_1ms[0]_i_1_n_0
    SLICE_X35Y99         FDRE                                         r  student_top_inst/bridge_inst/counter_inst/cnt_1ms_reg[13]/R
  -------------------------------------------------------------------    -------------------

                         (clock clk_out1_pll rise edge)
                                                     20.000    20.000 r  
    AD12                                              0.000    20.000 r  i_sys_clk_p (IN)
                         net (fo=0)                   0.000    20.000    pll_inst/inst/clk_in1_p
    AD12                 IBUFDS (Prop_ibufds_I_O)     0.803    20.803 r  pll_inst/inst/clkin1_ibufgds/O
                         net (fo=1, routed)           1.001    21.804    pll_inst/inst/clk_in1_pll
    PLLE2_ADV_X1Y1       PLLE2_ADV (Prop_plle2_adv_CLKIN1_CLKOUT0)
                                                     -7.261    14.543 r  pll_inst/inst/plle2_adv_inst/CLKOUT0
                         net (fo=1, routed)           2.003    16.546    pll_inst/inst/clk_out1_pll
    BUFGCTRL_X0Y1        BUFG (Prop_bufg_I_O)         0.083    16.629 r  pll_inst/inst/clkout1_buf/O
                         net (fo=386, routed)         1.499    18.128    student_top_inst/bridge_inst/counter_inst/clk_out1
    SLICE_X35Y99         FDRE                                         r  student_top_inst/bridge_inst/counter_inst/cnt_1ms_reg[13]/C
                         clock pessimism             -0.352    17.777    
                         clock uncertainty           -0.094    17.683    
    SLICE_X35Y99         FDRE (Setup_fdre_C_R)       -0.397    17.286    student_top_inst/bridge_inst/counter_inst/cnt_1ms_reg[13]
  -------------------------------------------------------------------
                         required time                         17.286    
                         arrival time                          -0.150    
  -------------------------------------------------------------------
                         slack                                 17.135    

Slack (MET) :             17.135ns  (required time - arrival time)
  Source:                 student_top_inst/bridge_inst/counter_inst/cnt_1ms_reg[1]/C
                            (rising edge-triggered cell FDRE clocked by clk_out1_pll  {rise@0.000ns fall@10.000ns period=20.000ns})
  Destination:            student_top_inst/bridge_inst/counter_inst/cnt_1ms_reg[14]/R
                            (rising edge-triggered cell FDRE clocked by clk_out1_pll  {rise@0.000ns fall@10.000ns period=20.000ns})
  Path Group:             clk_out1_pll
  Path Type:              Setup (Max at Slow Process Corner)
  Requirement:            20.000ns  (clk_out1_pll rise@20.000ns - clk_out1_pll rise@0.000ns)
  Data Path Delay:        2.349ns  (logic 0.401ns (17.073%)  route 1.948ns (82.927%))
  Logic Levels:           4  (LUT3=1 LUT4=1 LUT5=1 LUT6=1)
  Clock Path Skew:        -0.025ns (DCD - SCD + CPR)
    Destination Clock Delay (DCD):    -1.872ns = ( 18.128 - 20.000 ) 
    Source Clock Delay      (SCD):    -2.198ns
    Clock Pessimism Removal (CPR):    -0.352ns
  Clock Uncertainty:      0.094ns  ((TSJ^2 + DJ^2)^1/2) / 2 + PE
    Total System Jitter     (TSJ):    0.071ns
    Discrete Jitter          (DJ):    0.174ns
    Phase Error              (PE):    0.000ns

    Location             Delay type                Incr(ns)  Path(ns)    Netlist Resource(s)
  -------------------------------------------------------------------    -------------------
                         (clock clk_out1_pll rise edge)
                                                      0.000     0.000 r  
    AD12                                              0.000     0.000 r  i_sys_clk_p (IN)
                         net (fo=0)                   0.000     0.000    pll_inst/inst/clk_in1_p
    AD12                 IBUFDS (Prop_ibufds_I_O)     0.906     0.906 r  pll_inst/inst/clkin1_ibufgds/O
                         net (fo=1, routed)           1.098     2.004    pll_inst/inst/clk_in1_pll
    PLLE2_ADV_X1Y1       PLLE2_ADV (Prop_plle2_adv_CLKIN1_CLKOUT0)
                                                     -8.058    -6.054 r  pll_inst/inst/plle2_adv_inst/CLKOUT0
                         net (fo=1, routed)           2.128    -3.926    pll_inst/inst/clk_out1_pll
    BUFGCTRL_X0Y1        BUFG (Prop_bufg_I_O)         0.093    -3.833 r  pll_inst/inst/clkout1_buf/O
                         net (fo=386, routed)         1.635    -2.198    student_top_inst/bridge_inst/counter_inst/clk_out1
    SLICE_X35Y96         FDRE                                         r  student_top_inst/bridge_inst/counter_inst/cnt_1ms_reg[1]/C
  -------------------------------------------------------------------    -------------------
    SLICE_X35Y96         FDRE (Prop_fdre_C_Q)         0.223    -1.975 r  student_top_inst/bridge_inst/counter_inst/cnt_1ms_reg[1]/Q
                         net (fo=2, routed)           0.454    -1.522    student_top_inst/bridge_inst/counter_inst/cnt_1ms_reg[1]
    SLICE_X34Y98         LUT4 (Prop_lut4_I1_O)        0.043    -1.479 f  student_top_inst/bridge_inst/counter_inst/cnt_1ms[0]_i_7/O
                         net (fo=1, routed)           0.434    -1.045    student_top_inst/bridge_inst/counter_inst/cnt_1ms[0]_i_7_n_0
    SLICE_X34Y97         LUT5 (Prop_lut5_I4_O)        0.043    -1.002 f  student_top_inst/bridge_inst/counter_inst/cnt_1ms[0]_i_6/O
                         net (fo=1, routed)           0.239    -0.763    student_top_inst/bridge_inst/counter_inst/cnt_1ms[0]_i_6_n_0
    SLICE_X34Y97         LUT6 (Prop_lut6_I5_O)        0.043    -0.720 r  student_top_inst/bridge_inst/counter_inst/cnt_1ms[0]_i_3/O
                         net (fo=2, routed)           0.331    -0.389    student_top_inst/bridge_inst/counter_inst/cnt_1ms[0]_i_3_n_0
    SLICE_X36Y96         LUT3 (Prop_lut3_I2_O)        0.049    -0.340 r  student_top_inst/bridge_inst/counter_inst/cnt_1ms[0]_i_1/O
                         net (fo=16, routed)          0.490     0.150    student_top_inst/bridge_inst/counter_inst/cnt_1ms[0]_i_1_n_0
    SLICE_X35Y99         FDRE                                         r  student_top_inst/bridge_inst/counter_inst/cnt_1ms_reg[14]/R
  -------------------------------------------------------------------    -------------------

                         (clock clk_out1_pll rise edge)
                                                     20.000    20.000 r  
    AD12                                              0.000    20.000 r  i_sys_clk_p (IN)
                         net (fo=0)                   0.000    20.000    pll_inst/inst/clk_in1_p
    AD12                 IBUFDS (Prop_ibufds_I_O)     0.803    20.803 r  pll_inst/inst/clkin1_ibufgds/O
                         net (fo=1, routed)           1.001    21.804    pll_inst/inst/clk_in1_pll
    PLLE2_ADV_X1Y1       PLLE2_ADV (Prop_plle2_adv_CLKIN1_CLKOUT0)
                                                     -7.261    14.543 r  pll_inst/inst/plle2_adv_inst/CLKOUT0
                         net (fo=1, routed)           2.003    16.546    pll_inst/inst/clk_out1_pll
    BUFGCTRL_X0Y1        BUFG (Prop_bufg_I_O)         0.083    16.629 r  pll_inst/inst/clkout1_buf/O
                         net (fo=386, routed)         1.499    18.128    student_top_inst/bridge_inst/counter_inst/clk_out1
    SLICE_X35Y99         FDRE                                         r  student_top_inst/bridge_inst/counter_inst/cnt_1ms_reg[14]/C
                         clock pessimism             -0.352    17.777    
                         clock uncertainty           -0.094    17.683    
    SLICE_X35Y99         FDRE (Setup_fdre_C_R)       -0.397    17.286    student_top_inst/bridge_inst/counter_inst/cnt_1ms_reg[14]
  -------------------------------------------------------------------
                         required time                         17.286    
                         arrival time                          -0.150    
  -------------------------------------------------------------------
                         slack                                 17.135    

Slack (MET) :             17.135ns  (required time - arrival time)
  Source:                 student_top_inst/bridge_inst/counter_inst/cnt_1ms_reg[1]/C
                            (rising edge-triggered cell FDRE clocked by clk_out1_pll  {rise@0.000ns fall@10.000ns period=20.000ns})
  Destination:            student_top_inst/bridge_inst/counter_inst/cnt_1ms_reg[15]/R
                            (rising edge-triggered cell FDRE clocked by clk_out1_pll  {rise@0.000ns fall@10.000ns period=20.000ns})
  Path Group:             clk_out1_pll
  Path Type:              Setup (Max at Slow Process Corner)
  Requirement:            20.000ns  (clk_out1_pll rise@20.000ns - clk_out1_pll rise@0.000ns)
  Data Path Delay:        2.349ns  (logic 0.401ns (17.073%)  route 1.948ns (82.927%))
  Logic Levels:           4  (LUT3=1 LUT4=1 LUT5=1 LUT6=1)
  Clock Path Skew:        -0.025ns (DCD - SCD + CPR)
    Destination Clock Delay (DCD):    -1.872ns = ( 18.128 - 20.000 ) 
    Source Clock Delay      (SCD):    -2.198ns
    Clock Pessimism Removal (CPR):    -0.352ns
  Clock Uncertainty:      0.094ns  ((TSJ^2 + DJ^2)^1/2) / 2 + PE
    Total System Jitter     (TSJ):    0.071ns
    Discrete Jitter          (DJ):    0.174ns
    Phase Error              (PE):    0.000ns

    Location             Delay type                Incr(ns)  Path(ns)    Netlist Resource(s)
  -------------------------------------------------------------------    -------------------
                         (clock clk_out1_pll rise edge)
                                                      0.000     0.000 r  
    AD12                                              0.000     0.000 r  i_sys_clk_p (IN)
                         net (fo=0)                   0.000     0.000    pll_inst/inst/clk_in1_p
    AD12                 IBUFDS (Prop_ibufds_I_O)     0.906     0.906 r  pll_inst/inst/clkin1_ibufgds/O
                         net (fo=1, routed)           1.098     2.004    pll_inst/inst/clk_in1_pll
    PLLE2_ADV_X1Y1       PLLE2_ADV (Prop_plle2_adv_CLKIN1_CLKOUT0)
                                                     -8.058    -6.054 r  pll_inst/inst/plle2_adv_inst/CLKOUT0
                         net (fo=1, routed)           2.128    -3.926    pll_inst/inst/clk_out1_pll
    BUFGCTRL_X0Y1        BUFG (Prop_bufg_I_O)         0.093    -3.833 r  pll_inst/inst/clkout1_buf/O
                         net (fo=386, routed)         1.635    -2.198    student_top_inst/bridge_inst/counter_inst/clk_out1
    SLICE_X35Y96         FDRE                                         r  student_top_inst/bridge_inst/counter_inst/cnt_1ms_reg[1]/C
  -------------------------------------------------------------------    -------------------
    SLICE_X35Y96         FDRE (Prop_fdre_C_Q)         0.223    -1.975 r  student_top_inst/bridge_inst/counter_inst/cnt_1ms_reg[1]/Q
                         net (fo=2, routed)           0.454    -1.522    student_top_inst/bridge_inst/counter_inst/cnt_1ms_reg[1]
    SLICE_X34Y98         LUT4 (Prop_lut4_I1_O)        0.043    -1.479 f  student_top_inst/bridge_inst/counter_inst/cnt_1ms[0]_i_7/O
                         net (fo=1, routed)           0.434    -1.045    student_top_inst/bridge_inst/counter_inst/cnt_1ms[0]_i_7_n_0
    SLICE_X34Y97         LUT5 (Prop_lut5_I4_O)        0.043    -1.002 f  student_top_inst/bridge_inst/counter_inst/cnt_1ms[0]_i_6/O
                         net (fo=1, routed)           0.239    -0.763    student_top_inst/bridge_inst/counter_inst/cnt_1ms[0]_i_6_n_0
    SLICE_X34Y97         LUT6 (Prop_lut6_I5_O)        0.043    -0.720 r  student_top_inst/bridge_inst/counter_inst/cnt_1ms[0]_i_3/O
                         net (fo=2, routed)           0.331    -0.389    student_top_inst/bridge_inst/counter_inst/cnt_1ms[0]_i_3_n_0
    SLICE_X36Y96         LUT3 (Prop_lut3_I2_O)        0.049    -0.340 r  student_top_inst/bridge_inst/counter_inst/cnt_1ms[0]_i_1/O
                         net (fo=16, routed)          0.490     0.150    student_top_inst/bridge_inst/counter_inst/cnt_1ms[0]_i_1_n_0
    SLICE_X35Y99         FDRE                                         r  student_top_inst/bridge_inst/counter_inst/cnt_1ms_reg[15]/R
  -------------------------------------------------------------------    -------------------

                         (clock clk_out1_pll rise edge)
                                                     20.000    20.000 r  
    AD12                                              0.000    20.000 r  i_sys_clk_p (IN)
                         net (fo=0)                   0.000    20.000    pll_inst/inst/clk_in1_p
    AD12                 IBUFDS (Prop_ibufds_I_O)     0.803    20.803 r  pll_inst/inst/clkin1_ibufgds/O
                         net (fo=1, routed)           1.001    21.804    pll_inst/inst/clk_in1_pll
    PLLE2_ADV_X1Y1       PLLE2_ADV (Prop_plle2_adv_CLKIN1_CLKOUT0)
                                                     -7.261    14.543 r  pll_inst/inst/plle2_adv_inst/CLKOUT0
                         net (fo=1, routed)           2.003    16.546    pll_inst/inst/clk_out1_pll
    BUFGCTRL_X0Y1        BUFG (Prop_bufg_I_O)         0.083    16.629 r  pll_inst/inst/clkout1_buf/O
                         net (fo=386, routed)         1.499    18.128    student_top_inst/bridge_inst/counter_inst/clk_out1
    SLICE_X35Y99         FDRE                                         r  student_top_inst/bridge_inst/counter_inst/cnt_1ms_reg[15]/C
                         clock pessimism             -0.352    17.777    
                         clock uncertainty           -0.094    17.683    
    SLICE_X35Y99         FDRE (Setup_fdre_C_R)       -0.397    17.286    student_top_inst/bridge_inst/counter_inst/cnt_1ms_reg[15]
  -------------------------------------------------------------------
                         required time                         17.286    
                         arrival time                          -0.150    
  -------------------------------------------------------------------
                         slack                                 17.135    

Slack (MET) :             17.181ns  (required time - arrival time)
  Source:                 uart_inst/tx_cnt_reg[9]/C
                            (rising edge-triggered cell FDCE clocked by clk_out1_pll  {rise@0.000ns fall@10.000ns period=20.000ns})
  Destination:            uart_inst/tx_shift_reg[1]/CE
                            (rising edge-triggered cell FDPE clocked by clk_out1_pll  {rise@0.000ns fall@10.000ns period=20.000ns})
  Path Group:             clk_out1_pll
  Path Type:              Setup (Max at Slow Process Corner)
  Requirement:            20.000ns  (clk_out1_pll rise@20.000ns - clk_out1_pll rise@0.000ns)
  Data Path Delay:        2.388ns  (logic 0.417ns (17.466%)  route 1.971ns (82.534%))
  Logic Levels:           3  (LUT3=1 LUT6=2)
  Clock Path Skew:        -0.048ns (DCD - SCD + CPR)
    Destination Clock Delay (DCD):    -1.866ns = ( 18.134 - 20.000 ) 
    Source Clock Delay      (SCD):    -2.190ns
    Clock Pessimism Removal (CPR):    -0.373ns
  Clock Uncertainty:      0.094ns  ((TSJ^2 + DJ^2)^1/2) / 2 + PE
    Total System Jitter     (TSJ):    0.071ns
    Discrete Jitter          (DJ):    0.174ns
    Phase Error              (PE):    0.000ns

    Location             Delay type                Incr(ns)  Path(ns)    Netlist Resource(s)
  -------------------------------------------------------------------    -------------------
                         (clock clk_out1_pll rise edge)
                                                      0.000     0.000 r  
    AD12                                              0.000     0.000 r  i_sys_clk_p (IN)
                         net (fo=0)                   0.000     0.000    pll_inst/inst/clk_in1_p
    AD12                 IBUFDS (Prop_ibufds_I_O)     0.906     0.906 r  pll_inst/inst/clkin1_ibufgds/O
                         net (fo=1, routed)           1.098     2.004    pll_inst/inst/clk_in1_pll
    PLLE2_ADV_X1Y1       PLLE2_ADV (Prop_plle2_adv_CLKIN1_CLKOUT0)
                                                     -8.058    -6.054 r  pll_inst/inst/plle2_adv_inst/CLKOUT0
                         net (fo=1, routed)           2.128    -3.926    pll_inst/inst/clk_out1_pll
    BUFGCTRL_X0Y1        BUFG (Prop_bufg_I_O)         0.093    -3.833 r  pll_inst/inst/clkout1_buf/O
                         net (fo=386, routed)         1.643    -2.190    uart_inst/clk_out1
    SLICE_X21Y94         FDCE                                         r  uart_inst/tx_cnt_reg[9]/C
  -------------------------------------------------------------------    -------------------
    SLICE_X21Y94         FDCE (Prop_fdce_C_Q)         0.204    -1.986 f  uart_inst/tx_cnt_reg[9]/Q
                         net (fo=2, routed)           0.565    -1.421    uart_inst/tx_cnt_reg_n_0_[9]
    SLICE_X21Y93         LUT6 (Prop_lut6_I4_O)        0.124    -1.297 r  uart_inst/tx_i_2/O
                         net (fo=2, routed)           0.363    -0.935    uart_inst/tx_i_2_n_0
    SLICE_X21Y93         LUT6 (Prop_lut6_I0_O)        0.043    -0.892 r  uart_inst/tx_cnt[12]_i_3/O
                         net (fo=13, routed)          0.646    -0.246    uart_inst/tx_cnt[12]_i_3_n_0
    SLICE_X22Y95         LUT3 (Prop_lut3_I2_O)        0.046    -0.200 r  uart_inst/tx_shift[8]_i_1/O
                         net (fo=11, routed)          0.397     0.197    uart_inst/tx_shift
    SLICE_X23Y95         FDPE                                         r  uart_inst/tx_shift_reg[1]/CE
  -------------------------------------------------------------------    -------------------

                         (clock clk_out1_pll rise edge)
                                                     20.000    20.000 r  
    AD12                                              0.000    20.000 r  i_sys_clk_p (IN)
                         net (fo=0)                   0.000    20.000    pll_inst/inst/clk_in1_p
    AD12                 IBUFDS (Prop_ibufds_I_O)     0.803    20.803 r  pll_inst/inst/clkin1_ibufgds/O
                         net (fo=1, routed)           1.001    21.804    pll_inst/inst/clk_in1_pll
    PLLE2_ADV_X1Y1       PLLE2_ADV (Prop_plle2_adv_CLKIN1_CLKOUT0)
                                                     -7.261    14.543 r  pll_inst/inst/plle2_adv_inst/CLKOUT0
                         net (fo=1, routed)           2.003    16.546    pll_inst/inst/clk_out1_pll
    BUFGCTRL_X0Y1        BUFG (Prop_bufg_I_O)         0.083    16.629 r  pll_inst/inst/clkout1_buf/O
                         net (fo=386, routed)         1.505    18.134    uart_inst/clk_out1
    SLICE_X23Y95         FDPE                                         r  uart_inst/tx_shift_reg[1]/C
                         clock pessimism             -0.373    17.762    
                         clock uncertainty           -0.094    17.668    
    SLICE_X23Y95         FDPE (Setup_fdpe_C_CE)      -0.290    17.378    uart_inst/tx_shift_reg[1]
  -------------------------------------------------------------------
                         required time                         17.378    
                         arrival time                          -0.197    
  -------------------------------------------------------------------
                         slack                                 17.181    

Slack (MET) :             17.181ns  (required time - arrival time)
  Source:                 uart_inst/tx_cnt_reg[9]/C
                            (rising edge-triggered cell FDCE clocked by clk_out1_pll  {rise@0.000ns fall@10.000ns period=20.000ns})
  Destination:            uart_inst/tx_shift_reg[2]/CE
                            (rising edge-triggered cell FDPE clocked by clk_out1_pll  {rise@0.000ns fall@10.000ns period=20.000ns})
  Path Group:             clk_out1_pll
  Path Type:              Setup (Max at Slow Process Corner)
  Requirement:            20.000ns  (clk_out1_pll rise@20.000ns - clk_out1_pll rise@0.000ns)
  Data Path Delay:        2.388ns  (logic 0.417ns (17.466%)  route 1.971ns (82.534%))
  Logic Levels:           3  (LUT3=1 LUT6=2)
  Clock Path Skew:        -0.048ns (DCD - SCD + CPR)
    Destination Clock Delay (DCD):    -1.866ns = ( 18.134 - 20.000 ) 
    Source Clock Delay      (SCD):    -2.190ns
    Clock Pessimism Removal (CPR):    -0.373ns
  Clock Uncertainty:      0.094ns  ((TSJ^2 + DJ^2)^1/2) / 2 + PE
    Total System Jitter     (TSJ):    0.071ns
    Discrete Jitter          (DJ):    0.174ns
    Phase Error              (PE):    0.000ns

    Location             Delay type                Incr(ns)  Path(ns)    Netlist Resource(s)
  -------------------------------------------------------------------    -------------------
                         (clock clk_out1_pll rise edge)
                                                      0.000     0.000 r  
    AD12                                              0.000     0.000 r  i_sys_clk_p (IN)
                         net (fo=0)                   0.000     0.000    pll_inst/inst/clk_in1_p
    AD12                 IBUFDS (Prop_ibufds_I_O)     0.906     0.906 r  pll_inst/inst/clkin1_ibufgds/O
                         net (fo=1, routed)           1.098     2.004    pll_inst/inst/clk_in1_pll
    PLLE2_ADV_X1Y1       PLLE2_ADV (Prop_plle2_adv_CLKIN1_CLKOUT0)
                                                     -8.058    -6.054 r  pll_inst/inst/plle2_adv_inst/CLKOUT0
                         net (fo=1, routed)           2.128    -3.926    pll_inst/inst/clk_out1_pll
    BUFGCTRL_X0Y1        BUFG (Prop_bufg_I_O)         0.093    -3.833 r  pll_inst/inst/clkout1_buf/O
                         net (fo=386, routed)         1.643    -2.190    uart_inst/clk_out1
    SLICE_X21Y94         FDCE                                         r  uart_inst/tx_cnt_reg[9]/C
  -------------------------------------------------------------------    -------------------
    SLICE_X21Y94         FDCE (Prop_fdce_C_Q)         0.204    -1.986 f  uart_inst/tx_cnt_reg[9]/Q
                         net (fo=2, routed)           0.565    -1.421    uart_inst/tx_cnt_reg_n_0_[9]
    SLICE_X21Y93         LUT6 (Prop_lut6_I4_O)        0.124    -1.297 r  uart_inst/tx_i_2/O
                         net (fo=2, routed)           0.363    -0.935    uart_inst/tx_i_2_n_0
    SLICE_X21Y93         LUT6 (Prop_lut6_I0_O)        0.043    -0.892 r  uart_inst/tx_cnt[12]_i_3/O
                         net (fo=13, routed)          0.646    -0.246    uart_inst/tx_cnt[12]_i_3_n_0
    SLICE_X22Y95         LUT3 (Prop_lut3_I2_O)        0.046    -0.200 r  uart_inst/tx_shift[8]_i_1/O
                         net (fo=11, routed)          0.397     0.197    uart_inst/tx_shift
    SLICE_X23Y95         FDPE                                         r  uart_inst/tx_shift_reg[2]/CE
  -------------------------------------------------------------------    -------------------

                         (clock clk_out1_pll rise edge)
                                                     20.000    20.000 r  
    AD12                                              0.000    20.000 r  i_sys_clk_p (IN)
                         net (fo=0)                   0.000    20.000    pll_inst/inst/clk_in1_p
    AD12                 IBUFDS (Prop_ibufds_I_O)     0.803    20.803 r  pll_inst/inst/clkin1_ibufgds/O
                         net (fo=1, routed)           1.001    21.804    pll_inst/inst/clk_in1_pll
    PLLE2_ADV_X1Y1       PLLE2_ADV (Prop_plle2_adv_CLKIN1_CLKOUT0)
                                                     -7.261    14.543 r  pll_inst/inst/plle2_adv_inst/CLKOUT0
                         net (fo=1, routed)           2.003    16.546    pll_inst/inst/clk_out1_pll
    BUFGCTRL_X0Y1        BUFG (Prop_bufg_I_O)         0.083    16.629 r  pll_inst/inst/clkout1_buf/O
                         net (fo=386, routed)         1.505    18.134    uart_inst/clk_out1
    SLICE_X23Y95         FDPE                                         r  uart_inst/tx_shift_reg[2]/C
                         clock pessimism             -0.373    17.762    
                         clock uncertainty           -0.094    17.668    
    SLICE_X23Y95         FDPE (Setup_fdpe_C_CE)      -0.290    17.378    uart_inst/tx_shift_reg[2]
  -------------------------------------------------------------------
                         required time                         17.378    
                         arrival time                          -0.197    
  -------------------------------------------------------------------
                         slack                                 17.181    

Slack (MET) :             17.181ns  (required time - arrival time)
  Source:                 uart_inst/tx_cnt_reg[9]/C
                            (rising edge-triggered cell FDCE clocked by clk_out1_pll  {rise@0.000ns fall@10.000ns period=20.000ns})
  Destination:            uart_inst/tx_shift_reg[3]/CE
                            (rising edge-triggered cell FDPE clocked by clk_out1_pll  {rise@0.000ns fall@10.000ns period=20.000ns})
  Path Group:             clk_out1_pll
  Path Type:              Setup (Max at Slow Process Corner)
  Requirement:            20.000ns  (clk_out1_pll rise@20.000ns - clk_out1_pll rise@0.000ns)
  Data Path Delay:        2.388ns  (logic 0.417ns (17.466%)  route 1.971ns (82.534%))
  Logic Levels:           3  (LUT3=1 LUT6=2)
  Clock Path Skew:        -0.048ns (DCD - SCD + CPR)
    Destination Clock Delay (DCD):    -1.866ns = ( 18.134 - 20.000 ) 
    Source Clock Delay      (SCD):    -2.190ns
    Clock Pessimism Removal (CPR):    -0.373ns
  Clock Uncertainty:      0.094ns  ((TSJ^2 + DJ^2)^1/2) / 2 + PE
    Total System Jitter     (TSJ):    0.071ns
    Discrete Jitter          (DJ):    0.174ns
    Phase Error              (PE):    0.000ns

    Location             Delay type                Incr(ns)  Path(ns)    Netlist Resource(s)
  -------------------------------------------------------------------    -------------------
                         (clock clk_out1_pll rise edge)
                                                      0.000     0.000 r  
    AD12                                              0.000     0.000 r  i_sys_clk_p (IN)
                         net (fo=0)                   0.000     0.000    pll_inst/inst/clk_in1_p
    AD12                 IBUFDS (Prop_ibufds_I_O)     0.906     0.906 r  pll_inst/inst/clkin1_ibufgds/O
                         net (fo=1, routed)           1.098     2.004    pll_inst/inst/clk_in1_pll
    PLLE2_ADV_X1Y1       PLLE2_ADV (Prop_plle2_adv_CLKIN1_CLKOUT0)
                                                     -8.058    -6.054 r  pll_inst/inst/plle2_adv_inst/CLKOUT0
                         net (fo=1, routed)           2.128    -3.926    pll_inst/inst/clk_out1_pll
    BUFGCTRL_X0Y1        BUFG (Prop_bufg_I_O)         0.093    -3.833 r  pll_inst/inst/clkout1_buf/O
                         net (fo=386, routed)         1.643    -2.190    uart_inst/clk_out1
    SLICE_X21Y94         FDCE                                         r  uart_inst/tx_cnt_reg[9]/C
  -------------------------------------------------------------------    -------------------
    SLICE_X21Y94         FDCE (Prop_fdce_C_Q)         0.204    -1.986 f  uart_inst/tx_cnt_reg[9]/Q
                         net (fo=2, routed)           0.565    -1.421    uart_inst/tx_cnt_reg_n_0_[9]
    SLICE_X21Y93         LUT6 (Prop_lut6_I4_O)        0.124    -1.297 r  uart_inst/tx_i_2/O
                         net (fo=2, routed)           0.363    -0.935    uart_inst/tx_i_2_n_0
    SLICE_X21Y93         LUT6 (Prop_lut6_I0_O)        0.043    -0.892 r  uart_inst/tx_cnt[12]_i_3/O
                         net (fo=13, routed)          0.646    -0.246    uart_inst/tx_cnt[12]_i_3_n_0
    SLICE_X22Y95         LUT3 (Prop_lut3_I2_O)        0.046    -0.200 r  uart_inst/tx_shift[8]_i_1/O
                         net (fo=11, routed)          0.397     0.197    uart_inst/tx_shift
    SLICE_X23Y95         FDPE                                         r  uart_inst/tx_shift_reg[3]/CE
  -------------------------------------------------------------------    -------------------

                         (clock clk_out1_pll rise edge)
                                                     20.000    20.000 r  
    AD12                                              0.000    20.000 r  i_sys_clk_p (IN)
                         net (fo=0)                   0.000    20.000    pll_inst/inst/clk_in1_p
    AD12                 IBUFDS (Prop_ibufds_I_O)     0.803    20.803 r  pll_inst/inst/clkin1_ibufgds/O
                         net (fo=1, routed)           1.001    21.804    pll_inst/inst/clk_in1_pll
    PLLE2_ADV_X1Y1       PLLE2_ADV (Prop_plle2_adv_CLKIN1_CLKOUT0)
                                                     -7.261    14.543 r  pll_inst/inst/plle2_adv_inst/CLKOUT0
                         net (fo=1, routed)           2.003    16.546    pll_inst/inst/clk_out1_pll
    BUFGCTRL_X0Y1        BUFG (Prop_bufg_I_O)         0.083    16.629 r  pll_inst/inst/clkout1_buf/O
                         net (fo=386, routed)         1.505    18.134    uart_inst/clk_out1
    SLICE_X23Y95         FDPE                                         r  uart_inst/tx_shift_reg[3]/C
                         clock pessimism             -0.373    17.762    
                         clock uncertainty           -0.094    17.668    
    SLICE_X23Y95         FDPE (Setup_fdpe_C_CE)      -0.290    17.378    uart_inst/tx_shift_reg[3]
  -------------------------------------------------------------------
                         required time                         17.378    
                         arrival time                          -0.197    
  -------------------------------------------------------------------
                         slack                                 17.181    





Pulse Width Checks
--------------------------------------------------------------------------------------
Clock Name:         clk_out1_pll
Waveform(ns):       { 0.000 10.000 }
Period(ns):         20.000
Sources:            { pll_inst/inst/plle2_adv_inst/CLKOUT0 }

Check Type        Corner  Lib Pin            Reference Pin  Required(ns)  Actual(ns)  Slack(ns)  Location        Pin
Min Period        n/a     BUFG/I             n/a            1.408         20.000      18.591     BUFGCTRL_X0Y1   pll_inst/inst/clkout1_buf/I
Min Period        n/a     PLLE2_ADV/CLKOUT0  n/a            1.071         20.000      18.929     PLLE2_ADV_X1Y1  pll_inst/inst/plle2_adv_inst/CLKOUT0
Min Period        n/a     FDRE/C             n/a            0.750         20.000      19.250     SLICE_X42Y96    student_top_inst/bridge_inst/counter_inst/cnt_enable_cnt_d2_reg/C
Min Period        n/a     FDRE/C             n/a            0.750         20.000      19.250     SLICE_X38Y91    student_top_inst/bridge_inst/counter_inst/cnt_ms_gray_cnt_reg[12]/C
Min Period        n/a     FDRE/C             n/a            0.750         20.000      19.250     SLICE_X38Y91    student_top_inst/bridge_inst/counter_inst/cnt_ms_gray_cnt_reg[14]/C
Min Period        n/a     FDRE/C             n/a            0.750         20.000      19.250     SLICE_X38Y92    student_top_inst/bridge_inst/counter_inst/cnt_ms_gray_cnt_reg[16]/C
Min Period        n/a     FDRE/C             n/a            0.750         20.000      19.250     SLICE_X38Y92    student_top_inst/bridge_inst/counter_inst/cnt_ms_gray_cnt_reg[18]/C
Min Period        n/a     FDRE/C             n/a            0.750         20.000      19.250     SLICE_X38Y92    student_top_inst/bridge_inst/counter_inst/cnt_ms_gray_cnt_reg[20]/C
Min Period        n/a     FDRE/C             n/a            0.750         20.000      19.250     SLICE_X38Y92    student_top_inst/bridge_inst/counter_inst/cnt_ms_gray_cnt_reg[22]/C
Min Period        n/a     FDRE/C             n/a            0.750         20.000      19.250     SLICE_X39Y94    student_top_inst/bridge_inst/counter_inst/cnt_ms_gray_cnt_reg[24]/C
Min Period        n/a     FDRE/C             n/a            0.750         20.000      19.250     SLICE_X39Y94    student_top_inst/bridge_inst/counter_inst/cnt_ms_gray_cnt_reg[26]/C
Min Period        n/a     FDRE/C             n/a            0.750         20.000      19.250     SLICE_X39Y95    student_top_inst/bridge_inst/counter_inst/cnt_ms_gray_cnt_reg[28]/C
Min Period        n/a     FDRE/C             n/a            0.750         20.000      19.250     SLICE_X36Y89    student_top_inst/bridge_inst/counter_inst/cnt_ms_gray_cnt_reg[2]/C
Min Period        n/a     FDRE/C             n/a            0.750         20.000      19.250     SLICE_X39Y95    student_top_inst/bridge_inst/counter_inst/cnt_ms_gray_cnt_reg[30]/C
Min Period        n/a     FDRE/C             n/a            0.750         20.000      19.250     SLICE_X36Y89    student_top_inst/bridge_inst/counter_inst/cnt_ms_gray_cnt_reg[4]/C
Min Period        n/a     FDRE/C             n/a            0.750         20.000      19.250     SLICE_X38Y90    student_top_inst/bridge_inst/counter_inst/cnt_ms_gray_cnt_reg[6]/C
Min Period        n/a     FDRE/C             n/a            0.750         20.000      19.250     SLICE_X38Y90    student_top_inst/bridge_inst/counter_inst/cnt_ms_gray_cnt_reg[8]/C
Min Period        n/a     FDRE/C             n/a            0.750         20.000      19.250     SLICE_X38Y91    student_top_inst/bridge_inst/counter_inst/cnt_ms_gray_cnt_reg[9]/C
Min Period        n/a     FDCE/C             n/a            0.750         20.000      19.250     SLICE_X23Y96    twin_controller_inst/send_cnt_reg[1]/C
Min Period        n/a     FDCE/C             n/a            0.750         20.000      19.250     SLICE_X23Y96    twin_controller_inst/send_cnt_reg[3]/C
Max Period        n/a     PLLE2_ADV/CLKOUT0  n/a            160.000       20.000      140.000    PLLE2_ADV_X1Y1  pll_inst/inst/plle2_adv_inst/CLKOUT0
Low Pulse Width   Slow    FDRE/C             n/a            0.400         10.000      9.600      SLICE_X42Y96    student_top_inst/bridge_inst/counter_inst/cnt_enable_cnt_d2_reg/C
Low Pulse Width   Fast    FDRE/C             n/a            0.400         10.000      9.600      SLICE_X42Y96    student_top_inst/bridge_inst/counter_inst/cnt_enable_cnt_d2_reg/C
Low Pulse Width   Slow    FDRE/C             n/a            0.400         10.000      9.600      SLICE_X38Y91    student_top_inst/bridge_inst/counter_inst/cnt_ms_gray_cnt_reg[12]/C
Low Pulse Width   Fast    FDRE/C             n/a            0.400         10.000      9.600      SLICE_X38Y91    student_top_inst/bridge_inst/counter_inst/cnt_ms_gray_cnt_reg[12]/C
Low Pulse Width   Slow    FDRE/C             n/a            0.400         10.000      9.600      SLICE_X38Y91    student_top_inst/bridge_inst/counter_inst/cnt_ms_gray_cnt_reg[14]/C
Low Pulse Width   Fast    FDRE/C             n/a            0.400         10.000      9.600      SLICE_X38Y91    student_top_inst/bridge_inst/counter_inst/cnt_ms_gray_cnt_reg[14]/C
Low Pulse Width   Slow    FDRE/C             n/a            0.400         10.000      9.600      SLICE_X38Y92    student_top_inst/bridge_inst/counter_inst/cnt_ms_gray_cnt_reg[16]/C
Low Pulse Width   Fast    FDRE/C             n/a            0.400         10.000      9.600      SLICE_X38Y92    student_top_inst/bridge_inst/counter_inst/cnt_ms_gray_cnt_reg[16]/C
Low Pulse Width   Slow    FDRE/C             n/a            0.400         10.000      9.600      SLICE_X38Y92    student_top_inst/bridge_inst/counter_inst/cnt_ms_gray_cnt_reg[18]/C
Low Pulse Width   Fast    FDRE/C             n/a            0.400         10.000      9.600      SLICE_X38Y92    student_top_inst/bridge_inst/counter_inst/cnt_ms_gray_cnt_reg[18]/C
Low Pulse Width   Slow    FDRE/C             n/a            0.400         10.000      9.600      SLICE_X38Y92    student_top_inst/bridge_inst/counter_inst/cnt_ms_gray_cnt_reg[20]/C
Low Pulse Width   Fast    FDRE/C             n/a            0.400         10.000      9.600      SLICE_X38Y92    student_top_inst/bridge_inst/counter_inst/cnt_ms_gray_cnt_reg[20]/C
Low Pulse Width   Slow    FDRE/C             n/a            0.400         10.000      9.600      SLICE_X38Y92    student_top_inst/bridge_inst/counter_inst/cnt_ms_gray_cnt_reg[22]/C
Low Pulse Width   Fast    FDRE/C             n/a            0.400         10.000      9.600      SLICE_X38Y92    student_top_inst/bridge_inst/counter_inst/cnt_ms_gray_cnt_reg[22]/C
Low Pulse Width   Slow    FDRE/C             n/a            0.400         10.000      9.600      SLICE_X39Y94    student_top_inst/bridge_inst/counter_inst/cnt_ms_gray_cnt_reg[24]/C
Low Pulse Width   Fast    FDRE/C             n/a            0.400         10.000      9.600      SLICE_X39Y94    student_top_inst/bridge_inst/counter_inst/cnt_ms_gray_cnt_reg[24]/C
Low Pulse Width   Slow    FDRE/C             n/a            0.400         10.000      9.600      SLICE_X39Y94    student_top_inst/bridge_inst/counter_inst/cnt_ms_gray_cnt_reg[26]/C
Low Pulse Width   Fast    FDRE/C             n/a            0.400         10.000      9.600      SLICE_X39Y94    student_top_inst/bridge_inst/counter_inst/cnt_ms_gray_cnt_reg[26]/C
Low Pulse Width   Slow    FDRE/C             n/a            0.400         10.000      9.600      SLICE_X39Y95    student_top_inst/bridge_inst/counter_inst/cnt_ms_gray_cnt_reg[28]/C
Low Pulse Width   Fast    FDRE/C             n/a            0.400         10.000      9.600      SLICE_X39Y95    student_top_inst/bridge_inst/counter_inst/cnt_ms_gray_cnt_reg[28]/C
High Pulse Width  Slow    FDRE/C             n/a            0.350         10.000      9.650      SLICE_X35Y96    student_top_inst/bridge_inst/counter_inst/cnt_1ms_reg[0]/C
High Pulse Width  Fast    FDRE/C             n/a            0.350         10.000      9.650      SLICE_X35Y96    student_top_inst/bridge_inst/counter_inst/cnt_1ms_reg[0]/C
High Pulse Width  Slow    FDRE/C             n/a            0.350         10.000      9.650      SLICE_X35Y98    student_top_inst/bridge_inst/counter_inst/cnt_1ms_reg[10]/C
High Pulse Width  Fast    FDRE/C             n/a            0.350         10.000      9.650      SLICE_X35Y98    student_top_inst/bridge_inst/counter_inst/cnt_1ms_reg[10]/C
High Pulse Width  Slow    FDRE/C             n/a            0.350         10.000      9.650      SLICE_X35Y98    student_top_inst/bridge_inst/counter_inst/cnt_1ms_reg[11]/C
High Pulse Width  Fast    FDRE/C             n/a            0.350         10.000      9.650      SLICE_X35Y98    student_top_inst/bridge_inst/counter_inst/cnt_1ms_reg[11]/C
High Pulse Width  Slow    FDRE/C             n/a            0.350         10.000      9.650      SLICE_X35Y99    student_top_inst/bridge_inst/counter_inst/cnt_1ms_reg[12]/C
High Pulse Width  Fast    FDRE/C             n/a            0.350         10.000      9.650      SLICE_X35Y99    student_top_inst/bridge_inst/counter_inst/cnt_1ms_reg[12]/C
High Pulse Width  Slow    FDRE/C             n/a            0.350         10.000      9.650      SLICE_X35Y99    student_top_inst/bridge_inst/counter_inst/cnt_1ms_reg[13]/C
High Pulse Width  Fast    FDRE/C             n/a            0.350         10.000      9.650      SLICE_X35Y99    student_top_inst/bridge_inst/counter_inst/cnt_1ms_reg[13]/C
High Pulse Width  Slow    FDRE/C             n/a            0.350         10.000      9.650      SLICE_X35Y99    student_top_inst/bridge_inst/counter_inst/cnt_1ms_reg[14]/C
High Pulse Width  Fast    FDRE/C             n/a            0.350         10.000      9.650      SLICE_X35Y99    student_top_inst/bridge_inst/counter_inst/cnt_1ms_reg[14]/C
High Pulse Width  Slow    FDRE/C             n/a            0.350         10.000      9.650      SLICE_X35Y99    student_top_inst/bridge_inst/counter_inst/cnt_1ms_reg[15]/C
High Pulse Width  Fast    FDRE/C             n/a            0.350         10.000      9.650      SLICE_X35Y99    student_top_inst/bridge_inst/counter_inst/cnt_1ms_reg[15]/C
High Pulse Width  Slow    FDRE/C             n/a            0.350         10.000      9.650      SLICE_X35Y96    student_top_inst/bridge_inst/counter_inst/cnt_1ms_reg[1]/C
High Pulse Width  Fast    FDRE/C             n/a            0.350         10.000      9.650      SLICE_X35Y96    student_top_inst/bridge_inst/counter_inst/cnt_1ms_reg[1]/C
High Pulse Width  Slow    FDRE/C             n/a            0.350         10.000      9.650      SLICE_X35Y96    student_top_inst/bridge_inst/counter_inst/cnt_1ms_reg[2]/C
High Pulse Width  Fast    FDRE/C             n/a            0.350         10.000      9.650      SLICE_X35Y96    student_top_inst/bridge_inst/counter_inst/cnt_1ms_reg[2]/C
High Pulse Width  Slow    FDRE/C             n/a            0.350         10.000      9.650      SLICE_X35Y96    student_top_inst/bridge_inst/counter_inst/cnt_1ms_reg[3]/C
High Pulse Width  Fast    FDRE/C             n/a            0.350         10.000      9.650      SLICE_X35Y96    student_top_inst/bridge_inst/counter_inst/cnt_1ms_reg[3]/C



---------------------------------------------------------------------------------------------------
From Clock:  clk_out2_pll
  To Clock:  clk_out2_pll

Setup :          568  Failing Endpoints,  Worst Slack       -1.490ns,  Total Violation     -214.183ns
Hold  :           NA  Failing Endpoints,  Worst Slack           NA  ,  Total Violation           NA
PW    :            0  Failing Endpoints,  Worst Slack        2.089ns,  Total Violation        0.000ns
---------------------------------------------------------------------------------------------------


Max Delay Paths
--------------------------------------------------------------------------------------
Slack (VIOLATED) :        -1.490ns  (required time - arrival time)
  Source:                 student_top_inst/u_KLDJ_top/u_pipe_mem_wb/mem_wb_wb_ctl_reg/C
                            (rising edge-triggered cell FDRE clocked by clk_out2_pll  {rise@0.000ns fall@2.857ns period=5.714ns})
  Destination:            student_top_inst/u_KLDJ_top/ifu0/pc_reg_reg[4]/D
                            (rising edge-triggered cell FDRE clocked by clk_out2_pll  {rise@0.000ns fall@2.857ns period=5.714ns})
  Path Group:             clk_out2_pll
  Path Type:              Setup (Max at Slow Process Corner)
  Requirement:            5.714ns  (clk_out2_pll rise@5.714ns - clk_out2_pll rise@0.000ns)
  Data Path Delay:        6.972ns  (logic 1.705ns (24.453%)  route 5.267ns (75.547%))
  Logic Levels:           19  (CARRY4=6 LUT3=1 LUT4=1 LUT5=3 LUT6=7 MUXF7=1)
  Clock Path Skew:        -0.056ns (DCD - SCD + CPR)
    Destination Clock Delay (DCD):    -1.954ns = ( 3.761 - 5.714 ) 
    Source Clock Delay      (SCD):    -2.270ns
    Clock Pessimism Removal (CPR):    -0.373ns
  Clock Uncertainty:      0.077ns  ((TSJ^2 + DJ^2)^1/2) / 2 + PE
    Total System Jitter     (TSJ):    0.071ns
    Discrete Jitter          (DJ):    0.137ns
    Phase Error              (PE):    0.000ns

    Location             Delay type                Incr(ns)  Path(ns)    Netlist Resource(s)
  -------------------------------------------------------------------    -------------------
                         (clock clk_out2_pll rise edge)
                                                      0.000     0.000 r  
    AD12                                              0.000     0.000 r  i_sys_clk_p (IN)
                         net (fo=0)                   0.000     0.000    pll_inst/inst/clk_in1_p
    AD12                 IBUFDS (Prop_ibufds_I_O)     0.906     0.906 r  pll_inst/inst/clkin1_ibufgds/O
                         net (fo=1, routed)           1.098     2.004    pll_inst/inst/clk_in1_pll
    PLLE2_ADV_X1Y1       PLLE2_ADV (Prop_plle2_adv_CLKIN1_CLKOUT1)
                                                     -8.058    -6.054 r  pll_inst/inst/plle2_adv_inst/CLKOUT1
                         net (fo=1, routed)           2.128    -3.926    pll_inst/inst/clk_out2_pll
    BUFGCTRL_X0Y0        BUFG (Prop_bufg_I_O)         0.093    -3.833 r  pll_inst/inst/clkout2_buf/O
                         net (fo=6000, routed)        1.563    -2.270    student_top_inst/u_KLDJ_top/u_pipe_mem_wb/clk_out2
    SLICE_X68Y58         FDRE                                         r  student_top_inst/u_KLDJ_top/u_pipe_mem_wb/mem_wb_wb_ctl_reg/C
  -------------------------------------------------------------------    -------------------
    SLICE_X68Y58         FDRE (Prop_fdre_C_Q)         0.223    -2.047 r  student_top_inst/u_KLDJ_top/u_pipe_mem_wb/mem_wb_wb_ctl_reg/Q
                         net (fo=34, routed)          0.667    -1.381    student_top_inst/u_KLDJ_top/u_pipe_mem_wb/mem_wb_wb_ctl
    SLICE_X65Y59         LUT6 (Prop_lut6_I5_O)        0.043    -1.338 r  student_top_inst/u_KLDJ_top/u_pipe_mem_wb/mem_wb_forward_valid/i_/O
                         net (fo=2, routed)           0.352    -0.986    student_top_inst/u_KLDJ_top/u_pipe_mem_wb/mem_wb_forward_valid/i__n_0
    SLICE_X65Y59         LUT6 (Prop_lut6_I2_O)        0.043    -0.943 f  student_top_inst/u_KLDJ_top/u_pipe_mem_wb/rs2_q[31]_i_9/O
                         net (fo=1, routed)           0.150    -0.793    student_top_inst/u_KLDJ_top/u_pipe_mem_wb/rs2_q[31]_i_9_n_0
    SLICE_X65Y59         LUT6 (Prop_lut6_I4_O)        0.043    -0.750 r  student_top_inst/u_KLDJ_top/u_pipe_mem_wb/rs2_q[31]_i_4/O
                         net (fo=28, routed)          0.404    -0.346    student_top_inst/u_KLDJ_top/u_pipe_id_ex/rs2_q_reg[5]
    SLICE_X68Y60         LUT5 (Prop_lut5_I3_O)        0.043    -0.303 r  student_top_inst/u_KLDJ_top/u_pipe_id_ex/rs2_q[15]_i_2/O
                         net (fo=4, routed)           0.191    -0.112    student_top_inst/u_KLDJ_top/u_pipe_id_ex/rs2_q[15]_i_2_n_0
    SLICE_X68Y61         LUT3 (Prop_lut3_I0_O)        0.043    -0.069 r  student_top_inst/u_KLDJ_top/u_pipe_id_ex/rs2_q[15]_i_1/O
                         net (fo=14, routed)          0.336     0.267    student_top_inst/u_KLDJ_top/u_pipe_id_ex/ex_data2[15]
    SLICE_X67Y62         LUT6 (Prop_lut6_I5_O)        0.043     0.310 r  student_top_inst/u_KLDJ_top/u_pipe_id_ex/unsigned_lt_carry__0_i_1/O
                         net (fo=1, routed)           0.529     0.840    student_top_inst/u_KLDJ_top/exu2/u_KLDJ_alu/u_alu_add/unsigned_lt_carry__1_0[3]
    SLICE_X65Y63         CARRY4 (Prop_carry4_DI[3]_CO[3])
                                                      0.190     1.030 r  student_top_inst/u_KLDJ_top/exu2/u_KLDJ_alu/u_alu_add/unsigned_lt_carry__0/CO[3]
                         net (fo=1, routed)           0.000     1.030    student_top_inst/u_KLDJ_top/exu2/u_KLDJ_alu/u_alu_add/unsigned_lt_carry__0_n_0
    SLICE_X65Y64         CARRY4 (Prop_carry4_CI_CO[3])
                                                      0.053     1.083 r  student_top_inst/u_KLDJ_top/exu2/u_KLDJ_alu/u_alu_add/unsigned_lt_carry__1/CO[3]
                         net (fo=1, routed)           0.000     1.083    student_top_inst/u_KLDJ_top/exu2/u_KLDJ_alu/u_alu_add/unsigned_lt_carry__1_n_0
    SLICE_X65Y65         CARRY4 (Prop_carry4_CI_CO[3])
                                                      0.053     1.136 r  student_top_inst/u_KLDJ_top/exu2/u_KLDJ_alu/u_alu_add/unsigned_lt_carry__2/CO[3]
                         net (fo=3, routed)           0.479     1.615    student_top_inst/u_KLDJ_top/u_pipe_id_ex/ex_mem_exu_res[0]_i_5_0[0]
    SLICE_X64Y67         LUT5 (Prop_lut5_I0_O)        0.043     1.658 r  student_top_inst/u_KLDJ_top/u_pipe_id_ex/ghr[0]_i_8/O
                         net (fo=1, routed)           0.104     1.762    student_top_inst/u_KLDJ_top/u_pipe_id_ex/ghr[0]_i_8_n_0
    SLICE_X64Y67         LUT6 (Prop_lut6_I5_O)        0.043     1.805 f  student_top_inst/u_KLDJ_top/u_pipe_id_ex/ghr[0]_i_4/O
                         net (fo=34, routed)          0.437     2.242    student_top_inst/u_KLDJ_top/u_pipe_id_ex/ghr[0]_i_4_n_0
    SLICE_X58Y69         LUT4 (Prop_lut4_I2_O)        0.043     2.285 r  student_top_inst/u_KLDJ_top/u_pipe_id_ex/update_target_q[5]_i_3/O
                         net (fo=1, routed)           0.336     2.621    student_top_inst/u_KLDJ_top/u_pipe_id_ex/update_target_q[5]_i_3_n_0
    SLICE_X58Y70         LUT6 (Prop_lut6_I2_O)        0.043     2.664 r  student_top_inst/u_KLDJ_top/u_pipe_id_ex/update_target_q[5]_i_1_comp/O
                         net (fo=3, routed)           0.284     2.948    student_top_inst/u_KLDJ_top/u_pipe_id_ex/id_ex_exu_op_reg[0]_0[5]
    SLICE_X60Y71         LUT6 (Prop_lut6_I4_O)        0.043     2.991 r  student_top_inst/u_KLDJ_top/u_pipe_id_ex/id_ex_pred_taken_i_17/O
                         net (fo=1, routed)           0.000     2.991    student_top_inst/u_KLDJ_top/u_pipe_id_ex/id_ex_pred_taken_i_17_n_0
    SLICE_X60Y71         CARRY4 (Prop_carry4_S[1]_CO[3])
                                                      0.267     3.258 r  student_top_inst/u_KLDJ_top/u_pipe_id_ex/id_ex_pred_taken_reg_i_10/CO[3]
                         net (fo=1, routed)           0.000     3.258    student_top_inst/u_KLDJ_top/u_pipe_id_ex/id_ex_pred_taken_reg_i_10_n_0
    SLICE_X60Y72         CARRY4 (Prop_carry4_CI_CO[3])
                                                      0.053     3.311 r  student_top_inst/u_KLDJ_top/u_pipe_id_ex/id_ex_pred_taken_reg_i_6/CO[3]
                         net (fo=1, routed)           0.000     3.311    student_top_inst/u_KLDJ_top/u_pipe_id_ex/id_ex_pred_taken_reg_i_6_n_0
    SLICE_X60Y73         CARRY4 (Prop_carry4_CI_CO[2])
                                                      0.110     3.421 r  student_top_inst/u_KLDJ_top/u_pipe_id_ex/id_ex_pred_taken_reg_i_5/CO[2]
                         net (fo=2, routed)           0.238     3.659    student_top_inst/u_KLDJ_top/u_pipe_id_ex/u_ex_bpu_ctrl/indirect_target_miss0
    SLICE_X61Y73         LUT5 (Prop_lut5_I4_O)        0.129     3.788 r  student_top_inst/u_KLDJ_top/u_pipe_id_ex/pc_reg[31]_i_5/O
                         net (fo=38, routed)          0.472     4.260    student_top_inst/u_KLDJ_top/u_pipe_id_ex/pc_reg[31]_i_5_n_0
    SLICE_X62Y73         MUXF7 (Prop_muxf7_S_O)       0.154     4.414 r  student_top_inst/u_KLDJ_top/u_pipe_id_ex/pc_reg_reg[4]_i_1/O
                         net (fo=1, routed)           0.288     4.702    student_top_inst/u_KLDJ_top/ifu0/pc_reg_reg[31]_2[4]
    SLICE_X61Y73         FDRE                                         r  student_top_inst/u_KLDJ_top/ifu0/pc_reg_reg[4]/D
  -------------------------------------------------------------------    -------------------

                         (clock clk_out2_pll rise edge)
                                                      5.714     5.714 r  
    AD12                                              0.000     5.714 r  i_sys_clk_p (IN)
                         net (fo=0)                   0.000     5.714    pll_inst/inst/clk_in1_p
    AD12                 IBUFDS (Prop_ibufds_I_O)     0.803     6.518 r  pll_inst/inst/clkin1_ibufgds/O
                         net (fo=1, routed)           1.001     7.519    pll_inst/inst/clk_in1_pll
    PLLE2_ADV_X1Y1       PLLE2_ADV (Prop_plle2_adv_CLKIN1_CLKOUT1)
                                                     -7.261     0.258 r  pll_inst/inst/plle2_adv_inst/CLKOUT1
                         net (fo=1, routed)           2.003     2.261    pll_inst/inst/clk_out2_pll
    BUFGCTRL_X0Y0        BUFG (Prop_bufg_I_O)         0.083     2.344 r  pll_inst/inst/clkout2_buf/O
                         net (fo=6000, routed)        1.417     3.761    student_top_inst/u_KLDJ_top/ifu0/clk_out2
    SLICE_X61Y73         FDRE                                         r  student_top_inst/u_KLDJ_top/ifu0/pc_reg_reg[4]/C
                         clock pessimism             -0.373     3.388    
                         clock uncertainty           -0.077     3.311    
    SLICE_X61Y73         FDRE (Setup_fdre_C_D)       -0.099     3.212    student_top_inst/u_KLDJ_top/ifu0/pc_reg_reg[4]
  -------------------------------------------------------------------
                         required time                          3.212    
                         arrival time                          -4.702    
  -------------------------------------------------------------------
                         slack                                 -1.490    

Slack (VIOLATED) :        -1.484ns  (required time - arrival time)
  Source:                 student_top_inst/u_KLDJ_top/u_pipe_mem_wb/mem_wb_wb_ctl_reg/C
                            (rising edge-triggered cell FDRE clocked by clk_out2_pll  {rise@0.000ns fall@2.857ns period=5.714ns})
  Destination:            student_top_inst/u_KLDJ_top/ifu0/pc_reg_reg[5]/D
                            (rising edge-triggered cell FDRE clocked by clk_out2_pll  {rise@0.000ns fall@2.857ns period=5.714ns})
  Path Group:             clk_out2_pll
  Path Type:              Setup (Max at Slow Process Corner)
  Requirement:            5.714ns  (clk_out2_pll rise@5.714ns - clk_out2_pll rise@0.000ns)
  Data Path Delay:        6.956ns  (logic 1.722ns (24.754%)  route 5.234ns (75.246%))
  Logic Levels:           19  (CARRY4=6 LUT3=1 LUT4=1 LUT5=3 LUT6=7 MUXF7=1)
  Clock Path Skew:        -0.055ns (DCD - SCD + CPR)
    Destination Clock Delay (DCD):    -1.953ns = ( 3.762 - 5.714 ) 
    Source Clock Delay      (SCD):    -2.270ns
    Clock Pessimism Removal (CPR):    -0.373ns
  Clock Uncertainty:      0.077ns  ((TSJ^2 + DJ^2)^1/2) / 2 + PE
    Total System Jitter     (TSJ):    0.071ns
    Discrete Jitter          (DJ):    0.137ns
    Phase Error              (PE):    0.000ns

    Location             Delay type                Incr(ns)  Path(ns)    Netlist Resource(s)
  -------------------------------------------------------------------    -------------------
                         (clock clk_out2_pll rise edge)
                                                      0.000     0.000 r  
    AD12                                              0.000     0.000 r  i_sys_clk_p (IN)
                         net (fo=0)                   0.000     0.000    pll_inst/inst/clk_in1_p
    AD12                 IBUFDS (Prop_ibufds_I_O)     0.906     0.906 r  pll_inst/inst/clkin1_ibufgds/O
                         net (fo=1, routed)           1.098     2.004    pll_inst/inst/clk_in1_pll
    PLLE2_ADV_X1Y1       PLLE2_ADV (Prop_plle2_adv_CLKIN1_CLKOUT1)
                                                     -8.058    -6.054 r  pll_inst/inst/plle2_adv_inst/CLKOUT1
                         net (fo=1, routed)           2.128    -3.926    pll_inst/inst/clk_out2_pll
    BUFGCTRL_X0Y0        BUFG (Prop_bufg_I_O)         0.093    -3.833 r  pll_inst/inst/clkout2_buf/O
                         net (fo=6000, routed)        1.563    -2.270    student_top_inst/u_KLDJ_top/u_pipe_mem_wb/clk_out2
    SLICE_X68Y58         FDRE                                         r  student_top_inst/u_KLDJ_top/u_pipe_mem_wb/mem_wb_wb_ctl_reg/C
  -------------------------------------------------------------------    -------------------
    SLICE_X68Y58         FDRE (Prop_fdre_C_Q)         0.223    -2.047 r  student_top_inst/u_KLDJ_top/u_pipe_mem_wb/mem_wb_wb_ctl_reg/Q
                         net (fo=34, routed)          0.667    -1.381    student_top_inst/u_KLDJ_top/u_pipe_mem_wb/mem_wb_wb_ctl
    SLICE_X65Y59         LUT6 (Prop_lut6_I5_O)        0.043    -1.338 r  student_top_inst/u_KLDJ_top/u_pipe_mem_wb/mem_wb_forward_valid/i_/O
                         net (fo=2, routed)           0.352    -0.986    student_top_inst/u_KLDJ_top/u_pipe_mem_wb/mem_wb_forward_valid/i__n_0
    SLICE_X65Y59         LUT6 (Prop_lut6_I2_O)        0.043    -0.943 f  student_top_inst/u_KLDJ_top/u_pipe_mem_wb/rs2_q[31]_i_9/O
                         net (fo=1, routed)           0.150    -0.793    student_top_inst/u_KLDJ_top/u_pipe_mem_wb/rs2_q[31]_i_9_n_0
    SLICE_X65Y59         LUT6 (Prop_lut6_I4_O)        0.043    -0.750 r  student_top_inst/u_KLDJ_top/u_pipe_mem_wb/rs2_q[31]_i_4/O
                         net (fo=28, routed)          0.404    -0.346    student_top_inst/u_KLDJ_top/u_pipe_id_ex/rs2_q_reg[5]
    SLICE_X68Y60         LUT5 (Prop_lut5_I3_O)        0.043    -0.303 r  student_top_inst/u_KLDJ_top/u_pipe_id_ex/rs2_q[15]_i_2/O
                         net (fo=4, routed)           0.191    -0.112    student_top_inst/u_KLDJ_top/u_pipe_id_ex/rs2_q[15]_i_2_n_0
    SLICE_X68Y61         LUT3 (Prop_lut3_I0_O)        0.043    -0.069 r  student_top_inst/u_KLDJ_top/u_pipe_id_ex/rs2_q[15]_i_1/O
                         net (fo=14, routed)          0.336     0.267    student_top_inst/u_KLDJ_top/u_pipe_id_ex/ex_data2[15]
    SLICE_X67Y62         LUT6 (Prop_lut6_I5_O)        0.043     0.310 r  student_top_inst/u_KLDJ_top/u_pipe_id_ex/unsigned_lt_carry__0_i_1/O
                         net (fo=1, routed)           0.529     0.840    student_top_inst/u_KLDJ_top/exu2/u_KLDJ_alu/u_alu_add/unsigned_lt_carry__1_0[3]
    SLICE_X65Y63         CARRY4 (Prop_carry4_DI[3]_CO[3])
                                                      0.190     1.030 r  student_top_inst/u_KLDJ_top/exu2/u_KLDJ_alu/u_alu_add/unsigned_lt_carry__0/CO[3]
                         net (fo=1, routed)           0.000     1.030    student_top_inst/u_KLDJ_top/exu2/u_KLDJ_alu/u_alu_add/unsigned_lt_carry__0_n_0
    SLICE_X65Y64         CARRY4 (Prop_carry4_CI_CO[3])
                                                      0.053     1.083 r  student_top_inst/u_KLDJ_top/exu2/u_KLDJ_alu/u_alu_add/unsigned_lt_carry__1/CO[3]
                         net (fo=1, routed)           0.000     1.083    student_top_inst/u_KLDJ_top/exu2/u_KLDJ_alu/u_alu_add/unsigned_lt_carry__1_n_0
    SLICE_X65Y65         CARRY4 (Prop_carry4_CI_CO[3])
                                                      0.053     1.136 r  student_top_inst/u_KLDJ_top/exu2/u_KLDJ_alu/u_alu_add/unsigned_lt_carry__2/CO[3]
                         net (fo=3, routed)           0.479     1.615    student_top_inst/u_KLDJ_top/u_pipe_id_ex/ex_mem_exu_res[0]_i_5_0[0]
    SLICE_X64Y67         LUT5 (Prop_lut5_I0_O)        0.043     1.658 r  student_top_inst/u_KLDJ_top/u_pipe_id_ex/ghr[0]_i_8/O
                         net (fo=1, routed)           0.104     1.762    student_top_inst/u_KLDJ_top/u_pipe_id_ex/ghr[0]_i_8_n_0
    SLICE_X64Y67         LUT6 (Prop_lut6_I5_O)        0.043     1.805 f  student_top_inst/u_KLDJ_top/u_pipe_id_ex/ghr[0]_i_4/O
                         net (fo=34, routed)          0.437     2.242    student_top_inst/u_KLDJ_top/u_pipe_id_ex/ghr[0]_i_4_n_0
    SLICE_X58Y69         LUT4 (Prop_lut4_I2_O)        0.043     2.285 r  student_top_inst/u_KLDJ_top/u_pipe_id_ex/update_target_q[5]_i_3/O
                         net (fo=1, routed)           0.336     2.621    student_top_inst/u_KLDJ_top/u_pipe_id_ex/update_target_q[5]_i_3_n_0
    SLICE_X58Y70         LUT6 (Prop_lut6_I2_O)        0.043     2.664 r  student_top_inst/u_KLDJ_top/u_pipe_id_ex/update_target_q[5]_i_1_comp/O
                         net (fo=3, routed)           0.284     2.948    student_top_inst/u_KLDJ_top/u_pipe_id_ex/id_ex_exu_op_reg[0]_0[5]
    SLICE_X60Y71         LUT6 (Prop_lut6_I4_O)        0.043     2.991 r  student_top_inst/u_KLDJ_top/u_pipe_id_ex/id_ex_pred_taken_i_17/O
                         net (fo=1, routed)           0.000     2.991    student_top_inst/u_KLDJ_top/u_pipe_id_ex/id_ex_pred_taken_i_17_n_0
    SLICE_X60Y71         CARRY4 (Prop_carry4_S[1]_CO[3])
                                                      0.267     3.258 r  student_top_inst/u_KLDJ_top/u_pipe_id_ex/id_ex_pred_taken_reg_i_10/CO[3]
                         net (fo=1, routed)           0.000     3.258    student_top_inst/u_KLDJ_top/u_pipe_id_ex/id_ex_pred_taken_reg_i_10_n_0
    SLICE_X60Y72         CARRY4 (Prop_carry4_CI_CO[3])
                                                      0.053     3.311 r  student_top_inst/u_KLDJ_top/u_pipe_id_ex/id_ex_pred_taken_reg_i_6/CO[3]
                         net (fo=1, routed)           0.000     3.311    student_top_inst/u_KLDJ_top/u_pipe_id_ex/id_ex_pred_taken_reg_i_6_n_0
    SLICE_X60Y73         CARRY4 (Prop_carry4_CI_CO[2])
                                                      0.110     3.421 r  student_top_inst/u_KLDJ_top/u_pipe_id_ex/id_ex_pred_taken_reg_i_5/CO[2]
                         net (fo=2, routed)           0.238     3.659    student_top_inst/u_KLDJ_top/u_pipe_id_ex/u_ex_bpu_ctrl/indirect_target_miss0
    SLICE_X61Y73         LUT5 (Prop_lut5_I4_O)        0.129     3.788 r  student_top_inst/u_KLDJ_top/u_pipe_id_ex/pc_reg[31]_i_5/O
                         net (fo=38, routed)          0.360     4.148    student_top_inst/u_KLDJ_top/u_pipe_id_ex/pc_reg[31]_i_5_n_0
    SLICE_X62Y73         MUXF7 (Prop_muxf7_S_O)       0.171     4.319 r  student_top_inst/u_KLDJ_top/u_pipe_id_ex/pc_reg_reg[5]_i_1/O
                         net (fo=1, routed)           0.367     4.686    student_top_inst/u_KLDJ_top/ifu0/pc_reg_reg[31]_2[5]
    SLICE_X61Y72         FDRE                                         r  student_top_inst/u_KLDJ_top/ifu0/pc_reg_reg[5]/D
  -------------------------------------------------------------------    -------------------

                         (clock clk_out2_pll rise edge)
                                                      5.714     5.714 r  
    AD12                                              0.000     5.714 r  i_sys_clk_p (IN)
                         net (fo=0)                   0.000     5.714    pll_inst/inst/clk_in1_p
    AD12                 IBUFDS (Prop_ibufds_I_O)     0.803     6.518 r  pll_inst/inst/clkin1_ibufgds/O
                         net (fo=1, routed)           1.001     7.519    pll_inst/inst/clk_in1_pll
    PLLE2_ADV_X1Y1       PLLE2_ADV (Prop_plle2_adv_CLKIN1_CLKOUT1)
                                                     -7.261     0.258 r  pll_inst/inst/plle2_adv_inst/CLKOUT1
                         net (fo=1, routed)           2.003     2.261    pll_inst/inst/clk_out2_pll
    BUFGCTRL_X0Y0        BUFG (Prop_bufg_I_O)         0.083     2.344 r  pll_inst/inst/clkout2_buf/O
                         net (fo=6000, routed)        1.418     3.762    student_top_inst/u_KLDJ_top/ifu0/clk_out2
    SLICE_X61Y72         FDRE                                         r  student_top_inst/u_KLDJ_top/ifu0/pc_reg_reg[5]/C
                         clock pessimism             -0.373     3.389    
                         clock uncertainty           -0.077     3.312    
    SLICE_X61Y72         FDRE (Setup_fdre_C_D)       -0.110     3.202    student_top_inst/u_KLDJ_top/ifu0/pc_reg_reg[5]
  -------------------------------------------------------------------
                         required time                          3.202    
                         arrival time                          -4.686    
  -------------------------------------------------------------------
                         slack                                 -1.484    

Slack (VIOLATED) :        -1.439ns  (required time - arrival time)
  Source:                 student_top_inst/u_KLDJ_top/u_pipe_mem_wb/mem_wb_wb_ctl_reg/C
                            (rising edge-triggered cell FDRE clocked by clk_out2_pll  {rise@0.000ns fall@2.857ns period=5.714ns})
  Destination:            student_top_inst/u_KLDJ_top/ifu0/pc_reg_reg[24]/CE
                            (rising edge-triggered cell FDRE clocked by clk_out2_pll  {rise@0.000ns fall@2.857ns period=5.714ns})
  Path Group:             clk_out2_pll
  Path Type:              Setup (Max at Slow Process Corner)
  Requirement:            5.714ns  (clk_out2_pll rise@5.714ns - clk_out2_pll rise@0.000ns)
  Data Path Delay:        6.824ns  (logic 1.594ns (23.360%)  route 5.230ns (76.640%))
  Logic Levels:           19  (CARRY4=6 LUT3=2 LUT4=1 LUT5=3 LUT6=7)
  Clock Path Skew:        -0.052ns (DCD - SCD + CPR)
    Destination Clock Delay (DCD):    -1.950ns = ( 3.765 - 5.714 ) 
    Source Clock Delay      (SCD):    -2.270ns
    Clock Pessimism Removal (CPR):    -0.373ns
  Clock Uncertainty:      0.077ns  ((TSJ^2 + DJ^2)^1/2) / 2 + PE
    Total System Jitter     (TSJ):    0.071ns
    Discrete Jitter          (DJ):    0.137ns
    Phase Error              (PE):    0.000ns

    Location             Delay type                Incr(ns)  Path(ns)    Netlist Resource(s)
  -------------------------------------------------------------------    -------------------
                         (clock clk_out2_pll rise edge)
                                                      0.000     0.000 r  
    AD12                                              0.000     0.000 r  i_sys_clk_p (IN)
                         net (fo=0)                   0.000     0.000    pll_inst/inst/clk_in1_p
    AD12                 IBUFDS (Prop_ibufds_I_O)     0.906     0.906 r  pll_inst/inst/clkin1_ibufgds/O
                         net (fo=1, routed)           1.098     2.004    pll_inst/inst/clk_in1_pll
    PLLE2_ADV_X1Y1       PLLE2_ADV (Prop_plle2_adv_CLKIN1_CLKOUT1)
                                                     -8.058    -6.054 r  pll_inst/inst/plle2_adv_inst/CLKOUT1
                         net (fo=1, routed)           2.128    -3.926    pll_inst/inst/clk_out2_pll
    BUFGCTRL_X0Y0        BUFG (Prop_bufg_I_O)         0.093    -3.833 r  pll_inst/inst/clkout2_buf/O
                         net (fo=6000, routed)        1.563    -2.270    student_top_inst/u_KLDJ_top/u_pipe_mem_wb/clk_out2
    SLICE_X68Y58         FDRE                                         r  student_top_inst/u_KLDJ_top/u_pipe_mem_wb/mem_wb_wb_ctl_reg/C
  -------------------------------------------------------------------    -------------------
    SLICE_X68Y58         FDRE (Prop_fdre_C_Q)         0.223    -2.047 r  student_top_inst/u_KLDJ_top/u_pipe_mem_wb/mem_wb_wb_ctl_reg/Q
                         net (fo=34, routed)          0.667    -1.381    student_top_inst/u_KLDJ_top/u_pipe_mem_wb/mem_wb_wb_ctl
    SLICE_X65Y59         LUT6 (Prop_lut6_I5_O)        0.043    -1.338 r  student_top_inst/u_KLDJ_top/u_pipe_mem_wb/mem_wb_forward_valid/i_/O
                         net (fo=2, routed)           0.352    -0.986    student_top_inst/u_KLDJ_top/u_pipe_mem_wb/mem_wb_forward_valid/i__n_0
    SLICE_X65Y59         LUT6 (Prop_lut6_I2_O)        0.043    -0.943 f  student_top_inst/u_KLDJ_top/u_pipe_mem_wb/rs2_q[31]_i_9/O
                         net (fo=1, routed)           0.150    -0.793    student_top_inst/u_KLDJ_top/u_pipe_mem_wb/rs2_q[31]_i_9_n_0
    SLICE_X65Y59         LUT6 (Prop_lut6_I4_O)        0.043    -0.750 r  student_top_inst/u_KLDJ_top/u_pipe_mem_wb/rs2_q[31]_i_4/O
                         net (fo=28, routed)          0.404    -0.346    student_top_inst/u_KLDJ_top/u_pipe_id_ex/rs2_q_reg[5]
    SLICE_X68Y60         LUT5 (Prop_lut5_I3_O)        0.043    -0.303 r  student_top_inst/u_KLDJ_top/u_pipe_id_ex/rs2_q[15]_i_2/O
                         net (fo=4, routed)           0.191    -0.112    student_top_inst/u_KLDJ_top/u_pipe_id_ex/rs2_q[15]_i_2_n_0
    SLICE_X68Y61         LUT3 (Prop_lut3_I0_O)        0.043    -0.069 r  student_top_inst/u_KLDJ_top/u_pipe_id_ex/rs2_q[15]_i_1/O
                         net (fo=14, routed)          0.336     0.267    student_top_inst/u_KLDJ_top/u_pipe_id_ex/ex_data2[15]
    SLICE_X67Y62         LUT6 (Prop_lut6_I5_O)        0.043     0.310 r  student_top_inst/u_KLDJ_top/u_pipe_id_ex/unsigned_lt_carry__0_i_1/O
                         net (fo=1, routed)           0.529     0.840    student_top_inst/u_KLDJ_top/exu2/u_KLDJ_alu/u_alu_add/unsigned_lt_carry__1_0[3]
    SLICE_X65Y63         CARRY4 (Prop_carry4_DI[3]_CO[3])
                                                      0.190     1.030 r  student_top_inst/u_KLDJ_top/exu2/u_KLDJ_alu/u_alu_add/unsigned_lt_carry__0/CO[3]
                         net (fo=1, routed)           0.000     1.030    student_top_inst/u_KLDJ_top/exu2/u_KLDJ_alu/u_alu_add/unsigned_lt_carry__0_n_0
    SLICE_X65Y64         CARRY4 (Prop_carry4_CI_CO[3])
                                                      0.053     1.083 r  student_top_inst/u_KLDJ_top/exu2/u_KLDJ_alu/u_alu_add/unsigned_lt_carry__1/CO[3]
                         net (fo=1, routed)           0.000     1.083    student_top_inst/u_KLDJ_top/exu2/u_KLDJ_alu/u_alu_add/unsigned_lt_carry__1_n_0
    SLICE_X65Y65         CARRY4 (Prop_carry4_CI_CO[3])
                                                      0.053     1.136 r  student_top_inst/u_KLDJ_top/exu2/u_KLDJ_alu/u_alu_add/unsigned_lt_carry__2/CO[3]
                         net (fo=3, routed)           0.479     1.615    student_top_inst/u_KLDJ_top/u_pipe_id_ex/ex_mem_exu_res[0]_i_5_0[0]
    SLICE_X64Y67         LUT5 (Prop_lut5_I0_O)        0.043     1.658 r  student_top_inst/u_KLDJ_top/u_pipe_id_ex/ghr[0]_i_8/O
                         net (fo=1, routed)           0.104     1.762    student_top_inst/u_KLDJ_top/u_pipe_id_ex/ghr[0]_i_8_n_0
    SLICE_X64Y67         LUT6 (Prop_lut6_I5_O)        0.043     1.805 f  student_top_inst/u_KLDJ_top/u_pipe_id_ex/ghr[0]_i_4/O
                         net (fo=34, routed)          0.437     2.242    student_top_inst/u_KLDJ_top/u_pipe_id_ex/ghr[0]_i_4_n_0
    SLICE_X58Y69         LUT4 (Prop_lut4_I2_O)        0.043     2.285 r  student_top_inst/u_KLDJ_top/u_pipe_id_ex/update_target_q[5]_i_3/O
                         net (fo=1, routed)           0.336     2.621    student_top_inst/u_KLDJ_top/u_pipe_id_ex/update_target_q[5]_i_3_n_0
    SLICE_X58Y70         LUT6 (Prop_lut6_I2_O)        0.043     2.664 r  student_top_inst/u_KLDJ_top/u_pipe_id_ex/update_target_q[5]_i_1_comp/O
                         net (fo=3, routed)           0.284     2.948    student_top_inst/u_KLDJ_top/u_pipe_id_ex/id_ex_exu_op_reg[0]_0[5]
    SLICE_X60Y71         LUT6 (Prop_lut6_I4_O)        0.043     2.991 r  student_top_inst/u_KLDJ_top/u_pipe_id_ex/id_ex_pred_taken_i_17/O
                         net (fo=1, routed)           0.000     2.991    student_top_inst/u_KLDJ_top/u_pipe_id_ex/id_ex_pred_taken_i_17_n_0
    SLICE_X60Y71         CARRY4 (Prop_carry4_S[1]_CO[3])
                                                      0.267     3.258 r  student_top_inst/u_KLDJ_top/u_pipe_id_ex/id_ex_pred_taken_reg_i_10/CO[3]
                         net (fo=1, routed)           0.000     3.258    student_top_inst/u_KLDJ_top/u_pipe_id_ex/id_ex_pred_taken_reg_i_10_n_0
    SLICE_X60Y72         CARRY4 (Prop_carry4_CI_CO[3])
                                                      0.053     3.311 r  student_top_inst/u_KLDJ_top/u_pipe_id_ex/id_ex_pred_taken_reg_i_6/CO[3]
                         net (fo=1, routed)           0.000     3.311    student_top_inst/u_KLDJ_top/u_pipe_id_ex/id_ex_pred_taken_reg_i_6_n_0
    SLICE_X60Y73         CARRY4 (Prop_carry4_CI_CO[2])
                                                      0.110     3.421 r  student_top_inst/u_KLDJ_top/u_pipe_id_ex/id_ex_pred_taken_reg_i_5/CO[2]
                         net (fo=2, routed)           0.238     3.659    student_top_inst/u_KLDJ_top/u_pipe_id_ex/u_ex_bpu_ctrl/indirect_target_miss0
    SLICE_X61Y73         LUT5 (Prop_lut5_I4_O)        0.129     3.788 r  student_top_inst/u_KLDJ_top/u_pipe_id_ex/pc_reg[31]_i_5/O
                         net (fo=38, routed)          0.299     4.087    student_top_inst/u_KLDJ_top/u_pipe_id_ex/pc_reg[31]_i_5_n_0
    SLICE_X63Y72         LUT3 (Prop_lut3_I2_O)        0.043     4.130 r  student_top_inst/u_KLDJ_top/u_pipe_id_ex/pc_reg[31]_i_1/O
                         net (fo=32, routed)          0.424     4.553    student_top_inst/u_KLDJ_top/ifu0/E[0]
    SLICE_X61Y70         FDRE                                         r  student_top_inst/u_KLDJ_top/ifu0/pc_reg_reg[24]/CE
  -------------------------------------------------------------------    -------------------

                         (clock clk_out2_pll rise edge)
                                                      5.714     5.714 r  
    AD12                                              0.000     5.714 r  i_sys_clk_p (IN)
                         net (fo=0)                   0.000     5.714    pll_inst/inst/clk_in1_p
    AD12                 IBUFDS (Prop_ibufds_I_O)     0.803     6.518 r  pll_inst/inst/clkin1_ibufgds/O
                         net (fo=1, routed)           1.001     7.519    pll_inst/inst/clk_in1_pll
    PLLE2_ADV_X1Y1       PLLE2_ADV (Prop_plle2_adv_CLKIN1_CLKOUT1)
                                                     -7.261     0.258 r  pll_inst/inst/plle2_adv_inst/CLKOUT1
                         net (fo=1, routed)           2.003     2.261    pll_inst/inst/clk_out2_pll
    BUFGCTRL_X0Y0        BUFG (Prop_bufg_I_O)         0.083     2.344 r  pll_inst/inst/clkout2_buf/O
                         net (fo=6000, routed)        1.421     3.765    student_top_inst/u_KLDJ_top/ifu0/clk_out2
    SLICE_X61Y70         FDRE                                         r  student_top_inst/u_KLDJ_top/ifu0/pc_reg_reg[24]/C
                         clock pessimism             -0.373     3.392    
                         clock uncertainty           -0.077     3.315    
    SLICE_X61Y70         FDRE (Setup_fdre_C_CE)      -0.201     3.114    student_top_inst/u_KLDJ_top/ifu0/pc_reg_reg[24]
  -------------------------------------------------------------------
                         required time                          3.114    
                         arrival time                          -4.553    
  -------------------------------------------------------------------
                         slack                                 -1.439    

Slack (VIOLATED) :        -1.432ns  (required time - arrival time)
  Source:                 student_top_inst/u_KLDJ_top/u_pipe_mem_wb/mem_wb_wb_ctl_reg/C
                            (rising edge-triggered cell FDRE clocked by clk_out2_pll  {rise@0.000ns fall@2.857ns period=5.714ns})
  Destination:            student_top_inst/u_KLDJ_top/ifu0/pc_reg_reg[28]/CE
                            (rising edge-triggered cell FDRE clocked by clk_out2_pll  {rise@0.000ns fall@2.857ns period=5.714ns})
  Path Group:             clk_out2_pll
  Path Type:              Setup (Max at Slow Process Corner)
  Requirement:            5.714ns  (clk_out2_pll rise@5.714ns - clk_out2_pll rise@0.000ns)
  Data Path Delay:        6.833ns  (logic 1.594ns (23.327%)  route 5.239ns (76.673%))
  Logic Levels:           19  (CARRY4=6 LUT3=2 LUT4=1 LUT5=3 LUT6=7)
  Clock Path Skew:        -0.035ns (DCD - SCD + CPR)
    Destination Clock Delay (DCD):    -1.954ns = ( 3.761 - 5.714 ) 
    Source Clock Delay      (SCD):    -2.270ns
    Clock Pessimism Removal (CPR):    -0.352ns
  Clock Uncertainty:      0.077ns  ((TSJ^2 + DJ^2)^1/2) / 2 + PE
    Total System Jitter     (TSJ):    0.071ns
    Discrete Jitter          (DJ):    0.137ns
    Phase Error              (PE):    0.000ns

    Location             Delay type                Incr(ns)  Path(ns)    Netlist Resource(s)
  -------------------------------------------------------------------    -------------------
                         (clock clk_out2_pll rise edge)
                                                      0.000     0.000 r  
    AD12                                              0.000     0.000 r  i_sys_clk_p (IN)
                         net (fo=0)                   0.000     0.000    pll_inst/inst/clk_in1_p
    AD12                 IBUFDS (Prop_ibufds_I_O)     0.906     0.906 r  pll_inst/inst/clkin1_ibufgds/O
                         net (fo=1, routed)           1.098     2.004    pll_inst/inst/clk_in1_pll
    PLLE2_ADV_X1Y1       PLLE2_ADV (Prop_plle2_adv_CLKIN1_CLKOUT1)
                                                     -8.058    -6.054 r  pll_inst/inst/plle2_adv_inst/CLKOUT1
                         net (fo=1, routed)           2.128    -3.926    pll_inst/inst/clk_out2_pll
    BUFGCTRL_X0Y0        BUFG (Prop_bufg_I_O)         0.093    -3.833 r  pll_inst/inst/clkout2_buf/O
                         net (fo=6000, routed)        1.563    -2.270    student_top_inst/u_KLDJ_top/u_pipe_mem_wb/clk_out2
    SLICE_X68Y58         FDRE                                         r  student_top_inst/u_KLDJ_top/u_pipe_mem_wb/mem_wb_wb_ctl_reg/C
  -------------------------------------------------------------------    -------------------
    SLICE_X68Y58         FDRE (Prop_fdre_C_Q)         0.223    -2.047 r  student_top_inst/u_KLDJ_top/u_pipe_mem_wb/mem_wb_wb_ctl_reg/Q
                         net (fo=34, routed)          0.667    -1.381    student_top_inst/u_KLDJ_top/u_pipe_mem_wb/mem_wb_wb_ctl
    SLICE_X65Y59         LUT6 (Prop_lut6_I5_O)        0.043    -1.338 r  student_top_inst/u_KLDJ_top/u_pipe_mem_wb/mem_wb_forward_valid/i_/O
                         net (fo=2, routed)           0.352    -0.986    student_top_inst/u_KLDJ_top/u_pipe_mem_wb/mem_wb_forward_valid/i__n_0
    SLICE_X65Y59         LUT6 (Prop_lut6_I2_O)        0.043    -0.943 f  student_top_inst/u_KLDJ_top/u_pipe_mem_wb/rs2_q[31]_i_9/O
                         net (fo=1, routed)           0.150    -0.793    student_top_inst/u_KLDJ_top/u_pipe_mem_wb/rs2_q[31]_i_9_n_0
    SLICE_X65Y59         LUT6 (Prop_lut6_I4_O)        0.043    -0.750 r  student_top_inst/u_KLDJ_top/u_pipe_mem_wb/rs2_q[31]_i_4/O
                         net (fo=28, routed)          0.404    -0.346    student_top_inst/u_KLDJ_top/u_pipe_id_ex/rs2_q_reg[5]
    SLICE_X68Y60         LUT5 (Prop_lut5_I3_O)        0.043    -0.303 r  student_top_inst/u_KLDJ_top/u_pipe_id_ex/rs2_q[15]_i_2/O
                         net (fo=4, routed)           0.191    -0.112    student_top_inst/u_KLDJ_top/u_pipe_id_ex/rs2_q[15]_i_2_n_0
    SLICE_X68Y61         LUT3 (Prop_lut3_I0_O)        0.043    -0.069 r  student_top_inst/u_KLDJ_top/u_pipe_id_ex/rs2_q[15]_i_1/O
                         net (fo=14, routed)          0.336     0.267    student_top_inst/u_KLDJ_top/u_pipe_id_ex/ex_data2[15]
    SLICE_X67Y62         LUT6 (Prop_lut6_I5_O)        0.043     0.310 r  student_top_inst/u_KLDJ_top/u_pipe_id_ex/unsigned_lt_carry__0_i_1/O
                         net (fo=1, routed)           0.529     0.840    student_top_inst/u_KLDJ_top/exu2/u_KLDJ_alu/u_alu_add/unsigned_lt_carry__1_0[3]
    SLICE_X65Y63         CARRY4 (Prop_carry4_DI[3]_CO[3])
                                                      0.190     1.030 r  student_top_inst/u_KLDJ_top/exu2/u_KLDJ_alu/u_alu_add/unsigned_lt_carry__0/CO[3]
                         net (fo=1, routed)           0.000     1.030    student_top_inst/u_KLDJ_top/exu2/u_KLDJ_alu/u_alu_add/unsigned_lt_carry__0_n_0
    SLICE_X65Y64         CARRY4 (Prop_carry4_CI_CO[3])
                                                      0.053     1.083 r  student_top_inst/u_KLDJ_top/exu2/u_KLDJ_alu/u_alu_add/unsigned_lt_carry__1/CO[3]
                         net (fo=1, routed)           0.000     1.083    student_top_inst/u_KLDJ_top/exu2/u_KLDJ_alu/u_alu_add/unsigned_lt_carry__1_n_0
    SLICE_X65Y65         CARRY4 (Prop_carry4_CI_CO[3])
                                                      0.053     1.136 r  student_top_inst/u_KLDJ_top/exu2/u_KLDJ_alu/u_alu_add/unsigned_lt_carry__2/CO[3]
                         net (fo=3, routed)           0.479     1.615    student_top_inst/u_KLDJ_top/u_pipe_id_ex/ex_mem_exu_res[0]_i_5_0[0]
    SLICE_X64Y67         LUT5 (Prop_lut5_I0_O)        0.043     1.658 r  student_top_inst/u_KLDJ_top/u_pipe_id_ex/ghr[0]_i_8/O
                         net (fo=1, routed)           0.104     1.762    student_top_inst/u_KLDJ_top/u_pipe_id_ex/ghr[0]_i_8_n_0
    SLICE_X64Y67         LUT6 (Prop_lut6_I5_O)        0.043     1.805 f  student_top_inst/u_KLDJ_top/u_pipe_id_ex/ghr[0]_i_4/O
                         net (fo=34, routed)          0.437     2.242    student_top_inst/u_KLDJ_top/u_pipe_id_ex/ghr[0]_i_4_n_0
    SLICE_X58Y69         LUT4 (Prop_lut4_I2_O)        0.043     2.285 r  student_top_inst/u_KLDJ_top/u_pipe_id_ex/update_target_q[5]_i_3/O
                         net (fo=1, routed)           0.336     2.621    student_top_inst/u_KLDJ_top/u_pipe_id_ex/update_target_q[5]_i_3_n_0
    SLICE_X58Y70         LUT6 (Prop_lut6_I2_O)        0.043     2.664 r  student_top_inst/u_KLDJ_top/u_pipe_id_ex/update_target_q[5]_i_1_comp/O
                         net (fo=3, routed)           0.284     2.948    student_top_inst/u_KLDJ_top/u_pipe_id_ex/id_ex_exu_op_reg[0]_0[5]
    SLICE_X60Y71         LUT6 (Prop_lut6_I4_O)        0.043     2.991 r  student_top_inst/u_KLDJ_top/u_pipe_id_ex/id_ex_pred_taken_i_17/O
                         net (fo=1, routed)           0.000     2.991    student_top_inst/u_KLDJ_top/u_pipe_id_ex/id_ex_pred_taken_i_17_n_0
    SLICE_X60Y71         CARRY4 (Prop_carry4_S[1]_CO[3])
                                                      0.267     3.258 r  student_top_inst/u_KLDJ_top/u_pipe_id_ex/id_ex_pred_taken_reg_i_10/CO[3]
                         net (fo=1, routed)           0.000     3.258    student_top_inst/u_KLDJ_top/u_pipe_id_ex/id_ex_pred_taken_reg_i_10_n_0
    SLICE_X60Y72         CARRY4 (Prop_carry4_CI_CO[3])
                                                      0.053     3.311 r  student_top_inst/u_KLDJ_top/u_pipe_id_ex/id_ex_pred_taken_reg_i_6/CO[3]
                         net (fo=1, routed)           0.000     3.311    student_top_inst/u_KLDJ_top/u_pipe_id_ex/id_ex_pred_taken_reg_i_6_n_0
    SLICE_X60Y73         CARRY4 (Prop_carry4_CI_CO[2])
                                                      0.110     3.421 r  student_top_inst/u_KLDJ_top/u_pipe_id_ex/id_ex_pred_taken_reg_i_5/CO[2]
                         net (fo=2, routed)           0.238     3.659    student_top_inst/u_KLDJ_top/u_pipe_id_ex/u_ex_bpu_ctrl/indirect_target_miss0
    SLICE_X61Y73         LUT5 (Prop_lut5_I4_O)        0.129     3.788 r  student_top_inst/u_KLDJ_top/u_pipe_id_ex/pc_reg[31]_i_5/O
                         net (fo=38, routed)          0.299     4.087    student_top_inst/u_KLDJ_top/u_pipe_id_ex/pc_reg[31]_i_5_n_0
    SLICE_X63Y72         LUT3 (Prop_lut3_I2_O)        0.043     4.130 r  student_top_inst/u_KLDJ_top/u_pipe_id_ex/pc_reg[31]_i_1/O
                         net (fo=32, routed)          0.433     4.563    student_top_inst/u_KLDJ_top/ifu0/E[0]
    SLICE_X67Y71         FDRE                                         r  student_top_inst/u_KLDJ_top/ifu0/pc_reg_reg[28]/CE
  -------------------------------------------------------------------    -------------------

                         (clock clk_out2_pll rise edge)
                                                      5.714     5.714 r  
    AD12                                              0.000     5.714 r  i_sys_clk_p (IN)
                         net (fo=0)                   0.000     5.714    pll_inst/inst/clk_in1_p
    AD12                 IBUFDS (Prop_ibufds_I_O)     0.803     6.518 r  pll_inst/inst/clkin1_ibufgds/O
                         net (fo=1, routed)           1.001     7.519    pll_inst/inst/clk_in1_pll
    PLLE2_ADV_X1Y1       PLLE2_ADV (Prop_plle2_adv_CLKIN1_CLKOUT1)
                                                     -7.261     0.258 r  pll_inst/inst/plle2_adv_inst/CLKOUT1
                         net (fo=1, routed)           2.003     2.261    pll_inst/inst/clk_out2_pll
    BUFGCTRL_X0Y0        BUFG (Prop_bufg_I_O)         0.083     2.344 r  pll_inst/inst/clkout2_buf/O
                         net (fo=6000, routed)        1.417     3.761    student_top_inst/u_KLDJ_top/ifu0/clk_out2
    SLICE_X67Y71         FDRE                                         r  student_top_inst/u_KLDJ_top/ifu0/pc_reg_reg[28]/C
                         clock pessimism             -0.352     3.409    
                         clock uncertainty           -0.077     3.332    
    SLICE_X67Y71         FDRE (Setup_fdre_C_CE)      -0.201     3.131    student_top_inst/u_KLDJ_top/ifu0/pc_reg_reg[28]
  -------------------------------------------------------------------
                         required time                          3.131    
                         arrival time                          -4.563    
  -------------------------------------------------------------------
                         slack                                 -1.432    

Slack (VIOLATED) :        -1.421ns  (required time - arrival time)
  Source:                 student_top_inst/u_KLDJ_top/u_pipe_mem_wb/mem_wb_wb_ctl_reg/C
                            (rising edge-triggered cell FDRE clocked by clk_out2_pll  {rise@0.000ns fall@2.857ns period=5.714ns})
  Destination:            student_top_inst/u_KLDJ_top/u_pipe_id_ex/id_ex_rs2_ren_reg/R
                            (rising edge-triggered cell FDRE clocked by clk_out2_pll  {rise@0.000ns fall@2.857ns period=5.714ns})
  Path Group:             clk_out2_pll
  Path Type:              Setup (Max at Slow Process Corner)
  Requirement:            5.714ns  (clk_out2_pll rise@5.714ns - clk_out2_pll rise@0.000ns)
  Data Path Delay:        6.704ns  (logic 1.594ns (23.778%)  route 5.110ns (76.222%))
  Logic Levels:           19  (CARRY4=6 LUT3=2 LUT4=1 LUT5=3 LUT6=7)
  Clock Path Skew:        -0.051ns (DCD - SCD + CPR)
    Destination Clock Delay (DCD):    -1.949ns = ( 3.766 - 5.714 ) 
    Source Clock Delay      (SCD):    -2.270ns
    Clock Pessimism Removal (CPR):    -0.373ns
  Clock Uncertainty:      0.077ns  ((TSJ^2 + DJ^2)^1/2) / 2 + PE
    Total System Jitter     (TSJ):    0.071ns
    Discrete Jitter          (DJ):    0.137ns
    Phase Error              (PE):    0.000ns

    Location             Delay type                Incr(ns)  Path(ns)    Netlist Resource(s)
  -------------------------------------------------------------------    -------------------
                         (clock clk_out2_pll rise edge)
                                                      0.000     0.000 r  
    AD12                                              0.000     0.000 r  i_sys_clk_p (IN)
                         net (fo=0)                   0.000     0.000    pll_inst/inst/clk_in1_p
    AD12                 IBUFDS (Prop_ibufds_I_O)     0.906     0.906 r  pll_inst/inst/clkin1_ibufgds/O
                         net (fo=1, routed)           1.098     2.004    pll_inst/inst/clk_in1_pll
    PLLE2_ADV_X1Y1       PLLE2_ADV (Prop_plle2_adv_CLKIN1_CLKOUT1)
                                                     -8.058    -6.054 r  pll_inst/inst/plle2_adv_inst/CLKOUT1
                         net (fo=1, routed)           2.128    -3.926    pll_inst/inst/clk_out2_pll
    BUFGCTRL_X0Y0        BUFG (Prop_bufg_I_O)         0.093    -3.833 r  pll_inst/inst/clkout2_buf/O
                         net (fo=6000, routed)        1.563    -2.270    student_top_inst/u_KLDJ_top/u_pipe_mem_wb/clk_out2
    SLICE_X68Y58         FDRE                                         r  student_top_inst/u_KLDJ_top/u_pipe_mem_wb/mem_wb_wb_ctl_reg/C
  -------------------------------------------------------------------    -------------------
    SLICE_X68Y58         FDRE (Prop_fdre_C_Q)         0.223    -2.047 r  student_top_inst/u_KLDJ_top/u_pipe_mem_wb/mem_wb_wb_ctl_reg/Q
                         net (fo=34, routed)          0.667    -1.381    student_top_inst/u_KLDJ_top/u_pipe_mem_wb/mem_wb_wb_ctl
    SLICE_X65Y59         LUT6 (Prop_lut6_I5_O)        0.043    -1.338 r  student_top_inst/u_KLDJ_top/u_pipe_mem_wb/mem_wb_forward_valid/i_/O
                         net (fo=2, routed)           0.352    -0.986    student_top_inst/u_KLDJ_top/u_pipe_mem_wb/mem_wb_forward_valid/i__n_0
    SLICE_X65Y59         LUT6 (Prop_lut6_I2_O)        0.043    -0.943 f  student_top_inst/u_KLDJ_top/u_pipe_mem_wb/rs2_q[31]_i_9/O
                         net (fo=1, routed)           0.150    -0.793    student_top_inst/u_KLDJ_top/u_pipe_mem_wb/rs2_q[31]_i_9_n_0
    SLICE_X65Y59         LUT6 (Prop_lut6_I4_O)        0.043    -0.750 r  student_top_inst/u_KLDJ_top/u_pipe_mem_wb/rs2_q[31]_i_4/O
                         net (fo=28, routed)          0.404    -0.346    student_top_inst/u_KLDJ_top/u_pipe_id_ex/rs2_q_reg[5]
    SLICE_X68Y60         LUT5 (Prop_lut5_I3_O)        0.043    -0.303 r  student_top_inst/u_KLDJ_top/u_pipe_id_ex/rs2_q[15]_i_2/O
                         net (fo=4, routed)           0.191    -0.112    student_top_inst/u_KLDJ_top/u_pipe_id_ex/rs2_q[15]_i_2_n_0
    SLICE_X68Y61         LUT3 (Prop_lut3_I0_O)        0.043    -0.069 r  student_top_inst/u_KLDJ_top/u_pipe_id_ex/rs2_q[15]_i_1/O
                         net (fo=14, routed)          0.336     0.267    student_top_inst/u_KLDJ_top/u_pipe_id_ex/ex_data2[15]
    SLICE_X67Y62         LUT6 (Prop_lut6_I5_O)        0.043     0.310 r  student_top_inst/u_KLDJ_top/u_pipe_id_ex/unsigned_lt_carry__0_i_1/O
                         net (fo=1, routed)           0.529     0.840    student_top_inst/u_KLDJ_top/exu2/u_KLDJ_alu/u_alu_add/unsigned_lt_carry__1_0[3]
    SLICE_X65Y63         CARRY4 (Prop_carry4_DI[3]_CO[3])
                                                      0.190     1.030 r  student_top_inst/u_KLDJ_top/exu2/u_KLDJ_alu/u_alu_add/unsigned_lt_carry__0/CO[3]
                         net (fo=1, routed)           0.000     1.030    student_top_inst/u_KLDJ_top/exu2/u_KLDJ_alu/u_alu_add/unsigned_lt_carry__0_n_0
    SLICE_X65Y64         CARRY4 (Prop_carry4_CI_CO[3])
                                                      0.053     1.083 r  student_top_inst/u_KLDJ_top/exu2/u_KLDJ_alu/u_alu_add/unsigned_lt_carry__1/CO[3]
                         net (fo=1, routed)           0.000     1.083    student_top_inst/u_KLDJ_top/exu2/u_KLDJ_alu/u_alu_add/unsigned_lt_carry__1_n_0
    SLICE_X65Y65         CARRY4 (Prop_carry4_CI_CO[3])
                                                      0.053     1.136 r  student_top_inst/u_KLDJ_top/exu2/u_KLDJ_alu/u_alu_add/unsigned_lt_carry__2/CO[3]
                         net (fo=3, routed)           0.479     1.615    student_top_inst/u_KLDJ_top/u_pipe_id_ex/ex_mem_exu_res[0]_i_5_0[0]
    SLICE_X64Y67         LUT5 (Prop_lut5_I0_O)        0.043     1.658 r  student_top_inst/u_KLDJ_top/u_pipe_id_ex/ghr[0]_i_8/O
                         net (fo=1, routed)           0.104     1.762    student_top_inst/u_KLDJ_top/u_pipe_id_ex/ghr[0]_i_8_n_0
    SLICE_X64Y67         LUT6 (Prop_lut6_I5_O)        0.043     1.805 f  student_top_inst/u_KLDJ_top/u_pipe_id_ex/ghr[0]_i_4/O
                         net (fo=34, routed)          0.437     2.242    student_top_inst/u_KLDJ_top/u_pipe_id_ex/ghr[0]_i_4_n_0
    SLICE_X58Y69         LUT4 (Prop_lut4_I2_O)        0.043     2.285 r  student_top_inst/u_KLDJ_top/u_pipe_id_ex/update_target_q[5]_i_3/O
                         net (fo=1, routed)           0.336     2.621    student_top_inst/u_KLDJ_top/u_pipe_id_ex/update_target_q[5]_i_3_n_0
    SLICE_X58Y70         LUT6 (Prop_lut6_I2_O)        0.043     2.664 r  student_top_inst/u_KLDJ_top/u_pipe_id_ex/update_target_q[5]_i_1_comp/O
                         net (fo=3, routed)           0.284     2.948    student_top_inst/u_KLDJ_top/u_pipe_id_ex/id_ex_exu_op_reg[0]_0[5]
    SLICE_X60Y71         LUT6 (Prop_lut6_I4_O)        0.043     2.991 r  student_top_inst/u_KLDJ_top/u_pipe_id_ex/id_ex_pred_taken_i_17/O
                         net (fo=1, routed)           0.000     2.991    student_top_inst/u_KLDJ_top/u_pipe_id_ex/id_ex_pred_taken_i_17_n_0
    SLICE_X60Y71         CARRY4 (Prop_carry4_S[1]_CO[3])
                                                      0.267     3.258 r  student_top_inst/u_KLDJ_top/u_pipe_id_ex/id_ex_pred_taken_reg_i_10/CO[3]
                         net (fo=1, routed)           0.000     3.258    student_top_inst/u_KLDJ_top/u_pipe_id_ex/id_ex_pred_taken_reg_i_10_n_0
    SLICE_X60Y72         CARRY4 (Prop_carry4_CI_CO[3])
                                                      0.053     3.311 r  student_top_inst/u_KLDJ_top/u_pipe_id_ex/id_ex_pred_taken_reg_i_6/CO[3]
                         net (fo=1, routed)           0.000     3.311    student_top_inst/u_KLDJ_top/u_pipe_id_ex/id_ex_pred_taken_reg_i_6_n_0
    SLICE_X60Y73         CARRY4 (Prop_carry4_CI_CO[2])
                                                      0.110     3.421 f  student_top_inst/u_KLDJ_top/u_pipe_id_ex/id_ex_pred_taken_reg_i_5/CO[2]
                         net (fo=2, routed)           0.238     3.659    student_top_inst/u_KLDJ_top/u_pipe_id_ex/u_ex_bpu_ctrl/indirect_target_miss0
    SLICE_X61Y73         LUT5 (Prop_lut5_I4_O)        0.129     3.788 f  student_top_inst/u_KLDJ_top/u_pipe_id_ex/pc_reg[31]_i_5/O
                         net (fo=38, routed)          0.228     4.016    student_top_inst/u_KLDJ_top/u_pipe_id_ex/pc_reg[31]_i_5_n_0
    SLICE_X61Y73         LUT3 (Prop_lut3_I0_O)        0.043     4.059 r  student_top_inst/u_KLDJ_top/u_pipe_id_ex/id_ex_pred_taken_i_1/O
                         net (fo=12, routed)          0.375     4.433    student_top_inst/u_KLDJ_top/u_pipe_id_ex/id_ex_pred_taken_i_1_n_0
    SLICE_X65Y67         FDRE                                         r  student_top_inst/u_KLDJ_top/u_pipe_id_ex/id_ex_rs2_ren_reg/R
  -------------------------------------------------------------------    -------------------

                         (clock clk_out2_pll rise edge)
                                                      5.714     5.714 r  
    AD12                                              0.000     5.714 r  i_sys_clk_p (IN)
                         net (fo=0)                   0.000     5.714    pll_inst/inst/clk_in1_p
    AD12                 IBUFDS (Prop_ibufds_I_O)     0.803     6.518 r  pll_inst/inst/clkin1_ibufgds/O
                         net (fo=1, routed)           1.001     7.519    pll_inst/inst/clk_in1_pll
    PLLE2_ADV_X1Y1       PLLE2_ADV (Prop_plle2_adv_CLKIN1_CLKOUT1)
                                                     -7.261     0.258 r  pll_inst/inst/plle2_adv_inst/CLKOUT1
                         net (fo=1, routed)           2.003     2.261    pll_inst/inst/clk_out2_pll
    BUFGCTRL_X0Y0        BUFG (Prop_bufg_I_O)         0.083     2.344 r  pll_inst/inst/clkout2_buf/O
                         net (fo=6000, routed)        1.422     3.766    student_top_inst/u_KLDJ_top/u_pipe_id_ex/clk_out2
    SLICE_X65Y67         FDRE                                         r  student_top_inst/u_KLDJ_top/u_pipe_id_ex/id_ex_rs2_ren_reg/C
                         clock pessimism             -0.373     3.393    
                         clock uncertainty           -0.077     3.316    
    SLICE_X65Y67         FDRE (Setup_fdre_C_R)       -0.304     3.012    student_top_inst/u_KLDJ_top/u_pipe_id_ex/id_ex_rs2_ren_reg
  -------------------------------------------------------------------
                         required time                          3.012    
                         arrival time                          -4.433    
  -------------------------------------------------------------------
                         slack                                 -1.421    

Slack (VIOLATED) :        -1.415ns  (required time - arrival time)
  Source:                 student_top_inst/u_KLDJ_top/u_pipe_mem_wb/mem_wb_wb_ctl_reg/C
                            (rising edge-triggered cell FDRE clocked by clk_out2_pll  {rise@0.000ns fall@2.857ns period=5.714ns})
  Destination:            student_top_inst/u_KLDJ_top/ifu0/pc_reg_reg[2]/D
                            (rising edge-triggered cell FDRE clocked by clk_out2_pll  {rise@0.000ns fall@2.857ns period=5.714ns})
  Path Group:             clk_out2_pll
  Path Type:              Setup (Max at Slow Process Corner)
  Requirement:            5.714ns  (clk_out2_pll rise@5.714ns - clk_out2_pll rise@0.000ns)
  Data Path Delay:        6.885ns  (logic 1.698ns (24.664%)  route 5.187ns (75.336%))
  Logic Levels:           19  (CARRY4=6 LUT3=1 LUT4=1 LUT5=3 LUT6=7 MUXF7=1)
  Clock Path Skew:        -0.056ns (DCD - SCD + CPR)
    Destination Clock Delay (DCD):    -1.954ns = ( 3.761 - 5.714 ) 
    Source Clock Delay      (SCD):    -2.270ns
    Clock Pessimism Removal (CPR):    -0.373ns
  Clock Uncertainty:      0.077ns  ((TSJ^2 + DJ^2)^1/2) / 2 + PE
    Total System Jitter     (TSJ):    0.071ns
    Discrete Jitter          (DJ):    0.137ns
    Phase Error              (PE):    0.000ns

    Location             Delay type                Incr(ns)  Path(ns)    Netlist Resource(s)
  -------------------------------------------------------------------    -------------------
                         (clock clk_out2_pll rise edge)
                                                      0.000     0.000 r  
    AD12                                              0.000     0.000 r  i_sys_clk_p (IN)
                         net (fo=0)                   0.000     0.000    pll_inst/inst/clk_in1_p
    AD12                 IBUFDS (Prop_ibufds_I_O)     0.906     0.906 r  pll_inst/inst/clkin1_ibufgds/O
                         net (fo=1, routed)           1.098     2.004    pll_inst/inst/clk_in1_pll
    PLLE2_ADV_X1Y1       PLLE2_ADV (Prop_plle2_adv_CLKIN1_CLKOUT1)
                                                     -8.058    -6.054 r  pll_inst/inst/plle2_adv_inst/CLKOUT1
                         net (fo=1, routed)           2.128    -3.926    pll_inst/inst/clk_out2_pll
    BUFGCTRL_X0Y0        BUFG (Prop_bufg_I_O)         0.093    -3.833 r  pll_inst/inst/clkout2_buf/O
                         net (fo=6000, routed)        1.563    -2.270    student_top_inst/u_KLDJ_top/u_pipe_mem_wb/clk_out2
    SLICE_X68Y58         FDRE                                         r  student_top_inst/u_KLDJ_top/u_pipe_mem_wb/mem_wb_wb_ctl_reg/C
  -------------------------------------------------------------------    -------------------
    SLICE_X68Y58         FDRE (Prop_fdre_C_Q)         0.223    -2.047 r  student_top_inst/u_KLDJ_top/u_pipe_mem_wb/mem_wb_wb_ctl_reg/Q
                         net (fo=34, routed)          0.667    -1.381    student_top_inst/u_KLDJ_top/u_pipe_mem_wb/mem_wb_wb_ctl
    SLICE_X65Y59         LUT6 (Prop_lut6_I5_O)        0.043    -1.338 r  student_top_inst/u_KLDJ_top/u_pipe_mem_wb/mem_wb_forward_valid/i_/O
                         net (fo=2, routed)           0.352    -0.986    student_top_inst/u_KLDJ_top/u_pipe_mem_wb/mem_wb_forward_valid/i__n_0
    SLICE_X65Y59         LUT6 (Prop_lut6_I2_O)        0.043    -0.943 f  student_top_inst/u_KLDJ_top/u_pipe_mem_wb/rs2_q[31]_i_9/O
                         net (fo=1, routed)           0.150    -0.793    student_top_inst/u_KLDJ_top/u_pipe_mem_wb/rs2_q[31]_i_9_n_0
    SLICE_X65Y59         LUT6 (Prop_lut6_I4_O)        0.043    -0.750 r  student_top_inst/u_KLDJ_top/u_pipe_mem_wb/rs2_q[31]_i_4/O
                         net (fo=28, routed)          0.404    -0.346    student_top_inst/u_KLDJ_top/u_pipe_id_ex/rs2_q_reg[5]
    SLICE_X68Y60         LUT5 (Prop_lut5_I3_O)        0.043    -0.303 r  student_top_inst/u_KLDJ_top/u_pipe_id_ex/rs2_q[15]_i_2/O
                         net (fo=4, routed)           0.191    -0.112    student_top_inst/u_KLDJ_top/u_pipe_id_ex/rs2_q[15]_i_2_n_0
    SLICE_X68Y61         LUT3 (Prop_lut3_I0_O)        0.043    -0.069 r  student_top_inst/u_KLDJ_top/u_pipe_id_ex/rs2_q[15]_i_1/O
                         net (fo=14, routed)          0.336     0.267    student_top_inst/u_KLDJ_top/u_pipe_id_ex/ex_data2[15]
    SLICE_X67Y62         LUT6 (Prop_lut6_I5_O)        0.043     0.310 r  student_top_inst/u_KLDJ_top/u_pipe_id_ex/unsigned_lt_carry__0_i_1/O
                         net (fo=1, routed)           0.529     0.840    student_top_inst/u_KLDJ_top/exu2/u_KLDJ_alu/u_alu_add/unsigned_lt_carry__1_0[3]
    SLICE_X65Y63         CARRY4 (Prop_carry4_DI[3]_CO[3])
                                                      0.190     1.030 r  student_top_inst/u_KLDJ_top/exu2/u_KLDJ_alu/u_alu_add/unsigned_lt_carry__0/CO[3]
                         net (fo=1, routed)           0.000     1.030    student_top_inst/u_KLDJ_top/exu2/u_KLDJ_alu/u_alu_add/unsigned_lt_carry__0_n_0
    SLICE_X65Y64         CARRY4 (Prop_carry4_CI_CO[3])
                                                      0.053     1.083 r  student_top_inst/u_KLDJ_top/exu2/u_KLDJ_alu/u_alu_add/unsigned_lt_carry__1/CO[3]
                         net (fo=1, routed)           0.000     1.083    student_top_inst/u_KLDJ_top/exu2/u_KLDJ_alu/u_alu_add/unsigned_lt_carry__1_n_0
    SLICE_X65Y65         CARRY4 (Prop_carry4_CI_CO[3])
                                                      0.053     1.136 r  student_top_inst/u_KLDJ_top/exu2/u_KLDJ_alu/u_alu_add/unsigned_lt_carry__2/CO[3]
                         net (fo=3, routed)           0.479     1.615    student_top_inst/u_KLDJ_top/u_pipe_id_ex/ex_mem_exu_res[0]_i_5_0[0]
    SLICE_X64Y67         LUT5 (Prop_lut5_I0_O)        0.043     1.658 r  student_top_inst/u_KLDJ_top/u_pipe_id_ex/ghr[0]_i_8/O
                         net (fo=1, routed)           0.104     1.762    student_top_inst/u_KLDJ_top/u_pipe_id_ex/ghr[0]_i_8_n_0
    SLICE_X64Y67         LUT6 (Prop_lut6_I5_O)        0.043     1.805 f  student_top_inst/u_KLDJ_top/u_pipe_id_ex/ghr[0]_i_4/O
                         net (fo=34, routed)          0.437     2.242    student_top_inst/u_KLDJ_top/u_pipe_id_ex/ghr[0]_i_4_n_0
    SLICE_X58Y69         LUT4 (Prop_lut4_I2_O)        0.043     2.285 r  student_top_inst/u_KLDJ_top/u_pipe_id_ex/update_target_q[5]_i_3/O
                         net (fo=1, routed)           0.336     2.621    student_top_inst/u_KLDJ_top/u_pipe_id_ex/update_target_q[5]_i_3_n_0
    SLICE_X58Y70         LUT6 (Prop_lut6_I2_O)        0.043     2.664 r  student_top_inst/u_KLDJ_top/u_pipe_id_ex/update_target_q[5]_i_1_comp/O
                         net (fo=3, routed)           0.284     2.948    student_top_inst/u_KLDJ_top/u_pipe_id_ex/id_ex_exu_op_reg[0]_0[5]
    SLICE_X60Y71         LUT6 (Prop_lut6_I4_O)        0.043     2.991 r  student_top_inst/u_KLDJ_top/u_pipe_id_ex/id_ex_pred_taken_i_17/O
                         net (fo=1, routed)           0.000     2.991    student_top_inst/u_KLDJ_top/u_pipe_id_ex/id_ex_pred_taken_i_17_n_0
    SLICE_X60Y71         CARRY4 (Prop_carry4_S[1]_CO[3])
                                                      0.267     3.258 r  student_top_inst/u_KLDJ_top/u_pipe_id_ex/id_ex_pred_taken_reg_i_10/CO[3]
                         net (fo=1, routed)           0.000     3.258    student_top_inst/u_KLDJ_top/u_pipe_id_ex/id_ex_pred_taken_reg_i_10_n_0
    SLICE_X60Y72         CARRY4 (Prop_carry4_CI_CO[3])
                                                      0.053     3.311 r  student_top_inst/u_KLDJ_top/u_pipe_id_ex/id_ex_pred_taken_reg_i_6/CO[3]
                         net (fo=1, routed)           0.000     3.311    student_top_inst/u_KLDJ_top/u_pipe_id_ex/id_ex_pred_taken_reg_i_6_n_0
    SLICE_X60Y73         CARRY4 (Prop_carry4_CI_CO[2])
                                                      0.110     3.421 r  student_top_inst/u_KLDJ_top/u_pipe_id_ex/id_ex_pred_taken_reg_i_5/CO[2]
                         net (fo=2, routed)           0.238     3.659    student_top_inst/u_KLDJ_top/u_pipe_id_ex/u_ex_bpu_ctrl/indirect_target_miss0
    SLICE_X61Y73         LUT5 (Prop_lut5_I4_O)        0.129     3.788 r  student_top_inst/u_KLDJ_top/u_pipe_id_ex/pc_reg[31]_i_5/O
                         net (fo=38, routed)          0.385     4.173    student_top_inst/u_KLDJ_top/u_pipe_id_ex/pc_reg[31]_i_5_n_0
    SLICE_X59Y75         MUXF7 (Prop_muxf7_S_O)       0.147     4.320 r  student_top_inst/u_KLDJ_top/u_pipe_id_ex/pc_reg_reg[2]_i_1/O
                         net (fo=1, routed)           0.294     4.614    student_top_inst/u_KLDJ_top/ifu0/pc_reg_reg[31]_2[2]
    SLICE_X61Y73         FDRE                                         r  student_top_inst/u_KLDJ_top/ifu0/pc_reg_reg[2]/D
  -------------------------------------------------------------------    -------------------

                         (clock clk_out2_pll rise edge)
                                                      5.714     5.714 r  
    AD12                                              0.000     5.714 r  i_sys_clk_p (IN)
                         net (fo=0)                   0.000     5.714    pll_inst/inst/clk_in1_p
    AD12                 IBUFDS (Prop_ibufds_I_O)     0.803     6.518 r  pll_inst/inst/clkin1_ibufgds/O
                         net (fo=1, routed)           1.001     7.519    pll_inst/inst/clk_in1_pll
    PLLE2_ADV_X1Y1       PLLE2_ADV (Prop_plle2_adv_CLKIN1_CLKOUT1)
                                                     -7.261     0.258 r  pll_inst/inst/plle2_adv_inst/CLKOUT1
                         net (fo=1, routed)           2.003     2.261    pll_inst/inst/clk_out2_pll
    BUFGCTRL_X0Y0        BUFG (Prop_bufg_I_O)         0.083     2.344 r  pll_inst/inst/clkout2_buf/O
                         net (fo=6000, routed)        1.417     3.761    student_top_inst/u_KLDJ_top/ifu0/clk_out2
    SLICE_X61Y73         FDRE                                         r  student_top_inst/u_KLDJ_top/ifu0/pc_reg_reg[2]/C
                         clock pessimism             -0.373     3.388    
                         clock uncertainty           -0.077     3.311    
    SLICE_X61Y73         FDRE (Setup_fdre_C_D)       -0.112     3.199    student_top_inst/u_KLDJ_top/ifu0/pc_reg_reg[2]
  -------------------------------------------------------------------
                         required time                          3.199    
                         arrival time                          -4.614    
  -------------------------------------------------------------------
                         slack                                 -1.415    

Slack (VIOLATED) :        -1.415ns  (required time - arrival time)
  Source:                 student_top_inst/u_KLDJ_top/u_pipe_mem_wb/mem_wb_wb_ctl_reg/C
                            (rising edge-triggered cell FDRE clocked by clk_out2_pll  {rise@0.000ns fall@2.857ns period=5.714ns})
  Destination:            student_top_inst/u_KLDJ_top/ifu0/pc_reg_reg[26]/CE
                            (rising edge-triggered cell FDRE clocked by clk_out2_pll  {rise@0.000ns fall@2.857ns period=5.714ns})
  Path Group:             clk_out2_pll
  Path Type:              Setup (Max at Slow Process Corner)
  Requirement:            5.714ns  (clk_out2_pll rise@5.714ns - clk_out2_pll rise@0.000ns)
  Data Path Delay:        6.820ns  (logic 1.594ns (23.371%)  route 5.226ns (76.629%))
  Logic Levels:           19  (CARRY4=6 LUT3=2 LUT4=1 LUT5=3 LUT6=7)
  Clock Path Skew:        -0.054ns (DCD - SCD + CPR)
    Destination Clock Delay (DCD):    -1.952ns = ( 3.763 - 5.714 ) 
    Source Clock Delay      (SCD):    -2.270ns
    Clock Pessimism Removal (CPR):    -0.373ns
  Clock Uncertainty:      0.077ns  ((TSJ^2 + DJ^2)^1/2) / 2 + PE
    Total System Jitter     (TSJ):    0.071ns
    Discrete Jitter          (DJ):    0.137ns
    Phase Error              (PE):    0.000ns

    Location             Delay type                Incr(ns)  Path(ns)    Netlist Resource(s)
  -------------------------------------------------------------------    -------------------
                         (clock clk_out2_pll rise edge)
                                                      0.000     0.000 r  
    AD12                                              0.000     0.000 r  i_sys_clk_p (IN)
                         net (fo=0)                   0.000     0.000    pll_inst/inst/clk_in1_p
    AD12                 IBUFDS (Prop_ibufds_I_O)     0.906     0.906 r  pll_inst/inst/clkin1_ibufgds/O
                         net (fo=1, routed)           1.098     2.004    pll_inst/inst/clk_in1_pll
    PLLE2_ADV_X1Y1       PLLE2_ADV (Prop_plle2_adv_CLKIN1_CLKOUT1)
                                                     -8.058    -6.054 r  pll_inst/inst/plle2_adv_inst/CLKOUT1
                         net (fo=1, routed)           2.128    -3.926    pll_inst/inst/clk_out2_pll
    BUFGCTRL_X0Y0        BUFG (Prop_bufg_I_O)         0.093    -3.833 r  pll_inst/inst/clkout2_buf/O
                         net (fo=6000, routed)        1.563    -2.270    student_top_inst/u_KLDJ_top/u_pipe_mem_wb/clk_out2
    SLICE_X68Y58         FDRE                                         r  student_top_inst/u_KLDJ_top/u_pipe_mem_wb/mem_wb_wb_ctl_reg/C
  -------------------------------------------------------------------    -------------------
    SLICE_X68Y58         FDRE (Prop_fdre_C_Q)         0.223    -2.047 r  student_top_inst/u_KLDJ_top/u_pipe_mem_wb/mem_wb_wb_ctl_reg/Q
                         net (fo=34, routed)          0.667    -1.381    student_top_inst/u_KLDJ_top/u_pipe_mem_wb/mem_wb_wb_ctl
    SLICE_X65Y59         LUT6 (Prop_lut6_I5_O)        0.043    -1.338 r  student_top_inst/u_KLDJ_top/u_pipe_mem_wb/mem_wb_forward_valid/i_/O
                         net (fo=2, routed)           0.352    -0.986    student_top_inst/u_KLDJ_top/u_pipe_mem_wb/mem_wb_forward_valid/i__n_0
    SLICE_X65Y59         LUT6 (Prop_lut6_I2_O)        0.043    -0.943 f  student_top_inst/u_KLDJ_top/u_pipe_mem_wb/rs2_q[31]_i_9/O
                         net (fo=1, routed)           0.150    -0.793    student_top_inst/u_KLDJ_top/u_pipe_mem_wb/rs2_q[31]_i_9_n_0
    SLICE_X65Y59         LUT6 (Prop_lut6_I4_O)        0.043    -0.750 r  student_top_inst/u_KLDJ_top/u_pipe_mem_wb/rs2_q[31]_i_4/O
                         net (fo=28, routed)          0.404    -0.346    student_top_inst/u_KLDJ_top/u_pipe_id_ex/rs2_q_reg[5]
    SLICE_X68Y60         LUT5 (Prop_lut5_I3_O)        0.043    -0.303 r  student_top_inst/u_KLDJ_top/u_pipe_id_ex/rs2_q[15]_i_2/O
                         net (fo=4, routed)           0.191    -0.112    student_top_inst/u_KLDJ_top/u_pipe_id_ex/rs2_q[15]_i_2_n_0
    SLICE_X68Y61         LUT3 (Prop_lut3_I0_O)        0.043    -0.069 r  student_top_inst/u_KLDJ_top/u_pipe_id_ex/rs2_q[15]_i_1/O
                         net (fo=14, routed)          0.336     0.267    student_top_inst/u_KLDJ_top/u_pipe_id_ex/ex_data2[15]
    SLICE_X67Y62         LUT6 (Prop_lut6_I5_O)        0.043     0.310 r  student_top_inst/u_KLDJ_top/u_pipe_id_ex/unsigned_lt_carry__0_i_1/O
                         net (fo=1, routed)           0.529     0.840    student_top_inst/u_KLDJ_top/exu2/u_KLDJ_alu/u_alu_add/unsigned_lt_carry__1_0[3]
    SLICE_X65Y63         CARRY4 (Prop_carry4_DI[3]_CO[3])
                                                      0.190     1.030 r  student_top_inst/u_KLDJ_top/exu2/u_KLDJ_alu/u_alu_add/unsigned_lt_carry__0/CO[3]
                         net (fo=1, routed)           0.000     1.030    student_top_inst/u_KLDJ_top/exu2/u_KLDJ_alu/u_alu_add/unsigned_lt_carry__0_n_0
    SLICE_X65Y64         CARRY4 (Prop_carry4_CI_CO[3])
                                                      0.053     1.083 r  student_top_inst/u_KLDJ_top/exu2/u_KLDJ_alu/u_alu_add/unsigned_lt_carry__1/CO[3]
                         net (fo=1, routed)           0.000     1.083    student_top_inst/u_KLDJ_top/exu2/u_KLDJ_alu/u_alu_add/unsigned_lt_carry__1_n_0
    SLICE_X65Y65         CARRY4 (Prop_carry4_CI_CO[3])
                                                      0.053     1.136 r  student_top_inst/u_KLDJ_top/exu2/u_KLDJ_alu/u_alu_add/unsigned_lt_carry__2/CO[3]
                         net (fo=3, routed)           0.479     1.615    student_top_inst/u_KLDJ_top/u_pipe_id_ex/ex_mem_exu_res[0]_i_5_0[0]
    SLICE_X64Y67         LUT5 (Prop_lut5_I0_O)        0.043     1.658 r  student_top_inst/u_KLDJ_top/u_pipe_id_ex/ghr[0]_i_8/O
                         net (fo=1, routed)           0.104     1.762    student_top_inst/u_KLDJ_top/u_pipe_id_ex/ghr[0]_i_8_n_0
    SLICE_X64Y67         LUT6 (Prop_lut6_I5_O)        0.043     1.805 f  student_top_inst/u_KLDJ_top/u_pipe_id_ex/ghr[0]_i_4/O
                         net (fo=34, routed)          0.437     2.242    student_top_inst/u_KLDJ_top/u_pipe_id_ex/ghr[0]_i_4_n_0
    SLICE_X58Y69         LUT4 (Prop_lut4_I2_O)        0.043     2.285 r  student_top_inst/u_KLDJ_top/u_pipe_id_ex/update_target_q[5]_i_3/O
                         net (fo=1, routed)           0.336     2.621    student_top_inst/u_KLDJ_top/u_pipe_id_ex/update_target_q[5]_i_3_n_0
    SLICE_X58Y70         LUT6 (Prop_lut6_I2_O)        0.043     2.664 r  student_top_inst/u_KLDJ_top/u_pipe_id_ex/update_target_q[5]_i_1_comp/O
                         net (fo=3, routed)           0.284     2.948    student_top_inst/u_KLDJ_top/u_pipe_id_ex/id_ex_exu_op_reg[0]_0[5]
    SLICE_X60Y71         LUT6 (Prop_lut6_I4_O)        0.043     2.991 r  student_top_inst/u_KLDJ_top/u_pipe_id_ex/id_ex_pred_taken_i_17/O
                         net (fo=1, routed)           0.000     2.991    student_top_inst/u_KLDJ_top/u_pipe_id_ex/id_ex_pred_taken_i_17_n_0
    SLICE_X60Y71         CARRY4 (Prop_carry4_S[1]_CO[3])
                                                      0.267     3.258 r  student_top_inst/u_KLDJ_top/u_pipe_id_ex/id_ex_pred_taken_reg_i_10/CO[3]
                         net (fo=1, routed)           0.000     3.258    student_top_inst/u_KLDJ_top/u_pipe_id_ex/id_ex_pred_taken_reg_i_10_n_0
    SLICE_X60Y72         CARRY4 (Prop_carry4_CI_CO[3])
                                                      0.053     3.311 r  student_top_inst/u_KLDJ_top/u_pipe_id_ex/id_ex_pred_taken_reg_i_6/CO[3]
                         net (fo=1, routed)           0.000     3.311    student_top_inst/u_KLDJ_top/u_pipe_id_ex/id_ex_pred_taken_reg_i_6_n_0
    SLICE_X60Y73         CARRY4 (Prop_carry4_CI_CO[2])
                                                      0.110     3.421 r  student_top_inst/u_KLDJ_top/u_pipe_id_ex/id_ex_pred_taken_reg_i_5/CO[2]
                         net (fo=2, routed)           0.238     3.659    student_top_inst/u_KLDJ_top/u_pipe_id_ex/u_ex_bpu_ctrl/indirect_target_miss0
    SLICE_X61Y73         LUT5 (Prop_lut5_I4_O)        0.129     3.788 r  student_top_inst/u_KLDJ_top/u_pipe_id_ex/pc_reg[31]_i_5/O
                         net (fo=38, routed)          0.299     4.087    student_top_inst/u_KLDJ_top/u_pipe_id_ex/pc_reg[31]_i_5_n_0
    SLICE_X63Y72         LUT3 (Prop_lut3_I2_O)        0.043     4.130 r  student_top_inst/u_KLDJ_top/u_pipe_id_ex/pc_reg[31]_i_1/O
                         net (fo=32, routed)          0.420     4.550    student_top_inst/u_KLDJ_top/ifu0/E[0]
    SLICE_X58Y71         FDRE                                         r  student_top_inst/u_KLDJ_top/ifu0/pc_reg_reg[26]/CE
  -------------------------------------------------------------------    -------------------

                         (clock clk_out2_pll rise edge)
                                                      5.714     5.714 r  
    AD12                                              0.000     5.714 r  i_sys_clk_p (IN)
                         net (fo=0)                   0.000     5.714    pll_inst/inst/clk_in1_p
    AD12                 IBUFDS (Prop_ibufds_I_O)     0.803     6.518 r  pll_inst/inst/clkin1_ibufgds/O
                         net (fo=1, routed)           1.001     7.519    pll_inst/inst/clk_in1_pll
    PLLE2_ADV_X1Y1       PLLE2_ADV (Prop_plle2_adv_CLKIN1_CLKOUT1)
                                                     -7.261     0.258 r  pll_inst/inst/plle2_adv_inst/CLKOUT1
                         net (fo=1, routed)           2.003     2.261    pll_inst/inst/clk_out2_pll
    BUFGCTRL_X0Y0        BUFG (Prop_bufg_I_O)         0.083     2.344 r  pll_inst/inst/clkout2_buf/O
                         net (fo=6000, routed)        1.419     3.763    student_top_inst/u_KLDJ_top/ifu0/clk_out2
    SLICE_X58Y71         FDRE                                         r  student_top_inst/u_KLDJ_top/ifu0/pc_reg_reg[26]/C
                         clock pessimism             -0.373     3.390    
                         clock uncertainty           -0.077     3.313    
    SLICE_X58Y71         FDRE (Setup_fdre_C_CE)      -0.178     3.135    student_top_inst/u_KLDJ_top/ifu0/pc_reg_reg[26]
  -------------------------------------------------------------------
                         required time                          3.135    
                         arrival time                          -4.550    
  -------------------------------------------------------------------
                         slack                                 -1.415    

Slack (VIOLATED) :        -1.406ns  (required time - arrival time)
  Source:                 student_top_inst/u_KLDJ_top/u_pipe_mem_wb/mem_wb_wb_ctl_reg/C
                            (rising edge-triggered cell FDRE clocked by clk_out2_pll  {rise@0.000ns fall@2.857ns period=5.714ns})
  Destination:            student_top_inst/u_KLDJ_top/u_pipe_id_ex/id_ex_load_op_reg/R
                            (rising edge-triggered cell FDRE clocked by clk_out2_pll  {rise@0.000ns fall@2.857ns period=5.714ns})
  Path Group:             clk_out2_pll
  Path Type:              Setup (Max at Slow Process Corner)
  Requirement:            5.714ns  (clk_out2_pll rise@5.714ns - clk_out2_pll rise@0.000ns)
  Data Path Delay:        6.685ns  (logic 1.594ns (23.844%)  route 5.091ns (76.156%))
  Logic Levels:           19  (CARRY4=6 LUT3=2 LUT4=1 LUT5=3 LUT6=7)
  Clock Path Skew:        -0.054ns (DCD - SCD + CPR)
    Destination Clock Delay (DCD):    -1.952ns = ( 3.763 - 5.714 ) 
    Source Clock Delay      (SCD):    -2.270ns
    Clock Pessimism Removal (CPR):    -0.373ns
  Clock Uncertainty:      0.077ns  ((TSJ^2 + DJ^2)^1/2) / 2 + PE
    Total System Jitter     (TSJ):    0.071ns
    Discrete Jitter          (DJ):    0.137ns
    Phase Error              (PE):    0.000ns

    Location             Delay type                Incr(ns)  Path(ns)    Netlist Resource(s)
  -------------------------------------------------------------------    -------------------
                         (clock clk_out2_pll rise edge)
                                                      0.000     0.000 r  
    AD12                                              0.000     0.000 r  i_sys_clk_p (IN)
                         net (fo=0)                   0.000     0.000    pll_inst/inst/clk_in1_p
    AD12                 IBUFDS (Prop_ibufds_I_O)     0.906     0.906 r  pll_inst/inst/clkin1_ibufgds/O
                         net (fo=1, routed)           1.098     2.004    pll_inst/inst/clk_in1_pll
    PLLE2_ADV_X1Y1       PLLE2_ADV (Prop_plle2_adv_CLKIN1_CLKOUT1)
                                                     -8.058    -6.054 r  pll_inst/inst/plle2_adv_inst/CLKOUT1
                         net (fo=1, routed)           2.128    -3.926    pll_inst/inst/clk_out2_pll
    BUFGCTRL_X0Y0        BUFG (Prop_bufg_I_O)         0.093    -3.833 r  pll_inst/inst/clkout2_buf/O
                         net (fo=6000, routed)        1.563    -2.270    student_top_inst/u_KLDJ_top/u_pipe_mem_wb/clk_out2
    SLICE_X68Y58         FDRE                                         r  student_top_inst/u_KLDJ_top/u_pipe_mem_wb/mem_wb_wb_ctl_reg/C
  -------------------------------------------------------------------    -------------------
    SLICE_X68Y58         FDRE (Prop_fdre_C_Q)         0.223    -2.047 r  student_top_inst/u_KLDJ_top/u_pipe_mem_wb/mem_wb_wb_ctl_reg/Q
                         net (fo=34, routed)          0.667    -1.381    student_top_inst/u_KLDJ_top/u_pipe_mem_wb/mem_wb_wb_ctl
    SLICE_X65Y59         LUT6 (Prop_lut6_I5_O)        0.043    -1.338 r  student_top_inst/u_KLDJ_top/u_pipe_mem_wb/mem_wb_forward_valid/i_/O
                         net (fo=2, routed)           0.352    -0.986    student_top_inst/u_KLDJ_top/u_pipe_mem_wb/mem_wb_forward_valid/i__n_0
    SLICE_X65Y59         LUT6 (Prop_lut6_I2_O)        0.043    -0.943 f  student_top_inst/u_KLDJ_top/u_pipe_mem_wb/rs2_q[31]_i_9/O
                         net (fo=1, routed)           0.150    -0.793    student_top_inst/u_KLDJ_top/u_pipe_mem_wb/rs2_q[31]_i_9_n_0
    SLICE_X65Y59         LUT6 (Prop_lut6_I4_O)        0.043    -0.750 r  student_top_inst/u_KLDJ_top/u_pipe_mem_wb/rs2_q[31]_i_4/O
                         net (fo=28, routed)          0.404    -0.346    student_top_inst/u_KLDJ_top/u_pipe_id_ex/rs2_q_reg[5]
    SLICE_X68Y60         LUT5 (Prop_lut5_I3_O)        0.043    -0.303 r  student_top_inst/u_KLDJ_top/u_pipe_id_ex/rs2_q[15]_i_2/O
                         net (fo=4, routed)           0.191    -0.112    student_top_inst/u_KLDJ_top/u_pipe_id_ex/rs2_q[15]_i_2_n_0
    SLICE_X68Y61         LUT3 (Prop_lut3_I0_O)        0.043    -0.069 r  student_top_inst/u_KLDJ_top/u_pipe_id_ex/rs2_q[15]_i_1/O
                         net (fo=14, routed)          0.336     0.267    student_top_inst/u_KLDJ_top/u_pipe_id_ex/ex_data2[15]
    SLICE_X67Y62         LUT6 (Prop_lut6_I5_O)        0.043     0.310 r  student_top_inst/u_KLDJ_top/u_pipe_id_ex/unsigned_lt_carry__0_i_1/O
                         net (fo=1, routed)           0.529     0.840    student_top_inst/u_KLDJ_top/exu2/u_KLDJ_alu/u_alu_add/unsigned_lt_carry__1_0[3]
    SLICE_X65Y63         CARRY4 (Prop_carry4_DI[3]_CO[3])
                                                      0.190     1.030 r  student_top_inst/u_KLDJ_top/exu2/u_KLDJ_alu/u_alu_add/unsigned_lt_carry__0/CO[3]
                         net (fo=1, routed)           0.000     1.030    student_top_inst/u_KLDJ_top/exu2/u_KLDJ_alu/u_alu_add/unsigned_lt_carry__0_n_0
    SLICE_X65Y64         CARRY4 (Prop_carry4_CI_CO[3])
                                                      0.053     1.083 r  student_top_inst/u_KLDJ_top/exu2/u_KLDJ_alu/u_alu_add/unsigned_lt_carry__1/CO[3]
                         net (fo=1, routed)           0.000     1.083    student_top_inst/u_KLDJ_top/exu2/u_KLDJ_alu/u_alu_add/unsigned_lt_carry__1_n_0
    SLICE_X65Y65         CARRY4 (Prop_carry4_CI_CO[3])
                                                      0.053     1.136 r  student_top_inst/u_KLDJ_top/exu2/u_KLDJ_alu/u_alu_add/unsigned_lt_carry__2/CO[3]
                         net (fo=3, routed)           0.479     1.615    student_top_inst/u_KLDJ_top/u_pipe_id_ex/ex_mem_exu_res[0]_i_5_0[0]
    SLICE_X64Y67         LUT5 (Prop_lut5_I0_O)        0.043     1.658 r  student_top_inst/u_KLDJ_top/u_pipe_id_ex/ghr[0]_i_8/O
                         net (fo=1, routed)           0.104     1.762    student_top_inst/u_KLDJ_top/u_pipe_id_ex/ghr[0]_i_8_n_0
    SLICE_X64Y67         LUT6 (Prop_lut6_I5_O)        0.043     1.805 f  student_top_inst/u_KLDJ_top/u_pipe_id_ex/ghr[0]_i_4/O
                         net (fo=34, routed)          0.437     2.242    student_top_inst/u_KLDJ_top/u_pipe_id_ex/ghr[0]_i_4_n_0
    SLICE_X58Y69         LUT4 (Prop_lut4_I2_O)        0.043     2.285 r  student_top_inst/u_KLDJ_top/u_pipe_id_ex/update_target_q[5]_i_3/O
                         net (fo=1, routed)           0.336     2.621    student_top_inst/u_KLDJ_top/u_pipe_id_ex/update_target_q[5]_i_3_n_0
    SLICE_X58Y70         LUT6 (Prop_lut6_I2_O)        0.043     2.664 r  student_top_inst/u_KLDJ_top/u_pipe_id_ex/update_target_q[5]_i_1_comp/O
                         net (fo=3, routed)           0.284     2.948    student_top_inst/u_KLDJ_top/u_pipe_id_ex/id_ex_exu_op_reg[0]_0[5]
    SLICE_X60Y71         LUT6 (Prop_lut6_I4_O)        0.043     2.991 r  student_top_inst/u_KLDJ_top/u_pipe_id_ex/id_ex_pred_taken_i_17/O
                         net (fo=1, routed)           0.000     2.991    student_top_inst/u_KLDJ_top/u_pipe_id_ex/id_ex_pred_taken_i_17_n_0
    SLICE_X60Y71         CARRY4 (Prop_carry4_S[1]_CO[3])
                                                      0.267     3.258 r  student_top_inst/u_KLDJ_top/u_pipe_id_ex/id_ex_pred_taken_reg_i_10/CO[3]
                         net (fo=1, routed)           0.000     3.258    student_top_inst/u_KLDJ_top/u_pipe_id_ex/id_ex_pred_taken_reg_i_10_n_0
    SLICE_X60Y72         CARRY4 (Prop_carry4_CI_CO[3])
                                                      0.053     3.311 r  student_top_inst/u_KLDJ_top/u_pipe_id_ex/id_ex_pred_taken_reg_i_6/CO[3]
                         net (fo=1, routed)           0.000     3.311    student_top_inst/u_KLDJ_top/u_pipe_id_ex/id_ex_pred_taken_reg_i_6_n_0
    SLICE_X60Y73         CARRY4 (Prop_carry4_CI_CO[2])
                                                      0.110     3.421 f  student_top_inst/u_KLDJ_top/u_pipe_id_ex/id_ex_pred_taken_reg_i_5/CO[2]
                         net (fo=2, routed)           0.238     3.659    student_top_inst/u_KLDJ_top/u_pipe_id_ex/u_ex_bpu_ctrl/indirect_target_miss0
    SLICE_X61Y73         LUT5 (Prop_lut5_I4_O)        0.129     3.788 f  student_top_inst/u_KLDJ_top/u_pipe_id_ex/pc_reg[31]_i_5/O
                         net (fo=38, routed)          0.228     4.016    student_top_inst/u_KLDJ_top/u_pipe_id_ex/pc_reg[31]_i_5_n_0
    SLICE_X61Y73         LUT3 (Prop_lut3_I0_O)        0.043     4.059 r  student_top_inst/u_KLDJ_top/u_pipe_id_ex/id_ex_pred_taken_i_1/O
                         net (fo=12, routed)          0.356     4.415    student_top_inst/u_KLDJ_top/u_pipe_id_ex/id_ex_pred_taken_i_1_n_0
    SLICE_X61Y71         FDRE                                         r  student_top_inst/u_KLDJ_top/u_pipe_id_ex/id_ex_load_op_reg/R
  -------------------------------------------------------------------    -------------------

                         (clock clk_out2_pll rise edge)
                                                      5.714     5.714 r  
    AD12                                              0.000     5.714 r  i_sys_clk_p (IN)
                         net (fo=0)                   0.000     5.714    pll_inst/inst/clk_in1_p
    AD12                 IBUFDS (Prop_ibufds_I_O)     0.803     6.518 r  pll_inst/inst/clkin1_ibufgds/O
                         net (fo=1, routed)           1.001     7.519    pll_inst/inst/clk_in1_pll
    PLLE2_ADV_X1Y1       PLLE2_ADV (Prop_plle2_adv_CLKIN1_CLKOUT1)
                                                     -7.261     0.258 r  pll_inst/inst/plle2_adv_inst/CLKOUT1
                         net (fo=1, routed)           2.003     2.261    pll_inst/inst/clk_out2_pll
    BUFGCTRL_X0Y0        BUFG (Prop_bufg_I_O)         0.083     2.344 r  pll_inst/inst/clkout2_buf/O
                         net (fo=6000, routed)        1.419     3.763    student_top_inst/u_KLDJ_top/u_pipe_id_ex/clk_out2
    SLICE_X61Y71         FDRE                                         r  student_top_inst/u_KLDJ_top/u_pipe_id_ex/id_ex_load_op_reg/C
                         clock pessimism             -0.373     3.390    
                         clock uncertainty           -0.077     3.313    
    SLICE_X61Y71         FDRE (Setup_fdre_C_R)       -0.304     3.009    student_top_inst/u_KLDJ_top/u_pipe_id_ex/id_ex_load_op_reg
  -------------------------------------------------------------------
                         required time                          3.009    
                         arrival time                          -4.415    
  -------------------------------------------------------------------
                         slack                                 -1.406    

Slack (VIOLATED) :        -1.406ns  (required time - arrival time)
  Source:                 student_top_inst/u_KLDJ_top/u_pipe_mem_wb/mem_wb_wb_ctl_reg/C
                            (rising edge-triggered cell FDRE clocked by clk_out2_pll  {rise@0.000ns fall@2.857ns period=5.714ns})
  Destination:            student_top_inst/u_KLDJ_top/u_pipe_id_ex/id_ex_rs2_to_data2_reg/R
                            (rising edge-triggered cell FDRE clocked by clk_out2_pll  {rise@0.000ns fall@2.857ns period=5.714ns})
  Path Group:             clk_out2_pll
  Path Type:              Setup (Max at Slow Process Corner)
  Requirement:            5.714ns  (clk_out2_pll rise@5.714ns - clk_out2_pll rise@0.000ns)
  Data Path Delay:        6.685ns  (logic 1.594ns (23.844%)  route 5.091ns (76.156%))
  Logic Levels:           19  (CARRY4=6 LUT3=2 LUT4=1 LUT5=3 LUT6=7)
  Clock Path Skew:        -0.054ns (DCD - SCD + CPR)
    Destination Clock Delay (DCD):    -1.952ns = ( 3.763 - 5.714 ) 
    Source Clock Delay      (SCD):    -2.270ns
    Clock Pessimism Removal (CPR):    -0.373ns
  Clock Uncertainty:      0.077ns  ((TSJ^2 + DJ^2)^1/2) / 2 + PE
    Total System Jitter     (TSJ):    0.071ns
    Discrete Jitter          (DJ):    0.137ns
    Phase Error              (PE):    0.000ns

    Location             Delay type                Incr(ns)  Path(ns)    Netlist Resource(s)
  -------------------------------------------------------------------    -------------------
                         (clock clk_out2_pll rise edge)
                                                      0.000     0.000 r  
    AD12                                              0.000     0.000 r  i_sys_clk_p (IN)
                         net (fo=0)                   0.000     0.000    pll_inst/inst/clk_in1_p
    AD12                 IBUFDS (Prop_ibufds_I_O)     0.906     0.906 r  pll_inst/inst/clkin1_ibufgds/O
                         net (fo=1, routed)           1.098     2.004    pll_inst/inst/clk_in1_pll
    PLLE2_ADV_X1Y1       PLLE2_ADV (Prop_plle2_adv_CLKIN1_CLKOUT1)
                                                     -8.058    -6.054 r  pll_inst/inst/plle2_adv_inst/CLKOUT1
                         net (fo=1, routed)           2.128    -3.926    pll_inst/inst/clk_out2_pll
    BUFGCTRL_X0Y0        BUFG (Prop_bufg_I_O)         0.093    -3.833 r  pll_inst/inst/clkout2_buf/O
                         net (fo=6000, routed)        1.563    -2.270    student_top_inst/u_KLDJ_top/u_pipe_mem_wb/clk_out2
    SLICE_X68Y58         FDRE                                         r  student_top_inst/u_KLDJ_top/u_pipe_mem_wb/mem_wb_wb_ctl_reg/C
  -------------------------------------------------------------------    -------------------
    SLICE_X68Y58         FDRE (Prop_fdre_C_Q)         0.223    -2.047 r  student_top_inst/u_KLDJ_top/u_pipe_mem_wb/mem_wb_wb_ctl_reg/Q
                         net (fo=34, routed)          0.667    -1.381    student_top_inst/u_KLDJ_top/u_pipe_mem_wb/mem_wb_wb_ctl
    SLICE_X65Y59         LUT6 (Prop_lut6_I5_O)        0.043    -1.338 r  student_top_inst/u_KLDJ_top/u_pipe_mem_wb/mem_wb_forward_valid/i_/O
                         net (fo=2, routed)           0.352    -0.986    student_top_inst/u_KLDJ_top/u_pipe_mem_wb/mem_wb_forward_valid/i__n_0
    SLICE_X65Y59         LUT6 (Prop_lut6_I2_O)        0.043    -0.943 f  student_top_inst/u_KLDJ_top/u_pipe_mem_wb/rs2_q[31]_i_9/O
                         net (fo=1, routed)           0.150    -0.793    student_top_inst/u_KLDJ_top/u_pipe_mem_wb/rs2_q[31]_i_9_n_0
    SLICE_X65Y59         LUT6 (Prop_lut6_I4_O)        0.043    -0.750 r  student_top_inst/u_KLDJ_top/u_pipe_mem_wb/rs2_q[31]_i_4/O
                         net (fo=28, routed)          0.404    -0.346    student_top_inst/u_KLDJ_top/u_pipe_id_ex/rs2_q_reg[5]
    SLICE_X68Y60         LUT5 (Prop_lut5_I3_O)        0.043    -0.303 r  student_top_inst/u_KLDJ_top/u_pipe_id_ex/rs2_q[15]_i_2/O
                         net (fo=4, routed)           0.191    -0.112    student_top_inst/u_KLDJ_top/u_pipe_id_ex/rs2_q[15]_i_2_n_0
    SLICE_X68Y61         LUT3 (Prop_lut3_I0_O)        0.043    -0.069 r  student_top_inst/u_KLDJ_top/u_pipe_id_ex/rs2_q[15]_i_1/O
                         net (fo=14, routed)          0.336     0.267    student_top_inst/u_KLDJ_top/u_pipe_id_ex/ex_data2[15]
    SLICE_X67Y62         LUT6 (Prop_lut6_I5_O)        0.043     0.310 r  student_top_inst/u_KLDJ_top/u_pipe_id_ex/unsigned_lt_carry__0_i_1/O
                         net (fo=1, routed)           0.529     0.840    student_top_inst/u_KLDJ_top/exu2/u_KLDJ_alu/u_alu_add/unsigned_lt_carry__1_0[3]
    SLICE_X65Y63         CARRY4 (Prop_carry4_DI[3]_CO[3])
                                                      0.190     1.030 r  student_top_inst/u_KLDJ_top/exu2/u_KLDJ_alu/u_alu_add/unsigned_lt_carry__0/CO[3]
                         net (fo=1, routed)           0.000     1.030    student_top_inst/u_KLDJ_top/exu2/u_KLDJ_alu/u_alu_add/unsigned_lt_carry__0_n_0
    SLICE_X65Y64         CARRY4 (Prop_carry4_CI_CO[3])
                                                      0.053     1.083 r  student_top_inst/u_KLDJ_top/exu2/u_KLDJ_alu/u_alu_add/unsigned_lt_carry__1/CO[3]
                         net (fo=1, routed)           0.000     1.083    student_top_inst/u_KLDJ_top/exu2/u_KLDJ_alu/u_alu_add/unsigned_lt_carry__1_n_0
    SLICE_X65Y65         CARRY4 (Prop_carry4_CI_CO[3])
                                                      0.053     1.136 r  student_top_inst/u_KLDJ_top/exu2/u_KLDJ_alu/u_alu_add/unsigned_lt_carry__2/CO[3]
                         net (fo=3, routed)           0.479     1.615    student_top_inst/u_KLDJ_top/u_pipe_id_ex/ex_mem_exu_res[0]_i_5_0[0]
    SLICE_X64Y67         LUT5 (Prop_lut5_I0_O)        0.043     1.658 r  student_top_inst/u_KLDJ_top/u_pipe_id_ex/ghr[0]_i_8/O
                         net (fo=1, routed)           0.104     1.762    student_top_inst/u_KLDJ_top/u_pipe_id_ex/ghr[0]_i_8_n_0
    SLICE_X64Y67         LUT6 (Prop_lut6_I5_O)        0.043     1.805 f  student_top_inst/u_KLDJ_top/u_pipe_id_ex/ghr[0]_i_4/O
                         net (fo=34, routed)          0.437     2.242    student_top_inst/u_KLDJ_top/u_pipe_id_ex/ghr[0]_i_4_n_0
    SLICE_X58Y69         LUT4 (Prop_lut4_I2_O)        0.043     2.285 r  student_top_inst/u_KLDJ_top/u_pipe_id_ex/update_target_q[5]_i_3/O
                         net (fo=1, routed)           0.336     2.621    student_top_inst/u_KLDJ_top/u_pipe_id_ex/update_target_q[5]_i_3_n_0
    SLICE_X58Y70         LUT6 (Prop_lut6_I2_O)        0.043     2.664 r  student_top_inst/u_KLDJ_top/u_pipe_id_ex/update_target_q[5]_i_1_comp/O
                         net (fo=3, routed)           0.284     2.948    student_top_inst/u_KLDJ_top/u_pipe_id_ex/id_ex_exu_op_reg[0]_0[5]
    SLICE_X60Y71         LUT6 (Prop_lut6_I4_O)        0.043     2.991 r  student_top_inst/u_KLDJ_top/u_pipe_id_ex/id_ex_pred_taken_i_17/O
                         net (fo=1, routed)           0.000     2.991    student_top_inst/u_KLDJ_top/u_pipe_id_ex/id_ex_pred_taken_i_17_n_0
    SLICE_X60Y71         CARRY4 (Prop_carry4_S[1]_CO[3])
                                                      0.267     3.258 r  student_top_inst/u_KLDJ_top/u_pipe_id_ex/id_ex_pred_taken_reg_i_10/CO[3]
                         net (fo=1, routed)           0.000     3.258    student_top_inst/u_KLDJ_top/u_pipe_id_ex/id_ex_pred_taken_reg_i_10_n_0
    SLICE_X60Y72         CARRY4 (Prop_carry4_CI_CO[3])
                                                      0.053     3.311 r  student_top_inst/u_KLDJ_top/u_pipe_id_ex/id_ex_pred_taken_reg_i_6/CO[3]
                         net (fo=1, routed)           0.000     3.311    student_top_inst/u_KLDJ_top/u_pipe_id_ex/id_ex_pred_taken_reg_i_6_n_0
    SLICE_X60Y73         CARRY4 (Prop_carry4_CI_CO[2])
                                                      0.110     3.421 f  student_top_inst/u_KLDJ_top/u_pipe_id_ex/id_ex_pred_taken_reg_i_5/CO[2]
                         net (fo=2, routed)           0.238     3.659    student_top_inst/u_KLDJ_top/u_pipe_id_ex/u_ex_bpu_ctrl/indirect_target_miss0
    SLICE_X61Y73         LUT5 (Prop_lut5_I4_O)        0.129     3.788 f  student_top_inst/u_KLDJ_top/u_pipe_id_ex/pc_reg[31]_i_5/O
                         net (fo=38, routed)          0.228     4.016    student_top_inst/u_KLDJ_top/u_pipe_id_ex/pc_reg[31]_i_5_n_0
    SLICE_X61Y73         LUT3 (Prop_lut3_I0_O)        0.043     4.059 r  student_top_inst/u_KLDJ_top/u_pipe_id_ex/id_ex_pred_taken_i_1/O
                         net (fo=12, routed)          0.356     4.415    student_top_inst/u_KLDJ_top/u_pipe_id_ex/id_ex_pred_taken_i_1_n_0
    SLICE_X61Y71         FDRE                                         r  student_top_inst/u_KLDJ_top/u_pipe_id_ex/id_ex_rs2_to_data2_reg/R
  -------------------------------------------------------------------    -------------------

                         (clock clk_out2_pll rise edge)
                                                      5.714     5.714 r  
    AD12                                              0.000     5.714 r  i_sys_clk_p (IN)
                         net (fo=0)                   0.000     5.714    pll_inst/inst/clk_in1_p
    AD12                 IBUFDS (Prop_ibufds_I_O)     0.803     6.518 r  pll_inst/inst/clkin1_ibufgds/O
                         net (fo=1, routed)           1.001     7.519    pll_inst/inst/clk_in1_pll
    PLLE2_ADV_X1Y1       PLLE2_ADV (Prop_plle2_adv_CLKIN1_CLKOUT1)
                                                     -7.261     0.258 r  pll_inst/inst/plle2_adv_inst/CLKOUT1
                         net (fo=1, routed)           2.003     2.261    pll_inst/inst/clk_out2_pll
    BUFGCTRL_X0Y0        BUFG (Prop_bufg_I_O)         0.083     2.344 r  pll_inst/inst/clkout2_buf/O
                         net (fo=6000, routed)        1.419     3.763    student_top_inst/u_KLDJ_top/u_pipe_id_ex/clk_out2
    SLICE_X61Y71         FDRE                                         r  student_top_inst/u_KLDJ_top/u_pipe_id_ex/id_ex_rs2_to_data2_reg/C
                         clock pessimism             -0.373     3.390    
                         clock uncertainty           -0.077     3.313    
    SLICE_X61Y71         FDRE (Setup_fdre_C_R)       -0.304     3.009    student_top_inst/u_KLDJ_top/u_pipe_id_ex/id_ex_rs2_to_data2_reg
  -------------------------------------------------------------------
                         required time                          3.009    
                         arrival time                          -4.415    
  -------------------------------------------------------------------
                         slack                                 -1.406    

Slack (VIOLATED) :        -1.406ns  (required time - arrival time)
  Source:                 student_top_inst/u_KLDJ_top/u_pipe_mem_wb/mem_wb_wb_ctl_reg/C
                            (rising edge-triggered cell FDRE clocked by clk_out2_pll  {rise@0.000ns fall@2.857ns period=5.714ns})
  Destination:            student_top_inst/u_KLDJ_top/u_pipe_id_ex/id_ex_store_op_reg/R
                            (rising edge-triggered cell FDRE clocked by clk_out2_pll  {rise@0.000ns fall@2.857ns period=5.714ns})
  Path Group:             clk_out2_pll
  Path Type:              Setup (Max at Slow Process Corner)
  Requirement:            5.714ns  (clk_out2_pll rise@5.714ns - clk_out2_pll rise@0.000ns)
  Data Path Delay:        6.685ns  (logic 1.594ns (23.844%)  route 5.091ns (76.156%))
  Logic Levels:           19  (CARRY4=6 LUT3=2 LUT4=1 LUT5=3 LUT6=7)
  Clock Path Skew:        -0.054ns (DCD - SCD + CPR)
    Destination Clock Delay (DCD):    -1.952ns = ( 3.763 - 5.714 ) 
    Source Clock Delay      (SCD):    -2.270ns
    Clock Pessimism Removal (CPR):    -0.373ns
  Clock Uncertainty:      0.077ns  ((TSJ^2 + DJ^2)^1/2) / 2 + PE
    Total System Jitter     (TSJ):    0.071ns
    Discrete Jitter          (DJ):    0.137ns
    Phase Error              (PE):    0.000ns

    Location             Delay type                Incr(ns)  Path(ns)    Netlist Resource(s)
  -------------------------------------------------------------------    -------------------
                         (clock clk_out2_pll rise edge)
                                                      0.000     0.000 r  
    AD12                                              0.000     0.000 r  i_sys_clk_p (IN)
                         net (fo=0)                   0.000     0.000    pll_inst/inst/clk_in1_p
    AD12                 IBUFDS (Prop_ibufds_I_O)     0.906     0.906 r  pll_inst/inst/clkin1_ibufgds/O
                         net (fo=1, routed)           1.098     2.004    pll_inst/inst/clk_in1_pll
    PLLE2_ADV_X1Y1       PLLE2_ADV (Prop_plle2_adv_CLKIN1_CLKOUT1)
                                                     -8.058    -6.054 r  pll_inst/inst/plle2_adv_inst/CLKOUT1
                         net (fo=1, routed)           2.128    -3.926    pll_inst/inst/clk_out2_pll
    BUFGCTRL_X0Y0        BUFG (Prop_bufg_I_O)         0.093    -3.833 r  pll_inst/inst/clkout2_buf/O
                         net (fo=6000, routed)        1.563    -2.270    student_top_inst/u_KLDJ_top/u_pipe_mem_wb/clk_out2
    SLICE_X68Y58         FDRE                                         r  student_top_inst/u_KLDJ_top/u_pipe_mem_wb/mem_wb_wb_ctl_reg/C
  -------------------------------------------------------------------    -------------------
    SLICE_X68Y58         FDRE (Prop_fdre_C_Q)         0.223    -2.047 r  student_top_inst/u_KLDJ_top/u_pipe_mem_wb/mem_wb_wb_ctl_reg/Q
                         net (fo=34, routed)          0.667    -1.381    student_top_inst/u_KLDJ_top/u_pipe_mem_wb/mem_wb_wb_ctl
    SLICE_X65Y59         LUT6 (Prop_lut6_I5_O)        0.043    -1.338 r  student_top_inst/u_KLDJ_top/u_pipe_mem_wb/mem_wb_forward_valid/i_/O
                         net (fo=2, routed)           0.352    -0.986    student_top_inst/u_KLDJ_top/u_pipe_mem_wb/mem_wb_forward_valid/i__n_0
    SLICE_X65Y59         LUT6 (Prop_lut6_I2_O)        0.043    -0.943 f  student_top_inst/u_KLDJ_top/u_pipe_mem_wb/rs2_q[31]_i_9/O
                         net (fo=1, routed)           0.150    -0.793    student_top_inst/u_KLDJ_top/u_pipe_mem_wb/rs2_q[31]_i_9_n_0
    SLICE_X65Y59         LUT6 (Prop_lut6_I4_O)        0.043    -0.750 r  student_top_inst/u_KLDJ_top/u_pipe_mem_wb/rs2_q[31]_i_4/O
                         net (fo=28, routed)          0.404    -0.346    student_top_inst/u_KLDJ_top/u_pipe_id_ex/rs2_q_reg[5]
    SLICE_X68Y60         LUT5 (Prop_lut5_I3_O)        0.043    -0.303 r  student_top_inst/u_KLDJ_top/u_pipe_id_ex/rs2_q[15]_i_2/O
                         net (fo=4, routed)           0.191    -0.112    student_top_inst/u_KLDJ_top/u_pipe_id_ex/rs2_q[15]_i_2_n_0
    SLICE_X68Y61         LUT3 (Prop_lut3_I0_O)        0.043    -0.069 r  student_top_inst/u_KLDJ_top/u_pipe_id_ex/rs2_q[15]_i_1/O
                         net (fo=14, routed)          0.336     0.267    student_top_inst/u_KLDJ_top/u_pipe_id_ex/ex_data2[15]
    SLICE_X67Y62         LUT6 (Prop_lut6_I5_O)        0.043     0.310 r  student_top_inst/u_KLDJ_top/u_pipe_id_ex/unsigned_lt_carry__0_i_1/O
                         net (fo=1, routed)           0.529     0.840    student_top_inst/u_KLDJ_top/exu2/u_KLDJ_alu/u_alu_add/unsigned_lt_carry__1_0[3]
    SLICE_X65Y63         CARRY4 (Prop_carry4_DI[3]_CO[3])
                                                      0.190     1.030 r  student_top_inst/u_KLDJ_top/exu2/u_KLDJ_alu/u_alu_add/unsigned_lt_carry__0/CO[3]
                         net (fo=1, routed)           0.000     1.030    student_top_inst/u_KLDJ_top/exu2/u_KLDJ_alu/u_alu_add/unsigned_lt_carry__0_n_0
    SLICE_X65Y64         CARRY4 (Prop_carry4_CI_CO[3])
                                                      0.053     1.083 r  student_top_inst/u_KLDJ_top/exu2/u_KLDJ_alu/u_alu_add/unsigned_lt_carry__1/CO[3]
                         net (fo=1, routed)           0.000     1.083    student_top_inst/u_KLDJ_top/exu2/u_KLDJ_alu/u_alu_add/unsigned_lt_carry__1_n_0
    SLICE_X65Y65         CARRY4 (Prop_carry4_CI_CO[3])
                                                      0.053     1.136 r  student_top_inst/u_KLDJ_top/exu2/u_KLDJ_alu/u_alu_add/unsigned_lt_carry__2/CO[3]
                         net (fo=3, routed)           0.479     1.615    student_top_inst/u_KLDJ_top/u_pipe_id_ex/ex_mem_exu_res[0]_i_5_0[0]
    SLICE_X64Y67         LUT5 (Prop_lut5_I0_O)        0.043     1.658 r  student_top_inst/u_KLDJ_top/u_pipe_id_ex/ghr[0]_i_8/O
                         net (fo=1, routed)           0.104     1.762    student_top_inst/u_KLDJ_top/u_pipe_id_ex/ghr[0]_i_8_n_0
    SLICE_X64Y67         LUT6 (Prop_lut6_I5_O)        0.043     1.805 f  student_top_inst/u_KLDJ_top/u_pipe_id_ex/ghr[0]_i_4/O
                         net (fo=34, routed)          0.437     2.242    student_top_inst/u_KLDJ_top/u_pipe_id_ex/ghr[0]_i_4_n_0
    SLICE_X58Y69         LUT4 (Prop_lut4_I2_O)        0.043     2.285 r  student_top_inst/u_KLDJ_top/u_pipe_id_ex/update_target_q[5]_i_3/O
                         net (fo=1, routed)           0.336     2.621    student_top_inst/u_KLDJ_top/u_pipe_id_ex/update_target_q[5]_i_3_n_0
    SLICE_X58Y70         LUT6 (Prop_lut6_I2_O)        0.043     2.664 r  student_top_inst/u_KLDJ_top/u_pipe_id_ex/update_target_q[5]_i_1_comp/O
                         net (fo=3, routed)           0.284     2.948    student_top_inst/u_KLDJ_top/u_pipe_id_ex/id_ex_exu_op_reg[0]_0[5]
    SLICE_X60Y71         LUT6 (Prop_lut6_I4_O)        0.043     2.991 r  student_top_inst/u_KLDJ_top/u_pipe_id_ex/id_ex_pred_taken_i_17/O
                         net (fo=1, routed)           0.000     2.991    student_top_inst/u_KLDJ_top/u_pipe_id_ex/id_ex_pred_taken_i_17_n_0
    SLICE_X60Y71         CARRY4 (Prop_carry4_S[1]_CO[3])
                                                      0.267     3.258 r  student_top_inst/u_KLDJ_top/u_pipe_id_ex/id_ex_pred_taken_reg_i_10/CO[3]
                         net (fo=1, routed)           0.000     3.258    student_top_inst/u_KLDJ_top/u_pipe_id_ex/id_ex_pred_taken_reg_i_10_n_0
    SLICE_X60Y72         CARRY4 (Prop_carry4_CI_CO[3])
                                                      0.053     3.311 r  student_top_inst/u_KLDJ_top/u_pipe_id_ex/id_ex_pred_taken_reg_i_6/CO[3]
                         net (fo=1, routed)           0.000     3.311    student_top_inst/u_KLDJ_top/u_pipe_id_ex/id_ex_pred_taken_reg_i_6_n_0
    SLICE_X60Y73         CARRY4 (Prop_carry4_CI_CO[2])
                                                      0.110     3.421 f  student_top_inst/u_KLDJ_top/u_pipe_id_ex/id_ex_pred_taken_reg_i_5/CO[2]
                         net (fo=2, routed)           0.238     3.659    student_top_inst/u_KLDJ_top/u_pipe_id_ex/u_ex_bpu_ctrl/indirect_target_miss0
    SLICE_X61Y73         LUT5 (Prop_lut5_I4_O)        0.129     3.788 f  student_top_inst/u_KLDJ_top/u_pipe_id_ex/pc_reg[31]_i_5/O
                         net (fo=38, routed)          0.228     4.016    student_top_inst/u_KLDJ_top/u_pipe_id_ex/pc_reg[31]_i_5_n_0
    SLICE_X61Y73         LUT3 (Prop_lut3_I0_O)        0.043     4.059 r  student_top_inst/u_KLDJ_top/u_pipe_id_ex/id_ex_pred_taken_i_1/O
                         net (fo=12, routed)          0.356     4.415    student_top_inst/u_KLDJ_top/u_pipe_id_ex/id_ex_pred_taken_i_1_n_0
    SLICE_X61Y71         FDRE                                         r  student_top_inst/u_KLDJ_top/u_pipe_id_ex/id_ex_store_op_reg/R
  -------------------------------------------------------------------    -------------------

                         (clock clk_out2_pll rise edge)
                                                      5.714     5.714 r  
    AD12                                              0.000     5.714 r  i_sys_clk_p (IN)
                         net (fo=0)                   0.000     5.714    pll_inst/inst/clk_in1_p
    AD12                 IBUFDS (Prop_ibufds_I_O)     0.803     6.518 r  pll_inst/inst/clkin1_ibufgds/O
                         net (fo=1, routed)           1.001     7.519    pll_inst/inst/clk_in1_pll
    PLLE2_ADV_X1Y1       PLLE2_ADV (Prop_plle2_adv_CLKIN1_CLKOUT1)
                                                     -7.261     0.258 r  pll_inst/inst/plle2_adv_inst/CLKOUT1
                         net (fo=1, routed)           2.003     2.261    pll_inst/inst/clk_out2_pll
    BUFGCTRL_X0Y0        BUFG (Prop_bufg_I_O)         0.083     2.344 r  pll_inst/inst/clkout2_buf/O
                         net (fo=6000, routed)        1.419     3.763    student_top_inst/u_KLDJ_top/u_pipe_id_ex/clk_out2
    SLICE_X61Y71         FDRE                                         r  student_top_inst/u_KLDJ_top/u_pipe_id_ex/id_ex_store_op_reg/C
                         clock pessimism             -0.373     3.390    
                         clock uncertainty           -0.077     3.313    
    SLICE_X61Y71         FDRE (Setup_fdre_C_R)       -0.304     3.009    student_top_inst/u_KLDJ_top/u_pipe_id_ex/id_ex_store_op_reg
  -------------------------------------------------------------------
                         required time                          3.009    
                         arrival time                          -4.415    
  -------------------------------------------------------------------
                         slack                                 -1.406    

Slack (VIOLATED) :        -1.406ns  (required time - arrival time)
  Source:                 student_top_inst/u_KLDJ_top/u_pipe_mem_wb/mem_wb_wb_ctl_reg/C
                            (rising edge-triggered cell FDRE clocked by clk_out2_pll  {rise@0.000ns fall@2.857ns period=5.714ns})
  Destination:            student_top_inst/u_KLDJ_top/u_pipe_id_ex/id_ex_wb_ctl_reg/R
                            (rising edge-triggered cell FDRE clocked by clk_out2_pll  {rise@0.000ns fall@2.857ns period=5.714ns})
  Path Group:             clk_out2_pll
  Path Type:              Setup (Max at Slow Process Corner)
  Requirement:            5.714ns  (clk_out2_pll rise@5.714ns - clk_out2_pll rise@0.000ns)
  Data Path Delay:        6.685ns  (logic 1.594ns (23.844%)  route 5.091ns (76.156%))
  Logic Levels:           19  (CARRY4=6 LUT3=2 LUT4=1 LUT5=3 LUT6=7)
  Clock Path Skew:        -0.054ns (DCD - SCD + CPR)
    Destination Clock Delay (DCD):    -1.952ns = ( 3.763 - 5.714 ) 
    Source Clock Delay      (SCD):    -2.270ns
    Clock Pessimism Removal (CPR):    -0.373ns
  Clock Uncertainty:      0.077ns  ((TSJ^2 + DJ^2)^1/2) / 2 + PE
    Total System Jitter     (TSJ):    0.071ns
    Discrete Jitter          (DJ):    0.137ns
    Phase Error              (PE):    0.000ns

    Location             Delay type                Incr(ns)  Path(ns)    Netlist Resource(s)
  -------------------------------------------------------------------    -------------------
                         (clock clk_out2_pll rise edge)
                                                      0.000     0.000 r  
    AD12                                              0.000     0.000 r  i_sys_clk_p (IN)
                         net (fo=0)                   0.000     0.000    pll_inst/inst/clk_in1_p
    AD12                 IBUFDS (Prop_ibufds_I_O)     0.906     0.906 r  pll_inst/inst/clkin1_ibufgds/O
                         net (fo=1, routed)           1.098     2.004    pll_inst/inst/clk_in1_pll
    PLLE2_ADV_X1Y1       PLLE2_ADV (Prop_plle2_adv_CLKIN1_CLKOUT1)
                                                     -8.058    -6.054 r  pll_inst/inst/plle2_adv_inst/CLKOUT1
                         net (fo=1, routed)           2.128    -3.926    pll_inst/inst/clk_out2_pll
    BUFGCTRL_X0Y0        BUFG (Prop_bufg_I_O)         0.093    -3.833 r  pll_inst/inst/clkout2_buf/O
                         net (fo=6000, routed)        1.563    -2.270    student_top_inst/u_KLDJ_top/u_pipe_mem_wb/clk_out2
    SLICE_X68Y58         FDRE                                         r  student_top_inst/u_KLDJ_top/u_pipe_mem_wb/mem_wb_wb_ctl_reg/C
  -------------------------------------------------------------------    -------------------
    SLICE_X68Y58         FDRE (Prop_fdre_C_Q)         0.223    -2.047 r  student_top_inst/u_KLDJ_top/u_pipe_mem_wb/mem_wb_wb_ctl_reg/Q
                         net (fo=34, routed)          0.667    -1.381    student_top_inst/u_KLDJ_top/u_pipe_mem_wb/mem_wb_wb_ctl
    SLICE_X65Y59         LUT6 (Prop_lut6_I5_O)        0.043    -1.338 r  student_top_inst/u_KLDJ_top/u_pipe_mem_wb/mem_wb_forward_valid/i_/O
                         net (fo=2, routed)           0.352    -0.986    student_top_inst/u_KLDJ_top/u_pipe_mem_wb/mem_wb_forward_valid/i__n_0
    SLICE_X65Y59         LUT6 (Prop_lut6_I2_O)        0.043    -0.943 f  student_top_inst/u_KLDJ_top/u_pipe_mem_wb/rs2_q[31]_i_9/O
                         net (fo=1, routed)           0.150    -0.793    student_top_inst/u_KLDJ_top/u_pipe_mem_wb/rs2_q[31]_i_9_n_0
    SLICE_X65Y59         LUT6 (Prop_lut6_I4_O)        0.043    -0.750 r  student_top_inst/u_KLDJ_top/u_pipe_mem_wb/rs2_q[31]_i_4/O
                         net (fo=28, routed)          0.404    -0.346    student_top_inst/u_KLDJ_top/u_pipe_id_ex/rs2_q_reg[5]
    SLICE_X68Y60         LUT5 (Prop_lut5_I3_O)        0.043    -0.303 r  student_top_inst/u_KLDJ_top/u_pipe_id_ex/rs2_q[15]_i_2/O
                         net (fo=4, routed)           0.191    -0.112    student_top_inst/u_KLDJ_top/u_pipe_id_ex/rs2_q[15]_i_2_n_0
    SLICE_X68Y61         LUT3 (Prop_lut3_I0_O)        0.043    -0.069 r  student_top_inst/u_KLDJ_top/u_pipe_id_ex/rs2_q[15]_i_1/O
                         net (fo=14, routed)          0.336     0.267    student_top_inst/u_KLDJ_top/u_pipe_id_ex/ex_data2[15]
    SLICE_X67Y62         LUT6 (Prop_lut6_I5_O)        0.043     0.310 r  student_top_inst/u_KLDJ_top/u_pipe_id_ex/unsigned_lt_carry__0_i_1/O
                         net (fo=1, routed)           0.529     0.840    student_top_inst/u_KLDJ_top/exu2/u_KLDJ_alu/u_alu_add/unsigned_lt_carry__1_0[3]
    SLICE_X65Y63         CARRY4 (Prop_carry4_DI[3]_CO[3])
                                                      0.190     1.030 r  student_top_inst/u_KLDJ_top/exu2/u_KLDJ_alu/u_alu_add/unsigned_lt_carry__0/CO[3]
                         net (fo=1, routed)           0.000     1.030    student_top_inst/u_KLDJ_top/exu2/u_KLDJ_alu/u_alu_add/unsigned_lt_carry__0_n_0
    SLICE_X65Y64         CARRY4 (Prop_carry4_CI_CO[3])
                                                      0.053     1.083 r  student_top_inst/u_KLDJ_top/exu2/u_KLDJ_alu/u_alu_add/unsigned_lt_carry__1/CO[3]
                         net (fo=1, routed)           0.000     1.083    student_top_inst/u_KLDJ_top/exu2/u_KLDJ_alu/u_alu_add/unsigned_lt_carry__1_n_0
    SLICE_X65Y65         CARRY4 (Prop_carry4_CI_CO[3])
                                                      0.053     1.136 r  student_top_inst/u_KLDJ_top/exu2/u_KLDJ_alu/u_alu_add/unsigned_lt_carry__2/CO[3]
                         net (fo=3, routed)           0.479     1.615    student_top_inst/u_KLDJ_top/u_pipe_id_ex/ex_mem_exu_res[0]_i_5_0[0]
    SLICE_X64Y67         LUT5 (Prop_lut5_I0_O)        0.043     1.658 r  student_top_inst/u_KLDJ_top/u_pipe_id_ex/ghr[0]_i_8/O
                         net (fo=1, routed)           0.104     1.762    student_top_inst/u_KLDJ_top/u_pipe_id_ex/ghr[0]_i_8_n_0
    SLICE_X64Y67         LUT6 (Prop_lut6_I5_O)        0.043     1.805 f  student_top_inst/u_KLDJ_top/u_pipe_id_ex/ghr[0]_i_4/O
                         net (fo=34, routed)          0.437     2.242    student_top_inst/u_KLDJ_top/u_pipe_id_ex/ghr[0]_i_4_n_0
    SLICE_X58Y69         LUT4 (Prop_lut4_I2_O)        0.043     2.285 r  student_top_inst/u_KLDJ_top/u_pipe_id_ex/update_target_q[5]_i_3/O
                         net (fo=1, routed)           0.336     2.621    student_top_inst/u_KLDJ_top/u_pipe_id_ex/update_target_q[5]_i_3_n_0
    SLICE_X58Y70         LUT6 (Prop_lut6_I2_O)        0.043     2.664 r  student_top_inst/u_KLDJ_top/u_pipe_id_ex/update_target_q[5]_i_1_comp/O
                         net (fo=3, routed)           0.284     2.948    student_top_inst/u_KLDJ_top/u_pipe_id_ex/id_ex_exu_op_reg[0]_0[5]
    SLICE_X60Y71         LUT6 (Prop_lut6_I4_O)        0.043     2.991 r  student_top_inst/u_KLDJ_top/u_pipe_id_ex/id_ex_pred_taken_i_17/O
                         net (fo=1, routed)           0.000     2.991    student_top_inst/u_KLDJ_top/u_pipe_id_ex/id_ex_pred_taken_i_17_n_0
    SLICE_X60Y71         CARRY4 (Prop_carry4_S[1]_CO[3])
                                                      0.267     3.258 r  student_top_inst/u_KLDJ_top/u_pipe_id_ex/id_ex_pred_taken_reg_i_10/CO[3]
                         net (fo=1, routed)           0.000     3.258    student_top_inst/u_KLDJ_top/u_pipe_id_ex/id_ex_pred_taken_reg_i_10_n_0
    SLICE_X60Y72         CARRY4 (Prop_carry4_CI_CO[3])
                                                      0.053     3.311 r  student_top_inst/u_KLDJ_top/u_pipe_id_ex/id_ex_pred_taken_reg_i_6/CO[3]
                         net (fo=1, routed)           0.000     3.311    student_top_inst/u_KLDJ_top/u_pipe_id_ex/id_ex_pred_taken_reg_i_6_n_0
    SLICE_X60Y73         CARRY4 (Prop_carry4_CI_CO[2])
                                                      0.110     3.421 f  student_top_inst/u_KLDJ_top/u_pipe_id_ex/id_ex_pred_taken_reg_i_5/CO[2]
                         net (fo=2, routed)           0.238     3.659    student_top_inst/u_KLDJ_top/u_pipe_id_ex/u_ex_bpu_ctrl/indirect_target_miss0
    SLICE_X61Y73         LUT5 (Prop_lut5_I4_O)        0.129     3.788 f  student_top_inst/u_KLDJ_top/u_pipe_id_ex/pc_reg[31]_i_5/O
                         net (fo=38, routed)          0.228     4.016    student_top_inst/u_KLDJ_top/u_pipe_id_ex/pc_reg[31]_i_5_n_0
    SLICE_X61Y73         LUT3 (Prop_lut3_I0_O)        0.043     4.059 r  student_top_inst/u_KLDJ_top/u_pipe_id_ex/id_ex_pred_taken_i_1/O
                         net (fo=12, routed)          0.356     4.415    student_top_inst/u_KLDJ_top/u_pipe_id_ex/id_ex_pred_taken_i_1_n_0
    SLICE_X61Y71         FDRE                                         r  student_top_inst/u_KLDJ_top/u_pipe_id_ex/id_ex_wb_ctl_reg/R
  -------------------------------------------------------------------    -------------------

                         (clock clk_out2_pll rise edge)
                                                      5.714     5.714 r  
    AD12                                              0.000     5.714 r  i_sys_clk_p (IN)
                         net (fo=0)                   0.000     5.714    pll_inst/inst/clk_in1_p
    AD12                 IBUFDS (Prop_ibufds_I_O)     0.803     6.518 r  pll_inst/inst/clkin1_ibufgds/O
                         net (fo=1, routed)           1.001     7.519    pll_inst/inst/clk_in1_pll
    PLLE2_ADV_X1Y1       PLLE2_ADV (Prop_plle2_adv_CLKIN1_CLKOUT1)
                                                     -7.261     0.258 r  pll_inst/inst/plle2_adv_inst/CLKOUT1
                         net (fo=1, routed)           2.003     2.261    pll_inst/inst/clk_out2_pll
    BUFGCTRL_X0Y0        BUFG (Prop_bufg_I_O)         0.083     2.344 r  pll_inst/inst/clkout2_buf/O
                         net (fo=6000, routed)        1.419     3.763    student_top_inst/u_KLDJ_top/u_pipe_id_ex/clk_out2
    SLICE_X61Y71         FDRE                                         r  student_top_inst/u_KLDJ_top/u_pipe_id_ex/id_ex_wb_ctl_reg/C
                         clock pessimism             -0.373     3.390    
                         clock uncertainty           -0.077     3.313    
    SLICE_X61Y71         FDRE (Setup_fdre_C_R)       -0.304     3.009    student_top_inst/u_KLDJ_top/u_pipe_id_ex/id_ex_wb_ctl_reg
  -------------------------------------------------------------------
                         required time                          3.009    
                         arrival time                          -4.415    
  -------------------------------------------------------------------
                         slack                                 -1.406    

Slack (VIOLATED) :        -1.400ns  (required time - arrival time)
  Source:                 student_top_inst/u_KLDJ_top/u_pipe_mem_wb/mem_wb_wb_ctl_reg/C
                            (rising edge-triggered cell FDRE clocked by clk_out2_pll  {rise@0.000ns fall@2.857ns period=5.714ns})
  Destination:            student_top_inst/u_KLDJ_top/u_pipe_id_ex/id_ex_rs1_ren_reg/R
                            (rising edge-triggered cell FDRE clocked by clk_out2_pll  {rise@0.000ns fall@2.857ns period=5.714ns})
  Path Group:             clk_out2_pll
  Path Type:              Setup (Max at Slow Process Corner)
  Requirement:            5.714ns  (clk_out2_pll rise@5.714ns - clk_out2_pll rise@0.000ns)
  Data Path Delay:        6.702ns  (logic 1.594ns (23.785%)  route 5.108ns (76.215%))
  Logic Levels:           19  (CARRY4=6 LUT3=2 LUT4=1 LUT5=3 LUT6=7)
  Clock Path Skew:        -0.032ns (DCD - SCD + CPR)
    Destination Clock Delay (DCD):    -1.951ns = ( 3.764 - 5.714 ) 
    Source Clock Delay      (SCD):    -2.270ns
    Clock Pessimism Removal (CPR):    -0.352ns
  Clock Uncertainty:      0.077ns  ((TSJ^2 + DJ^2)^1/2) / 2 + PE
    Total System Jitter     (TSJ):    0.071ns
    Discrete Jitter          (DJ):    0.137ns
    Phase Error              (PE):    0.000ns

    Location             Delay type                Incr(ns)  Path(ns)    Netlist Resource(s)
  -------------------------------------------------------------------    -------------------
                         (clock clk_out2_pll rise edge)
                                                      0.000     0.000 r  
    AD12                                              0.000     0.000 r  i_sys_clk_p (IN)
                         net (fo=0)                   0.000     0.000    pll_inst/inst/clk_in1_p
    AD12                 IBUFDS (Prop_ibufds_I_O)     0.906     0.906 r  pll_inst/inst/clkin1_ibufgds/O
                         net (fo=1, routed)           1.098     2.004    pll_inst/inst/clk_in1_pll
    PLLE2_ADV_X1Y1       PLLE2_ADV (Prop_plle2_adv_CLKIN1_CLKOUT1)
                                                     -8.058    -6.054 r  pll_inst/inst/plle2_adv_inst/CLKOUT1
                         net (fo=1, routed)           2.128    -3.926    pll_inst/inst/clk_out2_pll
    BUFGCTRL_X0Y0        BUFG (Prop_bufg_I_O)         0.093    -3.833 r  pll_inst/inst/clkout2_buf/O
                         net (fo=6000, routed)        1.563    -2.270    student_top_inst/u_KLDJ_top/u_pipe_mem_wb/clk_out2
    SLICE_X68Y58         FDRE                                         r  student_top_inst/u_KLDJ_top/u_pipe_mem_wb/mem_wb_wb_ctl_reg/C
  -------------------------------------------------------------------    -------------------
    SLICE_X68Y58         FDRE (Prop_fdre_C_Q)         0.223    -2.047 r  student_top_inst/u_KLDJ_top/u_pipe_mem_wb/mem_wb_wb_ctl_reg/Q
                         net (fo=34, routed)          0.667    -1.381    student_top_inst/u_KLDJ_top/u_pipe_mem_wb/mem_wb_wb_ctl
    SLICE_X65Y59         LUT6 (Prop_lut6_I5_O)        0.043    -1.338 r  student_top_inst/u_KLDJ_top/u_pipe_mem_wb/mem_wb_forward_valid/i_/O
                         net (fo=2, routed)           0.352    -0.986    student_top_inst/u_KLDJ_top/u_pipe_mem_wb/mem_wb_forward_valid/i__n_0
    SLICE_X65Y59         LUT6 (Prop_lut6_I2_O)        0.043    -0.943 f  student_top_inst/u_KLDJ_top/u_pipe_mem_wb/rs2_q[31]_i_9/O
                         net (fo=1, routed)           0.150    -0.793    student_top_inst/u_KLDJ_top/u_pipe_mem_wb/rs2_q[31]_i_9_n_0
    SLICE_X65Y59         LUT6 (Prop_lut6_I4_O)        0.043    -0.750 r  student_top_inst/u_KLDJ_top/u_pipe_mem_wb/rs2_q[31]_i_4/O
                         net (fo=28, routed)          0.404    -0.346    student_top_inst/u_KLDJ_top/u_pipe_id_ex/rs2_q_reg[5]
    SLICE_X68Y60         LUT5 (Prop_lut5_I3_O)        0.043    -0.303 r  student_top_inst/u_KLDJ_top/u_pipe_id_ex/rs2_q[15]_i_2/O
                         net (fo=4, routed)           0.191    -0.112    student_top_inst/u_KLDJ_top/u_pipe_id_ex/rs2_q[15]_i_2_n_0
    SLICE_X68Y61         LUT3 (Prop_lut3_I0_O)        0.043    -0.069 r  student_top_inst/u_KLDJ_top/u_pipe_id_ex/rs2_q[15]_i_1/O
                         net (fo=14, routed)          0.336     0.267    student_top_inst/u_KLDJ_top/u_pipe_id_ex/ex_data2[15]
    SLICE_X67Y62         LUT6 (Prop_lut6_I5_O)        0.043     0.310 r  student_top_inst/u_KLDJ_top/u_pipe_id_ex/unsigned_lt_carry__0_i_1/O
                         net (fo=1, routed)           0.529     0.840    student_top_inst/u_KLDJ_top/exu2/u_KLDJ_alu/u_alu_add/unsigned_lt_carry__1_0[3]
    SLICE_X65Y63         CARRY4 (Prop_carry4_DI[3]_CO[3])
                                                      0.190     1.030 r  student_top_inst/u_KLDJ_top/exu2/u_KLDJ_alu/u_alu_add/unsigned_lt_carry__0/CO[3]
                         net (fo=1, routed)           0.000     1.030    student_top_inst/u_KLDJ_top/exu2/u_KLDJ_alu/u_alu_add/unsigned_lt_carry__0_n_0
    SLICE_X65Y64         CARRY4 (Prop_carry4_CI_CO[3])
                                                      0.053     1.083 r  student_top_inst/u_KLDJ_top/exu2/u_KLDJ_alu/u_alu_add/unsigned_lt_carry__1/CO[3]
                         net (fo=1, routed)           0.000     1.083    student_top_inst/u_KLDJ_top/exu2/u_KLDJ_alu/u_alu_add/unsigned_lt_carry__1_n_0
    SLICE_X65Y65         CARRY4 (Prop_carry4_CI_CO[3])
                                                      0.053     1.136 r  student_top_inst/u_KLDJ_top/exu2/u_KLDJ_alu/u_alu_add/unsigned_lt_carry__2/CO[3]
                         net (fo=3, routed)           0.479     1.615    student_top_inst/u_KLDJ_top/u_pipe_id_ex/ex_mem_exu_res[0]_i_5_0[0]
    SLICE_X64Y67         LUT5 (Prop_lut5_I0_O)        0.043     1.658 r  student_top_inst/u_KLDJ_top/u_pipe_id_ex/ghr[0]_i_8/O
                         net (fo=1, routed)           0.104     1.762    student_top_inst/u_KLDJ_top/u_pipe_id_ex/ghr[0]_i_8_n_0
    SLICE_X64Y67         LUT6 (Prop_lut6_I5_O)        0.043     1.805 f  student_top_inst/u_KLDJ_top/u_pipe_id_ex/ghr[0]_i_4/O
                         net (fo=34, routed)          0.437     2.242    student_top_inst/u_KLDJ_top/u_pipe_id_ex/ghr[0]_i_4_n_0
    SLICE_X58Y69         LUT4 (Prop_lut4_I2_O)        0.043     2.285 r  student_top_inst/u_KLDJ_top/u_pipe_id_ex/update_target_q[5]_i_3/O
                         net (fo=1, routed)           0.336     2.621    student_top_inst/u_KLDJ_top/u_pipe_id_ex/update_target_q[5]_i_3_n_0
    SLICE_X58Y70         LUT6 (Prop_lut6_I2_O)        0.043     2.664 r  student_top_inst/u_KLDJ_top/u_pipe_id_ex/update_target_q[5]_i_1_comp/O
                         net (fo=3, routed)           0.284     2.948    student_top_inst/u_KLDJ_top/u_pipe_id_ex/id_ex_exu_op_reg[0]_0[5]
    SLICE_X60Y71         LUT6 (Prop_lut6_I4_O)        0.043     2.991 r  student_top_inst/u_KLDJ_top/u_pipe_id_ex/id_ex_pred_taken_i_17/O
                         net (fo=1, routed)           0.000     2.991    student_top_inst/u_KLDJ_top/u_pipe_id_ex/id_ex_pred_taken_i_17_n_0
    SLICE_X60Y71         CARRY4 (Prop_carry4_S[1]_CO[3])
                                                      0.267     3.258 r  student_top_inst/u_KLDJ_top/u_pipe_id_ex/id_ex_pred_taken_reg_i_10/CO[3]
                         net (fo=1, routed)           0.000     3.258    student_top_inst/u_KLDJ_top/u_pipe_id_ex/id_ex_pred_taken_reg_i_10_n_0
    SLICE_X60Y72         CARRY4 (Prop_carry4_CI_CO[3])
                                                      0.053     3.311 r  student_top_inst/u_KLDJ_top/u_pipe_id_ex/id_ex_pred_taken_reg_i_6/CO[3]
                         net (fo=1, routed)           0.000     3.311    student_top_inst/u_KLDJ_top/u_pipe_id_ex/id_ex_pred_taken_reg_i_6_n_0
    SLICE_X60Y73         CARRY4 (Prop_carry4_CI_CO[2])
                                                      0.110     3.421 f  student_top_inst/u_KLDJ_top/u_pipe_id_ex/id_ex_pred_taken_reg_i_5/CO[2]
                         net (fo=2, routed)           0.238     3.659    student_top_inst/u_KLDJ_top/u_pipe_id_ex/u_ex_bpu_ctrl/indirect_target_miss0
    SLICE_X61Y73         LUT5 (Prop_lut5_I4_O)        0.129     3.788 f  student_top_inst/u_KLDJ_top/u_pipe_id_ex/pc_reg[31]_i_5/O
                         net (fo=38, routed)          0.228     4.016    student_top_inst/u_KLDJ_top/u_pipe_id_ex/pc_reg[31]_i_5_n_0
    SLICE_X61Y73         LUT3 (Prop_lut3_I0_O)        0.043     4.059 r  student_top_inst/u_KLDJ_top/u_pipe_id_ex/id_ex_pred_taken_i_1/O
                         net (fo=12, routed)          0.373     4.431    student_top_inst/u_KLDJ_top/u_pipe_id_ex/id_ex_pred_taken_i_1_n_0
    SLICE_X67Y68         FDRE                                         r  student_top_inst/u_KLDJ_top/u_pipe_id_ex/id_ex_rs1_ren_reg/R
  -------------------------------------------------------------------    -------------------

                         (clock clk_out2_pll rise edge)
                                                      5.714     5.714 r  
    AD12                                              0.000     5.714 r  i_sys_clk_p (IN)
                         net (fo=0)                   0.000     5.714    pll_inst/inst/clk_in1_p
    AD12                 IBUFDS (Prop_ibufds_I_O)     0.803     6.518 r  pll_inst/inst/clkin1_ibufgds/O
                         net (fo=1, routed)           1.001     7.519    pll_inst/inst/clk_in1_pll
    PLLE2_ADV_X1Y1       PLLE2_ADV (Prop_plle2_adv_CLKIN1_CLKOUT1)
                                                     -7.261     0.258 r  pll_inst/inst/plle2_adv_inst/CLKOUT1
                         net (fo=1, routed)           2.003     2.261    pll_inst/inst/clk_out2_pll
    BUFGCTRL_X0Y0        BUFG (Prop_bufg_I_O)         0.083     2.344 r  pll_inst/inst/clkout2_buf/O
                         net (fo=6000, routed)        1.420     3.764    student_top_inst/u_KLDJ_top/u_pipe_id_ex/clk_out2
    SLICE_X67Y68         FDRE                                         r  student_top_inst/u_KLDJ_top/u_pipe_id_ex/id_ex_rs1_ren_reg/C
                         clock pessimism             -0.352     3.412    
                         clock uncertainty           -0.077     3.335    
    SLICE_X67Y68         FDRE (Setup_fdre_C_R)       -0.304     3.031    student_top_inst/u_KLDJ_top/u_pipe_id_ex/id_ex_rs1_ren_reg
  -------------------------------------------------------------------
                         required time                          3.031    
                         arrival time                          -4.431    
  -------------------------------------------------------------------
                         slack                                 -1.400    

Slack (VIOLATED) :        -1.399ns  (required time - arrival time)
  Source:                 student_top_inst/u_KLDJ_top/u_pipe_mem_wb/mem_wb_wb_ctl_reg/C
                            (rising edge-triggered cell FDRE clocked by clk_out2_pll  {rise@0.000ns fall@2.857ns period=5.714ns})
  Destination:            student_top_inst/u_KLDJ_top/ifu0/pc_reg_reg[7]/D
                            (rising edge-triggered cell FDRE clocked by clk_out2_pll  {rise@0.000ns fall@2.857ns period=5.714ns})
  Path Group:             clk_out2_pll
  Path Type:              Setup (Max at Slow Process Corner)
  Requirement:            5.714ns  (clk_out2_pll rise@5.714ns - clk_out2_pll rise@0.000ns)
  Data Path Delay:        6.869ns  (logic 1.714ns (24.953%)  route 5.155ns (75.047%))
  Logic Levels:           19  (CARRY4=6 LUT3=1 LUT4=1 LUT5=3 LUT6=7 MUXF7=1)
  Clock Path Skew:        -0.057ns (DCD - SCD + CPR)
    Destination Clock Delay (DCD):    -1.955ns = ( 3.760 - 5.714 ) 
    Source Clock Delay      (SCD):    -2.270ns
    Clock Pessimism Removal (CPR):    -0.373ns
  Clock Uncertainty:      0.077ns  ((TSJ^2 + DJ^2)^1/2) / 2 + PE
    Total System Jitter     (TSJ):    0.071ns
    Discrete Jitter          (DJ):    0.137ns
    Phase Error              (PE):    0.000ns

    Location             Delay type                Incr(ns)  Path(ns)    Netlist Resource(s)
  -------------------------------------------------------------------    -------------------
                         (clock clk_out2_pll rise edge)
                                                      0.000     0.000 r  
    AD12                                              0.000     0.000 r  i_sys_clk_p (IN)
                         net (fo=0)                   0.000     0.000    pll_inst/inst/clk_in1_p
    AD12                 IBUFDS (Prop_ibufds_I_O)     0.906     0.906 r  pll_inst/inst/clkin1_ibufgds/O
                         net (fo=1, routed)           1.098     2.004    pll_inst/inst/clk_in1_pll
    PLLE2_ADV_X1Y1       PLLE2_ADV (Prop_plle2_adv_CLKIN1_CLKOUT1)
                                                     -8.058    -6.054 r  pll_inst/inst/plle2_adv_inst/CLKOUT1
                         net (fo=1, routed)           2.128    -3.926    pll_inst/inst/clk_out2_pll
    BUFGCTRL_X0Y0        BUFG (Prop_bufg_I_O)         0.093    -3.833 r  pll_inst/inst/clkout2_buf/O
                         net (fo=6000, routed)        1.563    -2.270    student_top_inst/u_KLDJ_top/u_pipe_mem_wb/clk_out2
    SLICE_X68Y58         FDRE                                         r  student_top_inst/u_KLDJ_top/u_pipe_mem_wb/mem_wb_wb_ctl_reg/C
  -------------------------------------------------------------------    -------------------
    SLICE_X68Y58         FDRE (Prop_fdre_C_Q)         0.223    -2.047 r  student_top_inst/u_KLDJ_top/u_pipe_mem_wb/mem_wb_wb_ctl_reg/Q
                         net (fo=34, routed)          0.667    -1.381    student_top_inst/u_KLDJ_top/u_pipe_mem_wb/mem_wb_wb_ctl
    SLICE_X65Y59         LUT6 (Prop_lut6_I5_O)        0.043    -1.338 r  student_top_inst/u_KLDJ_top/u_pipe_mem_wb/mem_wb_forward_valid/i_/O
                         net (fo=2, routed)           0.352    -0.986    student_top_inst/u_KLDJ_top/u_pipe_mem_wb/mem_wb_forward_valid/i__n_0
    SLICE_X65Y59         LUT6 (Prop_lut6_I2_O)        0.043    -0.943 f  student_top_inst/u_KLDJ_top/u_pipe_mem_wb/rs2_q[31]_i_9/O
                         net (fo=1, routed)           0.150    -0.793    student_top_inst/u_KLDJ_top/u_pipe_mem_wb/rs2_q[31]_i_9_n_0
    SLICE_X65Y59         LUT6 (Prop_lut6_I4_O)        0.043    -0.750 r  student_top_inst/u_KLDJ_top/u_pipe_mem_wb/rs2_q[31]_i_4/O
                         net (fo=28, routed)          0.404    -0.346    student_top_inst/u_KLDJ_top/u_pipe_id_ex/rs2_q_reg[5]
    SLICE_X68Y60         LUT5 (Prop_lut5_I3_O)        0.043    -0.303 r  student_top_inst/u_KLDJ_top/u_pipe_id_ex/rs2_q[15]_i_2/O
                         net (fo=4, routed)           0.191    -0.112    student_top_inst/u_KLDJ_top/u_pipe_id_ex/rs2_q[15]_i_2_n_0
    SLICE_X68Y61         LUT3 (Prop_lut3_I0_O)        0.043    -0.069 r  student_top_inst/u_KLDJ_top/u_pipe_id_ex/rs2_q[15]_i_1/O
                         net (fo=14, routed)          0.336     0.267    student_top_inst/u_KLDJ_top/u_pipe_id_ex/ex_data2[15]
    SLICE_X67Y62         LUT6 (Prop_lut6_I5_O)        0.043     0.310 r  student_top_inst/u_KLDJ_top/u_pipe_id_ex/unsigned_lt_carry__0_i_1/O
                         net (fo=1, routed)           0.529     0.840    student_top_inst/u_KLDJ_top/exu2/u_KLDJ_alu/u_alu_add/unsigned_lt_carry__1_0[3]
    SLICE_X65Y63         CARRY4 (Prop_carry4_DI[3]_CO[3])
                                                      0.190     1.030 r  student_top_inst/u_KLDJ_top/exu2/u_KLDJ_alu/u_alu_add/unsigned_lt_carry__0/CO[3]
                         net (fo=1, routed)           0.000     1.030    student_top_inst/u_KLDJ_top/exu2/u_KLDJ_alu/u_alu_add/unsigned_lt_carry__0_n_0
    SLICE_X65Y64         CARRY4 (Prop_carry4_CI_CO[3])
                                                      0.053     1.083 r  student_top_inst/u_KLDJ_top/exu2/u_KLDJ_alu/u_alu_add/unsigned_lt_carry__1/CO[3]
                         net (fo=1, routed)           0.000     1.083    student_top_inst/u_KLDJ_top/exu2/u_KLDJ_alu/u_alu_add/unsigned_lt_carry__1_n_0
    SLICE_X65Y65         CARRY4 (Prop_carry4_CI_CO[3])
                                                      0.053     1.136 r  student_top_inst/u_KLDJ_top/exu2/u_KLDJ_alu/u_alu_add/unsigned_lt_carry__2/CO[3]
                         net (fo=3, routed)           0.479     1.615    student_top_inst/u_KLDJ_top/u_pipe_id_ex/ex_mem_exu_res[0]_i_5_0[0]
    SLICE_X64Y67         LUT5 (Prop_lut5_I0_O)        0.043     1.658 r  student_top_inst/u_KLDJ_top/u_pipe_id_ex/ghr[0]_i_8/O
                         net (fo=1, routed)           0.104     1.762    student_top_inst/u_KLDJ_top/u_pipe_id_ex/ghr[0]_i_8_n_0
    SLICE_X64Y67         LUT6 (Prop_lut6_I5_O)        0.043     1.805 f  student_top_inst/u_KLDJ_top/u_pipe_id_ex/ghr[0]_i_4/O
                         net (fo=34, routed)          0.437     2.242    student_top_inst/u_KLDJ_top/u_pipe_id_ex/ghr[0]_i_4_n_0
    SLICE_X58Y69         LUT4 (Prop_lut4_I2_O)        0.043     2.285 r  student_top_inst/u_KLDJ_top/u_pipe_id_ex/update_target_q[5]_i_3/O
                         net (fo=1, routed)           0.336     2.621    student_top_inst/u_KLDJ_top/u_pipe_id_ex/update_target_q[5]_i_3_n_0
    SLICE_X58Y70         LUT6 (Prop_lut6_I2_O)        0.043     2.664 r  student_top_inst/u_KLDJ_top/u_pipe_id_ex/update_target_q[5]_i_1_comp/O
                         net (fo=3, routed)           0.284     2.948    student_top_inst/u_KLDJ_top/u_pipe_id_ex/id_ex_exu_op_reg[0]_0[5]
    SLICE_X60Y71         LUT6 (Prop_lut6_I4_O)        0.043     2.991 r  student_top_inst/u_KLDJ_top/u_pipe_id_ex/id_ex_pred_taken_i_17/O
                         net (fo=1, routed)           0.000     2.991    student_top_inst/u_KLDJ_top/u_pipe_id_ex/id_ex_pred_taken_i_17_n_0
    SLICE_X60Y71         CARRY4 (Prop_carry4_S[1]_CO[3])
                                                      0.267     3.258 r  student_top_inst/u_KLDJ_top/u_pipe_id_ex/id_ex_pred_taken_reg_i_10/CO[3]
                         net (fo=1, routed)           0.000     3.258    student_top_inst/u_KLDJ_top/u_pipe_id_ex/id_ex_pred_taken_reg_i_10_n_0
    SLICE_X60Y72         CARRY4 (Prop_carry4_CI_CO[3])
                                                      0.053     3.311 r  student_top_inst/u_KLDJ_top/u_pipe_id_ex/id_ex_pred_taken_reg_i_6/CO[3]
                         net (fo=1, routed)           0.000     3.311    student_top_inst/u_KLDJ_top/u_pipe_id_ex/id_ex_pred_taken_reg_i_6_n_0
    SLICE_X60Y73         CARRY4 (Prop_carry4_CI_CO[2])
                                                      0.110     3.421 r  student_top_inst/u_KLDJ_top/u_pipe_id_ex/id_ex_pred_taken_reg_i_5/CO[2]
                         net (fo=2, routed)           0.238     3.659    student_top_inst/u_KLDJ_top/u_pipe_id_ex/u_ex_bpu_ctrl/indirect_target_miss0
    SLICE_X61Y73         LUT5 (Prop_lut5_I4_O)        0.129     3.788 r  student_top_inst/u_KLDJ_top/u_pipe_id_ex/pc_reg[31]_i_5/O
                         net (fo=38, routed)          0.357     4.145    student_top_inst/u_KLDJ_top/u_pipe_id_ex/pc_reg[31]_i_5_n_0
    SLICE_X60Y75         MUXF7 (Prop_muxf7_S_O)       0.163     4.308 r  student_top_inst/u_KLDJ_top/u_pipe_id_ex/pc_reg_reg[7]_i_1/O
                         net (fo=1, routed)           0.291     4.599    student_top_inst/u_KLDJ_top/ifu0/pc_reg_reg[31]_2[7]
    SLICE_X60Y74         FDRE                                         r  student_top_inst/u_KLDJ_top/ifu0/pc_reg_reg[7]/D
  -------------------------------------------------------------------    -------------------

                         (clock clk_out2_pll rise edge)
                                                      5.714     5.714 r  
    AD12                                              0.000     5.714 r  i_sys_clk_p (IN)
                         net (fo=0)                   0.000     5.714    pll_inst/inst/clk_in1_p
    AD12                 IBUFDS (Prop_ibufds_I_O)     0.803     6.518 r  pll_inst/inst/clkin1_ibufgds/O
                         net (fo=1, routed)           1.001     7.519    pll_inst/inst/clk_in1_pll
    PLLE2_ADV_X1Y1       PLLE2_ADV (Prop_plle2_adv_CLKIN1_CLKOUT1)
                                                     -7.261     0.258 r  pll_inst/inst/plle2_adv_inst/CLKOUT1
                         net (fo=1, routed)           2.003     2.261    pll_inst/inst/clk_out2_pll
    BUFGCTRL_X0Y0        BUFG (Prop_bufg_I_O)         0.083     2.344 r  pll_inst/inst/clkout2_buf/O
                         net (fo=6000, routed)        1.416     3.760    student_top_inst/u_KLDJ_top/ifu0/clk_out2
    SLICE_X60Y74         FDRE                                         r  student_top_inst/u_KLDJ_top/ifu0/pc_reg_reg[7]/C
                         clock pessimism             -0.373     3.387    
                         clock uncertainty           -0.077     3.310    
    SLICE_X60Y74         FDRE (Setup_fdre_C_D)       -0.110     3.200    student_top_inst/u_KLDJ_top/ifu0/pc_reg_reg[7]
  -------------------------------------------------------------------
                         required time                          3.200    
                         arrival time                          -4.599    
  -------------------------------------------------------------------
                         slack                                 -1.399    

Slack (VIOLATED) :        -1.384ns  (required time - arrival time)
  Source:                 student_top_inst/u_KLDJ_top/u_pipe_mem_wb/mem_wb_wb_ctl_reg/C
                            (rising edge-triggered cell FDRE clocked by clk_out2_pll  {rise@0.000ns fall@2.857ns period=5.714ns})
  Destination:            student_top_inst/u_KLDJ_top/ifu0/pc_reg_reg[6]/D
                            (rising edge-triggered cell FDRE clocked by clk_out2_pll  {rise@0.000ns fall@2.857ns period=5.714ns})
  Path Group:             clk_out2_pll
  Path Type:              Setup (Max at Slow Process Corner)
  Requirement:            5.714ns  (clk_out2_pll rise@5.714ns - clk_out2_pll rise@0.000ns)
  Data Path Delay:        6.869ns  (logic 1.714ns (24.954%)  route 5.155ns (75.046%))
  Logic Levels:           19  (CARRY4=6 LUT3=1 LUT4=1 LUT5=3 LUT6=7 MUXF7=1)
  Clock Path Skew:        -0.055ns (DCD - SCD + CPR)
    Destination Clock Delay (DCD):    -1.953ns = ( 3.762 - 5.714 ) 
    Source Clock Delay      (SCD):    -2.270ns
    Clock Pessimism Removal (CPR):    -0.373ns
  Clock Uncertainty:      0.077ns  ((TSJ^2 + DJ^2)^1/2) / 2 + PE
    Total System Jitter     (TSJ):    0.071ns
    Discrete Jitter          (DJ):    0.137ns
    Phase Error              (PE):    0.000ns

    Location             Delay type                Incr(ns)  Path(ns)    Netlist Resource(s)
  -------------------------------------------------------------------    -------------------
                         (clock clk_out2_pll rise edge)
                                                      0.000     0.000 r  
    AD12                                              0.000     0.000 r  i_sys_clk_p (IN)
                         net (fo=0)                   0.000     0.000    pll_inst/inst/clk_in1_p
    AD12                 IBUFDS (Prop_ibufds_I_O)     0.906     0.906 r  pll_inst/inst/clkin1_ibufgds/O
                         net (fo=1, routed)           1.098     2.004    pll_inst/inst/clk_in1_pll
    PLLE2_ADV_X1Y1       PLLE2_ADV (Prop_plle2_adv_CLKIN1_CLKOUT1)
                                                     -8.058    -6.054 r  pll_inst/inst/plle2_adv_inst/CLKOUT1
                         net (fo=1, routed)           2.128    -3.926    pll_inst/inst/clk_out2_pll
    BUFGCTRL_X0Y0        BUFG (Prop_bufg_I_O)         0.093    -3.833 r  pll_inst/inst/clkout2_buf/O
                         net (fo=6000, routed)        1.563    -2.270    student_top_inst/u_KLDJ_top/u_pipe_mem_wb/clk_out2
    SLICE_X68Y58         FDRE                                         r  student_top_inst/u_KLDJ_top/u_pipe_mem_wb/mem_wb_wb_ctl_reg/C
  -------------------------------------------------------------------    -------------------
    SLICE_X68Y58         FDRE (Prop_fdre_C_Q)         0.223    -2.047 r  student_top_inst/u_KLDJ_top/u_pipe_mem_wb/mem_wb_wb_ctl_reg/Q
                         net (fo=34, routed)          0.667    -1.381    student_top_inst/u_KLDJ_top/u_pipe_mem_wb/mem_wb_wb_ctl
    SLICE_X65Y59         LUT6 (Prop_lut6_I5_O)        0.043    -1.338 r  student_top_inst/u_KLDJ_top/u_pipe_mem_wb/mem_wb_forward_valid/i_/O
                         net (fo=2, routed)           0.352    -0.986    student_top_inst/u_KLDJ_top/u_pipe_mem_wb/mem_wb_forward_valid/i__n_0
    SLICE_X65Y59         LUT6 (Prop_lut6_I2_O)        0.043    -0.943 f  student_top_inst/u_KLDJ_top/u_pipe_mem_wb/rs2_q[31]_i_9/O
                         net (fo=1, routed)           0.150    -0.793    student_top_inst/u_KLDJ_top/u_pipe_mem_wb/rs2_q[31]_i_9_n_0
    SLICE_X65Y59         LUT6 (Prop_lut6_I4_O)        0.043    -0.750 r  student_top_inst/u_KLDJ_top/u_pipe_mem_wb/rs2_q[31]_i_4/O
                         net (fo=28, routed)          0.404    -0.346    student_top_inst/u_KLDJ_top/u_pipe_id_ex/rs2_q_reg[5]
    SLICE_X68Y60         LUT5 (Prop_lut5_I3_O)        0.043    -0.303 r  student_top_inst/u_KLDJ_top/u_pipe_id_ex/rs2_q[15]_i_2/O
                         net (fo=4, routed)           0.191    -0.112    student_top_inst/u_KLDJ_top/u_pipe_id_ex/rs2_q[15]_i_2_n_0
    SLICE_X68Y61         LUT3 (Prop_lut3_I0_O)        0.043    -0.069 r  student_top_inst/u_KLDJ_top/u_pipe_id_ex/rs2_q[15]_i_1/O
                         net (fo=14, routed)          0.336     0.267    student_top_inst/u_KLDJ_top/u_pipe_id_ex/ex_data2[15]
    SLICE_X67Y62         LUT6 (Prop_lut6_I5_O)        0.043     0.310 r  student_top_inst/u_KLDJ_top/u_pipe_id_ex/unsigned_lt_carry__0_i_1/O
                         net (fo=1, routed)           0.529     0.840    student_top_inst/u_KLDJ_top/exu2/u_KLDJ_alu/u_alu_add/unsigned_lt_carry__1_0[3]
    SLICE_X65Y63         CARRY4 (Prop_carry4_DI[3]_CO[3])
                                                      0.190     1.030 r  student_top_inst/u_KLDJ_top/exu2/u_KLDJ_alu/u_alu_add/unsigned_lt_carry__0/CO[3]
                         net (fo=1, routed)           0.000     1.030    student_top_inst/u_KLDJ_top/exu2/u_KLDJ_alu/u_alu_add/unsigned_lt_carry__0_n_0
    SLICE_X65Y64         CARRY4 (Prop_carry4_CI_CO[3])
                                                      0.053     1.083 r  student_top_inst/u_KLDJ_top/exu2/u_KLDJ_alu/u_alu_add/unsigned_lt_carry__1/CO[3]
                         net (fo=1, routed)           0.000     1.083    student_top_inst/u_KLDJ_top/exu2/u_KLDJ_alu/u_alu_add/unsigned_lt_carry__1_n_0
    SLICE_X65Y65         CARRY4 (Prop_carry4_CI_CO[3])
                                                      0.053     1.136 r  student_top_inst/u_KLDJ_top/exu2/u_KLDJ_alu/u_alu_add/unsigned_lt_carry__2/CO[3]
                         net (fo=3, routed)           0.479     1.615    student_top_inst/u_KLDJ_top/u_pipe_id_ex/ex_mem_exu_res[0]_i_5_0[0]
    SLICE_X64Y67         LUT5 (Prop_lut5_I0_O)        0.043     1.658 r  student_top_inst/u_KLDJ_top/u_pipe_id_ex/ghr[0]_i_8/O
                         net (fo=1, routed)           0.104     1.762    student_top_inst/u_KLDJ_top/u_pipe_id_ex/ghr[0]_i_8_n_0
    SLICE_X64Y67         LUT6 (Prop_lut6_I5_O)        0.043     1.805 f  student_top_inst/u_KLDJ_top/u_pipe_id_ex/ghr[0]_i_4/O
                         net (fo=34, routed)          0.437     2.242    student_top_inst/u_KLDJ_top/u_pipe_id_ex/ghr[0]_i_4_n_0
    SLICE_X58Y69         LUT4 (Prop_lut4_I2_O)        0.043     2.285 r  student_top_inst/u_KLDJ_top/u_pipe_id_ex/update_target_q[5]_i_3/O
                         net (fo=1, routed)           0.336     2.621    student_top_inst/u_KLDJ_top/u_pipe_id_ex/update_target_q[5]_i_3_n_0
    SLICE_X58Y70         LUT6 (Prop_lut6_I2_O)        0.043     2.664 r  student_top_inst/u_KLDJ_top/u_pipe_id_ex/update_target_q[5]_i_1_comp/O
                         net (fo=3, routed)           0.284     2.948    student_top_inst/u_KLDJ_top/u_pipe_id_ex/id_ex_exu_op_reg[0]_0[5]
    SLICE_X60Y71         LUT6 (Prop_lut6_I4_O)        0.043     2.991 r  student_top_inst/u_KLDJ_top/u_pipe_id_ex/id_ex_pred_taken_i_17/O
                         net (fo=1, routed)           0.000     2.991    student_top_inst/u_KLDJ_top/u_pipe_id_ex/id_ex_pred_taken_i_17_n_0
    SLICE_X60Y71         CARRY4 (Prop_carry4_S[1]_CO[3])
                                                      0.267     3.258 r  student_top_inst/u_KLDJ_top/u_pipe_id_ex/id_ex_pred_taken_reg_i_10/CO[3]
                         net (fo=1, routed)           0.000     3.258    student_top_inst/u_KLDJ_top/u_pipe_id_ex/id_ex_pred_taken_reg_i_10_n_0
    SLICE_X60Y72         CARRY4 (Prop_carry4_CI_CO[3])
                                                      0.053     3.311 r  student_top_inst/u_KLDJ_top/u_pipe_id_ex/id_ex_pred_taken_reg_i_6/CO[3]
                         net (fo=1, routed)           0.000     3.311    student_top_inst/u_KLDJ_top/u_pipe_id_ex/id_ex_pred_taken_reg_i_6_n_0
    SLICE_X60Y73         CARRY4 (Prop_carry4_CI_CO[2])
                                                      0.110     3.421 r  student_top_inst/u_KLDJ_top/u_pipe_id_ex/id_ex_pred_taken_reg_i_5/CO[2]
                         net (fo=2, routed)           0.238     3.659    student_top_inst/u_KLDJ_top/u_pipe_id_ex/u_ex_bpu_ctrl/indirect_target_miss0
    SLICE_X61Y73         LUT5 (Prop_lut5_I4_O)        0.129     3.788 r  student_top_inst/u_KLDJ_top/u_pipe_id_ex/pc_reg[31]_i_5/O
                         net (fo=38, routed)          0.361     4.149    student_top_inst/u_KLDJ_top/u_pipe_id_ex/pc_reg[31]_i_5_n_0
    SLICE_X63Y73         MUXF7 (Prop_muxf7_S_O)       0.163     4.312 r  student_top_inst/u_KLDJ_top/u_pipe_id_ex/pc_reg_reg[6]_i_1/O
                         net (fo=1, routed)           0.286     4.598    student_top_inst/u_KLDJ_top/ifu0/pc_reg_reg[31]_2[6]
    SLICE_X61Y72         FDRE                                         r  student_top_inst/u_KLDJ_top/ifu0/pc_reg_reg[6]/D
  -------------------------------------------------------------------    -------------------

                         (clock clk_out2_pll rise edge)
                                                      5.714     5.714 r  
    AD12                                              0.000     5.714 r  i_sys_clk_p (IN)
                         net (fo=0)                   0.000     5.714    pll_inst/inst/clk_in1_p
    AD12                 IBUFDS (Prop_ibufds_I_O)     0.803     6.518 r  pll_inst/inst/clkin1_ibufgds/O
                         net (fo=1, routed)           1.001     7.519    pll_inst/inst/clk_in1_pll
    PLLE2_ADV_X1Y1       PLLE2_ADV (Prop_plle2_adv_CLKIN1_CLKOUT1)
                                                     -7.261     0.258 r  pll_inst/inst/plle2_adv_inst/CLKOUT1
                         net (fo=1, routed)           2.003     2.261    pll_inst/inst/clk_out2_pll
    BUFGCTRL_X0Y0        BUFG (Prop_bufg_I_O)         0.083     2.344 r  pll_inst/inst/clkout2_buf/O
                         net (fo=6000, routed)        1.418     3.762    student_top_inst/u_KLDJ_top/ifu0/clk_out2
    SLICE_X61Y72         FDRE                                         r  student_top_inst/u_KLDJ_top/ifu0/pc_reg_reg[6]/C
                         clock pessimism             -0.373     3.389    
                         clock uncertainty           -0.077     3.312    
    SLICE_X61Y72         FDRE (Setup_fdre_C_D)       -0.098     3.214    student_top_inst/u_KLDJ_top/ifu0/pc_reg_reg[6]
  -------------------------------------------------------------------
                         required time                          3.214    
                         arrival time                          -4.598    
  -------------------------------------------------------------------
                         slack                                 -1.384    

Slack (VIOLATED) :        -1.375ns  (required time - arrival time)
  Source:                 student_top_inst/u_KLDJ_top/u_pipe_mem_wb/mem_wb_wb_ctl_reg/C
                            (rising edge-triggered cell FDRE clocked by clk_out2_pll  {rise@0.000ns fall@2.857ns period=5.714ns})
  Destination:            student_top_inst/u_KLDJ_top/u_pipe_id_ex/id_ex_branch_op_reg/R
                            (rising edge-triggered cell FDRE clocked by clk_out2_pll  {rise@0.000ns fall@2.857ns period=5.714ns})
  Path Group:             clk_out2_pll
  Path Type:              Setup (Max at Slow Process Corner)
  Requirement:            5.714ns  (clk_out2_pll rise@5.714ns - clk_out2_pll rise@0.000ns)
  Data Path Delay:        6.677ns  (logic 1.594ns (23.874%)  route 5.083ns (76.126%))
  Logic Levels:           19  (CARRY4=6 LUT3=2 LUT4=1 LUT5=3 LUT6=7)
  Clock Path Skew:        -0.055ns (DCD - SCD + CPR)
    Destination Clock Delay (DCD):    -1.953ns = ( 3.762 - 5.714 ) 
    Source Clock Delay      (SCD):    -2.270ns
    Clock Pessimism Removal (CPR):    -0.373ns
  Clock Uncertainty:      0.077ns  ((TSJ^2 + DJ^2)^1/2) / 2 + PE
    Total System Jitter     (TSJ):    0.071ns
    Discrete Jitter          (DJ):    0.137ns
    Phase Error              (PE):    0.000ns

    Location             Delay type                Incr(ns)  Path(ns)    Netlist Resource(s)
  -------------------------------------------------------------------    -------------------
                         (clock clk_out2_pll rise edge)
                                                      0.000     0.000 r  
    AD12                                              0.000     0.000 r  i_sys_clk_p (IN)
                         net (fo=0)                   0.000     0.000    pll_inst/inst/clk_in1_p
    AD12                 IBUFDS (Prop_ibufds_I_O)     0.906     0.906 r  pll_inst/inst/clkin1_ibufgds/O
                         net (fo=1, routed)           1.098     2.004    pll_inst/inst/clk_in1_pll
    PLLE2_ADV_X1Y1       PLLE2_ADV (Prop_plle2_adv_CLKIN1_CLKOUT1)
                                                     -8.058    -6.054 r  pll_inst/inst/plle2_adv_inst/CLKOUT1
                         net (fo=1, routed)           2.128    -3.926    pll_inst/inst/clk_out2_pll
    BUFGCTRL_X0Y0        BUFG (Prop_bufg_I_O)         0.093    -3.833 r  pll_inst/inst/clkout2_buf/O
                         net (fo=6000, routed)        1.563    -2.270    student_top_inst/u_KLDJ_top/u_pipe_mem_wb/clk_out2
    SLICE_X68Y58         FDRE                                         r  student_top_inst/u_KLDJ_top/u_pipe_mem_wb/mem_wb_wb_ctl_reg/C
  -------------------------------------------------------------------    -------------------
    SLICE_X68Y58         FDRE (Prop_fdre_C_Q)         0.223    -2.047 r  student_top_inst/u_KLDJ_top/u_pipe_mem_wb/mem_wb_wb_ctl_reg/Q
                         net (fo=34, routed)          0.667    -1.381    student_top_inst/u_KLDJ_top/u_pipe_mem_wb/mem_wb_wb_ctl
    SLICE_X65Y59         LUT6 (Prop_lut6_I5_O)        0.043    -1.338 r  student_top_inst/u_KLDJ_top/u_pipe_mem_wb/mem_wb_forward_valid/i_/O
                         net (fo=2, routed)           0.352    -0.986    student_top_inst/u_KLDJ_top/u_pipe_mem_wb/mem_wb_forward_valid/i__n_0
    SLICE_X65Y59         LUT6 (Prop_lut6_I2_O)        0.043    -0.943 f  student_top_inst/u_KLDJ_top/u_pipe_mem_wb/rs2_q[31]_i_9/O
                         net (fo=1, routed)           0.150    -0.793    student_top_inst/u_KLDJ_top/u_pipe_mem_wb/rs2_q[31]_i_9_n_0
    SLICE_X65Y59         LUT6 (Prop_lut6_I4_O)        0.043    -0.750 r  student_top_inst/u_KLDJ_top/u_pipe_mem_wb/rs2_q[31]_i_4/O
                         net (fo=28, routed)          0.404    -0.346    student_top_inst/u_KLDJ_top/u_pipe_id_ex/rs2_q_reg[5]
    SLICE_X68Y60         LUT5 (Prop_lut5_I3_O)        0.043    -0.303 r  student_top_inst/u_KLDJ_top/u_pipe_id_ex/rs2_q[15]_i_2/O
                         net (fo=4, routed)           0.191    -0.112    student_top_inst/u_KLDJ_top/u_pipe_id_ex/rs2_q[15]_i_2_n_0
    SLICE_X68Y61         LUT3 (Prop_lut3_I0_O)        0.043    -0.069 r  student_top_inst/u_KLDJ_top/u_pipe_id_ex/rs2_q[15]_i_1/O
                         net (fo=14, routed)          0.336     0.267    student_top_inst/u_KLDJ_top/u_pipe_id_ex/ex_data2[15]
    SLICE_X67Y62         LUT6 (Prop_lut6_I5_O)        0.043     0.310 r  student_top_inst/u_KLDJ_top/u_pipe_id_ex/unsigned_lt_carry__0_i_1/O
                         net (fo=1, routed)           0.529     0.840    student_top_inst/u_KLDJ_top/exu2/u_KLDJ_alu/u_alu_add/unsigned_lt_carry__1_0[3]
    SLICE_X65Y63         CARRY4 (Prop_carry4_DI[3]_CO[3])
                                                      0.190     1.030 r  student_top_inst/u_KLDJ_top/exu2/u_KLDJ_alu/u_alu_add/unsigned_lt_carry__0/CO[3]
                         net (fo=1, routed)           0.000     1.030    student_top_inst/u_KLDJ_top/exu2/u_KLDJ_alu/u_alu_add/unsigned_lt_carry__0_n_0
    SLICE_X65Y64         CARRY4 (Prop_carry4_CI_CO[3])
                                                      0.053     1.083 r  student_top_inst/u_KLDJ_top/exu2/u_KLDJ_alu/u_alu_add/unsigned_lt_carry__1/CO[3]
                         net (fo=1, routed)           0.000     1.083    student_top_inst/u_KLDJ_top/exu2/u_KLDJ_alu/u_alu_add/unsigned_lt_carry__1_n_0
    SLICE_X65Y65         CARRY4 (Prop_carry4_CI_CO[3])
                                                      0.053     1.136 r  student_top_inst/u_KLDJ_top/exu2/u_KLDJ_alu/u_alu_add/unsigned_lt_carry__2/CO[3]
                         net (fo=3, routed)           0.479     1.615    student_top_inst/u_KLDJ_top/u_pipe_id_ex/ex_mem_exu_res[0]_i_5_0[0]
    SLICE_X64Y67         LUT5 (Prop_lut5_I0_O)        0.043     1.658 r  student_top_inst/u_KLDJ_top/u_pipe_id_ex/ghr[0]_i_8/O
                         net (fo=1, routed)           0.104     1.762    student_top_inst/u_KLDJ_top/u_pipe_id_ex/ghr[0]_i_8_n_0
    SLICE_X64Y67         LUT6 (Prop_lut6_I5_O)        0.043     1.805 f  student_top_inst/u_KLDJ_top/u_pipe_id_ex/ghr[0]_i_4/O
                         net (fo=34, routed)          0.437     2.242    student_top_inst/u_KLDJ_top/u_pipe_id_ex/ghr[0]_i_4_n_0
    SLICE_X58Y69         LUT4 (Prop_lut4_I2_O)        0.043     2.285 r  student_top_inst/u_KLDJ_top/u_pipe_id_ex/update_target_q[5]_i_3/O
                         net (fo=1, routed)           0.336     2.621    student_top_inst/u_KLDJ_top/u_pipe_id_ex/update_target_q[5]_i_3_n_0
    SLICE_X58Y70         LUT6 (Prop_lut6_I2_O)        0.043     2.664 r  student_top_inst/u_KLDJ_top/u_pipe_id_ex/update_target_q[5]_i_1_comp/O
                         net (fo=3, routed)           0.284     2.948    student_top_inst/u_KLDJ_top/u_pipe_id_ex/id_ex_exu_op_reg[0]_0[5]
    SLICE_X60Y71         LUT6 (Prop_lut6_I4_O)        0.043     2.991 r  student_top_inst/u_KLDJ_top/u_pipe_id_ex/id_ex_pred_taken_i_17/O
                         net (fo=1, routed)           0.000     2.991    student_top_inst/u_KLDJ_top/u_pipe_id_ex/id_ex_pred_taken_i_17_n_0
    SLICE_X60Y71         CARRY4 (Prop_carry4_S[1]_CO[3])
                                                      0.267     3.258 r  student_top_inst/u_KLDJ_top/u_pipe_id_ex/id_ex_pred_taken_reg_i_10/CO[3]
                         net (fo=1, routed)           0.000     3.258    student_top_inst/u_KLDJ_top/u_pipe_id_ex/id_ex_pred_taken_reg_i_10_n_0
    SLICE_X60Y72         CARRY4 (Prop_carry4_CI_CO[3])
                                                      0.053     3.311 r  student_top_inst/u_KLDJ_top/u_pipe_id_ex/id_ex_pred_taken_reg_i_6/CO[3]
                         net (fo=1, routed)           0.000     3.311    student_top_inst/u_KLDJ_top/u_pipe_id_ex/id_ex_pred_taken_reg_i_6_n_0
    SLICE_X60Y73         CARRY4 (Prop_carry4_CI_CO[2])
                                                      0.110     3.421 f  student_top_inst/u_KLDJ_top/u_pipe_id_ex/id_ex_pred_taken_reg_i_5/CO[2]
                         net (fo=2, routed)           0.238     3.659    student_top_inst/u_KLDJ_top/u_pipe_id_ex/u_ex_bpu_ctrl/indirect_target_miss0
    SLICE_X61Y73         LUT5 (Prop_lut5_I4_O)        0.129     3.788 f  student_top_inst/u_KLDJ_top/u_pipe_id_ex/pc_reg[31]_i_5/O
                         net (fo=38, routed)          0.228     4.016    student_top_inst/u_KLDJ_top/u_pipe_id_ex/pc_reg[31]_i_5_n_0
    SLICE_X61Y73         LUT3 (Prop_lut3_I0_O)        0.043     4.059 r  student_top_inst/u_KLDJ_top/u_pipe_id_ex/id_ex_pred_taken_i_1/O
                         net (fo=12, routed)          0.348     4.406    student_top_inst/u_KLDJ_top/u_pipe_id_ex/id_ex_pred_taken_i_1_n_0
    SLICE_X58Y72         FDRE                                         r  student_top_inst/u_KLDJ_top/u_pipe_id_ex/id_ex_branch_op_reg/R
  -------------------------------------------------------------------    -------------------

                         (clock clk_out2_pll rise edge)
                                                      5.714     5.714 r  
    AD12                                              0.000     5.714 r  i_sys_clk_p (IN)
                         net (fo=0)                   0.000     5.714    pll_inst/inst/clk_in1_p
    AD12                 IBUFDS (Prop_ibufds_I_O)     0.803     6.518 r  pll_inst/inst/clkin1_ibufgds/O
                         net (fo=1, routed)           1.001     7.519    pll_inst/inst/clk_in1_pll
    PLLE2_ADV_X1Y1       PLLE2_ADV (Prop_plle2_adv_CLKIN1_CLKOUT1)
                                                     -7.261     0.258 r  pll_inst/inst/plle2_adv_inst/CLKOUT1
                         net (fo=1, routed)           2.003     2.261    pll_inst/inst/clk_out2_pll
    BUFGCTRL_X0Y0        BUFG (Prop_bufg_I_O)         0.083     2.344 r  pll_inst/inst/clkout2_buf/O
                         net (fo=6000, routed)        1.418     3.762    student_top_inst/u_KLDJ_top/u_pipe_id_ex/clk_out2
    SLICE_X58Y72         FDRE                                         r  student_top_inst/u_KLDJ_top/u_pipe_id_ex/id_ex_branch_op_reg/C
                         clock pessimism             -0.373     3.389    
                         clock uncertainty           -0.077     3.312    
    SLICE_X58Y72         FDRE (Setup_fdre_C_R)       -0.281     3.031    student_top_inst/u_KLDJ_top/u_pipe_id_ex/id_ex_branch_op_reg
  -------------------------------------------------------------------
                         required time                          3.031    
                         arrival time                          -4.406    
  -------------------------------------------------------------------
                         slack                                 -1.375    

Slack (VIOLATED) :        -1.373ns  (required time - arrival time)
  Source:                 student_top_inst/u_KLDJ_top/u_pipe_mem_wb/mem_wb_wb_ctl_reg/C
                            (rising edge-triggered cell FDRE clocked by clk_out2_pll  {rise@0.000ns fall@2.857ns period=5.714ns})
  Destination:            student_top_inst/u_KLDJ_top/u_pipe_id_ex/id_ex_csr_op_reg/R
                            (rising edge-triggered cell FDRE clocked by clk_out2_pll  {rise@0.000ns fall@2.857ns period=5.714ns})
  Path Group:             clk_out2_pll
  Path Type:              Setup (Max at Slow Process Corner)
  Requirement:            5.714ns  (clk_out2_pll rise@5.714ns - clk_out2_pll rise@0.000ns)
  Data Path Delay:        6.650ns  (logic 1.594ns (23.971%)  route 5.056ns (76.029%))
  Logic Levels:           19  (CARRY4=6 LUT3=2 LUT4=1 LUT5=3 LUT6=7)
  Clock Path Skew:        -0.057ns (DCD - SCD + CPR)
    Destination Clock Delay (DCD):    -1.955ns = ( 3.760 - 5.714 ) 
    Source Clock Delay      (SCD):    -2.270ns
    Clock Pessimism Removal (CPR):    -0.373ns
  Clock Uncertainty:      0.077ns  ((TSJ^2 + DJ^2)^1/2) / 2 + PE
    Total System Jitter     (TSJ):    0.071ns
    Discrete Jitter          (DJ):    0.137ns
    Phase Error              (PE):    0.000ns

    Location             Delay type                Incr(ns)  Path(ns)    Netlist Resource(s)
  -------------------------------------------------------------------    -------------------
                         (clock clk_out2_pll rise edge)
                                                      0.000     0.000 r  
    AD12                                              0.000     0.000 r  i_sys_clk_p (IN)
                         net (fo=0)                   0.000     0.000    pll_inst/inst/clk_in1_p
    AD12                 IBUFDS (Prop_ibufds_I_O)     0.906     0.906 r  pll_inst/inst/clkin1_ibufgds/O
                         net (fo=1, routed)           1.098     2.004    pll_inst/inst/clk_in1_pll
    PLLE2_ADV_X1Y1       PLLE2_ADV (Prop_plle2_adv_CLKIN1_CLKOUT1)
                                                     -8.058    -6.054 r  pll_inst/inst/plle2_adv_inst/CLKOUT1
                         net (fo=1, routed)           2.128    -3.926    pll_inst/inst/clk_out2_pll
    BUFGCTRL_X0Y0        BUFG (Prop_bufg_I_O)         0.093    -3.833 r  pll_inst/inst/clkout2_buf/O
                         net (fo=6000, routed)        1.563    -2.270    student_top_inst/u_KLDJ_top/u_pipe_mem_wb/clk_out2
    SLICE_X68Y58         FDRE                                         r  student_top_inst/u_KLDJ_top/u_pipe_mem_wb/mem_wb_wb_ctl_reg/C
  -------------------------------------------------------------------    -------------------
    SLICE_X68Y58         FDRE (Prop_fdre_C_Q)         0.223    -2.047 r  student_top_inst/u_KLDJ_top/u_pipe_mem_wb/mem_wb_wb_ctl_reg/Q
                         net (fo=34, routed)          0.667    -1.381    student_top_inst/u_KLDJ_top/u_pipe_mem_wb/mem_wb_wb_ctl
    SLICE_X65Y59         LUT6 (Prop_lut6_I5_O)        0.043    -1.338 r  student_top_inst/u_KLDJ_top/u_pipe_mem_wb/mem_wb_forward_valid/i_/O
                         net (fo=2, routed)           0.352    -0.986    student_top_inst/u_KLDJ_top/u_pipe_mem_wb/mem_wb_forward_valid/i__n_0
    SLICE_X65Y59         LUT6 (Prop_lut6_I2_O)        0.043    -0.943 f  student_top_inst/u_KLDJ_top/u_pipe_mem_wb/rs2_q[31]_i_9/O
                         net (fo=1, routed)           0.150    -0.793    student_top_inst/u_KLDJ_top/u_pipe_mem_wb/rs2_q[31]_i_9_n_0
    SLICE_X65Y59         LUT6 (Prop_lut6_I4_O)        0.043    -0.750 r  student_top_inst/u_KLDJ_top/u_pipe_mem_wb/rs2_q[31]_i_4/O
                         net (fo=28, routed)          0.404    -0.346    student_top_inst/u_KLDJ_top/u_pipe_id_ex/rs2_q_reg[5]
    SLICE_X68Y60         LUT5 (Prop_lut5_I3_O)        0.043    -0.303 r  student_top_inst/u_KLDJ_top/u_pipe_id_ex/rs2_q[15]_i_2/O
                         net (fo=4, routed)           0.191    -0.112    student_top_inst/u_KLDJ_top/u_pipe_id_ex/rs2_q[15]_i_2_n_0
    SLICE_X68Y61         LUT3 (Prop_lut3_I0_O)        0.043    -0.069 r  student_top_inst/u_KLDJ_top/u_pipe_id_ex/rs2_q[15]_i_1/O
                         net (fo=14, routed)          0.336     0.267    student_top_inst/u_KLDJ_top/u_pipe_id_ex/ex_data2[15]
    SLICE_X67Y62         LUT6 (Prop_lut6_I5_O)        0.043     0.310 r  student_top_inst/u_KLDJ_top/u_pipe_id_ex/unsigned_lt_carry__0_i_1/O
                         net (fo=1, routed)           0.529     0.840    student_top_inst/u_KLDJ_top/exu2/u_KLDJ_alu/u_alu_add/unsigned_lt_carry__1_0[3]
    SLICE_X65Y63         CARRY4 (Prop_carry4_DI[3]_CO[3])
                                                      0.190     1.030 r  student_top_inst/u_KLDJ_top/exu2/u_KLDJ_alu/u_alu_add/unsigned_lt_carry__0/CO[3]
                         net (fo=1, routed)           0.000     1.030    student_top_inst/u_KLDJ_top/exu2/u_KLDJ_alu/u_alu_add/unsigned_lt_carry__0_n_0
    SLICE_X65Y64         CARRY4 (Prop_carry4_CI_CO[3])
                                                      0.053     1.083 r  student_top_inst/u_KLDJ_top/exu2/u_KLDJ_alu/u_alu_add/unsigned_lt_carry__1/CO[3]
                         net (fo=1, routed)           0.000     1.083    student_top_inst/u_KLDJ_top/exu2/u_KLDJ_alu/u_alu_add/unsigned_lt_carry__1_n_0
    SLICE_X65Y65         CARRY4 (Prop_carry4_CI_CO[3])
                                                      0.053     1.136 r  student_top_inst/u_KLDJ_top/exu2/u_KLDJ_alu/u_alu_add/unsigned_lt_carry__2/CO[3]
                         net (fo=3, routed)           0.479     1.615    student_top_inst/u_KLDJ_top/u_pipe_id_ex/ex_mem_exu_res[0]_i_5_0[0]
    SLICE_X64Y67         LUT5 (Prop_lut5_I0_O)        0.043     1.658 r  student_top_inst/u_KLDJ_top/u_pipe_id_ex/ghr[0]_i_8/O
                         net (fo=1, routed)           0.104     1.762    student_top_inst/u_KLDJ_top/u_pipe_id_ex/ghr[0]_i_8_n_0
    SLICE_X64Y67         LUT6 (Prop_lut6_I5_O)        0.043     1.805 f  student_top_inst/u_KLDJ_top/u_pipe_id_ex/ghr[0]_i_4/O
                         net (fo=34, routed)          0.437     2.242    student_top_inst/u_KLDJ_top/u_pipe_id_ex/ghr[0]_i_4_n_0
    SLICE_X58Y69         LUT4 (Prop_lut4_I2_O)        0.043     2.285 r  student_top_inst/u_KLDJ_top/u_pipe_id_ex/update_target_q[5]_i_3/O
                         net (fo=1, routed)           0.336     2.621    student_top_inst/u_KLDJ_top/u_pipe_id_ex/update_target_q[5]_i_3_n_0
    SLICE_X58Y70         LUT6 (Prop_lut6_I2_O)        0.043     2.664 r  student_top_inst/u_KLDJ_top/u_pipe_id_ex/update_target_q[5]_i_1_comp/O
                         net (fo=3, routed)           0.284     2.948    student_top_inst/u_KLDJ_top/u_pipe_id_ex/id_ex_exu_op_reg[0]_0[5]
    SLICE_X60Y71         LUT6 (Prop_lut6_I4_O)        0.043     2.991 r  student_top_inst/u_KLDJ_top/u_pipe_id_ex/id_ex_pred_taken_i_17/O
                         net (fo=1, routed)           0.000     2.991    student_top_inst/u_KLDJ_top/u_pipe_id_ex/id_ex_pred_taken_i_17_n_0
    SLICE_X60Y71         CARRY4 (Prop_carry4_S[1]_CO[3])
                                                      0.267     3.258 r  student_top_inst/u_KLDJ_top/u_pipe_id_ex/id_ex_pred_taken_reg_i_10/CO[3]
                         net (fo=1, routed)           0.000     3.258    student_top_inst/u_KLDJ_top/u_pipe_id_ex/id_ex_pred_taken_reg_i_10_n_0
    SLICE_X60Y72         CARRY4 (Prop_carry4_CI_CO[3])
                                                      0.053     3.311 r  student_top_inst/u_KLDJ_top/u_pipe_id_ex/id_ex_pred_taken_reg_i_6/CO[3]
                         net (fo=1, routed)           0.000     3.311    student_top_inst/u_KLDJ_top/u_pipe_id_ex/id_ex_pred_taken_reg_i_6_n_0
    SLICE_X60Y73         CARRY4 (Prop_carry4_CI_CO[2])
                                                      0.110     3.421 f  student_top_inst/u_KLDJ_top/u_pipe_id_ex/id_ex_pred_taken_reg_i_5/CO[2]
                         net (fo=2, routed)           0.238     3.659    student_top_inst/u_KLDJ_top/u_pipe_id_ex/u_ex_bpu_ctrl/indirect_target_miss0
    SLICE_X61Y73         LUT5 (Prop_lut5_I4_O)        0.129     3.788 f  student_top_inst/u_KLDJ_top/u_pipe_id_ex/pc_reg[31]_i_5/O
                         net (fo=38, routed)          0.228     4.016    student_top_inst/u_KLDJ_top/u_pipe_id_ex/pc_reg[31]_i_5_n_0
    SLICE_X61Y73         LUT3 (Prop_lut3_I0_O)        0.043     4.059 r  student_top_inst/u_KLDJ_top/u_pipe_id_ex/id_ex_pred_taken_i_1/O
                         net (fo=12, routed)          0.321     4.379    student_top_inst/u_KLDJ_top/u_pipe_id_ex/id_ex_pred_taken_i_1_n_0
    SLICE_X65Y73         FDRE                                         r  student_top_inst/u_KLDJ_top/u_pipe_id_ex/id_ex_csr_op_reg/R
  -------------------------------------------------------------------    -------------------

                         (clock clk_out2_pll rise edge)
                                                      5.714     5.714 r  
    AD12                                              0.000     5.714 r  i_sys_clk_p (IN)
                         net (fo=0)                   0.000     5.714    pll_inst/inst/clk_in1_p
    AD12                 IBUFDS (Prop_ibufds_I_O)     0.803     6.518 r  pll_inst/inst/clkin1_ibufgds/O
                         net (fo=1, routed)           1.001     7.519    pll_inst/inst/clk_in1_pll
    PLLE2_ADV_X1Y1       PLLE2_ADV (Prop_plle2_adv_CLKIN1_CLKOUT1)
                                                     -7.261     0.258 r  pll_inst/inst/plle2_adv_inst/CLKOUT1
                         net (fo=1, routed)           2.003     2.261    pll_inst/inst/clk_out2_pll
    BUFGCTRL_X0Y0        BUFG (Prop_bufg_I_O)         0.083     2.344 r  pll_inst/inst/clkout2_buf/O
                         net (fo=6000, routed)        1.416     3.760    student_top_inst/u_KLDJ_top/u_pipe_id_ex/clk_out2
    SLICE_X65Y73         FDRE                                         r  student_top_inst/u_KLDJ_top/u_pipe_id_ex/id_ex_csr_op_reg/C
                         clock pessimism             -0.373     3.387    
                         clock uncertainty           -0.077     3.310    
    SLICE_X65Y73         FDRE (Setup_fdre_C_R)       -0.304     3.006    student_top_inst/u_KLDJ_top/u_pipe_id_ex/id_ex_csr_op_reg
  -------------------------------------------------------------------
                         required time                          3.006    
                         arrival time                          -4.379    
  -------------------------------------------------------------------
                         slack                                 -1.373    

Slack (VIOLATED) :        -1.373ns  (required time - arrival time)
  Source:                 student_top_inst/u_KLDJ_top/u_pipe_mem_wb/mem_wb_wb_ctl_reg/C
                            (rising edge-triggered cell FDRE clocked by clk_out2_pll  {rise@0.000ns fall@2.857ns period=5.714ns})
  Destination:            student_top_inst/u_KLDJ_top/u_pipe_id_ex/id_ex_jalr_op_reg/R
                            (rising edge-triggered cell FDRE clocked by clk_out2_pll  {rise@0.000ns fall@2.857ns period=5.714ns})
  Path Group:             clk_out2_pll
  Path Type:              Setup (Max at Slow Process Corner)
  Requirement:            5.714ns  (clk_out2_pll rise@5.714ns - clk_out2_pll rise@0.000ns)
  Data Path Delay:        6.650ns  (logic 1.594ns (23.971%)  route 5.056ns (76.029%))
  Logic Levels:           19  (CARRY4=6 LUT3=2 LUT4=1 LUT5=3 LUT6=7)
  Clock Path Skew:        -0.057ns (DCD - SCD + CPR)
    Destination Clock Delay (DCD):    -1.955ns = ( 3.760 - 5.714 ) 
    Source Clock Delay      (SCD):    -2.270ns
    Clock Pessimism Removal (CPR):    -0.373ns
  Clock Uncertainty:      0.077ns  ((TSJ^2 + DJ^2)^1/2) / 2 + PE
    Total System Jitter     (TSJ):    0.071ns
    Discrete Jitter          (DJ):    0.137ns
    Phase Error              (PE):    0.000ns

    Location             Delay type                Incr(ns)  Path(ns)    Netlist Resource(s)
  -------------------------------------------------------------------    -------------------
                         (clock clk_out2_pll rise edge)
                                                      0.000     0.000 r  
    AD12                                              0.000     0.000 r  i_sys_clk_p (IN)
                         net (fo=0)                   0.000     0.000    pll_inst/inst/clk_in1_p
    AD12                 IBUFDS (Prop_ibufds_I_O)     0.906     0.906 r  pll_inst/inst/clkin1_ibufgds/O
                         net (fo=1, routed)           1.098     2.004    pll_inst/inst/clk_in1_pll
    PLLE2_ADV_X1Y1       PLLE2_ADV (Prop_plle2_adv_CLKIN1_CLKOUT1)
                                                     -8.058    -6.054 r  pll_inst/inst/plle2_adv_inst/CLKOUT1
                         net (fo=1, routed)           2.128    -3.926    pll_inst/inst/clk_out2_pll
    BUFGCTRL_X0Y0        BUFG (Prop_bufg_I_O)         0.093    -3.833 r  pll_inst/inst/clkout2_buf/O
                         net (fo=6000, routed)        1.563    -2.270    student_top_inst/u_KLDJ_top/u_pipe_mem_wb/clk_out2
    SLICE_X68Y58         FDRE                                         r  student_top_inst/u_KLDJ_top/u_pipe_mem_wb/mem_wb_wb_ctl_reg/C
  -------------------------------------------------------------------    -------------------
    SLICE_X68Y58         FDRE (Prop_fdre_C_Q)         0.223    -2.047 r  student_top_inst/u_KLDJ_top/u_pipe_mem_wb/mem_wb_wb_ctl_reg/Q
                         net (fo=34, routed)          0.667    -1.381    student_top_inst/u_KLDJ_top/u_pipe_mem_wb/mem_wb_wb_ctl
    SLICE_X65Y59         LUT6 (Prop_lut6_I5_O)        0.043    -1.338 r  student_top_inst/u_KLDJ_top/u_pipe_mem_wb/mem_wb_forward_valid/i_/O
                         net (fo=2, routed)           0.352    -0.986    student_top_inst/u_KLDJ_top/u_pipe_mem_wb/mem_wb_forward_valid/i__n_0
    SLICE_X65Y59         LUT6 (Prop_lut6_I2_O)        0.043    -0.943 f  student_top_inst/u_KLDJ_top/u_pipe_mem_wb/rs2_q[31]_i_9/O
                         net (fo=1, routed)           0.150    -0.793    student_top_inst/u_KLDJ_top/u_pipe_mem_wb/rs2_q[31]_i_9_n_0
    SLICE_X65Y59         LUT6 (Prop_lut6_I4_O)        0.043    -0.750 r  student_top_inst/u_KLDJ_top/u_pipe_mem_wb/rs2_q[31]_i_4/O
                         net (fo=28, routed)          0.404    -0.346    student_top_inst/u_KLDJ_top/u_pipe_id_ex/rs2_q_reg[5]
    SLICE_X68Y60         LUT5 (Prop_lut5_I3_O)        0.043    -0.303 r  student_top_inst/u_KLDJ_top/u_pipe_id_ex/rs2_q[15]_i_2/O
                         net (fo=4, routed)           0.191    -0.112    student_top_inst/u_KLDJ_top/u_pipe_id_ex/rs2_q[15]_i_2_n_0
    SLICE_X68Y61         LUT3 (Prop_lut3_I0_O)        0.043    -0.069 r  student_top_inst/u_KLDJ_top/u_pipe_id_ex/rs2_q[15]_i_1/O
                         net (fo=14, routed)          0.336     0.267    student_top_inst/u_KLDJ_top/u_pipe_id_ex/ex_data2[15]
    SLICE_X67Y62         LUT6 (Prop_lut6_I5_O)        0.043     0.310 r  student_top_inst/u_KLDJ_top/u_pipe_id_ex/unsigned_lt_carry__0_i_1/O
                         net (fo=1, routed)           0.529     0.840    student_top_inst/u_KLDJ_top/exu2/u_KLDJ_alu/u_alu_add/unsigned_lt_carry__1_0[3]
    SLICE_X65Y63         CARRY4 (Prop_carry4_DI[3]_CO[3])
                                                      0.190     1.030 r  student_top_inst/u_KLDJ_top/exu2/u_KLDJ_alu/u_alu_add/unsigned_lt_carry__0/CO[3]
                         net (fo=1, routed)           0.000     1.030    student_top_inst/u_KLDJ_top/exu2/u_KLDJ_alu/u_alu_add/unsigned_lt_carry__0_n_0
    SLICE_X65Y64         CARRY4 (Prop_carry4_CI_CO[3])
                                                      0.053     1.083 r  student_top_inst/u_KLDJ_top/exu2/u_KLDJ_alu/u_alu_add/unsigned_lt_carry__1/CO[3]
                         net (fo=1, routed)           0.000     1.083    student_top_inst/u_KLDJ_top/exu2/u_KLDJ_alu/u_alu_add/unsigned_lt_carry__1_n_0
    SLICE_X65Y65         CARRY4 (Prop_carry4_CI_CO[3])
                                                      0.053     1.136 r  student_top_inst/u_KLDJ_top/exu2/u_KLDJ_alu/u_alu_add/unsigned_lt_carry__2/CO[3]
                         net (fo=3, routed)           0.479     1.615    student_top_inst/u_KLDJ_top/u_pipe_id_ex/ex_mem_exu_res[0]_i_5_0[0]
    SLICE_X64Y67         LUT5 (Prop_lut5_I0_O)        0.043     1.658 r  student_top_inst/u_KLDJ_top/u_pipe_id_ex/ghr[0]_i_8/O
                         net (fo=1, routed)           0.104     1.762    student_top_inst/u_KLDJ_top/u_pipe_id_ex/ghr[0]_i_8_n_0
    SLICE_X64Y67         LUT6 (Prop_lut6_I5_O)        0.043     1.805 f  student_top_inst/u_KLDJ_top/u_pipe_id_ex/ghr[0]_i_4/O
                         net (fo=34, routed)          0.437     2.242    student_top_inst/u_KLDJ_top/u_pipe_id_ex/ghr[0]_i_4_n_0
    SLICE_X58Y69         LUT4 (Prop_lut4_I2_O)        0.043     2.285 r  student_top_inst/u_KLDJ_top/u_pipe_id_ex/update_target_q[5]_i_3/O
                         net (fo=1, routed)           0.336     2.621    student_top_inst/u_KLDJ_top/u_pipe_id_ex/update_target_q[5]_i_3_n_0
    SLICE_X58Y70         LUT6 (Prop_lut6_I2_O)        0.043     2.664 r  student_top_inst/u_KLDJ_top/u_pipe_id_ex/update_target_q[5]_i_1_comp/O
                         net (fo=3, routed)           0.284     2.948    student_top_inst/u_KLDJ_top/u_pipe_id_ex/id_ex_exu_op_reg[0]_0[5]
    SLICE_X60Y71         LUT6 (Prop_lut6_I4_O)        0.043     2.991 r  student_top_inst/u_KLDJ_top/u_pipe_id_ex/id_ex_pred_taken_i_17/O
                         net (fo=1, routed)           0.000     2.991    student_top_inst/u_KLDJ_top/u_pipe_id_ex/id_ex_pred_taken_i_17_n_0
    SLICE_X60Y71         CARRY4 (Prop_carry4_S[1]_CO[3])
                                                      0.267     3.258 r  student_top_inst/u_KLDJ_top/u_pipe_id_ex/id_ex_pred_taken_reg_i_10/CO[3]
                         net (fo=1, routed)           0.000     3.258    student_top_inst/u_KLDJ_top/u_pipe_id_ex/id_ex_pred_taken_reg_i_10_n_0
    SLICE_X60Y72         CARRY4 (Prop_carry4_CI_CO[3])
                                                      0.053     3.311 r  student_top_inst/u_KLDJ_top/u_pipe_id_ex/id_ex_pred_taken_reg_i_6/CO[3]
                         net (fo=1, routed)           0.000     3.311    student_top_inst/u_KLDJ_top/u_pipe_id_ex/id_ex_pred_taken_reg_i_6_n_0
    SLICE_X60Y73         CARRY4 (Prop_carry4_CI_CO[2])
                                                      0.110     3.421 f  student_top_inst/u_KLDJ_top/u_pipe_id_ex/id_ex_pred_taken_reg_i_5/CO[2]
                         net (fo=2, routed)           0.238     3.659    student_top_inst/u_KLDJ_top/u_pipe_id_ex/u_ex_bpu_ctrl/indirect_target_miss0
    SLICE_X61Y73         LUT5 (Prop_lut5_I4_O)        0.129     3.788 f  student_top_inst/u_KLDJ_top/u_pipe_id_ex/pc_reg[31]_i_5/O
                         net (fo=38, routed)          0.228     4.016    student_top_inst/u_KLDJ_top/u_pipe_id_ex/pc_reg[31]_i_5_n_0
    SLICE_X61Y73         LUT3 (Prop_lut3_I0_O)        0.043     4.059 r  student_top_inst/u_KLDJ_top/u_pipe_id_ex/id_ex_pred_taken_i_1/O
                         net (fo=12, routed)          0.321     4.379    student_top_inst/u_KLDJ_top/u_pipe_id_ex/id_ex_pred_taken_i_1_n_0
    SLICE_X65Y73         FDRE                                         r  student_top_inst/u_KLDJ_top/u_pipe_id_ex/id_ex_jalr_op_reg/R
  -------------------------------------------------------------------    -------------------

                         (clock clk_out2_pll rise edge)
                                                      5.714     5.714 r  
    AD12                                              0.000     5.714 r  i_sys_clk_p (IN)
                         net (fo=0)                   0.000     5.714    pll_inst/inst/clk_in1_p
    AD12                 IBUFDS (Prop_ibufds_I_O)     0.803     6.518 r  pll_inst/inst/clkin1_ibufgds/O
                         net (fo=1, routed)           1.001     7.519    pll_inst/inst/clk_in1_pll
    PLLE2_ADV_X1Y1       PLLE2_ADV (Prop_plle2_adv_CLKIN1_CLKOUT1)
                                                     -7.261     0.258 r  pll_inst/inst/plle2_adv_inst/CLKOUT1
                         net (fo=1, routed)           2.003     2.261    pll_inst/inst/clk_out2_pll
    BUFGCTRL_X0Y0        BUFG (Prop_bufg_I_O)         0.083     2.344 r  pll_inst/inst/clkout2_buf/O
                         net (fo=6000, routed)        1.416     3.760    student_top_inst/u_KLDJ_top/u_pipe_id_ex/clk_out2
    SLICE_X65Y73         FDRE                                         r  student_top_inst/u_KLDJ_top/u_pipe_id_ex/id_ex_jalr_op_reg/C
                         clock pessimism             -0.373     3.387    
                         clock uncertainty           -0.077     3.310    
    SLICE_X65Y73         FDRE (Setup_fdre_C_R)       -0.304     3.006    student_top_inst/u_KLDJ_top/u_pipe_id_ex/id_ex_jalr_op_reg
  -------------------------------------------------------------------
                         required time                          3.006    
                         arrival time                          -4.379    
  -------------------------------------------------------------------
                         slack                                 -1.373    

Slack (VIOLATED) :        -1.371ns  (required time - arrival time)
  Source:                 student_top_inst/u_KLDJ_top/u_pipe_mem_wb/mem_wb_wb_ctl_reg/C
                            (rising edge-triggered cell FDRE clocked by clk_out2_pll  {rise@0.000ns fall@2.857ns period=5.714ns})
  Destination:            student_top_inst/u_KLDJ_top/ifu0/pc_reg_reg[19]/CE
                            (rising edge-triggered cell FDRE clocked by clk_out2_pll  {rise@0.000ns fall@2.857ns period=5.714ns})
  Path Group:             clk_out2_pll
  Path Type:              Setup (Max at Slow Process Corner)
  Requirement:            5.714ns  (clk_out2_pll rise@5.714ns - clk_out2_pll rise@0.000ns)
  Data Path Delay:        6.751ns  (logic 1.594ns (23.612%)  route 5.157ns (76.388%))
  Logic Levels:           19  (CARRY4=6 LUT3=2 LUT4=1 LUT5=3 LUT6=7)
  Clock Path Skew:        -0.057ns (DCD - SCD + CPR)
    Destination Clock Delay (DCD):    -1.955ns = ( 3.760 - 5.714 ) 
    Source Clock Delay      (SCD):    -2.270ns
    Clock Pessimism Removal (CPR):    -0.373ns
  Clock Uncertainty:      0.077ns  ((TSJ^2 + DJ^2)^1/2) / 2 + PE
    Total System Jitter     (TSJ):    0.071ns
    Discrete Jitter          (DJ):    0.137ns
    Phase Error              (PE):    0.000ns

    Location             Delay type                Incr(ns)  Path(ns)    Netlist Resource(s)
  -------------------------------------------------------------------    -------------------
                         (clock clk_out2_pll rise edge)
                                                      0.000     0.000 r  
    AD12                                              0.000     0.000 r  i_sys_clk_p (IN)
                         net (fo=0)                   0.000     0.000    pll_inst/inst/clk_in1_p
    AD12                 IBUFDS (Prop_ibufds_I_O)     0.906     0.906 r  pll_inst/inst/clkin1_ibufgds/O
                         net (fo=1, routed)           1.098     2.004    pll_inst/inst/clk_in1_pll
    PLLE2_ADV_X1Y1       PLLE2_ADV (Prop_plle2_adv_CLKIN1_CLKOUT1)
                                                     -8.058    -6.054 r  pll_inst/inst/plle2_adv_inst/CLKOUT1
                         net (fo=1, routed)           2.128    -3.926    pll_inst/inst/clk_out2_pll
    BUFGCTRL_X0Y0        BUFG (Prop_bufg_I_O)         0.093    -3.833 r  pll_inst/inst/clkout2_buf/O
                         net (fo=6000, routed)        1.563    -2.270    student_top_inst/u_KLDJ_top/u_pipe_mem_wb/clk_out2
    SLICE_X68Y58         FDRE                                         r  student_top_inst/u_KLDJ_top/u_pipe_mem_wb/mem_wb_wb_ctl_reg/C
  -------------------------------------------------------------------    -------------------
    SLICE_X68Y58         FDRE (Prop_fdre_C_Q)         0.223    -2.047 r  student_top_inst/u_KLDJ_top/u_pipe_mem_wb/mem_wb_wb_ctl_reg/Q
                         net (fo=34, routed)          0.667    -1.381    student_top_inst/u_KLDJ_top/u_pipe_mem_wb/mem_wb_wb_ctl
    SLICE_X65Y59         LUT6 (Prop_lut6_I5_O)        0.043    -1.338 r  student_top_inst/u_KLDJ_top/u_pipe_mem_wb/mem_wb_forward_valid/i_/O
                         net (fo=2, routed)           0.352    -0.986    student_top_inst/u_KLDJ_top/u_pipe_mem_wb/mem_wb_forward_valid/i__n_0
    SLICE_X65Y59         LUT6 (Prop_lut6_I2_O)        0.043    -0.943 f  student_top_inst/u_KLDJ_top/u_pipe_mem_wb/rs2_q[31]_i_9/O
                         net (fo=1, routed)           0.150    -0.793    student_top_inst/u_KLDJ_top/u_pipe_mem_wb/rs2_q[31]_i_9_n_0
    SLICE_X65Y59         LUT6 (Prop_lut6_I4_O)        0.043    -0.750 r  student_top_inst/u_KLDJ_top/u_pipe_mem_wb/rs2_q[31]_i_4/O
                         net (fo=28, routed)          0.404    -0.346    student_top_inst/u_KLDJ_top/u_pipe_id_ex/rs2_q_reg[5]
    SLICE_X68Y60         LUT5 (Prop_lut5_I3_O)        0.043    -0.303 r  student_top_inst/u_KLDJ_top/u_pipe_id_ex/rs2_q[15]_i_2/O
                         net (fo=4, routed)           0.191    -0.112    student_top_inst/u_KLDJ_top/u_pipe_id_ex/rs2_q[15]_i_2_n_0
    SLICE_X68Y61         LUT3 (Prop_lut3_I0_O)        0.043    -0.069 r  student_top_inst/u_KLDJ_top/u_pipe_id_ex/rs2_q[15]_i_1/O
                         net (fo=14, routed)          0.336     0.267    student_top_inst/u_KLDJ_top/u_pipe_id_ex/ex_data2[15]
    SLICE_X67Y62         LUT6 (Prop_lut6_I5_O)        0.043     0.310 r  student_top_inst/u_KLDJ_top/u_pipe_id_ex/unsigned_lt_carry__0_i_1/O
                         net (fo=1, routed)           0.529     0.840    student_top_inst/u_KLDJ_top/exu2/u_KLDJ_alu/u_alu_add/unsigned_lt_carry__1_0[3]
    SLICE_X65Y63         CARRY4 (Prop_carry4_DI[3]_CO[3])
                                                      0.190     1.030 r  student_top_inst/u_KLDJ_top/exu2/u_KLDJ_alu/u_alu_add/unsigned_lt_carry__0/CO[3]
                         net (fo=1, routed)           0.000     1.030    student_top_inst/u_KLDJ_top/exu2/u_KLDJ_alu/u_alu_add/unsigned_lt_carry__0_n_0
    SLICE_X65Y64         CARRY4 (Prop_carry4_CI_CO[3])
                                                      0.053     1.083 r  student_top_inst/u_KLDJ_top/exu2/u_KLDJ_alu/u_alu_add/unsigned_lt_carry__1/CO[3]
                         net (fo=1, routed)           0.000     1.083    student_top_inst/u_KLDJ_top/exu2/u_KLDJ_alu/u_alu_add/unsigned_lt_carry__1_n_0
    SLICE_X65Y65         CARRY4 (Prop_carry4_CI_CO[3])
                                                      0.053     1.136 r  student_top_inst/u_KLDJ_top/exu2/u_KLDJ_alu/u_alu_add/unsigned_lt_carry__2/CO[3]
                         net (fo=3, routed)           0.479     1.615    student_top_inst/u_KLDJ_top/u_pipe_id_ex/ex_mem_exu_res[0]_i_5_0[0]
    SLICE_X64Y67         LUT5 (Prop_lut5_I0_O)        0.043     1.658 r  student_top_inst/u_KLDJ_top/u_pipe_id_ex/ghr[0]_i_8/O
                         net (fo=1, routed)           0.104     1.762    student_top_inst/u_KLDJ_top/u_pipe_id_ex/ghr[0]_i_8_n_0
    SLICE_X64Y67         LUT6 (Prop_lut6_I5_O)        0.043     1.805 f  student_top_inst/u_KLDJ_top/u_pipe_id_ex/ghr[0]_i_4/O
                         net (fo=34, routed)          0.437     2.242    student_top_inst/u_KLDJ_top/u_pipe_id_ex/ghr[0]_i_4_n_0
    SLICE_X58Y69         LUT4 (Prop_lut4_I2_O)        0.043     2.285 r  student_top_inst/u_KLDJ_top/u_pipe_id_ex/update_target_q[5]_i_3/O
                         net (fo=1, routed)           0.336     2.621    student_top_inst/u_KLDJ_top/u_pipe_id_ex/update_target_q[5]_i_3_n_0
    SLICE_X58Y70         LUT6 (Prop_lut6_I2_O)        0.043     2.664 r  student_top_inst/u_KLDJ_top/u_pipe_id_ex/update_target_q[5]_i_1_comp/O
                         net (fo=3, routed)           0.284     2.948    student_top_inst/u_KLDJ_top/u_pipe_id_ex/id_ex_exu_op_reg[0]_0[5]
    SLICE_X60Y71         LUT6 (Prop_lut6_I4_O)        0.043     2.991 r  student_top_inst/u_KLDJ_top/u_pipe_id_ex/id_ex_pred_taken_i_17/O
                         net (fo=1, routed)           0.000     2.991    student_top_inst/u_KLDJ_top/u_pipe_id_ex/id_ex_pred_taken_i_17_n_0
    SLICE_X60Y71         CARRY4 (Prop_carry4_S[1]_CO[3])
                                                      0.267     3.258 r  student_top_inst/u_KLDJ_top/u_pipe_id_ex/id_ex_pred_taken_reg_i_10/CO[3]
                         net (fo=1, routed)           0.000     3.258    student_top_inst/u_KLDJ_top/u_pipe_id_ex/id_ex_pred_taken_reg_i_10_n_0
    SLICE_X60Y72         CARRY4 (Prop_carry4_CI_CO[3])
                                                      0.053     3.311 r  student_top_inst/u_KLDJ_top/u_pipe_id_ex/id_ex_pred_taken_reg_i_6/CO[3]
                         net (fo=1, routed)           0.000     3.311    student_top_inst/u_KLDJ_top/u_pipe_id_ex/id_ex_pred_taken_reg_i_6_n_0
    SLICE_X60Y73         CARRY4 (Prop_carry4_CI_CO[2])
                                                      0.110     3.421 r  student_top_inst/u_KLDJ_top/u_pipe_id_ex/id_ex_pred_taken_reg_i_5/CO[2]
                         net (fo=2, routed)           0.238     3.659    student_top_inst/u_KLDJ_top/u_pipe_id_ex/u_ex_bpu_ctrl/indirect_target_miss0
    SLICE_X61Y73         LUT5 (Prop_lut5_I4_O)        0.129     3.788 r  student_top_inst/u_KLDJ_top/u_pipe_id_ex/pc_reg[31]_i_5/O
                         net (fo=38, routed)          0.299     4.087    student_top_inst/u_KLDJ_top/u_pipe_id_ex/pc_reg[31]_i_5_n_0
    SLICE_X63Y72         LUT3 (Prop_lut3_I2_O)        0.043     4.130 r  student_top_inst/u_KLDJ_top/u_pipe_id_ex/pc_reg[31]_i_1/O
                         net (fo=32, routed)          0.351     4.480    student_top_inst/u_KLDJ_top/ifu0/E[0]
    SLICE_X63Y73         FDRE                                         r  student_top_inst/u_KLDJ_top/ifu0/pc_reg_reg[19]/CE
  -------------------------------------------------------------------    -------------------

                         (clock clk_out2_pll rise edge)
                                                      5.714     5.714 r  
    AD12                                              0.000     5.714 r  i_sys_clk_p (IN)
                         net (fo=0)                   0.000     5.714    pll_inst/inst/clk_in1_p
    AD12                 IBUFDS (Prop_ibufds_I_O)     0.803     6.518 r  pll_inst/inst/clkin1_ibufgds/O
                         net (fo=1, routed)           1.001     7.519    pll_inst/inst/clk_in1_pll
    PLLE2_ADV_X1Y1       PLLE2_ADV (Prop_plle2_adv_CLKIN1_CLKOUT1)
                                                     -7.261     0.258 r  pll_inst/inst/plle2_adv_inst/CLKOUT1
                         net (fo=1, routed)           2.003     2.261    pll_inst/inst/clk_out2_pll
    BUFGCTRL_X0Y0        BUFG (Prop_bufg_I_O)         0.083     2.344 r  pll_inst/inst/clkout2_buf/O
                         net (fo=6000, routed)        1.416     3.760    student_top_inst/u_KLDJ_top/ifu0/clk_out2
    SLICE_X63Y73         FDRE                                         r  student_top_inst/u_KLDJ_top/ifu0/pc_reg_reg[19]/C
                         clock pessimism             -0.373     3.387    
                         clock uncertainty           -0.077     3.310    
    SLICE_X63Y73         FDRE (Setup_fdre_C_CE)      -0.201     3.109    student_top_inst/u_KLDJ_top/ifu0/pc_reg_reg[19]
  -------------------------------------------------------------------
                         required time                          3.109    
                         arrival time                          -4.480    
  -------------------------------------------------------------------
                         slack                                 -1.371    

Slack (VIOLATED) :        -1.370ns  (required time - arrival time)
  Source:                 student_top_inst/u_KLDJ_top/u_pipe_mem_wb/mem_wb_wb_ctl_reg/C
                            (rising edge-triggered cell FDRE clocked by clk_out2_pll  {rise@0.000ns fall@2.857ns period=5.714ns})
  Destination:            student_top_inst/u_KLDJ_top/ifu0/pc_reg_reg[13]/CE
                            (rising edge-triggered cell FDRE clocked by clk_out2_pll  {rise@0.000ns fall@2.857ns period=5.714ns})
  Path Group:             clk_out2_pll
  Path Type:              Setup (Max at Slow Process Corner)
  Requirement:            5.714ns  (clk_out2_pll rise@5.714ns - clk_out2_pll rise@0.000ns)
  Data Path Delay:        6.749ns  (logic 1.594ns (23.618%)  route 5.155ns (76.382%))
  Logic Levels:           19  (CARRY4=6 LUT3=2 LUT4=1 LUT5=3 LUT6=7)
  Clock Path Skew:        -0.057ns (DCD - SCD + CPR)
    Destination Clock Delay (DCD):    -1.955ns = ( 3.760 - 5.714 ) 
    Source Clock Delay      (SCD):    -2.270ns
    Clock Pessimism Removal (CPR):    -0.373ns
  Clock Uncertainty:      0.077ns  ((TSJ^2 + DJ^2)^1/2) / 2 + PE
    Total System Jitter     (TSJ):    0.071ns
    Discrete Jitter          (DJ):    0.137ns
    Phase Error              (PE):    0.000ns

    Location             Delay type                Incr(ns)  Path(ns)    Netlist Resource(s)
  -------------------------------------------------------------------    -------------------
                         (clock clk_out2_pll rise edge)
                                                      0.000     0.000 r  
    AD12                                              0.000     0.000 r  i_sys_clk_p (IN)
                         net (fo=0)                   0.000     0.000    pll_inst/inst/clk_in1_p
    AD12                 IBUFDS (Prop_ibufds_I_O)     0.906     0.906 r  pll_inst/inst/clkin1_ibufgds/O
                         net (fo=1, routed)           1.098     2.004    pll_inst/inst/clk_in1_pll
    PLLE2_ADV_X1Y1       PLLE2_ADV (Prop_plle2_adv_CLKIN1_CLKOUT1)
                                                     -8.058    -6.054 r  pll_inst/inst/plle2_adv_inst/CLKOUT1
                         net (fo=1, routed)           2.128    -3.926    pll_inst/inst/clk_out2_pll
    BUFGCTRL_X0Y0        BUFG (Prop_bufg_I_O)         0.093    -3.833 r  pll_inst/inst/clkout2_buf/O
                         net (fo=6000, routed)        1.563    -2.270    student_top_inst/u_KLDJ_top/u_pipe_mem_wb/clk_out2
    SLICE_X68Y58         FDRE                                         r  student_top_inst/u_KLDJ_top/u_pipe_mem_wb/mem_wb_wb_ctl_reg/C
  -------------------------------------------------------------------    -------------------
    SLICE_X68Y58         FDRE (Prop_fdre_C_Q)         0.223    -2.047 r  student_top_inst/u_KLDJ_top/u_pipe_mem_wb/mem_wb_wb_ctl_reg/Q
                         net (fo=34, routed)          0.667    -1.381    student_top_inst/u_KLDJ_top/u_pipe_mem_wb/mem_wb_wb_ctl
    SLICE_X65Y59         LUT6 (Prop_lut6_I5_O)        0.043    -1.338 r  student_top_inst/u_KLDJ_top/u_pipe_mem_wb/mem_wb_forward_valid/i_/O
                         net (fo=2, routed)           0.352    -0.986    student_top_inst/u_KLDJ_top/u_pipe_mem_wb/mem_wb_forward_valid/i__n_0
    SLICE_X65Y59         LUT6 (Prop_lut6_I2_O)        0.043    -0.943 f  student_top_inst/u_KLDJ_top/u_pipe_mem_wb/rs2_q[31]_i_9/O
                         net (fo=1, routed)           0.150    -0.793    student_top_inst/u_KLDJ_top/u_pipe_mem_wb/rs2_q[31]_i_9_n_0
    SLICE_X65Y59         LUT6 (Prop_lut6_I4_O)        0.043    -0.750 r  student_top_inst/u_KLDJ_top/u_pipe_mem_wb/rs2_q[31]_i_4/O
                         net (fo=28, routed)          0.404    -0.346    student_top_inst/u_KLDJ_top/u_pipe_id_ex/rs2_q_reg[5]
    SLICE_X68Y60         LUT5 (Prop_lut5_I3_O)        0.043    -0.303 r  student_top_inst/u_KLDJ_top/u_pipe_id_ex/rs2_q[15]_i_2/O
                         net (fo=4, routed)           0.191    -0.112    student_top_inst/u_KLDJ_top/u_pipe_id_ex/rs2_q[15]_i_2_n_0
    SLICE_X68Y61         LUT3 (Prop_lut3_I0_O)        0.043    -0.069 r  student_top_inst/u_KLDJ_top/u_pipe_id_ex/rs2_q[15]_i_1/O
                         net (fo=14, routed)          0.336     0.267    student_top_inst/u_KLDJ_top/u_pipe_id_ex/ex_data2[15]
    SLICE_X67Y62         LUT6 (Prop_lut6_I5_O)        0.043     0.310 r  student_top_inst/u_KLDJ_top/u_pipe_id_ex/unsigned_lt_carry__0_i_1/O
                         net (fo=1, routed)           0.529     0.840    student_top_inst/u_KLDJ_top/exu2/u_KLDJ_alu/u_alu_add/unsigned_lt_carry__1_0[3]
    SLICE_X65Y63         CARRY4 (Prop_carry4_DI[3]_CO[3])
                                                      0.190     1.030 r  student_top_inst/u_KLDJ_top/exu2/u_KLDJ_alu/u_alu_add/unsigned_lt_carry__0/CO[3]
                         net (fo=1, routed)           0.000     1.030    student_top_inst/u_KLDJ_top/exu2/u_KLDJ_alu/u_alu_add/unsigned_lt_carry__0_n_0
    SLICE_X65Y64         CARRY4 (Prop_carry4_CI_CO[3])
                                                      0.053     1.083 r  student_top_inst/u_KLDJ_top/exu2/u_KLDJ_alu/u_alu_add/unsigned_lt_carry__1/CO[3]
                         net (fo=1, routed)           0.000     1.083    student_top_inst/u_KLDJ_top/exu2/u_KLDJ_alu/u_alu_add/unsigned_lt_carry__1_n_0
    SLICE_X65Y65         CARRY4 (Prop_carry4_CI_CO[3])
                                                      0.053     1.136 r  student_top_inst/u_KLDJ_top/exu2/u_KLDJ_alu/u_alu_add/unsigned_lt_carry__2/CO[3]
                         net (fo=3, routed)           0.479     1.615    student_top_inst/u_KLDJ_top/u_pipe_id_ex/ex_mem_exu_res[0]_i_5_0[0]
    SLICE_X64Y67         LUT5 (Prop_lut5_I0_O)        0.043     1.658 r  student_top_inst/u_KLDJ_top/u_pipe_id_ex/ghr[0]_i_8/O
                         net (fo=1, routed)           0.104     1.762    student_top_inst/u_KLDJ_top/u_pipe_id_ex/ghr[0]_i_8_n_0
    SLICE_X64Y67         LUT6 (Prop_lut6_I5_O)        0.043     1.805 f  student_top_inst/u_KLDJ_top/u_pipe_id_ex/ghr[0]_i_4/O
                         net (fo=34, routed)          0.437     2.242    student_top_inst/u_KLDJ_top/u_pipe_id_ex/ghr[0]_i_4_n_0
    SLICE_X58Y69         LUT4 (Prop_lut4_I2_O)        0.043     2.285 r  student_top_inst/u_KLDJ_top/u_pipe_id_ex/update_target_q[5]_i_3/O
                         net (fo=1, routed)           0.336     2.621    student_top_inst/u_KLDJ_top/u_pipe_id_ex/update_target_q[5]_i_3_n_0
    SLICE_X58Y70         LUT6 (Prop_lut6_I2_O)        0.043     2.664 r  student_top_inst/u_KLDJ_top/u_pipe_id_ex/update_target_q[5]_i_1_comp/O
                         net (fo=3, routed)           0.284     2.948    student_top_inst/u_KLDJ_top/u_pipe_id_ex/id_ex_exu_op_reg[0]_0[5]
    SLICE_X60Y71         LUT6 (Prop_lut6_I4_O)        0.043     2.991 r  student_top_inst/u_KLDJ_top/u_pipe_id_ex/id_ex_pred_taken_i_17/O
                         net (fo=1, routed)           0.000     2.991    student_top_inst/u_KLDJ_top/u_pipe_id_ex/id_ex_pred_taken_i_17_n_0
    SLICE_X60Y71         CARRY4 (Prop_carry4_S[1]_CO[3])
                                                      0.267     3.258 r  student_top_inst/u_KLDJ_top/u_pipe_id_ex/id_ex_pred_taken_reg_i_10/CO[3]
                         net (fo=1, routed)           0.000     3.258    student_top_inst/u_KLDJ_top/u_pipe_id_ex/id_ex_pred_taken_reg_i_10_n_0
    SLICE_X60Y72         CARRY4 (Prop_carry4_CI_CO[3])
                                                      0.053     3.311 r  student_top_inst/u_KLDJ_top/u_pipe_id_ex/id_ex_pred_taken_reg_i_6/CO[3]
                         net (fo=1, routed)           0.000     3.311    student_top_inst/u_KLDJ_top/u_pipe_id_ex/id_ex_pred_taken_reg_i_6_n_0
    SLICE_X60Y73         CARRY4 (Prop_carry4_CI_CO[2])
                                                      0.110     3.421 r  student_top_inst/u_KLDJ_top/u_pipe_id_ex/id_ex_pred_taken_reg_i_5/CO[2]
                         net (fo=2, routed)           0.238     3.659    student_top_inst/u_KLDJ_top/u_pipe_id_ex/u_ex_bpu_ctrl/indirect_target_miss0
    SLICE_X61Y73         LUT5 (Prop_lut5_I4_O)        0.129     3.788 r  student_top_inst/u_KLDJ_top/u_pipe_id_ex/pc_reg[31]_i_5/O
                         net (fo=38, routed)          0.299     4.087    student_top_inst/u_KLDJ_top/u_pipe_id_ex/pc_reg[31]_i_5_n_0
    SLICE_X63Y72         LUT3 (Prop_lut3_I2_O)        0.043     4.130 r  student_top_inst/u_KLDJ_top/u_pipe_id_ex/pc_reg[31]_i_1/O
                         net (fo=32, routed)          0.349     4.479    student_top_inst/u_KLDJ_top/ifu0/E[0]
    SLICE_X61Y74         FDRE                                         r  student_top_inst/u_KLDJ_top/ifu0/pc_reg_reg[13]/CE
  -------------------------------------------------------------------    -------------------

                         (clock clk_out2_pll rise edge)
                                                      5.714     5.714 r  
    AD12                                              0.000     5.714 r  i_sys_clk_p (IN)
                         net (fo=0)                   0.000     5.714    pll_inst/inst/clk_in1_p
    AD12                 IBUFDS (Prop_ibufds_I_O)     0.803     6.518 r  pll_inst/inst/clkin1_ibufgds/O
                         net (fo=1, routed)           1.001     7.519    pll_inst/inst/clk_in1_pll
    PLLE2_ADV_X1Y1       PLLE2_ADV (Prop_plle2_adv_CLKIN1_CLKOUT1)
                                                     -7.261     0.258 r  pll_inst/inst/plle2_adv_inst/CLKOUT1
                         net (fo=1, routed)           2.003     2.261    pll_inst/inst/clk_out2_pll
    BUFGCTRL_X0Y0        BUFG (Prop_bufg_I_O)         0.083     2.344 r  pll_inst/inst/clkout2_buf/O
                         net (fo=6000, routed)        1.416     3.760    student_top_inst/u_KLDJ_top/ifu0/clk_out2
    SLICE_X61Y74         FDRE                                         r  student_top_inst/u_KLDJ_top/ifu0/pc_reg_reg[13]/C
                         clock pessimism             -0.373     3.387    
                         clock uncertainty           -0.077     3.310    
    SLICE_X61Y74         FDRE (Setup_fdre_C_CE)      -0.201     3.109    student_top_inst/u_KLDJ_top/ifu0/pc_reg_reg[13]
  -------------------------------------------------------------------
                         required time                          3.109    
                         arrival time                          -4.479    
  -------------------------------------------------------------------
                         slack                                 -1.370    

Slack (VIOLATED) :        -1.370ns  (required time - arrival time)
  Source:                 student_top_inst/u_KLDJ_top/u_pipe_mem_wb/mem_wb_wb_ctl_reg/C
                            (rising edge-triggered cell FDRE clocked by clk_out2_pll  {rise@0.000ns fall@2.857ns period=5.714ns})
  Destination:            student_top_inst/u_KLDJ_top/ifu0/pc_reg_reg[1]/CE
                            (rising edge-triggered cell FDRE clocked by clk_out2_pll  {rise@0.000ns fall@2.857ns period=5.714ns})
  Path Group:             clk_out2_pll
  Path Type:              Setup (Max at Slow Process Corner)
  Requirement:            5.714ns  (clk_out2_pll rise@5.714ns - clk_out2_pll rise@0.000ns)
  Data Path Delay:        6.749ns  (logic 1.594ns (23.618%)  route 5.155ns (76.382%))
  Logic Levels:           19  (CARRY4=6 LUT3=2 LUT4=1 LUT5=3 LUT6=7)
  Clock Path Skew:        -0.057ns (DCD - SCD + CPR)
    Destination Clock Delay (DCD):    -1.955ns = ( 3.760 - 5.714 ) 
    Source Clock Delay      (SCD):    -2.270ns
    Clock Pessimism Removal (CPR):    -0.373ns
  Clock Uncertainty:      0.077ns  ((TSJ^2 + DJ^2)^1/2) / 2 + PE
    Total System Jitter     (TSJ):    0.071ns
    Discrete Jitter          (DJ):    0.137ns
    Phase Error              (PE):    0.000ns

    Location             Delay type                Incr(ns)  Path(ns)    Netlist Resource(s)
  -------------------------------------------------------------------    -------------------
                         (clock clk_out2_pll rise edge)
                                                      0.000     0.000 r  
    AD12                                              0.000     0.000 r  i_sys_clk_p (IN)
                         net (fo=0)                   0.000     0.000    pll_inst/inst/clk_in1_p
    AD12                 IBUFDS (Prop_ibufds_I_O)     0.906     0.906 r  pll_inst/inst/clkin1_ibufgds/O
                         net (fo=1, routed)           1.098     2.004    pll_inst/inst/clk_in1_pll
    PLLE2_ADV_X1Y1       PLLE2_ADV (Prop_plle2_adv_CLKIN1_CLKOUT1)
                                                     -8.058    -6.054 r  pll_inst/inst/plle2_adv_inst/CLKOUT1
                         net (fo=1, routed)           2.128    -3.926    pll_inst/inst/clk_out2_pll
    BUFGCTRL_X0Y0        BUFG (Prop_bufg_I_O)         0.093    -3.833 r  pll_inst/inst/clkout2_buf/O
                         net (fo=6000, routed)        1.563    -2.270    student_top_inst/u_KLDJ_top/u_pipe_mem_wb/clk_out2
    SLICE_X68Y58         FDRE                                         r  student_top_inst/u_KLDJ_top/u_pipe_mem_wb/mem_wb_wb_ctl_reg/C
  -------------------------------------------------------------------    -------------------
    SLICE_X68Y58         FDRE (Prop_fdre_C_Q)         0.223    -2.047 r  student_top_inst/u_KLDJ_top/u_pipe_mem_wb/mem_wb_wb_ctl_reg/Q
                         net (fo=34, routed)          0.667    -1.381    student_top_inst/u_KLDJ_top/u_pipe_mem_wb/mem_wb_wb_ctl
    SLICE_X65Y59         LUT6 (Prop_lut6_I5_O)        0.043    -1.338 r  student_top_inst/u_KLDJ_top/u_pipe_mem_wb/mem_wb_forward_valid/i_/O
                         net (fo=2, routed)           0.352    -0.986    student_top_inst/u_KLDJ_top/u_pipe_mem_wb/mem_wb_forward_valid/i__n_0
    SLICE_X65Y59         LUT6 (Prop_lut6_I2_O)        0.043    -0.943 f  student_top_inst/u_KLDJ_top/u_pipe_mem_wb/rs2_q[31]_i_9/O
                         net (fo=1, routed)           0.150    -0.793    student_top_inst/u_KLDJ_top/u_pipe_mem_wb/rs2_q[31]_i_9_n_0
    SLICE_X65Y59         LUT6 (Prop_lut6_I4_O)        0.043    -0.750 r  student_top_inst/u_KLDJ_top/u_pipe_mem_wb/rs2_q[31]_i_4/O
                         net (fo=28, routed)          0.404    -0.346    student_top_inst/u_KLDJ_top/u_pipe_id_ex/rs2_q_reg[5]
    SLICE_X68Y60         LUT5 (Prop_lut5_I3_O)        0.043    -0.303 r  student_top_inst/u_KLDJ_top/u_pipe_id_ex/rs2_q[15]_i_2/O
                         net (fo=4, routed)           0.191    -0.112    student_top_inst/u_KLDJ_top/u_pipe_id_ex/rs2_q[15]_i_2_n_0
    SLICE_X68Y61         LUT3 (Prop_lut3_I0_O)        0.043    -0.069 r  student_top_inst/u_KLDJ_top/u_pipe_id_ex/rs2_q[15]_i_1/O
                         net (fo=14, routed)          0.336     0.267    student_top_inst/u_KLDJ_top/u_pipe_id_ex/ex_data2[15]
    SLICE_X67Y62         LUT6 (Prop_lut6_I5_O)        0.043     0.310 r  student_top_inst/u_KLDJ_top/u_pipe_id_ex/unsigned_lt_carry__0_i_1/O
                         net (fo=1, routed)           0.529     0.840    student_top_inst/u_KLDJ_top/exu2/u_KLDJ_alu/u_alu_add/unsigned_lt_carry__1_0[3]
    SLICE_X65Y63         CARRY4 (Prop_carry4_DI[3]_CO[3])
                                                      0.190     1.030 r  student_top_inst/u_KLDJ_top/exu2/u_KLDJ_alu/u_alu_add/unsigned_lt_carry__0/CO[3]
                         net (fo=1, routed)           0.000     1.030    student_top_inst/u_KLDJ_top/exu2/u_KLDJ_alu/u_alu_add/unsigned_lt_carry__0_n_0
    SLICE_X65Y64         CARRY4 (Prop_carry4_CI_CO[3])
                                                      0.053     1.083 r  student_top_inst/u_KLDJ_top/exu2/u_KLDJ_alu/u_alu_add/unsigned_lt_carry__1/CO[3]
                         net (fo=1, routed)           0.000     1.083    student_top_inst/u_KLDJ_top/exu2/u_KLDJ_alu/u_alu_add/unsigned_lt_carry__1_n_0
    SLICE_X65Y65         CARRY4 (Prop_carry4_CI_CO[3])
                                                      0.053     1.136 r  student_top_inst/u_KLDJ_top/exu2/u_KLDJ_alu/u_alu_add/unsigned_lt_carry__2/CO[3]
                         net (fo=3, routed)           0.479     1.615    student_top_inst/u_KLDJ_top/u_pipe_id_ex/ex_mem_exu_res[0]_i_5_0[0]
    SLICE_X64Y67         LUT5 (Prop_lut5_I0_O)        0.043     1.658 r  student_top_inst/u_KLDJ_top/u_pipe_id_ex/ghr[0]_i_8/O
                         net (fo=1, routed)           0.104     1.762    student_top_inst/u_KLDJ_top/u_pipe_id_ex/ghr[0]_i_8_n_0
    SLICE_X64Y67         LUT6 (Prop_lut6_I5_O)        0.043     1.805 f  student_top_inst/u_KLDJ_top/u_pipe_id_ex/ghr[0]_i_4/O
                         net (fo=34, routed)          0.437     2.242    student_top_inst/u_KLDJ_top/u_pipe_id_ex/ghr[0]_i_4_n_0
    SLICE_X58Y69         LUT4 (Prop_lut4_I2_O)        0.043     2.285 r  student_top_inst/u_KLDJ_top/u_pipe_id_ex/update_target_q[5]_i_3/O
                         net (fo=1, routed)           0.336     2.621    student_top_inst/u_KLDJ_top/u_pipe_id_ex/update_target_q[5]_i_3_n_0
    SLICE_X58Y70         LUT6 (Prop_lut6_I2_O)        0.043     2.664 r  student_top_inst/u_KLDJ_top/u_pipe_id_ex/update_target_q[5]_i_1_comp/O
                         net (fo=3, routed)           0.284     2.948    student_top_inst/u_KLDJ_top/u_pipe_id_ex/id_ex_exu_op_reg[0]_0[5]
    SLICE_X60Y71         LUT6 (Prop_lut6_I4_O)        0.043     2.991 r  student_top_inst/u_KLDJ_top/u_pipe_id_ex/id_ex_pred_taken_i_17/O
                         net (fo=1, routed)           0.000     2.991    student_top_inst/u_KLDJ_top/u_pipe_id_ex/id_ex_pred_taken_i_17_n_0
    SLICE_X60Y71         CARRY4 (Prop_carry4_S[1]_CO[3])
                                                      0.267     3.258 r  student_top_inst/u_KLDJ_top/u_pipe_id_ex/id_ex_pred_taken_reg_i_10/CO[3]
                         net (fo=1, routed)           0.000     3.258    student_top_inst/u_KLDJ_top/u_pipe_id_ex/id_ex_pred_taken_reg_i_10_n_0
    SLICE_X60Y72         CARRY4 (Prop_carry4_CI_CO[3])
                                                      0.053     3.311 r  student_top_inst/u_KLDJ_top/u_pipe_id_ex/id_ex_pred_taken_reg_i_6/CO[3]
                         net (fo=1, routed)           0.000     3.311    student_top_inst/u_KLDJ_top/u_pipe_id_ex/id_ex_pred_taken_reg_i_6_n_0
    SLICE_X60Y73         CARRY4 (Prop_carry4_CI_CO[2])
                                                      0.110     3.421 r  student_top_inst/u_KLDJ_top/u_pipe_id_ex/id_ex_pred_taken_reg_i_5/CO[2]
                         net (fo=2, routed)           0.238     3.659    student_top_inst/u_KLDJ_top/u_pipe_id_ex/u_ex_bpu_ctrl/indirect_target_miss0
    SLICE_X61Y73         LUT5 (Prop_lut5_I4_O)        0.129     3.788 r  student_top_inst/u_KLDJ_top/u_pipe_id_ex/pc_reg[31]_i_5/O
                         net (fo=38, routed)          0.299     4.087    student_top_inst/u_KLDJ_top/u_pipe_id_ex/pc_reg[31]_i_5_n_0
    SLICE_X63Y72         LUT3 (Prop_lut3_I2_O)        0.043     4.130 r  student_top_inst/u_KLDJ_top/u_pipe_id_ex/pc_reg[31]_i_1/O
                         net (fo=32, routed)          0.349     4.479    student_top_inst/u_KLDJ_top/ifu0/E[0]
    SLICE_X60Y74         FDRE                                         r  student_top_inst/u_KLDJ_top/ifu0/pc_reg_reg[1]/CE
  -------------------------------------------------------------------    -------------------

                         (clock clk_out2_pll rise edge)
                                                      5.714     5.714 r  
    AD12                                              0.000     5.714 r  i_sys_clk_p (IN)
                         net (fo=0)                   0.000     5.714    pll_inst/inst/clk_in1_p
    AD12                 IBUFDS (Prop_ibufds_I_O)     0.803     6.518 r  pll_inst/inst/clkin1_ibufgds/O
                         net (fo=1, routed)           1.001     7.519    pll_inst/inst/clk_in1_pll
    PLLE2_ADV_X1Y1       PLLE2_ADV (Prop_plle2_adv_CLKIN1_CLKOUT1)
                                                     -7.261     0.258 r  pll_inst/inst/plle2_adv_inst/CLKOUT1
                         net (fo=1, routed)           2.003     2.261    pll_inst/inst/clk_out2_pll
    BUFGCTRL_X0Y0        BUFG (Prop_bufg_I_O)         0.083     2.344 r  pll_inst/inst/clkout2_buf/O
                         net (fo=6000, routed)        1.416     3.760    student_top_inst/u_KLDJ_top/ifu0/clk_out2
    SLICE_X60Y74         FDRE                                         r  student_top_inst/u_KLDJ_top/ifu0/pc_reg_reg[1]/C
                         clock pessimism             -0.373     3.387    
                         clock uncertainty           -0.077     3.310    
    SLICE_X60Y74         FDRE (Setup_fdre_C_CE)      -0.201     3.109    student_top_inst/u_KLDJ_top/ifu0/pc_reg_reg[1]
  -------------------------------------------------------------------
                         required time                          3.109    
                         arrival time                          -4.479    
  -------------------------------------------------------------------
                         slack                                 -1.370    





Pulse Width Checks
--------------------------------------------------------------------------------------
Clock Name:         clk_out2_pll
Waveform(ns):       { 0.000 2.857 }
Period(ns):         5.714
Sources:            { pll_inst/inst/plle2_adv_inst/CLKOUT1 }

Check Type        Corner  Lib Pin             Reference Pin  Required(ns)  Actual(ns)  Slack(ns)  Location        Pin
Min Period        n/a     DSP48E1/CLK         n/a            2.772         5.714       2.942      DSP48_X2Y43     student_top_inst/u_KLDJ_top/exu2/u_mul_ip_wrapper/u_mult_gen_u33/U0/i_mult/gDSP.gDSP_only.iDSP/use_prim.appDSP[0].bppDSP[1].use_dsp.use_dsp48e1.iDSP48E1/CLK
Min Period        n/a     DSP48E1/CLK         n/a            2.772         5.714       2.942      DSP48_X2Y45     student_top_inst/u_KLDJ_top/exu2/u_mul_ip_wrapper/u_mult_gen_u33/U0/i_mult/gDSP.gDSP_only.iDSP/use_prim.appDSP[1].bppDSP[1].use_dsp.use_dsp48e1.iDSP48E1/CLK
Min Period        n/a     RAMB36E1/CLKBWRCLK  n/a            2.095         5.714       3.619      RAMB36_X2Y5     student_top_inst/bridge_inst/dram_driver_inst/u_dram_tdp/U0/inst_blk_mem_gen/gnbram.gnativebmg.native_blk_mem_gen/valid.cstr/ramloop[0].ram.r/prim_init.ram/DEVICE_7SERIES.NO_BMM_INFO.TRUE_DP.SIMPLE_PRIM36.ram/CLKBWRCLK
Min Period        n/a     RAMB36E1/CLKBWRCLK  n/a            2.095         5.714       3.619      RAMB36_X1Y5     student_top_inst/bridge_inst/dram_driver_inst/u_dram_tdp/U0/inst_blk_mem_gen/gnbram.gnativebmg.native_blk_mem_gen/valid.cstr/ramloop[10].ram.r/prim_init.ram/DEVICE_7SERIES.NO_BMM_INFO.TRUE_DP.SIMPLE_PRIM36.ram/CLKBWRCLK
Min Period        n/a     RAMB36E1/CLKBWRCLK  n/a            2.095         5.714       3.619      RAMB36_X2Y7     student_top_inst/bridge_inst/dram_driver_inst/u_dram_tdp/U0/inst_blk_mem_gen/gnbram.gnativebmg.native_blk_mem_gen/valid.cstr/ramloop[11].ram.r/prim_init.ram/DEVICE_7SERIES.NO_BMM_INFO.TRUE_DP.SIMPLE_PRIM36.ram/CLKBWRCLK
Min Period        n/a     RAMB36E1/CLKBWRCLK  n/a            2.095         5.714       3.619      RAMB36_X1Y7     student_top_inst/bridge_inst/dram_driver_inst/u_dram_tdp/U0/inst_blk_mem_gen/gnbram.gnativebmg.native_blk_mem_gen/valid.cstr/ramloop[12].ram.r/prim_init.ram/DEVICE_7SERIES.NO_BMM_INFO.TRUE_DP.SIMPLE_PRIM36.ram/CLKBWRCLK
Min Period        n/a     RAMB36E1/CLKBWRCLK  n/a            2.095         5.714       3.619      RAMB36_X1Y10    student_top_inst/bridge_inst/dram_driver_inst/u_dram_tdp/U0/inst_blk_mem_gen/gnbram.gnativebmg.native_blk_mem_gen/valid.cstr/ramloop[13].ram.r/prim_init.ram/DEVICE_7SERIES.NO_BMM_INFO.TRUE_DP.SIMPLE_PRIM36.ram/CLKBWRCLK
Min Period        n/a     RAMB36E1/CLKBWRCLK  n/a            2.095         5.714       3.619      RAMB36_X1Y6     student_top_inst/bridge_inst/dram_driver_inst/u_dram_tdp/U0/inst_blk_mem_gen/gnbram.gnativebmg.native_blk_mem_gen/valid.cstr/ramloop[14].ram.r/prim_init.ram/DEVICE_7SERIES.NO_BMM_INFO.TRUE_DP.SIMPLE_PRIM36.ram/CLKBWRCLK
Min Period        n/a     RAMB36E1/CLKBWRCLK  n/a            2.095         5.714       3.619      RAMB36_X1Y11    student_top_inst/bridge_inst/dram_driver_inst/u_dram_tdp/U0/inst_blk_mem_gen/gnbram.gnativebmg.native_blk_mem_gen/valid.cstr/ramloop[15].ram.r/prim_init.ram/DEVICE_7SERIES.NO_BMM_INFO.TRUE_DP.SIMPLE_PRIM36.ram/CLKBWRCLK
Min Period        n/a     RAMB36E1/CLKBWRCLK  n/a            2.095         5.714       3.619      RAMB36_X3Y12    student_top_inst/bridge_inst/dram_driver_inst/u_dram_tdp/U0/inst_blk_mem_gen/gnbram.gnativebmg.native_blk_mem_gen/valid.cstr/ramloop[16].ram.r/prim_init.ram/DEVICE_7SERIES.NO_BMM_INFO.TRUE_DP.SIMPLE_PRIM36.ram/CLKBWRCLK
Min Period        n/a     RAMB36E1/CLKBWRCLK  n/a            2.095         5.714       3.619      RAMB36_X3Y17    student_top_inst/bridge_inst/dram_driver_inst/u_dram_tdp/U0/inst_blk_mem_gen/gnbram.gnativebmg.native_blk_mem_gen/valid.cstr/ramloop[17].ram.r/prim_init.ram/DEVICE_7SERIES.NO_BMM_INFO.TRUE_DP.SIMPLE_PRIM36.ram/CLKBWRCLK
Min Period        n/a     RAMB36E1/CLKBWRCLK  n/a            2.095         5.714       3.619      RAMB36_X3Y18    student_top_inst/bridge_inst/dram_driver_inst/u_dram_tdp/U0/inst_blk_mem_gen/gnbram.gnativebmg.native_blk_mem_gen/valid.cstr/ramloop[18].ram.r/prim_init.ram/DEVICE_7SERIES.NO_BMM_INFO.TRUE_DP.SIMPLE_PRIM36.ram/CLKBWRCLK
Min Period        n/a     RAMB36E1/CLKBWRCLK  n/a            2.095         5.714       3.619      RAMB36_X3Y11    student_top_inst/bridge_inst/dram_driver_inst/u_dram_tdp/U0/inst_blk_mem_gen/gnbram.gnativebmg.native_blk_mem_gen/valid.cstr/ramloop[19].ram.r/prim_init.ram/DEVICE_7SERIES.NO_BMM_INFO.TRUE_DP.SIMPLE_PRIM36.ram/CLKBWRCLK
Min Period        n/a     RAMB36E1/CLKBWRCLK  n/a            2.095         5.714       3.619      RAMB36_X2Y10    student_top_inst/bridge_inst/dram_driver_inst/u_dram_tdp/U0/inst_blk_mem_gen/gnbram.gnativebmg.native_blk_mem_gen/valid.cstr/ramloop[1].ram.r/prim_init.ram/DEVICE_7SERIES.NO_BMM_INFO.TRUE_DP.SIMPLE_PRIM36.ram/CLKBWRCLK
Min Period        n/a     RAMB36E1/CLKBWRCLK  n/a            2.095         5.714       3.619      RAMB36_X3Y15    student_top_inst/bridge_inst/dram_driver_inst/u_dram_tdp/U0/inst_blk_mem_gen/gnbram.gnativebmg.native_blk_mem_gen/valid.cstr/ramloop[20].ram.r/prim_init.ram/DEVICE_7SERIES.NO_BMM_INFO.TRUE_DP.SIMPLE_PRIM36.ram/CLKBWRCLK
Min Period        n/a     RAMB36E1/CLKBWRCLK  n/a            2.095         5.714       3.619      RAMB36_X4Y15    student_top_inst/bridge_inst/dram_driver_inst/u_dram_tdp/U0/inst_blk_mem_gen/gnbram.gnativebmg.native_blk_mem_gen/valid.cstr/ramloop[21].ram.r/prim_init.ram/DEVICE_7SERIES.NO_BMM_INFO.TRUE_DP.SIMPLE_PRIM36.ram/CLKBWRCLK
Min Period        n/a     RAMB36E1/CLKBWRCLK  n/a            2.095         5.714       3.619      RAMB36_X3Y16    student_top_inst/bridge_inst/dram_driver_inst/u_dram_tdp/U0/inst_blk_mem_gen/gnbram.gnativebmg.native_blk_mem_gen/valid.cstr/ramloop[22].ram.r/prim_init.ram/DEVICE_7SERIES.NO_BMM_INFO.TRUE_DP.SIMPLE_PRIM36.ram/CLKBWRCLK
Min Period        n/a     RAMB36E1/CLKBWRCLK  n/a            2.095         5.714       3.619      RAMB36_X3Y13    student_top_inst/bridge_inst/dram_driver_inst/u_dram_tdp/U0/inst_blk_mem_gen/gnbram.gnativebmg.native_blk_mem_gen/valid.cstr/ramloop[23].ram.r/prim_init.ram/DEVICE_7SERIES.NO_BMM_INFO.TRUE_DP.SIMPLE_PRIM36.ram/CLKBWRCLK
Min Period        n/a     RAMB36E1/CLKBWRCLK  n/a            2.095         5.714       3.619      RAMB36_X5Y13    student_top_inst/bridge_inst/dram_driver_inst/u_dram_tdp/U0/inst_blk_mem_gen/gnbram.gnativebmg.native_blk_mem_gen/valid.cstr/ramloop[24].ram.r/prim_init.ram/DEVICE_7SERIES.NO_BMM_INFO.TRUE_DP.SIMPLE_PRIM36.ram/CLKBWRCLK
Min Period        n/a     RAMB36E1/CLKBWRCLK  n/a            2.095         5.714       3.619      RAMB36_X4Y13    student_top_inst/bridge_inst/dram_driver_inst/u_dram_tdp/U0/inst_blk_mem_gen/gnbram.gnativebmg.native_blk_mem_gen/valid.cstr/ramloop[25].ram.r/prim_init.ram/DEVICE_7SERIES.NO_BMM_INFO.TRUE_DP.SIMPLE_PRIM36.ram/CLKBWRCLK
Max Period        n/a     PLLE2_ADV/CLKOUT1   n/a            160.000       5.714       154.286    PLLE2_ADV_X1Y1  pll_inst/inst/plle2_adv_inst/CLKOUT1
Low Pulse Width   Slow    RAMD64E/CLK         n/a            0.768         2.857       2.089      SLICE_X58Y83    student_top_inst/u_KLDJ_top/u_bpu/u_gshare_btb_core/btb_data_reg_0_63_0_2/RAMA/CLK
Low Pulse Width   Fast    RAMD64E/CLK         n/a            0.768         2.857       2.089      SLICE_X58Y83    student_top_inst/u_KLDJ_top/u_bpu/u_gshare_btb_core/btb_data_reg_0_63_0_2/RAMA/CLK
Low Pulse Width   Slow    RAMD64E/CLK         n/a            0.768         2.857       2.089      SLICE_X58Y83    student_top_inst/u_KLDJ_top/u_bpu/u_gshare_btb_core/btb_data_reg_0_63_0_2/RAMB/CLK
Low Pulse Width   Fast    RAMD64E/CLK         n/a            0.768         2.857       2.089      SLICE_X58Y83    student_top_inst/u_KLDJ_top/u_bpu/u_gshare_btb_core/btb_data_reg_0_63_0_2/RAMB/CLK
Low Pulse Width   Slow    RAMD64E/CLK         n/a            0.768         2.857       2.089      SLICE_X58Y83    student_top_inst/u_KLDJ_top/u_bpu/u_gshare_btb_core/btb_data_reg_0_63_0_2/RAMC/CLK
Low Pulse Width   Fast    RAMD64E/CLK         n/a            0.768         2.857       2.089      SLICE_X58Y83    student_top_inst/u_KLDJ_top/u_bpu/u_gshare_btb_core/btb_data_reg_0_63_0_2/RAMC/CLK
Low Pulse Width   Slow    RAMD64E/CLK         n/a            0.768         2.857       2.089      SLICE_X58Y83    student_top_inst/u_KLDJ_top/u_bpu/u_gshare_btb_core/btb_data_reg_0_63_0_2/RAMD/CLK
Low Pulse Width   Fast    RAMD64E/CLK         n/a            0.768         2.857       2.089      SLICE_X58Y83    student_top_inst/u_KLDJ_top/u_bpu/u_gshare_btb_core/btb_data_reg_0_63_0_2/RAMD/CLK
Low Pulse Width   Slow    RAMD64E/CLK         n/a            0.768         2.857       2.089      SLICE_X58Y85    student_top_inst/u_KLDJ_top/u_bpu/u_gshare_btb_core/btb_data_reg_0_63_12_14/RAMA/CLK
Low Pulse Width   Fast    RAMD64E/CLK         n/a            0.768         2.857       2.089      SLICE_X58Y85    student_top_inst/u_KLDJ_top/u_bpu/u_gshare_btb_core/btb_data_reg_0_63_12_14/RAMA/CLK
Low Pulse Width   Slow    RAMD64E/CLK         n/a            0.768         2.857       2.089      SLICE_X58Y85    student_top_inst/u_KLDJ_top/u_bpu/u_gshare_btb_core/btb_data_reg_0_63_12_14/RAMB/CLK
Low Pulse Width   Fast    RAMD64E/CLK         n/a            0.768         2.857       2.089      SLICE_X58Y85    student_top_inst/u_KLDJ_top/u_bpu/u_gshare_btb_core/btb_data_reg_0_63_12_14/RAMB/CLK
Low Pulse Width   Slow    RAMD64E/CLK         n/a            0.768         2.857       2.089      SLICE_X58Y85    student_top_inst/u_KLDJ_top/u_bpu/u_gshare_btb_core/btb_data_reg_0_63_12_14/RAMC/CLK
Low Pulse Width   Fast    RAMD64E/CLK         n/a            0.768         2.857       2.089      SLICE_X58Y85    student_top_inst/u_KLDJ_top/u_bpu/u_gshare_btb_core/btb_data_reg_0_63_12_14/RAMC/CLK
Low Pulse Width   Slow    RAMD64E/CLK         n/a            0.768         2.857       2.089      SLICE_X58Y85    student_top_inst/u_KLDJ_top/u_bpu/u_gshare_btb_core/btb_data_reg_0_63_12_14/RAMD/CLK
Low Pulse Width   Fast    RAMD64E/CLK         n/a            0.768         2.857       2.089      SLICE_X58Y85    student_top_inst/u_KLDJ_top/u_bpu/u_gshare_btb_core/btb_data_reg_0_63_12_14/RAMD/CLK
Low Pulse Width   Slow    RAMD64E/CLK         n/a            0.768         2.857       2.089      SLICE_X66Y85    student_top_inst/u_KLDJ_top/u_bpu/u_gshare_btb_core/btb_data_reg_0_63_15_17/RAMA/CLK
Low Pulse Width   Fast    RAMD64E/CLK         n/a            0.768         2.857       2.089      SLICE_X66Y85    student_top_inst/u_KLDJ_top/u_bpu/u_gshare_btb_core/btb_data_reg_0_63_15_17/RAMA/CLK
Low Pulse Width   Slow    RAMD64E/CLK         n/a            0.768         2.857       2.089      SLICE_X66Y85    student_top_inst/u_KLDJ_top/u_bpu/u_gshare_btb_core/btb_data_reg_0_63_15_17/RAMB/CLK
Low Pulse Width   Fast    RAMD64E/CLK         n/a            0.768         2.857       2.089      SLICE_X66Y85    student_top_inst/u_KLDJ_top/u_bpu/u_gshare_btb_core/btb_data_reg_0_63_15_17/RAMB/CLK
High Pulse Width  Slow    RAMD64E/CLK         n/a            0.768         2.857       2.089      SLICE_X58Y83    student_top_inst/u_KLDJ_top/u_bpu/u_gshare_btb_core/btb_data_reg_0_63_0_2/RAMA/CLK
High Pulse Width  Fast    RAMD64E/CLK         n/a            0.768         2.857       2.089      SLICE_X58Y83    student_top_inst/u_KLDJ_top/u_bpu/u_gshare_btb_core/btb_data_reg_0_63_0_2/RAMA/CLK
High Pulse Width  Slow    RAMD64E/CLK         n/a            0.768         2.857       2.089      SLICE_X58Y83    student_top_inst/u_KLDJ_top/u_bpu/u_gshare_btb_core/btb_data_reg_0_63_0_2/RAMB/CLK
High Pulse Width  Fast    RAMD64E/CLK         n/a            0.768         2.857       2.089      SLICE_X58Y83    student_top_inst/u_KLDJ_top/u_bpu/u_gshare_btb_core/btb_data_reg_0_63_0_2/RAMB/CLK
High Pulse Width  Slow    RAMD64E/CLK         n/a            0.768         2.857       2.089      SLICE_X58Y83    student_top_inst/u_KLDJ_top/u_bpu/u_gshare_btb_core/btb_data_reg_0_63_0_2/RAMC/CLK
High Pulse Width  Fast    RAMD64E/CLK         n/a            0.768         2.857       2.089      SLICE_X58Y83    student_top_inst/u_KLDJ_top/u_bpu/u_gshare_btb_core/btb_data_reg_0_63_0_2/RAMC/CLK
High Pulse Width  Slow    RAMD64E/CLK         n/a            0.768         2.857       2.089      SLICE_X58Y83    student_top_inst/u_KLDJ_top/u_bpu/u_gshare_btb_core/btb_data_reg_0_63_0_2/RAMD/CLK
High Pulse Width  Fast    RAMD64E/CLK         n/a            0.768         2.857       2.089      SLICE_X58Y83    student_top_inst/u_KLDJ_top/u_bpu/u_gshare_btb_core/btb_data_reg_0_63_0_2/RAMD/CLK
High Pulse Width  Slow    RAMD64E/CLK         n/a            0.768         2.857       2.089      SLICE_X58Y85    student_top_inst/u_KLDJ_top/u_bpu/u_gshare_btb_core/btb_data_reg_0_63_12_14/RAMA/CLK
High Pulse Width  Fast    RAMD64E/CLK         n/a            0.768         2.857       2.089      SLICE_X58Y85    student_top_inst/u_KLDJ_top/u_bpu/u_gshare_btb_core/btb_data_reg_0_63_12_14/RAMA/CLK
High Pulse Width  Slow    RAMD64E/CLK         n/a            0.768         2.857       2.089      SLICE_X58Y85    student_top_inst/u_KLDJ_top/u_bpu/u_gshare_btb_core/btb_data_reg_0_63_12_14/RAMB/CLK
High Pulse Width  Fast    RAMD64E/CLK         n/a            0.768         2.857       2.089      SLICE_X58Y85    student_top_inst/u_KLDJ_top/u_bpu/u_gshare_btb_core/btb_data_reg_0_63_12_14/RAMB/CLK
High Pulse Width  Slow    RAMD64E/CLK         n/a            0.768         2.857       2.089      SLICE_X58Y85    student_top_inst/u_KLDJ_top/u_bpu/u_gshare_btb_core/btb_data_reg_0_63_12_14/RAMC/CLK
High Pulse Width  Fast    RAMD64E/CLK         n/a            0.768         2.857       2.089      SLICE_X58Y85    student_top_inst/u_KLDJ_top/u_bpu/u_gshare_btb_core/btb_data_reg_0_63_12_14/RAMC/CLK
High Pulse Width  Slow    RAMD64E/CLK         n/a            0.768         2.857       2.089      SLICE_X58Y85    student_top_inst/u_KLDJ_top/u_bpu/u_gshare_btb_core/btb_data_reg_0_63_12_14/RAMD/CLK
High Pulse Width  Fast    RAMD64E/CLK         n/a            0.768         2.857       2.089      SLICE_X58Y85    student_top_inst/u_KLDJ_top/u_bpu/u_gshare_btb_core/btb_data_reg_0_63_12_14/RAMD/CLK
High Pulse Width  Slow    RAMD64E/CLK         n/a            0.768         2.857       2.089      SLICE_X66Y85    student_top_inst/u_KLDJ_top/u_bpu/u_gshare_btb_core/btb_data_reg_0_63_15_17/RAMA/CLK
High Pulse Width  Fast    RAMD64E/CLK         n/a            0.768         2.857       2.089      SLICE_X66Y85    student_top_inst/u_KLDJ_top/u_bpu/u_gshare_btb_core/btb_data_reg_0_63_15_17/RAMA/CLK
High Pulse Width  Slow    RAMD64E/CLK         n/a            0.768         2.857       2.089      SLICE_X66Y85    student_top_inst/u_KLDJ_top/u_bpu/u_gshare_btb_core/btb_data_reg_0_63_15_17/RAMB/CLK
High Pulse Width  Fast    RAMD64E/CLK         n/a            0.768         2.857       2.089      SLICE_X66Y85    student_top_inst/u_KLDJ_top/u_bpu/u_gshare_btb_core/btb_data_reg_0_63_15_17/RAMB/CLK



---------------------------------------------------------------------------------------------------
From Clock:  clkfbout_pll
  To Clock:  clkfbout_pll

Setup :           NA  Failing Endpoints,  Worst Slack           NA  ,  Total Violation           NA
Hold  :           NA  Failing Endpoints,  Worst Slack           NA  ,  Total Violation           NA
PW    :            0  Failing Endpoints,  Worst Slack       18.591ns,  Total Violation        0.000ns
---------------------------------------------------------------------------------------------------


Pulse Width Checks
--------------------------------------------------------------------------------------
Clock Name:         clkfbout_pll
Waveform(ns):       { 0.000 10.000 }
Period(ns):         20.000
Sources:            { pll_inst/inst/plle2_adv_inst/CLKFBOUT }

Check Type  Corner  Lib Pin             Reference Pin  Required(ns)  Actual(ns)  Slack(ns)  Location        Pin
Min Period  n/a     BUFG/I              n/a            1.408         20.000      18.591     BUFGCTRL_X0Y2   pll_inst/inst/clkf_buf/I
Min Period  n/a     PLLE2_ADV/CLKFBOUT  n/a            1.071         20.000      18.929     PLLE2_ADV_X1Y1  pll_inst/inst/plle2_adv_inst/CLKFBOUT
Min Period  n/a     PLLE2_ADV/CLKFBIN   n/a            1.071         20.000      18.929     PLLE2_ADV_X1Y1  pll_inst/inst/plle2_adv_inst/CLKFBIN
Max Period  n/a     PLLE2_ADV/CLKFBIN   n/a            52.633        20.000      32.633     PLLE2_ADV_X1Y1  pll_inst/inst/plle2_adv_inst/CLKFBIN
Max Period  n/a     PLLE2_ADV/CLKFBOUT  n/a            160.000       20.000      140.000    PLLE2_ADV_X1Y1  pll_inst/inst/plle2_adv_inst/CLKFBOUT



---------------------------------------------------------------------------------------------------
From Clock:  clk_out2_pll
  To Clock:  clk_out1_pll

Setup :            1  Failing Endpoint ,  Worst Slack       -0.003ns,  Total Violation       -0.003ns
Hold  :           NA  Failing Endpoints,  Worst Slack           NA  ,  Total Violation           NA
---------------------------------------------------------------------------------------------------


Max Delay Paths
--------------------------------------------------------------------------------------
Slack (VIOLATED) :        -0.003ns  (required time - arrival time)
  Source:                 student_top_inst/bridge_inst/seg_driver/count_reg[4]/C
                            (rising edge-triggered cell FDCE clocked by clk_out2_pll  {rise@0.000ns fall@2.857ns period=5.714ns})
  Destination:            twin_controller_inst/status_buffer_reg[1][4]/D
                            (rising edge-triggered cell FDCE clocked by clk_out1_pll  {rise@0.000ns fall@10.000ns period=20.000ns})
  Path Group:             clk_out1_pll
  Path Type:              Setup (Max at Slow Process Corner)
  Requirement:            2.857ns  (clk_out1_pll rise@20.000ns - clk_out2_pll rise@17.143ns)
  Data Path Delay:        2.357ns  (logic 0.475ns (20.155%)  route 1.882ns (79.845%))
  Logic Levels:           2  (LUT3=1 LUT6=1)
  Clock Path Skew:        -0.268ns (DCD - SCD + CPR)
    Destination Clock Delay (DCD):    -1.866ns = ( 18.134 - 20.000 ) 
    Source Clock Delay      (SCD):    -2.195ns = ( 14.947 - 17.143 ) 
    Clock Pessimism Removal (CPR):    -0.598ns
  Clock Uncertainty:      0.214ns  ((TSJ^2 + DJ^2)^1/2) / 2 + PE
    Total System Jitter     (TSJ):    0.071ns
    Discrete Jitter          (DJ):    0.174ns
    Phase Error              (PE):    0.120ns

    Location             Delay type                Incr(ns)  Path(ns)    Netlist Resource(s)
  -------------------------------------------------------------------    -------------------
                         (clock clk_out2_pll rise edge)
                                                     17.143    17.143 r  
    AD12                                              0.000    17.143 r  i_sys_clk_p (IN)
                         net (fo=0)                   0.000    17.143    pll_inst/inst/clk_in1_p
    AD12                 IBUFDS (Prop_ibufds_I_O)     0.906    18.048 r  pll_inst/inst/clkin1_ibufgds/O
                         net (fo=1, routed)           1.098    19.146    pll_inst/inst/clk_in1_pll
    PLLE2_ADV_X1Y1       PLLE2_ADV (Prop_plle2_adv_CLKIN1_CLKOUT1)
                                                     -8.058    11.088 r  pll_inst/inst/plle2_adv_inst/CLKOUT1
                         net (fo=1, routed)           2.128    13.216    pll_inst/inst/clk_out2_pll
    BUFGCTRL_X0Y0        BUFG (Prop_bufg_I_O)         0.093    13.309 r  pll_inst/inst/clkout2_buf/O
                         net (fo=6000, routed)        1.638    14.947    student_top_inst/bridge_inst/seg_driver/clk_out2
    SLICE_X25Y92         FDCE                                         r  student_top_inst/bridge_inst/seg_driver/count_reg[4]/C
  -------------------------------------------------------------------    -------------------
    SLICE_X25Y92         FDCE (Prop_fdce_C_Q)         0.204    15.151 r  student_top_inst/bridge_inst/seg_driver/count_reg[4]/Q
                         net (fo=49, routed)          0.679    15.831    student_top_inst/bridge_inst/seg_driver/Q[0]
    SLICE_X39Y93         LUT3 (Prop_lut3_I1_O)        0.134    15.965 f  student_top_inst/bridge_inst/seg_driver/virtual_seg_OBUF[16]_inst_i_3/O
                         net (fo=7, routed)           0.840    16.805    student_top_inst/bridge_inst/seg_driver/virtual_seg_OBUF[16]_inst_i_3_n_0
    SLICE_X21Y96         LUT6 (Prop_lut6_I3_O)        0.137    16.942 r  student_top_inst/bridge_inst/seg_driver/virtual_seg_OBUF[12]_inst_i_1/O
                         net (fo=2, routed)           0.362    17.304    twin_controller_inst/virtual_seg_OBUF[11]
    SLICE_X21Y96         FDCE                                         r  twin_controller_inst/status_buffer_reg[1][4]/D
  -------------------------------------------------------------------    -------------------

                         (clock clk_out1_pll rise edge)
                                                     20.000    20.000 r  
    AD12                                              0.000    20.000 r  i_sys_clk_p (IN)
                         net (fo=0)                   0.000    20.000    pll_inst/inst/clk_in1_p
    AD12                 IBUFDS (Prop_ibufds_I_O)     0.803    20.803 r  pll_inst/inst/clkin1_ibufgds/O
                         net (fo=1, routed)           1.001    21.804    pll_inst/inst/clk_in1_pll
    PLLE2_ADV_X1Y1       PLLE2_ADV (Prop_plle2_adv_CLKIN1_CLKOUT0)
                                                     -7.261    14.543 r  pll_inst/inst/plle2_adv_inst/CLKOUT0
                         net (fo=1, routed)           2.003    16.546    pll_inst/inst/clk_out1_pll
    BUFGCTRL_X0Y1        BUFG (Prop_bufg_I_O)         0.083    16.629 r  pll_inst/inst/clkout1_buf/O
                         net (fo=386, routed)         1.505    18.134    twin_controller_inst/clk_out1
    SLICE_X21Y96         FDCE                                         r  twin_controller_inst/status_buffer_reg[1][4]/C
                         clock pessimism             -0.598    17.537    
                         clock uncertainty           -0.214    17.323    
    SLICE_X21Y96         FDCE (Setup_fdce_C_D)       -0.022    17.301    twin_controller_inst/status_buffer_reg[1][4]
  -------------------------------------------------------------------
                         required time                         17.301    
                         arrival time                         -17.304    
  -------------------------------------------------------------------
                         slack                                 -0.003    

Slack (MET) :             0.006ns  (required time - arrival time)
  Source:                 student_top_inst/bridge_inst/seg_wdata_reg[30]/C
                            (rising edge-triggered cell FDRE clocked by clk_out2_pll  {rise@0.000ns fall@2.857ns period=5.714ns})
  Destination:            twin_controller_inst/status_buffer_reg[4][1]/D
                            (rising edge-triggered cell FDCE clocked by clk_out1_pll  {rise@0.000ns fall@10.000ns period=20.000ns})
  Path Group:             clk_out1_pll
  Path Type:              Setup (Max at Slow Process Corner)
  Requirement:            2.857ns  (clk_out1_pll rise@20.000ns - clk_out2_pll rise@17.143ns)
  Data Path Delay:        2.353ns  (logic 0.407ns (17.296%)  route 1.946ns (82.704%))
  Logic Levels:           2  (LUT3=1 LUT6=1)
  Clock Path Skew:        -0.262ns (DCD - SCD + CPR)
    Destination Clock Delay (DCD):    -1.872ns = ( 18.128 - 20.000 ) 
    Source Clock Delay      (SCD):    -2.207ns = ( 14.935 - 17.143 ) 
    Clock Pessimism Removal (CPR):    -0.598ns
  Clock Uncertainty:      0.214ns  ((TSJ^2 + DJ^2)^1/2) / 2 + PE
    Total System Jitter     (TSJ):    0.071ns
    Discrete Jitter          (DJ):    0.174ns
    Phase Error              (PE):    0.120ns

    Location             Delay type                Incr(ns)  Path(ns)    Netlist Resource(s)
  -------------------------------------------------------------------    -------------------
                         (clock clk_out2_pll rise edge)
                                                     17.143    17.143 r  
    AD12                                              0.000    17.143 r  i_sys_clk_p (IN)
                         net (fo=0)                   0.000    17.143    pll_inst/inst/clk_in1_p
    AD12                 IBUFDS (Prop_ibufds_I_O)     0.906    18.048 r  pll_inst/inst/clkin1_ibufgds/O
                         net (fo=1, routed)           1.098    19.146    pll_inst/inst/clk_in1_pll
    PLLE2_ADV_X1Y1       PLLE2_ADV (Prop_plle2_adv_CLKIN1_CLKOUT1)
                                                     -8.058    11.088 r  pll_inst/inst/plle2_adv_inst/CLKOUT1
                         net (fo=1, routed)           2.128    13.216    pll_inst/inst/clk_out2_pll
    BUFGCTRL_X0Y0        BUFG (Prop_bufg_I_O)         0.093    13.309 r  pll_inst/inst/clkout2_buf/O
                         net (fo=6000, routed)        1.626    14.935    student_top_inst/bridge_inst/clk_out2
    SLICE_X47Y92         FDRE                                         r  student_top_inst/bridge_inst/seg_wdata_reg[30]/C
  -------------------------------------------------------------------    -------------------
    SLICE_X47Y92         FDRE (Prop_fdre_C_Q)         0.223    15.158 r  student_top_inst/bridge_inst/seg_wdata_reg[30]/Q
                         net (fo=2, routed)           0.803    15.962    student_top_inst/bridge_inst/seg_driver/status_buffer_reg[4][4][30]
    SLICE_X42Y92         LUT3 (Prop_lut3_I2_O)        0.050    16.012 r  student_top_inst/bridge_inst/seg_driver/virtual_seg_OBUF[36]_inst_i_4/O
                         net (fo=7, routed)           0.587    16.599    student_top_inst/bridge_inst/seg_driver/virtual_seg_OBUF[36]_inst_i_4_n_0
    SLICE_X28Y91         LUT6 (Prop_lut6_I5_O)        0.134    16.733 r  student_top_inst/bridge_inst/seg_driver/virtual_seg_OBUF[33]_inst_i_1/O
                         net (fo=2, routed)           0.556    17.289    twin_controller_inst/virtual_seg_OBUF[26]
    SLICE_X26Y91         FDCE                                         r  twin_controller_inst/status_buffer_reg[4][1]/D
  -------------------------------------------------------------------    -------------------

                         (clock clk_out1_pll rise edge)
                                                     20.000    20.000 r  
    AD12                                              0.000    20.000 r  i_sys_clk_p (IN)
                         net (fo=0)                   0.000    20.000    pll_inst/inst/clk_in1_p
    AD12                 IBUFDS (Prop_ibufds_I_O)     0.803    20.803 r  pll_inst/inst/clkin1_ibufgds/O
                         net (fo=1, routed)           1.001    21.804    pll_inst/inst/clk_in1_pll
    PLLE2_ADV_X1Y1       PLLE2_ADV (Prop_plle2_adv_CLKIN1_CLKOUT0)
                                                     -7.261    14.543 r  pll_inst/inst/plle2_adv_inst/CLKOUT0
                         net (fo=1, routed)           2.003    16.546    pll_inst/inst/clk_out1_pll
    BUFGCTRL_X0Y1        BUFG (Prop_bufg_I_O)         0.083    16.629 r  pll_inst/inst/clkout1_buf/O
                         net (fo=386, routed)         1.499    18.128    twin_controller_inst/clk_out1
    SLICE_X26Y91         FDCE                                         r  twin_controller_inst/status_buffer_reg[4][1]/C
                         clock pessimism             -0.598    17.531    
                         clock uncertainty           -0.214    17.317    
    SLICE_X26Y91         FDCE (Setup_fdce_C_D)       -0.022    17.295    twin_controller_inst/status_buffer_reg[4][1]
  -------------------------------------------------------------------
                         required time                         17.295    
                         arrival time                         -17.289    
  -------------------------------------------------------------------
                         slack                                  0.006    

Slack (MET) :             0.055ns  (required time - arrival time)
  Source:                 student_top_inst/bridge_inst/seg_driver/count_reg[4]/C
                            (rising edge-triggered cell FDCE clocked by clk_out2_pll  {rise@0.000ns fall@2.857ns period=5.714ns})
  Destination:            twin_controller_inst/status_buffer_reg[1][6]/D
                            (rising edge-triggered cell FDCE clocked by clk_out1_pll  {rise@0.000ns fall@10.000ns period=20.000ns})
  Path Group:             clk_out1_pll
  Path Type:              Setup (Max at Slow Process Corner)
  Requirement:            2.857ns  (clk_out1_pll rise@20.000ns - clk_out2_pll rise@17.143ns)
  Data Path Delay:        2.289ns  (logic 0.370ns (16.165%)  route 1.919ns (83.835%))
  Logic Levels:           2  (LUT3=1 LUT6=1)
  Clock Path Skew:        -0.268ns (DCD - SCD + CPR)
    Destination Clock Delay (DCD):    -1.866ns = ( 18.134 - 20.000 ) 
    Source Clock Delay      (SCD):    -2.195ns = ( 14.947 - 17.143 ) 
    Clock Pessimism Removal (CPR):    -0.598ns
  Clock Uncertainty:      0.214ns  ((TSJ^2 + DJ^2)^1/2) / 2 + PE
    Total System Jitter     (TSJ):    0.071ns
    Discrete Jitter          (DJ):    0.174ns
    Phase Error              (PE):    0.120ns

    Location             Delay type                Incr(ns)  Path(ns)    Netlist Resource(s)
  -------------------------------------------------------------------    -------------------
                         (clock clk_out2_pll rise edge)
                                                     17.143    17.143 r  
    AD12                                              0.000    17.143 r  i_sys_clk_p (IN)
                         net (fo=0)                   0.000    17.143    pll_inst/inst/clk_in1_p
    AD12                 IBUFDS (Prop_ibufds_I_O)     0.906    18.048 r  pll_inst/inst/clkin1_ibufgds/O
                         net (fo=1, routed)           1.098    19.146    pll_inst/inst/clk_in1_pll
    PLLE2_ADV_X1Y1       PLLE2_ADV (Prop_plle2_adv_CLKIN1_CLKOUT1)
                                                     -8.058    11.088 r  pll_inst/inst/plle2_adv_inst/CLKOUT1
                         net (fo=1, routed)           2.128    13.216    pll_inst/inst/clk_out2_pll
    BUFGCTRL_X0Y0        BUFG (Prop_bufg_I_O)         0.093    13.309 r  pll_inst/inst/clkout2_buf/O
                         net (fo=6000, routed)        1.638    14.947    student_top_inst/bridge_inst/seg_driver/clk_out2
    SLICE_X25Y92         FDCE                                         r  student_top_inst/bridge_inst/seg_driver/count_reg[4]/C
  -------------------------------------------------------------------    -------------------
    SLICE_X25Y92         FDCE (Prop_fdce_C_Q)         0.204    15.151 r  student_top_inst/bridge_inst/seg_driver/count_reg[4]/Q
                         net (fo=49, routed)          0.776    15.928    student_top_inst/bridge_inst/seg_driver/Q[0]
    SLICE_X40Y93         LUT3 (Prop_lut3_I1_O)        0.123    16.051 r  student_top_inst/bridge_inst/seg_driver/virtual_seg_OBUF[16]_inst_i_4/O
                         net (fo=7, routed)           0.775    16.826    student_top_inst/bridge_inst/seg_driver/virtual_seg_OBUF[16]_inst_i_4_n_0
    SLICE_X21Y96         LUT6 (Prop_lut6_I5_O)        0.043    16.869 r  student_top_inst/bridge_inst/seg_driver/virtual_seg_OBUF[14]_inst_i_1/O
                         net (fo=2, routed)           0.368    17.236    twin_controller_inst/virtual_seg_OBUF[13]
    SLICE_X21Y96         FDCE                                         r  twin_controller_inst/status_buffer_reg[1][6]/D
  -------------------------------------------------------------------    -------------------

                         (clock clk_out1_pll rise edge)
                                                     20.000    20.000 r  
    AD12                                              0.000    20.000 r  i_sys_clk_p (IN)
                         net (fo=0)                   0.000    20.000    pll_inst/inst/clk_in1_p
    AD12                 IBUFDS (Prop_ibufds_I_O)     0.803    20.803 r  pll_inst/inst/clkin1_ibufgds/O
                         net (fo=1, routed)           1.001    21.804    pll_inst/inst/clk_in1_pll
    PLLE2_ADV_X1Y1       PLLE2_ADV (Prop_plle2_adv_CLKIN1_CLKOUT0)
                                                     -7.261    14.543 r  pll_inst/inst/plle2_adv_inst/CLKOUT0
                         net (fo=1, routed)           2.003    16.546    pll_inst/inst/clk_out1_pll
    BUFGCTRL_X0Y1        BUFG (Prop_bufg_I_O)         0.083    16.629 r  pll_inst/inst/clkout1_buf/O
                         net (fo=386, routed)         1.505    18.134    twin_controller_inst/clk_out1
    SLICE_X21Y96         FDCE                                         r  twin_controller_inst/status_buffer_reg[1][6]/C
                         clock pessimism             -0.598    17.537    
                         clock uncertainty           -0.214    17.323    
    SLICE_X21Y96         FDCE (Setup_fdce_C_D)       -0.031    17.292    twin_controller_inst/status_buffer_reg[1][6]
  -------------------------------------------------------------------
                         required time                         17.292    
                         arrival time                         -17.236    
  -------------------------------------------------------------------
                         slack                                  0.055    

Slack (MET) :             0.073ns  (required time - arrival time)
  Source:                 student_top_inst/bridge_inst/seg_driver/count_reg[4]/C
                            (rising edge-triggered cell FDCE clocked by clk_out2_pll  {rise@0.000ns fall@2.857ns period=5.714ns})
  Destination:            twin_controller_inst/status_buffer_reg[2][6]/D
                            (rising edge-triggered cell FDCE clocked by clk_out1_pll  {rise@0.000ns fall@10.000ns period=20.000ns})
  Path Group:             clk_out1_pll
  Path Type:              Setup (Max at Slow Process Corner)
  Requirement:            2.857ns  (clk_out1_pll rise@20.000ns - clk_out2_pll rise@17.143ns)
  Data Path Delay:        2.321ns  (logic 0.469ns (20.205%)  route 1.852ns (79.795%))
  Logic Levels:           2  (LUT3=1 LUT6=1)
  Clock Path Skew:        -0.269ns (DCD - SCD + CPR)
    Destination Clock Delay (DCD):    -1.867ns = ( 18.133 - 20.000 ) 
    Source Clock Delay      (SCD):    -2.195ns = ( 14.947 - 17.143 ) 
    Clock Pessimism Removal (CPR):    -0.598ns
  Clock Uncertainty:      0.214ns  ((TSJ^2 + DJ^2)^1/2) / 2 + PE
    Total System Jitter     (TSJ):    0.071ns
    Discrete Jitter          (DJ):    0.174ns
    Phase Error              (PE):    0.120ns

    Location             Delay type                Incr(ns)  Path(ns)    Netlist Resource(s)
  -------------------------------------------------------------------    -------------------
                         (clock clk_out2_pll rise edge)
                                                     17.143    17.143 r  
    AD12                                              0.000    17.143 r  i_sys_clk_p (IN)
                         net (fo=0)                   0.000    17.143    pll_inst/inst/clk_in1_p
    AD12                 IBUFDS (Prop_ibufds_I_O)     0.906    18.048 r  pll_inst/inst/clkin1_ibufgds/O
                         net (fo=1, routed)           1.098    19.146    pll_inst/inst/clk_in1_pll
    PLLE2_ADV_X1Y1       PLLE2_ADV (Prop_plle2_adv_CLKIN1_CLKOUT1)
                                                     -8.058    11.088 r  pll_inst/inst/plle2_adv_inst/CLKOUT1
                         net (fo=1, routed)           2.128    13.216    pll_inst/inst/clk_out2_pll
    BUFGCTRL_X0Y0        BUFG (Prop_bufg_I_O)         0.093    13.309 r  pll_inst/inst/clkout2_buf/O
                         net (fo=6000, routed)        1.638    14.947    student_top_inst/bridge_inst/seg_driver/clk_out2
    SLICE_X25Y92         FDCE                                         r  student_top_inst/bridge_inst/seg_driver/count_reg[4]/C
  -------------------------------------------------------------------    -------------------
    SLICE_X25Y92         FDCE (Prop_fdce_C_Q)         0.204    15.151 r  student_top_inst/bridge_inst/seg_driver/count_reg[4]/Q
                         net (fo=49, routed)          0.776    15.928    student_top_inst/bridge_inst/seg_driver/Q[0]
    SLICE_X40Y93         LUT3 (Prop_lut3_I1_O)        0.129    16.057 r  student_top_inst/bridge_inst/seg_driver/virtual_seg_OBUF[26]_inst_i_4/O
                         net (fo=7, routed)           0.687    16.743    student_top_inst/bridge_inst/seg_driver/virtual_seg_OBUF[26]_inst_i_4_n_0
    SLICE_X20Y91         LUT6 (Prop_lut6_I4_O)        0.136    16.879 r  student_top_inst/bridge_inst/seg_driver/virtual_seg_OBUF[22]_inst_i_1/O
                         net (fo=2, routed)           0.389    17.269    twin_controller_inst/virtual_seg_OBUF[18]
    SLICE_X20Y92         FDCE                                         r  twin_controller_inst/status_buffer_reg[2][6]/D
  -------------------------------------------------------------------    -------------------

                         (clock clk_out1_pll rise edge)
                                                     20.000    20.000 r  
    AD12                                              0.000    20.000 r  i_sys_clk_p (IN)
                         net (fo=0)                   0.000    20.000    pll_inst/inst/clk_in1_p
    AD12                 IBUFDS (Prop_ibufds_I_O)     0.803    20.803 r  pll_inst/inst/clkin1_ibufgds/O
                         net (fo=1, routed)           1.001    21.804    pll_inst/inst/clk_in1_pll
    PLLE2_ADV_X1Y1       PLLE2_ADV (Prop_plle2_adv_CLKIN1_CLKOUT0)
                                                     -7.261    14.543 r  pll_inst/inst/plle2_adv_inst/CLKOUT0
                         net (fo=1, routed)           2.003    16.546    pll_inst/inst/clk_out1_pll
    BUFGCTRL_X0Y1        BUFG (Prop_bufg_I_O)         0.083    16.629 r  pll_inst/inst/clkout1_buf/O
                         net (fo=386, routed)         1.504    18.133    twin_controller_inst/clk_out1
    SLICE_X20Y92         FDCE                                         r  twin_controller_inst/status_buffer_reg[2][6]/C
                         clock pessimism             -0.598    17.536    
                         clock uncertainty           -0.214    17.322    
    SLICE_X20Y92         FDCE (Setup_fdce_C_D)        0.020    17.342    twin_controller_inst/status_buffer_reg[2][6]
  -------------------------------------------------------------------
                         required time                         17.342    
                         arrival time                         -17.269    
  -------------------------------------------------------------------
                         slack                                  0.073    

Slack (MET) :             0.076ns  (required time - arrival time)
  Source:                 student_top_inst/bridge_inst/seg_wdata_reg[29]/C
                            (rising edge-triggered cell FDRE clocked by clk_out2_pll  {rise@0.000ns fall@2.857ns period=5.714ns})
  Destination:            twin_controller_inst/status_buffer_reg[4][4]/D
                            (rising edge-triggered cell FDCE clocked by clk_out1_pll  {rise@0.000ns fall@10.000ns period=20.000ns})
  Path Group:             clk_out1_pll
  Path Type:              Setup (Max at Slow Process Corner)
  Requirement:            2.857ns  (clk_out1_pll rise@20.000ns - clk_out2_pll rise@17.143ns)
  Data Path Delay:        2.284ns  (logic 0.408ns (17.860%)  route 1.876ns (82.140%))
  Logic Levels:           2  (LUT3=1 LUT6=1)
  Clock Path Skew:        -0.261ns (DCD - SCD + CPR)
    Destination Clock Delay (DCD):    -1.871ns = ( 18.129 - 20.000 ) 
    Source Clock Delay      (SCD):    -2.207ns = ( 14.935 - 17.143 ) 
    Clock Pessimism Removal (CPR):    -0.598ns
  Clock Uncertainty:      0.214ns  ((TSJ^2 + DJ^2)^1/2) / 2 + PE
    Total System Jitter     (TSJ):    0.071ns
    Discrete Jitter          (DJ):    0.174ns
    Phase Error              (PE):    0.120ns

    Location             Delay type                Incr(ns)  Path(ns)    Netlist Resource(s)
  -------------------------------------------------------------------    -------------------
                         (clock clk_out2_pll rise edge)
                                                     17.143    17.143 r  
    AD12                                              0.000    17.143 r  i_sys_clk_p (IN)
                         net (fo=0)                   0.000    17.143    pll_inst/inst/clk_in1_p
    AD12                 IBUFDS (Prop_ibufds_I_O)     0.906    18.048 r  pll_inst/inst/clkin1_ibufgds/O
                         net (fo=1, routed)           1.098    19.146    pll_inst/inst/clk_in1_pll
    PLLE2_ADV_X1Y1       PLLE2_ADV (Prop_plle2_adv_CLKIN1_CLKOUT1)
                                                     -8.058    11.088 r  pll_inst/inst/plle2_adv_inst/CLKOUT1
                         net (fo=1, routed)           2.128    13.216    pll_inst/inst/clk_out2_pll
    BUFGCTRL_X0Y0        BUFG (Prop_bufg_I_O)         0.093    13.309 r  pll_inst/inst/clkout2_buf/O
                         net (fo=6000, routed)        1.626    14.935    student_top_inst/bridge_inst/clk_out2
    SLICE_X49Y93         FDRE                                         r  student_top_inst/bridge_inst/seg_wdata_reg[29]/C
  -------------------------------------------------------------------    -------------------
    SLICE_X49Y93         FDRE (Prop_fdre_C_Q)         0.223    15.158 r  student_top_inst/bridge_inst/seg_wdata_reg[29]/Q
                         net (fo=5, routed)           1.092    16.250    student_top_inst/bridge_inst/seg_driver/status_buffer_reg[4][4][29]
    SLICE_X28Y92         LUT3 (Prop_lut3_I2_O)        0.049    16.299 r  student_top_inst/bridge_inst/seg_driver/virtual_seg_OBUF[36]_inst_i_3/O
                         net (fo=4, routed)           0.332    16.631    student_top_inst/bridge_inst/seg_driver/virtual_seg_OBUF[36]_inst_i_3_n_0
    SLICE_X27Y92         LUT6 (Prop_lut6_I1_O)        0.136    16.767 r  student_top_inst/bridge_inst/seg_driver/virtual_seg_OBUF[36]_inst_i_1/O
                         net (fo=2, routed)           0.453    17.220    twin_controller_inst/virtual_seg_OBUF[29]
    SLICE_X26Y92         FDCE                                         r  twin_controller_inst/status_buffer_reg[4][4]/D
  -------------------------------------------------------------------    -------------------

                         (clock clk_out1_pll rise edge)
                                                     20.000    20.000 r  
    AD12                                              0.000    20.000 r  i_sys_clk_p (IN)
                         net (fo=0)                   0.000    20.000    pll_inst/inst/clk_in1_p
    AD12                 IBUFDS (Prop_ibufds_I_O)     0.803    20.803 r  pll_inst/inst/clkin1_ibufgds/O
                         net (fo=1, routed)           1.001    21.804    pll_inst/inst/clk_in1_pll
    PLLE2_ADV_X1Y1       PLLE2_ADV (Prop_plle2_adv_CLKIN1_CLKOUT0)
                                                     -7.261    14.543 r  pll_inst/inst/plle2_adv_inst/CLKOUT0
                         net (fo=1, routed)           2.003    16.546    pll_inst/inst/clk_out1_pll
    BUFGCTRL_X0Y1        BUFG (Prop_bufg_I_O)         0.083    16.629 r  pll_inst/inst/clkout1_buf/O
                         net (fo=386, routed)         1.500    18.129    twin_controller_inst/clk_out1
    SLICE_X26Y92         FDCE                                         r  twin_controller_inst/status_buffer_reg[4][4]/C
                         clock pessimism             -0.598    17.532    
                         clock uncertainty           -0.214    17.318    
    SLICE_X26Y92         FDCE (Setup_fdce_C_D)       -0.022    17.296    twin_controller_inst/status_buffer_reg[4][4]
  -------------------------------------------------------------------
                         required time                         17.296    
                         arrival time                         -17.220    
  -------------------------------------------------------------------
                         slack                                  0.076    

Slack (MET) :             0.096ns  (required time - arrival time)
  Source:                 student_top_inst/bridge_inst/seg_driver/count_reg[4]/C
                            (rising edge-triggered cell FDCE clocked by clk_out2_pll  {rise@0.000ns fall@2.857ns period=5.714ns})
  Destination:            twin_controller_inst/status_buffer_reg[3][2]/D
                            (rising edge-triggered cell FDCE clocked by clk_out1_pll  {rise@0.000ns fall@10.000ns period=20.000ns})
  Path Group:             clk_out1_pll
  Path Type:              Setup (Max at Slow Process Corner)
  Requirement:            2.857ns  (clk_out1_pll rise@20.000ns - clk_out2_pll rise@17.143ns)
  Data Path Delay:        2.268ns  (logic 0.370ns (16.317%)  route 1.898ns (83.683%))
  Logic Levels:           2  (LUT3=1 LUT6=1)
  Clock Path Skew:        -0.270ns (DCD - SCD + CPR)
    Destination Clock Delay (DCD):    -1.868ns = ( 18.132 - 20.000 ) 
    Source Clock Delay      (SCD):    -2.195ns = ( 14.947 - 17.143 ) 
    Clock Pessimism Removal (CPR):    -0.598ns
  Clock Uncertainty:      0.214ns  ((TSJ^2 + DJ^2)^1/2) / 2 + PE
    Total System Jitter     (TSJ):    0.071ns
    Discrete Jitter          (DJ):    0.174ns
    Phase Error              (PE):    0.120ns

    Location             Delay type                Incr(ns)  Path(ns)    Netlist Resource(s)
  -------------------------------------------------------------------    -------------------
                         (clock clk_out2_pll rise edge)
                                                     17.143    17.143 r  
    AD12                                              0.000    17.143 r  i_sys_clk_p (IN)
                         net (fo=0)                   0.000    17.143    pll_inst/inst/clk_in1_p
    AD12                 IBUFDS (Prop_ibufds_I_O)     0.906    18.048 r  pll_inst/inst/clkin1_ibufgds/O
                         net (fo=1, routed)           1.098    19.146    pll_inst/inst/clk_in1_pll
    PLLE2_ADV_X1Y1       PLLE2_ADV (Prop_plle2_adv_CLKIN1_CLKOUT1)
                                                     -8.058    11.088 r  pll_inst/inst/plle2_adv_inst/CLKOUT1
                         net (fo=1, routed)           2.128    13.216    pll_inst/inst/clk_out2_pll
    BUFGCTRL_X0Y0        BUFG (Prop_bufg_I_O)         0.093    13.309 r  pll_inst/inst/clkout2_buf/O
                         net (fo=6000, routed)        1.638    14.947    student_top_inst/bridge_inst/seg_driver/clk_out2
    SLICE_X25Y92         FDCE                                         r  student_top_inst/bridge_inst/seg_driver/count_reg[4]/C
  -------------------------------------------------------------------    -------------------
    SLICE_X25Y92         FDCE (Prop_fdce_C_Q)         0.204    15.151 r  student_top_inst/bridge_inst/seg_driver/count_reg[4]/Q
                         net (fo=49, routed)          0.629    15.781    student_top_inst/bridge_inst/seg_driver/Q[0]
    SLICE_X42Y92         LUT3 (Prop_lut3_I1_O)        0.123    15.904 r  student_top_inst/bridge_inst/seg_driver/virtual_seg_OBUF[26]_inst_i_2/O
                         net (fo=7, routed)           0.957    16.861    student_top_inst/bridge_inst/seg_driver/virtual_seg_OBUF[26]_inst_i_2_n_0
    SLICE_X20Y91         LUT6 (Prop_lut6_I0_O)        0.043    16.904 r  student_top_inst/bridge_inst/seg_driver/virtual_seg_OBUF[26]_inst_i_1/O
                         net (fo=2, routed)           0.311    17.215    twin_controller_inst/virtual_seg_OBUF[22]
    SLICE_X20Y91         FDCE                                         r  twin_controller_inst/status_buffer_reg[3][2]/D
  -------------------------------------------------------------------    -------------------

                         (clock clk_out1_pll rise edge)
                                                     20.000    20.000 r  
    AD12                                              0.000    20.000 r  i_sys_clk_p (IN)
                         net (fo=0)                   0.000    20.000    pll_inst/inst/clk_in1_p
    AD12                 IBUFDS (Prop_ibufds_I_O)     0.803    20.803 r  pll_inst/inst/clkin1_ibufgds/O
                         net (fo=1, routed)           1.001    21.804    pll_inst/inst/clk_in1_pll
    PLLE2_ADV_X1Y1       PLLE2_ADV (Prop_plle2_adv_CLKIN1_CLKOUT0)
                                                     -7.261    14.543 r  pll_inst/inst/plle2_adv_inst/CLKOUT0
                         net (fo=1, routed)           2.003    16.546    pll_inst/inst/clk_out1_pll
    BUFGCTRL_X0Y1        BUFG (Prop_bufg_I_O)         0.083    16.629 r  pll_inst/inst/clkout1_buf/O
                         net (fo=386, routed)         1.503    18.132    twin_controller_inst/clk_out1
    SLICE_X20Y91         FDCE                                         r  twin_controller_inst/status_buffer_reg[3][2]/C
                         clock pessimism             -0.598    17.535    
                         clock uncertainty           -0.214    17.321    
    SLICE_X20Y91         FDCE (Setup_fdce_C_D)       -0.010    17.311    twin_controller_inst/status_buffer_reg[3][2]
  -------------------------------------------------------------------
                         required time                         17.311    
                         arrival time                         -17.215    
  -------------------------------------------------------------------
                         slack                                  0.096    

Slack (MET) :             0.131ns  (required time - arrival time)
  Source:                 student_top_inst/bridge_inst/seg_driver/count_reg[4]/C
                            (rising edge-triggered cell FDCE clocked by clk_out2_pll  {rise@0.000ns fall@2.857ns period=5.714ns})
  Destination:            twin_controller_inst/status_buffer_reg[3][1]/D
                            (rising edge-triggered cell FDCE clocked by clk_out1_pll  {rise@0.000ns fall@10.000ns period=20.000ns})
  Path Group:             clk_out1_pll
  Path Type:              Setup (Max at Slow Process Corner)
  Requirement:            2.857ns  (clk_out1_pll rise@20.000ns - clk_out2_pll rise@17.143ns)
  Data Path Delay:        2.268ns  (logic 0.466ns (20.545%)  route 1.802ns (79.455%))
  Logic Levels:           2  (LUT3=1 LUT6=1)
  Clock Path Skew:        -0.269ns (DCD - SCD + CPR)
    Destination Clock Delay (DCD):    -1.867ns = ( 18.133 - 20.000 ) 
    Source Clock Delay      (SCD):    -2.195ns = ( 14.947 - 17.143 ) 
    Clock Pessimism Removal (CPR):    -0.598ns
  Clock Uncertainty:      0.214ns  ((TSJ^2 + DJ^2)^1/2) / 2 + PE
    Total System Jitter     (TSJ):    0.071ns
    Discrete Jitter          (DJ):    0.174ns
    Phase Error              (PE):    0.120ns

    Location             Delay type                Incr(ns)  Path(ns)    Netlist Resource(s)
  -------------------------------------------------------------------    -------------------
                         (clock clk_out2_pll rise edge)
                                                     17.143    17.143 r  
    AD12                                              0.000    17.143 r  i_sys_clk_p (IN)
                         net (fo=0)                   0.000    17.143    pll_inst/inst/clk_in1_p
    AD12                 IBUFDS (Prop_ibufds_I_O)     0.906    18.048 r  pll_inst/inst/clkin1_ibufgds/O
                         net (fo=1, routed)           1.098    19.146    pll_inst/inst/clk_in1_pll
    PLLE2_ADV_X1Y1       PLLE2_ADV (Prop_plle2_adv_CLKIN1_CLKOUT1)
                                                     -8.058    11.088 r  pll_inst/inst/plle2_adv_inst/CLKOUT1
                         net (fo=1, routed)           2.128    13.216    pll_inst/inst/clk_out2_pll
    BUFGCTRL_X0Y0        BUFG (Prop_bufg_I_O)         0.093    13.309 r  pll_inst/inst/clkout2_buf/O
                         net (fo=6000, routed)        1.638    14.947    student_top_inst/bridge_inst/seg_driver/clk_out2
    SLICE_X25Y92         FDCE                                         r  student_top_inst/bridge_inst/seg_driver/count_reg[4]/C
  -------------------------------------------------------------------    -------------------
    SLICE_X25Y92         FDCE (Prop_fdce_C_Q)         0.204    15.151 r  student_top_inst/bridge_inst/seg_driver/count_reg[4]/Q
                         net (fo=49, routed)          0.629    15.781    student_top_inst/bridge_inst/seg_driver/Q[0]
    SLICE_X42Y92         LUT3 (Prop_lut3_I1_O)        0.130    15.911 r  student_top_inst/bridge_inst/seg_driver/virtual_seg_OBUF[26]_inst_i_3/O
                         net (fo=7, routed)           0.837    16.747    student_top_inst/bridge_inst/seg_driver/virtual_seg_OBUF[26]_inst_i_3_n_0
    SLICE_X20Y91         LUT6 (Prop_lut6_I4_O)        0.132    16.879 r  student_top_inst/bridge_inst/seg_driver/virtual_seg_OBUF[25]_inst_i_1/O
                         net (fo=2, routed)           0.336    17.216    twin_controller_inst/virtual_seg_OBUF[21]
    SLICE_X20Y92         FDCE                                         r  twin_controller_inst/status_buffer_reg[3][1]/D
  -------------------------------------------------------------------    -------------------

                         (clock clk_out1_pll rise edge)
                                                     20.000    20.000 r  
    AD12                                              0.000    20.000 r  i_sys_clk_p (IN)
                         net (fo=0)                   0.000    20.000    pll_inst/inst/clk_in1_p
    AD12                 IBUFDS (Prop_ibufds_I_O)     0.803    20.803 r  pll_inst/inst/clkin1_ibufgds/O
                         net (fo=1, routed)           1.001    21.804    pll_inst/inst/clk_in1_pll
    PLLE2_ADV_X1Y1       PLLE2_ADV (Prop_plle2_adv_CLKIN1_CLKOUT0)
                                                     -7.261    14.543 r  pll_inst/inst/plle2_adv_inst/CLKOUT0
                         net (fo=1, routed)           2.003    16.546    pll_inst/inst/clk_out1_pll
    BUFGCTRL_X0Y1        BUFG (Prop_bufg_I_O)         0.083    16.629 r  pll_inst/inst/clkout1_buf/O
                         net (fo=386, routed)         1.504    18.133    twin_controller_inst/clk_out1
    SLICE_X20Y92         FDCE                                         r  twin_controller_inst/status_buffer_reg[3][1]/C
                         clock pessimism             -0.598    17.536    
                         clock uncertainty           -0.214    17.322    
    SLICE_X20Y92         FDCE (Setup_fdce_C_D)        0.025    17.347    twin_controller_inst/status_buffer_reg[3][1]
  -------------------------------------------------------------------
                         required time                         17.347    
                         arrival time                         -17.216    
  -------------------------------------------------------------------
                         slack                                  0.131    

Slack (MET) :             0.157ns  (required time - arrival time)
  Source:                 student_top_inst/bridge_inst/seg_driver/count_reg[4]/C
                            (rising edge-triggered cell FDCE clocked by clk_out2_pll  {rise@0.000ns fall@2.857ns period=5.714ns})
  Destination:            twin_controller_inst/status_buffer_reg[1][2]/D
                            (rising edge-triggered cell FDCE clocked by clk_out1_pll  {rise@0.000ns fall@10.000ns period=20.000ns})
  Path Group:             clk_out1_pll
  Path Type:              Setup (Max at Slow Process Corner)
  Requirement:            2.857ns  (clk_out1_pll rise@20.000ns - clk_out2_pll rise@17.143ns)
  Data Path Delay:        2.196ns  (logic 0.370ns (16.848%)  route 1.826ns (83.152%))
  Logic Levels:           2  (LUT3=1 LUT6=1)
  Clock Path Skew:        -0.268ns (DCD - SCD + CPR)
    Destination Clock Delay (DCD):    -1.866ns = ( 18.134 - 20.000 ) 
    Source Clock Delay      (SCD):    -2.195ns = ( 14.947 - 17.143 ) 
    Clock Pessimism Removal (CPR):    -0.598ns
  Clock Uncertainty:      0.214ns  ((TSJ^2 + DJ^2)^1/2) / 2 + PE
    Total System Jitter     (TSJ):    0.071ns
    Discrete Jitter          (DJ):    0.174ns
    Phase Error              (PE):    0.120ns

    Location             Delay type                Incr(ns)  Path(ns)    Netlist Resource(s)
  -------------------------------------------------------------------    -------------------
                         (clock clk_out2_pll rise edge)
                                                     17.143    17.143 r  
    AD12                                              0.000    17.143 r  i_sys_clk_p (IN)
                         net (fo=0)                   0.000    17.143    pll_inst/inst/clk_in1_p
    AD12                 IBUFDS (Prop_ibufds_I_O)     0.906    18.048 r  pll_inst/inst/clkin1_ibufgds/O
                         net (fo=1, routed)           1.098    19.146    pll_inst/inst/clk_in1_pll
    PLLE2_ADV_X1Y1       PLLE2_ADV (Prop_plle2_adv_CLKIN1_CLKOUT1)
                                                     -8.058    11.088 r  pll_inst/inst/plle2_adv_inst/CLKOUT1
                         net (fo=1, routed)           2.128    13.216    pll_inst/inst/clk_out2_pll
    BUFGCTRL_X0Y0        BUFG (Prop_bufg_I_O)         0.093    13.309 r  pll_inst/inst/clkout2_buf/O
                         net (fo=6000, routed)        1.638    14.947    student_top_inst/bridge_inst/seg_driver/clk_out2
    SLICE_X25Y92         FDCE                                         r  student_top_inst/bridge_inst/seg_driver/count_reg[4]/C
  -------------------------------------------------------------------    -------------------
    SLICE_X25Y92         FDCE (Prop_fdce_C_Q)         0.204    15.151 r  student_top_inst/bridge_inst/seg_driver/count_reg[4]/Q
                         net (fo=49, routed)          0.776    15.928    student_top_inst/bridge_inst/seg_driver/Q[0]
    SLICE_X40Y93         LUT3 (Prop_lut3_I1_O)        0.123    16.051 r  student_top_inst/bridge_inst/seg_driver/virtual_seg_OBUF[16]_inst_i_4/O
                         net (fo=7, routed)           0.742    16.793    student_top_inst/bridge_inst/seg_driver/virtual_seg_OBUF[16]_inst_i_4_n_0
    SLICE_X21Y96         LUT6 (Prop_lut6_I1_O)        0.043    16.836 r  student_top_inst/bridge_inst/seg_driver/virtual_seg_OBUF[10]_inst_i_1/O
                         net (fo=2, routed)           0.308    17.144    twin_controller_inst/virtual_seg_OBUF[9]
    SLICE_X21Y97         FDCE                                         r  twin_controller_inst/status_buffer_reg[1][2]/D
  -------------------------------------------------------------------    -------------------

                         (clock clk_out1_pll rise edge)
                                                     20.000    20.000 r  
    AD12                                              0.000    20.000 r  i_sys_clk_p (IN)
                         net (fo=0)                   0.000    20.000    pll_inst/inst/clk_in1_p
    AD12                 IBUFDS (Prop_ibufds_I_O)     0.803    20.803 r  pll_inst/inst/clkin1_ibufgds/O
                         net (fo=1, routed)           1.001    21.804    pll_inst/inst/clk_in1_pll
    PLLE2_ADV_X1Y1       PLLE2_ADV (Prop_plle2_adv_CLKIN1_CLKOUT0)
                                                     -7.261    14.543 r  pll_inst/inst/plle2_adv_inst/CLKOUT0
                         net (fo=1, routed)           2.003    16.546    pll_inst/inst/clk_out1_pll
    BUFGCTRL_X0Y1        BUFG (Prop_bufg_I_O)         0.083    16.629 r  pll_inst/inst/clkout1_buf/O
                         net (fo=386, routed)         1.505    18.134    twin_controller_inst/clk_out1
    SLICE_X21Y97         FDCE                                         r  twin_controller_inst/status_buffer_reg[1][2]/C
                         clock pessimism             -0.598    17.537    
                         clock uncertainty           -0.214    17.323    
    SLICE_X21Y97         FDCE (Setup_fdce_C_D)       -0.022    17.301    twin_controller_inst/status_buffer_reg[1][2]
  -------------------------------------------------------------------
                         required time                         17.301    
                         arrival time                         -17.144    
  -------------------------------------------------------------------
                         slack                                  0.157    

Slack (MET) :             0.167ns  (required time - arrival time)
  Source:                 student_top_inst/bridge_inst/seg_wdata_reg[8]/C
                            (rising edge-triggered cell FDRE clocked by clk_out2_pll  {rise@0.000ns fall@2.857ns period=5.714ns})
  Destination:            twin_controller_inst/status_buffer_reg[1][3]/D
                            (rising edge-triggered cell FDCE clocked by clk_out1_pll  {rise@0.000ns fall@10.000ns period=20.000ns})
  Path Group:             clk_out1_pll
  Path Type:              Setup (Max at Slow Process Corner)
  Requirement:            2.857ns  (clk_out1_pll rise@20.000ns - clk_out2_pll rise@17.143ns)
  Data Path Delay:        2.195ns  (logic 0.266ns (12.121%)  route 1.929ns (87.879%))
  Logic Levels:           1  (LUT6=1)
  Clock Path Skew:        -0.260ns (DCD - SCD + CPR)
    Destination Clock Delay (DCD):    -1.870ns = ( 18.130 - 20.000 ) 
    Source Clock Delay      (SCD):    -2.207ns = ( 14.935 - 17.143 ) 
    Clock Pessimism Removal (CPR):    -0.598ns
  Clock Uncertainty:      0.214ns  ((TSJ^2 + DJ^2)^1/2) / 2 + PE
    Total System Jitter     (TSJ):    0.071ns
    Discrete Jitter          (DJ):    0.174ns
    Phase Error              (PE):    0.120ns

    Location             Delay type                Incr(ns)  Path(ns)    Netlist Resource(s)
  -------------------------------------------------------------------    -------------------
                         (clock clk_out2_pll rise edge)
                                                     17.143    17.143 r  
    AD12                                              0.000    17.143 r  i_sys_clk_p (IN)
                         net (fo=0)                   0.000    17.143    pll_inst/inst/clk_in1_p
    AD12                 IBUFDS (Prop_ibufds_I_O)     0.906    18.048 r  pll_inst/inst/clkin1_ibufgds/O
                         net (fo=1, routed)           1.098    19.146    pll_inst/inst/clk_in1_pll
    PLLE2_ADV_X1Y1       PLLE2_ADV (Prop_plle2_adv_CLKIN1_CLKOUT1)
                                                     -8.058    11.088 r  pll_inst/inst/plle2_adv_inst/CLKOUT1
                         net (fo=1, routed)           2.128    13.216    pll_inst/inst/clk_out2_pll
    BUFGCTRL_X0Y0        BUFG (Prop_bufg_I_O)         0.093    13.309 r  pll_inst/inst/clkout2_buf/O
                         net (fo=6000, routed)        1.626    14.935    student_top_inst/bridge_inst/clk_out2
    SLICE_X49Y93         FDRE                                         r  student_top_inst/bridge_inst/seg_wdata_reg[8]/C
  -------------------------------------------------------------------    -------------------
    SLICE_X49Y93         FDRE (Prop_fdre_C_Q)         0.223    15.158 r  student_top_inst/bridge_inst/seg_wdata_reg[8]/Q
                         net (fo=8, routed)           1.566    16.724    student_top_inst/bridge_inst/seg_driver/status_buffer_reg[4][4][8]
    SLICE_X25Y96         LUT6 (Prop_lut6_I2_O)        0.043    16.767 r  student_top_inst/bridge_inst/seg_driver/virtual_seg_OBUF[11]_inst_i_1/O
                         net (fo=2, routed)           0.363    17.130    twin_controller_inst/virtual_seg_OBUF[10]
    SLICE_X25Y96         FDCE                                         r  twin_controller_inst/status_buffer_reg[1][3]/D
  -------------------------------------------------------------------    -------------------

                         (clock clk_out1_pll rise edge)
                                                     20.000    20.000 r  
    AD12                                              0.000    20.000 r  i_sys_clk_p (IN)
                         net (fo=0)                   0.000    20.000    pll_inst/inst/clk_in1_p
    AD12                 IBUFDS (Prop_ibufds_I_O)     0.803    20.803 r  pll_inst/inst/clkin1_ibufgds/O
                         net (fo=1, routed)           1.001    21.804    pll_inst/inst/clk_in1_pll
    PLLE2_ADV_X1Y1       PLLE2_ADV (Prop_plle2_adv_CLKIN1_CLKOUT0)
                                                     -7.261    14.543 r  pll_inst/inst/plle2_adv_inst/CLKOUT0
                         net (fo=1, routed)           2.003    16.546    pll_inst/inst/clk_out1_pll
    BUFGCTRL_X0Y1        BUFG (Prop_bufg_I_O)         0.083    16.629 r  pll_inst/inst/clkout1_buf/O
                         net (fo=386, routed)         1.501    18.130    twin_controller_inst/clk_out1
    SLICE_X25Y96         FDCE                                         r  twin_controller_inst/status_buffer_reg[1][3]/C
                         clock pessimism             -0.598    17.533    
                         clock uncertainty           -0.214    17.319    
    SLICE_X25Y96         FDCE (Setup_fdce_C_D)       -0.022    17.297    twin_controller_inst/status_buffer_reg[1][3]
  -------------------------------------------------------------------
                         required time                         17.297    
                         arrival time                         -17.130    
  -------------------------------------------------------------------
                         slack                                  0.167    

Slack (MET) :             0.186ns  (required time - arrival time)
  Source:                 student_top_inst/bridge_inst/seg_wdata_reg[1]/C
                            (rising edge-triggered cell FDRE clocked by clk_out2_pll  {rise@0.000ns fall@2.857ns period=5.714ns})
  Destination:            twin_controller_inst/status_buffer_reg[0][6]/D
                            (rising edge-triggered cell FDCE clocked by clk_out1_pll  {rise@0.000ns fall@10.000ns period=20.000ns})
  Path Group:             clk_out1_pll
  Path Type:              Setup (Max at Slow Process Corner)
  Requirement:            2.857ns  (clk_out1_pll rise@20.000ns - clk_out2_pll rise@17.143ns)
  Data Path Delay:        2.162ns  (logic 0.410ns (18.961%)  route 1.752ns (81.039%))
  Logic Levels:           2  (LUT3=1 LUT6=1)
  Clock Path Skew:        -0.264ns (DCD - SCD + CPR)
    Destination Clock Delay (DCD):    -1.871ns = ( 18.129 - 20.000 ) 
    Source Clock Delay      (SCD):    -2.204ns = ( 14.938 - 17.143 ) 
    Clock Pessimism Removal (CPR):    -0.598ns
  Clock Uncertainty:      0.214ns  ((TSJ^2 + DJ^2)^1/2) / 2 + PE
    Total System Jitter     (TSJ):    0.071ns
    Discrete Jitter          (DJ):    0.174ns
    Phase Error              (PE):    0.120ns

    Location             Delay type                Incr(ns)  Path(ns)    Netlist Resource(s)
  -------------------------------------------------------------------    -------------------
                         (clock clk_out2_pll rise edge)
                                                     17.143    17.143 r  
    AD12                                              0.000    17.143 r  i_sys_clk_p (IN)
                         net (fo=0)                   0.000    17.143    pll_inst/inst/clk_in1_p
    AD12                 IBUFDS (Prop_ibufds_I_O)     0.906    18.048 r  pll_inst/inst/clkin1_ibufgds/O
                         net (fo=1, routed)           1.098    19.146    pll_inst/inst/clk_in1_pll
    PLLE2_ADV_X1Y1       PLLE2_ADV (Prop_plle2_adv_CLKIN1_CLKOUT1)
                                                     -8.058    11.088 r  pll_inst/inst/plle2_adv_inst/CLKOUT1
                         net (fo=1, routed)           2.128    13.216    pll_inst/inst/clk_out2_pll
    BUFGCTRL_X0Y0        BUFG (Prop_bufg_I_O)         0.093    13.309 r  pll_inst/inst/clkout2_buf/O
                         net (fo=6000, routed)        1.629    14.938    student_top_inst/bridge_inst/clk_out2
    SLICE_X45Y94         FDRE                                         r  student_top_inst/bridge_inst/seg_wdata_reg[1]/C
  -------------------------------------------------------------------    -------------------
    SLICE_X45Y94         FDRE (Prop_fdre_C_Q)         0.223    15.161 r  student_top_inst/bridge_inst/seg_wdata_reg[1]/Q
                         net (fo=5, routed)           0.952    16.113    student_top_inst/bridge_inst/seg_driver/status_buffer_reg[4][4][1]
    SLICE_X29Y95         LUT3 (Prop_lut3_I0_O)        0.051    16.164 r  student_top_inst/bridge_inst/seg_driver/virtual_seg_OBUF[6]_inst_i_3/O
                         net (fo=4, routed)           0.347    16.511    student_top_inst/bridge_inst/seg_driver/virtual_seg_OBUF[6]_inst_i_3_n_0
    SLICE_X28Y97         LUT6 (Prop_lut6_I1_O)        0.136    16.647 r  student_top_inst/bridge_inst/seg_driver/virtual_seg_OBUF[6]_inst_i_1/O
                         net (fo=2, routed)           0.454    17.101    twin_controller_inst/virtual_seg_OBUF[6]
    SLICE_X28Y97         FDCE                                         r  twin_controller_inst/status_buffer_reg[0][6]/D
  -------------------------------------------------------------------    -------------------

                         (clock clk_out1_pll rise edge)
                                                     20.000    20.000 r  
    AD12                                              0.000    20.000 r  i_sys_clk_p (IN)
                         net (fo=0)                   0.000    20.000    pll_inst/inst/clk_in1_p
    AD12                 IBUFDS (Prop_ibufds_I_O)     0.803    20.803 r  pll_inst/inst/clkin1_ibufgds/O
                         net (fo=1, routed)           1.001    21.804    pll_inst/inst/clk_in1_pll
    PLLE2_ADV_X1Y1       PLLE2_ADV (Prop_plle2_adv_CLKIN1_CLKOUT0)
                                                     -7.261    14.543 r  pll_inst/inst/plle2_adv_inst/CLKOUT0
                         net (fo=1, routed)           2.003    16.546    pll_inst/inst/clk_out1_pll
    BUFGCTRL_X0Y1        BUFG (Prop_bufg_I_O)         0.083    16.629 r  pll_inst/inst/clkout1_buf/O
                         net (fo=386, routed)         1.500    18.129    twin_controller_inst/clk_out1
    SLICE_X28Y97         FDCE                                         r  twin_controller_inst/status_buffer_reg[0][6]/C
                         clock pessimism             -0.598    17.532    
                         clock uncertainty           -0.214    17.318    
    SLICE_X28Y97         FDCE (Setup_fdce_C_D)       -0.031    17.287    twin_controller_inst/status_buffer_reg[0][6]
  -------------------------------------------------------------------
                         required time                         17.287    
                         arrival time                         -17.101    
  -------------------------------------------------------------------
                         slack                                  0.186    

Slack (MET) :             0.187ns  (required time - arrival time)
  Source:                 student_top_inst/bridge_inst/seg_driver/count_reg[4]/C
                            (rising edge-triggered cell FDCE clocked by clk_out2_pll  {rise@0.000ns fall@2.857ns period=5.714ns})
  Destination:            twin_controller_inst/status_buffer_reg[2][4]/D
                            (rising edge-triggered cell FDCE clocked by clk_out1_pll  {rise@0.000ns fall@10.000ns period=20.000ns})
  Path Group:             clk_out1_pll
  Path Type:              Setup (Max at Slow Process Corner)
  Requirement:            2.857ns  (clk_out1_pll rise@20.000ns - clk_out2_pll rise@17.143ns)
  Data Path Delay:        2.251ns  (logic 0.469ns (20.836%)  route 1.782ns (79.164%))
  Logic Levels:           2  (LUT3=1 LUT6=1)
  Clock Path Skew:        -0.269ns (DCD - SCD + CPR)
    Destination Clock Delay (DCD):    -1.867ns = ( 18.133 - 20.000 ) 
    Source Clock Delay      (SCD):    -2.195ns = ( 14.947 - 17.143 ) 
    Clock Pessimism Removal (CPR):    -0.598ns
  Clock Uncertainty:      0.214ns  ((TSJ^2 + DJ^2)^1/2) / 2 + PE
    Total System Jitter     (TSJ):    0.071ns
    Discrete Jitter          (DJ):    0.174ns
    Phase Error              (PE):    0.120ns

    Location             Delay type                Incr(ns)  Path(ns)    Netlist Resource(s)
  -------------------------------------------------------------------    -------------------
                         (clock clk_out2_pll rise edge)
                                                     17.143    17.143 r  
    AD12                                              0.000    17.143 r  i_sys_clk_p (IN)
                         net (fo=0)                   0.000    17.143    pll_inst/inst/clk_in1_p
    AD12                 IBUFDS (Prop_ibufds_I_O)     0.906    18.048 r  pll_inst/inst/clkin1_ibufgds/O
                         net (fo=1, routed)           1.098    19.146    pll_inst/inst/clk_in1_pll
    PLLE2_ADV_X1Y1       PLLE2_ADV (Prop_plle2_adv_CLKIN1_CLKOUT1)
                                                     -8.058    11.088 r  pll_inst/inst/plle2_adv_inst/CLKOUT1
                         net (fo=1, routed)           2.128    13.216    pll_inst/inst/clk_out2_pll
    BUFGCTRL_X0Y0        BUFG (Prop_bufg_I_O)         0.093    13.309 r  pll_inst/inst/clkout2_buf/O
                         net (fo=6000, routed)        1.638    14.947    student_top_inst/bridge_inst/seg_driver/clk_out2
    SLICE_X25Y92         FDCE                                         r  student_top_inst/bridge_inst/seg_driver/count_reg[4]/C
  -------------------------------------------------------------------    -------------------
    SLICE_X25Y92         FDCE (Prop_fdce_C_Q)         0.204    15.151 r  student_top_inst/bridge_inst/seg_driver/count_reg[4]/Q
                         net (fo=49, routed)          0.776    15.928    student_top_inst/bridge_inst/seg_driver/Q[0]
    SLICE_X40Y93         LUT3 (Prop_lut3_I1_O)        0.129    16.057 r  student_top_inst/bridge_inst/seg_driver/virtual_seg_OBUF[26]_inst_i_4/O
                         net (fo=7, routed)           1.006    17.062    student_top_inst/bridge_inst/seg_driver/virtual_seg_OBUF[26]_inst_i_4_n_0
    SLICE_X22Y93         LUT6 (Prop_lut6_I1_O)        0.136    17.198 r  student_top_inst/bridge_inst/seg_driver/virtual_seg_OBUF[20]_inst_i_1/O
                         net (fo=2, routed)           0.000    17.198    twin_controller_inst/virtual_seg_OBUF[16]
    SLICE_X22Y93         FDCE                                         r  twin_controller_inst/status_buffer_reg[2][4]/D
  -------------------------------------------------------------------    -------------------

                         (clock clk_out1_pll rise edge)
                                                     20.000    20.000 r  
    AD12                                              0.000    20.000 r  i_sys_clk_p (IN)
                         net (fo=0)                   0.000    20.000    pll_inst/inst/clk_in1_p
    AD12                 IBUFDS (Prop_ibufds_I_O)     0.803    20.803 r  pll_inst/inst/clkin1_ibufgds/O
                         net (fo=1, routed)           1.001    21.804    pll_inst/inst/clk_in1_pll
    PLLE2_ADV_X1Y1       PLLE2_ADV (Prop_plle2_adv_CLKIN1_CLKOUT0)
                                                     -7.261    14.543 r  pll_inst/inst/plle2_adv_inst/CLKOUT0
                         net (fo=1, routed)           2.003    16.546    pll_inst/inst/clk_out1_pll
    BUFGCTRL_X0Y1        BUFG (Prop_bufg_I_O)         0.083    16.629 r  pll_inst/inst/clkout1_buf/O
                         net (fo=386, routed)         1.504    18.133    twin_controller_inst/clk_out1
    SLICE_X22Y93         FDCE                                         r  twin_controller_inst/status_buffer_reg[2][4]/C
                         clock pessimism             -0.598    17.536    
                         clock uncertainty           -0.214    17.322    
    SLICE_X22Y93         FDCE (Setup_fdce_C_D)        0.064    17.386    twin_controller_inst/status_buffer_reg[2][4]
  -------------------------------------------------------------------
                         required time                         17.386    
                         arrival time                         -17.198    
  -------------------------------------------------------------------
                         slack                                  0.187    

Slack (MET) :             0.240ns  (required time - arrival time)
  Source:                 student_top_inst/bridge_inst/seg_driver/count_reg[4]/C
                            (rising edge-triggered cell FDCE clocked by clk_out2_pll  {rise@0.000ns fall@2.857ns period=5.714ns})
  Destination:            twin_controller_inst/status_buffer_reg[0][3]/D
                            (rising edge-triggered cell FDCE clocked by clk_out1_pll  {rise@0.000ns fall@10.000ns period=20.000ns})
  Path Group:             clk_out1_pll
  Path Type:              Setup (Max at Slow Process Corner)
  Requirement:            2.857ns  (clk_out1_pll rise@20.000ns - clk_out2_pll rise@17.143ns)
  Data Path Delay:        2.099ns  (logic 0.370ns (17.626%)  route 1.729ns (82.374%))
  Logic Levels:           2  (LUT3=1 LUT6=1)
  Clock Path Skew:        -0.273ns (DCD - SCD + CPR)
    Destination Clock Delay (DCD):    -1.871ns = ( 18.129 - 20.000 ) 
    Source Clock Delay      (SCD):    -2.195ns = ( 14.947 - 17.143 ) 
    Clock Pessimism Removal (CPR):    -0.598ns
  Clock Uncertainty:      0.214ns  ((TSJ^2 + DJ^2)^1/2) / 2 + PE
    Total System Jitter     (TSJ):    0.071ns
    Discrete Jitter          (DJ):    0.174ns
    Phase Error              (PE):    0.120ns

    Location             Delay type                Incr(ns)  Path(ns)    Netlist Resource(s)
  -------------------------------------------------------------------    -------------------
                         (clock clk_out2_pll rise edge)
                                                     17.143    17.143 r  
    AD12                                              0.000    17.143 r  i_sys_clk_p (IN)
                         net (fo=0)                   0.000    17.143    pll_inst/inst/clk_in1_p
    AD12                 IBUFDS (Prop_ibufds_I_O)     0.906    18.048 r  pll_inst/inst/clkin1_ibufgds/O
                         net (fo=1, routed)           1.098    19.146    pll_inst/inst/clk_in1_pll
    PLLE2_ADV_X1Y1       PLLE2_ADV (Prop_plle2_adv_CLKIN1_CLKOUT1)
                                                     -8.058    11.088 r  pll_inst/inst/plle2_adv_inst/CLKOUT1
                         net (fo=1, routed)           2.128    13.216    pll_inst/inst/clk_out2_pll
    BUFGCTRL_X0Y0        BUFG (Prop_bufg_I_O)         0.093    13.309 r  pll_inst/inst/clkout2_buf/O
                         net (fo=6000, routed)        1.638    14.947    student_top_inst/bridge_inst/seg_driver/clk_out2
    SLICE_X25Y92         FDCE                                         r  student_top_inst/bridge_inst/seg_driver/count_reg[4]/C
  -------------------------------------------------------------------    -------------------
    SLICE_X25Y92         FDCE (Prop_fdce_C_Q)         0.204    15.151 r  student_top_inst/bridge_inst/seg_driver/count_reg[4]/Q
                         net (fo=49, routed)          0.605    15.757    student_top_inst/bridge_inst/seg_driver/Q[0]
    SLICE_X42Y94         LUT3 (Prop_lut3_I1_O)        0.123    15.880 r  student_top_inst/bridge_inst/seg_driver/virtual_seg_OBUF[6]_inst_i_2/O
                         net (fo=7, routed)           0.646    16.525    student_top_inst/bridge_inst/seg_driver/virtual_seg_OBUF[6]_inst_i_2_n_0
    SLICE_X29Y95         LUT6 (Prop_lut6_I0_O)        0.043    16.568 r  student_top_inst/bridge_inst/seg_driver/virtual_seg_OBUF[3]_inst_i_1/O
                         net (fo=2, routed)           0.478    17.047    twin_controller_inst/virtual_seg_OBUF[3]
    SLICE_X29Y95         FDCE                                         r  twin_controller_inst/status_buffer_reg[0][3]/D
  -------------------------------------------------------------------    -------------------

                         (clock clk_out1_pll rise edge)
                                                     20.000    20.000 r  
    AD12                                              0.000    20.000 r  i_sys_clk_p (IN)
                         net (fo=0)                   0.000    20.000    pll_inst/inst/clk_in1_p
    AD12                 IBUFDS (Prop_ibufds_I_O)     0.803    20.803 r  pll_inst/inst/clkin1_ibufgds/O
                         net (fo=1, routed)           1.001    21.804    pll_inst/inst/clk_in1_pll
    PLLE2_ADV_X1Y1       PLLE2_ADV (Prop_plle2_adv_CLKIN1_CLKOUT0)
                                                     -7.261    14.543 r  pll_inst/inst/plle2_adv_inst/CLKOUT0
                         net (fo=1, routed)           2.003    16.546    pll_inst/inst/clk_out1_pll
    BUFGCTRL_X0Y1        BUFG (Prop_bufg_I_O)         0.083    16.629 r  pll_inst/inst/clkout1_buf/O
                         net (fo=386, routed)         1.500    18.129    twin_controller_inst/clk_out1
    SLICE_X29Y95         FDCE                                         r  twin_controller_inst/status_buffer_reg[0][3]/C
                         clock pessimism             -0.598    17.532    
                         clock uncertainty           -0.214    17.318    
    SLICE_X29Y95         FDCE (Setup_fdce_C_D)       -0.031    17.287    twin_controller_inst/status_buffer_reg[0][3]
  -------------------------------------------------------------------
                         required time                         17.287    
                         arrival time                         -17.047    
  -------------------------------------------------------------------
                         slack                                  0.240    

Slack (MET) :             0.259ns  (required time - arrival time)
  Source:                 student_top_inst/bridge_inst/seg_driver/count_reg[4]/C
                            (rising edge-triggered cell FDCE clocked by clk_out2_pll  {rise@0.000ns fall@2.857ns period=5.714ns})
  Destination:            twin_controller_inst/status_buffer_reg[0][5]/D
                            (rising edge-triggered cell FDCE clocked by clk_out1_pll  {rise@0.000ns fall@10.000ns period=20.000ns})
  Path Group:             clk_out1_pll
  Path Type:              Setup (Max at Slow Process Corner)
  Requirement:            2.857ns  (clk_out1_pll rise@20.000ns - clk_out2_pll rise@17.143ns)
  Data Path Delay:        2.103ns  (logic 0.464ns (22.065%)  route 1.639ns (77.935%))
  Logic Levels:           2  (LUT3=1 LUT6=1)
  Clock Path Skew:        -0.273ns (DCD - SCD + CPR)
    Destination Clock Delay (DCD):    -1.871ns = ( 18.129 - 20.000 ) 
    Source Clock Delay      (SCD):    -2.195ns = ( 14.947 - 17.143 ) 
    Clock Pessimism Removal (CPR):    -0.598ns
  Clock Uncertainty:      0.214ns  ((TSJ^2 + DJ^2)^1/2) / 2 + PE
    Total System Jitter     (TSJ):    0.071ns
    Discrete Jitter          (DJ):    0.174ns
    Phase Error              (PE):    0.120ns

    Location             Delay type                Incr(ns)  Path(ns)    Netlist Resource(s)
  -------------------------------------------------------------------    -------------------
                         (clock clk_out2_pll rise edge)
                                                     17.143    17.143 r  
    AD12                                              0.000    17.143 r  i_sys_clk_p (IN)
                         net (fo=0)                   0.000    17.143    pll_inst/inst/clk_in1_p
    AD12                 IBUFDS (Prop_ibufds_I_O)     0.906    18.048 r  pll_inst/inst/clkin1_ibufgds/O
                         net (fo=1, routed)           1.098    19.146    pll_inst/inst/clk_in1_pll
    PLLE2_ADV_X1Y1       PLLE2_ADV (Prop_plle2_adv_CLKIN1_CLKOUT1)
                                                     -8.058    11.088 r  pll_inst/inst/plle2_adv_inst/CLKOUT1
                         net (fo=1, routed)           2.128    13.216    pll_inst/inst/clk_out2_pll
    BUFGCTRL_X0Y0        BUFG (Prop_bufg_I_O)         0.093    13.309 r  pll_inst/inst/clkout2_buf/O
                         net (fo=6000, routed)        1.638    14.947    student_top_inst/bridge_inst/seg_driver/clk_out2
    SLICE_X25Y92         FDCE                                         r  student_top_inst/bridge_inst/seg_driver/count_reg[4]/C
  -------------------------------------------------------------------    -------------------
    SLICE_X25Y92         FDCE (Prop_fdce_C_Q)         0.204    15.151 r  student_top_inst/bridge_inst/seg_driver/count_reg[4]/Q
                         net (fo=49, routed)          0.605    15.757    student_top_inst/bridge_inst/seg_driver/Q[0]
    SLICE_X42Y94         LUT3 (Prop_lut3_I1_O)        0.126    15.883 r  student_top_inst/bridge_inst/seg_driver/virtual_seg_OBUF[6]_inst_i_4/O
                         net (fo=7, routed)           0.671    16.554    student_top_inst/bridge_inst/seg_driver/virtual_seg_OBUF[6]_inst_i_4_n_0
    SLICE_X28Y97         LUT6 (Prop_lut6_I3_O)        0.134    16.688 r  student_top_inst/bridge_inst/seg_driver/virtual_seg_OBUF[5]_inst_i_1/O
                         net (fo=2, routed)           0.362    17.050    twin_controller_inst/virtual_seg_OBUF[5]
    SLICE_X30Y96         FDCE                                         r  twin_controller_inst/status_buffer_reg[0][5]/D
  -------------------------------------------------------------------    -------------------

                         (clock clk_out1_pll rise edge)
                                                     20.000    20.000 r  
    AD12                                              0.000    20.000 r  i_sys_clk_p (IN)
                         net (fo=0)                   0.000    20.000    pll_inst/inst/clk_in1_p
    AD12                 IBUFDS (Prop_ibufds_I_O)     0.803    20.803 r  pll_inst/inst/clkin1_ibufgds/O
                         net (fo=1, routed)           1.001    21.804    pll_inst/inst/clk_in1_pll
    PLLE2_ADV_X1Y1       PLLE2_ADV (Prop_plle2_adv_CLKIN1_CLKOUT0)
                                                     -7.261    14.543 r  pll_inst/inst/plle2_adv_inst/CLKOUT0
                         net (fo=1, routed)           2.003    16.546    pll_inst/inst/clk_out1_pll
    BUFGCTRL_X0Y1        BUFG (Prop_bufg_I_O)         0.083    16.629 r  pll_inst/inst/clkout1_buf/O
                         net (fo=386, routed)         1.500    18.129    twin_controller_inst/clk_out1
    SLICE_X30Y96         FDCE                                         r  twin_controller_inst/status_buffer_reg[0][5]/C
                         clock pessimism             -0.598    17.532    
                         clock uncertainty           -0.214    17.318    
    SLICE_X30Y96         FDCE (Setup_fdce_C_D)       -0.009    17.309    twin_controller_inst/status_buffer_reg[0][5]
  -------------------------------------------------------------------
                         required time                         17.309    
                         arrival time                         -17.050    
  -------------------------------------------------------------------
                         slack                                  0.259    

Slack (MET) :             0.264ns  (required time - arrival time)
  Source:                 student_top_inst/bridge_inst/seg_driver/count_reg[4]/C
                            (rising edge-triggered cell FDCE clocked by clk_out2_pll  {rise@0.000ns fall@2.857ns period=5.714ns})
  Destination:            twin_controller_inst/status_buffer_reg[0][0]/D
                            (rising edge-triggered cell FDCE clocked by clk_out1_pll  {rise@0.000ns fall@10.000ns period=20.000ns})
  Path Group:             clk_out1_pll
  Path Type:              Setup (Max at Slow Process Corner)
  Requirement:            2.857ns  (clk_out1_pll rise@20.000ns - clk_out2_pll rise@17.143ns)
  Data Path Delay:        2.084ns  (logic 0.464ns (22.263%)  route 1.620ns (77.737%))
  Logic Levels:           2  (LUT3=1 LUT6=1)
  Clock Path Skew:        -0.273ns (DCD - SCD + CPR)
    Destination Clock Delay (DCD):    -1.871ns = ( 18.129 - 20.000 ) 
    Source Clock Delay      (SCD):    -2.195ns = ( 14.947 - 17.143 ) 
    Clock Pessimism Removal (CPR):    -0.598ns
  Clock Uncertainty:      0.214ns  ((TSJ^2 + DJ^2)^1/2) / 2 + PE
    Total System Jitter     (TSJ):    0.071ns
    Discrete Jitter          (DJ):    0.174ns
    Phase Error              (PE):    0.120ns

    Location             Delay type                Incr(ns)  Path(ns)    Netlist Resource(s)
  -------------------------------------------------------------------    -------------------
                         (clock clk_out2_pll rise edge)
                                                     17.143    17.143 r  
    AD12                                              0.000    17.143 r  i_sys_clk_p (IN)
                         net (fo=0)                   0.000    17.143    pll_inst/inst/clk_in1_p
    AD12                 IBUFDS (Prop_ibufds_I_O)     0.906    18.048 r  pll_inst/inst/clkin1_ibufgds/O
                         net (fo=1, routed)           1.098    19.146    pll_inst/inst/clk_in1_pll
    PLLE2_ADV_X1Y1       PLLE2_ADV (Prop_plle2_adv_CLKIN1_CLKOUT1)
                                                     -8.058    11.088 r  pll_inst/inst/plle2_adv_inst/CLKOUT1
                         net (fo=1, routed)           2.128    13.216    pll_inst/inst/clk_out2_pll
    BUFGCTRL_X0Y0        BUFG (Prop_bufg_I_O)         0.093    13.309 r  pll_inst/inst/clkout2_buf/O
                         net (fo=6000, routed)        1.638    14.947    student_top_inst/bridge_inst/seg_driver/clk_out2
    SLICE_X25Y92         FDCE                                         r  student_top_inst/bridge_inst/seg_driver/count_reg[4]/C
  -------------------------------------------------------------------    -------------------
    SLICE_X25Y92         FDCE (Prop_fdce_C_Q)         0.204    15.151 r  student_top_inst/bridge_inst/seg_driver/count_reg[4]/Q
                         net (fo=49, routed)          0.605    15.757    student_top_inst/bridge_inst/seg_driver/Q[0]
    SLICE_X42Y94         LUT3 (Prop_lut3_I1_O)        0.126    15.883 r  student_top_inst/bridge_inst/seg_driver/virtual_seg_OBUF[6]_inst_i_4/O
                         net (fo=7, routed)           0.652    16.535    student_top_inst/bridge_inst/seg_driver/virtual_seg_OBUF[6]_inst_i_4_n_0
    SLICE_X29Y95         LUT6 (Prop_lut6_I1_O)        0.134    16.669 r  student_top_inst/bridge_inst/seg_driver/virtual_seg_OBUF[0]_inst_i_1/O
                         net (fo=2, routed)           0.363    17.032    twin_controller_inst/virtual_seg_OBUF[0]
    SLICE_X29Y95         FDCE                                         r  twin_controller_inst/status_buffer_reg[0][0]/D
  -------------------------------------------------------------------    -------------------

                         (clock clk_out1_pll rise edge)
                                                     20.000    20.000 r  
    AD12                                              0.000    20.000 r  i_sys_clk_p (IN)
                         net (fo=0)                   0.000    20.000    pll_inst/inst/clk_in1_p
    AD12                 IBUFDS (Prop_ibufds_I_O)     0.803    20.803 r  pll_inst/inst/clkin1_ibufgds/O
                         net (fo=1, routed)           1.001    21.804    pll_inst/inst/clk_in1_pll
    PLLE2_ADV_X1Y1       PLLE2_ADV (Prop_plle2_adv_CLKIN1_CLKOUT0)
                                                     -7.261    14.543 r  pll_inst/inst/plle2_adv_inst/CLKOUT0
                         net (fo=1, routed)           2.003    16.546    pll_inst/inst/clk_out1_pll
    BUFGCTRL_X0Y1        BUFG (Prop_bufg_I_O)         0.083    16.629 r  pll_inst/inst/clkout1_buf/O
                         net (fo=386, routed)         1.500    18.129    twin_controller_inst/clk_out1
    SLICE_X29Y95         FDCE                                         r  twin_controller_inst/status_buffer_reg[0][0]/C
                         clock pessimism             -0.598    17.532    
                         clock uncertainty           -0.214    17.318    
    SLICE_X29Y95         FDCE (Setup_fdce_C_D)       -0.022    17.296    twin_controller_inst/status_buffer_reg[0][0]
  -------------------------------------------------------------------
                         required time                         17.296    
                         arrival time                         -17.032    
  -------------------------------------------------------------------
                         slack                                  0.264    

Slack (MET) :             0.267ns  (required time - arrival time)
  Source:                 student_top_inst/bridge_inst/seg_wdata_reg[1]/C
                            (rising edge-triggered cell FDRE clocked by clk_out2_pll  {rise@0.000ns fall@2.857ns period=5.714ns})
  Destination:            twin_controller_inst/status_buffer_reg[0][4]/D
                            (rising edge-triggered cell FDCE clocked by clk_out1_pll  {rise@0.000ns fall@10.000ns period=20.000ns})
  Path Group:             clk_out1_pll
  Path Type:              Setup (Max at Slow Process Corner)
  Requirement:            2.857ns  (clk_out1_pll rise@20.000ns - clk_out2_pll rise@17.143ns)
  Data Path Delay:        2.091ns  (logic 0.410ns (19.607%)  route 1.681ns (80.393%))
  Logic Levels:           2  (LUT3=1 LUT6=1)
  Clock Path Skew:        -0.263ns (DCD - SCD + CPR)
    Destination Clock Delay (DCD):    -1.870ns = ( 18.130 - 20.000 ) 
    Source Clock Delay      (SCD):    -2.204ns = ( 14.938 - 17.143 ) 
    Clock Pessimism Removal (CPR):    -0.598ns
  Clock Uncertainty:      0.214ns  ((TSJ^2 + DJ^2)^1/2) / 2 + PE
    Total System Jitter     (TSJ):    0.071ns
    Discrete Jitter          (DJ):    0.174ns
    Phase Error              (PE):    0.120ns

    Location             Delay type                Incr(ns)  Path(ns)    Netlist Resource(s)
  -------------------------------------------------------------------    -------------------
                         (clock clk_out2_pll rise edge)
                                                     17.143    17.143 r  
    AD12                                              0.000    17.143 r  i_sys_clk_p (IN)
                         net (fo=0)                   0.000    17.143    pll_inst/inst/clk_in1_p
    AD12                 IBUFDS (Prop_ibufds_I_O)     0.906    18.048 r  pll_inst/inst/clkin1_ibufgds/O
                         net (fo=1, routed)           1.098    19.146    pll_inst/inst/clk_in1_pll
    PLLE2_ADV_X1Y1       PLLE2_ADV (Prop_plle2_adv_CLKIN1_CLKOUT1)
                                                     -8.058    11.088 r  pll_inst/inst/plle2_adv_inst/CLKOUT1
                         net (fo=1, routed)           2.128    13.216    pll_inst/inst/clk_out2_pll
    BUFGCTRL_X0Y0        BUFG (Prop_bufg_I_O)         0.093    13.309 r  pll_inst/inst/clkout2_buf/O
                         net (fo=6000, routed)        1.629    14.938    student_top_inst/bridge_inst/clk_out2
    SLICE_X45Y94         FDRE                                         r  student_top_inst/bridge_inst/seg_wdata_reg[1]/C
  -------------------------------------------------------------------    -------------------
    SLICE_X45Y94         FDRE (Prop_fdre_C_Q)         0.223    15.161 r  student_top_inst/bridge_inst/seg_wdata_reg[1]/Q
                         net (fo=5, routed)           0.952    16.113    student_top_inst/bridge_inst/seg_driver/status_buffer_reg[4][4][1]
    SLICE_X29Y95         LUT3 (Prop_lut3_I0_O)        0.051    16.164 r  student_top_inst/bridge_inst/seg_driver/virtual_seg_OBUF[6]_inst_i_3/O
                         net (fo=4, routed)           0.345    16.509    student_top_inst/bridge_inst/seg_driver/virtual_seg_OBUF[6]_inst_i_3_n_0
    SLICE_X28Y97         LUT6 (Prop_lut6_I3_O)        0.136    16.645 r  student_top_inst/bridge_inst/seg_driver/virtual_seg_OBUF[4]_inst_i_1/O
                         net (fo=2, routed)           0.385    17.030    twin_controller_inst/virtual_seg_OBUF[4]
    SLICE_X26Y97         FDCE                                         r  twin_controller_inst/status_buffer_reg[0][4]/D
  -------------------------------------------------------------------    -------------------

                         (clock clk_out1_pll rise edge)
                                                     20.000    20.000 r  
    AD12                                              0.000    20.000 r  i_sys_clk_p (IN)
                         net (fo=0)                   0.000    20.000    pll_inst/inst/clk_in1_p
    AD12                 IBUFDS (Prop_ibufds_I_O)     0.803    20.803 r  pll_inst/inst/clkin1_ibufgds/O
                         net (fo=1, routed)           1.001    21.804    pll_inst/inst/clk_in1_pll
    PLLE2_ADV_X1Y1       PLLE2_ADV (Prop_plle2_adv_CLKIN1_CLKOUT0)
                                                     -7.261    14.543 r  pll_inst/inst/plle2_adv_inst/CLKOUT0
                         net (fo=1, routed)           2.003    16.546    pll_inst/inst/clk_out1_pll
    BUFGCTRL_X0Y1        BUFG (Prop_bufg_I_O)         0.083    16.629 r  pll_inst/inst/clkout1_buf/O
                         net (fo=386, routed)         1.501    18.130    twin_controller_inst/clk_out1
    SLICE_X26Y97         FDCE                                         r  twin_controller_inst/status_buffer_reg[0][4]/C
                         clock pessimism             -0.598    17.533    
                         clock uncertainty           -0.214    17.319    
    SLICE_X26Y97         FDCE (Setup_fdce_C_D)       -0.022    17.297    twin_controller_inst/status_buffer_reg[0][4]
  -------------------------------------------------------------------
                         required time                         17.297    
                         arrival time                         -17.030    
  -------------------------------------------------------------------
                         slack                                  0.267    

Slack (MET) :             0.314ns  (required time - arrival time)
  Source:                 student_top_inst/bridge_inst/seg_driver/count_reg[4]/C
                            (rising edge-triggered cell FDCE clocked by clk_out2_pll  {rise@0.000ns fall@2.857ns period=5.714ns})
  Destination:            twin_controller_inst/status_buffer_reg[0][1]/D
                            (rising edge-triggered cell FDCE clocked by clk_out1_pll  {rise@0.000ns fall@10.000ns period=20.000ns})
  Path Group:             clk_out1_pll
  Path Type:              Setup (Max at Slow Process Corner)
  Requirement:            2.857ns  (clk_out1_pll rise@20.000ns - clk_out2_pll rise@17.143ns)
  Data Path Delay:        2.035ns  (logic 0.464ns (22.802%)  route 1.571ns (77.198%))
  Logic Levels:           2  (LUT3=1 LUT6=1)
  Clock Path Skew:        -0.272ns (DCD - SCD + CPR)
    Destination Clock Delay (DCD):    -1.870ns = ( 18.130 - 20.000 ) 
    Source Clock Delay      (SCD):    -2.195ns = ( 14.947 - 17.143 ) 
    Clock Pessimism Removal (CPR):    -0.598ns
  Clock Uncertainty:      0.214ns  ((TSJ^2 + DJ^2)^1/2) / 2 + PE
    Total System Jitter     (TSJ):    0.071ns
    Discrete Jitter          (DJ):    0.174ns
    Phase Error              (PE):    0.120ns

    Location             Delay type                Incr(ns)  Path(ns)    Netlist Resource(s)
  -------------------------------------------------------------------    -------------------
                         (clock clk_out2_pll rise edge)
                                                     17.143    17.143 r  
    AD12                                              0.000    17.143 r  i_sys_clk_p (IN)
                         net (fo=0)                   0.000    17.143    pll_inst/inst/clk_in1_p
    AD12                 IBUFDS (Prop_ibufds_I_O)     0.906    18.048 r  pll_inst/inst/clkin1_ibufgds/O
                         net (fo=1, routed)           1.098    19.146    pll_inst/inst/clk_in1_pll
    PLLE2_ADV_X1Y1       PLLE2_ADV (Prop_plle2_adv_CLKIN1_CLKOUT1)
                                                     -8.058    11.088 r  pll_inst/inst/plle2_adv_inst/CLKOUT1
                         net (fo=1, routed)           2.128    13.216    pll_inst/inst/clk_out2_pll
    BUFGCTRL_X0Y0        BUFG (Prop_bufg_I_O)         0.093    13.309 r  pll_inst/inst/clkout2_buf/O
                         net (fo=6000, routed)        1.638    14.947    student_top_inst/bridge_inst/seg_driver/clk_out2
    SLICE_X25Y92         FDCE                                         r  student_top_inst/bridge_inst/seg_driver/count_reg[4]/C
  -------------------------------------------------------------------    -------------------
    SLICE_X25Y92         FDCE (Prop_fdce_C_Q)         0.204    15.151 r  student_top_inst/bridge_inst/seg_driver/count_reg[4]/Q
                         net (fo=49, routed)          0.605    15.757    student_top_inst/bridge_inst/seg_driver/Q[0]
    SLICE_X42Y94         LUT3 (Prop_lut3_I1_O)        0.126    15.883 f  student_top_inst/bridge_inst/seg_driver/virtual_seg_OBUF[6]_inst_i_4/O
                         net (fo=7, routed)           0.568    16.450    student_top_inst/bridge_inst/seg_driver/virtual_seg_OBUF[6]_inst_i_4_n_0
    SLICE_X29Y95         LUT6 (Prop_lut6_I1_O)        0.134    16.584 r  student_top_inst/bridge_inst/seg_driver/virtual_seg_OBUF[1]_inst_i_1/O
                         net (fo=2, routed)           0.398    16.982    twin_controller_inst/virtual_seg_OBUF[1]
    SLICE_X27Y95         FDCE                                         r  twin_controller_inst/status_buffer_reg[0][1]/D
  -------------------------------------------------------------------    -------------------

                         (clock clk_out1_pll rise edge)
                                                     20.000    20.000 r  
    AD12                                              0.000    20.000 r  i_sys_clk_p (IN)
                         net (fo=0)                   0.000    20.000    pll_inst/inst/clk_in1_p
    AD12                 IBUFDS (Prop_ibufds_I_O)     0.803    20.803 r  pll_inst/inst/clkin1_ibufgds/O
                         net (fo=1, routed)           1.001    21.804    pll_inst/inst/clk_in1_pll
    PLLE2_ADV_X1Y1       PLLE2_ADV (Prop_plle2_adv_CLKIN1_CLKOUT0)
                                                     -7.261    14.543 r  pll_inst/inst/plle2_adv_inst/CLKOUT0
                         net (fo=1, routed)           2.003    16.546    pll_inst/inst/clk_out1_pll
    BUFGCTRL_X0Y1        BUFG (Prop_bufg_I_O)         0.083    16.629 r  pll_inst/inst/clkout1_buf/O
                         net (fo=386, routed)         1.501    18.130    twin_controller_inst/clk_out1
    SLICE_X27Y95         FDCE                                         r  twin_controller_inst/status_buffer_reg[0][1]/C
                         clock pessimism             -0.598    17.533    
                         clock uncertainty           -0.214    17.319    
    SLICE_X27Y95         FDCE (Setup_fdce_C_D)       -0.022    17.297    twin_controller_inst/status_buffer_reg[0][1]
  -------------------------------------------------------------------
                         required time                         17.297    
                         arrival time                         -16.982    
  -------------------------------------------------------------------
                         slack                                  0.314    

Slack (MET) :             0.356ns  (required time - arrival time)
  Source:                 student_top_inst/bridge_inst/seg_driver/count_reg[4]/C
                            (rising edge-triggered cell FDCE clocked by clk_out2_pll  {rise@0.000ns fall@2.857ns period=5.714ns})
  Destination:            twin_controller_inst/status_buffer_reg[0][2]/D
                            (rising edge-triggered cell FDCE clocked by clk_out1_pll  {rise@0.000ns fall@10.000ns period=20.000ns})
  Path Group:             clk_out1_pll
  Path Type:              Setup (Max at Slow Process Corner)
  Requirement:            2.857ns  (clk_out1_pll rise@20.000ns - clk_out2_pll rise@17.143ns)
  Data Path Delay:        2.048ns  (logic 0.327ns (15.965%)  route 1.721ns (84.035%))
  Logic Levels:           1  (LUT6=1)
  Clock Path Skew:        -0.273ns (DCD - SCD + CPR)
    Destination Clock Delay (DCD):    -1.871ns = ( 18.129 - 20.000 ) 
    Source Clock Delay      (SCD):    -2.195ns = ( 14.947 - 17.143 ) 
    Clock Pessimism Removal (CPR):    -0.598ns
  Clock Uncertainty:      0.214ns  ((TSJ^2 + DJ^2)^1/2) / 2 + PE
    Total System Jitter     (TSJ):    0.071ns
    Discrete Jitter          (DJ):    0.174ns
    Phase Error              (PE):    0.120ns

    Location             Delay type                Incr(ns)  Path(ns)    Netlist Resource(s)
  -------------------------------------------------------------------    -------------------
                         (clock clk_out2_pll rise edge)
                                                     17.143    17.143 r  
    AD12                                              0.000    17.143 r  i_sys_clk_p (IN)
                         net (fo=0)                   0.000    17.143    pll_inst/inst/clk_in1_p
    AD12                 IBUFDS (Prop_ibufds_I_O)     0.906    18.048 r  pll_inst/inst/clkin1_ibufgds/O
                         net (fo=1, routed)           1.098    19.146    pll_inst/inst/clk_in1_pll
    PLLE2_ADV_X1Y1       PLLE2_ADV (Prop_plle2_adv_CLKIN1_CLKOUT1)
                                                     -8.058    11.088 r  pll_inst/inst/plle2_adv_inst/CLKOUT1
                         net (fo=1, routed)           2.128    13.216    pll_inst/inst/clk_out2_pll
    BUFGCTRL_X0Y0        BUFG (Prop_bufg_I_O)         0.093    13.309 r  pll_inst/inst/clkout2_buf/O
                         net (fo=6000, routed)        1.638    14.947    student_top_inst/bridge_inst/seg_driver/clk_out2
    SLICE_X25Y92         FDCE                                         r  student_top_inst/bridge_inst/seg_driver/count_reg[4]/C
  -------------------------------------------------------------------    -------------------
    SLICE_X25Y92         FDCE (Prop_fdce_C_Q)         0.204    15.151 r  student_top_inst/bridge_inst/seg_driver/count_reg[4]/Q
                         net (fo=49, routed)          1.721    16.873    student_top_inst/bridge_inst/seg_driver/Q[0]
    SLICE_X28Y97         LUT6 (Prop_lut6_I2_O)        0.123    16.996 r  student_top_inst/bridge_inst/seg_driver/virtual_seg_OBUF[2]_inst_i_1/O
                         net (fo=2, routed)           0.000    16.996    twin_controller_inst/virtual_seg_OBUF[2]
    SLICE_X28Y97         FDCE                                         r  twin_controller_inst/status_buffer_reg[0][2]/D
  -------------------------------------------------------------------    -------------------

                         (clock clk_out1_pll rise edge)
                                                     20.000    20.000 r  
    AD12                                              0.000    20.000 r  i_sys_clk_p (IN)
                         net (fo=0)                   0.000    20.000    pll_inst/inst/clk_in1_p
    AD12                 IBUFDS (Prop_ibufds_I_O)     0.803    20.803 r  pll_inst/inst/clkin1_ibufgds/O
                         net (fo=1, routed)           1.001    21.804    pll_inst/inst/clk_in1_pll
    PLLE2_ADV_X1Y1       PLLE2_ADV (Prop_plle2_adv_CLKIN1_CLKOUT0)
                                                     -7.261    14.543 r  pll_inst/inst/plle2_adv_inst/CLKOUT0
                         net (fo=1, routed)           2.003    16.546    pll_inst/inst/clk_out1_pll
    BUFGCTRL_X0Y1        BUFG (Prop_bufg_I_O)         0.083    16.629 r  pll_inst/inst/clkout1_buf/O
                         net (fo=386, routed)         1.500    18.129    twin_controller_inst/clk_out1
    SLICE_X28Y97         FDCE                                         r  twin_controller_inst/status_buffer_reg[0][2]/C
                         clock pessimism             -0.598    17.532    
                         clock uncertainty           -0.214    17.318    
    SLICE_X28Y97         FDCE (Setup_fdce_C_D)        0.034    17.352    twin_controller_inst/status_buffer_reg[0][2]
  -------------------------------------------------------------------
                         required time                         17.352    
                         arrival time                         -16.996    
  -------------------------------------------------------------------
                         slack                                  0.356    

Slack (MET) :             0.385ns  (required time - arrival time)
  Source:                 student_top_inst/bridge_inst/seg_driver/count_reg[4]/C
                            (rising edge-triggered cell FDCE clocked by clk_out2_pll  {rise@0.000ns fall@2.857ns period=5.714ns})
  Destination:            twin_controller_inst/status_buffer_reg[1][7]/D
                            (rising edge-triggered cell FDCE clocked by clk_out1_pll  {rise@0.000ns fall@10.000ns period=20.000ns})
  Path Group:             clk_out1_pll
  Path Type:              Setup (Max at Slow Process Corner)
  Requirement:            2.857ns  (clk_out1_pll rise@20.000ns - clk_out2_pll rise@17.143ns)
  Data Path Delay:        2.020ns  (logic 0.370ns (18.320%)  route 1.650ns (81.680%))
  Logic Levels:           2  (LUT3=1 LUT6=1)
  Clock Path Skew:        -0.272ns (DCD - SCD + CPR)
    Destination Clock Delay (DCD):    -1.870ns = ( 18.130 - 20.000 ) 
    Source Clock Delay      (SCD):    -2.195ns = ( 14.947 - 17.143 ) 
    Clock Pessimism Removal (CPR):    -0.598ns
  Clock Uncertainty:      0.214ns  ((TSJ^2 + DJ^2)^1/2) / 2 + PE
    Total System Jitter     (TSJ):    0.071ns
    Discrete Jitter          (DJ):    0.174ns
    Phase Error              (PE):    0.120ns

    Location             Delay type                Incr(ns)  Path(ns)    Netlist Resource(s)
  -------------------------------------------------------------------    -------------------
                         (clock clk_out2_pll rise edge)
                                                     17.143    17.143 r  
    AD12                                              0.000    17.143 r  i_sys_clk_p (IN)
                         net (fo=0)                   0.000    17.143    pll_inst/inst/clk_in1_p
    AD12                 IBUFDS (Prop_ibufds_I_O)     0.906    18.048 r  pll_inst/inst/clkin1_ibufgds/O
                         net (fo=1, routed)           1.098    19.146    pll_inst/inst/clk_in1_pll
    PLLE2_ADV_X1Y1       PLLE2_ADV (Prop_plle2_adv_CLKIN1_CLKOUT1)
                                                     -8.058    11.088 r  pll_inst/inst/plle2_adv_inst/CLKOUT1
                         net (fo=1, routed)           2.128    13.216    pll_inst/inst/clk_out2_pll
    BUFGCTRL_X0Y0        BUFG (Prop_bufg_I_O)         0.093    13.309 r  pll_inst/inst/clkout2_buf/O
                         net (fo=6000, routed)        1.638    14.947    student_top_inst/bridge_inst/seg_driver/clk_out2
    SLICE_X25Y92         FDCE                                         r  student_top_inst/bridge_inst/seg_driver/count_reg[4]/C
  -------------------------------------------------------------------    -------------------
    SLICE_X25Y92         FDCE (Prop_fdce_C_Q)         0.204    15.151 r  student_top_inst/bridge_inst/seg_driver/count_reg[4]/Q
                         net (fo=49, routed)          0.679    15.831    student_top_inst/bridge_inst/seg_driver/Q[0]
    SLICE_X39Y93         LUT3 (Prop_lut3_I1_O)        0.123    15.954 r  student_top_inst/bridge_inst/seg_driver/virtual_seg_OBUF[16]_inst_i_2/O
                         net (fo=7, routed)           0.970    16.924    student_top_inst/bridge_inst/seg_driver/virtual_seg_OBUF[16]_inst_i_2_n_0
    SLICE_X24Y96         LUT6 (Prop_lut6_I0_O)        0.043    16.967 r  student_top_inst/bridge_inst/seg_driver/virtual_seg_OBUF[15]_inst_i_1/O
                         net (fo=2, routed)           0.000    16.967    twin_controller_inst/virtual_seg_OBUF[14]
    SLICE_X24Y96         FDCE                                         r  twin_controller_inst/status_buffer_reg[1][7]/D
  -------------------------------------------------------------------    -------------------

                         (clock clk_out1_pll rise edge)
                                                     20.000    20.000 r  
    AD12                                              0.000    20.000 r  i_sys_clk_p (IN)
                         net (fo=0)                   0.000    20.000    pll_inst/inst/clk_in1_p
    AD12                 IBUFDS (Prop_ibufds_I_O)     0.803    20.803 r  pll_inst/inst/clkin1_ibufgds/O
                         net (fo=1, routed)           1.001    21.804    pll_inst/inst/clk_in1_pll
    PLLE2_ADV_X1Y1       PLLE2_ADV (Prop_plle2_adv_CLKIN1_CLKOUT0)
                                                     -7.261    14.543 r  pll_inst/inst/plle2_adv_inst/CLKOUT0
                         net (fo=1, routed)           2.003    16.546    pll_inst/inst/clk_out1_pll
    BUFGCTRL_X0Y1        BUFG (Prop_bufg_I_O)         0.083    16.629 r  pll_inst/inst/clkout1_buf/O
                         net (fo=386, routed)         1.501    18.130    twin_controller_inst/clk_out1
    SLICE_X24Y96         FDCE                                         r  twin_controller_inst/status_buffer_reg[1][7]/C
                         clock pessimism             -0.598    17.533    
                         clock uncertainty           -0.214    17.319    
    SLICE_X24Y96         FDCE (Setup_fdce_C_D)        0.033    17.352    twin_controller_inst/status_buffer_reg[1][7]
  -------------------------------------------------------------------
                         required time                         17.352    
                         arrival time                         -16.967    
  -------------------------------------------------------------------
                         slack                                  0.385    

Slack (MET) :             0.387ns  (required time - arrival time)
  Source:                 student_top_inst/bridge_inst/seg_driver/count_reg[4]/C
                            (rising edge-triggered cell FDCE clocked by clk_out2_pll  {rise@0.000ns fall@2.857ns period=5.714ns})
  Destination:            twin_controller_inst/status_buffer_reg[2][7]/D
                            (rising edge-triggered cell FDCE clocked by clk_out1_pll  {rise@0.000ns fall@10.000ns period=20.000ns})
  Path Group:             clk_out1_pll
  Path Type:              Setup (Max at Slow Process Corner)
  Requirement:            2.857ns  (clk_out1_pll rise@20.000ns - clk_out2_pll rise@17.143ns)
  Data Path Delay:        2.053ns  (logic 0.327ns (15.930%)  route 1.726ns (84.070%))
  Logic Levels:           1  (LUT6=1)
  Clock Path Skew:        -0.269ns (DCD - SCD + CPR)
    Destination Clock Delay (DCD):    -1.867ns = ( 18.133 - 20.000 ) 
    Source Clock Delay      (SCD):    -2.195ns = ( 14.947 - 17.143 ) 
    Clock Pessimism Removal (CPR):    -0.598ns
  Clock Uncertainty:      0.214ns  ((TSJ^2 + DJ^2)^1/2) / 2 + PE
    Total System Jitter     (TSJ):    0.071ns
    Discrete Jitter          (DJ):    0.174ns
    Phase Error              (PE):    0.120ns

    Location             Delay type                Incr(ns)  Path(ns)    Netlist Resource(s)
  -------------------------------------------------------------------    -------------------
                         (clock clk_out2_pll rise edge)
                                                     17.143    17.143 r  
    AD12                                              0.000    17.143 r  i_sys_clk_p (IN)
                         net (fo=0)                   0.000    17.143    pll_inst/inst/clk_in1_p
    AD12                 IBUFDS (Prop_ibufds_I_O)     0.906    18.048 r  pll_inst/inst/clkin1_ibufgds/O
                         net (fo=1, routed)           1.098    19.146    pll_inst/inst/clk_in1_pll
    PLLE2_ADV_X1Y1       PLLE2_ADV (Prop_plle2_adv_CLKIN1_CLKOUT1)
                                                     -8.058    11.088 r  pll_inst/inst/plle2_adv_inst/CLKOUT1
                         net (fo=1, routed)           2.128    13.216    pll_inst/inst/clk_out2_pll
    BUFGCTRL_X0Y0        BUFG (Prop_bufg_I_O)         0.093    13.309 r  pll_inst/inst/clkout2_buf/O
                         net (fo=6000, routed)        1.638    14.947    student_top_inst/bridge_inst/seg_driver/clk_out2
    SLICE_X25Y92         FDCE                                         r  student_top_inst/bridge_inst/seg_driver/count_reg[4]/C
  -------------------------------------------------------------------    -------------------
    SLICE_X25Y92         FDCE (Prop_fdce_C_Q)         0.204    15.151 r  student_top_inst/bridge_inst/seg_driver/count_reg[4]/Q
                         net (fo=49, routed)          1.726    16.877    student_top_inst/bridge_inst/seg_driver/Q[0]
    SLICE_X22Y93         LUT6 (Prop_lut6_I3_O)        0.123    17.000 r  student_top_inst/bridge_inst/seg_driver/virtual_seg_OBUF[23]_inst_i_1/O
                         net (fo=2, routed)           0.000    17.000    twin_controller_inst/virtual_seg_OBUF[19]
    SLICE_X22Y93         FDCE                                         r  twin_controller_inst/status_buffer_reg[2][7]/D
  -------------------------------------------------------------------    -------------------

                         (clock clk_out1_pll rise edge)
                                                     20.000    20.000 r  
    AD12                                              0.000    20.000 r  i_sys_clk_p (IN)
                         net (fo=0)                   0.000    20.000    pll_inst/inst/clk_in1_p
    AD12                 IBUFDS (Prop_ibufds_I_O)     0.803    20.803 r  pll_inst/inst/clkin1_ibufgds/O
                         net (fo=1, routed)           1.001    21.804    pll_inst/inst/clk_in1_pll
    PLLE2_ADV_X1Y1       PLLE2_ADV (Prop_plle2_adv_CLKIN1_CLKOUT0)
                                                     -7.261    14.543 r  pll_inst/inst/plle2_adv_inst/CLKOUT0
                         net (fo=1, routed)           2.003    16.546    pll_inst/inst/clk_out1_pll
    BUFGCTRL_X0Y1        BUFG (Prop_bufg_I_O)         0.083    16.629 r  pll_inst/inst/clkout1_buf/O
                         net (fo=386, routed)         1.504    18.133    twin_controller_inst/clk_out1
    SLICE_X22Y93         FDCE                                         r  twin_controller_inst/status_buffer_reg[2][7]/C
                         clock pessimism             -0.598    17.536    
                         clock uncertainty           -0.214    17.322    
    SLICE_X22Y93         FDCE (Setup_fdce_C_D)        0.065    17.387    twin_controller_inst/status_buffer_reg[2][7]
  -------------------------------------------------------------------
                         required time                         17.387    
                         arrival time                         -17.000    
  -------------------------------------------------------------------
                         slack                                  0.387    

Slack (MET) :             0.440ns  (required time - arrival time)
  Source:                 student_top_inst/bridge_inst/seg_driver/count_reg[4]/C
                            (rising edge-triggered cell FDCE clocked by clk_out2_pll  {rise@0.000ns fall@2.857ns period=5.714ns})
  Destination:            twin_controller_inst/status_buffer_reg[2][5]/D
                            (rising edge-triggered cell FDCE clocked by clk_out1_pll  {rise@0.000ns fall@10.000ns period=20.000ns})
  Path Group:             clk_out1_pll
  Path Type:              Setup (Max at Slow Process Corner)
  Requirement:            2.857ns  (clk_out1_pll rise@20.000ns - clk_out2_pll rise@17.143ns)
  Data Path Delay:        1.998ns  (logic 0.469ns (23.476%)  route 1.529ns (76.524%))
  Logic Levels:           2  (LUT3=1 LUT6=1)
  Clock Path Skew:        -0.270ns (DCD - SCD + CPR)
    Destination Clock Delay (DCD):    -1.868ns = ( 18.132 - 20.000 ) 
    Source Clock Delay      (SCD):    -2.195ns = ( 14.947 - 17.143 ) 
    Clock Pessimism Removal (CPR):    -0.598ns
  Clock Uncertainty:      0.214ns  ((TSJ^2 + DJ^2)^1/2) / 2 + PE
    Total System Jitter     (TSJ):    0.071ns
    Discrete Jitter          (DJ):    0.174ns
    Phase Error              (PE):    0.120ns

    Location             Delay type                Incr(ns)  Path(ns)    Netlist Resource(s)
  -------------------------------------------------------------------    -------------------
                         (clock clk_out2_pll rise edge)
                                                     17.143    17.143 r  
    AD12                                              0.000    17.143 r  i_sys_clk_p (IN)
                         net (fo=0)                   0.000    17.143    pll_inst/inst/clk_in1_p
    AD12                 IBUFDS (Prop_ibufds_I_O)     0.906    18.048 r  pll_inst/inst/clkin1_ibufgds/O
                         net (fo=1, routed)           1.098    19.146    pll_inst/inst/clk_in1_pll
    PLLE2_ADV_X1Y1       PLLE2_ADV (Prop_plle2_adv_CLKIN1_CLKOUT1)
                                                     -8.058    11.088 r  pll_inst/inst/plle2_adv_inst/CLKOUT1
                         net (fo=1, routed)           2.128    13.216    pll_inst/inst/clk_out2_pll
    BUFGCTRL_X0Y0        BUFG (Prop_bufg_I_O)         0.093    13.309 r  pll_inst/inst/clkout2_buf/O
                         net (fo=6000, routed)        1.638    14.947    student_top_inst/bridge_inst/seg_driver/clk_out2
    SLICE_X25Y92         FDCE                                         r  student_top_inst/bridge_inst/seg_driver/count_reg[4]/C
  -------------------------------------------------------------------    -------------------
    SLICE_X25Y92         FDCE (Prop_fdce_C_Q)         0.204    15.151 r  student_top_inst/bridge_inst/seg_driver/count_reg[4]/Q
                         net (fo=49, routed)          0.776    15.928    student_top_inst/bridge_inst/seg_driver/Q[0]
    SLICE_X40Y93         LUT3 (Prop_lut3_I1_O)        0.129    16.057 r  student_top_inst/bridge_inst/seg_driver/virtual_seg_OBUF[26]_inst_i_4/O
                         net (fo=7, routed)           0.752    16.809    student_top_inst/bridge_inst/seg_driver/virtual_seg_OBUF[26]_inst_i_4_n_0
    SLICE_X20Y91         LUT6 (Prop_lut6_I1_O)        0.136    16.945 r  student_top_inst/bridge_inst/seg_driver/virtual_seg_OBUF[21]_inst_i_1/O
                         net (fo=2, routed)           0.000    16.945    twin_controller_inst/virtual_seg_OBUF[17]
    SLICE_X20Y91         FDCE                                         r  twin_controller_inst/status_buffer_reg[2][5]/D
  -------------------------------------------------------------------    -------------------

                         (clock clk_out1_pll rise edge)
                                                     20.000    20.000 r  
    AD12                                              0.000    20.000 r  i_sys_clk_p (IN)
                         net (fo=0)                   0.000    20.000    pll_inst/inst/clk_in1_p
    AD12                 IBUFDS (Prop_ibufds_I_O)     0.803    20.803 r  pll_inst/inst/clkin1_ibufgds/O
                         net (fo=1, routed)           1.001    21.804    pll_inst/inst/clk_in1_pll
    PLLE2_ADV_X1Y1       PLLE2_ADV (Prop_plle2_adv_CLKIN1_CLKOUT0)
                                                     -7.261    14.543 r  pll_inst/inst/plle2_adv_inst/CLKOUT0
                         net (fo=1, routed)           2.003    16.546    pll_inst/inst/clk_out1_pll
    BUFGCTRL_X0Y1        BUFG (Prop_bufg_I_O)         0.083    16.629 r  pll_inst/inst/clkout1_buf/O
                         net (fo=386, routed)         1.503    18.132    twin_controller_inst/clk_out1
    SLICE_X20Y91         FDCE                                         r  twin_controller_inst/status_buffer_reg[2][5]/C
                         clock pessimism             -0.598    17.535    
                         clock uncertainty           -0.214    17.321    
    SLICE_X20Y91         FDCE (Setup_fdce_C_D)        0.064    17.385    twin_controller_inst/status_buffer_reg[2][5]
  -------------------------------------------------------------------
                         required time                         17.385    
                         arrival time                         -16.945    
  -------------------------------------------------------------------
                         slack                                  0.440    





---------------------------------------------------------------------------------------------------
From Clock:  clk_out1_pll
  To Clock:  clk_out2_pll

Setup :            0  Failing Endpoints,  Worst Slack        0.188ns,  Total Violation        0.000ns
Hold  :           NA  Failing Endpoints,  Worst Slack           NA  ,  Total Violation           NA
---------------------------------------------------------------------------------------------------


Max Delay Paths
--------------------------------------------------------------------------------------
Slack (MET) :             0.188ns  (required time - arrival time)
  Source:                 twin_controller_inst/key_reg[3]/C
                            (rising edge-triggered cell FDCE clocked by clk_out1_pll  {rise@0.000ns fall@10.000ns period=20.000ns})
  Destination:            student_top_inst/bridge_inst/mmio_rdata_q_reg[3]/D
                            (rising edge-triggered cell FDRE clocked by clk_out2_pll  {rise@0.000ns fall@2.857ns period=5.714ns})
  Path Group:             clk_out2_pll
  Path Type:              Setup (Max at Slow Process Corner)
  Requirement:            2.857ns  (clk_out2_pll rise@22.857ns - clk_out1_pll rise@20.000ns)
  Data Path Delay:        2.132ns  (logic 0.309ns (14.495%)  route 1.823ns (85.505%))
  Logic Levels:           2  (LUT5=2)
  Clock Path Skew:        -0.358ns (DCD - SCD + CPR)
    Destination Clock Delay (DCD):    -1.955ns = ( 20.903 - 22.857 ) 
    Source Clock Delay      (SCD):    -2.194ns = ( 17.806 - 20.000 ) 
    Clock Pessimism Removal (CPR):    -0.598ns
  Clock Uncertainty:      0.214ns  ((TSJ^2 + DJ^2)^1/2) / 2 + PE
    Total System Jitter     (TSJ):    0.071ns
    Discrete Jitter          (DJ):    0.174ns
    Phase Error              (PE):    0.120ns

    Location             Delay type                Incr(ns)  Path(ns)    Netlist Resource(s)
  -------------------------------------------------------------------    -------------------
                         (clock clk_out1_pll rise edge)
                                                     20.000    20.000 r  
    AD12                                              0.000    20.000 r  i_sys_clk_p (IN)
                         net (fo=0)                   0.000    20.000    pll_inst/inst/clk_in1_p
    AD12                 IBUFDS (Prop_ibufds_I_O)     0.906    20.906 r  pll_inst/inst/clkin1_ibufgds/O
                         net (fo=1, routed)           1.098    22.004    pll_inst/inst/clk_in1_pll
    PLLE2_ADV_X1Y1       PLLE2_ADV (Prop_plle2_adv_CLKIN1_CLKOUT0)
                                                     -8.058    13.946 r  pll_inst/inst/plle2_adv_inst/CLKOUT0
                         net (fo=1, routed)           2.128    16.074    pll_inst/inst/clk_out1_pll
    BUFGCTRL_X0Y1        BUFG (Prop_bufg_I_O)         0.093    16.167 r  pll_inst/inst/clkout1_buf/O
                         net (fo=386, routed)         1.639    17.806    twin_controller_inst/clk_out1
    SLICE_X25Y94         FDCE                                         r  twin_controller_inst/key_reg[3]/C
  -------------------------------------------------------------------    -------------------
    SLICE_X25Y94         FDCE (Prop_fdce_C_Q)         0.223    18.029 r  twin_controller_inst/key_reg[3]/Q
                         net (fo=3, routed)           1.013    19.042    twin_controller_inst/key[3]
    SLICE_X43Y83         LUT5 (Prop_lut5_I2_O)        0.043    19.085 r  twin_controller_inst/mmio_rdata_q[3]_i_2/O
                         net (fo=1, routed)           0.810    19.894    student_top_inst/bridge_inst/mmio_rdata_q_reg[3]_0
    SLICE_X63Y76         LUT5 (Prop_lut5_I1_O)        0.043    19.937 r  student_top_inst/bridge_inst/mmio_rdata_q[3]_i_1/O
                         net (fo=1, routed)           0.000    19.937    student_top_inst/bridge_inst/mmio_rdata_q[3]_i_1_n_0
    SLICE_X63Y76         FDRE                                         r  student_top_inst/bridge_inst/mmio_rdata_q_reg[3]/D
  -------------------------------------------------------------------    -------------------

                         (clock clk_out2_pll rise edge)
                                                     22.857    22.857 r  
    AD12                                              0.000    22.857 r  i_sys_clk_p (IN)
                         net (fo=0)                   0.000    22.857    pll_inst/inst/clk_in1_p
    AD12                 IBUFDS (Prop_ibufds_I_O)     0.803    23.661 r  pll_inst/inst/clkin1_ibufgds/O
                         net (fo=1, routed)           1.001    24.662    pll_inst/inst/clk_in1_pll
    PLLE2_ADV_X1Y1       PLLE2_ADV (Prop_plle2_adv_CLKIN1_CLKOUT1)
                                                     -7.261    17.401 r  pll_inst/inst/plle2_adv_inst/CLKOUT1
                         net (fo=1, routed)           2.003    19.404    pll_inst/inst/clk_out2_pll
    BUFGCTRL_X0Y0        BUFG (Prop_bufg_I_O)         0.083    19.487 r  pll_inst/inst/clkout2_buf/O
                         net (fo=6000, routed)        1.416    20.903    student_top_inst/bridge_inst/clk_out2
    SLICE_X63Y76         FDRE                                         r  student_top_inst/bridge_inst/mmio_rdata_q_reg[3]/C
                         clock pessimism             -0.598    20.305    
                         clock uncertainty           -0.214    20.091    
    SLICE_X63Y76         FDRE (Setup_fdre_C_D)        0.034    20.125    student_top_inst/bridge_inst/mmio_rdata_q_reg[3]
  -------------------------------------------------------------------
                         required time                         20.125    
                         arrival time                         -19.937    
  -------------------------------------------------------------------
                         slack                                  0.188    

Slack (MET) :             0.260ns  (required time - arrival time)
  Source:                 twin_controller_inst/sw_reg[4]/C
                            (rising edge-triggered cell FDCE clocked by clk_out1_pll  {rise@0.000ns fall@10.000ns period=20.000ns})
  Destination:            student_top_inst/bridge_inst/mmio_rdata_q_reg[4]/D
                            (rising edge-triggered cell FDRE clocked by clk_out2_pll  {rise@0.000ns fall@2.857ns period=5.714ns})
  Path Group:             clk_out2_pll
  Path Type:              Setup (Max at Slow Process Corner)
  Requirement:            2.857ns  (clk_out2_pll rise@22.857ns - clk_out1_pll rise@20.000ns)
  Data Path Delay:        2.108ns  (logic 0.309ns (14.659%)  route 1.799ns (85.341%))
  Logic Levels:           2  (LUT3=1 LUT6=1)
  Clock Path Skew:        -0.339ns (DCD - SCD + CPR)
    Destination Clock Delay (DCD):    -1.941ns = ( 20.917 - 22.857 ) 
    Source Clock Delay      (SCD):    -2.199ns = ( 17.801 - 20.000 ) 
    Clock Pessimism Removal (CPR):    -0.598ns
  Clock Uncertainty:      0.214ns  ((TSJ^2 + DJ^2)^1/2) / 2 + PE
    Total System Jitter     (TSJ):    0.071ns
    Discrete Jitter          (DJ):    0.174ns
    Phase Error              (PE):    0.120ns

    Location             Delay type                Incr(ns)  Path(ns)    Netlist Resource(s)
  -------------------------------------------------------------------    -------------------
                         (clock clk_out1_pll rise edge)
                                                     20.000    20.000 r  
    AD12                                              0.000    20.000 r  i_sys_clk_p (IN)
                         net (fo=0)                   0.000    20.000    pll_inst/inst/clk_in1_p
    AD12                 IBUFDS (Prop_ibufds_I_O)     0.906    20.906 r  pll_inst/inst/clkin1_ibufgds/O
                         net (fo=1, routed)           1.098    22.004    pll_inst/inst/clk_in1_pll
    PLLE2_ADV_X1Y1       PLLE2_ADV (Prop_plle2_adv_CLKIN1_CLKOUT0)
                                                     -8.058    13.946 r  pll_inst/inst/plle2_adv_inst/CLKOUT0
                         net (fo=1, routed)           2.128    16.074    pll_inst/inst/clk_out1_pll
    BUFGCTRL_X0Y1        BUFG (Prop_bufg_I_O)         0.093    16.167 r  pll_inst/inst/clkout1_buf/O
                         net (fo=386, routed)         1.634    17.801    twin_controller_inst/clk_out1
    SLICE_X32Y92         FDCE                                         r  twin_controller_inst/sw_reg[4]/C
  -------------------------------------------------------------------    -------------------
    SLICE_X32Y92         FDCE (Prop_fdce_C_Q)         0.223    18.024 r  twin_controller_inst/sw_reg[4]/Q
                         net (fo=3, routed)           1.416    19.439    student_top_inst/u_KLDJ_top/u_pipe_id_ex/mmio_rdata_q_reg[7][2]
    SLICE_X54Y92         LUT6 (Prop_lut6_I1_O)        0.043    19.482 r  student_top_inst/u_KLDJ_top/u_pipe_id_ex/mmio_rdata_q[4]_i_2/O
                         net (fo=1, routed)           0.383    19.866    student_top_inst/u_KLDJ_top/u_pipe_id_ex/mmio_rdata_q[4]_i_2_n_0
    SLICE_X54Y92         LUT3 (Prop_lut3_I2_O)        0.043    19.909 r  student_top_inst/u_KLDJ_top/u_pipe_id_ex/mmio_rdata_q[4]_i_1/O
                         net (fo=1, routed)           0.000    19.909    student_top_inst/bridge_inst/mmio_rdata_q_reg[29]_0[0]
    SLICE_X54Y92         FDRE                                         r  student_top_inst/bridge_inst/mmio_rdata_q_reg[4]/D
  -------------------------------------------------------------------    -------------------

                         (clock clk_out2_pll rise edge)
                                                     22.857    22.857 r  
    AD12                                              0.000    22.857 r  i_sys_clk_p (IN)
                         net (fo=0)                   0.000    22.857    pll_inst/inst/clk_in1_p
    AD12                 IBUFDS (Prop_ibufds_I_O)     0.803    23.661 r  pll_inst/inst/clkin1_ibufgds/O
                         net (fo=1, routed)           1.001    24.662    pll_inst/inst/clk_in1_pll
    PLLE2_ADV_X1Y1       PLLE2_ADV (Prop_plle2_adv_CLKIN1_CLKOUT1)
                                                     -7.261    17.401 r  pll_inst/inst/plle2_adv_inst/CLKOUT1
                         net (fo=1, routed)           2.003    19.404    pll_inst/inst/clk_out2_pll
    BUFGCTRL_X0Y0        BUFG (Prop_bufg_I_O)         0.083    19.487 r  pll_inst/inst/clkout2_buf/O
                         net (fo=6000, routed)        1.430    20.917    student_top_inst/bridge_inst/clk_out2
    SLICE_X54Y92         FDRE                                         r  student_top_inst/bridge_inst/mmio_rdata_q_reg[4]/C
                         clock pessimism             -0.598    20.319    
                         clock uncertainty           -0.214    20.105    
    SLICE_X54Y92         FDRE (Setup_fdre_C_D)        0.064    20.169    student_top_inst/bridge_inst/mmio_rdata_q_reg[4]
  -------------------------------------------------------------------
                         required time                         20.169    
                         arrival time                         -19.909    
  -------------------------------------------------------------------
                         slack                                  0.260    

Slack (MET) :             0.382ns  (required time - arrival time)
  Source:                 twin_controller_inst/sw_reg[49]/C
                            (rising edge-triggered cell FDCE clocked by clk_out1_pll  {rise@0.000ns fall@10.000ns period=20.000ns})
  Destination:            student_top_inst/bridge_inst/mmio_rdata_q_reg[17]/D
                            (rising edge-triggered cell FDRE clocked by clk_out2_pll  {rise@0.000ns fall@2.857ns period=5.714ns})
  Path Group:             clk_out2_pll
  Path Type:              Setup (Max at Slow Process Corner)
  Requirement:            2.857ns  (clk_out2_pll rise@22.857ns - clk_out1_pll rise@20.000ns)
  Data Path Delay:        1.955ns  (logic 0.309ns (15.806%)  route 1.646ns (84.194%))
  Logic Levels:           2  (LUT4=1 LUT6=1)
  Clock Path Skew:        -0.340ns (DCD - SCD + CPR)
    Destination Clock Delay (DCD):    -1.942ns = ( 20.916 - 22.857 ) 
    Source Clock Delay      (SCD):    -2.199ns = ( 17.801 - 20.000 ) 
    Clock Pessimism Removal (CPR):    -0.598ns
  Clock Uncertainty:      0.214ns  ((TSJ^2 + DJ^2)^1/2) / 2 + PE
    Total System Jitter     (TSJ):    0.071ns
    Discrete Jitter          (DJ):    0.174ns
    Phase Error              (PE):    0.120ns

    Location             Delay type                Incr(ns)  Path(ns)    Netlist Resource(s)
  -------------------------------------------------------------------    -------------------
                         (clock clk_out1_pll rise edge)
                                                     20.000    20.000 r  
    AD12                                              0.000    20.000 r  i_sys_clk_p (IN)
                         net (fo=0)                   0.000    20.000    pll_inst/inst/clk_in1_p
    AD12                 IBUFDS (Prop_ibufds_I_O)     0.906    20.906 r  pll_inst/inst/clkin1_ibufgds/O
                         net (fo=1, routed)           1.098    22.004    pll_inst/inst/clk_in1_pll
    PLLE2_ADV_X1Y1       PLLE2_ADV (Prop_plle2_adv_CLKIN1_CLKOUT0)
                                                     -8.058    13.946 r  pll_inst/inst/plle2_adv_inst/CLKOUT0
                         net (fo=1, routed)           2.128    16.074    pll_inst/inst/clk_out1_pll
    BUFGCTRL_X0Y1        BUFG (Prop_bufg_I_O)         0.093    16.167 r  pll_inst/inst/clkout1_buf/O
                         net (fo=386, routed)         1.634    17.801    twin_controller_inst/clk_out1
    SLICE_X34Y93         FDCE                                         r  twin_controller_inst/sw_reg[49]/C
  -------------------------------------------------------------------    -------------------
    SLICE_X34Y93         FDCE (Prop_fdce_C_Q)         0.223    18.024 r  twin_controller_inst/sw_reg[49]/Q
                         net (fo=3, routed)           1.215    19.238    student_top_inst/u_KLDJ_top/u_pipe_id_ex/mmio_rdata_q_reg[23][1]
    SLICE_X56Y90         LUT6 (Prop_lut6_I5_O)        0.043    19.281 f  student_top_inst/u_KLDJ_top/u_pipe_id_ex/mmio_rdata_q[17]_i_2/O
                         net (fo=1, routed)           0.431    19.713    student_top_inst/u_KLDJ_top/u_pipe_id_ex/mmio_rdata_q[17]_i_2_n_0
    SLICE_X51Y90         LUT4 (Prop_lut4_I0_O)        0.043    19.756 r  student_top_inst/u_KLDJ_top/u_pipe_id_ex/mmio_rdata_q[17]_i_1/O
                         net (fo=1, routed)           0.000    19.756    student_top_inst/bridge_inst/mmio_rdata_q_reg[29]_0[3]
    SLICE_X51Y90         FDRE                                         r  student_top_inst/bridge_inst/mmio_rdata_q_reg[17]/D
  -------------------------------------------------------------------    -------------------

                         (clock clk_out2_pll rise edge)
                                                     22.857    22.857 r  
    AD12                                              0.000    22.857 r  i_sys_clk_p (IN)
                         net (fo=0)                   0.000    22.857    pll_inst/inst/clk_in1_p
    AD12                 IBUFDS (Prop_ibufds_I_O)     0.803    23.661 r  pll_inst/inst/clkin1_ibufgds/O
                         net (fo=1, routed)           1.001    24.662    pll_inst/inst/clk_in1_pll
    PLLE2_ADV_X1Y1       PLLE2_ADV (Prop_plle2_adv_CLKIN1_CLKOUT1)
                                                     -7.261    17.401 r  pll_inst/inst/plle2_adv_inst/CLKOUT1
                         net (fo=1, routed)           2.003    19.404    pll_inst/inst/clk_out2_pll
    BUFGCTRL_X0Y0        BUFG (Prop_bufg_I_O)         0.083    19.487 r  pll_inst/inst/clkout2_buf/O
                         net (fo=6000, routed)        1.429    20.916    student_top_inst/bridge_inst/clk_out2
    SLICE_X51Y90         FDRE                                         r  student_top_inst/bridge_inst/mmio_rdata_q_reg[17]/C
                         clock pessimism             -0.598    20.318    
                         clock uncertainty           -0.214    20.104    
    SLICE_X51Y90         FDRE (Setup_fdre_C_D)        0.034    20.138    student_top_inst/bridge_inst/mmio_rdata_q_reg[17]
  -------------------------------------------------------------------
                         required time                         20.138    
                         arrival time                         -19.756    
  -------------------------------------------------------------------
                         slack                                  0.382    

Slack (MET) :             0.436ns  (required time - arrival time)
  Source:                 twin_controller_inst/sw_reg[16]/C
                            (rising edge-triggered cell FDCE clocked by clk_out1_pll  {rise@0.000ns fall@10.000ns period=20.000ns})
  Destination:            student_top_inst/bridge_inst/mmio_rdata_q_reg[16]/D
                            (rising edge-triggered cell FDRE clocked by clk_out2_pll  {rise@0.000ns fall@2.857ns period=5.714ns})
  Path Group:             clk_out2_pll
  Path Type:              Setup (Max at Slow Process Corner)
  Requirement:            2.857ns  (clk_out2_pll rise@22.857ns - clk_out1_pll rise@20.000ns)
  Data Path Delay:        1.960ns  (logic 0.309ns (15.762%)  route 1.651ns (84.238%))
  Logic Levels:           2  (LUT5=1 LUT6=1)
  Clock Path Skew:        -0.281ns (DCD - SCD + CPR)
    Destination Clock Delay (DCD):    -1.881ns = ( 20.977 - 22.857 ) 
    Source Clock Delay      (SCD):    -2.197ns = ( 17.803 - 20.000 ) 
    Clock Pessimism Removal (CPR):    -0.598ns
  Clock Uncertainty:      0.214ns  ((TSJ^2 + DJ^2)^1/2) / 2 + PE
    Total System Jitter     (TSJ):    0.071ns
    Discrete Jitter          (DJ):    0.174ns
    Phase Error              (PE):    0.120ns

    Location             Delay type                Incr(ns)  Path(ns)    Netlist Resource(s)
  -------------------------------------------------------------------    -------------------
                         (clock clk_out1_pll rise edge)
                                                     20.000    20.000 r  
    AD12                                              0.000    20.000 r  i_sys_clk_p (IN)
                         net (fo=0)                   0.000    20.000    pll_inst/inst/clk_in1_p
    AD12                 IBUFDS (Prop_ibufds_I_O)     0.906    20.906 r  pll_inst/inst/clkin1_ibufgds/O
                         net (fo=1, routed)           1.098    22.004    pll_inst/inst/clk_in1_pll
    PLLE2_ADV_X1Y1       PLLE2_ADV (Prop_plle2_adv_CLKIN1_CLKOUT0)
                                                     -8.058    13.946 r  pll_inst/inst/plle2_adv_inst/CLKOUT0
                         net (fo=1, routed)           2.128    16.074    pll_inst/inst/clk_out1_pll
    BUFGCTRL_X0Y1        BUFG (Prop_bufg_I_O)         0.093    16.167 r  pll_inst/inst/clkout1_buf/O
                         net (fo=386, routed)         1.636    17.803    twin_controller_inst/clk_out1
    SLICE_X28Y95         FDCE                                         r  twin_controller_inst/sw_reg[16]/C
  -------------------------------------------------------------------    -------------------
    SLICE_X28Y95         FDCE (Prop_fdce_C_Q)         0.223    18.026 r  twin_controller_inst/sw_reg[16]/Q
                         net (fo=3, routed)           0.945    18.971    student_top_inst/u_KLDJ_top/u_pipe_id_ex/mmio_rdata_q_reg[23]_0[0]
    SLICE_X34Y95         LUT6 (Prop_lut6_I0_O)        0.043    19.014 r  student_top_inst/u_KLDJ_top/u_pipe_id_ex/mmio_rdata_q[16]_i_2/O
                         net (fo=1, routed)           0.706    19.720    student_top_inst/bridge_inst/mmio_rdata_q_reg[16]_0
    SLICE_X43Y91         LUT5 (Prop_lut5_I1_O)        0.043    19.763 r  student_top_inst/bridge_inst/mmio_rdata_q[16]_i_1/O
                         net (fo=1, routed)           0.000    19.763    student_top_inst/bridge_inst/mmio_rdata_q[16]_i_1_n_0
    SLICE_X43Y91         FDRE                                         r  student_top_inst/bridge_inst/mmio_rdata_q_reg[16]/D
  -------------------------------------------------------------------    -------------------

                         (clock clk_out2_pll rise edge)
                                                     22.857    22.857 r  
    AD12                                              0.000    22.857 r  i_sys_clk_p (IN)
                         net (fo=0)                   0.000    22.857    pll_inst/inst/clk_in1_p
    AD12                 IBUFDS (Prop_ibufds_I_O)     0.803    23.661 r  pll_inst/inst/clkin1_ibufgds/O
                         net (fo=1, routed)           1.001    24.662    pll_inst/inst/clk_in1_pll
    PLLE2_ADV_X1Y1       PLLE2_ADV (Prop_plle2_adv_CLKIN1_CLKOUT1)
                                                     -7.261    17.401 r  pll_inst/inst/plle2_adv_inst/CLKOUT1
                         net (fo=1, routed)           2.003    19.404    pll_inst/inst/clk_out2_pll
    BUFGCTRL_X0Y0        BUFG (Prop_bufg_I_O)         0.083    19.487 r  pll_inst/inst/clkout2_buf/O
                         net (fo=6000, routed)        1.490    20.977    student_top_inst/bridge_inst/clk_out2
    SLICE_X43Y91         FDRE                                         r  student_top_inst/bridge_inst/mmio_rdata_q_reg[16]/C
                         clock pessimism             -0.598    20.379    
                         clock uncertainty           -0.214    20.165    
    SLICE_X43Y91         FDRE (Setup_fdre_C_D)        0.034    20.199    student_top_inst/bridge_inst/mmio_rdata_q_reg[16]
  -------------------------------------------------------------------
                         required time                         20.199    
                         arrival time                         -19.763    
  -------------------------------------------------------------------
                         slack                                  0.436    

Slack (MET) :             0.443ns  (required time - arrival time)
  Source:                 twin_controller_inst/sw_reg[40]/C
                            (rising edge-triggered cell FDCE clocked by clk_out1_pll  {rise@0.000ns fall@10.000ns period=20.000ns})
  Destination:            student_top_inst/bridge_inst/mmio_rdata_q_reg[8]/D
                            (rising edge-triggered cell FDRE clocked by clk_out2_pll  {rise@0.000ns fall@2.857ns period=5.714ns})
  Path Group:             clk_out2_pll
  Path Type:              Setup (Max at Slow Process Corner)
  Requirement:            2.857ns  (clk_out2_pll rise@22.857ns - clk_out1_pll rise@20.000ns)
  Data Path Delay:        1.893ns  (logic 0.309ns (16.327%)  route 1.584ns (83.673%))
  Logic Levels:           2  (LUT4=1 LUT6=1)
  Clock Path Skew:        -0.341ns (DCD - SCD + CPR)
    Destination Clock Delay (DCD):    -1.941ns = ( 20.917 - 22.857 ) 
    Source Clock Delay      (SCD):    -2.197ns = ( 17.803 - 20.000 ) 
    Clock Pessimism Removal (CPR):    -0.598ns
  Clock Uncertainty:      0.214ns  ((TSJ^2 + DJ^2)^1/2) / 2 + PE
    Total System Jitter     (TSJ):    0.071ns
    Discrete Jitter          (DJ):    0.174ns
    Phase Error              (PE):    0.120ns

    Location             Delay type                Incr(ns)  Path(ns)    Netlist Resource(s)
  -------------------------------------------------------------------    -------------------
                         (clock clk_out1_pll rise edge)
                                                     20.000    20.000 r  
    AD12                                              0.000    20.000 r  i_sys_clk_p (IN)
                         net (fo=0)                   0.000    20.000    pll_inst/inst/clk_in1_p
    AD12                 IBUFDS (Prop_ibufds_I_O)     0.906    20.906 r  pll_inst/inst/clkin1_ibufgds/O
                         net (fo=1, routed)           1.098    22.004    pll_inst/inst/clk_in1_pll
    PLLE2_ADV_X1Y1       PLLE2_ADV (Prop_plle2_adv_CLKIN1_CLKOUT0)
                                                     -8.058    13.946 r  pll_inst/inst/plle2_adv_inst/CLKOUT0
                         net (fo=1, routed)           2.128    16.074    pll_inst/inst/clk_out1_pll
    BUFGCTRL_X0Y1        BUFG (Prop_bufg_I_O)         0.093    16.167 r  pll_inst/inst/clkout1_buf/O
                         net (fo=386, routed)         1.636    17.803    twin_controller_inst/clk_out1
    SLICE_X30Y94         FDCE                                         r  twin_controller_inst/sw_reg[40]/C
  -------------------------------------------------------------------    -------------------
    SLICE_X30Y94         FDCE (Prop_fdce_C_Q)         0.223    18.026 r  twin_controller_inst/sw_reg[40]/Q
                         net (fo=3, routed)           1.342    19.368    student_top_inst/u_KLDJ_top/u_pipe_id_ex/mmio_rdata_q_reg[15][0]
    SLICE_X53Y91         LUT6 (Prop_lut6_I5_O)        0.043    19.411 f  student_top_inst/u_KLDJ_top/u_pipe_id_ex/mmio_rdata_q[8]_i_2/O
                         net (fo=1, routed)           0.241    19.652    student_top_inst/u_KLDJ_top/u_pipe_id_ex/mmio_rdata_q[8]_i_2_n_0
    SLICE_X53Y91         LUT4 (Prop_lut4_I0_O)        0.043    19.695 r  student_top_inst/u_KLDJ_top/u_pipe_id_ex/mmio_rdata_q[8]_i_1/O
                         net (fo=1, routed)           0.000    19.695    student_top_inst/bridge_inst/mmio_rdata_q_reg[29]_0[1]
    SLICE_X53Y91         FDRE                                         r  student_top_inst/bridge_inst/mmio_rdata_q_reg[8]/D
  -------------------------------------------------------------------    -------------------

                         (clock clk_out2_pll rise edge)
                                                     22.857    22.857 r  
    AD12                                              0.000    22.857 r  i_sys_clk_p (IN)
                         net (fo=0)                   0.000    22.857    pll_inst/inst/clk_in1_p
    AD12                 IBUFDS (Prop_ibufds_I_O)     0.803    23.661 r  pll_inst/inst/clkin1_ibufgds/O
                         net (fo=1, routed)           1.001    24.662    pll_inst/inst/clk_in1_pll
    PLLE2_ADV_X1Y1       PLLE2_ADV (Prop_plle2_adv_CLKIN1_CLKOUT1)
                                                     -7.261    17.401 r  pll_inst/inst/plle2_adv_inst/CLKOUT1
                         net (fo=1, routed)           2.003    19.404    pll_inst/inst/clk_out2_pll
    BUFGCTRL_X0Y0        BUFG (Prop_bufg_I_O)         0.083    19.487 r  pll_inst/inst/clkout2_buf/O
                         net (fo=6000, routed)        1.430    20.917    student_top_inst/bridge_inst/clk_out2
    SLICE_X53Y91         FDRE                                         r  student_top_inst/bridge_inst/mmio_rdata_q_reg[8]/C
                         clock pessimism             -0.598    20.319    
                         clock uncertainty           -0.214    20.105    
    SLICE_X53Y91         FDRE (Setup_fdre_C_D)        0.033    20.138    student_top_inst/bridge_inst/mmio_rdata_q_reg[8]
  -------------------------------------------------------------------
                         required time                         20.138    
                         arrival time                         -19.695    
  -------------------------------------------------------------------
                         slack                                  0.443    

Slack (MET) :             0.475ns  (required time - arrival time)
  Source:                 twin_controller_inst/sw_reg[39]/C
                            (rising edge-triggered cell FDCE clocked by clk_out1_pll  {rise@0.000ns fall@10.000ns period=20.000ns})
  Destination:            student_top_inst/bridge_inst/mmio_rdata_q_reg[7]/D
                            (rising edge-triggered cell FDRE clocked by clk_out2_pll  {rise@0.000ns fall@2.857ns period=5.714ns})
  Path Group:             clk_out2_pll
  Path Type:              Setup (Max at Slow Process Corner)
  Requirement:            2.857ns  (clk_out2_pll rise@22.857ns - clk_out1_pll rise@20.000ns)
  Data Path Delay:        1.892ns  (logic 0.309ns (16.331%)  route 1.583ns (83.669%))
  Logic Levels:           2  (LUT6=2)
  Clock Path Skew:        -0.340ns (DCD - SCD + CPR)
    Destination Clock Delay (DCD):    -1.941ns = ( 20.917 - 22.857 ) 
    Source Clock Delay      (SCD):    -2.198ns = ( 17.802 - 20.000 ) 
    Clock Pessimism Removal (CPR):    -0.598ns
  Clock Uncertainty:      0.214ns  ((TSJ^2 + DJ^2)^1/2) / 2 + PE
    Total System Jitter     (TSJ):    0.071ns
    Discrete Jitter          (DJ):    0.174ns
    Phase Error              (PE):    0.120ns

    Location             Delay type                Incr(ns)  Path(ns)    Netlist Resource(s)
  -------------------------------------------------------------------    -------------------
                         (clock clk_out1_pll rise edge)
                                                     20.000    20.000 r  
    AD12                                              0.000    20.000 r  i_sys_clk_p (IN)
                         net (fo=0)                   0.000    20.000    pll_inst/inst/clk_in1_p
    AD12                 IBUFDS (Prop_ibufds_I_O)     0.906    20.906 r  pll_inst/inst/clkin1_ibufgds/O
                         net (fo=1, routed)           1.098    22.004    pll_inst/inst/clk_in1_pll
    PLLE2_ADV_X1Y1       PLLE2_ADV (Prop_plle2_adv_CLKIN1_CLKOUT0)
                                                     -8.058    13.946 r  pll_inst/inst/plle2_adv_inst/CLKOUT0
                         net (fo=1, routed)           2.128    16.074    pll_inst/inst/clk_out1_pll
    BUFGCTRL_X0Y1        BUFG (Prop_bufg_I_O)         0.093    16.167 r  pll_inst/inst/clkout1_buf/O
                         net (fo=386, routed)         1.635    17.802    twin_controller_inst/clk_out1
    SLICE_X32Y94         FDCE                                         r  twin_controller_inst/sw_reg[39]/C
  -------------------------------------------------------------------    -------------------
    SLICE_X32Y94         FDCE (Prop_fdce_C_Q)         0.223    18.025 r  twin_controller_inst/sw_reg[39]/Q
                         net (fo=3, routed)           1.238    19.263    student_top_inst/u_KLDJ_top/u_pipe_id_ex/mmio_rdata_q_reg[7]_0[5]
    SLICE_X54Y90         LUT6 (Prop_lut6_I2_O)        0.043    19.306 f  student_top_inst/u_KLDJ_top/u_pipe_id_ex/mmio_rdata_q[7]_i_3/O
                         net (fo=1, routed)           0.345    19.651    student_top_inst/bridge_inst/mmio_rdata_q_reg[7]_0
    SLICE_X52Y90         LUT6 (Prop_lut6_I3_O)        0.043    19.694 r  student_top_inst/bridge_inst/mmio_rdata_q[7]_i_1/O
                         net (fo=1, routed)           0.000    19.694    student_top_inst/bridge_inst/mmio_rdata_q[7]_i_1_n_0
    SLICE_X52Y90         FDRE                                         r  student_top_inst/bridge_inst/mmio_rdata_q_reg[7]/D
  -------------------------------------------------------------------    -------------------

                         (clock clk_out2_pll rise edge)
                                                     22.857    22.857 r  
    AD12                                              0.000    22.857 r  i_sys_clk_p (IN)
                         net (fo=0)                   0.000    22.857    pll_inst/inst/clk_in1_p
    AD12                 IBUFDS (Prop_ibufds_I_O)     0.803    23.661 r  pll_inst/inst/clkin1_ibufgds/O
                         net (fo=1, routed)           1.001    24.662    pll_inst/inst/clk_in1_pll
    PLLE2_ADV_X1Y1       PLLE2_ADV (Prop_plle2_adv_CLKIN1_CLKOUT1)
                                                     -7.261    17.401 r  pll_inst/inst/plle2_adv_inst/CLKOUT1
                         net (fo=1, routed)           2.003    19.404    pll_inst/inst/clk_out2_pll
    BUFGCTRL_X0Y0        BUFG (Prop_bufg_I_O)         0.083    19.487 r  pll_inst/inst/clkout2_buf/O
                         net (fo=6000, routed)        1.430    20.917    student_top_inst/bridge_inst/clk_out2
    SLICE_X52Y90         FDRE                                         r  student_top_inst/bridge_inst/mmio_rdata_q_reg[7]/C
                         clock pessimism             -0.598    20.319    
                         clock uncertainty           -0.214    20.105    
    SLICE_X52Y90         FDRE (Setup_fdre_C_D)        0.064    20.169    student_top_inst/bridge_inst/mmio_rdata_q_reg[7]
  -------------------------------------------------------------------
                         required time                         20.169    
                         arrival time                         -19.694    
  -------------------------------------------------------------------
                         slack                                  0.475    

Slack (MET) :             0.590ns  (required time - arrival time)
  Source:                 twin_controller_inst/key_reg[2]/C
                            (rising edge-triggered cell FDCE clocked by clk_out1_pll  {rise@0.000ns fall@10.000ns period=20.000ns})
  Destination:            student_top_inst/bridge_inst/mmio_rdata_q_reg[2]/D
                            (rising edge-triggered cell FDRE clocked by clk_out2_pll  {rise@0.000ns fall@2.857ns period=5.714ns})
  Path Group:             clk_out2_pll
  Path Type:              Setup (Max at Slow Process Corner)
  Requirement:            2.857ns  (clk_out2_pll rise@22.857ns - clk_out1_pll rise@20.000ns)
  Data Path Delay:        1.837ns  (logic 0.309ns (16.821%)  route 1.528ns (83.179%))
  Logic Levels:           2  (LUT6=2)
  Clock Path Skew:        -0.282ns (DCD - SCD + CPR)
    Destination Clock Delay (DCD):    -1.879ns = ( 20.979 - 22.857 ) 
    Source Clock Delay      (SCD):    -2.194ns = ( 17.806 - 20.000 ) 
    Clock Pessimism Removal (CPR):    -0.598ns
  Clock Uncertainty:      0.214ns  ((TSJ^2 + DJ^2)^1/2) / 2 + PE
    Total System Jitter     (TSJ):    0.071ns
    Discrete Jitter          (DJ):    0.174ns
    Phase Error              (PE):    0.120ns

    Location             Delay type                Incr(ns)  Path(ns)    Netlist Resource(s)
  -------------------------------------------------------------------    -------------------
                         (clock clk_out1_pll rise edge)
                                                     20.000    20.000 r  
    AD12                                              0.000    20.000 r  i_sys_clk_p (IN)
                         net (fo=0)                   0.000    20.000    pll_inst/inst/clk_in1_p
    AD12                 IBUFDS (Prop_ibufds_I_O)     0.906    20.906 r  pll_inst/inst/clkin1_ibufgds/O
                         net (fo=1, routed)           1.098    22.004    pll_inst/inst/clk_in1_pll
    PLLE2_ADV_X1Y1       PLLE2_ADV (Prop_plle2_adv_CLKIN1_CLKOUT0)
                                                     -8.058    13.946 r  pll_inst/inst/plle2_adv_inst/CLKOUT0
                         net (fo=1, routed)           2.128    16.074    pll_inst/inst/clk_out1_pll
    BUFGCTRL_X0Y1        BUFG (Prop_bufg_I_O)         0.093    16.167 r  pll_inst/inst/clkout1_buf/O
                         net (fo=386, routed)         1.639    17.806    twin_controller_inst/clk_out1
    SLICE_X26Y98         FDCE                                         r  twin_controller_inst/key_reg[2]/C
  -------------------------------------------------------------------    -------------------
    SLICE_X26Y98         FDCE (Prop_fdce_C_Q)         0.223    18.029 r  twin_controller_inst/key_reg[2]/Q
                         net (fo=3, routed)           0.983    19.012    student_top_inst/u_KLDJ_top/u_pipe_id_ex/mmio_rdata_q_reg[7]_1[1]
    SLICE_X38Y95         LUT6 (Prop_lut6_I5_O)        0.043    19.055 f  student_top_inst/u_KLDJ_top/u_pipe_id_ex/mmio_rdata_q[2]_i_2/O
                         net (fo=1, routed)           0.545    19.600    student_top_inst/bridge_inst/mmio_rdata_q_reg[2]_0
    SLICE_X42Y94         LUT6 (Prop_lut6_I3_O)        0.043    19.643 r  student_top_inst/bridge_inst/mmio_rdata_q[2]_i_1/O
                         net (fo=1, routed)           0.000    19.643    student_top_inst/bridge_inst/mmio_rdata_q[2]_i_1_n_0
    SLICE_X42Y94         FDRE                                         r  student_top_inst/bridge_inst/mmio_rdata_q_reg[2]/D
  -------------------------------------------------------------------    -------------------

                         (clock clk_out2_pll rise edge)
                                                     22.857    22.857 r  
    AD12                                              0.000    22.857 r  i_sys_clk_p (IN)
                         net (fo=0)                   0.000    22.857    pll_inst/inst/clk_in1_p
    AD12                 IBUFDS (Prop_ibufds_I_O)     0.803    23.661 r  pll_inst/inst/clkin1_ibufgds/O
                         net (fo=1, routed)           1.001    24.662    pll_inst/inst/clk_in1_pll
    PLLE2_ADV_X1Y1       PLLE2_ADV (Prop_plle2_adv_CLKIN1_CLKOUT1)
                                                     -7.261    17.401 r  pll_inst/inst/plle2_adv_inst/CLKOUT1
                         net (fo=1, routed)           2.003    19.404    pll_inst/inst/clk_out2_pll
    BUFGCTRL_X0Y0        BUFG (Prop_bufg_I_O)         0.083    19.487 r  pll_inst/inst/clkout2_buf/O
                         net (fo=6000, routed)        1.492    20.979    student_top_inst/bridge_inst/clk_out2
    SLICE_X42Y94         FDRE                                         r  student_top_inst/bridge_inst/mmio_rdata_q_reg[2]/C
                         clock pessimism             -0.598    20.381    
                         clock uncertainty           -0.214    20.167    
    SLICE_X42Y94         FDRE (Setup_fdre_C_D)        0.066    20.233    student_top_inst/bridge_inst/mmio_rdata_q_reg[2]
  -------------------------------------------------------------------
                         required time                         20.233    
                         arrival time                         -19.643    
  -------------------------------------------------------------------
                         slack                                  0.590    

Slack (MET) :             0.604ns  (required time - arrival time)
  Source:                 twin_controller_inst/key_reg[6]/C
                            (rising edge-triggered cell FDCE clocked by clk_out1_pll  {rise@0.000ns fall@10.000ns period=20.000ns})
  Destination:            student_top_inst/bridge_inst/mmio_rdata_q_reg[6]/D
                            (rising edge-triggered cell FDRE clocked by clk_out2_pll  {rise@0.000ns fall@2.857ns period=5.714ns})
  Path Group:             clk_out2_pll
  Path Type:              Setup (Max at Slow Process Corner)
  Requirement:            2.857ns  (clk_out2_pll rise@22.857ns - clk_out1_pll rise@20.000ns)
  Data Path Delay:        1.819ns  (logic 0.309ns (16.984%)  route 1.510ns (83.016%))
  Logic Levels:           2  (LUT6=2)
  Clock Path Skew:        -0.284ns (DCD - SCD + CPR)
    Destination Clock Delay (DCD):    -1.881ns = ( 20.977 - 22.857 ) 
    Source Clock Delay      (SCD):    -2.194ns = ( 17.806 - 20.000 ) 
    Clock Pessimism Removal (CPR):    -0.598ns
  Clock Uncertainty:      0.214ns  ((TSJ^2 + DJ^2)^1/2) / 2 + PE
    Total System Jitter     (TSJ):    0.071ns
    Discrete Jitter          (DJ):    0.174ns
    Phase Error              (PE):    0.120ns

    Location             Delay type                Incr(ns)  Path(ns)    Netlist Resource(s)
  -------------------------------------------------------------------    -------------------
                         (clock clk_out1_pll rise edge)
                                                     20.000    20.000 r  
    AD12                                              0.000    20.000 r  i_sys_clk_p (IN)
                         net (fo=0)                   0.000    20.000    pll_inst/inst/clk_in1_p
    AD12                 IBUFDS (Prop_ibufds_I_O)     0.906    20.906 r  pll_inst/inst/clkin1_ibufgds/O
                         net (fo=1, routed)           1.098    22.004    pll_inst/inst/clk_in1_pll
    PLLE2_ADV_X1Y1       PLLE2_ADV (Prop_plle2_adv_CLKIN1_CLKOUT0)
                                                     -8.058    13.946 r  pll_inst/inst/plle2_adv_inst/CLKOUT0
                         net (fo=1, routed)           2.128    16.074    pll_inst/inst/clk_out1_pll
    BUFGCTRL_X0Y1        BUFG (Prop_bufg_I_O)         0.093    16.167 r  pll_inst/inst/clkout1_buf/O
                         net (fo=386, routed)         1.639    17.806    twin_controller_inst/clk_out1
    SLICE_X24Y94         FDCE                                         r  twin_controller_inst/key_reg[6]/C
  -------------------------------------------------------------------    -------------------
    SLICE_X24Y94         FDCE (Prop_fdce_C_Q)         0.223    18.029 r  twin_controller_inst/key_reg[6]/Q
                         net (fo=3, routed)           1.117    19.146    student_top_inst/u_KLDJ_top/u_pipe_id_ex/mmio_rdata_q_reg[7]_1[4]
    SLICE_X46Y94         LUT6 (Prop_lut6_I5_O)        0.043    19.188 f  student_top_inst/u_KLDJ_top/u_pipe_id_ex/mmio_rdata_q[6]_i_2/O
                         net (fo=1, routed)           0.394    19.582    student_top_inst/bridge_inst/mmio_rdata_q_reg[6]_0
    SLICE_X46Y94         LUT6 (Prop_lut6_I3_O)        0.043    19.625 r  student_top_inst/bridge_inst/mmio_rdata_q[6]_i_1/O
                         net (fo=1, routed)           0.000    19.625    student_top_inst/bridge_inst/mmio_rdata_q[6]_i_1_n_0
    SLICE_X46Y94         FDRE                                         r  student_top_inst/bridge_inst/mmio_rdata_q_reg[6]/D
  -------------------------------------------------------------------    -------------------

                         (clock clk_out2_pll rise edge)
                                                     22.857    22.857 r  
    AD12                                              0.000    22.857 r  i_sys_clk_p (IN)
                         net (fo=0)                   0.000    22.857    pll_inst/inst/clk_in1_p
    AD12                 IBUFDS (Prop_ibufds_I_O)     0.803    23.661 r  pll_inst/inst/clkin1_ibufgds/O
                         net (fo=1, routed)           1.001    24.662    pll_inst/inst/clk_in1_pll
    PLLE2_ADV_X1Y1       PLLE2_ADV (Prop_plle2_adv_CLKIN1_CLKOUT1)
                                                     -7.261    17.401 r  pll_inst/inst/plle2_adv_inst/CLKOUT1
                         net (fo=1, routed)           2.003    19.404    pll_inst/inst/clk_out2_pll
    BUFGCTRL_X0Y0        BUFG (Prop_bufg_I_O)         0.083    19.487 r  pll_inst/inst/clkout2_buf/O
                         net (fo=6000, routed)        1.490    20.977    student_top_inst/bridge_inst/clk_out2
    SLICE_X46Y94         FDRE                                         r  student_top_inst/bridge_inst/mmio_rdata_q_reg[6]/C
                         clock pessimism             -0.598    20.379    
                         clock uncertainty           -0.214    20.165    
    SLICE_X46Y94         FDRE (Setup_fdre_C_D)        0.064    20.229    student_top_inst/bridge_inst/mmio_rdata_q_reg[6]
  -------------------------------------------------------------------
                         required time                         20.229    
                         arrival time                         -19.625    
  -------------------------------------------------------------------
                         slack                                  0.604    

Slack (MET) :             0.618ns  (required time - arrival time)
  Source:                 twin_controller_inst/sw_reg[54]/C
                            (rising edge-triggered cell FDCE clocked by clk_out1_pll  {rise@0.000ns fall@10.000ns period=20.000ns})
  Destination:            student_top_inst/bridge_inst/mmio_rdata_q_reg[22]/D
                            (rising edge-triggered cell FDRE clocked by clk_out2_pll  {rise@0.000ns fall@2.857ns period=5.714ns})
  Path Group:             clk_out2_pll
  Path Type:              Setup (Max at Slow Process Corner)
  Requirement:            2.857ns  (clk_out2_pll rise@22.857ns - clk_out1_pll rise@20.000ns)
  Data Path Delay:        1.720ns  (logic 0.309ns (17.970%)  route 1.411ns (82.030%))
  Logic Levels:           2  (LUT4=1 LUT6=1)
  Clock Path Skew:        -0.340ns (DCD - SCD + CPR)
    Destination Clock Delay (DCD):    -1.941ns = ( 20.917 - 22.857 ) 
    Source Clock Delay      (SCD):    -2.198ns = ( 17.802 - 20.000 ) 
    Clock Pessimism Removal (CPR):    -0.598ns
  Clock Uncertainty:      0.214ns  ((TSJ^2 + DJ^2)^1/2) / 2 + PE
    Total System Jitter     (TSJ):    0.071ns
    Discrete Jitter          (DJ):    0.174ns
    Phase Error              (PE):    0.120ns

    Location             Delay type                Incr(ns)  Path(ns)    Netlist Resource(s)
  -------------------------------------------------------------------    -------------------
                         (clock clk_out1_pll rise edge)
                                                     20.000    20.000 r  
    AD12                                              0.000    20.000 r  i_sys_clk_p (IN)
                         net (fo=0)                   0.000    20.000    pll_inst/inst/clk_in1_p
    AD12                 IBUFDS (Prop_ibufds_I_O)     0.906    20.906 r  pll_inst/inst/clkin1_ibufgds/O
                         net (fo=1, routed)           1.098    22.004    pll_inst/inst/clk_in1_pll
    PLLE2_ADV_X1Y1       PLLE2_ADV (Prop_plle2_adv_CLKIN1_CLKOUT0)
                                                     -8.058    13.946 r  pll_inst/inst/plle2_adv_inst/CLKOUT0
                         net (fo=1, routed)           2.128    16.074    pll_inst/inst/clk_out1_pll
    BUFGCTRL_X0Y1        BUFG (Prop_bufg_I_O)         0.093    16.167 r  pll_inst/inst/clkout1_buf/O
                         net (fo=386, routed)         1.635    17.802    twin_controller_inst/clk_out1
    SLICE_X33Y96         FDCE                                         r  twin_controller_inst/sw_reg[54]/C
  -------------------------------------------------------------------    -------------------
    SLICE_X33Y96         FDCE (Prop_fdce_C_Q)         0.223    18.025 r  twin_controller_inst/sw_reg[54]/Q
                         net (fo=3, routed)           1.026    19.050    student_top_inst/u_KLDJ_top/u_pipe_id_ex/mmio_rdata_q_reg[23][6]
    SLICE_X53Y91         LUT6 (Prop_lut6_I5_O)        0.043    19.093 f  student_top_inst/u_KLDJ_top/u_pipe_id_ex/mmio_rdata_q[22]_i_2/O
                         net (fo=1, routed)           0.385    19.478    student_top_inst/u_KLDJ_top/u_pipe_id_ex/mmio_rdata_q[22]_i_2_n_0
    SLICE_X53Y91         LUT4 (Prop_lut4_I0_O)        0.043    19.521 r  student_top_inst/u_KLDJ_top/u_pipe_id_ex/mmio_rdata_q[22]_i_1/O
                         net (fo=1, routed)           0.000    19.521    student_top_inst/bridge_inst/mmio_rdata_q_reg[29]_0[5]
    SLICE_X53Y91         FDRE                                         r  student_top_inst/bridge_inst/mmio_rdata_q_reg[22]/D
  -------------------------------------------------------------------    -------------------

                         (clock clk_out2_pll rise edge)
                                                     22.857    22.857 r  
    AD12                                              0.000    22.857 r  i_sys_clk_p (IN)
                         net (fo=0)                   0.000    22.857    pll_inst/inst/clk_in1_p
    AD12                 IBUFDS (Prop_ibufds_I_O)     0.803    23.661 r  pll_inst/inst/clkin1_ibufgds/O
                         net (fo=1, routed)           1.001    24.662    pll_inst/inst/clk_in1_pll
    PLLE2_ADV_X1Y1       PLLE2_ADV (Prop_plle2_adv_CLKIN1_CLKOUT1)
                                                     -7.261    17.401 r  pll_inst/inst/plle2_adv_inst/CLKOUT1
                         net (fo=1, routed)           2.003    19.404    pll_inst/inst/clk_out2_pll
    BUFGCTRL_X0Y0        BUFG (Prop_bufg_I_O)         0.083    19.487 r  pll_inst/inst/clkout2_buf/O
                         net (fo=6000, routed)        1.430    20.917    student_top_inst/bridge_inst/clk_out2
    SLICE_X53Y91         FDRE                                         r  student_top_inst/bridge_inst/mmio_rdata_q_reg[22]/C
                         clock pessimism             -0.598    20.319    
                         clock uncertainty           -0.214    20.105    
    SLICE_X53Y91         FDRE (Setup_fdre_C_D)        0.034    20.139    student_top_inst/bridge_inst/mmio_rdata_q_reg[22]
  -------------------------------------------------------------------
                         required time                         20.139    
                         arrival time                         -19.521    
  -------------------------------------------------------------------
                         slack                                  0.618    

Slack (MET) :             0.618ns  (required time - arrival time)
  Source:                 twin_controller_inst/sw_reg[58]/C
                            (rising edge-triggered cell FDCE clocked by clk_out1_pll  {rise@0.000ns fall@10.000ns period=20.000ns})
  Destination:            student_top_inst/bridge_inst/mmio_rdata_q_reg[26]/D
                            (rising edge-triggered cell FDRE clocked by clk_out2_pll  {rise@0.000ns fall@2.857ns period=5.714ns})
  Path Group:             clk_out2_pll
  Path Type:              Setup (Max at Slow Process Corner)
  Requirement:            2.857ns  (clk_out2_pll rise@22.857ns - clk_out1_pll rise@20.000ns)
  Data Path Delay:        1.714ns  (logic 0.309ns (18.025%)  route 1.405ns (81.975%))
  Logic Levels:           2  (LUT5=1 LUT6=1)
  Clock Path Skew:        -0.345ns (DCD - SCD + CPR)
    Destination Clock Delay (DCD):    -1.946ns = ( 20.912 - 22.857 ) 
    Source Clock Delay      (SCD):    -2.198ns = ( 17.802 - 20.000 ) 
    Clock Pessimism Removal (CPR):    -0.598ns
  Clock Uncertainty:      0.214ns  ((TSJ^2 + DJ^2)^1/2) / 2 + PE
    Total System Jitter     (TSJ):    0.071ns
    Discrete Jitter          (DJ):    0.174ns
    Phase Error              (PE):    0.120ns

    Location             Delay type                Incr(ns)  Path(ns)    Netlist Resource(s)
  -------------------------------------------------------------------    -------------------
                         (clock clk_out1_pll rise edge)
                                                     20.000    20.000 r  
    AD12                                              0.000    20.000 r  i_sys_clk_p (IN)
                         net (fo=0)                   0.000    20.000    pll_inst/inst/clk_in1_p
    AD12                 IBUFDS (Prop_ibufds_I_O)     0.906    20.906 r  pll_inst/inst/clkin1_ibufgds/O
                         net (fo=1, routed)           1.098    22.004    pll_inst/inst/clk_in1_pll
    PLLE2_ADV_X1Y1       PLLE2_ADV (Prop_plle2_adv_CLKIN1_CLKOUT0)
                                                     -8.058    13.946 r  pll_inst/inst/plle2_adv_inst/CLKOUT0
                         net (fo=1, routed)           2.128    16.074    pll_inst/inst/clk_out1_pll
    BUFGCTRL_X0Y1        BUFG (Prop_bufg_I_O)         0.093    16.167 r  pll_inst/inst/clkout1_buf/O
                         net (fo=386, routed)         1.635    17.802    twin_controller_inst/clk_out1
    SLICE_X33Y94         FDCE                                         r  twin_controller_inst/sw_reg[58]/C
  -------------------------------------------------------------------    -------------------
    SLICE_X33Y94         FDCE (Prop_fdce_C_Q)         0.223    18.025 r  twin_controller_inst/sw_reg[58]/Q
                         net (fo=3, routed)           0.672    18.696    student_top_inst/u_KLDJ_top/u_pipe_id_ex/mmio_rdata_q_reg[31]_0[2]
    SLICE_X41Y90         LUT6 (Prop_lut6_I2_O)        0.043    18.739 r  student_top_inst/u_KLDJ_top/u_pipe_id_ex/mmio_rdata_q[26]_i_2/O
                         net (fo=1, routed)           0.734    19.473    student_top_inst/bridge_inst/mmio_rdata_q_reg[26]_0
    SLICE_X55Y84         LUT5 (Prop_lut5_I1_O)        0.043    19.516 r  student_top_inst/bridge_inst/mmio_rdata_q[26]_i_1/O
                         net (fo=1, routed)           0.000    19.516    student_top_inst/bridge_inst/mmio_rdata_q[26]_i_1_n_0
    SLICE_X55Y84         FDRE                                         r  student_top_inst/bridge_inst/mmio_rdata_q_reg[26]/D
  -------------------------------------------------------------------    -------------------

                         (clock clk_out2_pll rise edge)
                                                     22.857    22.857 r  
    AD12                                              0.000    22.857 r  i_sys_clk_p (IN)
                         net (fo=0)                   0.000    22.857    pll_inst/inst/clk_in1_p
    AD12                 IBUFDS (Prop_ibufds_I_O)     0.803    23.661 r  pll_inst/inst/clkin1_ibufgds/O
                         net (fo=1, routed)           1.001    24.662    pll_inst/inst/clk_in1_pll
    PLLE2_ADV_X1Y1       PLLE2_ADV (Prop_plle2_adv_CLKIN1_CLKOUT1)
                                                     -7.261    17.401 r  pll_inst/inst/plle2_adv_inst/CLKOUT1
                         net (fo=1, routed)           2.003    19.404    pll_inst/inst/clk_out2_pll
    BUFGCTRL_X0Y0        BUFG (Prop_bufg_I_O)         0.083    19.487 r  pll_inst/inst/clkout2_buf/O
                         net (fo=6000, routed)        1.425    20.912    student_top_inst/bridge_inst/clk_out2
    SLICE_X55Y84         FDRE                                         r  student_top_inst/bridge_inst/mmio_rdata_q_reg[26]/C
                         clock pessimism             -0.598    20.314    
                         clock uncertainty           -0.214    20.100    
    SLICE_X55Y84         FDRE (Setup_fdre_C_D)        0.034    20.134    student_top_inst/bridge_inst/mmio_rdata_q_reg[26]
  -------------------------------------------------------------------
                         required time                         20.134    
                         arrival time                         -19.516    
  -------------------------------------------------------------------
                         slack                                  0.618    

Slack (MET) :             0.633ns  (required time - arrival time)
  Source:                 twin_controller_inst/sw_reg[53]/C
                            (rising edge-triggered cell FDCE clocked by clk_out1_pll  {rise@0.000ns fall@10.000ns period=20.000ns})
  Destination:            student_top_inst/bridge_inst/mmio_rdata_q_reg[21]/D
                            (rising edge-triggered cell FDRE clocked by clk_out2_pll  {rise@0.000ns fall@2.857ns period=5.714ns})
  Path Group:             clk_out2_pll
  Path Type:              Setup (Max at Slow Process Corner)
  Requirement:            2.857ns  (clk_out2_pll rise@22.857ns - clk_out1_pll rise@20.000ns)
  Data Path Delay:        1.765ns  (logic 0.309ns (17.509%)  route 1.456ns (82.491%))
  Logic Levels:           2  (LUT5=1 LUT6=1)
  Clock Path Skew:        -0.279ns (DCD - SCD + CPR)
    Destination Clock Delay (DCD):    -1.880ns = ( 20.978 - 22.857 ) 
    Source Clock Delay      (SCD):    -2.198ns = ( 17.802 - 20.000 ) 
    Clock Pessimism Removal (CPR):    -0.598ns
  Clock Uncertainty:      0.214ns  ((TSJ^2 + DJ^2)^1/2) / 2 + PE
    Total System Jitter     (TSJ):    0.071ns
    Discrete Jitter          (DJ):    0.174ns
    Phase Error              (PE):    0.120ns

    Location             Delay type                Incr(ns)  Path(ns)    Netlist Resource(s)
  -------------------------------------------------------------------    -------------------
                         (clock clk_out1_pll rise edge)
                                                     20.000    20.000 r  
    AD12                                              0.000    20.000 r  i_sys_clk_p (IN)
                         net (fo=0)                   0.000    20.000    pll_inst/inst/clk_in1_p
    AD12                 IBUFDS (Prop_ibufds_I_O)     0.906    20.906 r  pll_inst/inst/clkin1_ibufgds/O
                         net (fo=1, routed)           1.098    22.004    pll_inst/inst/clk_in1_pll
    PLLE2_ADV_X1Y1       PLLE2_ADV (Prop_plle2_adv_CLKIN1_CLKOUT0)
                                                     -8.058    13.946 r  pll_inst/inst/plle2_adv_inst/CLKOUT0
                         net (fo=1, routed)           2.128    16.074    pll_inst/inst/clk_out1_pll
    BUFGCTRL_X0Y1        BUFG (Prop_bufg_I_O)         0.093    16.167 r  pll_inst/inst/clkout1_buf/O
                         net (fo=386, routed)         1.635    17.802    twin_controller_inst/clk_out1
    SLICE_X33Y94         FDCE                                         r  twin_controller_inst/sw_reg[53]/C
  -------------------------------------------------------------------    -------------------
    SLICE_X33Y94         FDCE (Prop_fdce_C_Q)         0.223    18.025 r  twin_controller_inst/sw_reg[53]/Q
                         net (fo=3, routed)           0.722    18.746    student_top_inst/u_KLDJ_top/u_pipe_id_ex/mmio_rdata_q_reg[23][5]
    SLICE_X35Y94         LUT6 (Prop_lut6_I2_O)        0.043    18.789 r  student_top_inst/u_KLDJ_top/u_pipe_id_ex/mmio_rdata_q[21]_i_2/O
                         net (fo=1, routed)           0.734    19.523    student_top_inst/bridge_inst/mmio_rdata_q_reg[21]_0
    SLICE_X43Y92         LUT5 (Prop_lut5_I1_O)        0.043    19.566 r  student_top_inst/bridge_inst/mmio_rdata_q[21]_i_1/O
                         net (fo=1, routed)           0.000    19.566    student_top_inst/bridge_inst/mmio_rdata_q[21]_i_1_n_0
    SLICE_X43Y92         FDRE                                         r  student_top_inst/bridge_inst/mmio_rdata_q_reg[21]/D
  -------------------------------------------------------------------    -------------------

                         (clock clk_out2_pll rise edge)
                                                     22.857    22.857 r  
    AD12                                              0.000    22.857 r  i_sys_clk_p (IN)
                         net (fo=0)                   0.000    22.857    pll_inst/inst/clk_in1_p
    AD12                 IBUFDS (Prop_ibufds_I_O)     0.803    23.661 r  pll_inst/inst/clkin1_ibufgds/O
                         net (fo=1, routed)           1.001    24.662    pll_inst/inst/clk_in1_pll
    PLLE2_ADV_X1Y1       PLLE2_ADV (Prop_plle2_adv_CLKIN1_CLKOUT1)
                                                     -7.261    17.401 r  pll_inst/inst/plle2_adv_inst/CLKOUT1
                         net (fo=1, routed)           2.003    19.404    pll_inst/inst/clk_out2_pll
    BUFGCTRL_X0Y0        BUFG (Prop_bufg_I_O)         0.083    19.487 r  pll_inst/inst/clkout2_buf/O
                         net (fo=6000, routed)        1.491    20.978    student_top_inst/bridge_inst/clk_out2
    SLICE_X43Y92         FDRE                                         r  student_top_inst/bridge_inst/mmio_rdata_q_reg[21]/C
                         clock pessimism             -0.598    20.380    
                         clock uncertainty           -0.214    20.166    
    SLICE_X43Y92         FDRE (Setup_fdre_C_D)        0.033    20.199    student_top_inst/bridge_inst/mmio_rdata_q_reg[21]
  -------------------------------------------------------------------
                         required time                         20.199    
                         arrival time                         -19.566    
  -------------------------------------------------------------------
                         slack                                  0.633    

Slack (MET) :             0.644ns  (required time - arrival time)
  Source:                 student_top_inst/bridge_inst/counter_inst/cnt_ms_gray_cnt_reg[18]/C
                            (rising edge-triggered cell FDRE clocked by clk_out1_pll  {rise@0.000ns fall@10.000ns period=20.000ns})
  Destination:            student_top_inst/bridge_inst/counter_inst/cnt_gray_cpu_d1_reg[18]/D
                            (rising edge-triggered cell FDRE clocked by clk_out2_pll  {rise@0.000ns fall@2.857ns period=5.714ns})
  Path Group:             clk_out2_pll
  Path Type:              Setup (Max at Slow Process Corner)
  Requirement:            2.857ns  (clk_out2_pll rise@22.857ns - clk_out1_pll rise@20.000ns)
  Data Path Delay:        1.663ns  (logic 0.236ns (14.192%)  route 1.427ns (85.808%))
  Logic Levels:           0  
  Clock Path Skew:        -0.275ns (DCD - SCD + CPR)
    Destination Clock Delay (DCD):    -1.881ns = ( 20.977 - 22.857 ) 
    Source Clock Delay      (SCD):    -2.203ns = ( 17.797 - 20.000 ) 
    Clock Pessimism Removal (CPR):    -0.598ns
  Clock Uncertainty:      0.214ns  ((TSJ^2 + DJ^2)^1/2) / 2 + PE
    Total System Jitter     (TSJ):    0.071ns
    Discrete Jitter          (DJ):    0.174ns
    Phase Error              (PE):    0.120ns

    Location             Delay type                Incr(ns)  Path(ns)    Netlist Resource(s)
  -------------------------------------------------------------------    -------------------
                         (clock clk_out1_pll rise edge)
                                                     20.000    20.000 r  
    AD12                                              0.000    20.000 r  i_sys_clk_p (IN)
                         net (fo=0)                   0.000    20.000    pll_inst/inst/clk_in1_p
    AD12                 IBUFDS (Prop_ibufds_I_O)     0.906    20.906 r  pll_inst/inst/clkin1_ibufgds/O
                         net (fo=1, routed)           1.098    22.004    pll_inst/inst/clk_in1_pll
    PLLE2_ADV_X1Y1       PLLE2_ADV (Prop_plle2_adv_CLKIN1_CLKOUT0)
                                                     -8.058    13.946 r  pll_inst/inst/plle2_adv_inst/CLKOUT0
                         net (fo=1, routed)           2.128    16.074    pll_inst/inst/clk_out1_pll
    BUFGCTRL_X0Y1        BUFG (Prop_bufg_I_O)         0.093    16.167 r  pll_inst/inst/clkout1_buf/O
                         net (fo=386, routed)         1.630    17.797    student_top_inst/bridge_inst/counter_inst/clk_out1
    SLICE_X38Y92         FDRE                                         r  student_top_inst/bridge_inst/counter_inst/cnt_ms_gray_cnt_reg[18]/C
  -------------------------------------------------------------------    -------------------
    SLICE_X38Y92         FDRE (Prop_fdre_C_Q)         0.236    18.033 r  student_top_inst/bridge_inst/counter_inst/cnt_ms_gray_cnt_reg[18]/Q
                         net (fo=1, routed)           1.427    19.459    student_top_inst/bridge_inst/counter_inst/cnt_ms_gray_cnt[18]
    SLICE_X42Y91         FDRE                                         r  student_top_inst/bridge_inst/counter_inst/cnt_gray_cpu_d1_reg[18]/D
  -------------------------------------------------------------------    -------------------

                         (clock clk_out2_pll rise edge)
                                                     22.857    22.857 r  
    AD12                                              0.000    22.857 r  i_sys_clk_p (IN)
                         net (fo=0)                   0.000    22.857    pll_inst/inst/clk_in1_p
    AD12                 IBUFDS (Prop_ibufds_I_O)     0.803    23.661 r  pll_inst/inst/clkin1_ibufgds/O
                         net (fo=1, routed)           1.001    24.662    pll_inst/inst/clk_in1_pll
    PLLE2_ADV_X1Y1       PLLE2_ADV (Prop_plle2_adv_CLKIN1_CLKOUT1)
                                                     -7.261    17.401 r  pll_inst/inst/plle2_adv_inst/CLKOUT1
                         net (fo=1, routed)           2.003    19.404    pll_inst/inst/clk_out2_pll
    BUFGCTRL_X0Y0        BUFG (Prop_bufg_I_O)         0.083    19.487 r  pll_inst/inst/clkout2_buf/O
                         net (fo=6000, routed)        1.490    20.977    student_top_inst/bridge_inst/counter_inst/clk_out2
    SLICE_X42Y91         FDRE                                         r  student_top_inst/bridge_inst/counter_inst/cnt_gray_cpu_d1_reg[18]/C
                         clock pessimism             -0.598    20.379    
                         clock uncertainty           -0.214    20.165    
    SLICE_X42Y91         FDRE (Setup_fdre_C_D)       -0.062    20.103    student_top_inst/bridge_inst/counter_inst/cnt_gray_cpu_d1_reg[18]
  -------------------------------------------------------------------
                         required time                         20.103    
                         arrival time                         -19.459    
  -------------------------------------------------------------------
                         slack                                  0.644    

Slack (MET) :             0.669ns  (required time - arrival time)
  Source:                 twin_controller_inst/sw_reg[20]/C
                            (rising edge-triggered cell FDCE clocked by clk_out1_pll  {rise@0.000ns fall@10.000ns period=20.000ns})
  Destination:            student_top_inst/bridge_inst/mmio_rdata_q_reg[20]/D
                            (rising edge-triggered cell FDRE clocked by clk_out2_pll  {rise@0.000ns fall@2.857ns period=5.714ns})
  Path Group:             clk_out2_pll
  Path Type:              Setup (Max at Slow Process Corner)
  Requirement:            2.857ns  (clk_out2_pll rise@22.857ns - clk_out1_pll rise@20.000ns)
  Data Path Delay:        1.695ns  (logic 0.309ns (18.233%)  route 1.386ns (81.767%))
  Logic Levels:           2  (LUT4=1 LUT6=1)
  Clock Path Skew:        -0.344ns (DCD - SCD + CPR)
    Destination Clock Delay (DCD):    -1.942ns = ( 20.916 - 22.857 ) 
    Source Clock Delay      (SCD):    -2.195ns = ( 17.805 - 20.000 ) 
    Clock Pessimism Removal (CPR):    -0.598ns
  Clock Uncertainty:      0.214ns  ((TSJ^2 + DJ^2)^1/2) / 2 + PE
    Total System Jitter     (TSJ):    0.071ns
    Discrete Jitter          (DJ):    0.174ns
    Phase Error              (PE):    0.120ns

    Location             Delay type                Incr(ns)  Path(ns)    Netlist Resource(s)
  -------------------------------------------------------------------    -------------------
                         (clock clk_out1_pll rise edge)
                                                     20.000    20.000 r  
    AD12                                              0.000    20.000 r  i_sys_clk_p (IN)
                         net (fo=0)                   0.000    20.000    pll_inst/inst/clk_in1_p
    AD12                 IBUFDS (Prop_ibufds_I_O)     0.906    20.906 r  pll_inst/inst/clkin1_ibufgds/O
                         net (fo=1, routed)           1.098    22.004    pll_inst/inst/clk_in1_pll
    PLLE2_ADV_X1Y1       PLLE2_ADV (Prop_plle2_adv_CLKIN1_CLKOUT0)
                                                     -8.058    13.946 r  pll_inst/inst/plle2_adv_inst/CLKOUT0
                         net (fo=1, routed)           2.128    16.074    pll_inst/inst/clk_out1_pll
    BUFGCTRL_X0Y1        BUFG (Prop_bufg_I_O)         0.093    16.167 r  pll_inst/inst/clkout1_buf/O
                         net (fo=386, routed)         1.638    17.805    twin_controller_inst/clk_out1
    SLICE_X27Y93         FDCE                                         r  twin_controller_inst/sw_reg[20]/C
  -------------------------------------------------------------------    -------------------
    SLICE_X27Y93         FDCE (Prop_fdce_C_Q)         0.223    18.028 r  twin_controller_inst/sw_reg[20]/Q
                         net (fo=3, routed)           0.965    18.993    student_top_inst/u_KLDJ_top/u_pipe_id_ex/mmio_rdata_q_reg[23]_0[3]
    SLICE_X54Y92         LUT6 (Prop_lut6_I1_O)        0.043    19.036 f  student_top_inst/u_KLDJ_top/u_pipe_id_ex/mmio_rdata_q[20]_i_2/O
                         net (fo=1, routed)           0.421    19.456    student_top_inst/u_KLDJ_top/u_pipe_id_ex/mmio_rdata_q[20]_i_2_n_0
    SLICE_X54Y91         LUT4 (Prop_lut4_I0_O)        0.043    19.499 r  student_top_inst/u_KLDJ_top/u_pipe_id_ex/mmio_rdata_q[20]_i_1/O
                         net (fo=1, routed)           0.000    19.499    student_top_inst/bridge_inst/mmio_rdata_q_reg[29]_0[4]
    SLICE_X54Y91         FDRE                                         r  student_top_inst/bridge_inst/mmio_rdata_q_reg[20]/D
  -------------------------------------------------------------------    -------------------

                         (clock clk_out2_pll rise edge)
                                                     22.857    22.857 r  
    AD12                                              0.000    22.857 r  i_sys_clk_p (IN)
                         net (fo=0)                   0.000    22.857    pll_inst/inst/clk_in1_p
    AD12                 IBUFDS (Prop_ibufds_I_O)     0.803    23.661 r  pll_inst/inst/clkin1_ibufgds/O
                         net (fo=1, routed)           1.001    24.662    pll_inst/inst/clk_in1_pll
    PLLE2_ADV_X1Y1       PLLE2_ADV (Prop_plle2_adv_CLKIN1_CLKOUT1)
                                                     -7.261    17.401 r  pll_inst/inst/plle2_adv_inst/CLKOUT1
                         net (fo=1, routed)           2.003    19.404    pll_inst/inst/clk_out2_pll
    BUFGCTRL_X0Y0        BUFG (Prop_bufg_I_O)         0.083    19.487 r  pll_inst/inst/clkout2_buf/O
                         net (fo=6000, routed)        1.429    20.916    student_top_inst/bridge_inst/clk_out2
    SLICE_X54Y91         FDRE                                         r  student_top_inst/bridge_inst/mmio_rdata_q_reg[20]/C
                         clock pessimism             -0.598    20.318    
                         clock uncertainty           -0.214    20.104    
    SLICE_X54Y91         FDRE (Setup_fdre_C_D)        0.064    20.168    student_top_inst/bridge_inst/mmio_rdata_q_reg[20]
  -------------------------------------------------------------------
                         required time                         20.168    
                         arrival time                         -19.499    
  -------------------------------------------------------------------
                         slack                                  0.669    

Slack (MET) :             0.676ns  (required time - arrival time)
  Source:                 twin_controller_inst/sw_reg[60]/C
                            (rising edge-triggered cell FDCE clocked by clk_out1_pll  {rise@0.000ns fall@10.000ns period=20.000ns})
  Destination:            student_top_inst/bridge_inst/mmio_rdata_q_reg[28]/D
                            (rising edge-triggered cell FDRE clocked by clk_out2_pll  {rise@0.000ns fall@2.857ns period=5.714ns})
  Path Group:             clk_out2_pll
  Path Type:              Setup (Max at Slow Process Corner)
  Requirement:            2.857ns  (clk_out2_pll rise@22.857ns - clk_out1_pll rise@20.000ns)
  Data Path Delay:        1.723ns  (logic 0.309ns (17.929%)  route 1.414ns (82.071%))
  Logic Levels:           2  (LUT5=1 LUT6=1)
  Clock Path Skew:        -0.278ns (DCD - SCD + CPR)
    Destination Clock Delay (DCD):    -1.880ns = ( 20.978 - 22.857 ) 
    Source Clock Delay      (SCD):    -2.199ns = ( 17.801 - 20.000 ) 
    Clock Pessimism Removal (CPR):    -0.598ns
  Clock Uncertainty:      0.214ns  ((TSJ^2 + DJ^2)^1/2) / 2 + PE
    Total System Jitter     (TSJ):    0.071ns
    Discrete Jitter          (DJ):    0.174ns
    Phase Error              (PE):    0.120ns

    Location             Delay type                Incr(ns)  Path(ns)    Netlist Resource(s)
  -------------------------------------------------------------------    -------------------
                         (clock clk_out1_pll rise edge)
                                                     20.000    20.000 r  
    AD12                                              0.000    20.000 r  i_sys_clk_p (IN)
                         net (fo=0)                   0.000    20.000    pll_inst/inst/clk_in1_p
    AD12                 IBUFDS (Prop_ibufds_I_O)     0.906    20.906 r  pll_inst/inst/clkin1_ibufgds/O
                         net (fo=1, routed)           1.098    22.004    pll_inst/inst/clk_in1_pll
    PLLE2_ADV_X1Y1       PLLE2_ADV (Prop_plle2_adv_CLKIN1_CLKOUT0)
                                                     -8.058    13.946 r  pll_inst/inst/plle2_adv_inst/CLKOUT0
                         net (fo=1, routed)           2.128    16.074    pll_inst/inst/clk_out1_pll
    BUFGCTRL_X0Y1        BUFG (Prop_bufg_I_O)         0.093    16.167 r  pll_inst/inst/clkout1_buf/O
                         net (fo=386, routed)         1.634    17.801    twin_controller_inst/clk_out1
    SLICE_X32Y92         FDCE                                         r  twin_controller_inst/sw_reg[60]/C
  -------------------------------------------------------------------    -------------------
    SLICE_X32Y92         FDCE (Prop_fdce_C_Q)         0.223    18.024 r  twin_controller_inst/sw_reg[60]/Q
                         net (fo=3, routed)           0.682    18.706    student_top_inst/u_KLDJ_top/u_pipe_id_ex/mmio_rdata_q_reg[31]_0[4]
    SLICE_X34Y92         LUT6 (Prop_lut6_I2_O)        0.043    18.749 r  student_top_inst/u_KLDJ_top/u_pipe_id_ex/mmio_rdata_q[28]_i_2/O
                         net (fo=1, routed)           0.732    19.481    student_top_inst/bridge_inst/mmio_rdata_q_reg[28]_0
    SLICE_X43Y92         LUT5 (Prop_lut5_I1_O)        0.043    19.524 r  student_top_inst/bridge_inst/mmio_rdata_q[28]_i_1/O
                         net (fo=1, routed)           0.000    19.524    student_top_inst/bridge_inst/mmio_rdata_q[28]_i_1_n_0
    SLICE_X43Y92         FDRE                                         r  student_top_inst/bridge_inst/mmio_rdata_q_reg[28]/D
  -------------------------------------------------------------------    -------------------

                         (clock clk_out2_pll rise edge)
                                                     22.857    22.857 r  
    AD12                                              0.000    22.857 r  i_sys_clk_p (IN)
                         net (fo=0)                   0.000    22.857    pll_inst/inst/clk_in1_p
    AD12                 IBUFDS (Prop_ibufds_I_O)     0.803    23.661 r  pll_inst/inst/clkin1_ibufgds/O
                         net (fo=1, routed)           1.001    24.662    pll_inst/inst/clk_in1_pll
    PLLE2_ADV_X1Y1       PLLE2_ADV (Prop_plle2_adv_CLKIN1_CLKOUT1)
                                                     -7.261    17.401 r  pll_inst/inst/plle2_adv_inst/CLKOUT1
                         net (fo=1, routed)           2.003    19.404    pll_inst/inst/clk_out2_pll
    BUFGCTRL_X0Y0        BUFG (Prop_bufg_I_O)         0.083    19.487 r  pll_inst/inst/clkout2_buf/O
                         net (fo=6000, routed)        1.491    20.978    student_top_inst/bridge_inst/clk_out2
    SLICE_X43Y92         FDRE                                         r  student_top_inst/bridge_inst/mmio_rdata_q_reg[28]/C
                         clock pessimism             -0.598    20.380    
                         clock uncertainty           -0.214    20.166    
    SLICE_X43Y92         FDRE (Setup_fdre_C_D)        0.034    20.200    student_top_inst/bridge_inst/mmio_rdata_q_reg[28]
  -------------------------------------------------------------------
                         required time                         20.200    
                         arrival time                         -19.524    
  -------------------------------------------------------------------
                         slack                                  0.676    

Slack (MET) :             0.686ns  (required time - arrival time)
  Source:                 twin_controller_inst/sw_reg[56]/C
                            (rising edge-triggered cell FDCE clocked by clk_out1_pll  {rise@0.000ns fall@10.000ns period=20.000ns})
  Destination:            student_top_inst/bridge_inst/mmio_rdata_q_reg[24]/D
                            (rising edge-triggered cell FDRE clocked by clk_out2_pll  {rise@0.000ns fall@2.857ns period=5.714ns})
  Path Group:             clk_out2_pll
  Path Type:              Setup (Max at Slow Process Corner)
  Requirement:            2.857ns  (clk_out2_pll rise@22.857ns - clk_out1_pll rise@20.000ns)
  Data Path Delay:        1.680ns  (logic 0.309ns (18.391%)  route 1.371ns (81.609%))
  Logic Levels:           2  (LUT4=1 LUT6=1)
  Clock Path Skew:        -0.342ns (DCD - SCD + CPR)
    Destination Clock Delay (DCD):    -1.942ns = ( 20.916 - 22.857 ) 
    Source Clock Delay      (SCD):    -2.197ns = ( 17.803 - 20.000 ) 
    Clock Pessimism Removal (CPR):    -0.598ns
  Clock Uncertainty:      0.214ns  ((TSJ^2 + DJ^2)^1/2) / 2 + PE
    Total System Jitter     (TSJ):    0.071ns
    Discrete Jitter          (DJ):    0.174ns
    Phase Error              (PE):    0.120ns

    Location             Delay type                Incr(ns)  Path(ns)    Netlist Resource(s)
  -------------------------------------------------------------------    -------------------
                         (clock clk_out1_pll rise edge)
                                                     20.000    20.000 r  
    AD12                                              0.000    20.000 r  i_sys_clk_p (IN)
                         net (fo=0)                   0.000    20.000    pll_inst/inst/clk_in1_p
    AD12                 IBUFDS (Prop_ibufds_I_O)     0.906    20.906 r  pll_inst/inst/clkin1_ibufgds/O
                         net (fo=1, routed)           1.098    22.004    pll_inst/inst/clk_in1_pll
    PLLE2_ADV_X1Y1       PLLE2_ADV (Prop_plle2_adv_CLKIN1_CLKOUT0)
                                                     -8.058    13.946 r  pll_inst/inst/plle2_adv_inst/CLKOUT0
                         net (fo=1, routed)           2.128    16.074    pll_inst/inst/clk_out1_pll
    BUFGCTRL_X0Y1        BUFG (Prop_bufg_I_O)         0.093    16.167 r  pll_inst/inst/clkout1_buf/O
                         net (fo=386, routed)         1.636    17.803    twin_controller_inst/clk_out1
    SLICE_X28Y95         FDCE                                         r  twin_controller_inst/sw_reg[56]/C
  -------------------------------------------------------------------    -------------------
    SLICE_X28Y95         FDCE (Prop_fdce_C_Q)         0.223    18.026 r  twin_controller_inst/sw_reg[56]/Q
                         net (fo=3, routed)           1.089    19.114    student_top_inst/u_KLDJ_top/u_pipe_id_ex/mmio_rdata_q_reg[31]_0[0]
    SLICE_X54Y92         LUT6 (Prop_lut6_I5_O)        0.043    19.157 f  student_top_inst/u_KLDJ_top/u_pipe_id_ex/mmio_rdata_q[24]_i_2/O
                         net (fo=1, routed)           0.283    19.440    student_top_inst/u_KLDJ_top/u_pipe_id_ex/mmio_rdata_q[24]_i_2_n_0
    SLICE_X54Y91         LUT4 (Prop_lut4_I0_O)        0.043    19.483 r  student_top_inst/u_KLDJ_top/u_pipe_id_ex/mmio_rdata_q[24]_i_1/O
                         net (fo=1, routed)           0.000    19.483    student_top_inst/bridge_inst/mmio_rdata_q_reg[29]_0[6]
    SLICE_X54Y91         FDRE                                         r  student_top_inst/bridge_inst/mmio_rdata_q_reg[24]/D
  -------------------------------------------------------------------    -------------------

                         (clock clk_out2_pll rise edge)
                                                     22.857    22.857 r  
    AD12                                              0.000    22.857 r  i_sys_clk_p (IN)
                         net (fo=0)                   0.000    22.857    pll_inst/inst/clk_in1_p
    AD12                 IBUFDS (Prop_ibufds_I_O)     0.803    23.661 r  pll_inst/inst/clkin1_ibufgds/O
                         net (fo=1, routed)           1.001    24.662    pll_inst/inst/clk_in1_pll
    PLLE2_ADV_X1Y1       PLLE2_ADV (Prop_plle2_adv_CLKIN1_CLKOUT1)
                                                     -7.261    17.401 r  pll_inst/inst/plle2_adv_inst/CLKOUT1
                         net (fo=1, routed)           2.003    19.404    pll_inst/inst/clk_out2_pll
    BUFGCTRL_X0Y0        BUFG (Prop_bufg_I_O)         0.083    19.487 r  pll_inst/inst/clkout2_buf/O
                         net (fo=6000, routed)        1.429    20.916    student_top_inst/bridge_inst/clk_out2
    SLICE_X54Y91         FDRE                                         r  student_top_inst/bridge_inst/mmio_rdata_q_reg[24]/C
                         clock pessimism             -0.598    20.318    
                         clock uncertainty           -0.214    20.104    
    SLICE_X54Y91         FDRE (Setup_fdre_C_D)        0.065    20.169    student_top_inst/bridge_inst/mmio_rdata_q_reg[24]
  -------------------------------------------------------------------
                         required time                         20.169    
                         arrival time                         -19.483    
  -------------------------------------------------------------------
                         slack                                  0.686    

Slack (MET) :             0.696ns  (required time - arrival time)
  Source:                 twin_controller_inst/sw_reg[12]/C
                            (rising edge-triggered cell FDCE clocked by clk_out1_pll  {rise@0.000ns fall@10.000ns period=20.000ns})
  Destination:            student_top_inst/bridge_inst/mmio_rdata_q_reg[12]/D
                            (rising edge-triggered cell FDRE clocked by clk_out2_pll  {rise@0.000ns fall@2.857ns period=5.714ns})
  Path Group:             clk_out2_pll
  Path Type:              Setup (Max at Slow Process Corner)
  Requirement:            2.857ns  (clk_out2_pll rise@22.857ns - clk_out1_pll rise@20.000ns)
  Data Path Delay:        1.703ns  (logic 0.309ns (18.141%)  route 1.394ns (81.859%))
  Logic Levels:           2  (LUT5=1 LUT6=1)
  Clock Path Skew:        -0.278ns (DCD - SCD + CPR)
    Destination Clock Delay (DCD):    -1.878ns = ( 20.980 - 22.857 ) 
    Source Clock Delay      (SCD):    -2.197ns = ( 17.803 - 20.000 ) 
    Clock Pessimism Removal (CPR):    -0.598ns
  Clock Uncertainty:      0.214ns  ((TSJ^2 + DJ^2)^1/2) / 2 + PE
    Total System Jitter     (TSJ):    0.071ns
    Discrete Jitter          (DJ):    0.174ns
    Phase Error              (PE):    0.120ns

    Location             Delay type                Incr(ns)  Path(ns)    Netlist Resource(s)
  -------------------------------------------------------------------    -------------------
                         (clock clk_out1_pll rise edge)
                                                     20.000    20.000 r  
    AD12                                              0.000    20.000 r  i_sys_clk_p (IN)
                         net (fo=0)                   0.000    20.000    pll_inst/inst/clk_in1_p
    AD12                 IBUFDS (Prop_ibufds_I_O)     0.906    20.906 r  pll_inst/inst/clkin1_ibufgds/O
                         net (fo=1, routed)           1.098    22.004    pll_inst/inst/clk_in1_pll
    PLLE2_ADV_X1Y1       PLLE2_ADV (Prop_plle2_adv_CLKIN1_CLKOUT0)
                                                     -8.058    13.946 r  pll_inst/inst/plle2_adv_inst/CLKOUT0
                         net (fo=1, routed)           2.128    16.074    pll_inst/inst/clk_out1_pll
    BUFGCTRL_X0Y1        BUFG (Prop_bufg_I_O)         0.093    16.167 r  pll_inst/inst/clkout1_buf/O
                         net (fo=386, routed)         1.636    17.803    twin_controller_inst/clk_out1
    SLICE_X28Y94         FDCE                                         r  twin_controller_inst/sw_reg[12]/C
  -------------------------------------------------------------------    -------------------
    SLICE_X28Y94         FDCE (Prop_fdce_C_Q)         0.223    18.026 r  twin_controller_inst/sw_reg[12]/Q
                         net (fo=3, routed)           0.773    18.798    student_top_inst/u_KLDJ_top/u_pipe_id_ex/mmio_rdata_q_reg[14][2]
    SLICE_X35Y94         LUT6 (Prop_lut6_I0_O)        0.043    18.841 r  student_top_inst/u_KLDJ_top/u_pipe_id_ex/mmio_rdata_q[12]_i_2/O
                         net (fo=1, routed)           0.622    19.463    student_top_inst/bridge_inst/mmio_rdata_q_reg[12]_0
    SLICE_X41Y93         LUT5 (Prop_lut5_I1_O)        0.043    19.506 r  student_top_inst/bridge_inst/mmio_rdata_q[12]_i_1/O
                         net (fo=1, routed)           0.000    19.506    student_top_inst/bridge_inst/mmio_rdata_q[12]_i_1_n_0
    SLICE_X41Y93         FDRE                                         r  student_top_inst/bridge_inst/mmio_rdata_q_reg[12]/D
  -------------------------------------------------------------------    -------------------

                         (clock clk_out2_pll rise edge)
                                                     22.857    22.857 r  
    AD12                                              0.000    22.857 r  i_sys_clk_p (IN)
                         net (fo=0)                   0.000    22.857    pll_inst/inst/clk_in1_p
    AD12                 IBUFDS (Prop_ibufds_I_O)     0.803    23.661 r  pll_inst/inst/clkin1_ibufgds/O
                         net (fo=1, routed)           1.001    24.662    pll_inst/inst/clk_in1_pll
    PLLE2_ADV_X1Y1       PLLE2_ADV (Prop_plle2_adv_CLKIN1_CLKOUT1)
                                                     -7.261    17.401 r  pll_inst/inst/plle2_adv_inst/CLKOUT1
                         net (fo=1, routed)           2.003    19.404    pll_inst/inst/clk_out2_pll
    BUFGCTRL_X0Y0        BUFG (Prop_bufg_I_O)         0.083    19.487 r  pll_inst/inst/clkout2_buf/O
                         net (fo=6000, routed)        1.493    20.980    student_top_inst/bridge_inst/clk_out2
    SLICE_X41Y93         FDRE                                         r  student_top_inst/bridge_inst/mmio_rdata_q_reg[12]/C
                         clock pessimism             -0.598    20.382    
                         clock uncertainty           -0.214    20.168    
    SLICE_X41Y93         FDRE (Setup_fdre_C_D)        0.034    20.202    student_top_inst/bridge_inst/mmio_rdata_q_reg[12]
  -------------------------------------------------------------------
                         required time                         20.202    
                         arrival time                         -19.506    
  -------------------------------------------------------------------
                         slack                                  0.696    

Slack (MET) :             0.711ns  (required time - arrival time)
  Source:                 twin_controller_inst/sw_reg[25]/C
                            (rising edge-triggered cell FDCE clocked by clk_out1_pll  {rise@0.000ns fall@10.000ns period=20.000ns})
  Destination:            student_top_inst/bridge_inst/mmio_rdata_q_reg[25]/D
                            (rising edge-triggered cell FDRE clocked by clk_out2_pll  {rise@0.000ns fall@2.857ns period=5.714ns})
  Path Group:             clk_out2_pll
  Path Type:              Setup (Max at Slow Process Corner)
  Requirement:            2.857ns  (clk_out2_pll rise@22.857ns - clk_out1_pll rise@20.000ns)
  Data Path Delay:        1.685ns  (logic 0.309ns (18.344%)  route 1.376ns (81.656%))
  Logic Levels:           2  (LUT4=1 LUT6=1)
  Clock Path Skew:        -0.281ns (DCD - SCD + CPR)
    Destination Clock Delay (DCD):    -1.879ns = ( 20.979 - 22.857 ) 
    Source Clock Delay      (SCD):    -2.195ns = ( 17.805 - 20.000 ) 
    Clock Pessimism Removal (CPR):    -0.598ns
  Clock Uncertainty:      0.214ns  ((TSJ^2 + DJ^2)^1/2) / 2 + PE
    Total System Jitter     (TSJ):    0.071ns
    Discrete Jitter          (DJ):    0.174ns
    Phase Error              (PE):    0.120ns

    Location             Delay type                Incr(ns)  Path(ns)    Netlist Resource(s)
  -------------------------------------------------------------------    -------------------
                         (clock clk_out1_pll rise edge)
                                                     20.000    20.000 r  
    AD12                                              0.000    20.000 r  i_sys_clk_p (IN)
                         net (fo=0)                   0.000    20.000    pll_inst/inst/clk_in1_p
    AD12                 IBUFDS (Prop_ibufds_I_O)     0.906    20.906 r  pll_inst/inst/clkin1_ibufgds/O
                         net (fo=1, routed)           1.098    22.004    pll_inst/inst/clk_in1_pll
    PLLE2_ADV_X1Y1       PLLE2_ADV (Prop_plle2_adv_CLKIN1_CLKOUT0)
                                                     -8.058    13.946 r  pll_inst/inst/plle2_adv_inst/CLKOUT0
                         net (fo=1, routed)           2.128    16.074    pll_inst/inst/clk_out1_pll
    BUFGCTRL_X0Y1        BUFG (Prop_bufg_I_O)         0.093    16.167 r  pll_inst/inst/clkout1_buf/O
                         net (fo=386, routed)         1.638    17.805    twin_controller_inst/clk_out1
    SLICE_X27Y93         FDCE                                         r  twin_controller_inst/sw_reg[25]/C
  -------------------------------------------------------------------    -------------------
    SLICE_X27Y93         FDCE (Prop_fdce_C_Q)         0.223    18.028 r  twin_controller_inst/sw_reg[25]/Q
                         net (fo=3, routed)           0.968    18.995    student_top_inst/u_KLDJ_top/u_pipe_id_ex/mmio_rdata_q_reg[31][1]
    SLICE_X41Y92         LUT6 (Prop_lut6_I1_O)        0.043    19.038 r  student_top_inst/u_KLDJ_top/u_pipe_id_ex/mmio_rdata_q[25]_i_2/O
                         net (fo=1, routed)           0.408    19.446    student_top_inst/bridge_inst/mmio_rdata_q_reg[25]_0
    SLICE_X41Y91         LUT4 (Prop_lut4_I2_O)        0.043    19.489 r  student_top_inst/bridge_inst/mmio_rdata_q[25]_i_1/O
                         net (fo=1, routed)           0.000    19.489    student_top_inst/bridge_inst/mmio_rdata_q[25]_i_1_n_0
    SLICE_X41Y91         FDRE                                         r  student_top_inst/bridge_inst/mmio_rdata_q_reg[25]/D
  -------------------------------------------------------------------    -------------------

                         (clock clk_out2_pll rise edge)
                                                     22.857    22.857 r  
    AD12                                              0.000    22.857 r  i_sys_clk_p (IN)
                         net (fo=0)                   0.000    22.857    pll_inst/inst/clk_in1_p
    AD12                 IBUFDS (Prop_ibufds_I_O)     0.803    23.661 r  pll_inst/inst/clkin1_ibufgds/O
                         net (fo=1, routed)           1.001    24.662    pll_inst/inst/clk_in1_pll
    PLLE2_ADV_X1Y1       PLLE2_ADV (Prop_plle2_adv_CLKIN1_CLKOUT1)
                                                     -7.261    17.401 r  pll_inst/inst/plle2_adv_inst/CLKOUT1
                         net (fo=1, routed)           2.003    19.404    pll_inst/inst/clk_out2_pll
    BUFGCTRL_X0Y0        BUFG (Prop_bufg_I_O)         0.083    19.487 r  pll_inst/inst/clkout2_buf/O
                         net (fo=6000, routed)        1.492    20.979    student_top_inst/bridge_inst/clk_out2
    SLICE_X41Y91         FDRE                                         r  student_top_inst/bridge_inst/mmio_rdata_q_reg[25]/C
                         clock pessimism             -0.598    20.381    
                         clock uncertainty           -0.214    20.167    
    SLICE_X41Y91         FDRE (Setup_fdre_C_D)        0.033    20.200    student_top_inst/bridge_inst/mmio_rdata_q_reg[25]
  -------------------------------------------------------------------
                         required time                         20.200    
                         arrival time                         -19.489    
  -------------------------------------------------------------------
                         slack                                  0.711    

Slack (MET) :             0.725ns  (required time - arrival time)
  Source:                 twin_controller_inst/sw_reg[1]/C
                            (rising edge-triggered cell FDCE clocked by clk_out1_pll  {rise@0.000ns fall@10.000ns period=20.000ns})
  Destination:            student_top_inst/bridge_inst/mmio_rdata_q_reg[1]/D
                            (rising edge-triggered cell FDRE clocked by clk_out2_pll  {rise@0.000ns fall@2.857ns period=5.714ns})
  Path Group:             clk_out2_pll
  Path Type:              Setup (Max at Slow Process Corner)
  Requirement:            2.857ns  (clk_out2_pll rise@22.857ns - clk_out1_pll rise@20.000ns)
  Data Path Delay:        1.672ns  (logic 0.309ns (18.482%)  route 1.363ns (81.518%))
  Logic Levels:           2  (LUT6=2)
  Clock Path Skew:        -0.279ns (DCD - SCD + CPR)
    Destination Clock Delay (DCD):    -1.876ns = ( 20.982 - 22.857 ) 
    Source Clock Delay      (SCD):    -2.194ns = ( 17.806 - 20.000 ) 
    Clock Pessimism Removal (CPR):    -0.598ns
  Clock Uncertainty:      0.214ns  ((TSJ^2 + DJ^2)^1/2) / 2 + PE
    Total System Jitter     (TSJ):    0.071ns
    Discrete Jitter          (DJ):    0.174ns
    Phase Error              (PE):    0.120ns

    Location             Delay type                Incr(ns)  Path(ns)    Netlist Resource(s)
  -------------------------------------------------------------------    -------------------
                         (clock clk_out1_pll rise edge)
                                                     20.000    20.000 r  
    AD12                                              0.000    20.000 r  i_sys_clk_p (IN)
                         net (fo=0)                   0.000    20.000    pll_inst/inst/clk_in1_p
    AD12                 IBUFDS (Prop_ibufds_I_O)     0.906    20.906 r  pll_inst/inst/clkin1_ibufgds/O
                         net (fo=1, routed)           1.098    22.004    pll_inst/inst/clk_in1_pll
    PLLE2_ADV_X1Y1       PLLE2_ADV (Prop_plle2_adv_CLKIN1_CLKOUT0)
                                                     -8.058    13.946 r  pll_inst/inst/plle2_adv_inst/CLKOUT0
                         net (fo=1, routed)           2.128    16.074    pll_inst/inst/clk_out1_pll
    BUFGCTRL_X0Y1        BUFG (Prop_bufg_I_O)         0.093    16.167 r  pll_inst/inst/clkout1_buf/O
                         net (fo=386, routed)         1.639    17.806    twin_controller_inst/clk_out1
    SLICE_X25Y94         FDCE                                         r  twin_controller_inst/sw_reg[1]/C
  -------------------------------------------------------------------    -------------------
    SLICE_X25Y94         FDCE (Prop_fdce_C_Q)         0.223    18.029 r  twin_controller_inst/sw_reg[1]/Q
                         net (fo=3, routed)           0.929    18.958    student_top_inst/u_KLDJ_top/u_pipe_id_ex/mmio_rdata_q_reg[7][0]
    SLICE_X36Y94         LUT6 (Prop_lut6_I1_O)        0.043    19.001 f  student_top_inst/u_KLDJ_top/u_pipe_id_ex/mmio_rdata_q[1]_i_2/O
                         net (fo=1, routed)           0.434    19.434    student_top_inst/bridge_inst/mmio_rdata_q_reg[1]_1
    SLICE_X36Y93         LUT6 (Prop_lut6_I3_O)        0.043    19.477 r  student_top_inst/bridge_inst/mmio_rdata_q[1]_i_1/O
                         net (fo=1, routed)           0.000    19.477    student_top_inst/bridge_inst/mmio_rdata_q[1]_i_1_n_0
    SLICE_X36Y93         FDRE                                         r  student_top_inst/bridge_inst/mmio_rdata_q_reg[1]/D
  -------------------------------------------------------------------    -------------------

                         (clock clk_out2_pll rise edge)
                                                     22.857    22.857 r  
    AD12                                              0.000    22.857 r  i_sys_clk_p (IN)
                         net (fo=0)                   0.000    22.857    pll_inst/inst/clk_in1_p
    AD12                 IBUFDS (Prop_ibufds_I_O)     0.803    23.661 r  pll_inst/inst/clkin1_ibufgds/O
                         net (fo=1, routed)           1.001    24.662    pll_inst/inst/clk_in1_pll
    PLLE2_ADV_X1Y1       PLLE2_ADV (Prop_plle2_adv_CLKIN1_CLKOUT1)
                                                     -7.261    17.401 r  pll_inst/inst/plle2_adv_inst/CLKOUT1
                         net (fo=1, routed)           2.003    19.404    pll_inst/inst/clk_out2_pll
    BUFGCTRL_X0Y0        BUFG (Prop_bufg_I_O)         0.083    19.487 r  pll_inst/inst/clkout2_buf/O
                         net (fo=6000, routed)        1.495    20.982    student_top_inst/bridge_inst/clk_out2
    SLICE_X36Y93         FDRE                                         r  student_top_inst/bridge_inst/mmio_rdata_q_reg[1]/C
                         clock pessimism             -0.598    20.384    
                         clock uncertainty           -0.214    20.170    
    SLICE_X36Y93         FDRE (Setup_fdre_C_D)        0.033    20.203    student_top_inst/bridge_inst/mmio_rdata_q_reg[1]
  -------------------------------------------------------------------
                         required time                         20.203    
                         arrival time                         -19.477    
  -------------------------------------------------------------------
                         slack                                  0.725    

Slack (MET) :             0.731ns  (required time - arrival time)
  Source:                 twin_controller_inst/sw_reg[14]/C
                            (rising edge-triggered cell FDCE clocked by clk_out1_pll  {rise@0.000ns fall@10.000ns period=20.000ns})
  Destination:            student_top_inst/bridge_inst/mmio_rdata_q_reg[14]/D
                            (rising edge-triggered cell FDRE clocked by clk_out2_pll  {rise@0.000ns fall@2.857ns period=5.714ns})
  Path Group:             clk_out2_pll
  Path Type:              Setup (Max at Slow Process Corner)
  Requirement:            2.857ns  (clk_out2_pll rise@22.857ns - clk_out1_pll rise@20.000ns)
  Data Path Delay:        1.638ns  (logic 0.309ns (18.870%)  route 1.329ns (81.130%))
  Logic Levels:           2  (LUT4=1 LUT6=1)
  Clock Path Skew:        -0.339ns (DCD - SCD + CPR)
    Destination Clock Delay (DCD):    -1.940ns = ( 20.918 - 22.857 ) 
    Source Clock Delay      (SCD):    -2.198ns = ( 17.802 - 20.000 ) 
    Clock Pessimism Removal (CPR):    -0.598ns
  Clock Uncertainty:      0.214ns  ((TSJ^2 + DJ^2)^1/2) / 2 + PE
    Total System Jitter     (TSJ):    0.071ns
    Discrete Jitter          (DJ):    0.174ns
    Phase Error              (PE):    0.120ns

    Location             Delay type                Incr(ns)  Path(ns)    Netlist Resource(s)
  -------------------------------------------------------------------    -------------------
                         (clock clk_out1_pll rise edge)
                                                     20.000    20.000 r  
    AD12                                              0.000    20.000 r  i_sys_clk_p (IN)
                         net (fo=0)                   0.000    20.000    pll_inst/inst/clk_in1_p
    AD12                 IBUFDS (Prop_ibufds_I_O)     0.906    20.906 r  pll_inst/inst/clkin1_ibufgds/O
                         net (fo=1, routed)           1.098    22.004    pll_inst/inst/clk_in1_pll
    PLLE2_ADV_X1Y1       PLLE2_ADV (Prop_plle2_adv_CLKIN1_CLKOUT0)
                                                     -8.058    13.946 r  pll_inst/inst/plle2_adv_inst/CLKOUT0
                         net (fo=1, routed)           2.128    16.074    pll_inst/inst/clk_out1_pll
    BUFGCTRL_X0Y1        BUFG (Prop_bufg_I_O)         0.093    16.167 r  pll_inst/inst/clkout1_buf/O
                         net (fo=386, routed)         1.635    17.802    twin_controller_inst/clk_out1
    SLICE_X34Y95         FDCE                                         r  twin_controller_inst/sw_reg[14]/C
  -------------------------------------------------------------------    -------------------
    SLICE_X34Y95         FDCE (Prop_fdce_C_Q)         0.223    18.025 r  twin_controller_inst/sw_reg[14]/Q
                         net (fo=3, routed)           0.878    18.902    student_top_inst/u_KLDJ_top/u_pipe_id_ex/mmio_rdata_q_reg[14][3]
    SLICE_X53Y92         LUT6 (Prop_lut6_I1_O)        0.043    18.945 f  student_top_inst/u_KLDJ_top/u_pipe_id_ex/mmio_rdata_q[14]_i_2/O
                         net (fo=1, routed)           0.451    19.396    student_top_inst/u_KLDJ_top/u_pipe_id_ex/mmio_rdata_q[14]_i_2_n_0
    SLICE_X52Y92         LUT4 (Prop_lut4_I0_O)        0.043    19.439 r  student_top_inst/u_KLDJ_top/u_pipe_id_ex/mmio_rdata_q[14]_i_1/O
                         net (fo=1, routed)           0.000    19.439    student_top_inst/bridge_inst/mmio_rdata_q_reg[29]_0[2]
    SLICE_X52Y92         FDRE                                         r  student_top_inst/bridge_inst/mmio_rdata_q_reg[14]/D
  -------------------------------------------------------------------    -------------------

                         (clock clk_out2_pll rise edge)
                                                     22.857    22.857 r  
    AD12                                              0.000    22.857 r  i_sys_clk_p (IN)
                         net (fo=0)                   0.000    22.857    pll_inst/inst/clk_in1_p
    AD12                 IBUFDS (Prop_ibufds_I_O)     0.803    23.661 r  pll_inst/inst/clkin1_ibufgds/O
                         net (fo=1, routed)           1.001    24.662    pll_inst/inst/clk_in1_pll
    PLLE2_ADV_X1Y1       PLLE2_ADV (Prop_plle2_adv_CLKIN1_CLKOUT1)
                                                     -7.261    17.401 r  pll_inst/inst/plle2_adv_inst/CLKOUT1
                         net (fo=1, routed)           2.003    19.404    pll_inst/inst/clk_out2_pll
    BUFGCTRL_X0Y0        BUFG (Prop_bufg_I_O)         0.083    19.487 r  pll_inst/inst/clkout2_buf/O
                         net (fo=6000, routed)        1.431    20.918    student_top_inst/bridge_inst/clk_out2
    SLICE_X52Y92         FDRE                                         r  student_top_inst/bridge_inst/mmio_rdata_q_reg[14]/C
                         clock pessimism             -0.598    20.320    
                         clock uncertainty           -0.214    20.106    
    SLICE_X52Y92         FDRE (Setup_fdre_C_D)        0.064    20.170    student_top_inst/bridge_inst/mmio_rdata_q_reg[14]
  -------------------------------------------------------------------
                         required time                         20.170    
                         arrival time                         -19.439    
  -------------------------------------------------------------------
                         slack                                  0.731    

Slack (MET) :             0.740ns  (required time - arrival time)
  Source:                 twin_controller_inst/sw_reg[19]/C
                            (rising edge-triggered cell FDCE clocked by clk_out1_pll  {rise@0.000ns fall@10.000ns period=20.000ns})
  Destination:            student_top_inst/bridge_inst/mmio_rdata_q_reg[19]/D
                            (rising edge-triggered cell FDRE clocked by clk_out2_pll  {rise@0.000ns fall@2.857ns period=5.714ns})
  Path Group:             clk_out2_pll
  Path Type:              Setup (Max at Slow Process Corner)
  Requirement:            2.857ns  (clk_out2_pll rise@22.857ns - clk_out1_pll rise@20.000ns)
  Data Path Delay:        1.657ns  (logic 0.309ns (18.650%)  route 1.348ns (81.350%))
  Logic Levels:           2  (LUT5=1 LUT6=1)
  Clock Path Skew:        -0.280ns (DCD - SCD + CPR)
    Destination Clock Delay (DCD):    -1.881ns = ( 20.977 - 22.857 ) 
    Source Clock Delay      (SCD):    -2.198ns = ( 17.802 - 20.000 ) 
    Clock Pessimism Removal (CPR):    -0.598ns
  Clock Uncertainty:      0.214ns  ((TSJ^2 + DJ^2)^1/2) / 2 + PE
    Total System Jitter     (TSJ):    0.071ns
    Discrete Jitter          (DJ):    0.174ns
    Phase Error              (PE):    0.120ns

    Location             Delay type                Incr(ns)  Path(ns)    Netlist Resource(s)
  -------------------------------------------------------------------    -------------------
                         (clock clk_out1_pll rise edge)
                                                     20.000    20.000 r  
    AD12                                              0.000    20.000 r  i_sys_clk_p (IN)
                         net (fo=0)                   0.000    20.000    pll_inst/inst/clk_in1_p
    AD12                 IBUFDS (Prop_ibufds_I_O)     0.906    20.906 r  pll_inst/inst/clkin1_ibufgds/O
                         net (fo=1, routed)           1.098    22.004    pll_inst/inst/clk_in1_pll
    PLLE2_ADV_X1Y1       PLLE2_ADV (Prop_plle2_adv_CLKIN1_CLKOUT0)
                                                     -8.058    13.946 r  pll_inst/inst/plle2_adv_inst/CLKOUT0
                         net (fo=1, routed)           2.128    16.074    pll_inst/inst/clk_out1_pll
    BUFGCTRL_X0Y1        BUFG (Prop_bufg_I_O)         0.093    16.167 r  pll_inst/inst/clkout1_buf/O
                         net (fo=386, routed)         1.635    17.802    twin_controller_inst/clk_out1
    SLICE_X34Y94         FDCE                                         r  twin_controller_inst/sw_reg[19]/C
  -------------------------------------------------------------------    -------------------
    SLICE_X34Y94         FDCE (Prop_fdce_C_Q)         0.223    18.025 r  twin_controller_inst/sw_reg[19]/Q
                         net (fo=3, routed)           0.623    18.648    student_top_inst/u_KLDJ_top/u_pipe_id_ex/mmio_rdata_q_reg[23]_0[2]
    SLICE_X35Y94         LUT6 (Prop_lut6_I0_O)        0.043    18.691 r  student_top_inst/u_KLDJ_top/u_pipe_id_ex/mmio_rdata_q[19]_i_2/O
                         net (fo=1, routed)           0.724    19.415    student_top_inst/bridge_inst/mmio_rdata_q_reg[19]_0
    SLICE_X43Y91         LUT5 (Prop_lut5_I1_O)        0.043    19.458 r  student_top_inst/bridge_inst/mmio_rdata_q[19]_i_1/O
                         net (fo=1, routed)           0.000    19.458    student_top_inst/bridge_inst/mmio_rdata_q[19]_i_1_n_0
    SLICE_X43Y91         FDRE                                         r  student_top_inst/bridge_inst/mmio_rdata_q_reg[19]/D
  -------------------------------------------------------------------    -------------------

                         (clock clk_out2_pll rise edge)
                                                     22.857    22.857 r  
    AD12                                              0.000    22.857 r  i_sys_clk_p (IN)
                         net (fo=0)                   0.000    22.857    pll_inst/inst/clk_in1_p
    AD12                 IBUFDS (Prop_ibufds_I_O)     0.803    23.661 r  pll_inst/inst/clkin1_ibufgds/O
                         net (fo=1, routed)           1.001    24.662    pll_inst/inst/clk_in1_pll
    PLLE2_ADV_X1Y1       PLLE2_ADV (Prop_plle2_adv_CLKIN1_CLKOUT1)
                                                     -7.261    17.401 r  pll_inst/inst/plle2_adv_inst/CLKOUT1
                         net (fo=1, routed)           2.003    19.404    pll_inst/inst/clk_out2_pll
    BUFGCTRL_X0Y0        BUFG (Prop_bufg_I_O)         0.083    19.487 r  pll_inst/inst/clkout2_buf/O
                         net (fo=6000, routed)        1.490    20.977    student_top_inst/bridge_inst/clk_out2
    SLICE_X43Y91         FDRE                                         r  student_top_inst/bridge_inst/mmio_rdata_q_reg[19]/C
                         clock pessimism             -0.598    20.379    
                         clock uncertainty           -0.214    20.165    
    SLICE_X43Y91         FDRE (Setup_fdre_C_D)        0.033    20.198    student_top_inst/bridge_inst/mmio_rdata_q_reg[19]
  -------------------------------------------------------------------
                         required time                         20.198    
                         arrival time                         -19.458    
  -------------------------------------------------------------------
                         slack                                  0.740    





--------------------------------------------------------------------------------------
Path Group:  (none)
From Clock:  clk_out1_pll
  To Clock:  

Max Delay             1 Endpoint
Min Delay             0 Endpoints
--------------------------------------------------------------------------------------


Max Delay Paths
--------------------------------------------------------------------------------------
Slack:                    inf
  Source:                 uart_inst/tx_reg/C
                            (rising edge-triggered cell FDPE clocked by clk_out1_pll  {rise@0.000ns fall@10.000ns period=20.000ns})
  Destination:            o_uart_tx
                            (output port)
  Path Group:             (none)
  Path Type:              Max at Slow Process Corner
  Data Path Delay:        7.423ns  (logic 3.575ns (48.159%)  route 3.848ns (51.841%))
  Logic Levels:           1  (OBUF=1)
  Clock Uncertainty:      0.255ns  ((TSJ^2 + DJ^2)^1/2) / 2 + PE
    Total System Jitter     (TSJ):    0.050ns
    Discrete Jitter          (DJ):    0.174ns
    Phase Error              (PE):    0.164ns

    Location             Delay type                Incr(ns)  Path(ns)    Netlist Resource(s)
  -------------------------------------------------------------------    -------------------
                         (clock clk_out1_pll rise edge)
                                                      0.000     0.000 r  
    AD12                                              0.000     0.000 r  i_sys_clk_p (IN)
                         net (fo=0)                   0.000     0.000    pll_inst/inst/clk_in1_p
    AD12                 IBUFDS (Prop_ibufds_I_O)     0.906     0.906 r  pll_inst/inst/clkin1_ibufgds/O
                         net (fo=1, routed)           1.098     2.004    pll_inst/inst/clk_in1_pll
    PLLE2_ADV_X1Y1       PLLE2_ADV (Prop_plle2_adv_CLKIN1_CLKOUT0)
                                                     -8.058    -6.054 r  pll_inst/inst/plle2_adv_inst/CLKOUT0
                         net (fo=1, routed)           2.128    -3.926    pll_inst/inst/clk_out1_pll
    BUFGCTRL_X0Y1        BUFG (Prop_bufg_I_O)         0.093    -3.833 r  pll_inst/inst/clkout1_buf/O
                         net (fo=386, routed)         1.642    -2.191    uart_inst/clk_out1
    SLICE_X22Y94         FDPE                                         r  uart_inst/tx_reg/C
  -------------------------------------------------------------------    -------------------
    SLICE_X22Y94         FDPE (Prop_fdpe_C_Q)         0.259    -1.932 r  uart_inst/tx_reg/Q
                         net (fo=1, routed)           3.848     1.916    o_uart_tx_OBUF
    D17                  OBUF (Prop_obuf_I_O)         3.316     5.232 r  o_uart_tx_OBUF_inst/O
                         net (fo=0)                   0.000     5.232    o_uart_tx
    D17                                                               r  o_uart_tx (OUT)
  -------------------------------------------------------------------    -------------------





--------------------------------------------------------------------------------------
Path Group:  (none)
From Clock:  clk_out2_pll
  To Clock:  

Max Delay            68 Endpoints
Min Delay             0 Endpoints
--------------------------------------------------------------------------------------


Max Delay Paths
--------------------------------------------------------------------------------------
Slack:                    inf
  Source:                 student_top_inst/bridge_inst/seg_wdata_reg[1]/C
                            (rising edge-triggered cell FDRE clocked by clk_out2_pll  {rise@0.000ns fall@2.857ns period=5.714ns})
  Destination:            virtual_seg[4]
                            (output port)
  Path Group:             (none)
  Path Type:              Max at Slow Process Corner
  Data Path Delay:        11.071ns  (logic 2.791ns (25.214%)  route 8.279ns (74.786%))
  Logic Levels:           3  (LUT3=1 LUT6=1 OBUF=1)
  Clock Uncertainty:      0.237ns  ((TSJ^2 + DJ^2)^1/2) / 2 + PE
    Total System Jitter     (TSJ):    0.050ns
    Discrete Jitter          (DJ):    0.137ns
    Phase Error              (PE):    0.164ns

    Location             Delay type                Incr(ns)  Path(ns)    Netlist Resource(s)
  -------------------------------------------------------------------    -------------------
                         (clock clk_out2_pll rise edge)
                                                      0.000     0.000 r  
    AD12                                              0.000     0.000 r  i_sys_clk_p (IN)
                         net (fo=0)                   0.000     0.000    pll_inst/inst/clk_in1_p
    AD12                 IBUFDS (Prop_ibufds_I_O)     0.906     0.906 r  pll_inst/inst/clkin1_ibufgds/O
                         net (fo=1, routed)           1.098     2.004    pll_inst/inst/clk_in1_pll
    PLLE2_ADV_X1Y1       PLLE2_ADV (Prop_plle2_adv_CLKIN1_CLKOUT1)
                                                     -8.058    -6.054 r  pll_inst/inst/plle2_adv_inst/CLKOUT1
                         net (fo=1, routed)           2.128    -3.926    pll_inst/inst/clk_out2_pll
    BUFGCTRL_X0Y0        BUFG (Prop_bufg_I_O)         0.093    -3.833 r  pll_inst/inst/clkout2_buf/O
                         net (fo=6000, routed)        1.629    -2.204    student_top_inst/bridge_inst/clk_out2
    SLICE_X45Y94         FDRE                                         r  student_top_inst/bridge_inst/seg_wdata_reg[1]/C
  -------------------------------------------------------------------    -------------------
    SLICE_X45Y94         FDRE (Prop_fdre_C_Q)         0.223    -1.981 r  student_top_inst/bridge_inst/seg_wdata_reg[1]/Q
                         net (fo=5, routed)           0.952    -1.030    student_top_inst/bridge_inst/seg_driver/status_buffer_reg[4][4][1]
    SLICE_X29Y95         LUT3 (Prop_lut3_I0_O)        0.051    -0.979 r  student_top_inst/bridge_inst/seg_driver/virtual_seg_OBUF[6]_inst_i_3/O
                         net (fo=4, routed)           0.345    -0.634    student_top_inst/bridge_inst/seg_driver/virtual_seg_OBUF[6]_inst_i_3_n_0
    SLICE_X28Y97         LUT6 (Prop_lut6_I3_O)        0.136    -0.498 r  student_top_inst/bridge_inst/seg_driver/virtual_seg_OBUF[4]_inst_i_1/O
                         net (fo=2, routed)           6.983     6.485    virtual_seg_OBUF[4]
    K16                  OBUF (Prop_obuf_I_O)         2.381     8.866 r  virtual_seg_OBUF[4]_inst/O
                         net (fo=0)                   0.000     8.866    virtual_seg[4]
    K16                                                               r  virtual_seg[4] (OUT)
  -------------------------------------------------------------------    -------------------

Slack:                    inf
  Source:                 student_top_inst/bridge_inst/seg_driver/count_reg[4]/C
                            (rising edge-triggered cell FDCE clocked by clk_out2_pll  {rise@0.000ns fall@2.857ns period=5.714ns})
  Destination:            virtual_seg[14]
                            (output port)
  Path Group:             (none)
  Path Type:              Max at Slow Process Corner
  Data Path Delay:        10.894ns  (logic 2.776ns (25.485%)  route 8.118ns (74.515%))
  Logic Levels:           3  (LUT3=1 LUT6=1 OBUF=1)
  Clock Uncertainty:      0.237ns  ((TSJ^2 + DJ^2)^1/2) / 2 + PE
    Total System Jitter     (TSJ):    0.050ns
    Discrete Jitter          (DJ):    0.137ns
    Phase Error              (PE):    0.164ns

    Location             Delay type                Incr(ns)  Path(ns)    Netlist Resource(s)
  -------------------------------------------------------------------    -------------------
                         (clock clk_out2_pll rise edge)
                                                      0.000     0.000 r  
    AD12                                              0.000     0.000 r  i_sys_clk_p (IN)
                         net (fo=0)                   0.000     0.000    pll_inst/inst/clk_in1_p
    AD12                 IBUFDS (Prop_ibufds_I_O)     0.906     0.906 r  pll_inst/inst/clkin1_ibufgds/O
                         net (fo=1, routed)           1.098     2.004    pll_inst/inst/clk_in1_pll
    PLLE2_ADV_X1Y1       PLLE2_ADV (Prop_plle2_adv_CLKIN1_CLKOUT1)
                                                     -8.058    -6.054 r  pll_inst/inst/plle2_adv_inst/CLKOUT1
                         net (fo=1, routed)           2.128    -3.926    pll_inst/inst/clk_out2_pll
    BUFGCTRL_X0Y0        BUFG (Prop_bufg_I_O)         0.093    -3.833 r  pll_inst/inst/clkout2_buf/O
                         net (fo=6000, routed)        1.638    -2.195    student_top_inst/bridge_inst/seg_driver/clk_out2
    SLICE_X25Y92         FDCE                                         r  student_top_inst/bridge_inst/seg_driver/count_reg[4]/C
  -------------------------------------------------------------------    -------------------
    SLICE_X25Y92         FDCE (Prop_fdce_C_Q)         0.204    -1.991 r  student_top_inst/bridge_inst/seg_driver/count_reg[4]/Q
                         net (fo=49, routed)          0.776    -1.215    student_top_inst/bridge_inst/seg_driver/Q[0]
    SLICE_X40Y93         LUT3 (Prop_lut3_I1_O)        0.123    -1.092 r  student_top_inst/bridge_inst/seg_driver/virtual_seg_OBUF[16]_inst_i_4/O
                         net (fo=7, routed)           0.775    -0.317    student_top_inst/bridge_inst/seg_driver/virtual_seg_OBUF[16]_inst_i_4_n_0
    SLICE_X21Y96         LUT6 (Prop_lut6_I5_O)        0.043    -0.274 r  student_top_inst/bridge_inst/seg_driver/virtual_seg_OBUF[14]_inst_i_1/O
                         net (fo=2, routed)           6.567     6.292    virtual_seg_OBUF[14]
    J11                  OBUF (Prop_obuf_I_O)         2.406     8.698 r  virtual_seg_OBUF[14]_inst/O
                         net (fo=0)                   0.000     8.698    virtual_seg[14]
    J11                                                               r  virtual_seg[14] (OUT)
  -------------------------------------------------------------------    -------------------

Slack:                    inf
  Source:                 student_top_inst/bridge_inst/seg_driver/count_reg[4]/C
                            (rising edge-triggered cell FDCE clocked by clk_out2_pll  {rise@0.000ns fall@2.857ns period=5.714ns})
  Destination:            virtual_seg[9]
                            (output port)
  Path Group:             (none)
  Path Type:              Max at Slow Process Corner
  Data Path Delay:        10.216ns  (logic 2.709ns (26.513%)  route 7.508ns (73.487%))
  Logic Levels:           2  (LUT1=1 OBUF=1)
  Clock Uncertainty:      0.237ns  ((TSJ^2 + DJ^2)^1/2) / 2 + PE
    Total System Jitter     (TSJ):    0.050ns
    Discrete Jitter          (DJ):    0.137ns
    Phase Error              (PE):    0.164ns

    Location             Delay type                Incr(ns)  Path(ns)    Netlist Resource(s)
  -------------------------------------------------------------------    -------------------
                         (clock clk_out2_pll rise edge)
                                                      0.000     0.000 r  
    AD12                                              0.000     0.000 r  i_sys_clk_p (IN)
                         net (fo=0)                   0.000     0.000    pll_inst/inst/clk_in1_p
    AD12                 IBUFDS (Prop_ibufds_I_O)     0.906     0.906 r  pll_inst/inst/clkin1_ibufgds/O
                         net (fo=1, routed)           1.098     2.004    pll_inst/inst/clk_in1_pll
    PLLE2_ADV_X1Y1       PLLE2_ADV (Prop_plle2_adv_CLKIN1_CLKOUT1)
                                                     -8.058    -6.054 r  pll_inst/inst/plle2_adv_inst/CLKOUT1
                         net (fo=1, routed)           2.128    -3.926    pll_inst/inst/clk_out2_pll
    BUFGCTRL_X0Y0        BUFG (Prop_bufg_I_O)         0.093    -3.833 r  pll_inst/inst/clkout2_buf/O
                         net (fo=6000, routed)        1.638    -2.195    student_top_inst/bridge_inst/seg_driver/clk_out2
    SLICE_X25Y92         FDCE                                         r  student_top_inst/bridge_inst/seg_driver/count_reg[4]/C
  -------------------------------------------------------------------    -------------------
    SLICE_X25Y92         FDCE (Prop_fdce_C_Q)         0.204    -1.991 f  student_top_inst/bridge_inst/seg_driver/count_reg[4]/Q
                         net (fo=49, routed)          0.530    -1.462    student_top_inst/bridge_inst/seg_driver/Q[0]
    SLICE_X25Y92         LUT1 (Prop_lut1_I0_O)        0.123    -1.339 r  student_top_inst/bridge_inst/seg_driver/virtual_seg_OBUF[39]_inst_i_1/O
                         net (fo=5, routed)           6.978     5.639    virtual_seg_OBUF[9]
    L16                  OBUF (Prop_obuf_I_O)         2.382     8.021 r  virtual_seg_OBUF[9]_inst/O
                         net (fo=0)                   0.000     8.021    virtual_seg[9]
    L16                                                               r  virtual_seg[9] (OUT)
  -------------------------------------------------------------------    -------------------

Slack:                    inf
  Source:                 student_top_inst/bridge_inst/seg_driver/count_reg[4]/C
                            (rising edge-triggered cell FDCE clocked by clk_out2_pll  {rise@0.000ns fall@2.857ns period=5.714ns})
  Destination:            virtual_seg[19]
                            (output port)
  Path Group:             (none)
  Path Type:              Max at Slow Process Corner
  Data Path Delay:        9.993ns  (logic 2.741ns (27.426%)  route 7.253ns (72.574%))
  Logic Levels:           2  (LUT1=1 OBUF=1)
  Clock Uncertainty:      0.237ns  ((TSJ^2 + DJ^2)^1/2) / 2 + PE
    Total System Jitter     (TSJ):    0.050ns
    Discrete Jitter          (DJ):    0.137ns
    Phase Error              (PE):    0.164ns

    Location             Delay type                Incr(ns)  Path(ns)    Netlist Resource(s)
  -------------------------------------------------------------------    -------------------
                         (clock clk_out2_pll rise edge)
                                                      0.000     0.000 r  
    AD12                                              0.000     0.000 r  i_sys_clk_p (IN)
                         net (fo=0)                   0.000     0.000    pll_inst/inst/clk_in1_p
    AD12                 IBUFDS (Prop_ibufds_I_O)     0.906     0.906 r  pll_inst/inst/clkin1_ibufgds/O
                         net (fo=1, routed)           1.098     2.004    pll_inst/inst/clk_in1_pll
    PLLE2_ADV_X1Y1       PLLE2_ADV (Prop_plle2_adv_CLKIN1_CLKOUT1)
                                                     -8.058    -6.054 r  pll_inst/inst/plle2_adv_inst/CLKOUT1
                         net (fo=1, routed)           2.128    -3.926    pll_inst/inst/clk_out2_pll
    BUFGCTRL_X0Y0        BUFG (Prop_bufg_I_O)         0.093    -3.833 r  pll_inst/inst/clkout2_buf/O
                         net (fo=6000, routed)        1.638    -2.195    student_top_inst/bridge_inst/seg_driver/clk_out2
    SLICE_X25Y92         FDCE                                         r  student_top_inst/bridge_inst/seg_driver/count_reg[4]/C
  -------------------------------------------------------------------    -------------------
    SLICE_X25Y92         FDCE (Prop_fdce_C_Q)         0.204    -1.991 f  student_top_inst/bridge_inst/seg_driver/count_reg[4]/Q
                         net (fo=49, routed)          0.530    -1.462    student_top_inst/bridge_inst/seg_driver/Q[0]
    SLICE_X25Y92         LUT1 (Prop_lut1_I0_O)        0.123    -1.339 r  student_top_inst/bridge_inst/seg_driver/virtual_seg_OBUF[39]_inst_i_1/O
                         net (fo=5, routed)           6.723     5.384    virtual_seg_OBUF[9]
    K11                  OBUF (Prop_obuf_I_O)         2.414     7.798 r  virtual_seg_OBUF[19]_inst/O
                         net (fo=0)                   0.000     7.798    virtual_seg[19]
    K11                                                               r  virtual_seg[19] (OUT)
  -------------------------------------------------------------------    -------------------

Slack:                    inf
  Source:                 student_top_inst/bridge_inst/seg_driver/count_reg[4]/C
                            (rising edge-triggered cell FDCE clocked by clk_out2_pll  {rise@0.000ns fall@2.857ns period=5.714ns})
  Destination:            virtual_seg[13]
                            (output port)
  Path Group:             (none)
  Path Type:              Max at Slow Process Corner
  Data Path Delay:        9.233ns  (logic 2.779ns (30.094%)  route 6.455ns (69.906%))
  Logic Levels:           3  (LUT3=1 LUT6=1 OBUF=1)
  Clock Uncertainty:      0.237ns  ((TSJ^2 + DJ^2)^1/2) / 2 + PE
    Total System Jitter     (TSJ):    0.050ns
    Discrete Jitter          (DJ):    0.137ns
    Phase Error              (PE):    0.164ns

    Location             Delay type                Incr(ns)  Path(ns)    Netlist Resource(s)
  -------------------------------------------------------------------    -------------------
                         (clock clk_out2_pll rise edge)
                                                      0.000     0.000 r  
    AD12                                              0.000     0.000 r  i_sys_clk_p (IN)
                         net (fo=0)                   0.000     0.000    pll_inst/inst/clk_in1_p
    AD12                 IBUFDS (Prop_ibufds_I_O)     0.906     0.906 r  pll_inst/inst/clkin1_ibufgds/O
                         net (fo=1, routed)           1.098     2.004    pll_inst/inst/clk_in1_pll
    PLLE2_ADV_X1Y1       PLLE2_ADV (Prop_plle2_adv_CLKIN1_CLKOUT1)
                                                     -8.058    -6.054 r  pll_inst/inst/plle2_adv_inst/CLKOUT1
                         net (fo=1, routed)           2.128    -3.926    pll_inst/inst/clk_out2_pll
    BUFGCTRL_X0Y0        BUFG (Prop_bufg_I_O)         0.093    -3.833 r  pll_inst/inst/clkout2_buf/O
                         net (fo=6000, routed)        1.638    -2.195    student_top_inst/bridge_inst/seg_driver/clk_out2
    SLICE_X25Y92         FDCE                                         r  student_top_inst/bridge_inst/seg_driver/count_reg[4]/C
  -------------------------------------------------------------------    -------------------
    SLICE_X25Y92         FDCE (Prop_fdce_C_Q)         0.204    -1.991 r  student_top_inst/bridge_inst/seg_driver/count_reg[4]/Q
                         net (fo=49, routed)          0.776    -1.215    student_top_inst/bridge_inst/seg_driver/Q[0]
    SLICE_X40Y93         LUT3 (Prop_lut3_I1_O)        0.123    -1.092 r  student_top_inst/bridge_inst/seg_driver/virtual_seg_OBUF[16]_inst_i_4/O
                         net (fo=7, routed)           0.761    -0.331    student_top_inst/bridge_inst/seg_driver/virtual_seg_OBUF[16]_inst_i_4_n_0
    SLICE_X24Y96         LUT6 (Prop_lut6_I0_O)        0.043    -0.288 r  student_top_inst/bridge_inst/seg_driver/virtual_seg_OBUF[13]_inst_i_1/O
                         net (fo=2, routed)           4.918     4.629    virtual_seg_OBUF[13]
    L11                  OBUF (Prop_obuf_I_O)         2.409     7.038 r  virtual_seg_OBUF[13]_inst/O
                         net (fo=0)                   0.000     7.038    virtual_seg[13]
    L11                                                               r  virtual_seg[13] (OUT)
  -------------------------------------------------------------------    -------------------

Slack:                    inf
  Source:                 student_top_inst/bridge_inst/seg_driver/count_reg[4]/C
                            (rising edge-triggered cell FDCE clocked by clk_out2_pll  {rise@0.000ns fall@2.857ns period=5.714ns})
  Destination:            virtual_seg[12]
                            (output port)
  Path Group:             (none)
  Path Type:              Max at Slow Process Corner
  Data Path Delay:        9.167ns  (logic 2.875ns (31.365%)  route 6.292ns (68.635%))
  Logic Levels:           3  (LUT3=1 LUT6=1 OBUF=1)
  Clock Uncertainty:      0.237ns  ((TSJ^2 + DJ^2)^1/2) / 2 + PE
    Total System Jitter     (TSJ):    0.050ns
    Discrete Jitter          (DJ):    0.137ns
    Phase Error              (PE):    0.164ns

    Location             Delay type                Incr(ns)  Path(ns)    Netlist Resource(s)
  -------------------------------------------------------------------    -------------------
                         (clock clk_out2_pll rise edge)
                                                      0.000     0.000 r  
    AD12                                              0.000     0.000 r  i_sys_clk_p (IN)
                         net (fo=0)                   0.000     0.000    pll_inst/inst/clk_in1_p
    AD12                 IBUFDS (Prop_ibufds_I_O)     0.906     0.906 r  pll_inst/inst/clkin1_ibufgds/O
                         net (fo=1, routed)           1.098     2.004    pll_inst/inst/clk_in1_pll
    PLLE2_ADV_X1Y1       PLLE2_ADV (Prop_plle2_adv_CLKIN1_CLKOUT1)
                                                     -8.058    -6.054 r  pll_inst/inst/plle2_adv_inst/CLKOUT1
                         net (fo=1, routed)           2.128    -3.926    pll_inst/inst/clk_out2_pll
    BUFGCTRL_X0Y0        BUFG (Prop_bufg_I_O)         0.093    -3.833 r  pll_inst/inst/clkout2_buf/O
                         net (fo=6000, routed)        1.638    -2.195    student_top_inst/bridge_inst/seg_driver/clk_out2
    SLICE_X25Y92         FDCE                                         r  student_top_inst/bridge_inst/seg_driver/count_reg[4]/C
  -------------------------------------------------------------------    -------------------
    SLICE_X25Y92         FDCE (Prop_fdce_C_Q)         0.204    -1.991 r  student_top_inst/bridge_inst/seg_driver/count_reg[4]/Q
                         net (fo=49, routed)          0.679    -1.312    student_top_inst/bridge_inst/seg_driver/Q[0]
    SLICE_X39Y93         LUT3 (Prop_lut3_I1_O)        0.134    -1.178 f  student_top_inst/bridge_inst/seg_driver/virtual_seg_OBUF[16]_inst_i_3/O
                         net (fo=7, routed)           0.840    -0.338    student_top_inst/bridge_inst/seg_driver/virtual_seg_OBUF[16]_inst_i_3_n_0
    SLICE_X21Y96         LUT6 (Prop_lut6_I3_O)        0.137    -0.201 r  student_top_inst/bridge_inst/seg_driver/virtual_seg_OBUF[12]_inst_i_1/O
                         net (fo=2, routed)           4.772     4.571    virtual_seg_OBUF[12]
    J12                  OBUF (Prop_obuf_I_O)         2.400     6.971 r  virtual_seg_OBUF[12]_inst/O
                         net (fo=0)                   0.000     6.971    virtual_seg[12]
    J12                                                               r  virtual_seg[12] (OUT)
  -------------------------------------------------------------------    -------------------

Slack:                    inf
  Source:                 student_top_inst/bridge_inst/seg_driver/count_reg[4]/C
                            (rising edge-triggered cell FDCE clocked by clk_out2_pll  {rise@0.000ns fall@2.857ns period=5.714ns})
  Destination:            virtual_seg[10]
                            (output port)
  Path Group:             (none)
  Path Type:              Max at Slow Process Corner
  Data Path Delay:        9.165ns  (logic 2.755ns (30.054%)  route 6.411ns (69.946%))
  Logic Levels:           3  (LUT3=1 LUT6=1 OBUF=1)
  Clock Uncertainty:      0.237ns  ((TSJ^2 + DJ^2)^1/2) / 2 + PE
    Total System Jitter     (TSJ):    0.050ns
    Discrete Jitter          (DJ):    0.137ns
    Phase Error              (PE):    0.164ns

    Location             Delay type                Incr(ns)  Path(ns)    Netlist Resource(s)
  -------------------------------------------------------------------    -------------------
                         (clock clk_out2_pll rise edge)
                                                      0.000     0.000 r  
    AD12                                              0.000     0.000 r  i_sys_clk_p (IN)
                         net (fo=0)                   0.000     0.000    pll_inst/inst/clk_in1_p
    AD12                 IBUFDS (Prop_ibufds_I_O)     0.906     0.906 r  pll_inst/inst/clkin1_ibufgds/O
                         net (fo=1, routed)           1.098     2.004    pll_inst/inst/clk_in1_pll
    PLLE2_ADV_X1Y1       PLLE2_ADV (Prop_plle2_adv_CLKIN1_CLKOUT1)
                                                     -8.058    -6.054 r  pll_inst/inst/plle2_adv_inst/CLKOUT1
                         net (fo=1, routed)           2.128    -3.926    pll_inst/inst/clk_out2_pll
    BUFGCTRL_X0Y0        BUFG (Prop_bufg_I_O)         0.093    -3.833 r  pll_inst/inst/clkout2_buf/O
                         net (fo=6000, routed)        1.638    -2.195    student_top_inst/bridge_inst/seg_driver/clk_out2
    SLICE_X25Y92         FDCE                                         r  student_top_inst/bridge_inst/seg_driver/count_reg[4]/C
  -------------------------------------------------------------------    -------------------
    SLICE_X25Y92         FDCE (Prop_fdce_C_Q)         0.204    -1.991 r  student_top_inst/bridge_inst/seg_driver/count_reg[4]/Q
                         net (fo=49, routed)          0.776    -1.215    student_top_inst/bridge_inst/seg_driver/Q[0]
    SLICE_X40Y93         LUT3 (Prop_lut3_I1_O)        0.123    -1.092 r  student_top_inst/bridge_inst/seg_driver/virtual_seg_OBUF[16]_inst_i_4/O
                         net (fo=7, routed)           0.742    -0.350    student_top_inst/bridge_inst/seg_driver/virtual_seg_OBUF[16]_inst_i_4_n_0
    SLICE_X21Y96         LUT6 (Prop_lut6_I1_O)        0.043    -0.307 r  student_top_inst/bridge_inst/seg_driver/virtual_seg_OBUF[10]_inst_i_1/O
                         net (fo=2, routed)           4.893     4.586    virtual_seg_OBUF[10]
    J13                  OBUF (Prop_obuf_I_O)         2.385     6.970 r  virtual_seg_OBUF[10]_inst/O
                         net (fo=0)                   0.000     6.970    virtual_seg[10]
    J13                                                               r  virtual_seg[10] (OUT)
  -------------------------------------------------------------------    -------------------

Slack:                    inf
  Source:                 student_top_inst/bridge_inst/seg_wdata_reg[8]/C
                            (rising edge-triggered cell FDRE clocked by clk_out2_pll  {rise@0.000ns fall@2.857ns period=5.714ns})
  Destination:            virtual_seg[11]
                            (output port)
  Path Group:             (none)
  Path Type:              Max at Slow Process Corner
  Data Path Delay:        9.159ns  (logic 2.665ns (29.100%)  route 6.494ns (70.900%))
  Logic Levels:           2  (LUT6=1 OBUF=1)
  Clock Uncertainty:      0.237ns  ((TSJ^2 + DJ^2)^1/2) / 2 + PE
    Total System Jitter     (TSJ):    0.050ns
    Discrete Jitter          (DJ):    0.137ns
    Phase Error              (PE):    0.164ns

    Location             Delay type                Incr(ns)  Path(ns)    Netlist Resource(s)
  -------------------------------------------------------------------    -------------------
                         (clock clk_out2_pll rise edge)
                                                      0.000     0.000 r  
    AD12                                              0.000     0.000 r  i_sys_clk_p (IN)
                         net (fo=0)                   0.000     0.000    pll_inst/inst/clk_in1_p
    AD12                 IBUFDS (Prop_ibufds_I_O)     0.906     0.906 r  pll_inst/inst/clkin1_ibufgds/O
                         net (fo=1, routed)           1.098     2.004    pll_inst/inst/clk_in1_pll
    PLLE2_ADV_X1Y1       PLLE2_ADV (Prop_plle2_adv_CLKIN1_CLKOUT1)
                                                     -8.058    -6.054 r  pll_inst/inst/plle2_adv_inst/CLKOUT1
                         net (fo=1, routed)           2.128    -3.926    pll_inst/inst/clk_out2_pll
    BUFGCTRL_X0Y0        BUFG (Prop_bufg_I_O)         0.093    -3.833 r  pll_inst/inst/clkout2_buf/O
                         net (fo=6000, routed)        1.626    -2.207    student_top_inst/bridge_inst/clk_out2
    SLICE_X49Y93         FDRE                                         r  student_top_inst/bridge_inst/seg_wdata_reg[8]/C
  -------------------------------------------------------------------    -------------------
    SLICE_X49Y93         FDRE (Prop_fdre_C_Q)         0.223    -1.984 r  student_top_inst/bridge_inst/seg_wdata_reg[8]/Q
                         net (fo=8, routed)           1.566    -0.419    student_top_inst/bridge_inst/seg_driver/status_buffer_reg[4][4][8]
    SLICE_X25Y96         LUT6 (Prop_lut6_I2_O)        0.043    -0.376 r  student_top_inst/bridge_inst/seg_driver/virtual_seg_OBUF[11]_inst_i_1/O
                         net (fo=2, routed)           4.928     4.553    virtual_seg_OBUF[11]
    H11                  OBUF (Prop_obuf_I_O)         2.399     6.952 r  virtual_seg_OBUF[11]_inst/O
                         net (fo=0)                   0.000     6.952    virtual_seg[11]
    H11                                                               r  virtual_seg[11] (OUT)
  -------------------------------------------------------------------    -------------------

Slack:                    inf
  Source:                 student_top_inst/bridge_inst/seg_driver/count_reg[4]/C
                            (rising edge-triggered cell FDCE clocked by clk_out2_pll  {rise@0.000ns fall@2.857ns period=5.714ns})
  Destination:            virtual_seg[2]
                            (output port)
  Path Group:             (none)
  Path Type:              Max at Slow Process Corner
  Data Path Delay:        9.090ns  (logic 2.708ns (29.795%)  route 6.381ns (70.205%))
  Logic Levels:           2  (LUT6=1 OBUF=1)
  Clock Uncertainty:      0.237ns  ((TSJ^2 + DJ^2)^1/2) / 2 + PE
    Total System Jitter     (TSJ):    0.050ns
    Discrete Jitter          (DJ):    0.137ns
    Phase Error              (PE):    0.164ns

    Location             Delay type                Incr(ns)  Path(ns)    Netlist Resource(s)
  -------------------------------------------------------------------    -------------------
                         (clock clk_out2_pll rise edge)
                                                      0.000     0.000 r  
    AD12                                              0.000     0.000 r  i_sys_clk_p (IN)
                         net (fo=0)                   0.000     0.000    pll_inst/inst/clk_in1_p
    AD12                 IBUFDS (Prop_ibufds_I_O)     0.906     0.906 r  pll_inst/inst/clkin1_ibufgds/O
                         net (fo=1, routed)           1.098     2.004    pll_inst/inst/clk_in1_pll
    PLLE2_ADV_X1Y1       PLLE2_ADV (Prop_plle2_adv_CLKIN1_CLKOUT1)
                                                     -8.058    -6.054 r  pll_inst/inst/plle2_adv_inst/CLKOUT1
                         net (fo=1, routed)           2.128    -3.926    pll_inst/inst/clk_out2_pll
    BUFGCTRL_X0Y0        BUFG (Prop_bufg_I_O)         0.093    -3.833 r  pll_inst/inst/clkout2_buf/O
                         net (fo=6000, routed)        1.638    -2.195    student_top_inst/bridge_inst/seg_driver/clk_out2
    SLICE_X25Y92         FDCE                                         r  student_top_inst/bridge_inst/seg_driver/count_reg[4]/C
  -------------------------------------------------------------------    -------------------
    SLICE_X25Y92         FDCE (Prop_fdce_C_Q)         0.204    -1.991 r  student_top_inst/bridge_inst/seg_driver/count_reg[4]/Q
                         net (fo=49, routed)          1.721    -0.270    student_top_inst/bridge_inst/seg_driver/Q[0]
    SLICE_X28Y97         LUT6 (Prop_lut6_I2_O)        0.123    -0.147 r  student_top_inst/bridge_inst/seg_driver/virtual_seg_OBUF[2]_inst_i_1/O
                         net (fo=2, routed)           4.660     4.513    virtual_seg_OBUF[2]
    H16                  OBUF (Prop_obuf_I_O)         2.381     6.894 r  virtual_seg_OBUF[2]_inst/O
                         net (fo=0)                   0.000     6.894    virtual_seg[2]
    H16                                                               r  virtual_seg[2] (OUT)
  -------------------------------------------------------------------    -------------------

Slack:                    inf
  Source:                 student_top_inst/bridge_inst/seg_driver/count_reg[4]/C
                            (rising edge-triggered cell FDCE clocked by clk_out2_pll  {rise@0.000ns fall@2.857ns period=5.714ns})
  Destination:            virtual_seg[15]
                            (output port)
  Path Group:             (none)
  Path Type:              Max at Slow Process Corner
  Data Path Delay:        9.066ns  (logic 2.768ns (30.532%)  route 6.298ns (69.468%))
  Logic Levels:           3  (LUT3=1 LUT6=1 OBUF=1)
  Clock Uncertainty:      0.237ns  ((TSJ^2 + DJ^2)^1/2) / 2 + PE
    Total System Jitter     (TSJ):    0.050ns
    Discrete Jitter          (DJ):    0.137ns
    Phase Error              (PE):    0.164ns

    Location             Delay type                Incr(ns)  Path(ns)    Netlist Resource(s)
  -------------------------------------------------------------------    -------------------
                         (clock clk_out2_pll rise edge)
                                                      0.000     0.000 r  
    AD12                                              0.000     0.000 r  i_sys_clk_p (IN)
                         net (fo=0)                   0.000     0.000    pll_inst/inst/clk_in1_p
    AD12                 IBUFDS (Prop_ibufds_I_O)     0.906     0.906 r  pll_inst/inst/clkin1_ibufgds/O
                         net (fo=1, routed)           1.098     2.004    pll_inst/inst/clk_in1_pll
    PLLE2_ADV_X1Y1       PLLE2_ADV (Prop_plle2_adv_CLKIN1_CLKOUT1)
                                                     -8.058    -6.054 r  pll_inst/inst/plle2_adv_inst/CLKOUT1
                         net (fo=1, routed)           2.128    -3.926    pll_inst/inst/clk_out2_pll
    BUFGCTRL_X0Y0        BUFG (Prop_bufg_I_O)         0.093    -3.833 r  pll_inst/inst/clkout2_buf/O
                         net (fo=6000, routed)        1.638    -2.195    student_top_inst/bridge_inst/seg_driver/clk_out2
    SLICE_X25Y92         FDCE                                         r  student_top_inst/bridge_inst/seg_driver/count_reg[4]/C
  -------------------------------------------------------------------    -------------------
    SLICE_X25Y92         FDCE (Prop_fdce_C_Q)         0.204    -1.991 r  student_top_inst/bridge_inst/seg_driver/count_reg[4]/Q
                         net (fo=49, routed)          0.679    -1.312    student_top_inst/bridge_inst/seg_driver/Q[0]
    SLICE_X39Y93         LUT3 (Prop_lut3_I1_O)        0.123    -1.189 r  student_top_inst/bridge_inst/seg_driver/virtual_seg_OBUF[16]_inst_i_2/O
                         net (fo=7, routed)           0.970    -0.219    student_top_inst/bridge_inst/seg_driver/virtual_seg_OBUF[16]_inst_i_2_n_0
    SLICE_X24Y96         LUT6 (Prop_lut6_I0_O)        0.043    -0.176 r  student_top_inst/bridge_inst/seg_driver/virtual_seg_OBUF[15]_inst_i_1/O
                         net (fo=2, routed)           4.648     4.472    virtual_seg_OBUF[15]
    H12                  OBUF (Prop_obuf_I_O)         2.398     6.870 r  virtual_seg_OBUF[15]_inst/O
                         net (fo=0)                   0.000     6.870    virtual_seg[15]
    H12                                                               r  virtual_seg[15] (OUT)
  -------------------------------------------------------------------    -------------------

Slack:                    inf
  Source:                 student_top_inst/bridge_inst/seg_driver/count_reg[4]/C
                            (rising edge-triggered cell FDCE clocked by clk_out2_pll  {rise@0.000ns fall@2.857ns period=5.714ns})
  Destination:            virtual_seg[0]
                            (output port)
  Path Group:             (none)
  Path Type:              Max at Slow Process Corner
  Data Path Delay:        8.950ns  (logic 2.839ns (31.725%)  route 6.111ns (68.276%))
  Logic Levels:           3  (LUT3=1 LUT6=1 OBUF=1)
  Clock Uncertainty:      0.237ns  ((TSJ^2 + DJ^2)^1/2) / 2 + PE
    Total System Jitter     (TSJ):    0.050ns
    Discrete Jitter          (DJ):    0.137ns
    Phase Error              (PE):    0.164ns

    Location             Delay type                Incr(ns)  Path(ns)    Netlist Resource(s)
  -------------------------------------------------------------------    -------------------
                         (clock clk_out2_pll rise edge)
                                                      0.000     0.000 r  
    AD12                                              0.000     0.000 r  i_sys_clk_p (IN)
                         net (fo=0)                   0.000     0.000    pll_inst/inst/clk_in1_p
    AD12                 IBUFDS (Prop_ibufds_I_O)     0.906     0.906 r  pll_inst/inst/clkin1_ibufgds/O
                         net (fo=1, routed)           1.098     2.004    pll_inst/inst/clk_in1_pll
    PLLE2_ADV_X1Y1       PLLE2_ADV (Prop_plle2_adv_CLKIN1_CLKOUT1)
                                                     -8.058    -6.054 r  pll_inst/inst/plle2_adv_inst/CLKOUT1
                         net (fo=1, routed)           2.128    -3.926    pll_inst/inst/clk_out2_pll
    BUFGCTRL_X0Y0        BUFG (Prop_bufg_I_O)         0.093    -3.833 r  pll_inst/inst/clkout2_buf/O
                         net (fo=6000, routed)        1.638    -2.195    student_top_inst/bridge_inst/seg_driver/clk_out2
    SLICE_X25Y92         FDCE                                         r  student_top_inst/bridge_inst/seg_driver/count_reg[4]/C
  -------------------------------------------------------------------    -------------------
    SLICE_X25Y92         FDCE (Prop_fdce_C_Q)         0.204    -1.991 r  student_top_inst/bridge_inst/seg_driver/count_reg[4]/Q
                         net (fo=49, routed)          0.605    -1.386    student_top_inst/bridge_inst/seg_driver/Q[0]
    SLICE_X42Y94         LUT3 (Prop_lut3_I1_O)        0.126    -1.260 r  student_top_inst/bridge_inst/seg_driver/virtual_seg_OBUF[6]_inst_i_4/O
                         net (fo=7, routed)           0.652    -0.608    student_top_inst/bridge_inst/seg_driver/virtual_seg_OBUF[6]_inst_i_4_n_0
    SLICE_X29Y95         LUT6 (Prop_lut6_I1_O)        0.134    -0.474 r  student_top_inst/bridge_inst/seg_driver/virtual_seg_OBUF[0]_inst_i_1/O
                         net (fo=2, routed)           4.854     4.379    virtual_seg_OBUF[0]
    K14                  OBUF (Prop_obuf_I_O)         2.375     6.755 r  virtual_seg_OBUF[0]_inst/O
                         net (fo=0)                   0.000     6.755    virtual_seg[0]
    K14                                                               r  virtual_seg[0] (OUT)
  -------------------------------------------------------------------    -------------------

Slack:                    inf
  Source:                 student_top_inst/bridge_inst/seg_driver/count_reg[4]/C
                            (rising edge-triggered cell FDCE clocked by clk_out2_pll  {rise@0.000ns fall@2.857ns period=5.714ns})
  Destination:            virtual_seg[5]
                            (output port)
  Path Group:             (none)
  Path Type:              Max at Slow Process Corner
  Data Path Delay:        8.870ns  (logic 2.843ns (32.053%)  route 6.027ns (67.947%))
  Logic Levels:           3  (LUT3=1 LUT6=1 OBUF=1)
  Clock Uncertainty:      0.237ns  ((TSJ^2 + DJ^2)^1/2) / 2 + PE
    Total System Jitter     (TSJ):    0.050ns
    Discrete Jitter          (DJ):    0.137ns
    Phase Error              (PE):    0.164ns

    Location             Delay type                Incr(ns)  Path(ns)    Netlist Resource(s)
  -------------------------------------------------------------------    -------------------
                         (clock clk_out2_pll rise edge)
                                                      0.000     0.000 r  
    AD12                                              0.000     0.000 r  i_sys_clk_p (IN)
                         net (fo=0)                   0.000     0.000    pll_inst/inst/clk_in1_p
    AD12                 IBUFDS (Prop_ibufds_I_O)     0.906     0.906 r  pll_inst/inst/clkin1_ibufgds/O
                         net (fo=1, routed)           1.098     2.004    pll_inst/inst/clk_in1_pll
    PLLE2_ADV_X1Y1       PLLE2_ADV (Prop_plle2_adv_CLKIN1_CLKOUT1)
                                                     -8.058    -6.054 r  pll_inst/inst/plle2_adv_inst/CLKOUT1
                         net (fo=1, routed)           2.128    -3.926    pll_inst/inst/clk_out2_pll
    BUFGCTRL_X0Y0        BUFG (Prop_bufg_I_O)         0.093    -3.833 r  pll_inst/inst/clkout2_buf/O
                         net (fo=6000, routed)        1.638    -2.195    student_top_inst/bridge_inst/seg_driver/clk_out2
    SLICE_X25Y92         FDCE                                         r  student_top_inst/bridge_inst/seg_driver/count_reg[4]/C
  -------------------------------------------------------------------    -------------------
    SLICE_X25Y92         FDCE (Prop_fdce_C_Q)         0.204    -1.991 r  student_top_inst/bridge_inst/seg_driver/count_reg[4]/Q
                         net (fo=49, routed)          0.605    -1.386    student_top_inst/bridge_inst/seg_driver/Q[0]
    SLICE_X42Y94         LUT3 (Prop_lut3_I1_O)        0.126    -1.260 r  student_top_inst/bridge_inst/seg_driver/virtual_seg_OBUF[6]_inst_i_4/O
                         net (fo=7, routed)           0.671    -0.589    student_top_inst/bridge_inst/seg_driver/virtual_seg_OBUF[6]_inst_i_4_n_0
    SLICE_X28Y97         LUT6 (Prop_lut6_I3_O)        0.134    -0.455 r  student_top_inst/bridge_inst/seg_driver/virtual_seg_OBUF[5]_inst_i_1/O
                         net (fo=2, routed)           4.750     4.295    virtual_seg_OBUF[5]
    K15                  OBUF (Prop_obuf_I_O)         2.379     6.675 r  virtual_seg_OBUF[5]_inst/O
                         net (fo=0)                   0.000     6.675    virtual_seg[5]
    K15                                                               r  virtual_seg[5] (OUT)
  -------------------------------------------------------------------    -------------------

Slack:                    inf
  Source:                 student_top_inst/bridge_inst/seg_wdata_reg[8]/C
                            (rising edge-triggered cell FDRE clocked by clk_out2_pll  {rise@0.000ns fall@2.857ns period=5.714ns})
  Destination:            virtual_seg[16]
                            (output port)
  Path Group:             (none)
  Path Type:              Max at Slow Process Corner
  Data Path Delay:        8.813ns  (logic 2.656ns (30.131%)  route 6.158ns (69.869%))
  Logic Levels:           2  (LUT6=1 OBUF=1)
  Clock Uncertainty:      0.237ns  ((TSJ^2 + DJ^2)^1/2) / 2 + PE
    Total System Jitter     (TSJ):    0.050ns
    Discrete Jitter          (DJ):    0.137ns
    Phase Error              (PE):    0.164ns

    Location             Delay type                Incr(ns)  Path(ns)    Netlist Resource(s)
  -------------------------------------------------------------------    -------------------
                         (clock clk_out2_pll rise edge)
                                                      0.000     0.000 r  
    AD12                                              0.000     0.000 r  i_sys_clk_p (IN)
                         net (fo=0)                   0.000     0.000    pll_inst/inst/clk_in1_p
    AD12                 IBUFDS (Prop_ibufds_I_O)     0.906     0.906 r  pll_inst/inst/clkin1_ibufgds/O
                         net (fo=1, routed)           1.098     2.004    pll_inst/inst/clk_in1_pll
    PLLE2_ADV_X1Y1       PLLE2_ADV (Prop_plle2_adv_CLKIN1_CLKOUT1)
                                                     -8.058    -6.054 r  pll_inst/inst/plle2_adv_inst/CLKOUT1
                         net (fo=1, routed)           2.128    -3.926    pll_inst/inst/clk_out2_pll
    BUFGCTRL_X0Y0        BUFG (Prop_bufg_I_O)         0.093    -3.833 r  pll_inst/inst/clkout2_buf/O
                         net (fo=6000, routed)        1.626    -2.207    student_top_inst/bridge_inst/clk_out2
    SLICE_X49Y93         FDRE                                         r  student_top_inst/bridge_inst/seg_wdata_reg[8]/C
  -------------------------------------------------------------------    -------------------
    SLICE_X49Y93         FDRE (Prop_fdre_C_Q)         0.223    -1.984 r  student_top_inst/bridge_inst/seg_wdata_reg[8]/Q
                         net (fo=8, routed)           1.711    -0.274    student_top_inst/bridge_inst/seg_driver/status_buffer_reg[4][4][8]
    SLICE_X24Y96         LUT6 (Prop_lut6_I1_O)        0.043    -0.231 r  student_top_inst/bridge_inst/seg_driver/virtual_seg_OBUF[16]_inst_i_1/O
                         net (fo=2, routed)           4.447     4.216    virtual_seg_OBUF[16]
    F13                  OBUF (Prop_obuf_I_O)         2.390     6.606 r  virtual_seg_OBUF[16]_inst/O
                         net (fo=0)                   0.000     6.606    virtual_seg[16]
    F13                                                               r  virtual_seg[16] (OUT)
  -------------------------------------------------------------------    -------------------

Slack:                    inf
  Source:                 student_top_inst/bridge_inst/seg_driver/count_reg[4]/C
                            (rising edge-triggered cell FDCE clocked by clk_out2_pll  {rise@0.000ns fall@2.857ns period=5.714ns})
  Destination:            virtual_seg[1]
                            (output port)
  Path Group:             (none)
  Path Type:              Max at Slow Process Corner
  Data Path Delay:        8.788ns  (logic 2.837ns (32.281%)  route 5.951ns (67.719%))
  Logic Levels:           3  (LUT3=1 LUT6=1 OBUF=1)
  Clock Uncertainty:      0.237ns  ((TSJ^2 + DJ^2)^1/2) / 2 + PE
    Total System Jitter     (TSJ):    0.050ns
    Discrete Jitter          (DJ):    0.137ns
    Phase Error              (PE):    0.164ns

    Location             Delay type                Incr(ns)  Path(ns)    Netlist Resource(s)
  -------------------------------------------------------------------    -------------------
                         (clock clk_out2_pll rise edge)
                                                      0.000     0.000 r  
    AD12                                              0.000     0.000 r  i_sys_clk_p (IN)
                         net (fo=0)                   0.000     0.000    pll_inst/inst/clk_in1_p
    AD12                 IBUFDS (Prop_ibufds_I_O)     0.906     0.906 r  pll_inst/inst/clkin1_ibufgds/O
                         net (fo=1, routed)           1.098     2.004    pll_inst/inst/clk_in1_pll
    PLLE2_ADV_X1Y1       PLLE2_ADV (Prop_plle2_adv_CLKIN1_CLKOUT1)
                                                     -8.058    -6.054 r  pll_inst/inst/plle2_adv_inst/CLKOUT1
                         net (fo=1, routed)           2.128    -3.926    pll_inst/inst/clk_out2_pll
    BUFGCTRL_X0Y0        BUFG (Prop_bufg_I_O)         0.093    -3.833 r  pll_inst/inst/clkout2_buf/O
                         net (fo=6000, routed)        1.638    -2.195    student_top_inst/bridge_inst/seg_driver/clk_out2
    SLICE_X25Y92         FDCE                                         r  student_top_inst/bridge_inst/seg_driver/count_reg[4]/C
  -------------------------------------------------------------------    -------------------
    SLICE_X25Y92         FDCE (Prop_fdce_C_Q)         0.204    -1.991 r  student_top_inst/bridge_inst/seg_driver/count_reg[4]/Q
                         net (fo=49, routed)          0.605    -1.386    student_top_inst/bridge_inst/seg_driver/Q[0]
    SLICE_X42Y94         LUT3 (Prop_lut3_I1_O)        0.126    -1.260 f  student_top_inst/bridge_inst/seg_driver/virtual_seg_OBUF[6]_inst_i_4/O
                         net (fo=7, routed)           0.568    -0.692    student_top_inst/bridge_inst/seg_driver/virtual_seg_OBUF[6]_inst_i_4_n_0
    SLICE_X29Y95         LUT6 (Prop_lut6_I1_O)        0.134    -0.558 r  student_top_inst/bridge_inst/seg_driver/virtual_seg_OBUF[1]_inst_i_1/O
                         net (fo=2, routed)           4.778     4.220    virtual_seg_OBUF[1]
    L15                  OBUF (Prop_obuf_I_O)         2.373     6.593 r  virtual_seg_OBUF[1]_inst/O
                         net (fo=0)                   0.000     6.593    virtual_seg[1]
    L15                                                               r  virtual_seg[1] (OUT)
  -------------------------------------------------------------------    -------------------

Slack:                    inf
  Source:                 student_top_inst/bridge_inst/seg_wdata_reg[1]/C
                            (rising edge-triggered cell FDRE clocked by clk_out2_pll  {rise@0.000ns fall@2.857ns period=5.714ns})
  Destination:            virtual_seg[6]
                            (output port)
  Path Group:             (none)
  Path Type:              Max at Slow Process Corner
  Data Path Delay:        8.685ns  (logic 2.801ns (32.247%)  route 5.884ns (67.753%))
  Logic Levels:           3  (LUT3=1 LUT6=1 OBUF=1)
  Clock Uncertainty:      0.237ns  ((TSJ^2 + DJ^2)^1/2) / 2 + PE
    Total System Jitter     (TSJ):    0.050ns
    Discrete Jitter          (DJ):    0.137ns
    Phase Error              (PE):    0.164ns

    Location             Delay type                Incr(ns)  Path(ns)    Netlist Resource(s)
  -------------------------------------------------------------------    -------------------
                         (clock clk_out2_pll rise edge)
                                                      0.000     0.000 r  
    AD12                                              0.000     0.000 r  i_sys_clk_p (IN)
                         net (fo=0)                   0.000     0.000    pll_inst/inst/clk_in1_p
    AD12                 IBUFDS (Prop_ibufds_I_O)     0.906     0.906 r  pll_inst/inst/clkin1_ibufgds/O
                         net (fo=1, routed)           1.098     2.004    pll_inst/inst/clk_in1_pll
    PLLE2_ADV_X1Y1       PLLE2_ADV (Prop_plle2_adv_CLKIN1_CLKOUT1)
                                                     -8.058    -6.054 r  pll_inst/inst/plle2_adv_inst/CLKOUT1
                         net (fo=1, routed)           2.128    -3.926    pll_inst/inst/clk_out2_pll
    BUFGCTRL_X0Y0        BUFG (Prop_bufg_I_O)         0.093    -3.833 r  pll_inst/inst/clkout2_buf/O
                         net (fo=6000, routed)        1.629    -2.204    student_top_inst/bridge_inst/clk_out2
    SLICE_X45Y94         FDRE                                         r  student_top_inst/bridge_inst/seg_wdata_reg[1]/C
  -------------------------------------------------------------------    -------------------
    SLICE_X45Y94         FDRE (Prop_fdre_C_Q)         0.223    -1.981 r  student_top_inst/bridge_inst/seg_wdata_reg[1]/Q
                         net (fo=5, routed)           0.952    -1.030    student_top_inst/bridge_inst/seg_driver/status_buffer_reg[4][4][1]
    SLICE_X29Y95         LUT3 (Prop_lut3_I0_O)        0.051    -0.979 r  student_top_inst/bridge_inst/seg_driver/virtual_seg_OBUF[6]_inst_i_3/O
                         net (fo=4, routed)           0.347    -0.632    student_top_inst/bridge_inst/seg_driver/virtual_seg_OBUF[6]_inst_i_3_n_0
    SLICE_X28Y97         LUT6 (Prop_lut6_I1_O)        0.136    -0.496 r  student_top_inst/bridge_inst/seg_driver/virtual_seg_OBUF[6]_inst_i_1/O
                         net (fo=2, routed)           4.586     4.090    virtual_seg_OBUF[6]
    L12                  OBUF (Prop_obuf_I_O)         2.391     6.481 r  virtual_seg_OBUF[6]_inst/O
                         net (fo=0)                   0.000     6.481    virtual_seg[6]
    L12                                                               r  virtual_seg[6] (OUT)
  -------------------------------------------------------------------    -------------------

Slack:                    inf
  Source:                 student_top_inst/bridge_inst/seg_driver/count_reg[4]/C
                            (rising edge-triggered cell FDCE clocked by clk_out2_pll  {rise@0.000ns fall@2.857ns period=5.714ns})
  Destination:            virtual_seg[3]
                            (output port)
  Path Group:             (none)
  Path Type:              Max at Slow Process Corner
  Data Path Delay:        8.612ns  (logic 2.754ns (31.978%)  route 5.858ns (68.022%))
  Logic Levels:           3  (LUT3=1 LUT6=1 OBUF=1)
  Clock Uncertainty:      0.237ns  ((TSJ^2 + DJ^2)^1/2) / 2 + PE
    Total System Jitter     (TSJ):    0.050ns
    Discrete Jitter          (DJ):    0.137ns
    Phase Error              (PE):    0.164ns

    Location             Delay type                Incr(ns)  Path(ns)    Netlist Resource(s)
  -------------------------------------------------------------------    -------------------
                         (clock clk_out2_pll rise edge)
                                                      0.000     0.000 r  
    AD12                                              0.000     0.000 r  i_sys_clk_p (IN)
                         net (fo=0)                   0.000     0.000    pll_inst/inst/clk_in1_p
    AD12                 IBUFDS (Prop_ibufds_I_O)     0.906     0.906 r  pll_inst/inst/clkin1_ibufgds/O
                         net (fo=1, routed)           1.098     2.004    pll_inst/inst/clk_in1_pll
    PLLE2_ADV_X1Y1       PLLE2_ADV (Prop_plle2_adv_CLKIN1_CLKOUT1)
                                                     -8.058    -6.054 r  pll_inst/inst/plle2_adv_inst/CLKOUT1
                         net (fo=1, routed)           2.128    -3.926    pll_inst/inst/clk_out2_pll
    BUFGCTRL_X0Y0        BUFG (Prop_bufg_I_O)         0.093    -3.833 r  pll_inst/inst/clkout2_buf/O
                         net (fo=6000, routed)        1.638    -2.195    student_top_inst/bridge_inst/seg_driver/clk_out2
    SLICE_X25Y92         FDCE                                         r  student_top_inst/bridge_inst/seg_driver/count_reg[4]/C
  -------------------------------------------------------------------    -------------------
    SLICE_X25Y92         FDCE (Prop_fdce_C_Q)         0.204    -1.991 r  student_top_inst/bridge_inst/seg_driver/count_reg[4]/Q
                         net (fo=49, routed)          0.605    -1.386    student_top_inst/bridge_inst/seg_driver/Q[0]
    SLICE_X42Y94         LUT3 (Prop_lut3_I1_O)        0.123    -1.263 r  student_top_inst/bridge_inst/seg_driver/virtual_seg_OBUF[6]_inst_i_2/O
                         net (fo=7, routed)           0.646    -0.617    student_top_inst/bridge_inst/seg_driver/virtual_seg_OBUF[6]_inst_i_2_n_0
    SLICE_X29Y95         LUT6 (Prop_lut6_I0_O)        0.043    -0.574 r  student_top_inst/bridge_inst/seg_driver/virtual_seg_OBUF[3]_inst_i_1/O
                         net (fo=2, routed)           4.607     4.033    virtual_seg_OBUF[3]
    J16                  OBUF (Prop_obuf_I_O)         2.384     6.417 r  virtual_seg_OBUF[3]_inst/O
                         net (fo=0)                   0.000     6.417    virtual_seg[3]
    J16                                                               r  virtual_seg[3] (OUT)
  -------------------------------------------------------------------    -------------------

Slack:                    inf
  Source:                 student_top_inst/bridge_inst/LED_reg[8]_lopt_replica/C
                            (rising edge-triggered cell FDRE clocked by clk_out2_pll  {rise@0.000ns fall@2.857ns period=5.714ns})
  Destination:            virtual_led[8]
                            (output port)
  Path Group:             (none)
  Path Type:              Max at Slow Process Corner
  Data Path Delay:        8.157ns  (logic 2.696ns (33.051%)  route 5.461ns (66.949%))
  Logic Levels:           1  (OBUF=1)
  Clock Uncertainty:      0.237ns  ((TSJ^2 + DJ^2)^1/2) / 2 + PE
    Total System Jitter     (TSJ):    0.050ns
    Discrete Jitter          (DJ):    0.137ns
    Phase Error              (PE):    0.164ns

    Location             Delay type                Incr(ns)  Path(ns)    Netlist Resource(s)
  -------------------------------------------------------------------    -------------------
                         (clock clk_out2_pll rise edge)
                                                      0.000     0.000 r  
    AD12                                              0.000     0.000 r  i_sys_clk_p (IN)
                         net (fo=0)                   0.000     0.000    pll_inst/inst/clk_in1_p
    AD12                 IBUFDS (Prop_ibufds_I_O)     0.906     0.906 r  pll_inst/inst/clkin1_ibufgds/O
                         net (fo=1, routed)           1.098     2.004    pll_inst/inst/clk_in1_pll
    PLLE2_ADV_X1Y1       PLLE2_ADV (Prop_plle2_adv_CLKIN1_CLKOUT1)
                                                     -8.058    -6.054 r  pll_inst/inst/plle2_adv_inst/CLKOUT1
                         net (fo=1, routed)           2.128    -3.926    pll_inst/inst/clk_out2_pll
    BUFGCTRL_X0Y0        BUFG (Prop_bufg_I_O)         0.093    -3.833 r  pll_inst/inst/clkout2_buf/O
                         net (fo=6000, routed)        1.567    -2.266    student_top_inst/bridge_inst/clk_out2
    SLICE_X52Y96         FDRE                                         r  student_top_inst/bridge_inst/LED_reg[8]_lopt_replica/C
  -------------------------------------------------------------------    -------------------
    SLICE_X52Y96         FDRE (Prop_fdre_C_Q)         0.236    -2.030 r  student_top_inst/bridge_inst/LED_reg[8]_lopt_replica/Q
                         net (fo=1, routed)           5.461     3.431    lopt_30
    G23                  OBUF (Prop_obuf_I_O)         2.460     5.891 r  virtual_led_OBUF[8]_inst/O
                         net (fo=0)                   0.000     5.891    virtual_led[8]
    G23                                                               r  virtual_led[8] (OUT)
  -------------------------------------------------------------------    -------------------

Slack:                    inf
  Source:                 student_top_inst/bridge_inst/LED_reg[4]_lopt_replica/C
                            (rising edge-triggered cell FDRE clocked by clk_out2_pll  {rise@0.000ns fall@2.857ns period=5.714ns})
  Destination:            virtual_led[4]
                            (output port)
  Path Group:             (none)
  Path Type:              Max at Slow Process Corner
  Data Path Delay:        8.101ns  (logic 2.743ns (33.863%)  route 5.358ns (66.137%))
  Logic Levels:           1  (OBUF=1)
  Clock Uncertainty:      0.237ns  ((TSJ^2 + DJ^2)^1/2) / 2 + PE
    Total System Jitter     (TSJ):    0.050ns
    Discrete Jitter          (DJ):    0.137ns
    Phase Error              (PE):    0.164ns

    Location             Delay type                Incr(ns)  Path(ns)    Netlist Resource(s)
  -------------------------------------------------------------------    -------------------
                         (clock clk_out2_pll rise edge)
                                                      0.000     0.000 r  
    AD12                                              0.000     0.000 r  i_sys_clk_p (IN)
                         net (fo=0)                   0.000     0.000    pll_inst/inst/clk_in1_p
    AD12                 IBUFDS (Prop_ibufds_I_O)     0.906     0.906 r  pll_inst/inst/clkin1_ibufgds/O
                         net (fo=1, routed)           1.098     2.004    pll_inst/inst/clk_in1_pll
    PLLE2_ADV_X1Y1       PLLE2_ADV (Prop_plle2_adv_CLKIN1_CLKOUT1)
                                                     -8.058    -6.054 r  pll_inst/inst/plle2_adv_inst/CLKOUT1
                         net (fo=1, routed)           2.128    -3.926    pll_inst/inst/clk_out2_pll
    BUFGCTRL_X0Y0        BUFG (Prop_bufg_I_O)         0.093    -3.833 r  pll_inst/inst/clkout2_buf/O
                         net (fo=6000, routed)        1.567    -2.266    student_top_inst/bridge_inst/clk_out2
    SLICE_X52Y96         FDRE                                         r  student_top_inst/bridge_inst/LED_reg[4]_lopt_replica/C
  -------------------------------------------------------------------    -------------------
    SLICE_X52Y96         FDRE (Prop_fdre_C_Q)         0.236    -2.030 r  student_top_inst/bridge_inst/LED_reg[4]_lopt_replica/Q
                         net (fo=1, routed)           5.358     3.328    lopt_26
    C26                  OBUF (Prop_obuf_I_O)         2.507     5.835 r  virtual_led_OBUF[4]_inst/O
                         net (fo=0)                   0.000     5.835    virtual_led[4]
    C26                                                               r  virtual_led[4] (OUT)
  -------------------------------------------------------------------    -------------------

Slack:                    inf
  Source:                 student_top_inst/bridge_inst/seg_driver/count_reg[4]/C
                            (rising edge-triggered cell FDCE clocked by clk_out2_pll  {rise@0.000ns fall@2.857ns period=5.714ns})
  Destination:            virtual_seg[8]
                            (output port)
  Path Group:             (none)
  Path Type:              Max at Slow Process Corner
  Data Path Delay:        8.018ns  (logic 2.675ns (33.361%)  route 5.343ns (66.639%))
  Logic Levels:           1  (OBUF=1)
  Clock Uncertainty:      0.237ns  ((TSJ^2 + DJ^2)^1/2) / 2 + PE
    Total System Jitter     (TSJ):    0.050ns
    Discrete Jitter          (DJ):    0.137ns
    Phase Error              (PE):    0.164ns

    Location             Delay type                Incr(ns)  Path(ns)    Netlist Resource(s)
  -------------------------------------------------------------------    -------------------
                         (clock clk_out2_pll rise edge)
                                                      0.000     0.000 r  
    AD12                                              0.000     0.000 r  i_sys_clk_p (IN)
                         net (fo=0)                   0.000     0.000    pll_inst/inst/clk_in1_p
    AD12                 IBUFDS (Prop_ibufds_I_O)     0.906     0.906 r  pll_inst/inst/clkin1_ibufgds/O
                         net (fo=1, routed)           1.098     2.004    pll_inst/inst/clk_in1_pll
    PLLE2_ADV_X1Y1       PLLE2_ADV (Prop_plle2_adv_CLKIN1_CLKOUT1)
                                                     -8.058    -6.054 r  pll_inst/inst/plle2_adv_inst/CLKOUT1
                         net (fo=1, routed)           2.128    -3.926    pll_inst/inst/clk_out2_pll
    BUFGCTRL_X0Y0        BUFG (Prop_bufg_I_O)         0.093    -3.833 r  pll_inst/inst/clkout2_buf/O
                         net (fo=6000, routed)        1.638    -2.195    student_top_inst/bridge_inst/seg_driver/clk_out2
    SLICE_X25Y92         FDCE                                         r  student_top_inst/bridge_inst/seg_driver/count_reg[4]/C
  -------------------------------------------------------------------    -------------------
    SLICE_X25Y92         FDCE (Prop_fdce_C_Q)         0.204    -1.991 r  student_top_inst/bridge_inst/seg_driver/count_reg[4]/Q
                         net (fo=49, routed)          5.343     3.352    virtual_seg_OBUF[8]
    L13                  OBUF (Prop_obuf_I_O)         2.471     5.823 r  virtual_seg_OBUF[8]_inst/O
                         net (fo=0)                   0.000     5.823    virtual_seg[8]
    L13                                                               r  virtual_seg[8] (OUT)
  -------------------------------------------------------------------    -------------------

Slack:                    inf
  Source:                 student_top_inst/bridge_inst/LED_reg[16]_lopt_replica/C
                            (rising edge-triggered cell FDRE clocked by clk_out2_pll  {rise@0.000ns fall@2.857ns period=5.714ns})
  Destination:            virtual_led[16]
                            (output port)
  Path Group:             (none)
  Path Type:              Max at Slow Process Corner
  Data Path Delay:        8.042ns  (logic 2.623ns (32.619%)  route 5.419ns (67.381%))
  Logic Levels:           1  (OBUF=1)
  Clock Uncertainty:      0.237ns  ((TSJ^2 + DJ^2)^1/2) / 2 + PE
    Total System Jitter     (TSJ):    0.050ns
    Discrete Jitter          (DJ):    0.137ns
    Phase Error              (PE):    0.164ns

    Location             Delay type                Incr(ns)  Path(ns)    Netlist Resource(s)
  -------------------------------------------------------------------    -------------------
                         (clock clk_out2_pll rise edge)
                                                      0.000     0.000 r  
    AD12                                              0.000     0.000 r  i_sys_clk_p (IN)
                         net (fo=0)                   0.000     0.000    pll_inst/inst/clk_in1_p
    AD12                 IBUFDS (Prop_ibufds_I_O)     0.906     0.906 r  pll_inst/inst/clkin1_ibufgds/O
                         net (fo=1, routed)           1.098     2.004    pll_inst/inst/clk_in1_pll
    PLLE2_ADV_X1Y1       PLLE2_ADV (Prop_plle2_adv_CLKIN1_CLKOUT1)
                                                     -8.058    -6.054 r  pll_inst/inst/plle2_adv_inst/CLKOUT1
                         net (fo=1, routed)           2.128    -3.926    pll_inst/inst/clk_out2_pll
    BUFGCTRL_X0Y0        BUFG (Prop_bufg_I_O)         0.093    -3.833 r  pll_inst/inst/clkout2_buf/O
                         net (fo=6000, routed)        1.567    -2.266    student_top_inst/bridge_inst/clk_out2
    SLICE_X53Y95         FDRE                                         r  student_top_inst/bridge_inst/LED_reg[16]_lopt_replica/C
  -------------------------------------------------------------------    -------------------
    SLICE_X53Y95         FDRE (Prop_fdre_C_Q)         0.223    -2.043 r  student_top_inst/bridge_inst/LED_reg[16]_lopt_replica/Q
                         net (fo=1, routed)           5.419     3.375    lopt_7
    F12                  OBUF (Prop_obuf_I_O)         2.400     5.775 r  virtual_led_OBUF[16]_inst/O
                         net (fo=0)                   0.000     5.775    virtual_led[16]
    F12                                                               r  virtual_led[16] (OUT)
  -------------------------------------------------------------------    -------------------





--------------------------------------------------------------------------------------
Path Group:  (none)
From Clock:  clkfbout_pll
  To Clock:  

Max Delay             1 Endpoint
Min Delay             0 Endpoints
--------------------------------------------------------------------------------------


Max Delay Paths
--------------------------------------------------------------------------------------
Slack:                    inf
  Source:                 pll_inst/inst/plle2_adv_inst/CLKFBOUT
                            (clock source 'clkfbout_pll'  {rise@0.000ns fall@10.000ns period=20.000ns})
  Destination:            pll_inst/inst/plle2_adv_inst/CLKFBIN
  Path Group:             (none)
  Path Type:              Max at Fast Process Corner
  Data Path Delay:        2.022ns  (logic 0.030ns (1.484%)  route 1.992ns (98.516%))
  Logic Levels:           1  (BUFG=1)
  Clock Uncertainty:      0.220ns  ((TSJ^2 + DJ^2)^1/2) / 2 + PE
    Total System Jitter     (TSJ):    0.050ns
    Discrete Jitter          (DJ):    0.100ns
    Phase Error              (PE):    0.164ns

    Location             Delay type                Incr(ns)  Path(ns)    Netlist Resource(s)
  -------------------------------------------------------------------    -------------------
                         (clock clkfbout_pll fall edge)
                                                     10.000    10.000 f  
    AD12                                              0.000    10.000 f  i_sys_clk_p (IN)
                         net (fo=0)                   0.000    10.000    pll_inst/inst/clk_in1_p
    AD12                 IBUFDS (Prop_ibufds_I_O)     0.470    10.470 f  pll_inst/inst/clkin1_ibufgds/O
                         net (fo=1, routed)           0.554    11.024    pll_inst/inst/clk_in1_pll
  -------------------------------------------------------------------    -------------------
    PLLE2_ADV_X1Y1       PLLE2_ADV (Prop_plle2_adv_CLKIN1_CLKFBOUT)
                                                     -3.524     7.500 f  pll_inst/inst/plle2_adv_inst/CLKFBOUT
                         net (fo=1, routed)           1.027     8.527    pll_inst/inst/clkfbout_pll
    BUFGCTRL_X0Y2        BUFG (Prop_bufg_I_O)         0.030     8.557 f  pll_inst/inst/clkf_buf/O
                         net (fo=1, routed)           0.965     9.522    pll_inst/inst/clkfbout_buf_pll
    PLLE2_ADV_X1Y1       PLLE2_ADV                                    f  pll_inst/inst/plle2_adv_inst/CLKFBIN
  -------------------------------------------------------------------    -------------------





--------------------------------------------------------------------------------------
Path Group:  (none)
From Clock:  
  To Clock:  clk_out1_pll

Max Delay             1 Endpoint
Min Delay             0 Endpoints
--------------------------------------------------------------------------------------


Max Delay Paths
--------------------------------------------------------------------------------------
Slack:                    inf
  Source:                 i_uart_rx
                            (input port)
  Destination:            uart_inst/rx_d0_reg/D
                            (rising edge-triggered cell FDPE clocked by clk_out1_pll  {rise@0.000ns fall@10.000ns period=20.000ns})
  Path Group:             (none)
  Path Type:              Setup (Max at Slow Process Corner)
  Data Path Delay:        4.817ns  (logic 1.533ns (31.828%)  route 3.284ns (68.172%))
  Logic Levels:           1  (IBUF=1)
  Clock Path Skew:        -2.035ns (DCD - SCD + CPR)
    Destination Clock Delay (DCD):    -2.035ns
    Source Clock Delay      (SCD):    0.000ns
    Clock Pessimism Removal (CPR):    0.000ns
  Clock Uncertainty:      0.255ns  ((TSJ^2 + DJ^2)^1/2) / 2 + PE
    Total System Jitter     (TSJ):    0.050ns
    Discrete Jitter          (DJ):    0.174ns
    Phase Error              (PE):    0.164ns

    Location             Delay type                Incr(ns)  Path(ns)    Netlist Resource(s)
  -------------------------------------------------------------------    -------------------
    D18                                               0.000     0.000 r  i_uart_rx (IN)
                         net (fo=0)                   0.000     0.000    i_uart_rx
    D18                  IBUF (Prop_ibuf_I_O)         1.533     1.533 r  i_uart_rx_IBUF_inst/O
                         net (fo=1, routed)           3.284     4.817    uart_inst/i_uart_rx_IBUF
    SLICE_X17Y101        FDPE                                         r  uart_inst/rx_d0_reg/D
  -------------------------------------------------------------------    -------------------

                         (clock clk_out1_pll rise edge)
                                                      0.000     0.000 r  
    AD12                                              0.000     0.000 r  i_sys_clk_p (IN)
                         net (fo=0)                   0.000     0.000    pll_inst/inst/clk_in1_p
    AD12                 IBUFDS (Prop_ibufds_I_O)     0.803     0.803 r  pll_inst/inst/clkin1_ibufgds/O
                         net (fo=1, routed)           1.001     1.804    pll_inst/inst/clk_in1_pll
    PLLE2_ADV_X1Y1       PLLE2_ADV (Prop_plle2_adv_CLKIN1_CLKOUT0)
                                                     -7.261    -5.457 r  pll_inst/inst/plle2_adv_inst/CLKOUT0
                         net (fo=1, routed)           2.003    -3.454    pll_inst/inst/clk_out1_pll
    BUFGCTRL_X0Y1        BUFG (Prop_bufg_I_O)         0.083    -3.371 r  pll_inst/inst/clkout1_buf/O
                         net (fo=386, routed)         1.336    -2.035    uart_inst/clk_out1
    SLICE_X17Y101        FDPE                                         r  uart_inst/rx_d0_reg/C





