Copyright 1986-2022 Xilinx, Inc. All Rights Reserved. Copyright 2022-2023 Advanced Micro Devices, Inc. All Rights Reserved.
-------------------------------------------------------------------------------------------------------------------------------------------------------------------------------------------------------------------------------------------------------------------------------------
| Tool Version : Vivado v.2023.2 (win64) Build 4029153 Fri Oct 13 20:14:34 MDT 2023
| Date         : Mon Jul 13 13:27:26 2026
| Host         : DESKTOP-MO7L2KR running 64-bit major release  (build 9200)
| Command      : report_timing -delay_type max -from [get_cells -hier *pc_reg_reg*] -to [get_pins -hier *pc_reg_reg*/D] -max_paths 100 -nworst 20 -path_type full_clock_expanded -sort_by slack -nets -input_pins -file Timing_info/fixtiming3/175mhz/timing_ifu_pc_feedback_max.rpt
| Design       : top
| Device       : 7k325t-ffg900
| Speed File   : -2  PRODUCTION 1.12 2017-02-17
| Design State : Routed
-------------------------------------------------------------------------------------------------------------------------------------------------------------------------------------------------------------------------------------------------------------------------------------

Timing Report

Slack (MET) :             0.218ns  (required time - arrival time)
  Source:                 student_top_inst/u_KLDJ_top/ifu0/pc_reg_reg[5]_replica/C
                            (rising edge-triggered cell FDRE clocked by clk_out2_pll  {rise@0.000ns fall@2.857ns period=5.714ns})
  Destination:            student_top_inst/u_KLDJ_top/ifu0/pc_reg_reg[4]_replica_3/D
                            (rising edge-triggered cell FDRE clocked by clk_out2_pll  {rise@0.000ns fall@2.857ns period=5.714ns})
  Path Group:             clk_out2_pll
  Path Type:              Setup (Max at Slow Process Corner)
  Requirement:            5.714ns  (clk_out2_pll rise@5.714ns - clk_out2_pll rise@0.000ns)
  Data Path Delay:        5.347ns  (logic 0.954ns (17.843%)  route 4.393ns (82.157%))
  Logic Levels:           10  (LUT2=1 LUT5=3 LUT6=4 MUXF7=2)
  Clock Path Skew:        -0.042ns (DCD - SCD + CPR)
    Destination Clock Delay (DCD):    -1.941ns = ( 3.774 - 5.714 ) 
    Source Clock Delay      (SCD):    -2.271ns
    Clock Pessimism Removal (CPR):    -0.373ns
  Clock Uncertainty:      0.077ns  ((TSJ^2 + DJ^2)^1/2) / 2 + PE
    Total System Jitter     (TSJ):    0.071ns
    Discrete Jitter          (DJ):    0.137ns
    Phase Error              (PE):    0.000ns

    Location             Delay type                Incr(ns)  Path(ns)    Netlist Resource(s)
  -------------------------------------------------------------------    -------------------
                         (clock clk_out2_pll rise edge)
                                                      0.000     0.000 r  
    AD12                                              0.000     0.000 r  i_sys_clk_p (IN)
                         net (fo=0)                   0.000     0.000    pll_inst/inst/clk_in1_p
    AD12                                                              r  pll_inst/inst/clkin1_ibufgds/I
    AD12                 IBUFDS (Prop_ibufds_I_O)     0.906     0.906 r  pll_inst/inst/clkin1_ibufgds/O
                         net (fo=1, routed)           1.098     2.004    pll_inst/inst/clk_in1_pll
    PLLE2_ADV_X1Y1                                                    r  pll_inst/inst/plle2_adv_inst/CLKIN1
    PLLE2_ADV_X1Y1       PLLE2_ADV (Prop_plle2_adv_CLKIN1_CLKOUT1)
                                                     -8.058    -6.054 r  pll_inst/inst/plle2_adv_inst/CLKOUT1
                         net (fo=1, routed)           2.128    -3.926    pll_inst/inst/clk_out2_pll
    BUFGCTRL_X0Y0                                                     r  pll_inst/inst/clkout2_buf/I
    BUFGCTRL_X0Y0        BUFG (Prop_bufg_I_O)         0.093    -3.833 r  pll_inst/inst/clkout2_buf/O
                         net (fo=5889, routed)        1.562    -2.271    student_top_inst/u_KLDJ_top/ifu0/clk_out2
    SLICE_X69Y89         FDRE                                         r  student_top_inst/u_KLDJ_top/ifu0/pc_reg_reg[5]_replica/C
  -------------------------------------------------------------------    -------------------
    SLICE_X69Y89         FDRE (Prop_fdre_C_Q)         0.223    -2.048 r  student_top_inst/u_KLDJ_top/ifu0/pc_reg_reg[5]_replica/Q
                         net (fo=144, routed)         1.139    -0.910    student_top_inst/Mem_IROM/U0/Q[5]_repN_alias
    SLICE_X48Y100                                                     r  student_top_inst/Mem_IROM/U0/g18_b5/I3
    SLICE_X48Y100        LUT6 (Prop_lut6_I3_O)        0.043    -0.867 r  student_top_inst/Mem_IROM/U0/g18_b5/O
                         net (fo=1, routed)           0.000    -0.867    student_top_inst/Mem_IROM/U0/g18_b5_n_0
    SLICE_X48Y100                                                     r  student_top_inst/Mem_IROM/U0/spo[6]_INST_0_i_10/I0
    SLICE_X48Y100        MUXF7 (Prop_muxf7_I0_O)      0.107    -0.760 r  student_top_inst/Mem_IROM/U0/spo[6]_INST_0_i_10/O
                         net (fo=1, routed)           0.442    -0.318    student_top_inst/Mem_IROM/U0/spo[6]_INST_0_i_10_n_0
    SLICE_X47Y101                                                     r  student_top_inst/Mem_IROM/U0/spo[6]_INST_0_i_4/I3
    SLICE_X47Y101        LUT6 (Prop_lut6_I3_O)        0.124    -0.194 r  student_top_inst/Mem_IROM/U0/spo[6]_INST_0_i_4/O
                         net (fo=1, routed)           0.000    -0.194    student_top_inst/Mem_IROM/U0/spo[6]_INST_0_i_4_n_0
    SLICE_X47Y101                                                     r  student_top_inst/Mem_IROM/U0/spo[6]_INST_0_i_2/I0
    SLICE_X47Y101        MUXF7 (Prop_muxf7_I0_O)      0.120    -0.074 r  student_top_inst/Mem_IROM/U0/spo[6]_INST_0_i_2/O
                         net (fo=1, routed)           0.565     0.491    student_top_inst/Mem_IROM/U0/spo[6]_INST_0_i_2_n_0
    SLICE_X51Y101                                                     r  student_top_inst/Mem_IROM/U0/spo[6]_INST_0/I3
    SLICE_X51Y101        LUT6 (Prop_lut6_I3_O)        0.122     0.613 r  student_top_inst/Mem_IROM/U0/spo[6]_INST_0/O
                         net (fo=2, routed)           0.555     1.168    student_top_inst/u_KLDJ_top/ifu0/spo[6]
    SLICE_X57Y94                                                      r  student_top_inst/u_KLDJ_top/ifu0/pc_reg[31]_i_24/I4
    SLICE_X57Y94         LUT5 (Prop_lut5_I4_O)        0.043     1.211 r  student_top_inst/u_KLDJ_top/ifu0/pc_reg[31]_i_24/O
                         net (fo=1, routed)           0.098     1.309    student_top_inst/u_KLDJ_top/ifu0/if_static_jal00_in
    SLICE_X57Y94                                                      r  student_top_inst/u_KLDJ_top/ifu0/pc_reg[31]_i_15/I0
    SLICE_X57Y94         LUT2 (Prop_lut2_I0_O)        0.043     1.352 r  student_top_inst/u_KLDJ_top/ifu0/pc_reg[31]_i_15/O
                         net (fo=33, routed)          0.329     1.681    student_top_inst/u_KLDJ_top/u_bpu/u_gshare_btb_core/if_static_jal
    SLICE_X68Y94                                                      r  student_top_inst/u_KLDJ_top/u_bpu/u_gshare_btb_core/if_id_pred_taken_i_2/I0
    SLICE_X68Y94         LUT5 (Prop_lut5_I0_O)        0.043     1.724 r  student_top_inst/u_KLDJ_top/u_bpu/u_gshare_btb_core/if_id_pred_taken_i_2/O
                         net (fo=33, routed)          0.326     2.050    student_top_inst/u_KLDJ_top/ifu0/if_pred_taken
    SLICE_X68Y94                                                      r  student_top_inst/u_KLDJ_top/ifu0/pc_reg[4]_i_4/I3
    SLICE_X68Y94         LUT5 (Prop_lut5_I3_O)        0.043     2.093 r  student_top_inst/u_KLDJ_top/ifu0/pc_reg[4]_i_4/O
                         net (fo=1, routed)           0.329     2.422    student_top_inst/u_KLDJ_top/u_pipe_id_ex/dnpc[4]
    SLICE_X68Y89                                                      r  student_top_inst/u_KLDJ_top/u_pipe_id_ex/pc_reg[4]_i_1/I5
    SLICE_X68Y89         LUT6 (Prop_lut6_I5_O)        0.043     2.465 r  student_top_inst/u_KLDJ_top/u_pipe_id_ex/pc_reg[4]_i_1/O
                         net (fo=6, routed)           0.610     3.075    student_top_inst/u_KLDJ_top/ifu0/pc_reg_reg[31]_1[4]
    SLICE_X63Y98         FDRE                                         r  student_top_inst/u_KLDJ_top/ifu0/pc_reg_reg[4]_replica_3/D
  -------------------------------------------------------------------    -------------------

                         (clock clk_out2_pll rise edge)
                                                      5.714     5.714 r  
    AD12                                              0.000     5.714 r  i_sys_clk_p (IN)
                         net (fo=0)                   0.000     5.714    pll_inst/inst/clk_in1_p
    AD12                                                              r  pll_inst/inst/clkin1_ibufgds/I
    AD12                 IBUFDS (Prop_ibufds_I_O)     0.803     6.518 r  pll_inst/inst/clkin1_ibufgds/O
                         net (fo=1, routed)           1.001     7.519    pll_inst/inst/clk_in1_pll
    PLLE2_ADV_X1Y1                                                    r  pll_inst/inst/plle2_adv_inst/CLKIN1
    PLLE2_ADV_X1Y1       PLLE2_ADV (Prop_plle2_adv_CLKIN1_CLKOUT1)
                                                     -7.261     0.258 r  pll_inst/inst/plle2_adv_inst/CLKOUT1
                         net (fo=1, routed)           2.003     2.261    pll_inst/inst/clk_out2_pll
    BUFGCTRL_X0Y0                                                     r  pll_inst/inst/clkout2_buf/I
    BUFGCTRL_X0Y0        BUFG (Prop_bufg_I_O)         0.083     2.344 r  pll_inst/inst/clkout2_buf/O
                         net (fo=5889, routed)        1.430     3.774    student_top_inst/u_KLDJ_top/ifu0/clk_out2
    SLICE_X63Y98         FDRE                                         r  student_top_inst/u_KLDJ_top/ifu0/pc_reg_reg[4]_replica_3/C
                         clock pessimism             -0.373     3.401    
                         clock uncertainty           -0.077     3.324    
    SLICE_X63Y98         FDRE (Setup_fdre_C_D)       -0.031     3.293    student_top_inst/u_KLDJ_top/ifu0/pc_reg_reg[4]_replica_3
  -------------------------------------------------------------------
                         required time                          3.293    
                         arrival time                          -3.075    
  -------------------------------------------------------------------
                         slack                                  0.218    

Slack (MET) :             0.218ns  (required time - arrival time)
  Source:                 student_top_inst/u_KLDJ_top/ifu0/pc_reg_reg[5]_replica/C
                            (rising edge-triggered cell FDRE clocked by clk_out2_pll  {rise@0.000ns fall@2.857ns period=5.714ns})
  Destination:            student_top_inst/u_KLDJ_top/ifu0/pc_reg_reg[4]_replica_3/D
                            (rising edge-triggered cell FDRE clocked by clk_out2_pll  {rise@0.000ns fall@2.857ns period=5.714ns})
  Path Group:             clk_out2_pll
  Path Type:              Setup (Max at Slow Process Corner)
  Requirement:            5.714ns  (clk_out2_pll rise@5.714ns - clk_out2_pll rise@0.000ns)
  Data Path Delay:        5.347ns  (logic 0.954ns (17.843%)  route 4.393ns (82.157%))
  Logic Levels:           10  (LUT2=1 LUT5=3 LUT6=4 MUXF7=2)
  Clock Path Skew:        -0.042ns (DCD - SCD + CPR)
    Destination Clock Delay (DCD):    -1.941ns = ( 3.774 - 5.714 ) 
    Source Clock Delay      (SCD):    -2.271ns
    Clock Pessimism Removal (CPR):    -0.373ns
  Clock Uncertainty:      0.077ns  ((TSJ^2 + DJ^2)^1/2) / 2 + PE
    Total System Jitter     (TSJ):    0.071ns
    Discrete Jitter          (DJ):    0.137ns
    Phase Error              (PE):    0.000ns

    Location             Delay type                Incr(ns)  Path(ns)    Netlist Resource(s)
  -------------------------------------------------------------------    -------------------
                         (clock clk_out2_pll rise edge)
                                                      0.000     0.000 r  
    AD12                                              0.000     0.000 r  i_sys_clk_p (IN)
                         net (fo=0)                   0.000     0.000    pll_inst/inst/clk_in1_p
    AD12                                                              r  pll_inst/inst/clkin1_ibufgds/I
    AD12                 IBUFDS (Prop_ibufds_I_O)     0.906     0.906 r  pll_inst/inst/clkin1_ibufgds/O
                         net (fo=1, routed)           1.098     2.004    pll_inst/inst/clk_in1_pll
    PLLE2_ADV_X1Y1                                                    r  pll_inst/inst/plle2_adv_inst/CLKIN1
    PLLE2_ADV_X1Y1       PLLE2_ADV (Prop_plle2_adv_CLKIN1_CLKOUT1)
                                                     -8.058    -6.054 r  pll_inst/inst/plle2_adv_inst/CLKOUT1
                         net (fo=1, routed)           2.128    -3.926    pll_inst/inst/clk_out2_pll
    BUFGCTRL_X0Y0                                                     r  pll_inst/inst/clkout2_buf/I
    BUFGCTRL_X0Y0        BUFG (Prop_bufg_I_O)         0.093    -3.833 r  pll_inst/inst/clkout2_buf/O
                         net (fo=5889, routed)        1.562    -2.271    student_top_inst/u_KLDJ_top/ifu0/clk_out2
    SLICE_X69Y89         FDRE                                         r  student_top_inst/u_KLDJ_top/ifu0/pc_reg_reg[5]_replica/C
  -------------------------------------------------------------------    -------------------
    SLICE_X69Y89         FDRE (Prop_fdre_C_Q)         0.223    -2.048 f  student_top_inst/u_KLDJ_top/ifu0/pc_reg_reg[5]_replica/Q
                         net (fo=144, routed)         1.139    -0.910    student_top_inst/Mem_IROM/U0/Q[5]_repN_alias
    SLICE_X48Y100                                                     f  student_top_inst/Mem_IROM/U0/g18_b5/I3
    SLICE_X48Y100        LUT6 (Prop_lut6_I3_O)        0.043    -0.867 r  student_top_inst/Mem_IROM/U0/g18_b5/O
                         net (fo=1, routed)           0.000    -0.867    student_top_inst/Mem_IROM/U0/g18_b5_n_0
    SLICE_X48Y100                                                     r  student_top_inst/Mem_IROM/U0/spo[6]_INST_0_i_10/I0
    SLICE_X48Y100        MUXF7 (Prop_muxf7_I0_O)      0.107    -0.760 r  student_top_inst/Mem_IROM/U0/spo[6]_INST_0_i_10/O
                         net (fo=1, routed)           0.442    -0.318    student_top_inst/Mem_IROM/U0/spo[6]_INST_0_i_10_n_0
    SLICE_X47Y101                                                     r  student_top_inst/Mem_IROM/U0/spo[6]_INST_0_i_4/I3
    SLICE_X47Y101        LUT6 (Prop_lut6_I3_O)        0.124    -0.194 r  student_top_inst/Mem_IROM/U0/spo[6]_INST_0_i_4/O
                         net (fo=1, routed)           0.000    -0.194    student_top_inst/Mem_IROM/U0/spo[6]_INST_0_i_4_n_0
    SLICE_X47Y101                                                     r  student_top_inst/Mem_IROM/U0/spo[6]_INST_0_i_2/I0
    SLICE_X47Y101        MUXF7 (Prop_muxf7_I0_O)      0.120    -0.074 r  student_top_inst/Mem_IROM/U0/spo[6]_INST_0_i_2/O
                         net (fo=1, routed)           0.565     0.491    student_top_inst/Mem_IROM/U0/spo[6]_INST_0_i_2_n_0
    SLICE_X51Y101                                                     r  student_top_inst/Mem_IROM/U0/spo[6]_INST_0/I3
    SLICE_X51Y101        LUT6 (Prop_lut6_I3_O)        0.122     0.613 r  student_top_inst/Mem_IROM/U0/spo[6]_INST_0/O
                         net (fo=2, routed)           0.555     1.168    student_top_inst/u_KLDJ_top/ifu0/spo[6]
    SLICE_X57Y94                                                      r  student_top_inst/u_KLDJ_top/ifu0/pc_reg[31]_i_24/I4
    SLICE_X57Y94         LUT5 (Prop_lut5_I4_O)        0.043     1.211 r  student_top_inst/u_KLDJ_top/ifu0/pc_reg[31]_i_24/O
                         net (fo=1, routed)           0.098     1.309    student_top_inst/u_KLDJ_top/ifu0/if_static_jal00_in
    SLICE_X57Y94                                                      r  student_top_inst/u_KLDJ_top/ifu0/pc_reg[31]_i_15/I0
    SLICE_X57Y94         LUT2 (Prop_lut2_I0_O)        0.043     1.352 r  student_top_inst/u_KLDJ_top/ifu0/pc_reg[31]_i_15/O
                         net (fo=33, routed)          0.329     1.681    student_top_inst/u_KLDJ_top/u_bpu/u_gshare_btb_core/if_static_jal
    SLICE_X68Y94                                                      r  student_top_inst/u_KLDJ_top/u_bpu/u_gshare_btb_core/if_id_pred_taken_i_2/I0
    SLICE_X68Y94         LUT5 (Prop_lut5_I0_O)        0.043     1.724 r  student_top_inst/u_KLDJ_top/u_bpu/u_gshare_btb_core/if_id_pred_taken_i_2/O
                         net (fo=33, routed)          0.326     2.050    student_top_inst/u_KLDJ_top/ifu0/if_pred_taken
    SLICE_X68Y94                                                      r  student_top_inst/u_KLDJ_top/ifu0/pc_reg[4]_i_4/I3
    SLICE_X68Y94         LUT5 (Prop_lut5_I3_O)        0.043     2.093 r  student_top_inst/u_KLDJ_top/ifu0/pc_reg[4]_i_4/O
                         net (fo=1, routed)           0.329     2.422    student_top_inst/u_KLDJ_top/u_pipe_id_ex/dnpc[4]
    SLICE_X68Y89                                                      r  student_top_inst/u_KLDJ_top/u_pipe_id_ex/pc_reg[4]_i_1/I5
    SLICE_X68Y89         LUT6 (Prop_lut6_I5_O)        0.043     2.465 r  student_top_inst/u_KLDJ_top/u_pipe_id_ex/pc_reg[4]_i_1/O
                         net (fo=6, routed)           0.610     3.075    student_top_inst/u_KLDJ_top/ifu0/pc_reg_reg[31]_1[4]
    SLICE_X63Y98         FDRE                                         r  student_top_inst/u_KLDJ_top/ifu0/pc_reg_reg[4]_replica_3/D
  -------------------------------------------------------------------    -------------------

                         (clock clk_out2_pll rise edge)
                                                      5.714     5.714 r  
    AD12                                              0.000     5.714 r  i_sys_clk_p (IN)
                         net (fo=0)                   0.000     5.714    pll_inst/inst/clk_in1_p
    AD12                                                              r  pll_inst/inst/clkin1_ibufgds/I
    AD12                 IBUFDS (Prop_ibufds_I_O)     0.803     6.518 r  pll_inst/inst/clkin1_ibufgds/O
                         net (fo=1, routed)           1.001     7.519    pll_inst/inst/clk_in1_pll
    PLLE2_ADV_X1Y1                                                    r  pll_inst/inst/plle2_adv_inst/CLKIN1
    PLLE2_ADV_X1Y1       PLLE2_ADV (Prop_plle2_adv_CLKIN1_CLKOUT1)
                                                     -7.261     0.258 r  pll_inst/inst/plle2_adv_inst/CLKOUT1
                         net (fo=1, routed)           2.003     2.261    pll_inst/inst/clk_out2_pll
    BUFGCTRL_X0Y0                                                     r  pll_inst/inst/clkout2_buf/I
    BUFGCTRL_X0Y0        BUFG (Prop_bufg_I_O)         0.083     2.344 r  pll_inst/inst/clkout2_buf/O
                         net (fo=5889, routed)        1.430     3.774    student_top_inst/u_KLDJ_top/ifu0/clk_out2
    SLICE_X63Y98         FDRE                                         r  student_top_inst/u_KLDJ_top/ifu0/pc_reg_reg[4]_replica_3/C
                         clock pessimism             -0.373     3.401    
                         clock uncertainty           -0.077     3.324    
    SLICE_X63Y98         FDRE (Setup_fdre_C_D)       -0.031     3.293    student_top_inst/u_KLDJ_top/ifu0/pc_reg_reg[4]_replica_3
  -------------------------------------------------------------------
                         required time                          3.293    
                         arrival time                          -3.075    
  -------------------------------------------------------------------
                         slack                                  0.218    

Slack (MET) :             0.218ns  (required time - arrival time)
  Source:                 student_top_inst/u_KLDJ_top/ifu0/pc_reg_reg[5]_replica/C
                            (rising edge-triggered cell FDRE clocked by clk_out2_pll  {rise@0.000ns fall@2.857ns period=5.714ns})
  Destination:            student_top_inst/u_KLDJ_top/ifu0/pc_reg_reg[4]_replica_3/D
                            (rising edge-triggered cell FDRE clocked by clk_out2_pll  {rise@0.000ns fall@2.857ns period=5.714ns})
  Path Group:             clk_out2_pll
  Path Type:              Setup (Max at Slow Process Corner)
  Requirement:            5.714ns  (clk_out2_pll rise@5.714ns - clk_out2_pll rise@0.000ns)
  Data Path Delay:        5.347ns  (logic 0.954ns (17.843%)  route 4.393ns (82.157%))
  Logic Levels:           10  (LUT2=1 LUT5=3 LUT6=4 MUXF7=2)
  Clock Path Skew:        -0.042ns (DCD - SCD + CPR)
    Destination Clock Delay (DCD):    -1.941ns = ( 3.774 - 5.714 ) 
    Source Clock Delay      (SCD):    -2.271ns
    Clock Pessimism Removal (CPR):    -0.373ns
  Clock Uncertainty:      0.077ns  ((TSJ^2 + DJ^2)^1/2) / 2 + PE
    Total System Jitter     (TSJ):    0.071ns
    Discrete Jitter          (DJ):    0.137ns
    Phase Error              (PE):    0.000ns

    Location             Delay type                Incr(ns)  Path(ns)    Netlist Resource(s)
  -------------------------------------------------------------------    -------------------
                         (clock clk_out2_pll rise edge)
                                                      0.000     0.000 r  
    AD12                                              0.000     0.000 r  i_sys_clk_p (IN)
                         net (fo=0)                   0.000     0.000    pll_inst/inst/clk_in1_p
    AD12                                                              r  pll_inst/inst/clkin1_ibufgds/I
    AD12                 IBUFDS (Prop_ibufds_I_O)     0.906     0.906 r  pll_inst/inst/clkin1_ibufgds/O
                         net (fo=1, routed)           1.098     2.004    pll_inst/inst/clk_in1_pll
    PLLE2_ADV_X1Y1                                                    r  pll_inst/inst/plle2_adv_inst/CLKIN1
    PLLE2_ADV_X1Y1       PLLE2_ADV (Prop_plle2_adv_CLKIN1_CLKOUT1)
                                                     -8.058    -6.054 r  pll_inst/inst/plle2_adv_inst/CLKOUT1
                         net (fo=1, routed)           2.128    -3.926    pll_inst/inst/clk_out2_pll
    BUFGCTRL_X0Y0                                                     r  pll_inst/inst/clkout2_buf/I
    BUFGCTRL_X0Y0        BUFG (Prop_bufg_I_O)         0.093    -3.833 r  pll_inst/inst/clkout2_buf/O
                         net (fo=5889, routed)        1.562    -2.271    student_top_inst/u_KLDJ_top/ifu0/clk_out2
    SLICE_X69Y89         FDRE                                         r  student_top_inst/u_KLDJ_top/ifu0/pc_reg_reg[5]_replica/C
  -------------------------------------------------------------------    -------------------
    SLICE_X69Y89         FDRE (Prop_fdre_C_Q)         0.223    -2.048 r  student_top_inst/u_KLDJ_top/ifu0/pc_reg_reg[5]_replica/Q
                         net (fo=144, routed)         1.139    -0.910    student_top_inst/Mem_IROM/U0/Q[5]_repN_alias
    SLICE_X48Y100                                                     r  student_top_inst/Mem_IROM/U0/g18_b5/I3
    SLICE_X48Y100        LUT6 (Prop_lut6_I3_O)        0.043    -0.867 f  student_top_inst/Mem_IROM/U0/g18_b5/O
                         net (fo=1, routed)           0.000    -0.867    student_top_inst/Mem_IROM/U0/g18_b5_n_0
    SLICE_X48Y100                                                     f  student_top_inst/Mem_IROM/U0/spo[6]_INST_0_i_10/I0
    SLICE_X48Y100        MUXF7 (Prop_muxf7_I0_O)      0.107    -0.760 f  student_top_inst/Mem_IROM/U0/spo[6]_INST_0_i_10/O
                         net (fo=1, routed)           0.442    -0.318    student_top_inst/Mem_IROM/U0/spo[6]_INST_0_i_10_n_0
    SLICE_X47Y101                                                     f  student_top_inst/Mem_IROM/U0/spo[6]_INST_0_i_4/I3
    SLICE_X47Y101        LUT6 (Prop_lut6_I3_O)        0.124    -0.194 f  student_top_inst/Mem_IROM/U0/spo[6]_INST_0_i_4/O
                         net (fo=1, routed)           0.000    -0.194    student_top_inst/Mem_IROM/U0/spo[6]_INST_0_i_4_n_0
    SLICE_X47Y101                                                     f  student_top_inst/Mem_IROM/U0/spo[6]_INST_0_i_2/I0
    SLICE_X47Y101        MUXF7 (Prop_muxf7_I0_O)      0.120    -0.074 f  student_top_inst/Mem_IROM/U0/spo[6]_INST_0_i_2/O
                         net (fo=1, routed)           0.565     0.491    student_top_inst/Mem_IROM/U0/spo[6]_INST_0_i_2_n_0
    SLICE_X51Y101                                                     f  student_top_inst/Mem_IROM/U0/spo[6]_INST_0/I3
    SLICE_X51Y101        LUT6 (Prop_lut6_I3_O)        0.122     0.613 f  student_top_inst/Mem_IROM/U0/spo[6]_INST_0/O
                         net (fo=2, routed)           0.555     1.168    student_top_inst/u_KLDJ_top/ifu0/spo[6]
    SLICE_X57Y94                                                      f  student_top_inst/u_KLDJ_top/ifu0/pc_reg[31]_i_24/I4
    SLICE_X57Y94         LUT5 (Prop_lut5_I4_O)        0.043     1.211 f  student_top_inst/u_KLDJ_top/ifu0/pc_reg[31]_i_24/O
                         net (fo=1, routed)           0.098     1.309    student_top_inst/u_KLDJ_top/ifu0/if_static_jal00_in
    SLICE_X57Y94                                                      f  student_top_inst/u_KLDJ_top/ifu0/pc_reg[31]_i_15/I0
    SLICE_X57Y94         LUT2 (Prop_lut2_I0_O)        0.043     1.352 f  student_top_inst/u_KLDJ_top/ifu0/pc_reg[31]_i_15/O
                         net (fo=33, routed)          0.329     1.681    student_top_inst/u_KLDJ_top/u_bpu/u_gshare_btb_core/if_static_jal
    SLICE_X68Y94                                                      f  student_top_inst/u_KLDJ_top/u_bpu/u_gshare_btb_core/if_id_pred_taken_i_2/I0
    SLICE_X68Y94         LUT5 (Prop_lut5_I0_O)        0.043     1.724 f  student_top_inst/u_KLDJ_top/u_bpu/u_gshare_btb_core/if_id_pred_taken_i_2/O
                         net (fo=33, routed)          0.326     2.050    student_top_inst/u_KLDJ_top/ifu0/if_pred_taken
    SLICE_X68Y94                                                      f  student_top_inst/u_KLDJ_top/ifu0/pc_reg[4]_i_4/I3
    SLICE_X68Y94         LUT5 (Prop_lut5_I3_O)        0.043     2.093 r  student_top_inst/u_KLDJ_top/ifu0/pc_reg[4]_i_4/O
                         net (fo=1, routed)           0.329     2.422    student_top_inst/u_KLDJ_top/u_pipe_id_ex/dnpc[4]
    SLICE_X68Y89                                                      r  student_top_inst/u_KLDJ_top/u_pipe_id_ex/pc_reg[4]_i_1/I5
    SLICE_X68Y89         LUT6 (Prop_lut6_I5_O)        0.043     2.465 r  student_top_inst/u_KLDJ_top/u_pipe_id_ex/pc_reg[4]_i_1/O
                         net (fo=6, routed)           0.610     3.075    student_top_inst/u_KLDJ_top/ifu0/pc_reg_reg[31]_1[4]
    SLICE_X63Y98         FDRE                                         r  student_top_inst/u_KLDJ_top/ifu0/pc_reg_reg[4]_replica_3/D
  -------------------------------------------------------------------    -------------------

                         (clock clk_out2_pll rise edge)
                                                      5.714     5.714 r  
    AD12                                              0.000     5.714 r  i_sys_clk_p (IN)
                         net (fo=0)                   0.000     5.714    pll_inst/inst/clk_in1_p
    AD12                                                              r  pll_inst/inst/clkin1_ibufgds/I
    AD12                 IBUFDS (Prop_ibufds_I_O)     0.803     6.518 r  pll_inst/inst/clkin1_ibufgds/O
                         net (fo=1, routed)           1.001     7.519    pll_inst/inst/clk_in1_pll
    PLLE2_ADV_X1Y1                                                    r  pll_inst/inst/plle2_adv_inst/CLKIN1
    PLLE2_ADV_X1Y1       PLLE2_ADV (Prop_plle2_adv_CLKIN1_CLKOUT1)
                                                     -7.261     0.258 r  pll_inst/inst/plle2_adv_inst/CLKOUT1
                         net (fo=1, routed)           2.003     2.261    pll_inst/inst/clk_out2_pll
    BUFGCTRL_X0Y0                                                     r  pll_inst/inst/clkout2_buf/I
    BUFGCTRL_X0Y0        BUFG (Prop_bufg_I_O)         0.083     2.344 r  pll_inst/inst/clkout2_buf/O
                         net (fo=5889, routed)        1.430     3.774    student_top_inst/u_KLDJ_top/ifu0/clk_out2
    SLICE_X63Y98         FDRE                                         r  student_top_inst/u_KLDJ_top/ifu0/pc_reg_reg[4]_replica_3/C
                         clock pessimism             -0.373     3.401    
                         clock uncertainty           -0.077     3.324    
    SLICE_X63Y98         FDRE (Setup_fdre_C_D)       -0.031     3.293    student_top_inst/u_KLDJ_top/ifu0/pc_reg_reg[4]_replica_3
  -------------------------------------------------------------------
                         required time                          3.293    
                         arrival time                          -3.075    
  -------------------------------------------------------------------
                         slack                                  0.218    

Slack (MET) :             0.218ns  (required time - arrival time)
  Source:                 student_top_inst/u_KLDJ_top/ifu0/pc_reg_reg[5]_replica/C
                            (rising edge-triggered cell FDRE clocked by clk_out2_pll  {rise@0.000ns fall@2.857ns period=5.714ns})
  Destination:            student_top_inst/u_KLDJ_top/ifu0/pc_reg_reg[4]_replica_3/D
                            (rising edge-triggered cell FDRE clocked by clk_out2_pll  {rise@0.000ns fall@2.857ns period=5.714ns})
  Path Group:             clk_out2_pll
  Path Type:              Setup (Max at Slow Process Corner)
  Requirement:            5.714ns  (clk_out2_pll rise@5.714ns - clk_out2_pll rise@0.000ns)
  Data Path Delay:        5.347ns  (logic 0.954ns (17.843%)  route 4.393ns (82.157%))
  Logic Levels:           10  (LUT2=1 LUT5=3 LUT6=4 MUXF7=2)
  Clock Path Skew:        -0.042ns (DCD - SCD + CPR)
    Destination Clock Delay (DCD):    -1.941ns = ( 3.774 - 5.714 ) 
    Source Clock Delay      (SCD):    -2.271ns
    Clock Pessimism Removal (CPR):    -0.373ns
  Clock Uncertainty:      0.077ns  ((TSJ^2 + DJ^2)^1/2) / 2 + PE
    Total System Jitter     (TSJ):    0.071ns
    Discrete Jitter          (DJ):    0.137ns
    Phase Error              (PE):    0.000ns

    Location             Delay type                Incr(ns)  Path(ns)    Netlist Resource(s)
  -------------------------------------------------------------------    -------------------
                         (clock clk_out2_pll rise edge)
                                                      0.000     0.000 r  
    AD12                                              0.000     0.000 r  i_sys_clk_p (IN)
                         net (fo=0)                   0.000     0.000    pll_inst/inst/clk_in1_p
    AD12                                                              r  pll_inst/inst/clkin1_ibufgds/I
    AD12                 IBUFDS (Prop_ibufds_I_O)     0.906     0.906 r  pll_inst/inst/clkin1_ibufgds/O
                         net (fo=1, routed)           1.098     2.004    pll_inst/inst/clk_in1_pll
    PLLE2_ADV_X1Y1                                                    r  pll_inst/inst/plle2_adv_inst/CLKIN1
    PLLE2_ADV_X1Y1       PLLE2_ADV (Prop_plle2_adv_CLKIN1_CLKOUT1)
                                                     -8.058    -6.054 r  pll_inst/inst/plle2_adv_inst/CLKOUT1
                         net (fo=1, routed)           2.128    -3.926    pll_inst/inst/clk_out2_pll
    BUFGCTRL_X0Y0                                                     r  pll_inst/inst/clkout2_buf/I
    BUFGCTRL_X0Y0        BUFG (Prop_bufg_I_O)         0.093    -3.833 r  pll_inst/inst/clkout2_buf/O
                         net (fo=5889, routed)        1.562    -2.271    student_top_inst/u_KLDJ_top/ifu0/clk_out2
    SLICE_X69Y89         FDRE                                         r  student_top_inst/u_KLDJ_top/ifu0/pc_reg_reg[5]_replica/C
  -------------------------------------------------------------------    -------------------
    SLICE_X69Y89         FDRE (Prop_fdre_C_Q)         0.223    -2.048 f  student_top_inst/u_KLDJ_top/ifu0/pc_reg_reg[5]_replica/Q
                         net (fo=144, routed)         1.139    -0.910    student_top_inst/Mem_IROM/U0/Q[5]_repN_alias
    SLICE_X48Y100                                                     f  student_top_inst/Mem_IROM/U0/g18_b5/I3
    SLICE_X48Y100        LUT6 (Prop_lut6_I3_O)        0.043    -0.867 f  student_top_inst/Mem_IROM/U0/g18_b5/O
                         net (fo=1, routed)           0.000    -0.867    student_top_inst/Mem_IROM/U0/g18_b5_n_0
    SLICE_X48Y100                                                     f  student_top_inst/Mem_IROM/U0/spo[6]_INST_0_i_10/I0
    SLICE_X48Y100        MUXF7 (Prop_muxf7_I0_O)      0.107    -0.760 f  student_top_inst/Mem_IROM/U0/spo[6]_INST_0_i_10/O
                         net (fo=1, routed)           0.442    -0.318    student_top_inst/Mem_IROM/U0/spo[6]_INST_0_i_10_n_0
    SLICE_X47Y101                                                     f  student_top_inst/Mem_IROM/U0/spo[6]_INST_0_i_4/I3
    SLICE_X47Y101        LUT6 (Prop_lut6_I3_O)        0.124    -0.194 f  student_top_inst/Mem_IROM/U0/spo[6]_INST_0_i_4/O
                         net (fo=1, routed)           0.000    -0.194    student_top_inst/Mem_IROM/U0/spo[6]_INST_0_i_4_n_0
    SLICE_X47Y101                                                     f  student_top_inst/Mem_IROM/U0/spo[6]_INST_0_i_2/I0
    SLICE_X47Y101        MUXF7 (Prop_muxf7_I0_O)      0.120    -0.074 f  student_top_inst/Mem_IROM/U0/spo[6]_INST_0_i_2/O
                         net (fo=1, routed)           0.565     0.491    student_top_inst/Mem_IROM/U0/spo[6]_INST_0_i_2_n_0
    SLICE_X51Y101                                                     f  student_top_inst/Mem_IROM/U0/spo[6]_INST_0/I3
    SLICE_X51Y101        LUT6 (Prop_lut6_I3_O)        0.122     0.613 f  student_top_inst/Mem_IROM/U0/spo[6]_INST_0/O
                         net (fo=2, routed)           0.555     1.168    student_top_inst/u_KLDJ_top/ifu0/spo[6]
    SLICE_X57Y94                                                      f  student_top_inst/u_KLDJ_top/ifu0/pc_reg[31]_i_24/I4
    SLICE_X57Y94         LUT5 (Prop_lut5_I4_O)        0.043     1.211 f  student_top_inst/u_KLDJ_top/ifu0/pc_reg[31]_i_24/O
                         net (fo=1, routed)           0.098     1.309    student_top_inst/u_KLDJ_top/ifu0/if_static_jal00_in
    SLICE_X57Y94                                                      f  student_top_inst/u_KLDJ_top/ifu0/pc_reg[31]_i_15/I0
    SLICE_X57Y94         LUT2 (Prop_lut2_I0_O)        0.043     1.352 f  student_top_inst/u_KLDJ_top/ifu0/pc_reg[31]_i_15/O
                         net (fo=33, routed)          0.329     1.681    student_top_inst/u_KLDJ_top/u_bpu/u_gshare_btb_core/if_static_jal
    SLICE_X68Y94                                                      f  student_top_inst/u_KLDJ_top/u_bpu/u_gshare_btb_core/if_id_pred_taken_i_2/I0
    SLICE_X68Y94         LUT5 (Prop_lut5_I0_O)        0.043     1.724 f  student_top_inst/u_KLDJ_top/u_bpu/u_gshare_btb_core/if_id_pred_taken_i_2/O
                         net (fo=33, routed)          0.326     2.050    student_top_inst/u_KLDJ_top/ifu0/if_pred_taken
    SLICE_X68Y94                                                      f  student_top_inst/u_KLDJ_top/ifu0/pc_reg[4]_i_4/I3
    SLICE_X68Y94         LUT5 (Prop_lut5_I3_O)        0.043     2.093 r  student_top_inst/u_KLDJ_top/ifu0/pc_reg[4]_i_4/O
                         net (fo=1, routed)           0.329     2.422    student_top_inst/u_KLDJ_top/u_pipe_id_ex/dnpc[4]
    SLICE_X68Y89                                                      r  student_top_inst/u_KLDJ_top/u_pipe_id_ex/pc_reg[4]_i_1/I5
    SLICE_X68Y89         LUT6 (Prop_lut6_I5_O)        0.043     2.465 r  student_top_inst/u_KLDJ_top/u_pipe_id_ex/pc_reg[4]_i_1/O
                         net (fo=6, routed)           0.610     3.075    student_top_inst/u_KLDJ_top/ifu0/pc_reg_reg[31]_1[4]
    SLICE_X63Y98         FDRE                                         r  student_top_inst/u_KLDJ_top/ifu0/pc_reg_reg[4]_replica_3/D
  -------------------------------------------------------------------    -------------------

                         (clock clk_out2_pll rise edge)
                                                      5.714     5.714 r  
    AD12                                              0.000     5.714 r  i_sys_clk_p (IN)
                         net (fo=0)                   0.000     5.714    pll_inst/inst/clk_in1_p
    AD12                                                              r  pll_inst/inst/clkin1_ibufgds/I
    AD12                 IBUFDS (Prop_ibufds_I_O)     0.803     6.518 r  pll_inst/inst/clkin1_ibufgds/O
                         net (fo=1, routed)           1.001     7.519    pll_inst/inst/clk_in1_pll
    PLLE2_ADV_X1Y1                                                    r  pll_inst/inst/plle2_adv_inst/CLKIN1
    PLLE2_ADV_X1Y1       PLLE2_ADV (Prop_plle2_adv_CLKIN1_CLKOUT1)
                                                     -7.261     0.258 r  pll_inst/inst/plle2_adv_inst/CLKOUT1
                         net (fo=1, routed)           2.003     2.261    pll_inst/inst/clk_out2_pll
    BUFGCTRL_X0Y0                                                     r  pll_inst/inst/clkout2_buf/I
    BUFGCTRL_X0Y0        BUFG (Prop_bufg_I_O)         0.083     2.344 r  pll_inst/inst/clkout2_buf/O
                         net (fo=5889, routed)        1.430     3.774    student_top_inst/u_KLDJ_top/ifu0/clk_out2
    SLICE_X63Y98         FDRE                                         r  student_top_inst/u_KLDJ_top/ifu0/pc_reg_reg[4]_replica_3/C
                         clock pessimism             -0.373     3.401    
                         clock uncertainty           -0.077     3.324    
    SLICE_X63Y98         FDRE (Setup_fdre_C_D)       -0.031     3.293    student_top_inst/u_KLDJ_top/ifu0/pc_reg_reg[4]_replica_3
  -------------------------------------------------------------------
                         required time                          3.293    
                         arrival time                          -3.075    
  -------------------------------------------------------------------
                         slack                                  0.218    

Slack (MET) :             0.218ns  (required time - arrival time)
  Source:                 student_top_inst/u_KLDJ_top/ifu0/pc_reg_reg[5]_replica/C
                            (rising edge-triggered cell FDRE clocked by clk_out2_pll  {rise@0.000ns fall@2.857ns period=5.714ns})
  Destination:            student_top_inst/u_KLDJ_top/ifu0/pc_reg_reg[4]_replica_3/D
                            (rising edge-triggered cell FDRE clocked by clk_out2_pll  {rise@0.000ns fall@2.857ns period=5.714ns})
  Path Group:             clk_out2_pll
  Path Type:              Setup (Max at Slow Process Corner)
  Requirement:            5.714ns  (clk_out2_pll rise@5.714ns - clk_out2_pll rise@0.000ns)
  Data Path Delay:        5.347ns  (logic 0.954ns (17.843%)  route 4.393ns (82.157%))
  Logic Levels:           10  (LUT2=1 LUT5=3 LUT6=4 MUXF7=2)
  Clock Path Skew:        -0.042ns (DCD - SCD + CPR)
    Destination Clock Delay (DCD):    -1.941ns = ( 3.774 - 5.714 ) 
    Source Clock Delay      (SCD):    -2.271ns
    Clock Pessimism Removal (CPR):    -0.373ns
  Clock Uncertainty:      0.077ns  ((TSJ^2 + DJ^2)^1/2) / 2 + PE
    Total System Jitter     (TSJ):    0.071ns
    Discrete Jitter          (DJ):    0.137ns
    Phase Error              (PE):    0.000ns

    Location             Delay type                Incr(ns)  Path(ns)    Netlist Resource(s)
  -------------------------------------------------------------------    -------------------
                         (clock clk_out2_pll rise edge)
                                                      0.000     0.000 r  
    AD12                                              0.000     0.000 r  i_sys_clk_p (IN)
                         net (fo=0)                   0.000     0.000    pll_inst/inst/clk_in1_p
    AD12                                                              r  pll_inst/inst/clkin1_ibufgds/I
    AD12                 IBUFDS (Prop_ibufds_I_O)     0.906     0.906 r  pll_inst/inst/clkin1_ibufgds/O
                         net (fo=1, routed)           1.098     2.004    pll_inst/inst/clk_in1_pll
    PLLE2_ADV_X1Y1                                                    r  pll_inst/inst/plle2_adv_inst/CLKIN1
    PLLE2_ADV_X1Y1       PLLE2_ADV (Prop_plle2_adv_CLKIN1_CLKOUT1)
                                                     -8.058    -6.054 r  pll_inst/inst/plle2_adv_inst/CLKOUT1
                         net (fo=1, routed)           2.128    -3.926    pll_inst/inst/clk_out2_pll
    BUFGCTRL_X0Y0                                                     r  pll_inst/inst/clkout2_buf/I
    BUFGCTRL_X0Y0        BUFG (Prop_bufg_I_O)         0.093    -3.833 r  pll_inst/inst/clkout2_buf/O
                         net (fo=5889, routed)        1.562    -2.271    student_top_inst/u_KLDJ_top/ifu0/clk_out2
    SLICE_X69Y89         FDRE                                         r  student_top_inst/u_KLDJ_top/ifu0/pc_reg_reg[5]_replica/C
  -------------------------------------------------------------------    -------------------
    SLICE_X69Y89         FDRE (Prop_fdre_C_Q)         0.223    -2.048 r  student_top_inst/u_KLDJ_top/ifu0/pc_reg_reg[5]_replica/Q
                         net (fo=144, routed)         1.139    -0.910    student_top_inst/Mem_IROM/U0/Q[5]_repN_alias
    SLICE_X48Y100                                                     r  student_top_inst/Mem_IROM/U0/g18_b5/I3
    SLICE_X48Y100        LUT6 (Prop_lut6_I3_O)        0.043    -0.867 r  student_top_inst/Mem_IROM/U0/g18_b5/O
                         net (fo=1, routed)           0.000    -0.867    student_top_inst/Mem_IROM/U0/g18_b5_n_0
    SLICE_X48Y100                                                     r  student_top_inst/Mem_IROM/U0/spo[6]_INST_0_i_10/I0
    SLICE_X48Y100        MUXF7 (Prop_muxf7_I0_O)      0.107    -0.760 r  student_top_inst/Mem_IROM/U0/spo[6]_INST_0_i_10/O
                         net (fo=1, routed)           0.442    -0.318    student_top_inst/Mem_IROM/U0/spo[6]_INST_0_i_10_n_0
    SLICE_X47Y101                                                     r  student_top_inst/Mem_IROM/U0/spo[6]_INST_0_i_4/I3
    SLICE_X47Y101        LUT6 (Prop_lut6_I3_O)        0.124    -0.194 r  student_top_inst/Mem_IROM/U0/spo[6]_INST_0_i_4/O
                         net (fo=1, routed)           0.000    -0.194    student_top_inst/Mem_IROM/U0/spo[6]_INST_0_i_4_n_0
    SLICE_X47Y101                                                     r  student_top_inst/Mem_IROM/U0/spo[6]_INST_0_i_2/I0
    SLICE_X47Y101        MUXF7 (Prop_muxf7_I0_O)      0.120    -0.074 r  student_top_inst/Mem_IROM/U0/spo[6]_INST_0_i_2/O
                         net (fo=1, routed)           0.565     0.491    student_top_inst/Mem_IROM/U0/spo[6]_INST_0_i_2_n_0
    SLICE_X51Y101                                                     r  student_top_inst/Mem_IROM/U0/spo[6]_INST_0/I3
    SLICE_X51Y101        LUT6 (Prop_lut6_I3_O)        0.122     0.613 r  student_top_inst/Mem_IROM/U0/spo[6]_INST_0/O
                         net (fo=2, routed)           0.555     1.168    student_top_inst/u_KLDJ_top/ifu0/spo[6]
    SLICE_X57Y94                                                      r  student_top_inst/u_KLDJ_top/ifu0/pc_reg[31]_i_24/I4
    SLICE_X57Y94         LUT5 (Prop_lut5_I4_O)        0.043     1.211 r  student_top_inst/u_KLDJ_top/ifu0/pc_reg[31]_i_24/O
                         net (fo=1, routed)           0.098     1.309    student_top_inst/u_KLDJ_top/ifu0/if_static_jal00_in
    SLICE_X57Y94                                                      r  student_top_inst/u_KLDJ_top/ifu0/pc_reg[31]_i_15/I0
    SLICE_X57Y94         LUT2 (Prop_lut2_I0_O)        0.043     1.352 r  student_top_inst/u_KLDJ_top/ifu0/pc_reg[31]_i_15/O
                         net (fo=33, routed)          0.329     1.681    student_top_inst/u_KLDJ_top/u_bpu/u_gshare_btb_core/if_static_jal
    SLICE_X68Y94                                                      r  student_top_inst/u_KLDJ_top/u_bpu/u_gshare_btb_core/if_id_pred_taken_i_2/I0
    SLICE_X68Y94         LUT5 (Prop_lut5_I0_O)        0.043     1.724 r  student_top_inst/u_KLDJ_top/u_bpu/u_gshare_btb_core/if_id_pred_taken_i_2/O
                         net (fo=33, routed)          0.326     2.050    student_top_inst/u_KLDJ_top/ifu0/if_pred_taken
    SLICE_X68Y94                                                      r  student_top_inst/u_KLDJ_top/ifu0/pc_reg[4]_i_4/I3
    SLICE_X68Y94         LUT5 (Prop_lut5_I3_O)        0.043     2.093 f  student_top_inst/u_KLDJ_top/ifu0/pc_reg[4]_i_4/O
                         net (fo=1, routed)           0.329     2.422    student_top_inst/u_KLDJ_top/u_pipe_id_ex/dnpc[4]
    SLICE_X68Y89                                                      f  student_top_inst/u_KLDJ_top/u_pipe_id_ex/pc_reg[4]_i_1/I5
    SLICE_X68Y89         LUT6 (Prop_lut6_I5_O)        0.043     2.465 f  student_top_inst/u_KLDJ_top/u_pipe_id_ex/pc_reg[4]_i_1/O
                         net (fo=6, routed)           0.610     3.075    student_top_inst/u_KLDJ_top/ifu0/pc_reg_reg[31]_1[4]
    SLICE_X63Y98         FDRE                                         f  student_top_inst/u_KLDJ_top/ifu0/pc_reg_reg[4]_replica_3/D
  -------------------------------------------------------------------    -------------------

                         (clock clk_out2_pll rise edge)
                                                      5.714     5.714 r  
    AD12                                              0.000     5.714 r  i_sys_clk_p (IN)
                         net (fo=0)                   0.000     5.714    pll_inst/inst/clk_in1_p
    AD12                                                              r  pll_inst/inst/clkin1_ibufgds/I
    AD12                 IBUFDS (Prop_ibufds_I_O)     0.803     6.518 r  pll_inst/inst/clkin1_ibufgds/O
                         net (fo=1, routed)           1.001     7.519    pll_inst/inst/clk_in1_pll
    PLLE2_ADV_X1Y1                                                    r  pll_inst/inst/plle2_adv_inst/CLKIN1
    PLLE2_ADV_X1Y1       PLLE2_ADV (Prop_plle2_adv_CLKIN1_CLKOUT1)
                                                     -7.261     0.258 r  pll_inst/inst/plle2_adv_inst/CLKOUT1
                         net (fo=1, routed)           2.003     2.261    pll_inst/inst/clk_out2_pll
    BUFGCTRL_X0Y0                                                     r  pll_inst/inst/clkout2_buf/I
    BUFGCTRL_X0Y0        BUFG (Prop_bufg_I_O)         0.083     2.344 r  pll_inst/inst/clkout2_buf/O
                         net (fo=5889, routed)        1.430     3.774    student_top_inst/u_KLDJ_top/ifu0/clk_out2
    SLICE_X63Y98         FDRE                                         r  student_top_inst/u_KLDJ_top/ifu0/pc_reg_reg[4]_replica_3/C
                         clock pessimism             -0.373     3.401    
                         clock uncertainty           -0.077     3.324    
    SLICE_X63Y98         FDRE (Setup_fdre_C_D)       -0.031     3.293    student_top_inst/u_KLDJ_top/ifu0/pc_reg_reg[4]_replica_3
  -------------------------------------------------------------------
                         required time                          3.293    
                         arrival time                          -3.075    
  -------------------------------------------------------------------
                         slack                                  0.218    

Slack (MET) :             0.218ns  (required time - arrival time)
  Source:                 student_top_inst/u_KLDJ_top/ifu0/pc_reg_reg[5]_replica/C
                            (rising edge-triggered cell FDRE clocked by clk_out2_pll  {rise@0.000ns fall@2.857ns period=5.714ns})
  Destination:            student_top_inst/u_KLDJ_top/ifu0/pc_reg_reg[4]_replica_3/D
                            (rising edge-triggered cell FDRE clocked by clk_out2_pll  {rise@0.000ns fall@2.857ns period=5.714ns})
  Path Group:             clk_out2_pll
  Path Type:              Setup (Max at Slow Process Corner)
  Requirement:            5.714ns  (clk_out2_pll rise@5.714ns - clk_out2_pll rise@0.000ns)
  Data Path Delay:        5.347ns  (logic 0.954ns (17.843%)  route 4.393ns (82.157%))
  Logic Levels:           10  (LUT2=1 LUT5=3 LUT6=4 MUXF7=2)
  Clock Path Skew:        -0.042ns (DCD - SCD + CPR)
    Destination Clock Delay (DCD):    -1.941ns = ( 3.774 - 5.714 ) 
    Source Clock Delay      (SCD):    -2.271ns
    Clock Pessimism Removal (CPR):    -0.373ns
  Clock Uncertainty:      0.077ns  ((TSJ^2 + DJ^2)^1/2) / 2 + PE
    Total System Jitter     (TSJ):    0.071ns
    Discrete Jitter          (DJ):    0.137ns
    Phase Error              (PE):    0.000ns

    Location             Delay type                Incr(ns)  Path(ns)    Netlist Resource(s)
  -------------------------------------------------------------------    -------------------
                         (clock clk_out2_pll rise edge)
                                                      0.000     0.000 r  
    AD12                                              0.000     0.000 r  i_sys_clk_p (IN)
                         net (fo=0)                   0.000     0.000    pll_inst/inst/clk_in1_p
    AD12                                                              r  pll_inst/inst/clkin1_ibufgds/I
    AD12                 IBUFDS (Prop_ibufds_I_O)     0.906     0.906 r  pll_inst/inst/clkin1_ibufgds/O
                         net (fo=1, routed)           1.098     2.004    pll_inst/inst/clk_in1_pll
    PLLE2_ADV_X1Y1                                                    r  pll_inst/inst/plle2_adv_inst/CLKIN1
    PLLE2_ADV_X1Y1       PLLE2_ADV (Prop_plle2_adv_CLKIN1_CLKOUT1)
                                                     -8.058    -6.054 r  pll_inst/inst/plle2_adv_inst/CLKOUT1
                         net (fo=1, routed)           2.128    -3.926    pll_inst/inst/clk_out2_pll
    BUFGCTRL_X0Y0                                                     r  pll_inst/inst/clkout2_buf/I
    BUFGCTRL_X0Y0        BUFG (Prop_bufg_I_O)         0.093    -3.833 r  pll_inst/inst/clkout2_buf/O
                         net (fo=5889, routed)        1.562    -2.271    student_top_inst/u_KLDJ_top/ifu0/clk_out2
    SLICE_X69Y89         FDRE                                         r  student_top_inst/u_KLDJ_top/ifu0/pc_reg_reg[5]_replica/C
  -------------------------------------------------------------------    -------------------
    SLICE_X69Y89         FDRE (Prop_fdre_C_Q)         0.223    -2.048 f  student_top_inst/u_KLDJ_top/ifu0/pc_reg_reg[5]_replica/Q
                         net (fo=144, routed)         1.139    -0.910    student_top_inst/Mem_IROM/U0/Q[5]_repN_alias
    SLICE_X48Y100                                                     f  student_top_inst/Mem_IROM/U0/g18_b5/I3
    SLICE_X48Y100        LUT6 (Prop_lut6_I3_O)        0.043    -0.867 r  student_top_inst/Mem_IROM/U0/g18_b5/O
                         net (fo=1, routed)           0.000    -0.867    student_top_inst/Mem_IROM/U0/g18_b5_n_0
    SLICE_X48Y100                                                     r  student_top_inst/Mem_IROM/U0/spo[6]_INST_0_i_10/I0
    SLICE_X48Y100        MUXF7 (Prop_muxf7_I0_O)      0.107    -0.760 r  student_top_inst/Mem_IROM/U0/spo[6]_INST_0_i_10/O
                         net (fo=1, routed)           0.442    -0.318    student_top_inst/Mem_IROM/U0/spo[6]_INST_0_i_10_n_0
    SLICE_X47Y101                                                     r  student_top_inst/Mem_IROM/U0/spo[6]_INST_0_i_4/I3
    SLICE_X47Y101        LUT6 (Prop_lut6_I3_O)        0.124    -0.194 r  student_top_inst/Mem_IROM/U0/spo[6]_INST_0_i_4/O
                         net (fo=1, routed)           0.000    -0.194    student_top_inst/Mem_IROM/U0/spo[6]_INST_0_i_4_n_0
    SLICE_X47Y101                                                     r  student_top_inst/Mem_IROM/U0/spo[6]_INST_0_i_2/I0
    SLICE_X47Y101        MUXF7 (Prop_muxf7_I0_O)      0.120    -0.074 r  student_top_inst/Mem_IROM/U0/spo[6]_INST_0_i_2/O
                         net (fo=1, routed)           0.565     0.491    student_top_inst/Mem_IROM/U0/spo[6]_INST_0_i_2_n_0
    SLICE_X51Y101                                                     r  student_top_inst/Mem_IROM/U0/spo[6]_INST_0/I3
    SLICE_X51Y101        LUT6 (Prop_lut6_I3_O)        0.122     0.613 r  student_top_inst/Mem_IROM/U0/spo[6]_INST_0/O
                         net (fo=2, routed)           0.555     1.168    student_top_inst/u_KLDJ_top/ifu0/spo[6]
    SLICE_X57Y94                                                      r  student_top_inst/u_KLDJ_top/ifu0/pc_reg[31]_i_24/I4
    SLICE_X57Y94         LUT5 (Prop_lut5_I4_O)        0.043     1.211 r  student_top_inst/u_KLDJ_top/ifu0/pc_reg[31]_i_24/O
                         net (fo=1, routed)           0.098     1.309    student_top_inst/u_KLDJ_top/ifu0/if_static_jal00_in
    SLICE_X57Y94                                                      r  student_top_inst/u_KLDJ_top/ifu0/pc_reg[31]_i_15/I0
    SLICE_X57Y94         LUT2 (Prop_lut2_I0_O)        0.043     1.352 r  student_top_inst/u_KLDJ_top/ifu0/pc_reg[31]_i_15/O
                         net (fo=33, routed)          0.329     1.681    student_top_inst/u_KLDJ_top/u_bpu/u_gshare_btb_core/if_static_jal
    SLICE_X68Y94                                                      r  student_top_inst/u_KLDJ_top/u_bpu/u_gshare_btb_core/if_id_pred_taken_i_2/I0
    SLICE_X68Y94         LUT5 (Prop_lut5_I0_O)        0.043     1.724 r  student_top_inst/u_KLDJ_top/u_bpu/u_gshare_btb_core/if_id_pred_taken_i_2/O
                         net (fo=33, routed)          0.326     2.050    student_top_inst/u_KLDJ_top/ifu0/if_pred_taken
    SLICE_X68Y94                                                      r  student_top_inst/u_KLDJ_top/ifu0/pc_reg[4]_i_4/I3
    SLICE_X68Y94         LUT5 (Prop_lut5_I3_O)        0.043     2.093 f  student_top_inst/u_KLDJ_top/ifu0/pc_reg[4]_i_4/O
                         net (fo=1, routed)           0.329     2.422    student_top_inst/u_KLDJ_top/u_pipe_id_ex/dnpc[4]
    SLICE_X68Y89                                                      f  student_top_inst/u_KLDJ_top/u_pipe_id_ex/pc_reg[4]_i_1/I5
    SLICE_X68Y89         LUT6 (Prop_lut6_I5_O)        0.043     2.465 f  student_top_inst/u_KLDJ_top/u_pipe_id_ex/pc_reg[4]_i_1/O
                         net (fo=6, routed)           0.610     3.075    student_top_inst/u_KLDJ_top/ifu0/pc_reg_reg[31]_1[4]
    SLICE_X63Y98         FDRE                                         f  student_top_inst/u_KLDJ_top/ifu0/pc_reg_reg[4]_replica_3/D
  -------------------------------------------------------------------    -------------------

                         (clock clk_out2_pll rise edge)
                                                      5.714     5.714 r  
    AD12                                              0.000     5.714 r  i_sys_clk_p (IN)
                         net (fo=0)                   0.000     5.714    pll_inst/inst/clk_in1_p
    AD12                                                              r  pll_inst/inst/clkin1_ibufgds/I
    AD12                 IBUFDS (Prop_ibufds_I_O)     0.803     6.518 r  pll_inst/inst/clkin1_ibufgds/O
                         net (fo=1, routed)           1.001     7.519    pll_inst/inst/clk_in1_pll
    PLLE2_ADV_X1Y1                                                    r  pll_inst/inst/plle2_adv_inst/CLKIN1
    PLLE2_ADV_X1Y1       PLLE2_ADV (Prop_plle2_adv_CLKIN1_CLKOUT1)
                                                     -7.261     0.258 r  pll_inst/inst/plle2_adv_inst/CLKOUT1
                         net (fo=1, routed)           2.003     2.261    pll_inst/inst/clk_out2_pll
    BUFGCTRL_X0Y0                                                     r  pll_inst/inst/clkout2_buf/I
    BUFGCTRL_X0Y0        BUFG (Prop_bufg_I_O)         0.083     2.344 r  pll_inst/inst/clkout2_buf/O
                         net (fo=5889, routed)        1.430     3.774    student_top_inst/u_KLDJ_top/ifu0/clk_out2
    SLICE_X63Y98         FDRE                                         r  student_top_inst/u_KLDJ_top/ifu0/pc_reg_reg[4]_replica_3/C
                         clock pessimism             -0.373     3.401    
                         clock uncertainty           -0.077     3.324    
    SLICE_X63Y98         FDRE (Setup_fdre_C_D)       -0.031     3.293    student_top_inst/u_KLDJ_top/ifu0/pc_reg_reg[4]_replica_3
  -------------------------------------------------------------------
                         required time                          3.293    
                         arrival time                          -3.075    
  -------------------------------------------------------------------
                         slack                                  0.218    

Slack (MET) :             0.218ns  (required time - arrival time)
  Source:                 student_top_inst/u_KLDJ_top/ifu0/pc_reg_reg[5]_replica/C
                            (rising edge-triggered cell FDRE clocked by clk_out2_pll  {rise@0.000ns fall@2.857ns period=5.714ns})
  Destination:            student_top_inst/u_KLDJ_top/ifu0/pc_reg_reg[4]_replica_3/D
                            (rising edge-triggered cell FDRE clocked by clk_out2_pll  {rise@0.000ns fall@2.857ns period=5.714ns})
  Path Group:             clk_out2_pll
  Path Type:              Setup (Max at Slow Process Corner)
  Requirement:            5.714ns  (clk_out2_pll rise@5.714ns - clk_out2_pll rise@0.000ns)
  Data Path Delay:        5.347ns  (logic 0.954ns (17.843%)  route 4.393ns (82.157%))
  Logic Levels:           10  (LUT2=1 LUT5=3 LUT6=4 MUXF7=2)
  Clock Path Skew:        -0.042ns (DCD - SCD + CPR)
    Destination Clock Delay (DCD):    -1.941ns = ( 3.774 - 5.714 ) 
    Source Clock Delay      (SCD):    -2.271ns
    Clock Pessimism Removal (CPR):    -0.373ns
  Clock Uncertainty:      0.077ns  ((TSJ^2 + DJ^2)^1/2) / 2 + PE
    Total System Jitter     (TSJ):    0.071ns
    Discrete Jitter          (DJ):    0.137ns
    Phase Error              (PE):    0.000ns

    Location             Delay type                Incr(ns)  Path(ns)    Netlist Resource(s)
  -------------------------------------------------------------------    -------------------
                         (clock clk_out2_pll rise edge)
                                                      0.000     0.000 r  
    AD12                                              0.000     0.000 r  i_sys_clk_p (IN)
                         net (fo=0)                   0.000     0.000    pll_inst/inst/clk_in1_p
    AD12                                                              r  pll_inst/inst/clkin1_ibufgds/I
    AD12                 IBUFDS (Prop_ibufds_I_O)     0.906     0.906 r  pll_inst/inst/clkin1_ibufgds/O
                         net (fo=1, routed)           1.098     2.004    pll_inst/inst/clk_in1_pll
    PLLE2_ADV_X1Y1                                                    r  pll_inst/inst/plle2_adv_inst/CLKIN1
    PLLE2_ADV_X1Y1       PLLE2_ADV (Prop_plle2_adv_CLKIN1_CLKOUT1)
                                                     -8.058    -6.054 r  pll_inst/inst/plle2_adv_inst/CLKOUT1
                         net (fo=1, routed)           2.128    -3.926    pll_inst/inst/clk_out2_pll
    BUFGCTRL_X0Y0                                                     r  pll_inst/inst/clkout2_buf/I
    BUFGCTRL_X0Y0        BUFG (Prop_bufg_I_O)         0.093    -3.833 r  pll_inst/inst/clkout2_buf/O
                         net (fo=5889, routed)        1.562    -2.271    student_top_inst/u_KLDJ_top/ifu0/clk_out2
    SLICE_X69Y89         FDRE                                         r  student_top_inst/u_KLDJ_top/ifu0/pc_reg_reg[5]_replica/C
  -------------------------------------------------------------------    -------------------
    SLICE_X69Y89         FDRE (Prop_fdre_C_Q)         0.223    -2.048 r  student_top_inst/u_KLDJ_top/ifu0/pc_reg_reg[5]_replica/Q
                         net (fo=144, routed)         1.139    -0.910    student_top_inst/Mem_IROM/U0/Q[5]_repN_alias
    SLICE_X48Y100                                                     r  student_top_inst/Mem_IROM/U0/g18_b5/I3
    SLICE_X48Y100        LUT6 (Prop_lut6_I3_O)        0.043    -0.867 f  student_top_inst/Mem_IROM/U0/g18_b5/O
                         net (fo=1, routed)           0.000    -0.867    student_top_inst/Mem_IROM/U0/g18_b5_n_0
    SLICE_X48Y100                                                     f  student_top_inst/Mem_IROM/U0/spo[6]_INST_0_i_10/I0
    SLICE_X48Y100        MUXF7 (Prop_muxf7_I0_O)      0.107    -0.760 f  student_top_inst/Mem_IROM/U0/spo[6]_INST_0_i_10/O
                         net (fo=1, routed)           0.442    -0.318    student_top_inst/Mem_IROM/U0/spo[6]_INST_0_i_10_n_0
    SLICE_X47Y101                                                     f  student_top_inst/Mem_IROM/U0/spo[6]_INST_0_i_4/I3
    SLICE_X47Y101        LUT6 (Prop_lut6_I3_O)        0.124    -0.194 f  student_top_inst/Mem_IROM/U0/spo[6]_INST_0_i_4/O
                         net (fo=1, routed)           0.000    -0.194    student_top_inst/Mem_IROM/U0/spo[6]_INST_0_i_4_n_0
    SLICE_X47Y101                                                     f  student_top_inst/Mem_IROM/U0/spo[6]_INST_0_i_2/I0
    SLICE_X47Y101        MUXF7 (Prop_muxf7_I0_O)      0.120    -0.074 f  student_top_inst/Mem_IROM/U0/spo[6]_INST_0_i_2/O
                         net (fo=1, routed)           0.565     0.491    student_top_inst/Mem_IROM/U0/spo[6]_INST_0_i_2_n_0
    SLICE_X51Y101                                                     f  student_top_inst/Mem_IROM/U0/spo[6]_INST_0/I3
    SLICE_X51Y101        LUT6 (Prop_lut6_I3_O)        0.122     0.613 f  student_top_inst/Mem_IROM/U0/spo[6]_INST_0/O
                         net (fo=2, routed)           0.555     1.168    student_top_inst/u_KLDJ_top/ifu0/spo[6]
    SLICE_X57Y94                                                      f  student_top_inst/u_KLDJ_top/ifu0/pc_reg[31]_i_24/I4
    SLICE_X57Y94         LUT5 (Prop_lut5_I4_O)        0.043     1.211 f  student_top_inst/u_KLDJ_top/ifu0/pc_reg[31]_i_24/O
                         net (fo=1, routed)           0.098     1.309    student_top_inst/u_KLDJ_top/ifu0/if_static_jal00_in
    SLICE_X57Y94                                                      f  student_top_inst/u_KLDJ_top/ifu0/pc_reg[31]_i_15/I0
    SLICE_X57Y94         LUT2 (Prop_lut2_I0_O)        0.043     1.352 f  student_top_inst/u_KLDJ_top/ifu0/pc_reg[31]_i_15/O
                         net (fo=33, routed)          0.329     1.681    student_top_inst/u_KLDJ_top/u_bpu/u_gshare_btb_core/if_static_jal
    SLICE_X68Y94                                                      f  student_top_inst/u_KLDJ_top/u_bpu/u_gshare_btb_core/if_id_pred_taken_i_2/I0
    SLICE_X68Y94         LUT5 (Prop_lut5_I0_O)        0.043     1.724 f  student_top_inst/u_KLDJ_top/u_bpu/u_gshare_btb_core/if_id_pred_taken_i_2/O
                         net (fo=33, routed)          0.326     2.050    student_top_inst/u_KLDJ_top/ifu0/if_pred_taken
    SLICE_X68Y94                                                      f  student_top_inst/u_KLDJ_top/ifu0/pc_reg[4]_i_4/I3
    SLICE_X68Y94         LUT5 (Prop_lut5_I3_O)        0.043     2.093 f  student_top_inst/u_KLDJ_top/ifu0/pc_reg[4]_i_4/O
                         net (fo=1, routed)           0.329     2.422    student_top_inst/u_KLDJ_top/u_pipe_id_ex/dnpc[4]
    SLICE_X68Y89                                                      f  student_top_inst/u_KLDJ_top/u_pipe_id_ex/pc_reg[4]_i_1/I5
    SLICE_X68Y89         LUT6 (Prop_lut6_I5_O)        0.043     2.465 f  student_top_inst/u_KLDJ_top/u_pipe_id_ex/pc_reg[4]_i_1/O
                         net (fo=6, routed)           0.610     3.075    student_top_inst/u_KLDJ_top/ifu0/pc_reg_reg[31]_1[4]
    SLICE_X63Y98         FDRE                                         f  student_top_inst/u_KLDJ_top/ifu0/pc_reg_reg[4]_replica_3/D
  -------------------------------------------------------------------    -------------------

                         (clock clk_out2_pll rise edge)
                                                      5.714     5.714 r  
    AD12                                              0.000     5.714 r  i_sys_clk_p (IN)
                         net (fo=0)                   0.000     5.714    pll_inst/inst/clk_in1_p
    AD12                                                              r  pll_inst/inst/clkin1_ibufgds/I
    AD12                 IBUFDS (Prop_ibufds_I_O)     0.803     6.518 r  pll_inst/inst/clkin1_ibufgds/O
                         net (fo=1, routed)           1.001     7.519    pll_inst/inst/clk_in1_pll
    PLLE2_ADV_X1Y1                                                    r  pll_inst/inst/plle2_adv_inst/CLKIN1
    PLLE2_ADV_X1Y1       PLLE2_ADV (Prop_plle2_adv_CLKIN1_CLKOUT1)
                                                     -7.261     0.258 r  pll_inst/inst/plle2_adv_inst/CLKOUT1
                         net (fo=1, routed)           2.003     2.261    pll_inst/inst/clk_out2_pll
    BUFGCTRL_X0Y0                                                     r  pll_inst/inst/clkout2_buf/I
    BUFGCTRL_X0Y0        BUFG (Prop_bufg_I_O)         0.083     2.344 r  pll_inst/inst/clkout2_buf/O
                         net (fo=5889, routed)        1.430     3.774    student_top_inst/u_KLDJ_top/ifu0/clk_out2
    SLICE_X63Y98         FDRE                                         r  student_top_inst/u_KLDJ_top/ifu0/pc_reg_reg[4]_replica_3/C
                         clock pessimism             -0.373     3.401    
                         clock uncertainty           -0.077     3.324    
    SLICE_X63Y98         FDRE (Setup_fdre_C_D)       -0.031     3.293    student_top_inst/u_KLDJ_top/ifu0/pc_reg_reg[4]_replica_3
  -------------------------------------------------------------------
                         required time                          3.293    
                         arrival time                          -3.075    
  -------------------------------------------------------------------
                         slack                                  0.218    

Slack (MET) :             0.218ns  (required time - arrival time)
  Source:                 student_top_inst/u_KLDJ_top/ifu0/pc_reg_reg[5]_replica/C
                            (rising edge-triggered cell FDRE clocked by clk_out2_pll  {rise@0.000ns fall@2.857ns period=5.714ns})
  Destination:            student_top_inst/u_KLDJ_top/ifu0/pc_reg_reg[4]_replica_3/D
                            (rising edge-triggered cell FDRE clocked by clk_out2_pll  {rise@0.000ns fall@2.857ns period=5.714ns})
  Path Group:             clk_out2_pll
  Path Type:              Setup (Max at Slow Process Corner)
  Requirement:            5.714ns  (clk_out2_pll rise@5.714ns - clk_out2_pll rise@0.000ns)
  Data Path Delay:        5.347ns  (logic 0.954ns (17.843%)  route 4.393ns (82.157%))
  Logic Levels:           10  (LUT2=1 LUT5=3 LUT6=4 MUXF7=2)
  Clock Path Skew:        -0.042ns (DCD - SCD + CPR)
    Destination Clock Delay (DCD):    -1.941ns = ( 3.774 - 5.714 ) 
    Source Clock Delay      (SCD):    -2.271ns
    Clock Pessimism Removal (CPR):    -0.373ns
  Clock Uncertainty:      0.077ns  ((TSJ^2 + DJ^2)^1/2) / 2 + PE
    Total System Jitter     (TSJ):    0.071ns
    Discrete Jitter          (DJ):    0.137ns
    Phase Error              (PE):    0.000ns

    Location             Delay type                Incr(ns)  Path(ns)    Netlist Resource(s)
  -------------------------------------------------------------------    -------------------
                         (clock clk_out2_pll rise edge)
                                                      0.000     0.000 r  
    AD12                                              0.000     0.000 r  i_sys_clk_p (IN)
                         net (fo=0)                   0.000     0.000    pll_inst/inst/clk_in1_p
    AD12                                                              r  pll_inst/inst/clkin1_ibufgds/I
    AD12                 IBUFDS (Prop_ibufds_I_O)     0.906     0.906 r  pll_inst/inst/clkin1_ibufgds/O
                         net (fo=1, routed)           1.098     2.004    pll_inst/inst/clk_in1_pll
    PLLE2_ADV_X1Y1                                                    r  pll_inst/inst/plle2_adv_inst/CLKIN1
    PLLE2_ADV_X1Y1       PLLE2_ADV (Prop_plle2_adv_CLKIN1_CLKOUT1)
                                                     -8.058    -6.054 r  pll_inst/inst/plle2_adv_inst/CLKOUT1
                         net (fo=1, routed)           2.128    -3.926    pll_inst/inst/clk_out2_pll
    BUFGCTRL_X0Y0                                                     r  pll_inst/inst/clkout2_buf/I
    BUFGCTRL_X0Y0        BUFG (Prop_bufg_I_O)         0.093    -3.833 r  pll_inst/inst/clkout2_buf/O
                         net (fo=5889, routed)        1.562    -2.271    student_top_inst/u_KLDJ_top/ifu0/clk_out2
    SLICE_X69Y89         FDRE                                         r  student_top_inst/u_KLDJ_top/ifu0/pc_reg_reg[5]_replica/C
  -------------------------------------------------------------------    -------------------
    SLICE_X69Y89         FDRE (Prop_fdre_C_Q)         0.223    -2.048 f  student_top_inst/u_KLDJ_top/ifu0/pc_reg_reg[5]_replica/Q
                         net (fo=144, routed)         1.139    -0.910    student_top_inst/Mem_IROM/U0/Q[5]_repN_alias
    SLICE_X48Y100                                                     f  student_top_inst/Mem_IROM/U0/g18_b5/I3
    SLICE_X48Y100        LUT6 (Prop_lut6_I3_O)        0.043    -0.867 f  student_top_inst/Mem_IROM/U0/g18_b5/O
                         net (fo=1, routed)           0.000    -0.867    student_top_inst/Mem_IROM/U0/g18_b5_n_0
    SLICE_X48Y100                                                     f  student_top_inst/Mem_IROM/U0/spo[6]_INST_0_i_10/I0
    SLICE_X48Y100        MUXF7 (Prop_muxf7_I0_O)      0.107    -0.760 f  student_top_inst/Mem_IROM/U0/spo[6]_INST_0_i_10/O
                         net (fo=1, routed)           0.442    -0.318    student_top_inst/Mem_IROM/U0/spo[6]_INST_0_i_10_n_0
    SLICE_X47Y101                                                     f  student_top_inst/Mem_IROM/U0/spo[6]_INST_0_i_4/I3
    SLICE_X47Y101        LUT6 (Prop_lut6_I3_O)        0.124    -0.194 f  student_top_inst/Mem_IROM/U0/spo[6]_INST_0_i_4/O
                         net (fo=1, routed)           0.000    -0.194    student_top_inst/Mem_IROM/U0/spo[6]_INST_0_i_4_n_0
    SLICE_X47Y101                                                     f  student_top_inst/Mem_IROM/U0/spo[6]_INST_0_i_2/I0
    SLICE_X47Y101        MUXF7 (Prop_muxf7_I0_O)      0.120    -0.074 f  student_top_inst/Mem_IROM/U0/spo[6]_INST_0_i_2/O
                         net (fo=1, routed)           0.565     0.491    student_top_inst/Mem_IROM/U0/spo[6]_INST_0_i_2_n_0
    SLICE_X51Y101                                                     f  student_top_inst/Mem_IROM/U0/spo[6]_INST_0/I3
    SLICE_X51Y101        LUT6 (Prop_lut6_I3_O)        0.122     0.613 f  student_top_inst/Mem_IROM/U0/spo[6]_INST_0/O
                         net (fo=2, routed)           0.555     1.168    student_top_inst/u_KLDJ_top/ifu0/spo[6]
    SLICE_X57Y94                                                      f  student_top_inst/u_KLDJ_top/ifu0/pc_reg[31]_i_24/I4
    SLICE_X57Y94         LUT5 (Prop_lut5_I4_O)        0.043     1.211 f  student_top_inst/u_KLDJ_top/ifu0/pc_reg[31]_i_24/O
                         net (fo=1, routed)           0.098     1.309    student_top_inst/u_KLDJ_top/ifu0/if_static_jal00_in
    SLICE_X57Y94                                                      f  student_top_inst/u_KLDJ_top/ifu0/pc_reg[31]_i_15/I0
    SLICE_X57Y94         LUT2 (Prop_lut2_I0_O)        0.043     1.352 f  student_top_inst/u_KLDJ_top/ifu0/pc_reg[31]_i_15/O
                         net (fo=33, routed)          0.329     1.681    student_top_inst/u_KLDJ_top/u_bpu/u_gshare_btb_core/if_static_jal
    SLICE_X68Y94                                                      f  student_top_inst/u_KLDJ_top/u_bpu/u_gshare_btb_core/if_id_pred_taken_i_2/I0
    SLICE_X68Y94         LUT5 (Prop_lut5_I0_O)        0.043     1.724 f  student_top_inst/u_KLDJ_top/u_bpu/u_gshare_btb_core/if_id_pred_taken_i_2/O
                         net (fo=33, routed)          0.326     2.050    student_top_inst/u_KLDJ_top/ifu0/if_pred_taken
    SLICE_X68Y94                                                      f  student_top_inst/u_KLDJ_top/ifu0/pc_reg[4]_i_4/I3
    SLICE_X68Y94         LUT5 (Prop_lut5_I3_O)        0.043     2.093 f  student_top_inst/u_KLDJ_top/ifu0/pc_reg[4]_i_4/O
                         net (fo=1, routed)           0.329     2.422    student_top_inst/u_KLDJ_top/u_pipe_id_ex/dnpc[4]
    SLICE_X68Y89                                                      f  student_top_inst/u_KLDJ_top/u_pipe_id_ex/pc_reg[4]_i_1/I5
    SLICE_X68Y89         LUT6 (Prop_lut6_I5_O)        0.043     2.465 f  student_top_inst/u_KLDJ_top/u_pipe_id_ex/pc_reg[4]_i_1/O
                         net (fo=6, routed)           0.610     3.075    student_top_inst/u_KLDJ_top/ifu0/pc_reg_reg[31]_1[4]
    SLICE_X63Y98         FDRE                                         f  student_top_inst/u_KLDJ_top/ifu0/pc_reg_reg[4]_replica_3/D
  -------------------------------------------------------------------    -------------------

                         (clock clk_out2_pll rise edge)
                                                      5.714     5.714 r  
    AD12                                              0.000     5.714 r  i_sys_clk_p (IN)
                         net (fo=0)                   0.000     5.714    pll_inst/inst/clk_in1_p
    AD12                                                              r  pll_inst/inst/clkin1_ibufgds/I
    AD12                 IBUFDS (Prop_ibufds_I_O)     0.803     6.518 r  pll_inst/inst/clkin1_ibufgds/O
                         net (fo=1, routed)           1.001     7.519    pll_inst/inst/clk_in1_pll
    PLLE2_ADV_X1Y1                                                    r  pll_inst/inst/plle2_adv_inst/CLKIN1
    PLLE2_ADV_X1Y1       PLLE2_ADV (Prop_plle2_adv_CLKIN1_CLKOUT1)
                                                     -7.261     0.258 r  pll_inst/inst/plle2_adv_inst/CLKOUT1
                         net (fo=1, routed)           2.003     2.261    pll_inst/inst/clk_out2_pll
    BUFGCTRL_X0Y0                                                     r  pll_inst/inst/clkout2_buf/I
    BUFGCTRL_X0Y0        BUFG (Prop_bufg_I_O)         0.083     2.344 r  pll_inst/inst/clkout2_buf/O
                         net (fo=5889, routed)        1.430     3.774    student_top_inst/u_KLDJ_top/ifu0/clk_out2
    SLICE_X63Y98         FDRE                                         r  student_top_inst/u_KLDJ_top/ifu0/pc_reg_reg[4]_replica_3/C
                         clock pessimism             -0.373     3.401    
                         clock uncertainty           -0.077     3.324    
    SLICE_X63Y98         FDRE (Setup_fdre_C_D)       -0.031     3.293    student_top_inst/u_KLDJ_top/ifu0/pc_reg_reg[4]_replica_3
  -------------------------------------------------------------------
                         required time                          3.293    
                         arrival time                          -3.075    
  -------------------------------------------------------------------
                         slack                                  0.218    

Slack (MET) :             0.222ns  (required time - arrival time)
  Source:                 student_top_inst/u_KLDJ_top/ifu0/pc_reg_reg[5]_replica/C
                            (rising edge-triggered cell FDRE clocked by clk_out2_pll  {rise@0.000ns fall@2.857ns period=5.714ns})
  Destination:            student_top_inst/u_KLDJ_top/ifu0/pc_reg_reg[4]_replica_3/D
                            (rising edge-triggered cell FDRE clocked by clk_out2_pll  {rise@0.000ns fall@2.857ns period=5.714ns})
  Path Group:             clk_out2_pll
  Path Type:              Setup (Max at Slow Process Corner)
  Requirement:            5.714ns  (clk_out2_pll rise@5.714ns - clk_out2_pll rise@0.000ns)
  Data Path Delay:        5.342ns  (logic 0.955ns (17.877%)  route 4.387ns (82.123%))
  Logic Levels:           10  (LUT2=1 LUT5=3 LUT6=4 MUXF7=2)
  Clock Path Skew:        -0.042ns (DCD - SCD + CPR)
    Destination Clock Delay (DCD):    -1.941ns = ( 3.774 - 5.714 ) 
    Source Clock Delay      (SCD):    -2.271ns
    Clock Pessimism Removal (CPR):    -0.373ns
  Clock Uncertainty:      0.077ns  ((TSJ^2 + DJ^2)^1/2) / 2 + PE
    Total System Jitter     (TSJ):    0.071ns
    Discrete Jitter          (DJ):    0.137ns
    Phase Error              (PE):    0.000ns

    Location             Delay type                Incr(ns)  Path(ns)    Netlist Resource(s)
  -------------------------------------------------------------------    -------------------
                         (clock clk_out2_pll rise edge)
                                                      0.000     0.000 r  
    AD12                                              0.000     0.000 r  i_sys_clk_p (IN)
                         net (fo=0)                   0.000     0.000    pll_inst/inst/clk_in1_p
    AD12                                                              r  pll_inst/inst/clkin1_ibufgds/I
    AD12                 IBUFDS (Prop_ibufds_I_O)     0.906     0.906 r  pll_inst/inst/clkin1_ibufgds/O
                         net (fo=1, routed)           1.098     2.004    pll_inst/inst/clk_in1_pll
    PLLE2_ADV_X1Y1                                                    r  pll_inst/inst/plle2_adv_inst/CLKIN1
    PLLE2_ADV_X1Y1       PLLE2_ADV (Prop_plle2_adv_CLKIN1_CLKOUT1)
                                                     -8.058    -6.054 r  pll_inst/inst/plle2_adv_inst/CLKOUT1
                         net (fo=1, routed)           2.128    -3.926    pll_inst/inst/clk_out2_pll
    BUFGCTRL_X0Y0                                                     r  pll_inst/inst/clkout2_buf/I
    BUFGCTRL_X0Y0        BUFG (Prop_bufg_I_O)         0.093    -3.833 r  pll_inst/inst/clkout2_buf/O
                         net (fo=5889, routed)        1.562    -2.271    student_top_inst/u_KLDJ_top/ifu0/clk_out2
    SLICE_X69Y89         FDRE                                         r  student_top_inst/u_KLDJ_top/ifu0/pc_reg_reg[5]_replica/C
  -------------------------------------------------------------------    -------------------
    SLICE_X69Y89         FDRE (Prop_fdre_C_Q)         0.223    -2.048 r  student_top_inst/u_KLDJ_top/ifu0/pc_reg_reg[5]_replica/Q
                         net (fo=144, routed)         1.133    -0.915    student_top_inst/Mem_IROM/U0/Q[5]_repN_alias
    SLICE_X48Y100                                                     r  student_top_inst/Mem_IROM/U0/g19_b5/I3
    SLICE_X48Y100        LUT6 (Prop_lut6_I3_O)        0.043    -0.872 r  student_top_inst/Mem_IROM/U0/g19_b5/O
                         net (fo=1, routed)           0.000    -0.872    student_top_inst/Mem_IROM/U0/g19_b5_n_0
    SLICE_X48Y100                                                     r  student_top_inst/Mem_IROM/U0/spo[6]_INST_0_i_10/I1
    SLICE_X48Y100        MUXF7 (Prop_muxf7_I1_O)      0.108    -0.764 r  student_top_inst/Mem_IROM/U0/spo[6]_INST_0_i_10/O
                         net (fo=1, routed)           0.442    -0.323    student_top_inst/Mem_IROM/U0/spo[6]_INST_0_i_10_n_0
    SLICE_X47Y101                                                     r  student_top_inst/Mem_IROM/U0/spo[6]_INST_0_i_4/I3
    SLICE_X47Y101        LUT6 (Prop_lut6_I3_O)        0.124    -0.199 r  student_top_inst/Mem_IROM/U0/spo[6]_INST_0_i_4/O
                         net (fo=1, routed)           0.000    -0.199    student_top_inst/Mem_IROM/U0/spo[6]_INST_0_i_4_n_0
    SLICE_X47Y101                                                     r  student_top_inst/Mem_IROM/U0/spo[6]_INST_0_i_2/I0
    SLICE_X47Y101        MUXF7 (Prop_muxf7_I0_O)      0.120    -0.079 r  student_top_inst/Mem_IROM/U0/spo[6]_INST_0_i_2/O
                         net (fo=1, routed)           0.565     0.487    student_top_inst/Mem_IROM/U0/spo[6]_INST_0_i_2_n_0
    SLICE_X51Y101                                                     r  student_top_inst/Mem_IROM/U0/spo[6]_INST_0/I3
    SLICE_X51Y101        LUT6 (Prop_lut6_I3_O)        0.122     0.609 r  student_top_inst/Mem_IROM/U0/spo[6]_INST_0/O
                         net (fo=2, routed)           0.555     1.164    student_top_inst/u_KLDJ_top/ifu0/spo[6]
    SLICE_X57Y94                                                      r  student_top_inst/u_KLDJ_top/ifu0/pc_reg[31]_i_24/I4
    SLICE_X57Y94         LUT5 (Prop_lut5_I4_O)        0.043     1.207 r  student_top_inst/u_KLDJ_top/ifu0/pc_reg[31]_i_24/O
                         net (fo=1, routed)           0.098     1.304    student_top_inst/u_KLDJ_top/ifu0/if_static_jal00_in
    SLICE_X57Y94                                                      r  student_top_inst/u_KLDJ_top/ifu0/pc_reg[31]_i_15/I0
    SLICE_X57Y94         LUT2 (Prop_lut2_I0_O)        0.043     1.347 r  student_top_inst/u_KLDJ_top/ifu0/pc_reg[31]_i_15/O
                         net (fo=33, routed)          0.329     1.677    student_top_inst/u_KLDJ_top/u_bpu/u_gshare_btb_core/if_static_jal
    SLICE_X68Y94                                                      r  student_top_inst/u_KLDJ_top/u_bpu/u_gshare_btb_core/if_id_pred_taken_i_2/I0
    SLICE_X68Y94         LUT5 (Prop_lut5_I0_O)        0.043     1.720 r  student_top_inst/u_KLDJ_top/u_bpu/u_gshare_btb_core/if_id_pred_taken_i_2/O
                         net (fo=33, routed)          0.326     2.046    student_top_inst/u_KLDJ_top/ifu0/if_pred_taken
    SLICE_X68Y94                                                      r  student_top_inst/u_KLDJ_top/ifu0/pc_reg[4]_i_4/I3
    SLICE_X68Y94         LUT5 (Prop_lut5_I3_O)        0.043     2.089 r  student_top_inst/u_KLDJ_top/ifu0/pc_reg[4]_i_4/O
                         net (fo=1, routed)           0.329     2.418    student_top_inst/u_KLDJ_top/u_pipe_id_ex/dnpc[4]
    SLICE_X68Y89                                                      r  student_top_inst/u_KLDJ_top/u_pipe_id_ex/pc_reg[4]_i_1/I5
    SLICE_X68Y89         LUT6 (Prop_lut6_I5_O)        0.043     2.461 r  student_top_inst/u_KLDJ_top/u_pipe_id_ex/pc_reg[4]_i_1/O
                         net (fo=6, routed)           0.610     3.071    student_top_inst/u_KLDJ_top/ifu0/pc_reg_reg[31]_1[4]
    SLICE_X63Y98         FDRE                                         r  student_top_inst/u_KLDJ_top/ifu0/pc_reg_reg[4]_replica_3/D
  -------------------------------------------------------------------    -------------------

                         (clock clk_out2_pll rise edge)
                                                      5.714     5.714 r  
    AD12                                              0.000     5.714 r  i_sys_clk_p (IN)
                         net (fo=0)                   0.000     5.714    pll_inst/inst/clk_in1_p
    AD12                                                              r  pll_inst/inst/clkin1_ibufgds/I
    AD12                 IBUFDS (Prop_ibufds_I_O)     0.803     6.518 r  pll_inst/inst/clkin1_ibufgds/O
                         net (fo=1, routed)           1.001     7.519    pll_inst/inst/clk_in1_pll
    PLLE2_ADV_X1Y1                                                    r  pll_inst/inst/plle2_adv_inst/CLKIN1
    PLLE2_ADV_X1Y1       PLLE2_ADV (Prop_plle2_adv_CLKIN1_CLKOUT1)
                                                     -7.261     0.258 r  pll_inst/inst/plle2_adv_inst/CLKOUT1
                         net (fo=1, routed)           2.003     2.261    pll_inst/inst/clk_out2_pll
    BUFGCTRL_X0Y0                                                     r  pll_inst/inst/clkout2_buf/I
    BUFGCTRL_X0Y0        BUFG (Prop_bufg_I_O)         0.083     2.344 r  pll_inst/inst/clkout2_buf/O
                         net (fo=5889, routed)        1.430     3.774    student_top_inst/u_KLDJ_top/ifu0/clk_out2
    SLICE_X63Y98         FDRE                                         r  student_top_inst/u_KLDJ_top/ifu0/pc_reg_reg[4]_replica_3/C
                         clock pessimism             -0.373     3.401    
                         clock uncertainty           -0.077     3.324    
    SLICE_X63Y98         FDRE (Setup_fdre_C_D)       -0.031     3.293    student_top_inst/u_KLDJ_top/ifu0/pc_reg_reg[4]_replica_3
  -------------------------------------------------------------------
                         required time                          3.293    
                         arrival time                          -3.071    
  -------------------------------------------------------------------
                         slack                                  0.222    

Slack (MET) :             0.222ns  (required time - arrival time)
  Source:                 student_top_inst/u_KLDJ_top/ifu0/pc_reg_reg[5]_replica/C
                            (rising edge-triggered cell FDRE clocked by clk_out2_pll  {rise@0.000ns fall@2.857ns period=5.714ns})
  Destination:            student_top_inst/u_KLDJ_top/ifu0/pc_reg_reg[4]_replica_3/D
                            (rising edge-triggered cell FDRE clocked by clk_out2_pll  {rise@0.000ns fall@2.857ns period=5.714ns})
  Path Group:             clk_out2_pll
  Path Type:              Setup (Max at Slow Process Corner)
  Requirement:            5.714ns  (clk_out2_pll rise@5.714ns - clk_out2_pll rise@0.000ns)
  Data Path Delay:        5.342ns  (logic 0.955ns (17.877%)  route 4.387ns (82.123%))
  Logic Levels:           10  (LUT2=1 LUT5=3 LUT6=4 MUXF7=2)
  Clock Path Skew:        -0.042ns (DCD - SCD + CPR)
    Destination Clock Delay (DCD):    -1.941ns = ( 3.774 - 5.714 ) 
    Source Clock Delay      (SCD):    -2.271ns
    Clock Pessimism Removal (CPR):    -0.373ns
  Clock Uncertainty:      0.077ns  ((TSJ^2 + DJ^2)^1/2) / 2 + PE
    Total System Jitter     (TSJ):    0.071ns
    Discrete Jitter          (DJ):    0.137ns
    Phase Error              (PE):    0.000ns

    Location             Delay type                Incr(ns)  Path(ns)    Netlist Resource(s)
  -------------------------------------------------------------------    -------------------
                         (clock clk_out2_pll rise edge)
                                                      0.000     0.000 r  
    AD12                                              0.000     0.000 r  i_sys_clk_p (IN)
                         net (fo=0)                   0.000     0.000    pll_inst/inst/clk_in1_p
    AD12                                                              r  pll_inst/inst/clkin1_ibufgds/I
    AD12                 IBUFDS (Prop_ibufds_I_O)     0.906     0.906 r  pll_inst/inst/clkin1_ibufgds/O
                         net (fo=1, routed)           1.098     2.004    pll_inst/inst/clk_in1_pll
    PLLE2_ADV_X1Y1                                                    r  pll_inst/inst/plle2_adv_inst/CLKIN1
    PLLE2_ADV_X1Y1       PLLE2_ADV (Prop_plle2_adv_CLKIN1_CLKOUT1)
                                                     -8.058    -6.054 r  pll_inst/inst/plle2_adv_inst/CLKOUT1
                         net (fo=1, routed)           2.128    -3.926    pll_inst/inst/clk_out2_pll
    BUFGCTRL_X0Y0                                                     r  pll_inst/inst/clkout2_buf/I
    BUFGCTRL_X0Y0        BUFG (Prop_bufg_I_O)         0.093    -3.833 r  pll_inst/inst/clkout2_buf/O
                         net (fo=5889, routed)        1.562    -2.271    student_top_inst/u_KLDJ_top/ifu0/clk_out2
    SLICE_X69Y89         FDRE                                         r  student_top_inst/u_KLDJ_top/ifu0/pc_reg_reg[5]_replica/C
  -------------------------------------------------------------------    -------------------
    SLICE_X69Y89         FDRE (Prop_fdre_C_Q)         0.223    -2.048 f  student_top_inst/u_KLDJ_top/ifu0/pc_reg_reg[5]_replica/Q
                         net (fo=144, routed)         1.133    -0.915    student_top_inst/Mem_IROM/U0/Q[5]_repN_alias
    SLICE_X48Y100                                                     f  student_top_inst/Mem_IROM/U0/g19_b5/I3
    SLICE_X48Y100        LUT6 (Prop_lut6_I3_O)        0.043    -0.872 r  student_top_inst/Mem_IROM/U0/g19_b5/O
                         net (fo=1, routed)           0.000    -0.872    student_top_inst/Mem_IROM/U0/g19_b5_n_0
    SLICE_X48Y100                                                     r  student_top_inst/Mem_IROM/U0/spo[6]_INST_0_i_10/I1
    SLICE_X48Y100        MUXF7 (Prop_muxf7_I1_O)      0.108    -0.764 r  student_top_inst/Mem_IROM/U0/spo[6]_INST_0_i_10/O
                         net (fo=1, routed)           0.442    -0.323    student_top_inst/Mem_IROM/U0/spo[6]_INST_0_i_10_n_0
    SLICE_X47Y101                                                     r  student_top_inst/Mem_IROM/U0/spo[6]_INST_0_i_4/I3
    SLICE_X47Y101        LUT6 (Prop_lut6_I3_O)        0.124    -0.199 r  student_top_inst/Mem_IROM/U0/spo[6]_INST_0_i_4/O
                         net (fo=1, routed)           0.000    -0.199    student_top_inst/Mem_IROM/U0/spo[6]_INST_0_i_4_n_0
    SLICE_X47Y101                                                     r  student_top_inst/Mem_IROM/U0/spo[6]_INST_0_i_2/I0
    SLICE_X47Y101        MUXF7 (Prop_muxf7_I0_O)      0.120    -0.079 r  student_top_inst/Mem_IROM/U0/spo[6]_INST_0_i_2/O
                         net (fo=1, routed)           0.565     0.487    student_top_inst/Mem_IROM/U0/spo[6]_INST_0_i_2_n_0
    SLICE_X51Y101                                                     r  student_top_inst/Mem_IROM/U0/spo[6]_INST_0/I3
    SLICE_X51Y101        LUT6 (Prop_lut6_I3_O)        0.122     0.609 r  student_top_inst/Mem_IROM/U0/spo[6]_INST_0/O
                         net (fo=2, routed)           0.555     1.164    student_top_inst/u_KLDJ_top/ifu0/spo[6]
    SLICE_X57Y94                                                      r  student_top_inst/u_KLDJ_top/ifu0/pc_reg[31]_i_24/I4
    SLICE_X57Y94         LUT5 (Prop_lut5_I4_O)        0.043     1.207 r  student_top_inst/u_KLDJ_top/ifu0/pc_reg[31]_i_24/O
                         net (fo=1, routed)           0.098     1.304    student_top_inst/u_KLDJ_top/ifu0/if_static_jal00_in
    SLICE_X57Y94                                                      r  student_top_inst/u_KLDJ_top/ifu0/pc_reg[31]_i_15/I0
    SLICE_X57Y94         LUT2 (Prop_lut2_I0_O)        0.043     1.347 r  student_top_inst/u_KLDJ_top/ifu0/pc_reg[31]_i_15/O
                         net (fo=33, routed)          0.329     1.677    student_top_inst/u_KLDJ_top/u_bpu/u_gshare_btb_core/if_static_jal
    SLICE_X68Y94                                                      r  student_top_inst/u_KLDJ_top/u_bpu/u_gshare_btb_core/if_id_pred_taken_i_2/I0
    SLICE_X68Y94         LUT5 (Prop_lut5_I0_O)        0.043     1.720 r  student_top_inst/u_KLDJ_top/u_bpu/u_gshare_btb_core/if_id_pred_taken_i_2/O
                         net (fo=33, routed)          0.326     2.046    student_top_inst/u_KLDJ_top/ifu0/if_pred_taken
    SLICE_X68Y94                                                      r  student_top_inst/u_KLDJ_top/ifu0/pc_reg[4]_i_4/I3
    SLICE_X68Y94         LUT5 (Prop_lut5_I3_O)        0.043     2.089 r  student_top_inst/u_KLDJ_top/ifu0/pc_reg[4]_i_4/O
                         net (fo=1, routed)           0.329     2.418    student_top_inst/u_KLDJ_top/u_pipe_id_ex/dnpc[4]
    SLICE_X68Y89                                                      r  student_top_inst/u_KLDJ_top/u_pipe_id_ex/pc_reg[4]_i_1/I5
    SLICE_X68Y89         LUT6 (Prop_lut6_I5_O)        0.043     2.461 r  student_top_inst/u_KLDJ_top/u_pipe_id_ex/pc_reg[4]_i_1/O
                         net (fo=6, routed)           0.610     3.071    student_top_inst/u_KLDJ_top/ifu0/pc_reg_reg[31]_1[4]
    SLICE_X63Y98         FDRE                                         r  student_top_inst/u_KLDJ_top/ifu0/pc_reg_reg[4]_replica_3/D
  -------------------------------------------------------------------    -------------------

                         (clock clk_out2_pll rise edge)
                                                      5.714     5.714 r  
    AD12                                              0.000     5.714 r  i_sys_clk_p (IN)
                         net (fo=0)                   0.000     5.714    pll_inst/inst/clk_in1_p
    AD12                                                              r  pll_inst/inst/clkin1_ibufgds/I
    AD12                 IBUFDS (Prop_ibufds_I_O)     0.803     6.518 r  pll_inst/inst/clkin1_ibufgds/O
                         net (fo=1, routed)           1.001     7.519    pll_inst/inst/clk_in1_pll
    PLLE2_ADV_X1Y1                                                    r  pll_inst/inst/plle2_adv_inst/CLKIN1
    PLLE2_ADV_X1Y1       PLLE2_ADV (Prop_plle2_adv_CLKIN1_CLKOUT1)
                                                     -7.261     0.258 r  pll_inst/inst/plle2_adv_inst/CLKOUT1
                         net (fo=1, routed)           2.003     2.261    pll_inst/inst/clk_out2_pll
    BUFGCTRL_X0Y0                                                     r  pll_inst/inst/clkout2_buf/I
    BUFGCTRL_X0Y0        BUFG (Prop_bufg_I_O)         0.083     2.344 r  pll_inst/inst/clkout2_buf/O
                         net (fo=5889, routed)        1.430     3.774    student_top_inst/u_KLDJ_top/ifu0/clk_out2
    SLICE_X63Y98         FDRE                                         r  student_top_inst/u_KLDJ_top/ifu0/pc_reg_reg[4]_replica_3/C
                         clock pessimism             -0.373     3.401    
                         clock uncertainty           -0.077     3.324    
    SLICE_X63Y98         FDRE (Setup_fdre_C_D)       -0.031     3.293    student_top_inst/u_KLDJ_top/ifu0/pc_reg_reg[4]_replica_3
  -------------------------------------------------------------------
                         required time                          3.293    
                         arrival time                          -3.071    
  -------------------------------------------------------------------
                         slack                                  0.222    

Slack (MET) :             0.222ns  (required time - arrival time)
  Source:                 student_top_inst/u_KLDJ_top/ifu0/pc_reg_reg[5]_replica/C
                            (rising edge-triggered cell FDRE clocked by clk_out2_pll  {rise@0.000ns fall@2.857ns period=5.714ns})
  Destination:            student_top_inst/u_KLDJ_top/ifu0/pc_reg_reg[4]_replica_3/D
                            (rising edge-triggered cell FDRE clocked by clk_out2_pll  {rise@0.000ns fall@2.857ns period=5.714ns})
  Path Group:             clk_out2_pll
  Path Type:              Setup (Max at Slow Process Corner)
  Requirement:            5.714ns  (clk_out2_pll rise@5.714ns - clk_out2_pll rise@0.000ns)
  Data Path Delay:        5.342ns  (logic 0.955ns (17.877%)  route 4.387ns (82.123%))
  Logic Levels:           10  (LUT2=1 LUT5=3 LUT6=4 MUXF7=2)
  Clock Path Skew:        -0.042ns (DCD - SCD + CPR)
    Destination Clock Delay (DCD):    -1.941ns = ( 3.774 - 5.714 ) 
    Source Clock Delay      (SCD):    -2.271ns
    Clock Pessimism Removal (CPR):    -0.373ns
  Clock Uncertainty:      0.077ns  ((TSJ^2 + DJ^2)^1/2) / 2 + PE
    Total System Jitter     (TSJ):    0.071ns
    Discrete Jitter          (DJ):    0.137ns
    Phase Error              (PE):    0.000ns

    Location             Delay type                Incr(ns)  Path(ns)    Netlist Resource(s)
  -------------------------------------------------------------------    -------------------
                         (clock clk_out2_pll rise edge)
                                                      0.000     0.000 r  
    AD12                                              0.000     0.000 r  i_sys_clk_p (IN)
                         net (fo=0)                   0.000     0.000    pll_inst/inst/clk_in1_p
    AD12                                                              r  pll_inst/inst/clkin1_ibufgds/I
    AD12                 IBUFDS (Prop_ibufds_I_O)     0.906     0.906 r  pll_inst/inst/clkin1_ibufgds/O
                         net (fo=1, routed)           1.098     2.004    pll_inst/inst/clk_in1_pll
    PLLE2_ADV_X1Y1                                                    r  pll_inst/inst/plle2_adv_inst/CLKIN1
    PLLE2_ADV_X1Y1       PLLE2_ADV (Prop_plle2_adv_CLKIN1_CLKOUT1)
                                                     -8.058    -6.054 r  pll_inst/inst/plle2_adv_inst/CLKOUT1
                         net (fo=1, routed)           2.128    -3.926    pll_inst/inst/clk_out2_pll
    BUFGCTRL_X0Y0                                                     r  pll_inst/inst/clkout2_buf/I
    BUFGCTRL_X0Y0        BUFG (Prop_bufg_I_O)         0.093    -3.833 r  pll_inst/inst/clkout2_buf/O
                         net (fo=5889, routed)        1.562    -2.271    student_top_inst/u_KLDJ_top/ifu0/clk_out2
    SLICE_X69Y89         FDRE                                         r  student_top_inst/u_KLDJ_top/ifu0/pc_reg_reg[5]_replica/C
  -------------------------------------------------------------------    -------------------
    SLICE_X69Y89         FDRE (Prop_fdre_C_Q)         0.223    -2.048 r  student_top_inst/u_KLDJ_top/ifu0/pc_reg_reg[5]_replica/Q
                         net (fo=144, routed)         1.133    -0.915    student_top_inst/Mem_IROM/U0/Q[5]_repN_alias
    SLICE_X48Y100                                                     r  student_top_inst/Mem_IROM/U0/g19_b5/I3
    SLICE_X48Y100        LUT6 (Prop_lut6_I3_O)        0.043    -0.872 f  student_top_inst/Mem_IROM/U0/g19_b5/O
                         net (fo=1, routed)           0.000    -0.872    student_top_inst/Mem_IROM/U0/g19_b5_n_0
    SLICE_X48Y100                                                     f  student_top_inst/Mem_IROM/U0/spo[6]_INST_0_i_10/I1
    SLICE_X48Y100        MUXF7 (Prop_muxf7_I1_O)      0.108    -0.764 f  student_top_inst/Mem_IROM/U0/spo[6]_INST_0_i_10/O
                         net (fo=1, routed)           0.442    -0.323    student_top_inst/Mem_IROM/U0/spo[6]_INST_0_i_10_n_0
    SLICE_X47Y101                                                     f  student_top_inst/Mem_IROM/U0/spo[6]_INST_0_i_4/I3
    SLICE_X47Y101        LUT6 (Prop_lut6_I3_O)        0.124    -0.199 f  student_top_inst/Mem_IROM/U0/spo[6]_INST_0_i_4/O
                         net (fo=1, routed)           0.000    -0.199    student_top_inst/Mem_IROM/U0/spo[6]_INST_0_i_4_n_0
    SLICE_X47Y101                                                     f  student_top_inst/Mem_IROM/U0/spo[6]_INST_0_i_2/I0
    SLICE_X47Y101        MUXF7 (Prop_muxf7_I0_O)      0.120    -0.079 f  student_top_inst/Mem_IROM/U0/spo[6]_INST_0_i_2/O
                         net (fo=1, routed)           0.565     0.487    student_top_inst/Mem_IROM/U0/spo[6]_INST_0_i_2_n_0
    SLICE_X51Y101                                                     f  student_top_inst/Mem_IROM/U0/spo[6]_INST_0/I3
    SLICE_X51Y101        LUT6 (Prop_lut6_I3_O)        0.122     0.609 f  student_top_inst/Mem_IROM/U0/spo[6]_INST_0/O
                         net (fo=2, routed)           0.555     1.164    student_top_inst/u_KLDJ_top/ifu0/spo[6]
    SLICE_X57Y94                                                      f  student_top_inst/u_KLDJ_top/ifu0/pc_reg[31]_i_24/I4
    SLICE_X57Y94         LUT5 (Prop_lut5_I4_O)        0.043     1.207 f  student_top_inst/u_KLDJ_top/ifu0/pc_reg[31]_i_24/O
                         net (fo=1, routed)           0.098     1.304    student_top_inst/u_KLDJ_top/ifu0/if_static_jal00_in
    SLICE_X57Y94                                                      f  student_top_inst/u_KLDJ_top/ifu0/pc_reg[31]_i_15/I0
    SLICE_X57Y94         LUT2 (Prop_lut2_I0_O)        0.043     1.347 f  student_top_inst/u_KLDJ_top/ifu0/pc_reg[31]_i_15/O
                         net (fo=33, routed)          0.329     1.677    student_top_inst/u_KLDJ_top/u_bpu/u_gshare_btb_core/if_static_jal
    SLICE_X68Y94                                                      f  student_top_inst/u_KLDJ_top/u_bpu/u_gshare_btb_core/if_id_pred_taken_i_2/I0
    SLICE_X68Y94         LUT5 (Prop_lut5_I0_O)        0.043     1.720 f  student_top_inst/u_KLDJ_top/u_bpu/u_gshare_btb_core/if_id_pred_taken_i_2/O
                         net (fo=33, routed)          0.326     2.046    student_top_inst/u_KLDJ_top/ifu0/if_pred_taken
    SLICE_X68Y94                                                      f  student_top_inst/u_KLDJ_top/ifu0/pc_reg[4]_i_4/I3
    SLICE_X68Y94         LUT5 (Prop_lut5_I3_O)        0.043     2.089 r  student_top_inst/u_KLDJ_top/ifu0/pc_reg[4]_i_4/O
                         net (fo=1, routed)           0.329     2.418    student_top_inst/u_KLDJ_top/u_pipe_id_ex/dnpc[4]
    SLICE_X68Y89                                                      r  student_top_inst/u_KLDJ_top/u_pipe_id_ex/pc_reg[4]_i_1/I5
    SLICE_X68Y89         LUT6 (Prop_lut6_I5_O)        0.043     2.461 r  student_top_inst/u_KLDJ_top/u_pipe_id_ex/pc_reg[4]_i_1/O
                         net (fo=6, routed)           0.610     3.071    student_top_inst/u_KLDJ_top/ifu0/pc_reg_reg[31]_1[4]
    SLICE_X63Y98         FDRE                                         r  student_top_inst/u_KLDJ_top/ifu0/pc_reg_reg[4]_replica_3/D
  -------------------------------------------------------------------    -------------------

                         (clock clk_out2_pll rise edge)
                                                      5.714     5.714 r  
    AD12                                              0.000     5.714 r  i_sys_clk_p (IN)
                         net (fo=0)                   0.000     5.714    pll_inst/inst/clk_in1_p
    AD12                                                              r  pll_inst/inst/clkin1_ibufgds/I
    AD12                 IBUFDS (Prop_ibufds_I_O)     0.803     6.518 r  pll_inst/inst/clkin1_ibufgds/O
                         net (fo=1, routed)           1.001     7.519    pll_inst/inst/clk_in1_pll
    PLLE2_ADV_X1Y1                                                    r  pll_inst/inst/plle2_adv_inst/CLKIN1
    PLLE2_ADV_X1Y1       PLLE2_ADV (Prop_plle2_adv_CLKIN1_CLKOUT1)
                                                     -7.261     0.258 r  pll_inst/inst/plle2_adv_inst/CLKOUT1
                         net (fo=1, routed)           2.003     2.261    pll_inst/inst/clk_out2_pll
    BUFGCTRL_X0Y0                                                     r  pll_inst/inst/clkout2_buf/I
    BUFGCTRL_X0Y0        BUFG (Prop_bufg_I_O)         0.083     2.344 r  pll_inst/inst/clkout2_buf/O
                         net (fo=5889, routed)        1.430     3.774    student_top_inst/u_KLDJ_top/ifu0/clk_out2
    SLICE_X63Y98         FDRE                                         r  student_top_inst/u_KLDJ_top/ifu0/pc_reg_reg[4]_replica_3/C
                         clock pessimism             -0.373     3.401    
                         clock uncertainty           -0.077     3.324    
    SLICE_X63Y98         FDRE (Setup_fdre_C_D)       -0.031     3.293    student_top_inst/u_KLDJ_top/ifu0/pc_reg_reg[4]_replica_3
  -------------------------------------------------------------------
                         required time                          3.293    
                         arrival time                          -3.071    
  -------------------------------------------------------------------
                         slack                                  0.222    

Slack (MET) :             0.222ns  (required time - arrival time)
  Source:                 student_top_inst/u_KLDJ_top/ifu0/pc_reg_reg[5]_replica/C
                            (rising edge-triggered cell FDRE clocked by clk_out2_pll  {rise@0.000ns fall@2.857ns period=5.714ns})
  Destination:            student_top_inst/u_KLDJ_top/ifu0/pc_reg_reg[4]_replica_3/D
                            (rising edge-triggered cell FDRE clocked by clk_out2_pll  {rise@0.000ns fall@2.857ns period=5.714ns})
  Path Group:             clk_out2_pll
  Path Type:              Setup (Max at Slow Process Corner)
  Requirement:            5.714ns  (clk_out2_pll rise@5.714ns - clk_out2_pll rise@0.000ns)
  Data Path Delay:        5.342ns  (logic 0.955ns (17.877%)  route 4.387ns (82.123%))
  Logic Levels:           10  (LUT2=1 LUT5=3 LUT6=4 MUXF7=2)
  Clock Path Skew:        -0.042ns (DCD - SCD + CPR)
    Destination Clock Delay (DCD):    -1.941ns = ( 3.774 - 5.714 ) 
    Source Clock Delay      (SCD):    -2.271ns
    Clock Pessimism Removal (CPR):    -0.373ns
  Clock Uncertainty:      0.077ns  ((TSJ^2 + DJ^2)^1/2) / 2 + PE
    Total System Jitter     (TSJ):    0.071ns
    Discrete Jitter          (DJ):    0.137ns
    Phase Error              (PE):    0.000ns

    Location             Delay type                Incr(ns)  Path(ns)    Netlist Resource(s)
  -------------------------------------------------------------------    -------------------
                         (clock clk_out2_pll rise edge)
                                                      0.000     0.000 r  
    AD12                                              0.000     0.000 r  i_sys_clk_p (IN)
                         net (fo=0)                   0.000     0.000    pll_inst/inst/clk_in1_p
    AD12                                                              r  pll_inst/inst/clkin1_ibufgds/I
    AD12                 IBUFDS (Prop_ibufds_I_O)     0.906     0.906 r  pll_inst/inst/clkin1_ibufgds/O
                         net (fo=1, routed)           1.098     2.004    pll_inst/inst/clk_in1_pll
    PLLE2_ADV_X1Y1                                                    r  pll_inst/inst/plle2_adv_inst/CLKIN1
    PLLE2_ADV_X1Y1       PLLE2_ADV (Prop_plle2_adv_CLKIN1_CLKOUT1)
                                                     -8.058    -6.054 r  pll_inst/inst/plle2_adv_inst/CLKOUT1
                         net (fo=1, routed)           2.128    -3.926    pll_inst/inst/clk_out2_pll
    BUFGCTRL_X0Y0                                                     r  pll_inst/inst/clkout2_buf/I
    BUFGCTRL_X0Y0        BUFG (Prop_bufg_I_O)         0.093    -3.833 r  pll_inst/inst/clkout2_buf/O
                         net (fo=5889, routed)        1.562    -2.271    student_top_inst/u_KLDJ_top/ifu0/clk_out2
    SLICE_X69Y89         FDRE                                         r  student_top_inst/u_KLDJ_top/ifu0/pc_reg_reg[5]_replica/C
  -------------------------------------------------------------------    -------------------
    SLICE_X69Y89         FDRE (Prop_fdre_C_Q)         0.223    -2.048 f  student_top_inst/u_KLDJ_top/ifu0/pc_reg_reg[5]_replica/Q
                         net (fo=144, routed)         1.133    -0.915    student_top_inst/Mem_IROM/U0/Q[5]_repN_alias
    SLICE_X48Y100                                                     f  student_top_inst/Mem_IROM/U0/g19_b5/I3
    SLICE_X48Y100        LUT6 (Prop_lut6_I3_O)        0.043    -0.872 f  student_top_inst/Mem_IROM/U0/g19_b5/O
                         net (fo=1, routed)           0.000    -0.872    student_top_inst/Mem_IROM/U0/g19_b5_n_0
    SLICE_X48Y100                                                     f  student_top_inst/Mem_IROM/U0/spo[6]_INST_0_i_10/I1
    SLICE_X48Y100        MUXF7 (Prop_muxf7_I1_O)      0.108    -0.764 f  student_top_inst/Mem_IROM/U0/spo[6]_INST_0_i_10/O
                         net (fo=1, routed)           0.442    -0.323    student_top_inst/Mem_IROM/U0/spo[6]_INST_0_i_10_n_0
    SLICE_X47Y101                                                     f  student_top_inst/Mem_IROM/U0/spo[6]_INST_0_i_4/I3
    SLICE_X47Y101        LUT6 (Prop_lut6_I3_O)        0.124    -0.199 f  student_top_inst/Mem_IROM/U0/spo[6]_INST_0_i_4/O
                         net (fo=1, routed)           0.000    -0.199    student_top_inst/Mem_IROM/U0/spo[6]_INST_0_i_4_n_0
    SLICE_X47Y101                                                     f  student_top_inst/Mem_IROM/U0/spo[6]_INST_0_i_2/I0
    SLICE_X47Y101        MUXF7 (Prop_muxf7_I0_O)      0.120    -0.079 f  student_top_inst/Mem_IROM/U0/spo[6]_INST_0_i_2/O
                         net (fo=1, routed)           0.565     0.487    student_top_inst/Mem_IROM/U0/spo[6]_INST_0_i_2_n_0
    SLICE_X51Y101                                                     f  student_top_inst/Mem_IROM/U0/spo[6]_INST_0/I3
    SLICE_X51Y101        LUT6 (Prop_lut6_I3_O)        0.122     0.609 f  student_top_inst/Mem_IROM/U0/spo[6]_INST_0/O
                         net (fo=2, routed)           0.555     1.164    student_top_inst/u_KLDJ_top/ifu0/spo[6]
    SLICE_X57Y94                                                      f  student_top_inst/u_KLDJ_top/ifu0/pc_reg[31]_i_24/I4
    SLICE_X57Y94         LUT5 (Prop_lut5_I4_O)        0.043     1.207 f  student_top_inst/u_KLDJ_top/ifu0/pc_reg[31]_i_24/O
                         net (fo=1, routed)           0.098     1.304    student_top_inst/u_KLDJ_top/ifu0/if_static_jal00_in
    SLICE_X57Y94                                                      f  student_top_inst/u_KLDJ_top/ifu0/pc_reg[31]_i_15/I0
    SLICE_X57Y94         LUT2 (Prop_lut2_I0_O)        0.043     1.347 f  student_top_inst/u_KLDJ_top/ifu0/pc_reg[31]_i_15/O
                         net (fo=33, routed)          0.329     1.677    student_top_inst/u_KLDJ_top/u_bpu/u_gshare_btb_core/if_static_jal
    SLICE_X68Y94                                                      f  student_top_inst/u_KLDJ_top/u_bpu/u_gshare_btb_core/if_id_pred_taken_i_2/I0
    SLICE_X68Y94         LUT5 (Prop_lut5_I0_O)        0.043     1.720 f  student_top_inst/u_KLDJ_top/u_bpu/u_gshare_btb_core/if_id_pred_taken_i_2/O
                         net (fo=33, routed)          0.326     2.046    student_top_inst/u_KLDJ_top/ifu0/if_pred_taken
    SLICE_X68Y94                                                      f  student_top_inst/u_KLDJ_top/ifu0/pc_reg[4]_i_4/I3
    SLICE_X68Y94         LUT5 (Prop_lut5_I3_O)        0.043     2.089 r  student_top_inst/u_KLDJ_top/ifu0/pc_reg[4]_i_4/O
                         net (fo=1, routed)           0.329     2.418    student_top_inst/u_KLDJ_top/u_pipe_id_ex/dnpc[4]
    SLICE_X68Y89                                                      r  student_top_inst/u_KLDJ_top/u_pipe_id_ex/pc_reg[4]_i_1/I5
    SLICE_X68Y89         LUT6 (Prop_lut6_I5_O)        0.043     2.461 r  student_top_inst/u_KLDJ_top/u_pipe_id_ex/pc_reg[4]_i_1/O
                         net (fo=6, routed)           0.610     3.071    student_top_inst/u_KLDJ_top/ifu0/pc_reg_reg[31]_1[4]
    SLICE_X63Y98         FDRE                                         r  student_top_inst/u_KLDJ_top/ifu0/pc_reg_reg[4]_replica_3/D
  -------------------------------------------------------------------    -------------------

                         (clock clk_out2_pll rise edge)
                                                      5.714     5.714 r  
    AD12                                              0.000     5.714 r  i_sys_clk_p (IN)
                         net (fo=0)                   0.000     5.714    pll_inst/inst/clk_in1_p
    AD12                                                              r  pll_inst/inst/clkin1_ibufgds/I
    AD12                 IBUFDS (Prop_ibufds_I_O)     0.803     6.518 r  pll_inst/inst/clkin1_ibufgds/O
                         net (fo=1, routed)           1.001     7.519    pll_inst/inst/clk_in1_pll
    PLLE2_ADV_X1Y1                                                    r  pll_inst/inst/plle2_adv_inst/CLKIN1
    PLLE2_ADV_X1Y1       PLLE2_ADV (Prop_plle2_adv_CLKIN1_CLKOUT1)
                                                     -7.261     0.258 r  pll_inst/inst/plle2_adv_inst/CLKOUT1
                         net (fo=1, routed)           2.003     2.261    pll_inst/inst/clk_out2_pll
    BUFGCTRL_X0Y0                                                     r  pll_inst/inst/clkout2_buf/I
    BUFGCTRL_X0Y0        BUFG (Prop_bufg_I_O)         0.083     2.344 r  pll_inst/inst/clkout2_buf/O
                         net (fo=5889, routed)        1.430     3.774    student_top_inst/u_KLDJ_top/ifu0/clk_out2
    SLICE_X63Y98         FDRE                                         r  student_top_inst/u_KLDJ_top/ifu0/pc_reg_reg[4]_replica_3/C
                         clock pessimism             -0.373     3.401    
                         clock uncertainty           -0.077     3.324    
    SLICE_X63Y98         FDRE (Setup_fdre_C_D)       -0.031     3.293    student_top_inst/u_KLDJ_top/ifu0/pc_reg_reg[4]_replica_3
  -------------------------------------------------------------------
                         required time                          3.293    
                         arrival time                          -3.071    
  -------------------------------------------------------------------
                         slack                                  0.222    

Slack (MET) :             0.222ns  (required time - arrival time)
  Source:                 student_top_inst/u_KLDJ_top/ifu0/pc_reg_reg[5]_replica/C
                            (rising edge-triggered cell FDRE clocked by clk_out2_pll  {rise@0.000ns fall@2.857ns period=5.714ns})
  Destination:            student_top_inst/u_KLDJ_top/ifu0/pc_reg_reg[4]_replica_3/D
                            (rising edge-triggered cell FDRE clocked by clk_out2_pll  {rise@0.000ns fall@2.857ns period=5.714ns})
  Path Group:             clk_out2_pll
  Path Type:              Setup (Max at Slow Process Corner)
  Requirement:            5.714ns  (clk_out2_pll rise@5.714ns - clk_out2_pll rise@0.000ns)
  Data Path Delay:        5.342ns  (logic 0.955ns (17.877%)  route 4.387ns (82.123%))
  Logic Levels:           10  (LUT2=1 LUT5=3 LUT6=4 MUXF7=2)
  Clock Path Skew:        -0.042ns (DCD - SCD + CPR)
    Destination Clock Delay (DCD):    -1.941ns = ( 3.774 - 5.714 ) 
    Source Clock Delay      (SCD):    -2.271ns
    Clock Pessimism Removal (CPR):    -0.373ns
  Clock Uncertainty:      0.077ns  ((TSJ^2 + DJ^2)^1/2) / 2 + PE
    Total System Jitter     (TSJ):    0.071ns
    Discrete Jitter          (DJ):    0.137ns
    Phase Error              (PE):    0.000ns

    Location             Delay type                Incr(ns)  Path(ns)    Netlist Resource(s)
  -------------------------------------------------------------------    -------------------
                         (clock clk_out2_pll rise edge)
                                                      0.000     0.000 r  
    AD12                                              0.000     0.000 r  i_sys_clk_p (IN)
                         net (fo=0)                   0.000     0.000    pll_inst/inst/clk_in1_p
    AD12                                                              r  pll_inst/inst/clkin1_ibufgds/I
    AD12                 IBUFDS (Prop_ibufds_I_O)     0.906     0.906 r  pll_inst/inst/clkin1_ibufgds/O
                         net (fo=1, routed)           1.098     2.004    pll_inst/inst/clk_in1_pll
    PLLE2_ADV_X1Y1                                                    r  pll_inst/inst/plle2_adv_inst/CLKIN1
    PLLE2_ADV_X1Y1       PLLE2_ADV (Prop_plle2_adv_CLKIN1_CLKOUT1)
                                                     -8.058    -6.054 r  pll_inst/inst/plle2_adv_inst/CLKOUT1
                         net (fo=1, routed)           2.128    -3.926    pll_inst/inst/clk_out2_pll
    BUFGCTRL_X0Y0                                                     r  pll_inst/inst/clkout2_buf/I
    BUFGCTRL_X0Y0        BUFG (Prop_bufg_I_O)         0.093    -3.833 r  pll_inst/inst/clkout2_buf/O
                         net (fo=5889, routed)        1.562    -2.271    student_top_inst/u_KLDJ_top/ifu0/clk_out2
    SLICE_X69Y89         FDRE                                         r  student_top_inst/u_KLDJ_top/ifu0/pc_reg_reg[5]_replica/C
  -------------------------------------------------------------------    -------------------
    SLICE_X69Y89         FDRE (Prop_fdre_C_Q)         0.223    -2.048 r  student_top_inst/u_KLDJ_top/ifu0/pc_reg_reg[5]_replica/Q
                         net (fo=144, routed)         1.133    -0.915    student_top_inst/Mem_IROM/U0/Q[5]_repN_alias
    SLICE_X48Y100                                                     r  student_top_inst/Mem_IROM/U0/g19_b5/I3
    SLICE_X48Y100        LUT6 (Prop_lut6_I3_O)        0.043    -0.872 r  student_top_inst/Mem_IROM/U0/g19_b5/O
                         net (fo=1, routed)           0.000    -0.872    student_top_inst/Mem_IROM/U0/g19_b5_n_0
    SLICE_X48Y100                                                     r  student_top_inst/Mem_IROM/U0/spo[6]_INST_0_i_10/I1
    SLICE_X48Y100        MUXF7 (Prop_muxf7_I1_O)      0.108    -0.764 r  student_top_inst/Mem_IROM/U0/spo[6]_INST_0_i_10/O
                         net (fo=1, routed)           0.442    -0.323    student_top_inst/Mem_IROM/U0/spo[6]_INST_0_i_10_n_0
    SLICE_X47Y101                                                     r  student_top_inst/Mem_IROM/U0/spo[6]_INST_0_i_4/I3
    SLICE_X47Y101        LUT6 (Prop_lut6_I3_O)        0.124    -0.199 r  student_top_inst/Mem_IROM/U0/spo[6]_INST_0_i_4/O
                         net (fo=1, routed)           0.000    -0.199    student_top_inst/Mem_IROM/U0/spo[6]_INST_0_i_4_n_0
    SLICE_X47Y101                                                     r  student_top_inst/Mem_IROM/U0/spo[6]_INST_0_i_2/I0
    SLICE_X47Y101        MUXF7 (Prop_muxf7_I0_O)      0.120    -0.079 r  student_top_inst/Mem_IROM/U0/spo[6]_INST_0_i_2/O
                         net (fo=1, routed)           0.565     0.487    student_top_inst/Mem_IROM/U0/spo[6]_INST_0_i_2_n_0
    SLICE_X51Y101                                                     r  student_top_inst/Mem_IROM/U0/spo[6]_INST_0/I3
    SLICE_X51Y101        LUT6 (Prop_lut6_I3_O)        0.122     0.609 r  student_top_inst/Mem_IROM/U0/spo[6]_INST_0/O
                         net (fo=2, routed)           0.555     1.164    student_top_inst/u_KLDJ_top/ifu0/spo[6]
    SLICE_X57Y94                                                      r  student_top_inst/u_KLDJ_top/ifu0/pc_reg[31]_i_24/I4
    SLICE_X57Y94         LUT5 (Prop_lut5_I4_O)        0.043     1.207 r  student_top_inst/u_KLDJ_top/ifu0/pc_reg[31]_i_24/O
                         net (fo=1, routed)           0.098     1.304    student_top_inst/u_KLDJ_top/ifu0/if_static_jal00_in
    SLICE_X57Y94                                                      r  student_top_inst/u_KLDJ_top/ifu0/pc_reg[31]_i_15/I0
    SLICE_X57Y94         LUT2 (Prop_lut2_I0_O)        0.043     1.347 r  student_top_inst/u_KLDJ_top/ifu0/pc_reg[31]_i_15/O
                         net (fo=33, routed)          0.329     1.677    student_top_inst/u_KLDJ_top/u_bpu/u_gshare_btb_core/if_static_jal
    SLICE_X68Y94                                                      r  student_top_inst/u_KLDJ_top/u_bpu/u_gshare_btb_core/if_id_pred_taken_i_2/I0
    SLICE_X68Y94         LUT5 (Prop_lut5_I0_O)        0.043     1.720 r  student_top_inst/u_KLDJ_top/u_bpu/u_gshare_btb_core/if_id_pred_taken_i_2/O
                         net (fo=33, routed)          0.326     2.046    student_top_inst/u_KLDJ_top/ifu0/if_pred_taken
    SLICE_X68Y94                                                      r  student_top_inst/u_KLDJ_top/ifu0/pc_reg[4]_i_4/I3
    SLICE_X68Y94         LUT5 (Prop_lut5_I3_O)        0.043     2.089 f  student_top_inst/u_KLDJ_top/ifu0/pc_reg[4]_i_4/O
                         net (fo=1, routed)           0.329     2.418    student_top_inst/u_KLDJ_top/u_pipe_id_ex/dnpc[4]
    SLICE_X68Y89                                                      f  student_top_inst/u_KLDJ_top/u_pipe_id_ex/pc_reg[4]_i_1/I5
    SLICE_X68Y89         LUT6 (Prop_lut6_I5_O)        0.043     2.461 f  student_top_inst/u_KLDJ_top/u_pipe_id_ex/pc_reg[4]_i_1/O
                         net (fo=6, routed)           0.610     3.071    student_top_inst/u_KLDJ_top/ifu0/pc_reg_reg[31]_1[4]
    SLICE_X63Y98         FDRE                                         f  student_top_inst/u_KLDJ_top/ifu0/pc_reg_reg[4]_replica_3/D
  -------------------------------------------------------------------    -------------------

                         (clock clk_out2_pll rise edge)
                                                      5.714     5.714 r  
    AD12                                              0.000     5.714 r  i_sys_clk_p (IN)
                         net (fo=0)                   0.000     5.714    pll_inst/inst/clk_in1_p
    AD12                                                              r  pll_inst/inst/clkin1_ibufgds/I
    AD12                 IBUFDS (Prop_ibufds_I_O)     0.803     6.518 r  pll_inst/inst/clkin1_ibufgds/O
                         net (fo=1, routed)           1.001     7.519    pll_inst/inst/clk_in1_pll
    PLLE2_ADV_X1Y1                                                    r  pll_inst/inst/plle2_adv_inst/CLKIN1
    PLLE2_ADV_X1Y1       PLLE2_ADV (Prop_plle2_adv_CLKIN1_CLKOUT1)
                                                     -7.261     0.258 r  pll_inst/inst/plle2_adv_inst/CLKOUT1
                         net (fo=1, routed)           2.003     2.261    pll_inst/inst/clk_out2_pll
    BUFGCTRL_X0Y0                                                     r  pll_inst/inst/clkout2_buf/I
    BUFGCTRL_X0Y0        BUFG (Prop_bufg_I_O)         0.083     2.344 r  pll_inst/inst/clkout2_buf/O
                         net (fo=5889, routed)        1.430     3.774    student_top_inst/u_KLDJ_top/ifu0/clk_out2
    SLICE_X63Y98         FDRE                                         r  student_top_inst/u_KLDJ_top/ifu0/pc_reg_reg[4]_replica_3/C
                         clock pessimism             -0.373     3.401    
                         clock uncertainty           -0.077     3.324    
    SLICE_X63Y98         FDRE (Setup_fdre_C_D)       -0.031     3.293    student_top_inst/u_KLDJ_top/ifu0/pc_reg_reg[4]_replica_3
  -------------------------------------------------------------------
                         required time                          3.293    
                         arrival time                          -3.071    
  -------------------------------------------------------------------
                         slack                                  0.222    

Slack (MET) :             0.222ns  (required time - arrival time)
  Source:                 student_top_inst/u_KLDJ_top/ifu0/pc_reg_reg[5]_replica/C
                            (rising edge-triggered cell FDRE clocked by clk_out2_pll  {rise@0.000ns fall@2.857ns period=5.714ns})
  Destination:            student_top_inst/u_KLDJ_top/ifu0/pc_reg_reg[4]_replica_3/D
                            (rising edge-triggered cell FDRE clocked by clk_out2_pll  {rise@0.000ns fall@2.857ns period=5.714ns})
  Path Group:             clk_out2_pll
  Path Type:              Setup (Max at Slow Process Corner)
  Requirement:            5.714ns  (clk_out2_pll rise@5.714ns - clk_out2_pll rise@0.000ns)
  Data Path Delay:        5.342ns  (logic 0.955ns (17.877%)  route 4.387ns (82.123%))
  Logic Levels:           10  (LUT2=1 LUT5=3 LUT6=4 MUXF7=2)
  Clock Path Skew:        -0.042ns (DCD - SCD + CPR)
    Destination Clock Delay (DCD):    -1.941ns = ( 3.774 - 5.714 ) 
    Source Clock Delay      (SCD):    -2.271ns
    Clock Pessimism Removal (CPR):    -0.373ns
  Clock Uncertainty:      0.077ns  ((TSJ^2 + DJ^2)^1/2) / 2 + PE
    Total System Jitter     (TSJ):    0.071ns
    Discrete Jitter          (DJ):    0.137ns
    Phase Error              (PE):    0.000ns

    Location             Delay type                Incr(ns)  Path(ns)    Netlist Resource(s)
  -------------------------------------------------------------------    -------------------
                         (clock clk_out2_pll rise edge)
                                                      0.000     0.000 r  
    AD12                                              0.000     0.000 r  i_sys_clk_p (IN)
                         net (fo=0)                   0.000     0.000    pll_inst/inst/clk_in1_p
    AD12                                                              r  pll_inst/inst/clkin1_ibufgds/I
    AD12                 IBUFDS (Prop_ibufds_I_O)     0.906     0.906 r  pll_inst/inst/clkin1_ibufgds/O
                         net (fo=1, routed)           1.098     2.004    pll_inst/inst/clk_in1_pll
    PLLE2_ADV_X1Y1                                                    r  pll_inst/inst/plle2_adv_inst/CLKIN1
    PLLE2_ADV_X1Y1       PLLE2_ADV (Prop_plle2_adv_CLKIN1_CLKOUT1)
                                                     -8.058    -6.054 r  pll_inst/inst/plle2_adv_inst/CLKOUT1
                         net (fo=1, routed)           2.128    -3.926    pll_inst/inst/clk_out2_pll
    BUFGCTRL_X0Y0                                                     r  pll_inst/inst/clkout2_buf/I
    BUFGCTRL_X0Y0        BUFG (Prop_bufg_I_O)         0.093    -3.833 r  pll_inst/inst/clkout2_buf/O
                         net (fo=5889, routed)        1.562    -2.271    student_top_inst/u_KLDJ_top/ifu0/clk_out2
    SLICE_X69Y89         FDRE                                         r  student_top_inst/u_KLDJ_top/ifu0/pc_reg_reg[5]_replica/C
  -------------------------------------------------------------------    -------------------
    SLICE_X69Y89         FDRE (Prop_fdre_C_Q)         0.223    -2.048 f  student_top_inst/u_KLDJ_top/ifu0/pc_reg_reg[5]_replica/Q
                         net (fo=144, routed)         1.133    -0.915    student_top_inst/Mem_IROM/U0/Q[5]_repN_alias
    SLICE_X48Y100                                                     f  student_top_inst/Mem_IROM/U0/g19_b5/I3
    SLICE_X48Y100        LUT6 (Prop_lut6_I3_O)        0.043    -0.872 r  student_top_inst/Mem_IROM/U0/g19_b5/O
                         net (fo=1, routed)           0.000    -0.872    student_top_inst/Mem_IROM/U0/g19_b5_n_0
    SLICE_X48Y100                                                     r  student_top_inst/Mem_IROM/U0/spo[6]_INST_0_i_10/I1
    SLICE_X48Y100        MUXF7 (Prop_muxf7_I1_O)      0.108    -0.764 r  student_top_inst/Mem_IROM/U0/spo[6]_INST_0_i_10/O
                         net (fo=1, routed)           0.442    -0.323    student_top_inst/Mem_IROM/U0/spo[6]_INST_0_i_10_n_0
    SLICE_X47Y101                                                     r  student_top_inst/Mem_IROM/U0/spo[6]_INST_0_i_4/I3
    SLICE_X47Y101        LUT6 (Prop_lut6_I3_O)        0.124    -0.199 r  student_top_inst/Mem_IROM/U0/spo[6]_INST_0_i_4/O
                         net (fo=1, routed)           0.000    -0.199    student_top_inst/Mem_IROM/U0/spo[6]_INST_0_i_4_n_0
    SLICE_X47Y101                                                     r  student_top_inst/Mem_IROM/U0/spo[6]_INST_0_i_2/I0
    SLICE_X47Y101        MUXF7 (Prop_muxf7_I0_O)      0.120    -0.079 r  student_top_inst/Mem_IROM/U0/spo[6]_INST_0_i_2/O
                         net (fo=1, routed)           0.565     0.487    student_top_inst/Mem_IROM/U0/spo[6]_INST_0_i_2_n_0
    SLICE_X51Y101                                                     r  student_top_inst/Mem_IROM/U0/spo[6]_INST_0/I3
    SLICE_X51Y101        LUT6 (Prop_lut6_I3_O)        0.122     0.609 r  student_top_inst/Mem_IROM/U0/spo[6]_INST_0/O
                         net (fo=2, routed)           0.555     1.164    student_top_inst/u_KLDJ_top/ifu0/spo[6]
    SLICE_X57Y94                                                      r  student_top_inst/u_KLDJ_top/ifu0/pc_reg[31]_i_24/I4
    SLICE_X57Y94         LUT5 (Prop_lut5_I4_O)        0.043     1.207 r  student_top_inst/u_KLDJ_top/ifu0/pc_reg[31]_i_24/O
                         net (fo=1, routed)           0.098     1.304    student_top_inst/u_KLDJ_top/ifu0/if_static_jal00_in
    SLICE_X57Y94                                                      r  student_top_inst/u_KLDJ_top/ifu0/pc_reg[31]_i_15/I0
    SLICE_X57Y94         LUT2 (Prop_lut2_I0_O)        0.043     1.347 r  student_top_inst/u_KLDJ_top/ifu0/pc_reg[31]_i_15/O
                         net (fo=33, routed)          0.329     1.677    student_top_inst/u_KLDJ_top/u_bpu/u_gshare_btb_core/if_static_jal
    SLICE_X68Y94                                                      r  student_top_inst/u_KLDJ_top/u_bpu/u_gshare_btb_core/if_id_pred_taken_i_2/I0
    SLICE_X68Y94         LUT5 (Prop_lut5_I0_O)        0.043     1.720 r  student_top_inst/u_KLDJ_top/u_bpu/u_gshare_btb_core/if_id_pred_taken_i_2/O
                         net (fo=33, routed)          0.326     2.046    student_top_inst/u_KLDJ_top/ifu0/if_pred_taken
    SLICE_X68Y94                                                      r  student_top_inst/u_KLDJ_top/ifu0/pc_reg[4]_i_4/I3
    SLICE_X68Y94         LUT5 (Prop_lut5_I3_O)        0.043     2.089 f  student_top_inst/u_KLDJ_top/ifu0/pc_reg[4]_i_4/O
                         net (fo=1, routed)           0.329     2.418    student_top_inst/u_KLDJ_top/u_pipe_id_ex/dnpc[4]
    SLICE_X68Y89                                                      f  student_top_inst/u_KLDJ_top/u_pipe_id_ex/pc_reg[4]_i_1/I5
    SLICE_X68Y89         LUT6 (Prop_lut6_I5_O)        0.043     2.461 f  student_top_inst/u_KLDJ_top/u_pipe_id_ex/pc_reg[4]_i_1/O
                         net (fo=6, routed)           0.610     3.071    student_top_inst/u_KLDJ_top/ifu0/pc_reg_reg[31]_1[4]
    SLICE_X63Y98         FDRE                                         f  student_top_inst/u_KLDJ_top/ifu0/pc_reg_reg[4]_replica_3/D
  -------------------------------------------------------------------    -------------------

                         (clock clk_out2_pll rise edge)
                                                      5.714     5.714 r  
    AD12                                              0.000     5.714 r  i_sys_clk_p (IN)
                         net (fo=0)                   0.000     5.714    pll_inst/inst/clk_in1_p
    AD12                                                              r  pll_inst/inst/clkin1_ibufgds/I
    AD12                 IBUFDS (Prop_ibufds_I_O)     0.803     6.518 r  pll_inst/inst/clkin1_ibufgds/O
                         net (fo=1, routed)           1.001     7.519    pll_inst/inst/clk_in1_pll
    PLLE2_ADV_X1Y1                                                    r  pll_inst/inst/plle2_adv_inst/CLKIN1
    PLLE2_ADV_X1Y1       PLLE2_ADV (Prop_plle2_adv_CLKIN1_CLKOUT1)
                                                     -7.261     0.258 r  pll_inst/inst/plle2_adv_inst/CLKOUT1
                         net (fo=1, routed)           2.003     2.261    pll_inst/inst/clk_out2_pll
    BUFGCTRL_X0Y0                                                     r  pll_inst/inst/clkout2_buf/I
    BUFGCTRL_X0Y0        BUFG (Prop_bufg_I_O)         0.083     2.344 r  pll_inst/inst/clkout2_buf/O
                         net (fo=5889, routed)        1.430     3.774    student_top_inst/u_KLDJ_top/ifu0/clk_out2
    SLICE_X63Y98         FDRE                                         r  student_top_inst/u_KLDJ_top/ifu0/pc_reg_reg[4]_replica_3/C
                         clock pessimism             -0.373     3.401    
                         clock uncertainty           -0.077     3.324    
    SLICE_X63Y98         FDRE (Setup_fdre_C_D)       -0.031     3.293    student_top_inst/u_KLDJ_top/ifu0/pc_reg_reg[4]_replica_3
  -------------------------------------------------------------------
                         required time                          3.293    
                         arrival time                          -3.071    
  -------------------------------------------------------------------
                         slack                                  0.222    

Slack (MET) :             0.222ns  (required time - arrival time)
  Source:                 student_top_inst/u_KLDJ_top/ifu0/pc_reg_reg[5]_replica/C
                            (rising edge-triggered cell FDRE clocked by clk_out2_pll  {rise@0.000ns fall@2.857ns period=5.714ns})
  Destination:            student_top_inst/u_KLDJ_top/ifu0/pc_reg_reg[4]_replica_3/D
                            (rising edge-triggered cell FDRE clocked by clk_out2_pll  {rise@0.000ns fall@2.857ns period=5.714ns})
  Path Group:             clk_out2_pll
  Path Type:              Setup (Max at Slow Process Corner)
  Requirement:            5.714ns  (clk_out2_pll rise@5.714ns - clk_out2_pll rise@0.000ns)
  Data Path Delay:        5.342ns  (logic 0.955ns (17.877%)  route 4.387ns (82.123%))
  Logic Levels:           10  (LUT2=1 LUT5=3 LUT6=4 MUXF7=2)
  Clock Path Skew:        -0.042ns (DCD - SCD + CPR)
    Destination Clock Delay (DCD):    -1.941ns = ( 3.774 - 5.714 ) 
    Source Clock Delay      (SCD):    -2.271ns
    Clock Pessimism Removal (CPR):    -0.373ns
  Clock Uncertainty:      0.077ns  ((TSJ^2 + DJ^2)^1/2) / 2 + PE
    Total System Jitter     (TSJ):    0.071ns
    Discrete Jitter          (DJ):    0.137ns
    Phase Error              (PE):    0.000ns

    Location             Delay type                Incr(ns)  Path(ns)    Netlist Resource(s)
  -------------------------------------------------------------------    -------------------
                         (clock clk_out2_pll rise edge)
                                                      0.000     0.000 r  
    AD12                                              0.000     0.000 r  i_sys_clk_p (IN)
                         net (fo=0)                   0.000     0.000    pll_inst/inst/clk_in1_p
    AD12                                                              r  pll_inst/inst/clkin1_ibufgds/I
    AD12                 IBUFDS (Prop_ibufds_I_O)     0.906     0.906 r  pll_inst/inst/clkin1_ibufgds/O
                         net (fo=1, routed)           1.098     2.004    pll_inst/inst/clk_in1_pll
    PLLE2_ADV_X1Y1                                                    r  pll_inst/inst/plle2_adv_inst/CLKIN1
    PLLE2_ADV_X1Y1       PLLE2_ADV (Prop_plle2_adv_CLKIN1_CLKOUT1)
                                                     -8.058    -6.054 r  pll_inst/inst/plle2_adv_inst/CLKOUT1
                         net (fo=1, routed)           2.128    -3.926    pll_inst/inst/clk_out2_pll
    BUFGCTRL_X0Y0                                                     r  pll_inst/inst/clkout2_buf/I
    BUFGCTRL_X0Y0        BUFG (Prop_bufg_I_O)         0.093    -3.833 r  pll_inst/inst/clkout2_buf/O
                         net (fo=5889, routed)        1.562    -2.271    student_top_inst/u_KLDJ_top/ifu0/clk_out2
    SLICE_X69Y89         FDRE                                         r  student_top_inst/u_KLDJ_top/ifu0/pc_reg_reg[5]_replica/C
  -------------------------------------------------------------------    -------------------
    SLICE_X69Y89         FDRE (Prop_fdre_C_Q)         0.223    -2.048 r  student_top_inst/u_KLDJ_top/ifu0/pc_reg_reg[5]_replica/Q
                         net (fo=144, routed)         1.133    -0.915    student_top_inst/Mem_IROM/U0/Q[5]_repN_alias
    SLICE_X48Y100                                                     r  student_top_inst/Mem_IROM/U0/g19_b5/I3
    SLICE_X48Y100        LUT6 (Prop_lut6_I3_O)        0.043    -0.872 f  student_top_inst/Mem_IROM/U0/g19_b5/O
                         net (fo=1, routed)           0.000    -0.872    student_top_inst/Mem_IROM/U0/g19_b5_n_0
    SLICE_X48Y100                                                     f  student_top_inst/Mem_IROM/U0/spo[6]_INST_0_i_10/I1
    SLICE_X48Y100        MUXF7 (Prop_muxf7_I1_O)      0.108    -0.764 f  student_top_inst/Mem_IROM/U0/spo[6]_INST_0_i_10/O
                         net (fo=1, routed)           0.442    -0.323    student_top_inst/Mem_IROM/U0/spo[6]_INST_0_i_10_n_0
    SLICE_X47Y101                                                     f  student_top_inst/Mem_IROM/U0/spo[6]_INST_0_i_4/I3
    SLICE_X47Y101        LUT6 (Prop_lut6_I3_O)        0.124    -0.199 f  student_top_inst/Mem_IROM/U0/spo[6]_INST_0_i_4/O
                         net (fo=1, routed)           0.000    -0.199    student_top_inst/Mem_IROM/U0/spo[6]_INST_0_i_4_n_0
    SLICE_X47Y101                                                     f  student_top_inst/Mem_IROM/U0/spo[6]_INST_0_i_2/I0
    SLICE_X47Y101        MUXF7 (Prop_muxf7_I0_O)      0.120    -0.079 f  student_top_inst/Mem_IROM/U0/spo[6]_INST_0_i_2/O
                         net (fo=1, routed)           0.565     0.487    student_top_inst/Mem_IROM/U0/spo[6]_INST_0_i_2_n_0
    SLICE_X51Y101                                                     f  student_top_inst/Mem_IROM/U0/spo[6]_INST_0/I3
    SLICE_X51Y101        LUT6 (Prop_lut6_I3_O)        0.122     0.609 f  student_top_inst/Mem_IROM/U0/spo[6]_INST_0/O
                         net (fo=2, routed)           0.555     1.164    student_top_inst/u_KLDJ_top/ifu0/spo[6]
    SLICE_X57Y94                                                      f  student_top_inst/u_KLDJ_top/ifu0/pc_reg[31]_i_24/I4
    SLICE_X57Y94         LUT5 (Prop_lut5_I4_O)        0.043     1.207 f  student_top_inst/u_KLDJ_top/ifu0/pc_reg[31]_i_24/O
                         net (fo=1, routed)           0.098     1.304    student_top_inst/u_KLDJ_top/ifu0/if_static_jal00_in
    SLICE_X57Y94                                                      f  student_top_inst/u_KLDJ_top/ifu0/pc_reg[31]_i_15/I0
    SLICE_X57Y94         LUT2 (Prop_lut2_I0_O)        0.043     1.347 f  student_top_inst/u_KLDJ_top/ifu0/pc_reg[31]_i_15/O
                         net (fo=33, routed)          0.329     1.677    student_top_inst/u_KLDJ_top/u_bpu/u_gshare_btb_core/if_static_jal
    SLICE_X68Y94                                                      f  student_top_inst/u_KLDJ_top/u_bpu/u_gshare_btb_core/if_id_pred_taken_i_2/I0
    SLICE_X68Y94         LUT5 (Prop_lut5_I0_O)        0.043     1.720 f  student_top_inst/u_KLDJ_top/u_bpu/u_gshare_btb_core/if_id_pred_taken_i_2/O
                         net (fo=33, routed)          0.326     2.046    student_top_inst/u_KLDJ_top/ifu0/if_pred_taken
    SLICE_X68Y94                                                      f  student_top_inst/u_KLDJ_top/ifu0/pc_reg[4]_i_4/I3
    SLICE_X68Y94         LUT5 (Prop_lut5_I3_O)        0.043     2.089 f  student_top_inst/u_KLDJ_top/ifu0/pc_reg[4]_i_4/O
                         net (fo=1, routed)           0.329     2.418    student_top_inst/u_KLDJ_top/u_pipe_id_ex/dnpc[4]
    SLICE_X68Y89                                                      f  student_top_inst/u_KLDJ_top/u_pipe_id_ex/pc_reg[4]_i_1/I5
    SLICE_X68Y89         LUT6 (Prop_lut6_I5_O)        0.043     2.461 f  student_top_inst/u_KLDJ_top/u_pipe_id_ex/pc_reg[4]_i_1/O
                         net (fo=6, routed)           0.610     3.071    student_top_inst/u_KLDJ_top/ifu0/pc_reg_reg[31]_1[4]
    SLICE_X63Y98         FDRE                                         f  student_top_inst/u_KLDJ_top/ifu0/pc_reg_reg[4]_replica_3/D
  -------------------------------------------------------------------    -------------------

                         (clock clk_out2_pll rise edge)
                                                      5.714     5.714 r  
    AD12                                              0.000     5.714 r  i_sys_clk_p (IN)
                         net (fo=0)                   0.000     5.714    pll_inst/inst/clk_in1_p
    AD12                                                              r  pll_inst/inst/clkin1_ibufgds/I
    AD12                 IBUFDS (Prop_ibufds_I_O)     0.803     6.518 r  pll_inst/inst/clkin1_ibufgds/O
                         net (fo=1, routed)           1.001     7.519    pll_inst/inst/clk_in1_pll
    PLLE2_ADV_X1Y1                                                    r  pll_inst/inst/plle2_adv_inst/CLKIN1
    PLLE2_ADV_X1Y1       PLLE2_ADV (Prop_plle2_adv_CLKIN1_CLKOUT1)
                                                     -7.261     0.258 r  pll_inst/inst/plle2_adv_inst/CLKOUT1
                         net (fo=1, routed)           2.003     2.261    pll_inst/inst/clk_out2_pll
    BUFGCTRL_X0Y0                                                     r  pll_inst/inst/clkout2_buf/I
    BUFGCTRL_X0Y0        BUFG (Prop_bufg_I_O)         0.083     2.344 r  pll_inst/inst/clkout2_buf/O
                         net (fo=5889, routed)        1.430     3.774    student_top_inst/u_KLDJ_top/ifu0/clk_out2
    SLICE_X63Y98         FDRE                                         r  student_top_inst/u_KLDJ_top/ifu0/pc_reg_reg[4]_replica_3/C
                         clock pessimism             -0.373     3.401    
                         clock uncertainty           -0.077     3.324    
    SLICE_X63Y98         FDRE (Setup_fdre_C_D)       -0.031     3.293    student_top_inst/u_KLDJ_top/ifu0/pc_reg_reg[4]_replica_3
  -------------------------------------------------------------------
                         required time                          3.293    
                         arrival time                          -3.071    
  -------------------------------------------------------------------
                         slack                                  0.222    

Slack (MET) :             0.222ns  (required time - arrival time)
  Source:                 student_top_inst/u_KLDJ_top/ifu0/pc_reg_reg[5]_replica/C
                            (rising edge-triggered cell FDRE clocked by clk_out2_pll  {rise@0.000ns fall@2.857ns period=5.714ns})
  Destination:            student_top_inst/u_KLDJ_top/ifu0/pc_reg_reg[4]_replica_3/D
                            (rising edge-triggered cell FDRE clocked by clk_out2_pll  {rise@0.000ns fall@2.857ns period=5.714ns})
  Path Group:             clk_out2_pll
  Path Type:              Setup (Max at Slow Process Corner)
  Requirement:            5.714ns  (clk_out2_pll rise@5.714ns - clk_out2_pll rise@0.000ns)
  Data Path Delay:        5.342ns  (logic 0.955ns (17.877%)  route 4.387ns (82.123%))
  Logic Levels:           10  (LUT2=1 LUT5=3 LUT6=4 MUXF7=2)
  Clock Path Skew:        -0.042ns (DCD - SCD + CPR)
    Destination Clock Delay (DCD):    -1.941ns = ( 3.774 - 5.714 ) 
    Source Clock Delay      (SCD):    -2.271ns
    Clock Pessimism Removal (CPR):    -0.373ns
  Clock Uncertainty:      0.077ns  ((TSJ^2 + DJ^2)^1/2) / 2 + PE
    Total System Jitter     (TSJ):    0.071ns
    Discrete Jitter          (DJ):    0.137ns
    Phase Error              (PE):    0.000ns

    Location             Delay type                Incr(ns)  Path(ns)    Netlist Resource(s)
  -------------------------------------------------------------------    -------------------
                         (clock clk_out2_pll rise edge)
                                                      0.000     0.000 r  
    AD12                                              0.000     0.000 r  i_sys_clk_p (IN)
                         net (fo=0)                   0.000     0.000    pll_inst/inst/clk_in1_p
    AD12                                                              r  pll_inst/inst/clkin1_ibufgds/I
    AD12                 IBUFDS (Prop_ibufds_I_O)     0.906     0.906 r  pll_inst/inst/clkin1_ibufgds/O
                         net (fo=1, routed)           1.098     2.004    pll_inst/inst/clk_in1_pll
    PLLE2_ADV_X1Y1                                                    r  pll_inst/inst/plle2_adv_inst/CLKIN1
    PLLE2_ADV_X1Y1       PLLE2_ADV (Prop_plle2_adv_CLKIN1_CLKOUT1)
                                                     -8.058    -6.054 r  pll_inst/inst/plle2_adv_inst/CLKOUT1
                         net (fo=1, routed)           2.128    -3.926    pll_inst/inst/clk_out2_pll
    BUFGCTRL_X0Y0                                                     r  pll_inst/inst/clkout2_buf/I
    BUFGCTRL_X0Y0        BUFG (Prop_bufg_I_O)         0.093    -3.833 r  pll_inst/inst/clkout2_buf/O
                         net (fo=5889, routed)        1.562    -2.271    student_top_inst/u_KLDJ_top/ifu0/clk_out2
    SLICE_X69Y89         FDRE                                         r  student_top_inst/u_KLDJ_top/ifu0/pc_reg_reg[5]_replica/C
  -------------------------------------------------------------------    -------------------
    SLICE_X69Y89         FDRE (Prop_fdre_C_Q)         0.223    -2.048 f  student_top_inst/u_KLDJ_top/ifu0/pc_reg_reg[5]_replica/Q
                         net (fo=144, routed)         1.133    -0.915    student_top_inst/Mem_IROM/U0/Q[5]_repN_alias
    SLICE_X48Y100                                                     f  student_top_inst/Mem_IROM/U0/g19_b5/I3
    SLICE_X48Y100        LUT6 (Prop_lut6_I3_O)        0.043    -0.872 f  student_top_inst/Mem_IROM/U0/g19_b5/O
                         net (fo=1, routed)           0.000    -0.872    student_top_inst/Mem_IROM/U0/g19_b5_n_0
    SLICE_X48Y100                                                     f  student_top_inst/Mem_IROM/U0/spo[6]_INST_0_i_10/I1
    SLICE_X48Y100        MUXF7 (Prop_muxf7_I1_O)      0.108    -0.764 f  student_top_inst/Mem_IROM/U0/spo[6]_INST_0_i_10/O
                         net (fo=1, routed)           0.442    -0.323    student_top_inst/Mem_IROM/U0/spo[6]_INST_0_i_10_n_0
    SLICE_X47Y101                                                     f  student_top_inst/Mem_IROM/U0/spo[6]_INST_0_i_4/I3
    SLICE_X47Y101        LUT6 (Prop_lut6_I3_O)        0.124    -0.199 f  student_top_inst/Mem_IROM/U0/spo[6]_INST_0_i_4/O
                         net (fo=1, routed)           0.000    -0.199    student_top_inst/Mem_IROM/U0/spo[6]_INST_0_i_4_n_0
    SLICE_X47Y101                                                     f  student_top_inst/Mem_IROM/U0/spo[6]_INST_0_i_2/I0
    SLICE_X47Y101        MUXF7 (Prop_muxf7_I0_O)      0.120    -0.079 f  student_top_inst/Mem_IROM/U0/spo[6]_INST_0_i_2/O
                         net (fo=1, routed)           0.565     0.487    student_top_inst/Mem_IROM/U0/spo[6]_INST_0_i_2_n_0
    SLICE_X51Y101                                                     f  student_top_inst/Mem_IROM/U0/spo[6]_INST_0/I3
    SLICE_X51Y101        LUT6 (Prop_lut6_I3_O)        0.122     0.609 f  student_top_inst/Mem_IROM/U0/spo[6]_INST_0/O
                         net (fo=2, routed)           0.555     1.164    student_top_inst/u_KLDJ_top/ifu0/spo[6]
    SLICE_X57Y94                                                      f  student_top_inst/u_KLDJ_top/ifu0/pc_reg[31]_i_24/I4
    SLICE_X57Y94         LUT5 (Prop_lut5_I4_O)        0.043     1.207 f  student_top_inst/u_KLDJ_top/ifu0/pc_reg[31]_i_24/O
                         net (fo=1, routed)           0.098     1.304    student_top_inst/u_KLDJ_top/ifu0/if_static_jal00_in
    SLICE_X57Y94                                                      f  student_top_inst/u_KLDJ_top/ifu0/pc_reg[31]_i_15/I0
    SLICE_X57Y94         LUT2 (Prop_lut2_I0_O)        0.043     1.347 f  student_top_inst/u_KLDJ_top/ifu0/pc_reg[31]_i_15/O
                         net (fo=33, routed)          0.329     1.677    student_top_inst/u_KLDJ_top/u_bpu/u_gshare_btb_core/if_static_jal
    SLICE_X68Y94                                                      f  student_top_inst/u_KLDJ_top/u_bpu/u_gshare_btb_core/if_id_pred_taken_i_2/I0
    SLICE_X68Y94         LUT5 (Prop_lut5_I0_O)        0.043     1.720 f  student_top_inst/u_KLDJ_top/u_bpu/u_gshare_btb_core/if_id_pred_taken_i_2/O
                         net (fo=33, routed)          0.326     2.046    student_top_inst/u_KLDJ_top/ifu0/if_pred_taken
    SLICE_X68Y94                                                      f  student_top_inst/u_KLDJ_top/ifu0/pc_reg[4]_i_4/I3
    SLICE_X68Y94         LUT5 (Prop_lut5_I3_O)        0.043     2.089 f  student_top_inst/u_KLDJ_top/ifu0/pc_reg[4]_i_4/O
                         net (fo=1, routed)           0.329     2.418    student_top_inst/u_KLDJ_top/u_pipe_id_ex/dnpc[4]
    SLICE_X68Y89                                                      f  student_top_inst/u_KLDJ_top/u_pipe_id_ex/pc_reg[4]_i_1/I5
    SLICE_X68Y89         LUT6 (Prop_lut6_I5_O)        0.043     2.461 f  student_top_inst/u_KLDJ_top/u_pipe_id_ex/pc_reg[4]_i_1/O
                         net (fo=6, routed)           0.610     3.071    student_top_inst/u_KLDJ_top/ifu0/pc_reg_reg[31]_1[4]
    SLICE_X63Y98         FDRE                                         f  student_top_inst/u_KLDJ_top/ifu0/pc_reg_reg[4]_replica_3/D
  -------------------------------------------------------------------    -------------------

                         (clock clk_out2_pll rise edge)
                                                      5.714     5.714 r  
    AD12                                              0.000     5.714 r  i_sys_clk_p (IN)
                         net (fo=0)                   0.000     5.714    pll_inst/inst/clk_in1_p
    AD12                                                              r  pll_inst/inst/clkin1_ibufgds/I
    AD12                 IBUFDS (Prop_ibufds_I_O)     0.803     6.518 r  pll_inst/inst/clkin1_ibufgds/O
                         net (fo=1, routed)           1.001     7.519    pll_inst/inst/clk_in1_pll
    PLLE2_ADV_X1Y1                                                    r  pll_inst/inst/plle2_adv_inst/CLKIN1
    PLLE2_ADV_X1Y1       PLLE2_ADV (Prop_plle2_adv_CLKIN1_CLKOUT1)
                                                     -7.261     0.258 r  pll_inst/inst/plle2_adv_inst/CLKOUT1
                         net (fo=1, routed)           2.003     2.261    pll_inst/inst/clk_out2_pll
    BUFGCTRL_X0Y0                                                     r  pll_inst/inst/clkout2_buf/I
    BUFGCTRL_X0Y0        BUFG (Prop_bufg_I_O)         0.083     2.344 r  pll_inst/inst/clkout2_buf/O
                         net (fo=5889, routed)        1.430     3.774    student_top_inst/u_KLDJ_top/ifu0/clk_out2
    SLICE_X63Y98         FDRE                                         r  student_top_inst/u_KLDJ_top/ifu0/pc_reg_reg[4]_replica_3/C
                         clock pessimism             -0.373     3.401    
                         clock uncertainty           -0.077     3.324    
    SLICE_X63Y98         FDRE (Setup_fdre_C_D)       -0.031     3.293    student_top_inst/u_KLDJ_top/ifu0/pc_reg_reg[4]_replica_3
  -------------------------------------------------------------------
                         required time                          3.293    
                         arrival time                          -3.071    
  -------------------------------------------------------------------
                         slack                                  0.222    

Slack (MET) :             0.225ns  (required time - arrival time)
  Source:                 student_top_inst/u_KLDJ_top/ifu0/pc_reg_reg[5]_replica/C
                            (rising edge-triggered cell FDRE clocked by clk_out2_pll  {rise@0.000ns fall@2.857ns period=5.714ns})
  Destination:            student_top_inst/u_KLDJ_top/ifu0/pc_reg_reg[7]_replica_1/D
                            (rising edge-triggered cell FDRE clocked by clk_out2_pll  {rise@0.000ns fall@2.857ns period=5.714ns})
  Path Group:             clk_out2_pll
  Path Type:              Setup (Max at Slow Process Corner)
  Requirement:            5.714ns  (clk_out2_pll rise@5.714ns - clk_out2_pll rise@0.000ns)
  Data Path Delay:        5.358ns  (logic 0.954ns (17.805%)  route 4.404ns (82.195%))
  Logic Levels:           10  (LUT2=1 LUT5=3 LUT6=4 MUXF7=2)
  Clock Path Skew:        -0.023ns (DCD - SCD + CPR)
    Destination Clock Delay (DCD):    -1.943ns = ( 3.772 - 5.714 ) 
    Source Clock Delay      (SCD):    -2.271ns
    Clock Pessimism Removal (CPR):    -0.352ns
  Clock Uncertainty:      0.077ns  ((TSJ^2 + DJ^2)^1/2) / 2 + PE
    Total System Jitter     (TSJ):    0.071ns
    Discrete Jitter          (DJ):    0.137ns
    Phase Error              (PE):    0.000ns

    Location             Delay type                Incr(ns)  Path(ns)    Netlist Resource(s)
  -------------------------------------------------------------------    -------------------
                         (clock clk_out2_pll rise edge)
                                                      0.000     0.000 r  
    AD12                                              0.000     0.000 r  i_sys_clk_p (IN)
                         net (fo=0)                   0.000     0.000    pll_inst/inst/clk_in1_p
    AD12                                                              r  pll_inst/inst/clkin1_ibufgds/I
    AD12                 IBUFDS (Prop_ibufds_I_O)     0.906     0.906 r  pll_inst/inst/clkin1_ibufgds/O
                         net (fo=1, routed)           1.098     2.004    pll_inst/inst/clk_in1_pll
    PLLE2_ADV_X1Y1                                                    r  pll_inst/inst/plle2_adv_inst/CLKIN1
    PLLE2_ADV_X1Y1       PLLE2_ADV (Prop_plle2_adv_CLKIN1_CLKOUT1)
                                                     -8.058    -6.054 r  pll_inst/inst/plle2_adv_inst/CLKOUT1
                         net (fo=1, routed)           2.128    -3.926    pll_inst/inst/clk_out2_pll
    BUFGCTRL_X0Y0                                                     r  pll_inst/inst/clkout2_buf/I
    BUFGCTRL_X0Y0        BUFG (Prop_bufg_I_O)         0.093    -3.833 r  pll_inst/inst/clkout2_buf/O
                         net (fo=5889, routed)        1.562    -2.271    student_top_inst/u_KLDJ_top/ifu0/clk_out2
    SLICE_X69Y89         FDRE                                         r  student_top_inst/u_KLDJ_top/ifu0/pc_reg_reg[5]_replica/C
  -------------------------------------------------------------------    -------------------
    SLICE_X69Y89         FDRE (Prop_fdre_C_Q)         0.223    -2.048 r  student_top_inst/u_KLDJ_top/ifu0/pc_reg_reg[5]_replica/Q
                         net (fo=144, routed)         1.139    -0.910    student_top_inst/Mem_IROM/U0/Q[5]_repN_alias
    SLICE_X48Y100                                                     r  student_top_inst/Mem_IROM/U0/g18_b5/I3
    SLICE_X48Y100        LUT6 (Prop_lut6_I3_O)        0.043    -0.867 r  student_top_inst/Mem_IROM/U0/g18_b5/O
                         net (fo=1, routed)           0.000    -0.867    student_top_inst/Mem_IROM/U0/g18_b5_n_0
    SLICE_X48Y100                                                     r  student_top_inst/Mem_IROM/U0/spo[6]_INST_0_i_10/I0
    SLICE_X48Y100        MUXF7 (Prop_muxf7_I0_O)      0.107    -0.760 r  student_top_inst/Mem_IROM/U0/spo[6]_INST_0_i_10/O
                         net (fo=1, routed)           0.442    -0.318    student_top_inst/Mem_IROM/U0/spo[6]_INST_0_i_10_n_0
    SLICE_X47Y101                                                     r  student_top_inst/Mem_IROM/U0/spo[6]_INST_0_i_4/I3
    SLICE_X47Y101        LUT6 (Prop_lut6_I3_O)        0.124    -0.194 r  student_top_inst/Mem_IROM/U0/spo[6]_INST_0_i_4/O
                         net (fo=1, routed)           0.000    -0.194    student_top_inst/Mem_IROM/U0/spo[6]_INST_0_i_4_n_0
    SLICE_X47Y101                                                     r  student_top_inst/Mem_IROM/U0/spo[6]_INST_0_i_2/I0
    SLICE_X47Y101        MUXF7 (Prop_muxf7_I0_O)      0.120    -0.074 r  student_top_inst/Mem_IROM/U0/spo[6]_INST_0_i_2/O
                         net (fo=1, routed)           0.565     0.491    student_top_inst/Mem_IROM/U0/spo[6]_INST_0_i_2_n_0
    SLICE_X51Y101                                                     r  student_top_inst/Mem_IROM/U0/spo[6]_INST_0/I3
    SLICE_X51Y101        LUT6 (Prop_lut6_I3_O)        0.122     0.613 r  student_top_inst/Mem_IROM/U0/spo[6]_INST_0/O
                         net (fo=2, routed)           0.555     1.168    student_top_inst/u_KLDJ_top/ifu0/spo[6]
    SLICE_X57Y94                                                      r  student_top_inst/u_KLDJ_top/ifu0/pc_reg[31]_i_24/I4
    SLICE_X57Y94         LUT5 (Prop_lut5_I4_O)        0.043     1.211 r  student_top_inst/u_KLDJ_top/ifu0/pc_reg[31]_i_24/O
                         net (fo=1, routed)           0.098     1.309    student_top_inst/u_KLDJ_top/ifu0/if_static_jal00_in
    SLICE_X57Y94                                                      r  student_top_inst/u_KLDJ_top/ifu0/pc_reg[31]_i_15/I0
    SLICE_X57Y94         LUT2 (Prop_lut2_I0_O)        0.043     1.352 r  student_top_inst/u_KLDJ_top/ifu0/pc_reg[31]_i_15/O
                         net (fo=33, routed)          0.329     1.681    student_top_inst/u_KLDJ_top/u_bpu/u_gshare_btb_core/if_static_jal
    SLICE_X68Y94                                                      r  student_top_inst/u_KLDJ_top/u_bpu/u_gshare_btb_core/if_id_pred_taken_i_2/I0
    SLICE_X68Y94         LUT5 (Prop_lut5_I0_O)        0.043     1.724 r  student_top_inst/u_KLDJ_top/u_bpu/u_gshare_btb_core/if_id_pred_taken_i_2/O
                         net (fo=33, routed)          0.606     2.330    student_top_inst/u_KLDJ_top/ifu0/if_pred_taken
    SLICE_X68Y88                                                      r  student_top_inst/u_KLDJ_top/ifu0/pc_reg[7]_i_4/I3
    SLICE_X68Y88         LUT5 (Prop_lut5_I3_O)        0.043     2.373 r  student_top_inst/u_KLDJ_top/ifu0/pc_reg[7]_i_4/O
                         net (fo=1, routed)           0.242     2.615    student_top_inst/u_KLDJ_top/u_pipe_id_ex/dnpc[7]
    SLICE_X68Y88                                                      r  student_top_inst/u_KLDJ_top/u_pipe_id_ex/pc_reg[7]_i_1/I5
    SLICE_X68Y88         LUT6 (Prop_lut6_I5_O)        0.043     2.658 r  student_top_inst/u_KLDJ_top/u_pipe_id_ex/pc_reg[7]_i_1/O
                         net (fo=7, routed)           0.429     3.087    student_top_inst/u_KLDJ_top/ifu0/pc_reg_reg[31]_1[7]
    SLICE_X69Y92         FDRE                                         r  student_top_inst/u_KLDJ_top/ifu0/pc_reg_reg[7]_replica_1/D
  -------------------------------------------------------------------    -------------------

                         (clock clk_out2_pll rise edge)
                                                      5.714     5.714 r  
    AD12                                              0.000     5.714 r  i_sys_clk_p (IN)
                         net (fo=0)                   0.000     5.714    pll_inst/inst/clk_in1_p
    AD12                                                              r  pll_inst/inst/clkin1_ibufgds/I
    AD12                 IBUFDS (Prop_ibufds_I_O)     0.803     6.518 r  pll_inst/inst/clkin1_ibufgds/O
                         net (fo=1, routed)           1.001     7.519    pll_inst/inst/clk_in1_pll
    PLLE2_ADV_X1Y1                                                    r  pll_inst/inst/plle2_adv_inst/CLKIN1
    PLLE2_ADV_X1Y1       PLLE2_ADV (Prop_plle2_adv_CLKIN1_CLKOUT1)
                                                     -7.261     0.258 r  pll_inst/inst/plle2_adv_inst/CLKOUT1
                         net (fo=1, routed)           2.003     2.261    pll_inst/inst/clk_out2_pll
    BUFGCTRL_X0Y0                                                     r  pll_inst/inst/clkout2_buf/I
    BUFGCTRL_X0Y0        BUFG (Prop_bufg_I_O)         0.083     2.344 r  pll_inst/inst/clkout2_buf/O
                         net (fo=5889, routed)        1.428     3.772    student_top_inst/u_KLDJ_top/ifu0/clk_out2
    SLICE_X69Y92         FDRE                                         r  student_top_inst/u_KLDJ_top/ifu0/pc_reg_reg[7]_replica_1/C
                         clock pessimism             -0.352     3.420    
                         clock uncertainty           -0.077     3.343    
    SLICE_X69Y92         FDRE (Setup_fdre_C_D)       -0.031     3.312    student_top_inst/u_KLDJ_top/ifu0/pc_reg_reg[7]_replica_1
  -------------------------------------------------------------------
                         required time                          3.312    
                         arrival time                          -3.087    
  -------------------------------------------------------------------
                         slack                                  0.225    

Slack (MET) :             0.225ns  (required time - arrival time)
  Source:                 student_top_inst/u_KLDJ_top/ifu0/pc_reg_reg[5]_replica/C
                            (rising edge-triggered cell FDRE clocked by clk_out2_pll  {rise@0.000ns fall@2.857ns period=5.714ns})
  Destination:            student_top_inst/u_KLDJ_top/ifu0/pc_reg_reg[7]_replica_1/D
                            (rising edge-triggered cell FDRE clocked by clk_out2_pll  {rise@0.000ns fall@2.857ns period=5.714ns})
  Path Group:             clk_out2_pll
  Path Type:              Setup (Max at Slow Process Corner)
  Requirement:            5.714ns  (clk_out2_pll rise@5.714ns - clk_out2_pll rise@0.000ns)
  Data Path Delay:        5.358ns  (logic 0.954ns (17.805%)  route 4.404ns (82.195%))
  Logic Levels:           10  (LUT2=1 LUT5=3 LUT6=4 MUXF7=2)
  Clock Path Skew:        -0.023ns (DCD - SCD + CPR)
    Destination Clock Delay (DCD):    -1.943ns = ( 3.772 - 5.714 ) 
    Source Clock Delay      (SCD):    -2.271ns
    Clock Pessimism Removal (CPR):    -0.352ns
  Clock Uncertainty:      0.077ns  ((TSJ^2 + DJ^2)^1/2) / 2 + PE
    Total System Jitter     (TSJ):    0.071ns
    Discrete Jitter          (DJ):    0.137ns
    Phase Error              (PE):    0.000ns

    Location             Delay type                Incr(ns)  Path(ns)    Netlist Resource(s)
  -------------------------------------------------------------------    -------------------
                         (clock clk_out2_pll rise edge)
                                                      0.000     0.000 r  
    AD12                                              0.000     0.000 r  i_sys_clk_p (IN)
                         net (fo=0)                   0.000     0.000    pll_inst/inst/clk_in1_p
    AD12                                                              r  pll_inst/inst/clkin1_ibufgds/I
    AD12                 IBUFDS (Prop_ibufds_I_O)     0.906     0.906 r  pll_inst/inst/clkin1_ibufgds/O
                         net (fo=1, routed)           1.098     2.004    pll_inst/inst/clk_in1_pll
    PLLE2_ADV_X1Y1                                                    r  pll_inst/inst/plle2_adv_inst/CLKIN1
    PLLE2_ADV_X1Y1       PLLE2_ADV (Prop_plle2_adv_CLKIN1_CLKOUT1)
                                                     -8.058    -6.054 r  pll_inst/inst/plle2_adv_inst/CLKOUT1
                         net (fo=1, routed)           2.128    -3.926    pll_inst/inst/clk_out2_pll
    BUFGCTRL_X0Y0                                                     r  pll_inst/inst/clkout2_buf/I
    BUFGCTRL_X0Y0        BUFG (Prop_bufg_I_O)         0.093    -3.833 r  pll_inst/inst/clkout2_buf/O
                         net (fo=5889, routed)        1.562    -2.271    student_top_inst/u_KLDJ_top/ifu0/clk_out2
    SLICE_X69Y89         FDRE                                         r  student_top_inst/u_KLDJ_top/ifu0/pc_reg_reg[5]_replica/C
  -------------------------------------------------------------------    -------------------
    SLICE_X69Y89         FDRE (Prop_fdre_C_Q)         0.223    -2.048 f  student_top_inst/u_KLDJ_top/ifu0/pc_reg_reg[5]_replica/Q
                         net (fo=144, routed)         1.139    -0.910    student_top_inst/Mem_IROM/U0/Q[5]_repN_alias
    SLICE_X48Y100                                                     f  student_top_inst/Mem_IROM/U0/g18_b5/I3
    SLICE_X48Y100        LUT6 (Prop_lut6_I3_O)        0.043    -0.867 r  student_top_inst/Mem_IROM/U0/g18_b5/O
                         net (fo=1, routed)           0.000    -0.867    student_top_inst/Mem_IROM/U0/g18_b5_n_0
    SLICE_X48Y100                                                     r  student_top_inst/Mem_IROM/U0/spo[6]_INST_0_i_10/I0
    SLICE_X48Y100        MUXF7 (Prop_muxf7_I0_O)      0.107    -0.760 r  student_top_inst/Mem_IROM/U0/spo[6]_INST_0_i_10/O
                         net (fo=1, routed)           0.442    -0.318    student_top_inst/Mem_IROM/U0/spo[6]_INST_0_i_10_n_0
    SLICE_X47Y101                                                     r  student_top_inst/Mem_IROM/U0/spo[6]_INST_0_i_4/I3
    SLICE_X47Y101        LUT6 (Prop_lut6_I3_O)        0.124    -0.194 r  student_top_inst/Mem_IROM/U0/spo[6]_INST_0_i_4/O
                         net (fo=1, routed)           0.000    -0.194    student_top_inst/Mem_IROM/U0/spo[6]_INST_0_i_4_n_0
    SLICE_X47Y101                                                     r  student_top_inst/Mem_IROM/U0/spo[6]_INST_0_i_2/I0
    SLICE_X47Y101        MUXF7 (Prop_muxf7_I0_O)      0.120    -0.074 r  student_top_inst/Mem_IROM/U0/spo[6]_INST_0_i_2/O
                         net (fo=1, routed)           0.565     0.491    student_top_inst/Mem_IROM/U0/spo[6]_INST_0_i_2_n_0
    SLICE_X51Y101                                                     r  student_top_inst/Mem_IROM/U0/spo[6]_INST_0/I3
    SLICE_X51Y101        LUT6 (Prop_lut6_I3_O)        0.122     0.613 r  student_top_inst/Mem_IROM/U0/spo[6]_INST_0/O
                         net (fo=2, routed)           0.555     1.168    student_top_inst/u_KLDJ_top/ifu0/spo[6]
    SLICE_X57Y94                                                      r  student_top_inst/u_KLDJ_top/ifu0/pc_reg[31]_i_24/I4
    SLICE_X57Y94         LUT5 (Prop_lut5_I4_O)        0.043     1.211 r  student_top_inst/u_KLDJ_top/ifu0/pc_reg[31]_i_24/O
                         net (fo=1, routed)           0.098     1.309    student_top_inst/u_KLDJ_top/ifu0/if_static_jal00_in
    SLICE_X57Y94                                                      r  student_top_inst/u_KLDJ_top/ifu0/pc_reg[31]_i_15/I0
    SLICE_X57Y94         LUT2 (Prop_lut2_I0_O)        0.043     1.352 r  student_top_inst/u_KLDJ_top/ifu0/pc_reg[31]_i_15/O
                         net (fo=33, routed)          0.329     1.681    student_top_inst/u_KLDJ_top/u_bpu/u_gshare_btb_core/if_static_jal
    SLICE_X68Y94                                                      r  student_top_inst/u_KLDJ_top/u_bpu/u_gshare_btb_core/if_id_pred_taken_i_2/I0
    SLICE_X68Y94         LUT5 (Prop_lut5_I0_O)        0.043     1.724 r  student_top_inst/u_KLDJ_top/u_bpu/u_gshare_btb_core/if_id_pred_taken_i_2/O
                         net (fo=33, routed)          0.606     2.330    student_top_inst/u_KLDJ_top/ifu0/if_pred_taken
    SLICE_X68Y88                                                      r  student_top_inst/u_KLDJ_top/ifu0/pc_reg[7]_i_4/I3
    SLICE_X68Y88         LUT5 (Prop_lut5_I3_O)        0.043     2.373 r  student_top_inst/u_KLDJ_top/ifu0/pc_reg[7]_i_4/O
                         net (fo=1, routed)           0.242     2.615    student_top_inst/u_KLDJ_top/u_pipe_id_ex/dnpc[7]
    SLICE_X68Y88                                                      r  student_top_inst/u_KLDJ_top/u_pipe_id_ex/pc_reg[7]_i_1/I5
    SLICE_X68Y88         LUT6 (Prop_lut6_I5_O)        0.043     2.658 r  student_top_inst/u_KLDJ_top/u_pipe_id_ex/pc_reg[7]_i_1/O
                         net (fo=7, routed)           0.429     3.087    student_top_inst/u_KLDJ_top/ifu0/pc_reg_reg[31]_1[7]
    SLICE_X69Y92         FDRE                                         r  student_top_inst/u_KLDJ_top/ifu0/pc_reg_reg[7]_replica_1/D
  -------------------------------------------------------------------    -------------------

                         (clock clk_out2_pll rise edge)
                                                      5.714     5.714 r  
    AD12                                              0.000     5.714 r  i_sys_clk_p (IN)
                         net (fo=0)                   0.000     5.714    pll_inst/inst/clk_in1_p
    AD12                                                              r  pll_inst/inst/clkin1_ibufgds/I
    AD12                 IBUFDS (Prop_ibufds_I_O)     0.803     6.518 r  pll_inst/inst/clkin1_ibufgds/O
                         net (fo=1, routed)           1.001     7.519    pll_inst/inst/clk_in1_pll
    PLLE2_ADV_X1Y1                                                    r  pll_inst/inst/plle2_adv_inst/CLKIN1
    PLLE2_ADV_X1Y1       PLLE2_ADV (Prop_plle2_adv_CLKIN1_CLKOUT1)
                                                     -7.261     0.258 r  pll_inst/inst/plle2_adv_inst/CLKOUT1
                         net (fo=1, routed)           2.003     2.261    pll_inst/inst/clk_out2_pll
    BUFGCTRL_X0Y0                                                     r  pll_inst/inst/clkout2_buf/I
    BUFGCTRL_X0Y0        BUFG (Prop_bufg_I_O)         0.083     2.344 r  pll_inst/inst/clkout2_buf/O
                         net (fo=5889, routed)        1.428     3.772    student_top_inst/u_KLDJ_top/ifu0/clk_out2
    SLICE_X69Y92         FDRE                                         r  student_top_inst/u_KLDJ_top/ifu0/pc_reg_reg[7]_replica_1/C
                         clock pessimism             -0.352     3.420    
                         clock uncertainty           -0.077     3.343    
    SLICE_X69Y92         FDRE (Setup_fdre_C_D)       -0.031     3.312    student_top_inst/u_KLDJ_top/ifu0/pc_reg_reg[7]_replica_1
  -------------------------------------------------------------------
                         required time                          3.312    
                         arrival time                          -3.087    
  -------------------------------------------------------------------
                         slack                                  0.225    

Slack (MET) :             0.225ns  (required time - arrival time)
  Source:                 student_top_inst/u_KLDJ_top/ifu0/pc_reg_reg[5]_replica/C
                            (rising edge-triggered cell FDRE clocked by clk_out2_pll  {rise@0.000ns fall@2.857ns period=5.714ns})
  Destination:            student_top_inst/u_KLDJ_top/ifu0/pc_reg_reg[7]_replica_1/D
                            (rising edge-triggered cell FDRE clocked by clk_out2_pll  {rise@0.000ns fall@2.857ns period=5.714ns})
  Path Group:             clk_out2_pll
  Path Type:              Setup (Max at Slow Process Corner)
  Requirement:            5.714ns  (clk_out2_pll rise@5.714ns - clk_out2_pll rise@0.000ns)
  Data Path Delay:        5.358ns  (logic 0.954ns (17.805%)  route 4.404ns (82.195%))
  Logic Levels:           10  (LUT2=1 LUT5=3 LUT6=4 MUXF7=2)
  Clock Path Skew:        -0.023ns (DCD - SCD + CPR)
    Destination Clock Delay (DCD):    -1.943ns = ( 3.772 - 5.714 ) 
    Source Clock Delay      (SCD):    -2.271ns
    Clock Pessimism Removal (CPR):    -0.352ns
  Clock Uncertainty:      0.077ns  ((TSJ^2 + DJ^2)^1/2) / 2 + PE
    Total System Jitter     (TSJ):    0.071ns
    Discrete Jitter          (DJ):    0.137ns
    Phase Error              (PE):    0.000ns

    Location             Delay type                Incr(ns)  Path(ns)    Netlist Resource(s)
  -------------------------------------------------------------------    -------------------
                         (clock clk_out2_pll rise edge)
                                                      0.000     0.000 r  
    AD12                                              0.000     0.000 r  i_sys_clk_p (IN)
                         net (fo=0)                   0.000     0.000    pll_inst/inst/clk_in1_p
    AD12                                                              r  pll_inst/inst/clkin1_ibufgds/I
    AD12                 IBUFDS (Prop_ibufds_I_O)     0.906     0.906 r  pll_inst/inst/clkin1_ibufgds/O
                         net (fo=1, routed)           1.098     2.004    pll_inst/inst/clk_in1_pll
    PLLE2_ADV_X1Y1                                                    r  pll_inst/inst/plle2_adv_inst/CLKIN1
    PLLE2_ADV_X1Y1       PLLE2_ADV (Prop_plle2_adv_CLKIN1_CLKOUT1)
                                                     -8.058    -6.054 r  pll_inst/inst/plle2_adv_inst/CLKOUT1
                         net (fo=1, routed)           2.128    -3.926    pll_inst/inst/clk_out2_pll
    BUFGCTRL_X0Y0                                                     r  pll_inst/inst/clkout2_buf/I
    BUFGCTRL_X0Y0        BUFG (Prop_bufg_I_O)         0.093    -3.833 r  pll_inst/inst/clkout2_buf/O
                         net (fo=5889, routed)        1.562    -2.271    student_top_inst/u_KLDJ_top/ifu0/clk_out2
    SLICE_X69Y89         FDRE                                         r  student_top_inst/u_KLDJ_top/ifu0/pc_reg_reg[5]_replica/C
  -------------------------------------------------------------------    -------------------
    SLICE_X69Y89         FDRE (Prop_fdre_C_Q)         0.223    -2.048 r  student_top_inst/u_KLDJ_top/ifu0/pc_reg_reg[5]_replica/Q
                         net (fo=144, routed)         1.139    -0.910    student_top_inst/Mem_IROM/U0/Q[5]_repN_alias
    SLICE_X48Y100                                                     r  student_top_inst/Mem_IROM/U0/g18_b5/I3
    SLICE_X48Y100        LUT6 (Prop_lut6_I3_O)        0.043    -0.867 f  student_top_inst/Mem_IROM/U0/g18_b5/O
                         net (fo=1, routed)           0.000    -0.867    student_top_inst/Mem_IROM/U0/g18_b5_n_0
    SLICE_X48Y100                                                     f  student_top_inst/Mem_IROM/U0/spo[6]_INST_0_i_10/I0
    SLICE_X48Y100        MUXF7 (Prop_muxf7_I0_O)      0.107    -0.760 f  student_top_inst/Mem_IROM/U0/spo[6]_INST_0_i_10/O
                         net (fo=1, routed)           0.442    -0.318    student_top_inst/Mem_IROM/U0/spo[6]_INST_0_i_10_n_0
    SLICE_X47Y101                                                     f  student_top_inst/Mem_IROM/U0/spo[6]_INST_0_i_4/I3
    SLICE_X47Y101        LUT6 (Prop_lut6_I3_O)        0.124    -0.194 f  student_top_inst/Mem_IROM/U0/spo[6]_INST_0_i_4/O
                         net (fo=1, routed)           0.000    -0.194    student_top_inst/Mem_IROM/U0/spo[6]_INST_0_i_4_n_0
    SLICE_X47Y101                                                     f  student_top_inst/Mem_IROM/U0/spo[6]_INST_0_i_2/I0
    SLICE_X47Y101        MUXF7 (Prop_muxf7_I0_O)      0.120    -0.074 f  student_top_inst/Mem_IROM/U0/spo[6]_INST_0_i_2/O
                         net (fo=1, routed)           0.565     0.491    student_top_inst/Mem_IROM/U0/spo[6]_INST_0_i_2_n_0
    SLICE_X51Y101                                                     f  student_top_inst/Mem_IROM/U0/spo[6]_INST_0/I3
    SLICE_X51Y101        LUT6 (Prop_lut6_I3_O)        0.122     0.613 f  student_top_inst/Mem_IROM/U0/spo[6]_INST_0/O
                         net (fo=2, routed)           0.555     1.168    student_top_inst/u_KLDJ_top/ifu0/spo[6]
    SLICE_X57Y94                                                      f  student_top_inst/u_KLDJ_top/ifu0/pc_reg[31]_i_24/I4
    SLICE_X57Y94         LUT5 (Prop_lut5_I4_O)        0.043     1.211 f  student_top_inst/u_KLDJ_top/ifu0/pc_reg[31]_i_24/O
                         net (fo=1, routed)           0.098     1.309    student_top_inst/u_KLDJ_top/ifu0/if_static_jal00_in
    SLICE_X57Y94                                                      f  student_top_inst/u_KLDJ_top/ifu0/pc_reg[31]_i_15/I0
    SLICE_X57Y94         LUT2 (Prop_lut2_I0_O)        0.043     1.352 f  student_top_inst/u_KLDJ_top/ifu0/pc_reg[31]_i_15/O
                         net (fo=33, routed)          0.329     1.681    student_top_inst/u_KLDJ_top/u_bpu/u_gshare_btb_core/if_static_jal
    SLICE_X68Y94                                                      f  student_top_inst/u_KLDJ_top/u_bpu/u_gshare_btb_core/if_id_pred_taken_i_2/I0
    SLICE_X68Y94         LUT5 (Prop_lut5_I0_O)        0.043     1.724 f  student_top_inst/u_KLDJ_top/u_bpu/u_gshare_btb_core/if_id_pred_taken_i_2/O
                         net (fo=33, routed)          0.606     2.330    student_top_inst/u_KLDJ_top/ifu0/if_pred_taken
    SLICE_X68Y88                                                      f  student_top_inst/u_KLDJ_top/ifu0/pc_reg[7]_i_4/I3
    SLICE_X68Y88         LUT5 (Prop_lut5_I3_O)        0.043     2.373 r  student_top_inst/u_KLDJ_top/ifu0/pc_reg[7]_i_4/O
                         net (fo=1, routed)           0.242     2.615    student_top_inst/u_KLDJ_top/u_pipe_id_ex/dnpc[7]
    SLICE_X68Y88                                                      r  student_top_inst/u_KLDJ_top/u_pipe_id_ex/pc_reg[7]_i_1/I5
    SLICE_X68Y88         LUT6 (Prop_lut6_I5_O)        0.043     2.658 r  student_top_inst/u_KLDJ_top/u_pipe_id_ex/pc_reg[7]_i_1/O
                         net (fo=7, routed)           0.429     3.087    student_top_inst/u_KLDJ_top/ifu0/pc_reg_reg[31]_1[7]
    SLICE_X69Y92         FDRE                                         r  student_top_inst/u_KLDJ_top/ifu0/pc_reg_reg[7]_replica_1/D
  -------------------------------------------------------------------    -------------------

                         (clock clk_out2_pll rise edge)
                                                      5.714     5.714 r  
    AD12                                              0.000     5.714 r  i_sys_clk_p (IN)
                         net (fo=0)                   0.000     5.714    pll_inst/inst/clk_in1_p
    AD12                                                              r  pll_inst/inst/clkin1_ibufgds/I
    AD12                 IBUFDS (Prop_ibufds_I_O)     0.803     6.518 r  pll_inst/inst/clkin1_ibufgds/O
                         net (fo=1, routed)           1.001     7.519    pll_inst/inst/clk_in1_pll
    PLLE2_ADV_X1Y1                                                    r  pll_inst/inst/plle2_adv_inst/CLKIN1
    PLLE2_ADV_X1Y1       PLLE2_ADV (Prop_plle2_adv_CLKIN1_CLKOUT1)
                                                     -7.261     0.258 r  pll_inst/inst/plle2_adv_inst/CLKOUT1
                         net (fo=1, routed)           2.003     2.261    pll_inst/inst/clk_out2_pll
    BUFGCTRL_X0Y0                                                     r  pll_inst/inst/clkout2_buf/I
    BUFGCTRL_X0Y0        BUFG (Prop_bufg_I_O)         0.083     2.344 r  pll_inst/inst/clkout2_buf/O
                         net (fo=5889, routed)        1.428     3.772    student_top_inst/u_KLDJ_top/ifu0/clk_out2
    SLICE_X69Y92         FDRE                                         r  student_top_inst/u_KLDJ_top/ifu0/pc_reg_reg[7]_replica_1/C
                         clock pessimism             -0.352     3.420    
                         clock uncertainty           -0.077     3.343    
    SLICE_X69Y92         FDRE (Setup_fdre_C_D)       -0.031     3.312    student_top_inst/u_KLDJ_top/ifu0/pc_reg_reg[7]_replica_1
  -------------------------------------------------------------------
                         required time                          3.312    
                         arrival time                          -3.087    
  -------------------------------------------------------------------
                         slack                                  0.225    

Slack (MET) :             0.225ns  (required time - arrival time)
  Source:                 student_top_inst/u_KLDJ_top/ifu0/pc_reg_reg[5]_replica/C
                            (rising edge-triggered cell FDRE clocked by clk_out2_pll  {rise@0.000ns fall@2.857ns period=5.714ns})
  Destination:            student_top_inst/u_KLDJ_top/ifu0/pc_reg_reg[7]_replica_1/D
                            (rising edge-triggered cell FDRE clocked by clk_out2_pll  {rise@0.000ns fall@2.857ns period=5.714ns})
  Path Group:             clk_out2_pll
  Path Type:              Setup (Max at Slow Process Corner)
  Requirement:            5.714ns  (clk_out2_pll rise@5.714ns - clk_out2_pll rise@0.000ns)
  Data Path Delay:        5.358ns  (logic 0.954ns (17.805%)  route 4.404ns (82.195%))
  Logic Levels:           10  (LUT2=1 LUT5=3 LUT6=4 MUXF7=2)
  Clock Path Skew:        -0.023ns (DCD - SCD + CPR)
    Destination Clock Delay (DCD):    -1.943ns = ( 3.772 - 5.714 ) 
    Source Clock Delay      (SCD):    -2.271ns
    Clock Pessimism Removal (CPR):    -0.352ns
  Clock Uncertainty:      0.077ns  ((TSJ^2 + DJ^2)^1/2) / 2 + PE
    Total System Jitter     (TSJ):    0.071ns
    Discrete Jitter          (DJ):    0.137ns
    Phase Error              (PE):    0.000ns

    Location             Delay type                Incr(ns)  Path(ns)    Netlist Resource(s)
  -------------------------------------------------------------------    -------------------
                         (clock clk_out2_pll rise edge)
                                                      0.000     0.000 r  
    AD12                                              0.000     0.000 r  i_sys_clk_p (IN)
                         net (fo=0)                   0.000     0.000    pll_inst/inst/clk_in1_p
    AD12                                                              r  pll_inst/inst/clkin1_ibufgds/I
    AD12                 IBUFDS (Prop_ibufds_I_O)     0.906     0.906 r  pll_inst/inst/clkin1_ibufgds/O
                         net (fo=1, routed)           1.098     2.004    pll_inst/inst/clk_in1_pll
    PLLE2_ADV_X1Y1                                                    r  pll_inst/inst/plle2_adv_inst/CLKIN1
    PLLE2_ADV_X1Y1       PLLE2_ADV (Prop_plle2_adv_CLKIN1_CLKOUT1)
                                                     -8.058    -6.054 r  pll_inst/inst/plle2_adv_inst/CLKOUT1
                         net (fo=1, routed)           2.128    -3.926    pll_inst/inst/clk_out2_pll
    BUFGCTRL_X0Y0                                                     r  pll_inst/inst/clkout2_buf/I
    BUFGCTRL_X0Y0        BUFG (Prop_bufg_I_O)         0.093    -3.833 r  pll_inst/inst/clkout2_buf/O
                         net (fo=5889, routed)        1.562    -2.271    student_top_inst/u_KLDJ_top/ifu0/clk_out2
    SLICE_X69Y89         FDRE                                         r  student_top_inst/u_KLDJ_top/ifu0/pc_reg_reg[5]_replica/C
  -------------------------------------------------------------------    -------------------
    SLICE_X69Y89         FDRE (Prop_fdre_C_Q)         0.223    -2.048 f  student_top_inst/u_KLDJ_top/ifu0/pc_reg_reg[5]_replica/Q
                         net (fo=144, routed)         1.139    -0.910    student_top_inst/Mem_IROM/U0/Q[5]_repN_alias
    SLICE_X48Y100                                                     f  student_top_inst/Mem_IROM/U0/g18_b5/I3
    SLICE_X48Y100        LUT6 (Prop_lut6_I3_O)        0.043    -0.867 f  student_top_inst/Mem_IROM/U0/g18_b5/O
                         net (fo=1, routed)           0.000    -0.867    student_top_inst/Mem_IROM/U0/g18_b5_n_0
    SLICE_X48Y100                                                     f  student_top_inst/Mem_IROM/U0/spo[6]_INST_0_i_10/I0
    SLICE_X48Y100        MUXF7 (Prop_muxf7_I0_O)      0.107    -0.760 f  student_top_inst/Mem_IROM/U0/spo[6]_INST_0_i_10/O
                         net (fo=1, routed)           0.442    -0.318    student_top_inst/Mem_IROM/U0/spo[6]_INST_0_i_10_n_0
    SLICE_X47Y101                                                     f  student_top_inst/Mem_IROM/U0/spo[6]_INST_0_i_4/I3
    SLICE_X47Y101        LUT6 (Prop_lut6_I3_O)        0.124    -0.194 f  student_top_inst/Mem_IROM/U0/spo[6]_INST_0_i_4/O
                         net (fo=1, routed)           0.000    -0.194    student_top_inst/Mem_IROM/U0/spo[6]_INST_0_i_4_n_0
    SLICE_X47Y101                                                     f  student_top_inst/Mem_IROM/U0/spo[6]_INST_0_i_2/I0
    SLICE_X47Y101        MUXF7 (Prop_muxf7_I0_O)      0.120    -0.074 f  student_top_inst/Mem_IROM/U0/spo[6]_INST_0_i_2/O
                         net (fo=1, routed)           0.565     0.491    student_top_inst/Mem_IROM/U0/spo[6]_INST_0_i_2_n_0
    SLICE_X51Y101                                                     f  student_top_inst/Mem_IROM/U0/spo[6]_INST_0/I3
    SLICE_X51Y101        LUT6 (Prop_lut6_I3_O)        0.122     0.613 f  student_top_inst/Mem_IROM/U0/spo[6]_INST_0/O
                         net (fo=2, routed)           0.555     1.168    student_top_inst/u_KLDJ_top/ifu0/spo[6]
    SLICE_X57Y94                                                      f  student_top_inst/u_KLDJ_top/ifu0/pc_reg[31]_i_24/I4
    SLICE_X57Y94         LUT5 (Prop_lut5_I4_O)        0.043     1.211 f  student_top_inst/u_KLDJ_top/ifu0/pc_reg[31]_i_24/O
                         net (fo=1, routed)           0.098     1.309    student_top_inst/u_KLDJ_top/ifu0/if_static_jal00_in
    SLICE_X57Y94                                                      f  student_top_inst/u_KLDJ_top/ifu0/pc_reg[31]_i_15/I0
    SLICE_X57Y94         LUT2 (Prop_lut2_I0_O)        0.043     1.352 f  student_top_inst/u_KLDJ_top/ifu0/pc_reg[31]_i_15/O
                         net (fo=33, routed)          0.329     1.681    student_top_inst/u_KLDJ_top/u_bpu/u_gshare_btb_core/if_static_jal
    SLICE_X68Y94                                                      f  student_top_inst/u_KLDJ_top/u_bpu/u_gshare_btb_core/if_id_pred_taken_i_2/I0
    SLICE_X68Y94         LUT5 (Prop_lut5_I0_O)        0.043     1.724 f  student_top_inst/u_KLDJ_top/u_bpu/u_gshare_btb_core/if_id_pred_taken_i_2/O
                         net (fo=33, routed)          0.606     2.330    student_top_inst/u_KLDJ_top/ifu0/if_pred_taken
    SLICE_X68Y88                                                      f  student_top_inst/u_KLDJ_top/ifu0/pc_reg[7]_i_4/I3
    SLICE_X68Y88         LUT5 (Prop_lut5_I3_O)        0.043     2.373 r  student_top_inst/u_KLDJ_top/ifu0/pc_reg[7]_i_4/O
                         net (fo=1, routed)           0.242     2.615    student_top_inst/u_KLDJ_top/u_pipe_id_ex/dnpc[7]
    SLICE_X68Y88                                                      r  student_top_inst/u_KLDJ_top/u_pipe_id_ex/pc_reg[7]_i_1/I5
    SLICE_X68Y88         LUT6 (Prop_lut6_I5_O)        0.043     2.658 r  student_top_inst/u_KLDJ_top/u_pipe_id_ex/pc_reg[7]_i_1/O
                         net (fo=7, routed)           0.429     3.087    student_top_inst/u_KLDJ_top/ifu0/pc_reg_reg[31]_1[7]
    SLICE_X69Y92         FDRE                                         r  student_top_inst/u_KLDJ_top/ifu0/pc_reg_reg[7]_replica_1/D
  -------------------------------------------------------------------    -------------------

                         (clock clk_out2_pll rise edge)
                                                      5.714     5.714 r  
    AD12                                              0.000     5.714 r  i_sys_clk_p (IN)
                         net (fo=0)                   0.000     5.714    pll_inst/inst/clk_in1_p
    AD12                                                              r  pll_inst/inst/clkin1_ibufgds/I
    AD12                 IBUFDS (Prop_ibufds_I_O)     0.803     6.518 r  pll_inst/inst/clkin1_ibufgds/O
                         net (fo=1, routed)           1.001     7.519    pll_inst/inst/clk_in1_pll
    PLLE2_ADV_X1Y1                                                    r  pll_inst/inst/plle2_adv_inst/CLKIN1
    PLLE2_ADV_X1Y1       PLLE2_ADV (Prop_plle2_adv_CLKIN1_CLKOUT1)
                                                     -7.261     0.258 r  pll_inst/inst/plle2_adv_inst/CLKOUT1
                         net (fo=1, routed)           2.003     2.261    pll_inst/inst/clk_out2_pll
    BUFGCTRL_X0Y0                                                     r  pll_inst/inst/clkout2_buf/I
    BUFGCTRL_X0Y0        BUFG (Prop_bufg_I_O)         0.083     2.344 r  pll_inst/inst/clkout2_buf/O
                         net (fo=5889, routed)        1.428     3.772    student_top_inst/u_KLDJ_top/ifu0/clk_out2
    SLICE_X69Y92         FDRE                                         r  student_top_inst/u_KLDJ_top/ifu0/pc_reg_reg[7]_replica_1/C
                         clock pessimism             -0.352     3.420    
                         clock uncertainty           -0.077     3.343    
    SLICE_X69Y92         FDRE (Setup_fdre_C_D)       -0.031     3.312    student_top_inst/u_KLDJ_top/ifu0/pc_reg_reg[7]_replica_1
  -------------------------------------------------------------------
                         required time                          3.312    
                         arrival time                          -3.087    
  -------------------------------------------------------------------
                         slack                                  0.225    

Slack (MET) :             0.225ns  (required time - arrival time)
  Source:                 student_top_inst/u_KLDJ_top/ifu0/pc_reg_reg[5]_replica/C
                            (rising edge-triggered cell FDRE clocked by clk_out2_pll  {rise@0.000ns fall@2.857ns period=5.714ns})
  Destination:            student_top_inst/u_KLDJ_top/ifu0/pc_reg_reg[7]_replica_1/D
                            (rising edge-triggered cell FDRE clocked by clk_out2_pll  {rise@0.000ns fall@2.857ns period=5.714ns})
  Path Group:             clk_out2_pll
  Path Type:              Setup (Max at Slow Process Corner)
  Requirement:            5.714ns  (clk_out2_pll rise@5.714ns - clk_out2_pll rise@0.000ns)
  Data Path Delay:        5.358ns  (logic 0.954ns (17.805%)  route 4.404ns (82.195%))
  Logic Levels:           10  (LUT2=1 LUT5=3 LUT6=4 MUXF7=2)
  Clock Path Skew:        -0.023ns (DCD - SCD + CPR)
    Destination Clock Delay (DCD):    -1.943ns = ( 3.772 - 5.714 ) 
    Source Clock Delay      (SCD):    -2.271ns
    Clock Pessimism Removal (CPR):    -0.352ns
  Clock Uncertainty:      0.077ns  ((TSJ^2 + DJ^2)^1/2) / 2 + PE
    Total System Jitter     (TSJ):    0.071ns
    Discrete Jitter          (DJ):    0.137ns
    Phase Error              (PE):    0.000ns

    Location             Delay type                Incr(ns)  Path(ns)    Netlist Resource(s)
  -------------------------------------------------------------------    -------------------
                         (clock clk_out2_pll rise edge)
                                                      0.000     0.000 r  
    AD12                                              0.000     0.000 r  i_sys_clk_p (IN)
                         net (fo=0)                   0.000     0.000    pll_inst/inst/clk_in1_p
    AD12                                                              r  pll_inst/inst/clkin1_ibufgds/I
    AD12                 IBUFDS (Prop_ibufds_I_O)     0.906     0.906 r  pll_inst/inst/clkin1_ibufgds/O
                         net (fo=1, routed)           1.098     2.004    pll_inst/inst/clk_in1_pll
    PLLE2_ADV_X1Y1                                                    r  pll_inst/inst/plle2_adv_inst/CLKIN1
    PLLE2_ADV_X1Y1       PLLE2_ADV (Prop_plle2_adv_CLKIN1_CLKOUT1)
                                                     -8.058    -6.054 r  pll_inst/inst/plle2_adv_inst/CLKOUT1
                         net (fo=1, routed)           2.128    -3.926    pll_inst/inst/clk_out2_pll
    BUFGCTRL_X0Y0                                                     r  pll_inst/inst/clkout2_buf/I
    BUFGCTRL_X0Y0        BUFG (Prop_bufg_I_O)         0.093    -3.833 r  pll_inst/inst/clkout2_buf/O
                         net (fo=5889, routed)        1.562    -2.271    student_top_inst/u_KLDJ_top/ifu0/clk_out2
    SLICE_X69Y89         FDRE                                         r  student_top_inst/u_KLDJ_top/ifu0/pc_reg_reg[5]_replica/C
  -------------------------------------------------------------------    -------------------
    SLICE_X69Y89         FDRE (Prop_fdre_C_Q)         0.223    -2.048 r  student_top_inst/u_KLDJ_top/ifu0/pc_reg_reg[5]_replica/Q
                         net (fo=144, routed)         1.139    -0.910    student_top_inst/Mem_IROM/U0/Q[5]_repN_alias
    SLICE_X48Y100                                                     r  student_top_inst/Mem_IROM/U0/g18_b5/I3
    SLICE_X48Y100        LUT6 (Prop_lut6_I3_O)        0.043    -0.867 r  student_top_inst/Mem_IROM/U0/g18_b5/O
                         net (fo=1, routed)           0.000    -0.867    student_top_inst/Mem_IROM/U0/g18_b5_n_0
    SLICE_X48Y100                                                     r  student_top_inst/Mem_IROM/U0/spo[6]_INST_0_i_10/I0
    SLICE_X48Y100        MUXF7 (Prop_muxf7_I0_O)      0.107    -0.760 r  student_top_inst/Mem_IROM/U0/spo[6]_INST_0_i_10/O
                         net (fo=1, routed)           0.442    -0.318    student_top_inst/Mem_IROM/U0/spo[6]_INST_0_i_10_n_0
    SLICE_X47Y101                                                     r  student_top_inst/Mem_IROM/U0/spo[6]_INST_0_i_4/I3
    SLICE_X47Y101        LUT6 (Prop_lut6_I3_O)        0.124    -0.194 r  student_top_inst/Mem_IROM/U0/spo[6]_INST_0_i_4/O
                         net (fo=1, routed)           0.000    -0.194    student_top_inst/Mem_IROM/U0/spo[6]_INST_0_i_4_n_0
    SLICE_X47Y101                                                     r  student_top_inst/Mem_IROM/U0/spo[6]_INST_0_i_2/I0
    SLICE_X47Y101        MUXF7 (Prop_muxf7_I0_O)      0.120    -0.074 r  student_top_inst/Mem_IROM/U0/spo[6]_INST_0_i_2/O
                         net (fo=1, routed)           0.565     0.491    student_top_inst/Mem_IROM/U0/spo[6]_INST_0_i_2_n_0
    SLICE_X51Y101                                                     r  student_top_inst/Mem_IROM/U0/spo[6]_INST_0/I3
    SLICE_X51Y101        LUT6 (Prop_lut6_I3_O)        0.122     0.613 r  student_top_inst/Mem_IROM/U0/spo[6]_INST_0/O
                         net (fo=2, routed)           0.555     1.168    student_top_inst/u_KLDJ_top/ifu0/spo[6]
    SLICE_X57Y94                                                      r  student_top_inst/u_KLDJ_top/ifu0/pc_reg[31]_i_24/I4
    SLICE_X57Y94         LUT5 (Prop_lut5_I4_O)        0.043     1.211 r  student_top_inst/u_KLDJ_top/ifu0/pc_reg[31]_i_24/O
                         net (fo=1, routed)           0.098     1.309    student_top_inst/u_KLDJ_top/ifu0/if_static_jal00_in
    SLICE_X57Y94                                                      r  student_top_inst/u_KLDJ_top/ifu0/pc_reg[31]_i_15/I0
    SLICE_X57Y94         LUT2 (Prop_lut2_I0_O)        0.043     1.352 r  student_top_inst/u_KLDJ_top/ifu0/pc_reg[31]_i_15/O
                         net (fo=33, routed)          0.329     1.681    student_top_inst/u_KLDJ_top/u_bpu/u_gshare_btb_core/if_static_jal
    SLICE_X68Y94                                                      r  student_top_inst/u_KLDJ_top/u_bpu/u_gshare_btb_core/if_id_pred_taken_i_2/I0
    SLICE_X68Y94         LUT5 (Prop_lut5_I0_O)        0.043     1.724 r  student_top_inst/u_KLDJ_top/u_bpu/u_gshare_btb_core/if_id_pred_taken_i_2/O
                         net (fo=33, routed)          0.606     2.330    student_top_inst/u_KLDJ_top/ifu0/if_pred_taken
    SLICE_X68Y88                                                      r  student_top_inst/u_KLDJ_top/ifu0/pc_reg[7]_i_4/I3
    SLICE_X68Y88         LUT5 (Prop_lut5_I3_O)        0.043     2.373 f  student_top_inst/u_KLDJ_top/ifu0/pc_reg[7]_i_4/O
                         net (fo=1, routed)           0.242     2.615    student_top_inst/u_KLDJ_top/u_pipe_id_ex/dnpc[7]
    SLICE_X68Y88                                                      f  student_top_inst/u_KLDJ_top/u_pipe_id_ex/pc_reg[7]_i_1/I5
    SLICE_X68Y88         LUT6 (Prop_lut6_I5_O)        0.043     2.658 f  student_top_inst/u_KLDJ_top/u_pipe_id_ex/pc_reg[7]_i_1/O
                         net (fo=7, routed)           0.429     3.087    student_top_inst/u_KLDJ_top/ifu0/pc_reg_reg[31]_1[7]
    SLICE_X69Y92         FDRE                                         f  student_top_inst/u_KLDJ_top/ifu0/pc_reg_reg[7]_replica_1/D
  -------------------------------------------------------------------    -------------------

                         (clock clk_out2_pll rise edge)
                                                      5.714     5.714 r  
    AD12                                              0.000     5.714 r  i_sys_clk_p (IN)
                         net (fo=0)                   0.000     5.714    pll_inst/inst/clk_in1_p
    AD12                                                              r  pll_inst/inst/clkin1_ibufgds/I
    AD12                 IBUFDS (Prop_ibufds_I_O)     0.803     6.518 r  pll_inst/inst/clkin1_ibufgds/O
                         net (fo=1, routed)           1.001     7.519    pll_inst/inst/clk_in1_pll
    PLLE2_ADV_X1Y1                                                    r  pll_inst/inst/plle2_adv_inst/CLKIN1
    PLLE2_ADV_X1Y1       PLLE2_ADV (Prop_plle2_adv_CLKIN1_CLKOUT1)
                                                     -7.261     0.258 r  pll_inst/inst/plle2_adv_inst/CLKOUT1
                         net (fo=1, routed)           2.003     2.261    pll_inst/inst/clk_out2_pll
    BUFGCTRL_X0Y0                                                     r  pll_inst/inst/clkout2_buf/I
    BUFGCTRL_X0Y0        BUFG (Prop_bufg_I_O)         0.083     2.344 r  pll_inst/inst/clkout2_buf/O
                         net (fo=5889, routed)        1.428     3.772    student_top_inst/u_KLDJ_top/ifu0/clk_out2
    SLICE_X69Y92         FDRE                                         r  student_top_inst/u_KLDJ_top/ifu0/pc_reg_reg[7]_replica_1/C
                         clock pessimism             -0.352     3.420    
                         clock uncertainty           -0.077     3.343    
    SLICE_X69Y92         FDRE (Setup_fdre_C_D)       -0.031     3.312    student_top_inst/u_KLDJ_top/ifu0/pc_reg_reg[7]_replica_1
  -------------------------------------------------------------------
                         required time                          3.312    
                         arrival time                          -3.087    
  -------------------------------------------------------------------
                         slack                                  0.225    

Slack (MET) :             0.225ns  (required time - arrival time)
  Source:                 student_top_inst/u_KLDJ_top/ifu0/pc_reg_reg[5]_replica/C
                            (rising edge-triggered cell FDRE clocked by clk_out2_pll  {rise@0.000ns fall@2.857ns period=5.714ns})
  Destination:            student_top_inst/u_KLDJ_top/ifu0/pc_reg_reg[7]_replica_1/D
                            (rising edge-triggered cell FDRE clocked by clk_out2_pll  {rise@0.000ns fall@2.857ns period=5.714ns})
  Path Group:             clk_out2_pll
  Path Type:              Setup (Max at Slow Process Corner)
  Requirement:            5.714ns  (clk_out2_pll rise@5.714ns - clk_out2_pll rise@0.000ns)
  Data Path Delay:        5.358ns  (logic 0.954ns (17.805%)  route 4.404ns (82.195%))
  Logic Levels:           10  (LUT2=1 LUT5=3 LUT6=4 MUXF7=2)
  Clock Path Skew:        -0.023ns (DCD - SCD + CPR)
    Destination Clock Delay (DCD):    -1.943ns = ( 3.772 - 5.714 ) 
    Source Clock Delay      (SCD):    -2.271ns
    Clock Pessimism Removal (CPR):    -0.352ns
  Clock Uncertainty:      0.077ns  ((TSJ^2 + DJ^2)^1/2) / 2 + PE
    Total System Jitter     (TSJ):    0.071ns
    Discrete Jitter          (DJ):    0.137ns
    Phase Error              (PE):    0.000ns

    Location             Delay type                Incr(ns)  Path(ns)    Netlist Resource(s)
  -------------------------------------------------------------------    -------------------
                         (clock clk_out2_pll rise edge)
                                                      0.000     0.000 r  
    AD12                                              0.000     0.000 r  i_sys_clk_p (IN)
                         net (fo=0)                   0.000     0.000    pll_inst/inst/clk_in1_p
    AD12                                                              r  pll_inst/inst/clkin1_ibufgds/I
    AD12                 IBUFDS (Prop_ibufds_I_O)     0.906     0.906 r  pll_inst/inst/clkin1_ibufgds/O
                         net (fo=1, routed)           1.098     2.004    pll_inst/inst/clk_in1_pll
    PLLE2_ADV_X1Y1                                                    r  pll_inst/inst/plle2_adv_inst/CLKIN1
    PLLE2_ADV_X1Y1       PLLE2_ADV (Prop_plle2_adv_CLKIN1_CLKOUT1)
                                                     -8.058    -6.054 r  pll_inst/inst/plle2_adv_inst/CLKOUT1
                         net (fo=1, routed)           2.128    -3.926    pll_inst/inst/clk_out2_pll
    BUFGCTRL_X0Y0                                                     r  pll_inst/inst/clkout2_buf/I
    BUFGCTRL_X0Y0        BUFG (Prop_bufg_I_O)         0.093    -3.833 r  pll_inst/inst/clkout2_buf/O
                         net (fo=5889, routed)        1.562    -2.271    student_top_inst/u_KLDJ_top/ifu0/clk_out2
    SLICE_X69Y89         FDRE                                         r  student_top_inst/u_KLDJ_top/ifu0/pc_reg_reg[5]_replica/C
  -------------------------------------------------------------------    -------------------
    SLICE_X69Y89         FDRE (Prop_fdre_C_Q)         0.223    -2.048 f  student_top_inst/u_KLDJ_top/ifu0/pc_reg_reg[5]_replica/Q
                         net (fo=144, routed)         1.139    -0.910    student_top_inst/Mem_IROM/U0/Q[5]_repN_alias
    SLICE_X48Y100                                                     f  student_top_inst/Mem_IROM/U0/g18_b5/I3
    SLICE_X48Y100        LUT6 (Prop_lut6_I3_O)        0.043    -0.867 r  student_top_inst/Mem_IROM/U0/g18_b5/O
                         net (fo=1, routed)           0.000    -0.867    student_top_inst/Mem_IROM/U0/g18_b5_n_0
    SLICE_X48Y100                                                     r  student_top_inst/Mem_IROM/U0/spo[6]_INST_0_i_10/I0
    SLICE_X48Y100        MUXF7 (Prop_muxf7_I0_O)      0.107    -0.760 r  student_top_inst/Mem_IROM/U0/spo[6]_INST_0_i_10/O
                         net (fo=1, routed)           0.442    -0.318    student_top_inst/Mem_IROM/U0/spo[6]_INST_0_i_10_n_0
    SLICE_X47Y101                                                     r  student_top_inst/Mem_IROM/U0/spo[6]_INST_0_i_4/I3
    SLICE_X47Y101        LUT6 (Prop_lut6_I3_O)        0.124    -0.194 r  student_top_inst/Mem_IROM/U0/spo[6]_INST_0_i_4/O
                         net (fo=1, routed)           0.000    -0.194    student_top_inst/Mem_IROM/U0/spo[6]_INST_0_i_4_n_0
    SLICE_X47Y101                                                     r  student_top_inst/Mem_IROM/U0/spo[6]_INST_0_i_2/I0
    SLICE_X47Y101        MUXF7 (Prop_muxf7_I0_O)      0.120    -0.074 r  student_top_inst/Mem_IROM/U0/spo[6]_INST_0_i_2/O
                         net (fo=1, routed)           0.565     0.491    student_top_inst/Mem_IROM/U0/spo[6]_INST_0_i_2_n_0
    SLICE_X51Y101                                                     r  student_top_inst/Mem_IROM/U0/spo[6]_INST_0/I3
    SLICE_X51Y101        LUT6 (Prop_lut6_I3_O)        0.122     0.613 r  student_top_inst/Mem_IROM/U0/spo[6]_INST_0/O
                         net (fo=2, routed)           0.555     1.168    student_top_inst/u_KLDJ_top/ifu0/spo[6]
    SLICE_X57Y94                                                      r  student_top_inst/u_KLDJ_top/ifu0/pc_reg[31]_i_24/I4
    SLICE_X57Y94         LUT5 (Prop_lut5_I4_O)        0.043     1.211 r  student_top_inst/u_KLDJ_top/ifu0/pc_reg[31]_i_24/O
                         net (fo=1, routed)           0.098     1.309    student_top_inst/u_KLDJ_top/ifu0/if_static_jal00_in
    SLICE_X57Y94                                                      r  student_top_inst/u_KLDJ_top/ifu0/pc_reg[31]_i_15/I0
    SLICE_X57Y94         LUT2 (Prop_lut2_I0_O)        0.043     1.352 r  student_top_inst/u_KLDJ_top/ifu0/pc_reg[31]_i_15/O
                         net (fo=33, routed)          0.329     1.681    student_top_inst/u_KLDJ_top/u_bpu/u_gshare_btb_core/if_static_jal
    SLICE_X68Y94                                                      r  student_top_inst/u_KLDJ_top/u_bpu/u_gshare_btb_core/if_id_pred_taken_i_2/I0
    SLICE_X68Y94         LUT5 (Prop_lut5_I0_O)        0.043     1.724 r  student_top_inst/u_KLDJ_top/u_bpu/u_gshare_btb_core/if_id_pred_taken_i_2/O
                         net (fo=33, routed)          0.606     2.330    student_top_inst/u_KLDJ_top/ifu0/if_pred_taken
    SLICE_X68Y88                                                      r  student_top_inst/u_KLDJ_top/ifu0/pc_reg[7]_i_4/I3
    SLICE_X68Y88         LUT5 (Prop_lut5_I3_O)        0.043     2.373 f  student_top_inst/u_KLDJ_top/ifu0/pc_reg[7]_i_4/O
                         net (fo=1, routed)           0.242     2.615    student_top_inst/u_KLDJ_top/u_pipe_id_ex/dnpc[7]
    SLICE_X68Y88                                                      f  student_top_inst/u_KLDJ_top/u_pipe_id_ex/pc_reg[7]_i_1/I5
    SLICE_X68Y88         LUT6 (Prop_lut6_I5_O)        0.043     2.658 f  student_top_inst/u_KLDJ_top/u_pipe_id_ex/pc_reg[7]_i_1/O
                         net (fo=7, routed)           0.429     3.087    student_top_inst/u_KLDJ_top/ifu0/pc_reg_reg[31]_1[7]
    SLICE_X69Y92         FDRE                                         f  student_top_inst/u_KLDJ_top/ifu0/pc_reg_reg[7]_replica_1/D
  -------------------------------------------------------------------    -------------------

                         (clock clk_out2_pll rise edge)
                                                      5.714     5.714 r  
    AD12                                              0.000     5.714 r  i_sys_clk_p (IN)
                         net (fo=0)                   0.000     5.714    pll_inst/inst/clk_in1_p
    AD12                                                              r  pll_inst/inst/clkin1_ibufgds/I
    AD12                 IBUFDS (Prop_ibufds_I_O)     0.803     6.518 r  pll_inst/inst/clkin1_ibufgds/O
                         net (fo=1, routed)           1.001     7.519    pll_inst/inst/clk_in1_pll
    PLLE2_ADV_X1Y1                                                    r  pll_inst/inst/plle2_adv_inst/CLKIN1
    PLLE2_ADV_X1Y1       PLLE2_ADV (Prop_plle2_adv_CLKIN1_CLKOUT1)
                                                     -7.261     0.258 r  pll_inst/inst/plle2_adv_inst/CLKOUT1
                         net (fo=1, routed)           2.003     2.261    pll_inst/inst/clk_out2_pll
    BUFGCTRL_X0Y0                                                     r  pll_inst/inst/clkout2_buf/I
    BUFGCTRL_X0Y0        BUFG (Prop_bufg_I_O)         0.083     2.344 r  pll_inst/inst/clkout2_buf/O
                         net (fo=5889, routed)        1.428     3.772    student_top_inst/u_KLDJ_top/ifu0/clk_out2
    SLICE_X69Y92         FDRE                                         r  student_top_inst/u_KLDJ_top/ifu0/pc_reg_reg[7]_replica_1/C
                         clock pessimism             -0.352     3.420    
                         clock uncertainty           -0.077     3.343    
    SLICE_X69Y92         FDRE (Setup_fdre_C_D)       -0.031     3.312    student_top_inst/u_KLDJ_top/ifu0/pc_reg_reg[7]_replica_1
  -------------------------------------------------------------------
                         required time                          3.312    
                         arrival time                          -3.087    
  -------------------------------------------------------------------
                         slack                                  0.225    

Slack (MET) :             0.225ns  (required time - arrival time)
  Source:                 student_top_inst/u_KLDJ_top/ifu0/pc_reg_reg[5]_replica/C
                            (rising edge-triggered cell FDRE clocked by clk_out2_pll  {rise@0.000ns fall@2.857ns period=5.714ns})
  Destination:            student_top_inst/u_KLDJ_top/ifu0/pc_reg_reg[7]_replica_1/D
                            (rising edge-triggered cell FDRE clocked by clk_out2_pll  {rise@0.000ns fall@2.857ns period=5.714ns})
  Path Group:             clk_out2_pll
  Path Type:              Setup (Max at Slow Process Corner)
  Requirement:            5.714ns  (clk_out2_pll rise@5.714ns - clk_out2_pll rise@0.000ns)
  Data Path Delay:        5.358ns  (logic 0.954ns (17.805%)  route 4.404ns (82.195%))
  Logic Levels:           10  (LUT2=1 LUT5=3 LUT6=4 MUXF7=2)
  Clock Path Skew:        -0.023ns (DCD - SCD + CPR)
    Destination Clock Delay (DCD):    -1.943ns = ( 3.772 - 5.714 ) 
    Source Clock Delay      (SCD):    -2.271ns
    Clock Pessimism Removal (CPR):    -0.352ns
  Clock Uncertainty:      0.077ns  ((TSJ^2 + DJ^2)^1/2) / 2 + PE
    Total System Jitter     (TSJ):    0.071ns
    Discrete Jitter          (DJ):    0.137ns
    Phase Error              (PE):    0.000ns

    Location             Delay type                Incr(ns)  Path(ns)    Netlist Resource(s)
  -------------------------------------------------------------------    -------------------
                         (clock clk_out2_pll rise edge)
                                                      0.000     0.000 r  
    AD12                                              0.000     0.000 r  i_sys_clk_p (IN)
                         net (fo=0)                   0.000     0.000    pll_inst/inst/clk_in1_p
    AD12                                                              r  pll_inst/inst/clkin1_ibufgds/I
    AD12                 IBUFDS (Prop_ibufds_I_O)     0.906     0.906 r  pll_inst/inst/clkin1_ibufgds/O
                         net (fo=1, routed)           1.098     2.004    pll_inst/inst/clk_in1_pll
    PLLE2_ADV_X1Y1                                                    r  pll_inst/inst/plle2_adv_inst/CLKIN1
    PLLE2_ADV_X1Y1       PLLE2_ADV (Prop_plle2_adv_CLKIN1_CLKOUT1)
                                                     -8.058    -6.054 r  pll_inst/inst/plle2_adv_inst/CLKOUT1
                         net (fo=1, routed)           2.128    -3.926    pll_inst/inst/clk_out2_pll
    BUFGCTRL_X0Y0                                                     r  pll_inst/inst/clkout2_buf/I
    BUFGCTRL_X0Y0        BUFG (Prop_bufg_I_O)         0.093    -3.833 r  pll_inst/inst/clkout2_buf/O
                         net (fo=5889, routed)        1.562    -2.271    student_top_inst/u_KLDJ_top/ifu0/clk_out2
    SLICE_X69Y89         FDRE                                         r  student_top_inst/u_KLDJ_top/ifu0/pc_reg_reg[5]_replica/C
  -------------------------------------------------------------------    -------------------
    SLICE_X69Y89         FDRE (Prop_fdre_C_Q)         0.223    -2.048 r  student_top_inst/u_KLDJ_top/ifu0/pc_reg_reg[5]_replica/Q
                         net (fo=144, routed)         1.139    -0.910    student_top_inst/Mem_IROM/U0/Q[5]_repN_alias
    SLICE_X48Y100                                                     r  student_top_inst/Mem_IROM/U0/g18_b5/I3
    SLICE_X48Y100        LUT6 (Prop_lut6_I3_O)        0.043    -0.867 f  student_top_inst/Mem_IROM/U0/g18_b5/O
                         net (fo=1, routed)           0.000    -0.867    student_top_inst/Mem_IROM/U0/g18_b5_n_0
    SLICE_X48Y100                                                     f  student_top_inst/Mem_IROM/U0/spo[6]_INST_0_i_10/I0
    SLICE_X48Y100        MUXF7 (Prop_muxf7_I0_O)      0.107    -0.760 f  student_top_inst/Mem_IROM/U0/spo[6]_INST_0_i_10/O
                         net (fo=1, routed)           0.442    -0.318    student_top_inst/Mem_IROM/U0/spo[6]_INST_0_i_10_n_0
    SLICE_X47Y101                                                     f  student_top_inst/Mem_IROM/U0/spo[6]_INST_0_i_4/I3
    SLICE_X47Y101        LUT6 (Prop_lut6_I3_O)        0.124    -0.194 f  student_top_inst/Mem_IROM/U0/spo[6]_INST_0_i_4/O
                         net (fo=1, routed)           0.000    -0.194    student_top_inst/Mem_IROM/U0/spo[6]_INST_0_i_4_n_0
    SLICE_X47Y101                                                     f  student_top_inst/Mem_IROM/U0/spo[6]_INST_0_i_2/I0
    SLICE_X47Y101        MUXF7 (Prop_muxf7_I0_O)      0.120    -0.074 f  student_top_inst/Mem_IROM/U0/spo[6]_INST_0_i_2/O
                         net (fo=1, routed)           0.565     0.491    student_top_inst/Mem_IROM/U0/spo[6]_INST_0_i_2_n_0
    SLICE_X51Y101                                                     f  student_top_inst/Mem_IROM/U0/spo[6]_INST_0/I3
    SLICE_X51Y101        LUT6 (Prop_lut6_I3_O)        0.122     0.613 f  student_top_inst/Mem_IROM/U0/spo[6]_INST_0/O
                         net (fo=2, routed)           0.555     1.168    student_top_inst/u_KLDJ_top/ifu0/spo[6]
    SLICE_X57Y94                                                      f  student_top_inst/u_KLDJ_top/ifu0/pc_reg[31]_i_24/I4
    SLICE_X57Y94         LUT5 (Prop_lut5_I4_O)        0.043     1.211 f  student_top_inst/u_KLDJ_top/ifu0/pc_reg[31]_i_24/O
                         net (fo=1, routed)           0.098     1.309    student_top_inst/u_KLDJ_top/ifu0/if_static_jal00_in
    SLICE_X57Y94                                                      f  student_top_inst/u_KLDJ_top/ifu0/pc_reg[31]_i_15/I0
    SLICE_X57Y94         LUT2 (Prop_lut2_I0_O)        0.043     1.352 f  student_top_inst/u_KLDJ_top/ifu0/pc_reg[31]_i_15/O
                         net (fo=33, routed)          0.329     1.681    student_top_inst/u_KLDJ_top/u_bpu/u_gshare_btb_core/if_static_jal
    SLICE_X68Y94                                                      f  student_top_inst/u_KLDJ_top/u_bpu/u_gshare_btb_core/if_id_pred_taken_i_2/I0
    SLICE_X68Y94         LUT5 (Prop_lut5_I0_O)        0.043     1.724 f  student_top_inst/u_KLDJ_top/u_bpu/u_gshare_btb_core/if_id_pred_taken_i_2/O
                         net (fo=33, routed)          0.606     2.330    student_top_inst/u_KLDJ_top/ifu0/if_pred_taken
    SLICE_X68Y88                                                      f  student_top_inst/u_KLDJ_top/ifu0/pc_reg[7]_i_4/I3
    SLICE_X68Y88         LUT5 (Prop_lut5_I3_O)        0.043     2.373 f  student_top_inst/u_KLDJ_top/ifu0/pc_reg[7]_i_4/O
                         net (fo=1, routed)           0.242     2.615    student_top_inst/u_KLDJ_top/u_pipe_id_ex/dnpc[7]
    SLICE_X68Y88                                                      f  student_top_inst/u_KLDJ_top/u_pipe_id_ex/pc_reg[7]_i_1/I5
    SLICE_X68Y88         LUT6 (Prop_lut6_I5_O)        0.043     2.658 f  student_top_inst/u_KLDJ_top/u_pipe_id_ex/pc_reg[7]_i_1/O
                         net (fo=7, routed)           0.429     3.087    student_top_inst/u_KLDJ_top/ifu0/pc_reg_reg[31]_1[7]
    SLICE_X69Y92         FDRE                                         f  student_top_inst/u_KLDJ_top/ifu0/pc_reg_reg[7]_replica_1/D
  -------------------------------------------------------------------    -------------------

                         (clock clk_out2_pll rise edge)
                                                      5.714     5.714 r  
    AD12                                              0.000     5.714 r  i_sys_clk_p (IN)
                         net (fo=0)                   0.000     5.714    pll_inst/inst/clk_in1_p
    AD12                                                              r  pll_inst/inst/clkin1_ibufgds/I
    AD12                 IBUFDS (Prop_ibufds_I_O)     0.803     6.518 r  pll_inst/inst/clkin1_ibufgds/O
                         net (fo=1, routed)           1.001     7.519    pll_inst/inst/clk_in1_pll
    PLLE2_ADV_X1Y1                                                    r  pll_inst/inst/plle2_adv_inst/CLKIN1
    PLLE2_ADV_X1Y1       PLLE2_ADV (Prop_plle2_adv_CLKIN1_CLKOUT1)
                                                     -7.261     0.258 r  pll_inst/inst/plle2_adv_inst/CLKOUT1
                         net (fo=1, routed)           2.003     2.261    pll_inst/inst/clk_out2_pll
    BUFGCTRL_X0Y0                                                     r  pll_inst/inst/clkout2_buf/I
    BUFGCTRL_X0Y0        BUFG (Prop_bufg_I_O)         0.083     2.344 r  pll_inst/inst/clkout2_buf/O
                         net (fo=5889, routed)        1.428     3.772    student_top_inst/u_KLDJ_top/ifu0/clk_out2
    SLICE_X69Y92         FDRE                                         r  student_top_inst/u_KLDJ_top/ifu0/pc_reg_reg[7]_replica_1/C
                         clock pessimism             -0.352     3.420    
                         clock uncertainty           -0.077     3.343    
    SLICE_X69Y92         FDRE (Setup_fdre_C_D)       -0.031     3.312    student_top_inst/u_KLDJ_top/ifu0/pc_reg_reg[7]_replica_1
  -------------------------------------------------------------------
                         required time                          3.312    
                         arrival time                          -3.087    
  -------------------------------------------------------------------
                         slack                                  0.225    

Slack (MET) :             0.225ns  (required time - arrival time)
  Source:                 student_top_inst/u_KLDJ_top/ifu0/pc_reg_reg[5]_replica/C
                            (rising edge-triggered cell FDRE clocked by clk_out2_pll  {rise@0.000ns fall@2.857ns period=5.714ns})
  Destination:            student_top_inst/u_KLDJ_top/ifu0/pc_reg_reg[7]_replica_1/D
                            (rising edge-triggered cell FDRE clocked by clk_out2_pll  {rise@0.000ns fall@2.857ns period=5.714ns})
  Path Group:             clk_out2_pll
  Path Type:              Setup (Max at Slow Process Corner)
  Requirement:            5.714ns  (clk_out2_pll rise@5.714ns - clk_out2_pll rise@0.000ns)
  Data Path Delay:        5.358ns  (logic 0.954ns (17.805%)  route 4.404ns (82.195%))
  Logic Levels:           10  (LUT2=1 LUT5=3 LUT6=4 MUXF7=2)
  Clock Path Skew:        -0.023ns (DCD - SCD + CPR)
    Destination Clock Delay (DCD):    -1.943ns = ( 3.772 - 5.714 ) 
    Source Clock Delay      (SCD):    -2.271ns
    Clock Pessimism Removal (CPR):    -0.352ns
  Clock Uncertainty:      0.077ns  ((TSJ^2 + DJ^2)^1/2) / 2 + PE
    Total System Jitter     (TSJ):    0.071ns
    Discrete Jitter          (DJ):    0.137ns
    Phase Error              (PE):    0.000ns

    Location             Delay type                Incr(ns)  Path(ns)    Netlist Resource(s)
  -------------------------------------------------------------------    -------------------
                         (clock clk_out2_pll rise edge)
                                                      0.000     0.000 r  
    AD12                                              0.000     0.000 r  i_sys_clk_p (IN)
                         net (fo=0)                   0.000     0.000    pll_inst/inst/clk_in1_p
    AD12                                                              r  pll_inst/inst/clkin1_ibufgds/I
    AD12                 IBUFDS (Prop_ibufds_I_O)     0.906     0.906 r  pll_inst/inst/clkin1_ibufgds/O
                         net (fo=1, routed)           1.098     2.004    pll_inst/inst/clk_in1_pll
    PLLE2_ADV_X1Y1                                                    r  pll_inst/inst/plle2_adv_inst/CLKIN1
    PLLE2_ADV_X1Y1       PLLE2_ADV (Prop_plle2_adv_CLKIN1_CLKOUT1)
                                                     -8.058    -6.054 r  pll_inst/inst/plle2_adv_inst/CLKOUT1
                         net (fo=1, routed)           2.128    -3.926    pll_inst/inst/clk_out2_pll
    BUFGCTRL_X0Y0                                                     r  pll_inst/inst/clkout2_buf/I
    BUFGCTRL_X0Y0        BUFG (Prop_bufg_I_O)         0.093    -3.833 r  pll_inst/inst/clkout2_buf/O
                         net (fo=5889, routed)        1.562    -2.271    student_top_inst/u_KLDJ_top/ifu0/clk_out2
    SLICE_X69Y89         FDRE                                         r  student_top_inst/u_KLDJ_top/ifu0/pc_reg_reg[5]_replica/C
  -------------------------------------------------------------------    -------------------
    SLICE_X69Y89         FDRE (Prop_fdre_C_Q)         0.223    -2.048 f  student_top_inst/u_KLDJ_top/ifu0/pc_reg_reg[5]_replica/Q
                         net (fo=144, routed)         1.139    -0.910    student_top_inst/Mem_IROM/U0/Q[5]_repN_alias
    SLICE_X48Y100                                                     f  student_top_inst/Mem_IROM/U0/g18_b5/I3
    SLICE_X48Y100        LUT6 (Prop_lut6_I3_O)        0.043    -0.867 f  student_top_inst/Mem_IROM/U0/g18_b5/O
                         net (fo=1, routed)           0.000    -0.867    student_top_inst/Mem_IROM/U0/g18_b5_n_0
    SLICE_X48Y100                                                     f  student_top_inst/Mem_IROM/U0/spo[6]_INST_0_i_10/I0
    SLICE_X48Y100        MUXF7 (Prop_muxf7_I0_O)      0.107    -0.760 f  student_top_inst/Mem_IROM/U0/spo[6]_INST_0_i_10/O
                         net (fo=1, routed)           0.442    -0.318    student_top_inst/Mem_IROM/U0/spo[6]_INST_0_i_10_n_0
    SLICE_X47Y101                                                     f  student_top_inst/Mem_IROM/U0/spo[6]_INST_0_i_4/I3
    SLICE_X47Y101        LUT6 (Prop_lut6_I3_O)        0.124    -0.194 f  student_top_inst/Mem_IROM/U0/spo[6]_INST_0_i_4/O
                         net (fo=1, routed)           0.000    -0.194    student_top_inst/Mem_IROM/U0/spo[6]_INST_0_i_4_n_0
    SLICE_X47Y101                                                     f  student_top_inst/Mem_IROM/U0/spo[6]_INST_0_i_2/I0
    SLICE_X47Y101        MUXF7 (Prop_muxf7_I0_O)      0.120    -0.074 f  student_top_inst/Mem_IROM/U0/spo[6]_INST_0_i_2/O
                         net (fo=1, routed)           0.565     0.491    student_top_inst/Mem_IROM/U0/spo[6]_INST_0_i_2_n_0
    SLICE_X51Y101                                                     f  student_top_inst/Mem_IROM/U0/spo[6]_INST_0/I3
    SLICE_X51Y101        LUT6 (Prop_lut6_I3_O)        0.122     0.613 f  student_top_inst/Mem_IROM/U0/spo[6]_INST_0/O
                         net (fo=2, routed)           0.555     1.168    student_top_inst/u_KLDJ_top/ifu0/spo[6]
    SLICE_X57Y94                                                      f  student_top_inst/u_KLDJ_top/ifu0/pc_reg[31]_i_24/I4
    SLICE_X57Y94         LUT5 (Prop_lut5_I4_O)        0.043     1.211 f  student_top_inst/u_KLDJ_top/ifu0/pc_reg[31]_i_24/O
                         net (fo=1, routed)           0.098     1.309    student_top_inst/u_KLDJ_top/ifu0/if_static_jal00_in
    SLICE_X57Y94                                                      f  student_top_inst/u_KLDJ_top/ifu0/pc_reg[31]_i_15/I0
    SLICE_X57Y94         LUT2 (Prop_lut2_I0_O)        0.043     1.352 f  student_top_inst/u_KLDJ_top/ifu0/pc_reg[31]_i_15/O
                         net (fo=33, routed)          0.329     1.681    student_top_inst/u_KLDJ_top/u_bpu/u_gshare_btb_core/if_static_jal
    SLICE_X68Y94                                                      f  student_top_inst/u_KLDJ_top/u_bpu/u_gshare_btb_core/if_id_pred_taken_i_2/I0
    SLICE_X68Y94         LUT5 (Prop_lut5_I0_O)        0.043     1.724 f  student_top_inst/u_KLDJ_top/u_bpu/u_gshare_btb_core/if_id_pred_taken_i_2/O
                         net (fo=33, routed)          0.606     2.330    student_top_inst/u_KLDJ_top/ifu0/if_pred_taken
    SLICE_X68Y88                                                      f  student_top_inst/u_KLDJ_top/ifu0/pc_reg[7]_i_4/I3
    SLICE_X68Y88         LUT5 (Prop_lut5_I3_O)        0.043     2.373 f  student_top_inst/u_KLDJ_top/ifu0/pc_reg[7]_i_4/O
                         net (fo=1, routed)           0.242     2.615    student_top_inst/u_KLDJ_top/u_pipe_id_ex/dnpc[7]
    SLICE_X68Y88                                                      f  student_top_inst/u_KLDJ_top/u_pipe_id_ex/pc_reg[7]_i_1/I5
    SLICE_X68Y88         LUT6 (Prop_lut6_I5_O)        0.043     2.658 f  student_top_inst/u_KLDJ_top/u_pipe_id_ex/pc_reg[7]_i_1/O
                         net (fo=7, routed)           0.429     3.087    student_top_inst/u_KLDJ_top/ifu0/pc_reg_reg[31]_1[7]
    SLICE_X69Y92         FDRE                                         f  student_top_inst/u_KLDJ_top/ifu0/pc_reg_reg[7]_replica_1/D
  -------------------------------------------------------------------    -------------------

                         (clock clk_out2_pll rise edge)
                                                      5.714     5.714 r  
    AD12                                              0.000     5.714 r  i_sys_clk_p (IN)
                         net (fo=0)                   0.000     5.714    pll_inst/inst/clk_in1_p
    AD12                                                              r  pll_inst/inst/clkin1_ibufgds/I
    AD12                 IBUFDS (Prop_ibufds_I_O)     0.803     6.518 r  pll_inst/inst/clkin1_ibufgds/O
                         net (fo=1, routed)           1.001     7.519    pll_inst/inst/clk_in1_pll
    PLLE2_ADV_X1Y1                                                    r  pll_inst/inst/plle2_adv_inst/CLKIN1
    PLLE2_ADV_X1Y1       PLLE2_ADV (Prop_plle2_adv_CLKIN1_CLKOUT1)
                                                     -7.261     0.258 r  pll_inst/inst/plle2_adv_inst/CLKOUT1
                         net (fo=1, routed)           2.003     2.261    pll_inst/inst/clk_out2_pll
    BUFGCTRL_X0Y0                                                     r  pll_inst/inst/clkout2_buf/I
    BUFGCTRL_X0Y0        BUFG (Prop_bufg_I_O)         0.083     2.344 r  pll_inst/inst/clkout2_buf/O
                         net (fo=5889, routed)        1.428     3.772    student_top_inst/u_KLDJ_top/ifu0/clk_out2
    SLICE_X69Y92         FDRE                                         r  student_top_inst/u_KLDJ_top/ifu0/pc_reg_reg[7]_replica_1/C
                         clock pessimism             -0.352     3.420    
                         clock uncertainty           -0.077     3.343    
    SLICE_X69Y92         FDRE (Setup_fdre_C_D)       -0.031     3.312    student_top_inst/u_KLDJ_top/ifu0/pc_reg_reg[7]_replica_1
  -------------------------------------------------------------------
                         required time                          3.312    
                         arrival time                          -3.087    
  -------------------------------------------------------------------
                         slack                                  0.225    

Slack (MET) :             0.230ns  (required time - arrival time)
  Source:                 student_top_inst/u_KLDJ_top/ifu0/pc_reg_reg[5]_replica/C
                            (rising edge-triggered cell FDRE clocked by clk_out2_pll  {rise@0.000ns fall@2.857ns period=5.714ns})
  Destination:            student_top_inst/u_KLDJ_top/ifu0/pc_reg_reg[7]_replica_1/D
                            (rising edge-triggered cell FDRE clocked by clk_out2_pll  {rise@0.000ns fall@2.857ns period=5.714ns})
  Path Group:             clk_out2_pll
  Path Type:              Setup (Max at Slow Process Corner)
  Requirement:            5.714ns  (clk_out2_pll rise@5.714ns - clk_out2_pll rise@0.000ns)
  Data Path Delay:        5.354ns  (logic 0.955ns (17.838%)  route 4.399ns (82.162%))
  Logic Levels:           10  (LUT2=1 LUT5=3 LUT6=4 MUXF7=2)
  Clock Path Skew:        -0.023ns (DCD - SCD + CPR)
    Destination Clock Delay (DCD):    -1.943ns = ( 3.772 - 5.714 ) 
    Source Clock Delay      (SCD):    -2.271ns
    Clock Pessimism Removal (CPR):    -0.352ns
  Clock Uncertainty:      0.077ns  ((TSJ^2 + DJ^2)^1/2) / 2 + PE
    Total System Jitter     (TSJ):    0.071ns
    Discrete Jitter          (DJ):    0.137ns
    Phase Error              (PE):    0.000ns

    Location             Delay type                Incr(ns)  Path(ns)    Netlist Resource(s)
  -------------------------------------------------------------------    -------------------
                         (clock clk_out2_pll rise edge)
                                                      0.000     0.000 r  
    AD12                                              0.000     0.000 r  i_sys_clk_p (IN)
                         net (fo=0)                   0.000     0.000    pll_inst/inst/clk_in1_p
    AD12                                                              r  pll_inst/inst/clkin1_ibufgds/I
    AD12                 IBUFDS (Prop_ibufds_I_O)     0.906     0.906 r  pll_inst/inst/clkin1_ibufgds/O
                         net (fo=1, routed)           1.098     2.004    pll_inst/inst/clk_in1_pll
    PLLE2_ADV_X1Y1                                                    r  pll_inst/inst/plle2_adv_inst/CLKIN1
    PLLE2_ADV_X1Y1       PLLE2_ADV (Prop_plle2_adv_CLKIN1_CLKOUT1)
                                                     -8.058    -6.054 r  pll_inst/inst/plle2_adv_inst/CLKOUT1
                         net (fo=1, routed)           2.128    -3.926    pll_inst/inst/clk_out2_pll
    BUFGCTRL_X0Y0                                                     r  pll_inst/inst/clkout2_buf/I
    BUFGCTRL_X0Y0        BUFG (Prop_bufg_I_O)         0.093    -3.833 r  pll_inst/inst/clkout2_buf/O
                         net (fo=5889, routed)        1.562    -2.271    student_top_inst/u_KLDJ_top/ifu0/clk_out2
    SLICE_X69Y89         FDRE                                         r  student_top_inst/u_KLDJ_top/ifu0/pc_reg_reg[5]_replica/C
  -------------------------------------------------------------------    -------------------
    SLICE_X69Y89         FDRE (Prop_fdre_C_Q)         0.223    -2.048 r  student_top_inst/u_KLDJ_top/ifu0/pc_reg_reg[5]_replica/Q
                         net (fo=144, routed)         1.133    -0.915    student_top_inst/Mem_IROM/U0/Q[5]_repN_alias
    SLICE_X48Y100                                                     r  student_top_inst/Mem_IROM/U0/g19_b5/I3
    SLICE_X48Y100        LUT6 (Prop_lut6_I3_O)        0.043    -0.872 r  student_top_inst/Mem_IROM/U0/g19_b5/O
                         net (fo=1, routed)           0.000    -0.872    student_top_inst/Mem_IROM/U0/g19_b5_n_0
    SLICE_X48Y100                                                     r  student_top_inst/Mem_IROM/U0/spo[6]_INST_0_i_10/I1
    SLICE_X48Y100        MUXF7 (Prop_muxf7_I1_O)      0.108    -0.764 r  student_top_inst/Mem_IROM/U0/spo[6]_INST_0_i_10/O
                         net (fo=1, routed)           0.442    -0.323    student_top_inst/Mem_IROM/U0/spo[6]_INST_0_i_10_n_0
    SLICE_X47Y101                                                     r  student_top_inst/Mem_IROM/U0/spo[6]_INST_0_i_4/I3
    SLICE_X47Y101        LUT6 (Prop_lut6_I3_O)        0.124    -0.199 r  student_top_inst/Mem_IROM/U0/spo[6]_INST_0_i_4/O
                         net (fo=1, routed)           0.000    -0.199    student_top_inst/Mem_IROM/U0/spo[6]_INST_0_i_4_n_0
    SLICE_X47Y101                                                     r  student_top_inst/Mem_IROM/U0/spo[6]_INST_0_i_2/I0
    SLICE_X47Y101        MUXF7 (Prop_muxf7_I0_O)      0.120    -0.079 r  student_top_inst/Mem_IROM/U0/spo[6]_INST_0_i_2/O
                         net (fo=1, routed)           0.565     0.487    student_top_inst/Mem_IROM/U0/spo[6]_INST_0_i_2_n_0
    SLICE_X51Y101                                                     r  student_top_inst/Mem_IROM/U0/spo[6]_INST_0/I3
    SLICE_X51Y101        LUT6 (Prop_lut6_I3_O)        0.122     0.609 r  student_top_inst/Mem_IROM/U0/spo[6]_INST_0/O
                         net (fo=2, routed)           0.555     1.164    student_top_inst/u_KLDJ_top/ifu0/spo[6]
    SLICE_X57Y94                                                      r  student_top_inst/u_KLDJ_top/ifu0/pc_reg[31]_i_24/I4
    SLICE_X57Y94         LUT5 (Prop_lut5_I4_O)        0.043     1.207 r  student_top_inst/u_KLDJ_top/ifu0/pc_reg[31]_i_24/O
                         net (fo=1, routed)           0.098     1.304    student_top_inst/u_KLDJ_top/ifu0/if_static_jal00_in
    SLICE_X57Y94                                                      r  student_top_inst/u_KLDJ_top/ifu0/pc_reg[31]_i_15/I0
    SLICE_X57Y94         LUT2 (Prop_lut2_I0_O)        0.043     1.347 r  student_top_inst/u_KLDJ_top/ifu0/pc_reg[31]_i_15/O
                         net (fo=33, routed)          0.329     1.677    student_top_inst/u_KLDJ_top/u_bpu/u_gshare_btb_core/if_static_jal
    SLICE_X68Y94                                                      r  student_top_inst/u_KLDJ_top/u_bpu/u_gshare_btb_core/if_id_pred_taken_i_2/I0
    SLICE_X68Y94         LUT5 (Prop_lut5_I0_O)        0.043     1.720 r  student_top_inst/u_KLDJ_top/u_bpu/u_gshare_btb_core/if_id_pred_taken_i_2/O
                         net (fo=33, routed)          0.606     2.326    student_top_inst/u_KLDJ_top/ifu0/if_pred_taken
    SLICE_X68Y88                                                      r  student_top_inst/u_KLDJ_top/ifu0/pc_reg[7]_i_4/I3
    SLICE_X68Y88         LUT5 (Prop_lut5_I3_O)        0.043     2.369 r  student_top_inst/u_KLDJ_top/ifu0/pc_reg[7]_i_4/O
                         net (fo=1, routed)           0.242     2.611    student_top_inst/u_KLDJ_top/u_pipe_id_ex/dnpc[7]
    SLICE_X68Y88                                                      r  student_top_inst/u_KLDJ_top/u_pipe_id_ex/pc_reg[7]_i_1/I5
    SLICE_X68Y88         LUT6 (Prop_lut6_I5_O)        0.043     2.654 r  student_top_inst/u_KLDJ_top/u_pipe_id_ex/pc_reg[7]_i_1/O
                         net (fo=7, routed)           0.429     3.082    student_top_inst/u_KLDJ_top/ifu0/pc_reg_reg[31]_1[7]
    SLICE_X69Y92         FDRE                                         r  student_top_inst/u_KLDJ_top/ifu0/pc_reg_reg[7]_replica_1/D
  -------------------------------------------------------------------    -------------------

                         (clock clk_out2_pll rise edge)
                                                      5.714     5.714 r  
    AD12                                              0.000     5.714 r  i_sys_clk_p (IN)
                         net (fo=0)                   0.000     5.714    pll_inst/inst/clk_in1_p
    AD12                                                              r  pll_inst/inst/clkin1_ibufgds/I
    AD12                 IBUFDS (Prop_ibufds_I_O)     0.803     6.518 r  pll_inst/inst/clkin1_ibufgds/O
                         net (fo=1, routed)           1.001     7.519    pll_inst/inst/clk_in1_pll
    PLLE2_ADV_X1Y1                                                    r  pll_inst/inst/plle2_adv_inst/CLKIN1
    PLLE2_ADV_X1Y1       PLLE2_ADV (Prop_plle2_adv_CLKIN1_CLKOUT1)
                                                     -7.261     0.258 r  pll_inst/inst/plle2_adv_inst/CLKOUT1
                         net (fo=1, routed)           2.003     2.261    pll_inst/inst/clk_out2_pll
    BUFGCTRL_X0Y0                                                     r  pll_inst/inst/clkout2_buf/I
    BUFGCTRL_X0Y0        BUFG (Prop_bufg_I_O)         0.083     2.344 r  pll_inst/inst/clkout2_buf/O
                         net (fo=5889, routed)        1.428     3.772    student_top_inst/u_KLDJ_top/ifu0/clk_out2
    SLICE_X69Y92         FDRE                                         r  student_top_inst/u_KLDJ_top/ifu0/pc_reg_reg[7]_replica_1/C
                         clock pessimism             -0.352     3.420    
                         clock uncertainty           -0.077     3.343    
    SLICE_X69Y92         FDRE (Setup_fdre_C_D)       -0.031     3.312    student_top_inst/u_KLDJ_top/ifu0/pc_reg_reg[7]_replica_1
  -------------------------------------------------------------------
                         required time                          3.312    
                         arrival time                          -3.082    
  -------------------------------------------------------------------
                         slack                                  0.230    

Slack (MET) :             0.230ns  (required time - arrival time)
  Source:                 student_top_inst/u_KLDJ_top/ifu0/pc_reg_reg[5]_replica/C
                            (rising edge-triggered cell FDRE clocked by clk_out2_pll  {rise@0.000ns fall@2.857ns period=5.714ns})
  Destination:            student_top_inst/u_KLDJ_top/ifu0/pc_reg_reg[7]_replica_1/D
                            (rising edge-triggered cell FDRE clocked by clk_out2_pll  {rise@0.000ns fall@2.857ns period=5.714ns})
  Path Group:             clk_out2_pll
  Path Type:              Setup (Max at Slow Process Corner)
  Requirement:            5.714ns  (clk_out2_pll rise@5.714ns - clk_out2_pll rise@0.000ns)
  Data Path Delay:        5.354ns  (logic 0.955ns (17.838%)  route 4.399ns (82.162%))
  Logic Levels:           10  (LUT2=1 LUT5=3 LUT6=4 MUXF7=2)
  Clock Path Skew:        -0.023ns (DCD - SCD + CPR)
    Destination Clock Delay (DCD):    -1.943ns = ( 3.772 - 5.714 ) 
    Source Clock Delay      (SCD):    -2.271ns
    Clock Pessimism Removal (CPR):    -0.352ns
  Clock Uncertainty:      0.077ns  ((TSJ^2 + DJ^2)^1/2) / 2 + PE
    Total System Jitter     (TSJ):    0.071ns
    Discrete Jitter          (DJ):    0.137ns
    Phase Error              (PE):    0.000ns

    Location             Delay type                Incr(ns)  Path(ns)    Netlist Resource(s)
  -------------------------------------------------------------------    -------------------
                         (clock clk_out2_pll rise edge)
                                                      0.000     0.000 r  
    AD12                                              0.000     0.000 r  i_sys_clk_p (IN)
                         net (fo=0)                   0.000     0.000    pll_inst/inst/clk_in1_p
    AD12                                                              r  pll_inst/inst/clkin1_ibufgds/I
    AD12                 IBUFDS (Prop_ibufds_I_O)     0.906     0.906 r  pll_inst/inst/clkin1_ibufgds/O
                         net (fo=1, routed)           1.098     2.004    pll_inst/inst/clk_in1_pll
    PLLE2_ADV_X1Y1                                                    r  pll_inst/inst/plle2_adv_inst/CLKIN1
    PLLE2_ADV_X1Y1       PLLE2_ADV (Prop_plle2_adv_CLKIN1_CLKOUT1)
                                                     -8.058    -6.054 r  pll_inst/inst/plle2_adv_inst/CLKOUT1
                         net (fo=1, routed)           2.128    -3.926    pll_inst/inst/clk_out2_pll
    BUFGCTRL_X0Y0                                                     r  pll_inst/inst/clkout2_buf/I
    BUFGCTRL_X0Y0        BUFG (Prop_bufg_I_O)         0.093    -3.833 r  pll_inst/inst/clkout2_buf/O
                         net (fo=5889, routed)        1.562    -2.271    student_top_inst/u_KLDJ_top/ifu0/clk_out2
    SLICE_X69Y89         FDRE                                         r  student_top_inst/u_KLDJ_top/ifu0/pc_reg_reg[5]_replica/C
  -------------------------------------------------------------------    -------------------
    SLICE_X69Y89         FDRE (Prop_fdre_C_Q)         0.223    -2.048 f  student_top_inst/u_KLDJ_top/ifu0/pc_reg_reg[5]_replica/Q
                         net (fo=144, routed)         1.133    -0.915    student_top_inst/Mem_IROM/U0/Q[5]_repN_alias
    SLICE_X48Y100                                                     f  student_top_inst/Mem_IROM/U0/g19_b5/I3
    SLICE_X48Y100        LUT6 (Prop_lut6_I3_O)        0.043    -0.872 r  student_top_inst/Mem_IROM/U0/g19_b5/O
                         net (fo=1, routed)           0.000    -0.872    student_top_inst/Mem_IROM/U0/g19_b5_n_0
    SLICE_X48Y100                                                     r  student_top_inst/Mem_IROM/U0/spo[6]_INST_0_i_10/I1
    SLICE_X48Y100        MUXF7 (Prop_muxf7_I1_O)      0.108    -0.764 r  student_top_inst/Mem_IROM/U0/spo[6]_INST_0_i_10/O
                         net (fo=1, routed)           0.442    -0.323    student_top_inst/Mem_IROM/U0/spo[6]_INST_0_i_10_n_0
    SLICE_X47Y101                                                     r  student_top_inst/Mem_IROM/U0/spo[6]_INST_0_i_4/I3
    SLICE_X47Y101        LUT6 (Prop_lut6_I3_O)        0.124    -0.199 r  student_top_inst/Mem_IROM/U0/spo[6]_INST_0_i_4/O
                         net (fo=1, routed)           0.000    -0.199    student_top_inst/Mem_IROM/U0/spo[6]_INST_0_i_4_n_0
    SLICE_X47Y101                                                     r  student_top_inst/Mem_IROM/U0/spo[6]_INST_0_i_2/I0
    SLICE_X47Y101        MUXF7 (Prop_muxf7_I0_O)      0.120    -0.079 r  student_top_inst/Mem_IROM/U0/spo[6]_INST_0_i_2/O
                         net (fo=1, routed)           0.565     0.487    student_top_inst/Mem_IROM/U0/spo[6]_INST_0_i_2_n_0
    SLICE_X51Y101                                                     r  student_top_inst/Mem_IROM/U0/spo[6]_INST_0/I3
    SLICE_X51Y101        LUT6 (Prop_lut6_I3_O)        0.122     0.609 r  student_top_inst/Mem_IROM/U0/spo[6]_INST_0/O
                         net (fo=2, routed)           0.555     1.164    student_top_inst/u_KLDJ_top/ifu0/spo[6]
    SLICE_X57Y94                                                      r  student_top_inst/u_KLDJ_top/ifu0/pc_reg[31]_i_24/I4
    SLICE_X57Y94         LUT5 (Prop_lut5_I4_O)        0.043     1.207 r  student_top_inst/u_KLDJ_top/ifu0/pc_reg[31]_i_24/O
                         net (fo=1, routed)           0.098     1.304    student_top_inst/u_KLDJ_top/ifu0/if_static_jal00_in
    SLICE_X57Y94                                                      r  student_top_inst/u_KLDJ_top/ifu0/pc_reg[31]_i_15/I0
    SLICE_X57Y94         LUT2 (Prop_lut2_I0_O)        0.043     1.347 r  student_top_inst/u_KLDJ_top/ifu0/pc_reg[31]_i_15/O
                         net (fo=33, routed)          0.329     1.677    student_top_inst/u_KLDJ_top/u_bpu/u_gshare_btb_core/if_static_jal
    SLICE_X68Y94                                                      r  student_top_inst/u_KLDJ_top/u_bpu/u_gshare_btb_core/if_id_pred_taken_i_2/I0
    SLICE_X68Y94         LUT5 (Prop_lut5_I0_O)        0.043     1.720 r  student_top_inst/u_KLDJ_top/u_bpu/u_gshare_btb_core/if_id_pred_taken_i_2/O
                         net (fo=33, routed)          0.606     2.326    student_top_inst/u_KLDJ_top/ifu0/if_pred_taken
    SLICE_X68Y88                                                      r  student_top_inst/u_KLDJ_top/ifu0/pc_reg[7]_i_4/I3
    SLICE_X68Y88         LUT5 (Prop_lut5_I3_O)        0.043     2.369 r  student_top_inst/u_KLDJ_top/ifu0/pc_reg[7]_i_4/O
                         net (fo=1, routed)           0.242     2.611    student_top_inst/u_KLDJ_top/u_pipe_id_ex/dnpc[7]
    SLICE_X68Y88                                                      r  student_top_inst/u_KLDJ_top/u_pipe_id_ex/pc_reg[7]_i_1/I5
    SLICE_X68Y88         LUT6 (Prop_lut6_I5_O)        0.043     2.654 r  student_top_inst/u_KLDJ_top/u_pipe_id_ex/pc_reg[7]_i_1/O
                         net (fo=7, routed)           0.429     3.082    student_top_inst/u_KLDJ_top/ifu0/pc_reg_reg[31]_1[7]
    SLICE_X69Y92         FDRE                                         r  student_top_inst/u_KLDJ_top/ifu0/pc_reg_reg[7]_replica_1/D
  -------------------------------------------------------------------    -------------------

                         (clock clk_out2_pll rise edge)
                                                      5.714     5.714 r  
    AD12                                              0.000     5.714 r  i_sys_clk_p (IN)
                         net (fo=0)                   0.000     5.714    pll_inst/inst/clk_in1_p
    AD12                                                              r  pll_inst/inst/clkin1_ibufgds/I
    AD12                 IBUFDS (Prop_ibufds_I_O)     0.803     6.518 r  pll_inst/inst/clkin1_ibufgds/O
                         net (fo=1, routed)           1.001     7.519    pll_inst/inst/clk_in1_pll
    PLLE2_ADV_X1Y1                                                    r  pll_inst/inst/plle2_adv_inst/CLKIN1
    PLLE2_ADV_X1Y1       PLLE2_ADV (Prop_plle2_adv_CLKIN1_CLKOUT1)
                                                     -7.261     0.258 r  pll_inst/inst/plle2_adv_inst/CLKOUT1
                         net (fo=1, routed)           2.003     2.261    pll_inst/inst/clk_out2_pll
    BUFGCTRL_X0Y0                                                     r  pll_inst/inst/clkout2_buf/I
    BUFGCTRL_X0Y0        BUFG (Prop_bufg_I_O)         0.083     2.344 r  pll_inst/inst/clkout2_buf/O
                         net (fo=5889, routed)        1.428     3.772    student_top_inst/u_KLDJ_top/ifu0/clk_out2
    SLICE_X69Y92         FDRE                                         r  student_top_inst/u_KLDJ_top/ifu0/pc_reg_reg[7]_replica_1/C
                         clock pessimism             -0.352     3.420    
                         clock uncertainty           -0.077     3.343    
    SLICE_X69Y92         FDRE (Setup_fdre_C_D)       -0.031     3.312    student_top_inst/u_KLDJ_top/ifu0/pc_reg_reg[7]_replica_1
  -------------------------------------------------------------------
                         required time                          3.312    
                         arrival time                          -3.082    
  -------------------------------------------------------------------
                         slack                                  0.230    

Slack (MET) :             0.230ns  (required time - arrival time)
  Source:                 student_top_inst/u_KLDJ_top/ifu0/pc_reg_reg[5]_replica/C
                            (rising edge-triggered cell FDRE clocked by clk_out2_pll  {rise@0.000ns fall@2.857ns period=5.714ns})
  Destination:            student_top_inst/u_KLDJ_top/ifu0/pc_reg_reg[7]_replica_1/D
                            (rising edge-triggered cell FDRE clocked by clk_out2_pll  {rise@0.000ns fall@2.857ns period=5.714ns})
  Path Group:             clk_out2_pll
  Path Type:              Setup (Max at Slow Process Corner)
  Requirement:            5.714ns  (clk_out2_pll rise@5.714ns - clk_out2_pll rise@0.000ns)
  Data Path Delay:        5.354ns  (logic 0.955ns (17.838%)  route 4.399ns (82.162%))
  Logic Levels:           10  (LUT2=1 LUT5=3 LUT6=4 MUXF7=2)
  Clock Path Skew:        -0.023ns (DCD - SCD + CPR)
    Destination Clock Delay (DCD):    -1.943ns = ( 3.772 - 5.714 ) 
    Source Clock Delay      (SCD):    -2.271ns
    Clock Pessimism Removal (CPR):    -0.352ns
  Clock Uncertainty:      0.077ns  ((TSJ^2 + DJ^2)^1/2) / 2 + PE
    Total System Jitter     (TSJ):    0.071ns
    Discrete Jitter          (DJ):    0.137ns
    Phase Error              (PE):    0.000ns

    Location             Delay type                Incr(ns)  Path(ns)    Netlist Resource(s)
  -------------------------------------------------------------------    -------------------
                         (clock clk_out2_pll rise edge)
                                                      0.000     0.000 r  
    AD12                                              0.000     0.000 r  i_sys_clk_p (IN)
                         net (fo=0)                   0.000     0.000    pll_inst/inst/clk_in1_p
    AD12                                                              r  pll_inst/inst/clkin1_ibufgds/I
    AD12                 IBUFDS (Prop_ibufds_I_O)     0.906     0.906 r  pll_inst/inst/clkin1_ibufgds/O
                         net (fo=1, routed)           1.098     2.004    pll_inst/inst/clk_in1_pll
    PLLE2_ADV_X1Y1                                                    r  pll_inst/inst/plle2_adv_inst/CLKIN1
    PLLE2_ADV_X1Y1       PLLE2_ADV (Prop_plle2_adv_CLKIN1_CLKOUT1)
                                                     -8.058    -6.054 r  pll_inst/inst/plle2_adv_inst/CLKOUT1
                         net (fo=1, routed)           2.128    -3.926    pll_inst/inst/clk_out2_pll
    BUFGCTRL_X0Y0                                                     r  pll_inst/inst/clkout2_buf/I
    BUFGCTRL_X0Y0        BUFG (Prop_bufg_I_O)         0.093    -3.833 r  pll_inst/inst/clkout2_buf/O
                         net (fo=5889, routed)        1.562    -2.271    student_top_inst/u_KLDJ_top/ifu0/clk_out2
    SLICE_X69Y89         FDRE                                         r  student_top_inst/u_KLDJ_top/ifu0/pc_reg_reg[5]_replica/C
  -------------------------------------------------------------------    -------------------
    SLICE_X69Y89         FDRE (Prop_fdre_C_Q)         0.223    -2.048 r  student_top_inst/u_KLDJ_top/ifu0/pc_reg_reg[5]_replica/Q
                         net (fo=144, routed)         1.133    -0.915    student_top_inst/Mem_IROM/U0/Q[5]_repN_alias
    SLICE_X48Y100                                                     r  student_top_inst/Mem_IROM/U0/g19_b5/I3
    SLICE_X48Y100        LUT6 (Prop_lut6_I3_O)        0.043    -0.872 f  student_top_inst/Mem_IROM/U0/g19_b5/O
                         net (fo=1, routed)           0.000    -0.872    student_top_inst/Mem_IROM/U0/g19_b5_n_0
    SLICE_X48Y100                                                     f  student_top_inst/Mem_IROM/U0/spo[6]_INST_0_i_10/I1
    SLICE_X48Y100        MUXF7 (Prop_muxf7_I1_O)      0.108    -0.764 f  student_top_inst/Mem_IROM/U0/spo[6]_INST_0_i_10/O
                         net (fo=1, routed)           0.442    -0.323    student_top_inst/Mem_IROM/U0/spo[6]_INST_0_i_10_n_0
    SLICE_X47Y101                                                     f  student_top_inst/Mem_IROM/U0/spo[6]_INST_0_i_4/I3
    SLICE_X47Y101        LUT6 (Prop_lut6_I3_O)        0.124    -0.199 f  student_top_inst/Mem_IROM/U0/spo[6]_INST_0_i_4/O
                         net (fo=1, routed)           0.000    -0.199    student_top_inst/Mem_IROM/U0/spo[6]_INST_0_i_4_n_0
    SLICE_X47Y101                                                     f  student_top_inst/Mem_IROM/U0/spo[6]_INST_0_i_2/I0
    SLICE_X47Y101        MUXF7 (Prop_muxf7_I0_O)      0.120    -0.079 f  student_top_inst/Mem_IROM/U0/spo[6]_INST_0_i_2/O
                         net (fo=1, routed)           0.565     0.487    student_top_inst/Mem_IROM/U0/spo[6]_INST_0_i_2_n_0
    SLICE_X51Y101                                                     f  student_top_inst/Mem_IROM/U0/spo[6]_INST_0/I3
    SLICE_X51Y101        LUT6 (Prop_lut6_I3_O)        0.122     0.609 f  student_top_inst/Mem_IROM/U0/spo[6]_INST_0/O
                         net (fo=2, routed)           0.555     1.164    student_top_inst/u_KLDJ_top/ifu0/spo[6]
    SLICE_X57Y94                                                      f  student_top_inst/u_KLDJ_top/ifu0/pc_reg[31]_i_24/I4
    SLICE_X57Y94         LUT5 (Prop_lut5_I4_O)        0.043     1.207 f  student_top_inst/u_KLDJ_top/ifu0/pc_reg[31]_i_24/O
                         net (fo=1, routed)           0.098     1.304    student_top_inst/u_KLDJ_top/ifu0/if_static_jal00_in
    SLICE_X57Y94                                                      f  student_top_inst/u_KLDJ_top/ifu0/pc_reg[31]_i_15/I0
    SLICE_X57Y94         LUT2 (Prop_lut2_I0_O)        0.043     1.347 f  student_top_inst/u_KLDJ_top/ifu0/pc_reg[31]_i_15/O
                         net (fo=33, routed)          0.329     1.677    student_top_inst/u_KLDJ_top/u_bpu/u_gshare_btb_core/if_static_jal
    SLICE_X68Y94                                                      f  student_top_inst/u_KLDJ_top/u_bpu/u_gshare_btb_core/if_id_pred_taken_i_2/I0
    SLICE_X68Y94         LUT5 (Prop_lut5_I0_O)        0.043     1.720 f  student_top_inst/u_KLDJ_top/u_bpu/u_gshare_btb_core/if_id_pred_taken_i_2/O
                         net (fo=33, routed)          0.606     2.326    student_top_inst/u_KLDJ_top/ifu0/if_pred_taken
    SLICE_X68Y88                                                      f  student_top_inst/u_KLDJ_top/ifu0/pc_reg[7]_i_4/I3
    SLICE_X68Y88         LUT5 (Prop_lut5_I3_O)        0.043     2.369 r  student_top_inst/u_KLDJ_top/ifu0/pc_reg[7]_i_4/O
                         net (fo=1, routed)           0.242     2.611    student_top_inst/u_KLDJ_top/u_pipe_id_ex/dnpc[7]
    SLICE_X68Y88                                                      r  student_top_inst/u_KLDJ_top/u_pipe_id_ex/pc_reg[7]_i_1/I5
    SLICE_X68Y88         LUT6 (Prop_lut6_I5_O)        0.043     2.654 r  student_top_inst/u_KLDJ_top/u_pipe_id_ex/pc_reg[7]_i_1/O
                         net (fo=7, routed)           0.429     3.082    student_top_inst/u_KLDJ_top/ifu0/pc_reg_reg[31]_1[7]
    SLICE_X69Y92         FDRE                                         r  student_top_inst/u_KLDJ_top/ifu0/pc_reg_reg[7]_replica_1/D
  -------------------------------------------------------------------    -------------------

                         (clock clk_out2_pll rise edge)
                                                      5.714     5.714 r  
    AD12                                              0.000     5.714 r  i_sys_clk_p (IN)
                         net (fo=0)                   0.000     5.714    pll_inst/inst/clk_in1_p
    AD12                                                              r  pll_inst/inst/clkin1_ibufgds/I
    AD12                 IBUFDS (Prop_ibufds_I_O)     0.803     6.518 r  pll_inst/inst/clkin1_ibufgds/O
                         net (fo=1, routed)           1.001     7.519    pll_inst/inst/clk_in1_pll
    PLLE2_ADV_X1Y1                                                    r  pll_inst/inst/plle2_adv_inst/CLKIN1
    PLLE2_ADV_X1Y1       PLLE2_ADV (Prop_plle2_adv_CLKIN1_CLKOUT1)
                                                     -7.261     0.258 r  pll_inst/inst/plle2_adv_inst/CLKOUT1
                         net (fo=1, routed)           2.003     2.261    pll_inst/inst/clk_out2_pll
    BUFGCTRL_X0Y0                                                     r  pll_inst/inst/clkout2_buf/I
    BUFGCTRL_X0Y0        BUFG (Prop_bufg_I_O)         0.083     2.344 r  pll_inst/inst/clkout2_buf/O
                         net (fo=5889, routed)        1.428     3.772    student_top_inst/u_KLDJ_top/ifu0/clk_out2
    SLICE_X69Y92         FDRE                                         r  student_top_inst/u_KLDJ_top/ifu0/pc_reg_reg[7]_replica_1/C
                         clock pessimism             -0.352     3.420    
                         clock uncertainty           -0.077     3.343    
    SLICE_X69Y92         FDRE (Setup_fdre_C_D)       -0.031     3.312    student_top_inst/u_KLDJ_top/ifu0/pc_reg_reg[7]_replica_1
  -------------------------------------------------------------------
                         required time                          3.312    
                         arrival time                          -3.082    
  -------------------------------------------------------------------
                         slack                                  0.230    

Slack (MET) :             0.230ns  (required time - arrival time)
  Source:                 student_top_inst/u_KLDJ_top/ifu0/pc_reg_reg[5]_replica/C
                            (rising edge-triggered cell FDRE clocked by clk_out2_pll  {rise@0.000ns fall@2.857ns period=5.714ns})
  Destination:            student_top_inst/u_KLDJ_top/ifu0/pc_reg_reg[7]_replica_1/D
                            (rising edge-triggered cell FDRE clocked by clk_out2_pll  {rise@0.000ns fall@2.857ns period=5.714ns})
  Path Group:             clk_out2_pll
  Path Type:              Setup (Max at Slow Process Corner)
  Requirement:            5.714ns  (clk_out2_pll rise@5.714ns - clk_out2_pll rise@0.000ns)
  Data Path Delay:        5.354ns  (logic 0.955ns (17.838%)  route 4.399ns (82.162%))
  Logic Levels:           10  (LUT2=1 LUT5=3 LUT6=4 MUXF7=2)
  Clock Path Skew:        -0.023ns (DCD - SCD + CPR)
    Destination Clock Delay (DCD):    -1.943ns = ( 3.772 - 5.714 ) 
    Source Clock Delay      (SCD):    -2.271ns
    Clock Pessimism Removal (CPR):    -0.352ns
  Clock Uncertainty:      0.077ns  ((TSJ^2 + DJ^2)^1/2) / 2 + PE
    Total System Jitter     (TSJ):    0.071ns
    Discrete Jitter          (DJ):    0.137ns
    Phase Error              (PE):    0.000ns

    Location             Delay type                Incr(ns)  Path(ns)    Netlist Resource(s)
  -------------------------------------------------------------------    -------------------
                         (clock clk_out2_pll rise edge)
                                                      0.000     0.000 r  
    AD12                                              0.000     0.000 r  i_sys_clk_p (IN)
                         net (fo=0)                   0.000     0.000    pll_inst/inst/clk_in1_p
    AD12                                                              r  pll_inst/inst/clkin1_ibufgds/I
    AD12                 IBUFDS (Prop_ibufds_I_O)     0.906     0.906 r  pll_inst/inst/clkin1_ibufgds/O
                         net (fo=1, routed)           1.098     2.004    pll_inst/inst/clk_in1_pll
    PLLE2_ADV_X1Y1                                                    r  pll_inst/inst/plle2_adv_inst/CLKIN1
    PLLE2_ADV_X1Y1       PLLE2_ADV (Prop_plle2_adv_CLKIN1_CLKOUT1)
                                                     -8.058    -6.054 r  pll_inst/inst/plle2_adv_inst/CLKOUT1
                         net (fo=1, routed)           2.128    -3.926    pll_inst/inst/clk_out2_pll
    BUFGCTRL_X0Y0                                                     r  pll_inst/inst/clkout2_buf/I
    BUFGCTRL_X0Y0        BUFG (Prop_bufg_I_O)         0.093    -3.833 r  pll_inst/inst/clkout2_buf/O
                         net (fo=5889, routed)        1.562    -2.271    student_top_inst/u_KLDJ_top/ifu0/clk_out2
    SLICE_X69Y89         FDRE                                         r  student_top_inst/u_KLDJ_top/ifu0/pc_reg_reg[5]_replica/C
  -------------------------------------------------------------------    -------------------
    SLICE_X69Y89         FDRE (Prop_fdre_C_Q)         0.223    -2.048 f  student_top_inst/u_KLDJ_top/ifu0/pc_reg_reg[5]_replica/Q
                         net (fo=144, routed)         1.133    -0.915    student_top_inst/Mem_IROM/U0/Q[5]_repN_alias
    SLICE_X48Y100                                                     f  student_top_inst/Mem_IROM/U0/g19_b5/I3
    SLICE_X48Y100        LUT6 (Prop_lut6_I3_O)        0.043    -0.872 f  student_top_inst/Mem_IROM/U0/g19_b5/O
                         net (fo=1, routed)           0.000    -0.872    student_top_inst/Mem_IROM/U0/g19_b5_n_0
    SLICE_X48Y100                                                     f  student_top_inst/Mem_IROM/U0/spo[6]_INST_0_i_10/I1
    SLICE_X48Y100        MUXF7 (Prop_muxf7_I1_O)      0.108    -0.764 f  student_top_inst/Mem_IROM/U0/spo[6]_INST_0_i_10/O
                         net (fo=1, routed)           0.442    -0.323    student_top_inst/Mem_IROM/U0/spo[6]_INST_0_i_10_n_0
    SLICE_X47Y101                                                     f  student_top_inst/Mem_IROM/U0/spo[6]_INST_0_i_4/I3
    SLICE_X47Y101        LUT6 (Prop_lut6_I3_O)        0.124    -0.199 f  student_top_inst/Mem_IROM/U0/spo[6]_INST_0_i_4/O
                         net (fo=1, routed)           0.000    -0.199    student_top_inst/Mem_IROM/U0/spo[6]_INST_0_i_4_n_0
    SLICE_X47Y101                                                     f  student_top_inst/Mem_IROM/U0/spo[6]_INST_0_i_2/I0
    SLICE_X47Y101        MUXF7 (Prop_muxf7_I0_O)      0.120    -0.079 f  student_top_inst/Mem_IROM/U0/spo[6]_INST_0_i_2/O
                         net (fo=1, routed)           0.565     0.487    student_top_inst/Mem_IROM/U0/spo[6]_INST_0_i_2_n_0
    SLICE_X51Y101                                                     f  student_top_inst/Mem_IROM/U0/spo[6]_INST_0/I3
    SLICE_X51Y101        LUT6 (Prop_lut6_I3_O)        0.122     0.609 f  student_top_inst/Mem_IROM/U0/spo[6]_INST_0/O
                         net (fo=2, routed)           0.555     1.164    student_top_inst/u_KLDJ_top/ifu0/spo[6]
    SLICE_X57Y94                                                      f  student_top_inst/u_KLDJ_top/ifu0/pc_reg[31]_i_24/I4
    SLICE_X57Y94         LUT5 (Prop_lut5_I4_O)        0.043     1.207 f  student_top_inst/u_KLDJ_top/ifu0/pc_reg[31]_i_24/O
                         net (fo=1, routed)           0.098     1.304    student_top_inst/u_KLDJ_top/ifu0/if_static_jal00_in
    SLICE_X57Y94                                                      f  student_top_inst/u_KLDJ_top/ifu0/pc_reg[31]_i_15/I0
    SLICE_X57Y94         LUT2 (Prop_lut2_I0_O)        0.043     1.347 f  student_top_inst/u_KLDJ_top/ifu0/pc_reg[31]_i_15/O
                         net (fo=33, routed)          0.329     1.677    student_top_inst/u_KLDJ_top/u_bpu/u_gshare_btb_core/if_static_jal
    SLICE_X68Y94                                                      f  student_top_inst/u_KLDJ_top/u_bpu/u_gshare_btb_core/if_id_pred_taken_i_2/I0
    SLICE_X68Y94         LUT5 (Prop_lut5_I0_O)        0.043     1.720 f  student_top_inst/u_KLDJ_top/u_bpu/u_gshare_btb_core/if_id_pred_taken_i_2/O
                         net (fo=33, routed)          0.606     2.326    student_top_inst/u_KLDJ_top/ifu0/if_pred_taken
    SLICE_X68Y88                                                      f  student_top_inst/u_KLDJ_top/ifu0/pc_reg[7]_i_4/I3
    SLICE_X68Y88         LUT5 (Prop_lut5_I3_O)        0.043     2.369 r  student_top_inst/u_KLDJ_top/ifu0/pc_reg[7]_i_4/O
                         net (fo=1, routed)           0.242     2.611    student_top_inst/u_KLDJ_top/u_pipe_id_ex/dnpc[7]
    SLICE_X68Y88                                                      r  student_top_inst/u_KLDJ_top/u_pipe_id_ex/pc_reg[7]_i_1/I5
    SLICE_X68Y88         LUT6 (Prop_lut6_I5_O)        0.043     2.654 r  student_top_inst/u_KLDJ_top/u_pipe_id_ex/pc_reg[7]_i_1/O
                         net (fo=7, routed)           0.429     3.082    student_top_inst/u_KLDJ_top/ifu0/pc_reg_reg[31]_1[7]
    SLICE_X69Y92         FDRE                                         r  student_top_inst/u_KLDJ_top/ifu0/pc_reg_reg[7]_replica_1/D
  -------------------------------------------------------------------    -------------------

                         (clock clk_out2_pll rise edge)
                                                      5.714     5.714 r  
    AD12                                              0.000     5.714 r  i_sys_clk_p (IN)
                         net (fo=0)                   0.000     5.714    pll_inst/inst/clk_in1_p
    AD12                                                              r  pll_inst/inst/clkin1_ibufgds/I
    AD12                 IBUFDS (Prop_ibufds_I_O)     0.803     6.518 r  pll_inst/inst/clkin1_ibufgds/O
                         net (fo=1, routed)           1.001     7.519    pll_inst/inst/clk_in1_pll
    PLLE2_ADV_X1Y1                                                    r  pll_inst/inst/plle2_adv_inst/CLKIN1
    PLLE2_ADV_X1Y1       PLLE2_ADV (Prop_plle2_adv_CLKIN1_CLKOUT1)
                                                     -7.261     0.258 r  pll_inst/inst/plle2_adv_inst/CLKOUT1
                         net (fo=1, routed)           2.003     2.261    pll_inst/inst/clk_out2_pll
    BUFGCTRL_X0Y0                                                     r  pll_inst/inst/clkout2_buf/I
    BUFGCTRL_X0Y0        BUFG (Prop_bufg_I_O)         0.083     2.344 r  pll_inst/inst/clkout2_buf/O
                         net (fo=5889, routed)        1.428     3.772    student_top_inst/u_KLDJ_top/ifu0/clk_out2
    SLICE_X69Y92         FDRE                                         r  student_top_inst/u_KLDJ_top/ifu0/pc_reg_reg[7]_replica_1/C
                         clock pessimism             -0.352     3.420    
                         clock uncertainty           -0.077     3.343    
    SLICE_X69Y92         FDRE (Setup_fdre_C_D)       -0.031     3.312    student_top_inst/u_KLDJ_top/ifu0/pc_reg_reg[7]_replica_1
  -------------------------------------------------------------------
                         required time                          3.312    
                         arrival time                          -3.082    
  -------------------------------------------------------------------
                         slack                                  0.230    

Slack (MET) :             0.230ns  (required time - arrival time)
  Source:                 student_top_inst/u_KLDJ_top/ifu0/pc_reg_reg[5]_replica/C
                            (rising edge-triggered cell FDRE clocked by clk_out2_pll  {rise@0.000ns fall@2.857ns period=5.714ns})
  Destination:            student_top_inst/u_KLDJ_top/ifu0/pc_reg_reg[7]_replica_1/D
                            (rising edge-triggered cell FDRE clocked by clk_out2_pll  {rise@0.000ns fall@2.857ns period=5.714ns})
  Path Group:             clk_out2_pll
  Path Type:              Setup (Max at Slow Process Corner)
  Requirement:            5.714ns  (clk_out2_pll rise@5.714ns - clk_out2_pll rise@0.000ns)
  Data Path Delay:        5.354ns  (logic 0.955ns (17.838%)  route 4.399ns (82.162%))
  Logic Levels:           10  (LUT2=1 LUT5=3 LUT6=4 MUXF7=2)
  Clock Path Skew:        -0.023ns (DCD - SCD + CPR)
    Destination Clock Delay (DCD):    -1.943ns = ( 3.772 - 5.714 ) 
    Source Clock Delay      (SCD):    -2.271ns
    Clock Pessimism Removal (CPR):    -0.352ns
  Clock Uncertainty:      0.077ns  ((TSJ^2 + DJ^2)^1/2) / 2 + PE
    Total System Jitter     (TSJ):    0.071ns
    Discrete Jitter          (DJ):    0.137ns
    Phase Error              (PE):    0.000ns

    Location             Delay type                Incr(ns)  Path(ns)    Netlist Resource(s)
  -------------------------------------------------------------------    -------------------
                         (clock clk_out2_pll rise edge)
                                                      0.000     0.000 r  
    AD12                                              0.000     0.000 r  i_sys_clk_p (IN)
                         net (fo=0)                   0.000     0.000    pll_inst/inst/clk_in1_p
    AD12                                                              r  pll_inst/inst/clkin1_ibufgds/I
    AD12                 IBUFDS (Prop_ibufds_I_O)     0.906     0.906 r  pll_inst/inst/clkin1_ibufgds/O
                         net (fo=1, routed)           1.098     2.004    pll_inst/inst/clk_in1_pll
    PLLE2_ADV_X1Y1                                                    r  pll_inst/inst/plle2_adv_inst/CLKIN1
    PLLE2_ADV_X1Y1       PLLE2_ADV (Prop_plle2_adv_CLKIN1_CLKOUT1)
                                                     -8.058    -6.054 r  pll_inst/inst/plle2_adv_inst/CLKOUT1
                         net (fo=1, routed)           2.128    -3.926    pll_inst/inst/clk_out2_pll
    BUFGCTRL_X0Y0                                                     r  pll_inst/inst/clkout2_buf/I
    BUFGCTRL_X0Y0        BUFG (Prop_bufg_I_O)         0.093    -3.833 r  pll_inst/inst/clkout2_buf/O
                         net (fo=5889, routed)        1.562    -2.271    student_top_inst/u_KLDJ_top/ifu0/clk_out2
    SLICE_X69Y89         FDRE                                         r  student_top_inst/u_KLDJ_top/ifu0/pc_reg_reg[5]_replica/C
  -------------------------------------------------------------------    -------------------
    SLICE_X69Y89         FDRE (Prop_fdre_C_Q)         0.223    -2.048 r  student_top_inst/u_KLDJ_top/ifu0/pc_reg_reg[5]_replica/Q
                         net (fo=144, routed)         1.133    -0.915    student_top_inst/Mem_IROM/U0/Q[5]_repN_alias
    SLICE_X48Y100                                                     r  student_top_inst/Mem_IROM/U0/g19_b5/I3
    SLICE_X48Y100        LUT6 (Prop_lut6_I3_O)        0.043    -0.872 r  student_top_inst/Mem_IROM/U0/g19_b5/O
                         net (fo=1, routed)           0.000    -0.872    student_top_inst/Mem_IROM/U0/g19_b5_n_0
    SLICE_X48Y100                                                     r  student_top_inst/Mem_IROM/U0/spo[6]_INST_0_i_10/I1
    SLICE_X48Y100        MUXF7 (Prop_muxf7_I1_O)      0.108    -0.764 r  student_top_inst/Mem_IROM/U0/spo[6]_INST_0_i_10/O
                         net (fo=1, routed)           0.442    -0.323    student_top_inst/Mem_IROM/U0/spo[6]_INST_0_i_10_n_0
    SLICE_X47Y101                                                     r  student_top_inst/Mem_IROM/U0/spo[6]_INST_0_i_4/I3
    SLICE_X47Y101        LUT6 (Prop_lut6_I3_O)        0.124    -0.199 r  student_top_inst/Mem_IROM/U0/spo[6]_INST_0_i_4/O
                         net (fo=1, routed)           0.000    -0.199    student_top_inst/Mem_IROM/U0/spo[6]_INST_0_i_4_n_0
    SLICE_X47Y101                                                     r  student_top_inst/Mem_IROM/U0/spo[6]_INST_0_i_2/I0
    SLICE_X47Y101        MUXF7 (Prop_muxf7_I0_O)      0.120    -0.079 r  student_top_inst/Mem_IROM/U0/spo[6]_INST_0_i_2/O
                         net (fo=1, routed)           0.565     0.487    student_top_inst/Mem_IROM/U0/spo[6]_INST_0_i_2_n_0
    SLICE_X51Y101                                                     r  student_top_inst/Mem_IROM/U0/spo[6]_INST_0/I3
    SLICE_X51Y101        LUT6 (Prop_lut6_I3_O)        0.122     0.609 r  student_top_inst/Mem_IROM/U0/spo[6]_INST_0/O
                         net (fo=2, routed)           0.555     1.164    student_top_inst/u_KLDJ_top/ifu0/spo[6]
    SLICE_X57Y94                                                      r  student_top_inst/u_KLDJ_top/ifu0/pc_reg[31]_i_24/I4
    SLICE_X57Y94         LUT5 (Prop_lut5_I4_O)        0.043     1.207 r  student_top_inst/u_KLDJ_top/ifu0/pc_reg[31]_i_24/O
                         net (fo=1, routed)           0.098     1.304    student_top_inst/u_KLDJ_top/ifu0/if_static_jal00_in
    SLICE_X57Y94                                                      r  student_top_inst/u_KLDJ_top/ifu0/pc_reg[31]_i_15/I0
    SLICE_X57Y94         LUT2 (Prop_lut2_I0_O)        0.043     1.347 r  student_top_inst/u_KLDJ_top/ifu0/pc_reg[31]_i_15/O
                         net (fo=33, routed)          0.329     1.677    student_top_inst/u_KLDJ_top/u_bpu/u_gshare_btb_core/if_static_jal
    SLICE_X68Y94                                                      r  student_top_inst/u_KLDJ_top/u_bpu/u_gshare_btb_core/if_id_pred_taken_i_2/I0
    SLICE_X68Y94         LUT5 (Prop_lut5_I0_O)        0.043     1.720 r  student_top_inst/u_KLDJ_top/u_bpu/u_gshare_btb_core/if_id_pred_taken_i_2/O
                         net (fo=33, routed)          0.606     2.326    student_top_inst/u_KLDJ_top/ifu0/if_pred_taken
    SLICE_X68Y88                                                      r  student_top_inst/u_KLDJ_top/ifu0/pc_reg[7]_i_4/I3
    SLICE_X68Y88         LUT5 (Prop_lut5_I3_O)        0.043     2.369 f  student_top_inst/u_KLDJ_top/ifu0/pc_reg[7]_i_4/O
                         net (fo=1, routed)           0.242     2.611    student_top_inst/u_KLDJ_top/u_pipe_id_ex/dnpc[7]
    SLICE_X68Y88                                                      f  student_top_inst/u_KLDJ_top/u_pipe_id_ex/pc_reg[7]_i_1/I5
    SLICE_X68Y88         LUT6 (Prop_lut6_I5_O)        0.043     2.654 f  student_top_inst/u_KLDJ_top/u_pipe_id_ex/pc_reg[7]_i_1/O
                         net (fo=7, routed)           0.429     3.082    student_top_inst/u_KLDJ_top/ifu0/pc_reg_reg[31]_1[7]
    SLICE_X69Y92         FDRE                                         f  student_top_inst/u_KLDJ_top/ifu0/pc_reg_reg[7]_replica_1/D
  -------------------------------------------------------------------    -------------------

                         (clock clk_out2_pll rise edge)
                                                      5.714     5.714 r  
    AD12                                              0.000     5.714 r  i_sys_clk_p (IN)
                         net (fo=0)                   0.000     5.714    pll_inst/inst/clk_in1_p
    AD12                                                              r  pll_inst/inst/clkin1_ibufgds/I
    AD12                 IBUFDS (Prop_ibufds_I_O)     0.803     6.518 r  pll_inst/inst/clkin1_ibufgds/O
                         net (fo=1, routed)           1.001     7.519    pll_inst/inst/clk_in1_pll
    PLLE2_ADV_X1Y1                                                    r  pll_inst/inst/plle2_adv_inst/CLKIN1
    PLLE2_ADV_X1Y1       PLLE2_ADV (Prop_plle2_adv_CLKIN1_CLKOUT1)
                                                     -7.261     0.258 r  pll_inst/inst/plle2_adv_inst/CLKOUT1
                         net (fo=1, routed)           2.003     2.261    pll_inst/inst/clk_out2_pll
    BUFGCTRL_X0Y0                                                     r  pll_inst/inst/clkout2_buf/I
    BUFGCTRL_X0Y0        BUFG (Prop_bufg_I_O)         0.083     2.344 r  pll_inst/inst/clkout2_buf/O
                         net (fo=5889, routed)        1.428     3.772    student_top_inst/u_KLDJ_top/ifu0/clk_out2
    SLICE_X69Y92         FDRE                                         r  student_top_inst/u_KLDJ_top/ifu0/pc_reg_reg[7]_replica_1/C
                         clock pessimism             -0.352     3.420    
                         clock uncertainty           -0.077     3.343    
    SLICE_X69Y92         FDRE (Setup_fdre_C_D)       -0.031     3.312    student_top_inst/u_KLDJ_top/ifu0/pc_reg_reg[7]_replica_1
  -------------------------------------------------------------------
                         required time                          3.312    
                         arrival time                          -3.082    
  -------------------------------------------------------------------
                         slack                                  0.230    

Slack (MET) :             0.230ns  (required time - arrival time)
  Source:                 student_top_inst/u_KLDJ_top/ifu0/pc_reg_reg[5]_replica/C
                            (rising edge-triggered cell FDRE clocked by clk_out2_pll  {rise@0.000ns fall@2.857ns period=5.714ns})
  Destination:            student_top_inst/u_KLDJ_top/ifu0/pc_reg_reg[7]_replica_1/D
                            (rising edge-triggered cell FDRE clocked by clk_out2_pll  {rise@0.000ns fall@2.857ns period=5.714ns})
  Path Group:             clk_out2_pll
  Path Type:              Setup (Max at Slow Process Corner)
  Requirement:            5.714ns  (clk_out2_pll rise@5.714ns - clk_out2_pll rise@0.000ns)
  Data Path Delay:        5.354ns  (logic 0.955ns (17.838%)  route 4.399ns (82.162%))
  Logic Levels:           10  (LUT2=1 LUT5=3 LUT6=4 MUXF7=2)
  Clock Path Skew:        -0.023ns (DCD - SCD + CPR)
    Destination Clock Delay (DCD):    -1.943ns = ( 3.772 - 5.714 ) 
    Source Clock Delay      (SCD):    -2.271ns
    Clock Pessimism Removal (CPR):    -0.352ns
  Clock Uncertainty:      0.077ns  ((TSJ^2 + DJ^2)^1/2) / 2 + PE
    Total System Jitter     (TSJ):    0.071ns
    Discrete Jitter          (DJ):    0.137ns
    Phase Error              (PE):    0.000ns

    Location             Delay type                Incr(ns)  Path(ns)    Netlist Resource(s)
  -------------------------------------------------------------------    -------------------
                         (clock clk_out2_pll rise edge)
                                                      0.000     0.000 r  
    AD12                                              0.000     0.000 r  i_sys_clk_p (IN)
                         net (fo=0)                   0.000     0.000    pll_inst/inst/clk_in1_p
    AD12                                                              r  pll_inst/inst/clkin1_ibufgds/I
    AD12                 IBUFDS (Prop_ibufds_I_O)     0.906     0.906 r  pll_inst/inst/clkin1_ibufgds/O
                         net (fo=1, routed)           1.098     2.004    pll_inst/inst/clk_in1_pll
    PLLE2_ADV_X1Y1                                                    r  pll_inst/inst/plle2_adv_inst/CLKIN1
    PLLE2_ADV_X1Y1       PLLE2_ADV (Prop_plle2_adv_CLKIN1_CLKOUT1)
                                                     -8.058    -6.054 r  pll_inst/inst/plle2_adv_inst/CLKOUT1
                         net (fo=1, routed)           2.128    -3.926    pll_inst/inst/clk_out2_pll
    BUFGCTRL_X0Y0                                                     r  pll_inst/inst/clkout2_buf/I
    BUFGCTRL_X0Y0        BUFG (Prop_bufg_I_O)         0.093    -3.833 r  pll_inst/inst/clkout2_buf/O
                         net (fo=5889, routed)        1.562    -2.271    student_top_inst/u_KLDJ_top/ifu0/clk_out2
    SLICE_X69Y89         FDRE                                         r  student_top_inst/u_KLDJ_top/ifu0/pc_reg_reg[5]_replica/C
  -------------------------------------------------------------------    -------------------
    SLICE_X69Y89         FDRE (Prop_fdre_C_Q)         0.223    -2.048 f  student_top_inst/u_KLDJ_top/ifu0/pc_reg_reg[5]_replica/Q
                         net (fo=144, routed)         1.133    -0.915    student_top_inst/Mem_IROM/U0/Q[5]_repN_alias
    SLICE_X48Y100                                                     f  student_top_inst/Mem_IROM/U0/g19_b5/I3
    SLICE_X48Y100        LUT6 (Prop_lut6_I3_O)        0.043    -0.872 r  student_top_inst/Mem_IROM/U0/g19_b5/O
                         net (fo=1, routed)           0.000    -0.872    student_top_inst/Mem_IROM/U0/g19_b5_n_0
    SLICE_X48Y100                                                     r  student_top_inst/Mem_IROM/U0/spo[6]_INST_0_i_10/I1
    SLICE_X48Y100        MUXF7 (Prop_muxf7_I1_O)      0.108    -0.764 r  student_top_inst/Mem_IROM/U0/spo[6]_INST_0_i_10/O
                         net (fo=1, routed)           0.442    -0.323    student_top_inst/Mem_IROM/U0/spo[6]_INST_0_i_10_n_0
    SLICE_X47Y101                                                     r  student_top_inst/Mem_IROM/U0/spo[6]_INST_0_i_4/I3
    SLICE_X47Y101        LUT6 (Prop_lut6_I3_O)        0.124    -0.199 r  student_top_inst/Mem_IROM/U0/spo[6]_INST_0_i_4/O
                         net (fo=1, routed)           0.000    -0.199    student_top_inst/Mem_IROM/U0/spo[6]_INST_0_i_4_n_0
    SLICE_X47Y101                                                     r  student_top_inst/Mem_IROM/U0/spo[6]_INST_0_i_2/I0
    SLICE_X47Y101        MUXF7 (Prop_muxf7_I0_O)      0.120    -0.079 r  student_top_inst/Mem_IROM/U0/spo[6]_INST_0_i_2/O
                         net (fo=1, routed)           0.565     0.487    student_top_inst/Mem_IROM/U0/spo[6]_INST_0_i_2_n_0
    SLICE_X51Y101                                                     r  student_top_inst/Mem_IROM/U0/spo[6]_INST_0/I3
    SLICE_X51Y101        LUT6 (Prop_lut6_I3_O)        0.122     0.609 r  student_top_inst/Mem_IROM/U0/spo[6]_INST_0/O
                         net (fo=2, routed)           0.555     1.164    student_top_inst/u_KLDJ_top/ifu0/spo[6]
    SLICE_X57Y94                                                      r  student_top_inst/u_KLDJ_top/ifu0/pc_reg[31]_i_24/I4
    SLICE_X57Y94         LUT5 (Prop_lut5_I4_O)        0.043     1.207 r  student_top_inst/u_KLDJ_top/ifu0/pc_reg[31]_i_24/O
                         net (fo=1, routed)           0.098     1.304    student_top_inst/u_KLDJ_top/ifu0/if_static_jal00_in
    SLICE_X57Y94                                                      r  student_top_inst/u_KLDJ_top/ifu0/pc_reg[31]_i_15/I0
    SLICE_X57Y94         LUT2 (Prop_lut2_I0_O)        0.043     1.347 r  student_top_inst/u_KLDJ_top/ifu0/pc_reg[31]_i_15/O
                         net (fo=33, routed)          0.329     1.677    student_top_inst/u_KLDJ_top/u_bpu/u_gshare_btb_core/if_static_jal
    SLICE_X68Y94                                                      r  student_top_inst/u_KLDJ_top/u_bpu/u_gshare_btb_core/if_id_pred_taken_i_2/I0
    SLICE_X68Y94         LUT5 (Prop_lut5_I0_O)        0.043     1.720 r  student_top_inst/u_KLDJ_top/u_bpu/u_gshare_btb_core/if_id_pred_taken_i_2/O
                         net (fo=33, routed)          0.606     2.326    student_top_inst/u_KLDJ_top/ifu0/if_pred_taken
    SLICE_X68Y88                                                      r  student_top_inst/u_KLDJ_top/ifu0/pc_reg[7]_i_4/I3
    SLICE_X68Y88         LUT5 (Prop_lut5_I3_O)        0.043     2.369 f  student_top_inst/u_KLDJ_top/ifu0/pc_reg[7]_i_4/O
                         net (fo=1, routed)           0.242     2.611    student_top_inst/u_KLDJ_top/u_pipe_id_ex/dnpc[7]
    SLICE_X68Y88                                                      f  student_top_inst/u_KLDJ_top/u_pipe_id_ex/pc_reg[7]_i_1/I5
    SLICE_X68Y88         LUT6 (Prop_lut6_I5_O)        0.043     2.654 f  student_top_inst/u_KLDJ_top/u_pipe_id_ex/pc_reg[7]_i_1/O
                         net (fo=7, routed)           0.429     3.082    student_top_inst/u_KLDJ_top/ifu0/pc_reg_reg[31]_1[7]
    SLICE_X69Y92         FDRE                                         f  student_top_inst/u_KLDJ_top/ifu0/pc_reg_reg[7]_replica_1/D
  -------------------------------------------------------------------    -------------------

                         (clock clk_out2_pll rise edge)
                                                      5.714     5.714 r  
    AD12                                              0.000     5.714 r  i_sys_clk_p (IN)
                         net (fo=0)                   0.000     5.714    pll_inst/inst/clk_in1_p
    AD12                                                              r  pll_inst/inst/clkin1_ibufgds/I
    AD12                 IBUFDS (Prop_ibufds_I_O)     0.803     6.518 r  pll_inst/inst/clkin1_ibufgds/O
                         net (fo=1, routed)           1.001     7.519    pll_inst/inst/clk_in1_pll
    PLLE2_ADV_X1Y1                                                    r  pll_inst/inst/plle2_adv_inst/CLKIN1
    PLLE2_ADV_X1Y1       PLLE2_ADV (Prop_plle2_adv_CLKIN1_CLKOUT1)
                                                     -7.261     0.258 r  pll_inst/inst/plle2_adv_inst/CLKOUT1
                         net (fo=1, routed)           2.003     2.261    pll_inst/inst/clk_out2_pll
    BUFGCTRL_X0Y0                                                     r  pll_inst/inst/clkout2_buf/I
    BUFGCTRL_X0Y0        BUFG (Prop_bufg_I_O)         0.083     2.344 r  pll_inst/inst/clkout2_buf/O
                         net (fo=5889, routed)        1.428     3.772    student_top_inst/u_KLDJ_top/ifu0/clk_out2
    SLICE_X69Y92         FDRE                                         r  student_top_inst/u_KLDJ_top/ifu0/pc_reg_reg[7]_replica_1/C
                         clock pessimism             -0.352     3.420    
                         clock uncertainty           -0.077     3.343    
    SLICE_X69Y92         FDRE (Setup_fdre_C_D)       -0.031     3.312    student_top_inst/u_KLDJ_top/ifu0/pc_reg_reg[7]_replica_1
  -------------------------------------------------------------------
                         required time                          3.312    
                         arrival time                          -3.082    
  -------------------------------------------------------------------
                         slack                                  0.230    

Slack (MET) :             0.230ns  (required time - arrival time)
  Source:                 student_top_inst/u_KLDJ_top/ifu0/pc_reg_reg[5]_replica/C
                            (rising edge-triggered cell FDRE clocked by clk_out2_pll  {rise@0.000ns fall@2.857ns period=5.714ns})
  Destination:            student_top_inst/u_KLDJ_top/ifu0/pc_reg_reg[7]_replica_1/D
                            (rising edge-triggered cell FDRE clocked by clk_out2_pll  {rise@0.000ns fall@2.857ns period=5.714ns})
  Path Group:             clk_out2_pll
  Path Type:              Setup (Max at Slow Process Corner)
  Requirement:            5.714ns  (clk_out2_pll rise@5.714ns - clk_out2_pll rise@0.000ns)
  Data Path Delay:        5.354ns  (logic 0.955ns (17.838%)  route 4.399ns (82.162%))
  Logic Levels:           10  (LUT2=1 LUT5=3 LUT6=4 MUXF7=2)
  Clock Path Skew:        -0.023ns (DCD - SCD + CPR)
    Destination Clock Delay (DCD):    -1.943ns = ( 3.772 - 5.714 ) 
    Source Clock Delay      (SCD):    -2.271ns
    Clock Pessimism Removal (CPR):    -0.352ns
  Clock Uncertainty:      0.077ns  ((TSJ^2 + DJ^2)^1/2) / 2 + PE
    Total System Jitter     (TSJ):    0.071ns
    Discrete Jitter          (DJ):    0.137ns
    Phase Error              (PE):    0.000ns

    Location             Delay type                Incr(ns)  Path(ns)    Netlist Resource(s)
  -------------------------------------------------------------------    -------------------
                         (clock clk_out2_pll rise edge)
                                                      0.000     0.000 r  
    AD12                                              0.000     0.000 r  i_sys_clk_p (IN)
                         net (fo=0)                   0.000     0.000    pll_inst/inst/clk_in1_p
    AD12                                                              r  pll_inst/inst/clkin1_ibufgds/I
    AD12                 IBUFDS (Prop_ibufds_I_O)     0.906     0.906 r  pll_inst/inst/clkin1_ibufgds/O
                         net (fo=1, routed)           1.098     2.004    pll_inst/inst/clk_in1_pll
    PLLE2_ADV_X1Y1                                                    r  pll_inst/inst/plle2_adv_inst/CLKIN1
    PLLE2_ADV_X1Y1       PLLE2_ADV (Prop_plle2_adv_CLKIN1_CLKOUT1)
                                                     -8.058    -6.054 r  pll_inst/inst/plle2_adv_inst/CLKOUT1
                         net (fo=1, routed)           2.128    -3.926    pll_inst/inst/clk_out2_pll
    BUFGCTRL_X0Y0                                                     r  pll_inst/inst/clkout2_buf/I
    BUFGCTRL_X0Y0        BUFG (Prop_bufg_I_O)         0.093    -3.833 r  pll_inst/inst/clkout2_buf/O
                         net (fo=5889, routed)        1.562    -2.271    student_top_inst/u_KLDJ_top/ifu0/clk_out2
    SLICE_X69Y89         FDRE                                         r  student_top_inst/u_KLDJ_top/ifu0/pc_reg_reg[5]_replica/C
  -------------------------------------------------------------------    -------------------
    SLICE_X69Y89         FDRE (Prop_fdre_C_Q)         0.223    -2.048 r  student_top_inst/u_KLDJ_top/ifu0/pc_reg_reg[5]_replica/Q
                         net (fo=144, routed)         1.133    -0.915    student_top_inst/Mem_IROM/U0/Q[5]_repN_alias
    SLICE_X48Y100                                                     r  student_top_inst/Mem_IROM/U0/g19_b5/I3
    SLICE_X48Y100        LUT6 (Prop_lut6_I3_O)        0.043    -0.872 f  student_top_inst/Mem_IROM/U0/g19_b5/O
                         net (fo=1, routed)           0.000    -0.872    student_top_inst/Mem_IROM/U0/g19_b5_n_0
    SLICE_X48Y100                                                     f  student_top_inst/Mem_IROM/U0/spo[6]_INST_0_i_10/I1
    SLICE_X48Y100        MUXF7 (Prop_muxf7_I1_O)      0.108    -0.764 f  student_top_inst/Mem_IROM/U0/spo[6]_INST_0_i_10/O
                         net (fo=1, routed)           0.442    -0.323    student_top_inst/Mem_IROM/U0/spo[6]_INST_0_i_10_n_0
    SLICE_X47Y101                                                     f  student_top_inst/Mem_IROM/U0/spo[6]_INST_0_i_4/I3
    SLICE_X47Y101        LUT6 (Prop_lut6_I3_O)        0.124    -0.199 f  student_top_inst/Mem_IROM/U0/spo[6]_INST_0_i_4/O
                         net (fo=1, routed)           0.000    -0.199    student_top_inst/Mem_IROM/U0/spo[6]_INST_0_i_4_n_0
    SLICE_X47Y101                                                     f  student_top_inst/Mem_IROM/U0/spo[6]_INST_0_i_2/I0
    SLICE_X47Y101        MUXF7 (Prop_muxf7_I0_O)      0.120    -0.079 f  student_top_inst/Mem_IROM/U0/spo[6]_INST_0_i_2/O
                         net (fo=1, routed)           0.565     0.487    student_top_inst/Mem_IROM/U0/spo[6]_INST_0_i_2_n_0
    SLICE_X51Y101                                                     f  student_top_inst/Mem_IROM/U0/spo[6]_INST_0/I3
    SLICE_X51Y101        LUT6 (Prop_lut6_I3_O)        0.122     0.609 f  student_top_inst/Mem_IROM/U0/spo[6]_INST_0/O
                         net (fo=2, routed)           0.555     1.164    student_top_inst/u_KLDJ_top/ifu0/spo[6]
    SLICE_X57Y94                                                      f  student_top_inst/u_KLDJ_top/ifu0/pc_reg[31]_i_24/I4
    SLICE_X57Y94         LUT5 (Prop_lut5_I4_O)        0.043     1.207 f  student_top_inst/u_KLDJ_top/ifu0/pc_reg[31]_i_24/O
                         net (fo=1, routed)           0.098     1.304    student_top_inst/u_KLDJ_top/ifu0/if_static_jal00_in
    SLICE_X57Y94                                                      f  student_top_inst/u_KLDJ_top/ifu0/pc_reg[31]_i_15/I0
    SLICE_X57Y94         LUT2 (Prop_lut2_I0_O)        0.043     1.347 f  student_top_inst/u_KLDJ_top/ifu0/pc_reg[31]_i_15/O
                         net (fo=33, routed)          0.329     1.677    student_top_inst/u_KLDJ_top/u_bpu/u_gshare_btb_core/if_static_jal
    SLICE_X68Y94                                                      f  student_top_inst/u_KLDJ_top/u_bpu/u_gshare_btb_core/if_id_pred_taken_i_2/I0
    SLICE_X68Y94         LUT5 (Prop_lut5_I0_O)        0.043     1.720 f  student_top_inst/u_KLDJ_top/u_bpu/u_gshare_btb_core/if_id_pred_taken_i_2/O
                         net (fo=33, routed)          0.606     2.326    student_top_inst/u_KLDJ_top/ifu0/if_pred_taken
    SLICE_X68Y88                                                      f  student_top_inst/u_KLDJ_top/ifu0/pc_reg[7]_i_4/I3
    SLICE_X68Y88         LUT5 (Prop_lut5_I3_O)        0.043     2.369 f  student_top_inst/u_KLDJ_top/ifu0/pc_reg[7]_i_4/O
                         net (fo=1, routed)           0.242     2.611    student_top_inst/u_KLDJ_top/u_pipe_id_ex/dnpc[7]
    SLICE_X68Y88                                                      f  student_top_inst/u_KLDJ_top/u_pipe_id_ex/pc_reg[7]_i_1/I5
    SLICE_X68Y88         LUT6 (Prop_lut6_I5_O)        0.043     2.654 f  student_top_inst/u_KLDJ_top/u_pipe_id_ex/pc_reg[7]_i_1/O
                         net (fo=7, routed)           0.429     3.082    student_top_inst/u_KLDJ_top/ifu0/pc_reg_reg[31]_1[7]
    SLICE_X69Y92         FDRE                                         f  student_top_inst/u_KLDJ_top/ifu0/pc_reg_reg[7]_replica_1/D
  -------------------------------------------------------------------    -------------------

                         (clock clk_out2_pll rise edge)
                                                      5.714     5.714 r  
    AD12                                              0.000     5.714 r  i_sys_clk_p (IN)
                         net (fo=0)                   0.000     5.714    pll_inst/inst/clk_in1_p
    AD12                                                              r  pll_inst/inst/clkin1_ibufgds/I
    AD12                 IBUFDS (Prop_ibufds_I_O)     0.803     6.518 r  pll_inst/inst/clkin1_ibufgds/O
                         net (fo=1, routed)           1.001     7.519    pll_inst/inst/clk_in1_pll
    PLLE2_ADV_X1Y1                                                    r  pll_inst/inst/plle2_adv_inst/CLKIN1
    PLLE2_ADV_X1Y1       PLLE2_ADV (Prop_plle2_adv_CLKIN1_CLKOUT1)
                                                     -7.261     0.258 r  pll_inst/inst/plle2_adv_inst/CLKOUT1
                         net (fo=1, routed)           2.003     2.261    pll_inst/inst/clk_out2_pll
    BUFGCTRL_X0Y0                                                     r  pll_inst/inst/clkout2_buf/I
    BUFGCTRL_X0Y0        BUFG (Prop_bufg_I_O)         0.083     2.344 r  pll_inst/inst/clkout2_buf/O
                         net (fo=5889, routed)        1.428     3.772    student_top_inst/u_KLDJ_top/ifu0/clk_out2
    SLICE_X69Y92         FDRE                                         r  student_top_inst/u_KLDJ_top/ifu0/pc_reg_reg[7]_replica_1/C
                         clock pessimism             -0.352     3.420    
                         clock uncertainty           -0.077     3.343    
    SLICE_X69Y92         FDRE (Setup_fdre_C_D)       -0.031     3.312    student_top_inst/u_KLDJ_top/ifu0/pc_reg_reg[7]_replica_1
  -------------------------------------------------------------------
                         required time                          3.312    
                         arrival time                          -3.082    
  -------------------------------------------------------------------
                         slack                                  0.230    

Slack (MET) :             0.230ns  (required time - arrival time)
  Source:                 student_top_inst/u_KLDJ_top/ifu0/pc_reg_reg[5]_replica/C
                            (rising edge-triggered cell FDRE clocked by clk_out2_pll  {rise@0.000ns fall@2.857ns period=5.714ns})
  Destination:            student_top_inst/u_KLDJ_top/ifu0/pc_reg_reg[7]_replica_1/D
                            (rising edge-triggered cell FDRE clocked by clk_out2_pll  {rise@0.000ns fall@2.857ns period=5.714ns})
  Path Group:             clk_out2_pll
  Path Type:              Setup (Max at Slow Process Corner)
  Requirement:            5.714ns  (clk_out2_pll rise@5.714ns - clk_out2_pll rise@0.000ns)
  Data Path Delay:        5.354ns  (logic 0.955ns (17.838%)  route 4.399ns (82.162%))
  Logic Levels:           10  (LUT2=1 LUT5=3 LUT6=4 MUXF7=2)
  Clock Path Skew:        -0.023ns (DCD - SCD + CPR)
    Destination Clock Delay (DCD):    -1.943ns = ( 3.772 - 5.714 ) 
    Source Clock Delay      (SCD):    -2.271ns
    Clock Pessimism Removal (CPR):    -0.352ns
  Clock Uncertainty:      0.077ns  ((TSJ^2 + DJ^2)^1/2) / 2 + PE
    Total System Jitter     (TSJ):    0.071ns
    Discrete Jitter          (DJ):    0.137ns
    Phase Error              (PE):    0.000ns

    Location             Delay type                Incr(ns)  Path(ns)    Netlist Resource(s)
  -------------------------------------------------------------------    -------------------
                         (clock clk_out2_pll rise edge)
                                                      0.000     0.000 r  
    AD12                                              0.000     0.000 r  i_sys_clk_p (IN)
                         net (fo=0)                   0.000     0.000    pll_inst/inst/clk_in1_p
    AD12                                                              r  pll_inst/inst/clkin1_ibufgds/I
    AD12                 IBUFDS (Prop_ibufds_I_O)     0.906     0.906 r  pll_inst/inst/clkin1_ibufgds/O
                         net (fo=1, routed)           1.098     2.004    pll_inst/inst/clk_in1_pll
    PLLE2_ADV_X1Y1                                                    r  pll_inst/inst/plle2_adv_inst/CLKIN1
    PLLE2_ADV_X1Y1       PLLE2_ADV (Prop_plle2_adv_CLKIN1_CLKOUT1)
                                                     -8.058    -6.054 r  pll_inst/inst/plle2_adv_inst/CLKOUT1
                         net (fo=1, routed)           2.128    -3.926    pll_inst/inst/clk_out2_pll
    BUFGCTRL_X0Y0                                                     r  pll_inst/inst/clkout2_buf/I
    BUFGCTRL_X0Y0        BUFG (Prop_bufg_I_O)         0.093    -3.833 r  pll_inst/inst/clkout2_buf/O
                         net (fo=5889, routed)        1.562    -2.271    student_top_inst/u_KLDJ_top/ifu0/clk_out2
    SLICE_X69Y89         FDRE                                         r  student_top_inst/u_KLDJ_top/ifu0/pc_reg_reg[5]_replica/C
  -------------------------------------------------------------------    -------------------
    SLICE_X69Y89         FDRE (Prop_fdre_C_Q)         0.223    -2.048 f  student_top_inst/u_KLDJ_top/ifu0/pc_reg_reg[5]_replica/Q
                         net (fo=144, routed)         1.133    -0.915    student_top_inst/Mem_IROM/U0/Q[5]_repN_alias
    SLICE_X48Y100                                                     f  student_top_inst/Mem_IROM/U0/g19_b5/I3
    SLICE_X48Y100        LUT6 (Prop_lut6_I3_O)        0.043    -0.872 f  student_top_inst/Mem_IROM/U0/g19_b5/O
                         net (fo=1, routed)           0.000    -0.872    student_top_inst/Mem_IROM/U0/g19_b5_n_0
    SLICE_X48Y100                                                     f  student_top_inst/Mem_IROM/U0/spo[6]_INST_0_i_10/I1
    SLICE_X48Y100        MUXF7 (Prop_muxf7_I1_O)      0.108    -0.764 f  student_top_inst/Mem_IROM/U0/spo[6]_INST_0_i_10/O
                         net (fo=1, routed)           0.442    -0.323    student_top_inst/Mem_IROM/U0/spo[6]_INST_0_i_10_n_0
    SLICE_X47Y101                                                     f  student_top_inst/Mem_IROM/U0/spo[6]_INST_0_i_4/I3
    SLICE_X47Y101        LUT6 (Prop_lut6_I3_O)        0.124    -0.199 f  student_top_inst/Mem_IROM/U0/spo[6]_INST_0_i_4/O
                         net (fo=1, routed)           0.000    -0.199    student_top_inst/Mem_IROM/U0/spo[6]_INST_0_i_4_n_0
    SLICE_X47Y101                                                     f  student_top_inst/Mem_IROM/U0/spo[6]_INST_0_i_2/I0
    SLICE_X47Y101        MUXF7 (Prop_muxf7_I0_O)      0.120    -0.079 f  student_top_inst/Mem_IROM/U0/spo[6]_INST_0_i_2/O
                         net (fo=1, routed)           0.565     0.487    student_top_inst/Mem_IROM/U0/spo[6]_INST_0_i_2_n_0
    SLICE_X51Y101                                                     f  student_top_inst/Mem_IROM/U0/spo[6]_INST_0/I3
    SLICE_X51Y101        LUT6 (Prop_lut6_I3_O)        0.122     0.609 f  student_top_inst/Mem_IROM/U0/spo[6]_INST_0/O
                         net (fo=2, routed)           0.555     1.164    student_top_inst/u_KLDJ_top/ifu0/spo[6]
    SLICE_X57Y94                                                      f  student_top_inst/u_KLDJ_top/ifu0/pc_reg[31]_i_24/I4
    SLICE_X57Y94         LUT5 (Prop_lut5_I4_O)        0.043     1.207 f  student_top_inst/u_KLDJ_top/ifu0/pc_reg[31]_i_24/O
                         net (fo=1, routed)           0.098     1.304    student_top_inst/u_KLDJ_top/ifu0/if_static_jal00_in
    SLICE_X57Y94                                                      f  student_top_inst/u_KLDJ_top/ifu0/pc_reg[31]_i_15/I0
    SLICE_X57Y94         LUT2 (Prop_lut2_I0_O)        0.043     1.347 f  student_top_inst/u_KLDJ_top/ifu0/pc_reg[31]_i_15/O
                         net (fo=33, routed)          0.329     1.677    student_top_inst/u_KLDJ_top/u_bpu/u_gshare_btb_core/if_static_jal
    SLICE_X68Y94                                                      f  student_top_inst/u_KLDJ_top/u_bpu/u_gshare_btb_core/if_id_pred_taken_i_2/I0
    SLICE_X68Y94         LUT5 (Prop_lut5_I0_O)        0.043     1.720 f  student_top_inst/u_KLDJ_top/u_bpu/u_gshare_btb_core/if_id_pred_taken_i_2/O
                         net (fo=33, routed)          0.606     2.326    student_top_inst/u_KLDJ_top/ifu0/if_pred_taken
    SLICE_X68Y88                                                      f  student_top_inst/u_KLDJ_top/ifu0/pc_reg[7]_i_4/I3
    SLICE_X68Y88         LUT5 (Prop_lut5_I3_O)        0.043     2.369 f  student_top_inst/u_KLDJ_top/ifu0/pc_reg[7]_i_4/O
                         net (fo=1, routed)           0.242     2.611    student_top_inst/u_KLDJ_top/u_pipe_id_ex/dnpc[7]
    SLICE_X68Y88                                                      f  student_top_inst/u_KLDJ_top/u_pipe_id_ex/pc_reg[7]_i_1/I5
    SLICE_X68Y88         LUT6 (Prop_lut6_I5_O)        0.043     2.654 f  student_top_inst/u_KLDJ_top/u_pipe_id_ex/pc_reg[7]_i_1/O
                         net (fo=7, routed)           0.429     3.082    student_top_inst/u_KLDJ_top/ifu0/pc_reg_reg[31]_1[7]
    SLICE_X69Y92         FDRE                                         f  student_top_inst/u_KLDJ_top/ifu0/pc_reg_reg[7]_replica_1/D
  -------------------------------------------------------------------    -------------------

                         (clock clk_out2_pll rise edge)
                                                      5.714     5.714 r  
    AD12                                              0.000     5.714 r  i_sys_clk_p (IN)
                         net (fo=0)                   0.000     5.714    pll_inst/inst/clk_in1_p
    AD12                                                              r  pll_inst/inst/clkin1_ibufgds/I
    AD12                 IBUFDS (Prop_ibufds_I_O)     0.803     6.518 r  pll_inst/inst/clkin1_ibufgds/O
                         net (fo=1, routed)           1.001     7.519    pll_inst/inst/clk_in1_pll
    PLLE2_ADV_X1Y1                                                    r  pll_inst/inst/plle2_adv_inst/CLKIN1
    PLLE2_ADV_X1Y1       PLLE2_ADV (Prop_plle2_adv_CLKIN1_CLKOUT1)
                                                     -7.261     0.258 r  pll_inst/inst/plle2_adv_inst/CLKOUT1
                         net (fo=1, routed)           2.003     2.261    pll_inst/inst/clk_out2_pll
    BUFGCTRL_X0Y0                                                     r  pll_inst/inst/clkout2_buf/I
    BUFGCTRL_X0Y0        BUFG (Prop_bufg_I_O)         0.083     2.344 r  pll_inst/inst/clkout2_buf/O
                         net (fo=5889, routed)        1.428     3.772    student_top_inst/u_KLDJ_top/ifu0/clk_out2
    SLICE_X69Y92         FDRE                                         r  student_top_inst/u_KLDJ_top/ifu0/pc_reg_reg[7]_replica_1/C
                         clock pessimism             -0.352     3.420    
                         clock uncertainty           -0.077     3.343    
    SLICE_X69Y92         FDRE (Setup_fdre_C_D)       -0.031     3.312    student_top_inst/u_KLDJ_top/ifu0/pc_reg_reg[7]_replica_1
  -------------------------------------------------------------------
                         required time                          3.312    
                         arrival time                          -3.082    
  -------------------------------------------------------------------
                         slack                                  0.230    

Slack (MET) :             0.234ns  (required time - arrival time)
  Source:                 student_top_inst/u_KLDJ_top/ifu0/pc_reg_reg[5]_replica/C
                            (rising edge-triggered cell FDRE clocked by clk_out2_pll  {rise@0.000ns fall@2.857ns period=5.714ns})
  Destination:            student_top_inst/u_KLDJ_top/ifu0/pc_reg_reg[9]/D
                            (rising edge-triggered cell FDRE clocked by clk_out2_pll  {rise@0.000ns fall@2.857ns period=5.714ns})
  Path Group:             clk_out2_pll
  Path Type:              Setup (Max at Slow Process Corner)
  Requirement:            5.714ns  (clk_out2_pll rise@5.714ns - clk_out2_pll rise@0.000ns)
  Data Path Delay:        5.335ns  (logic 0.954ns (17.883%)  route 4.381ns (82.117%))
  Logic Levels:           10  (LUT2=1 LUT5=3 LUT6=4 MUXF7=2)
  Clock Path Skew:        -0.047ns (DCD - SCD + CPR)
    Destination Clock Delay (DCD):    -1.946ns = ( 3.769 - 5.714 ) 
    Source Clock Delay      (SCD):    -2.271ns
    Clock Pessimism Removal (CPR):    -0.373ns
  Clock Uncertainty:      0.077ns  ((TSJ^2 + DJ^2)^1/2) / 2 + PE
    Total System Jitter     (TSJ):    0.071ns
    Discrete Jitter          (DJ):    0.137ns
    Phase Error              (PE):    0.000ns

    Location             Delay type                Incr(ns)  Path(ns)    Netlist Resource(s)
  -------------------------------------------------------------------    -------------------
                         (clock clk_out2_pll rise edge)
                                                      0.000     0.000 r  
    AD12                                              0.000     0.000 r  i_sys_clk_p (IN)
                         net (fo=0)                   0.000     0.000    pll_inst/inst/clk_in1_p
    AD12                                                              r  pll_inst/inst/clkin1_ibufgds/I
    AD12                 IBUFDS (Prop_ibufds_I_O)     0.906     0.906 r  pll_inst/inst/clkin1_ibufgds/O
                         net (fo=1, routed)           1.098     2.004    pll_inst/inst/clk_in1_pll
    PLLE2_ADV_X1Y1                                                    r  pll_inst/inst/plle2_adv_inst/CLKIN1
    PLLE2_ADV_X1Y1       PLLE2_ADV (Prop_plle2_adv_CLKIN1_CLKOUT1)
                                                     -8.058    -6.054 r  pll_inst/inst/plle2_adv_inst/CLKOUT1
                         net (fo=1, routed)           2.128    -3.926    pll_inst/inst/clk_out2_pll
    BUFGCTRL_X0Y0                                                     r  pll_inst/inst/clkout2_buf/I
    BUFGCTRL_X0Y0        BUFG (Prop_bufg_I_O)         0.093    -3.833 r  pll_inst/inst/clkout2_buf/O
                         net (fo=5889, routed)        1.562    -2.271    student_top_inst/u_KLDJ_top/ifu0/clk_out2
    SLICE_X69Y89         FDRE                                         r  student_top_inst/u_KLDJ_top/ifu0/pc_reg_reg[5]_replica/C
  -------------------------------------------------------------------    -------------------
    SLICE_X69Y89         FDRE (Prop_fdre_C_Q)         0.223    -2.048 r  student_top_inst/u_KLDJ_top/ifu0/pc_reg_reg[5]_replica/Q
                         net (fo=144, routed)         1.139    -0.910    student_top_inst/Mem_IROM/U0/Q[5]_repN_alias
    SLICE_X48Y100                                                     r  student_top_inst/Mem_IROM/U0/g18_b5/I3
    SLICE_X48Y100        LUT6 (Prop_lut6_I3_O)        0.043    -0.867 r  student_top_inst/Mem_IROM/U0/g18_b5/O
                         net (fo=1, routed)           0.000    -0.867    student_top_inst/Mem_IROM/U0/g18_b5_n_0
    SLICE_X48Y100                                                     r  student_top_inst/Mem_IROM/U0/spo[6]_INST_0_i_10/I0
    SLICE_X48Y100        MUXF7 (Prop_muxf7_I0_O)      0.107    -0.760 r  student_top_inst/Mem_IROM/U0/spo[6]_INST_0_i_10/O
                         net (fo=1, routed)           0.442    -0.318    student_top_inst/Mem_IROM/U0/spo[6]_INST_0_i_10_n_0
    SLICE_X47Y101                                                     r  student_top_inst/Mem_IROM/U0/spo[6]_INST_0_i_4/I3
    SLICE_X47Y101        LUT6 (Prop_lut6_I3_O)        0.124    -0.194 r  student_top_inst/Mem_IROM/U0/spo[6]_INST_0_i_4/O
                         net (fo=1, routed)           0.000    -0.194    student_top_inst/Mem_IROM/U0/spo[6]_INST_0_i_4_n_0
    SLICE_X47Y101                                                     r  student_top_inst/Mem_IROM/U0/spo[6]_INST_0_i_2/I0
    SLICE_X47Y101        MUXF7 (Prop_muxf7_I0_O)      0.120    -0.074 r  student_top_inst/Mem_IROM/U0/spo[6]_INST_0_i_2/O
                         net (fo=1, routed)           0.565     0.491    student_top_inst/Mem_IROM/U0/spo[6]_INST_0_i_2_n_0
    SLICE_X51Y101                                                     r  student_top_inst/Mem_IROM/U0/spo[6]_INST_0/I3
    SLICE_X51Y101        LUT6 (Prop_lut6_I3_O)        0.122     0.613 r  student_top_inst/Mem_IROM/U0/spo[6]_INST_0/O
                         net (fo=2, routed)           0.555     1.168    student_top_inst/u_KLDJ_top/ifu0/spo[6]
    SLICE_X57Y94                                                      r  student_top_inst/u_KLDJ_top/ifu0/pc_reg[31]_i_24/I4
    SLICE_X57Y94         LUT5 (Prop_lut5_I4_O)        0.043     1.211 r  student_top_inst/u_KLDJ_top/ifu0/pc_reg[31]_i_24/O
                         net (fo=1, routed)           0.098     1.309    student_top_inst/u_KLDJ_top/ifu0/if_static_jal00_in
    SLICE_X57Y94                                                      r  student_top_inst/u_KLDJ_top/ifu0/pc_reg[31]_i_15/I0
    SLICE_X57Y94         LUT2 (Prop_lut2_I0_O)        0.043     1.352 r  student_top_inst/u_KLDJ_top/ifu0/pc_reg[31]_i_15/O
                         net (fo=33, routed)          0.329     1.681    student_top_inst/u_KLDJ_top/u_bpu/u_gshare_btb_core/if_static_jal
    SLICE_X68Y94                                                      r  student_top_inst/u_KLDJ_top/u_bpu/u_gshare_btb_core/if_id_pred_taken_i_2/I0
    SLICE_X68Y94         LUT5 (Prop_lut5_I0_O)        0.043     1.724 r  student_top_inst/u_KLDJ_top/u_bpu/u_gshare_btb_core/if_id_pred_taken_i_2/O
                         net (fo=33, routed)          0.418     2.142    student_top_inst/u_KLDJ_top/ifu0/if_pred_taken
    SLICE_X65Y89                                                      r  student_top_inst/u_KLDJ_top/ifu0/pc_reg[9]_i_4/I3
    SLICE_X65Y89         LUT5 (Prop_lut5_I3_O)        0.043     2.185 r  student_top_inst/u_KLDJ_top/ifu0/pc_reg[9]_i_4/O
                         net (fo=1, routed)           0.473     2.658    student_top_inst/u_KLDJ_top/u_pipe_id_ex/dnpc[9]
    SLICE_X72Y88                                                      r  student_top_inst/u_KLDJ_top/u_pipe_id_ex/pc_reg[9]_i_1/I5
    SLICE_X72Y88         LUT6 (Prop_lut6_I5_O)        0.043     2.701 r  student_top_inst/u_KLDJ_top/u_pipe_id_ex/pc_reg[9]_i_1/O
                         net (fo=1, routed)           0.362     3.063    student_top_inst/u_KLDJ_top/ifu0/pc_reg_reg[31]_1[9]
    SLICE_X72Y88         FDRE                                         r  student_top_inst/u_KLDJ_top/ifu0/pc_reg_reg[9]/D
  -------------------------------------------------------------------    -------------------

                         (clock clk_out2_pll rise edge)
                                                      5.714     5.714 r  
    AD12                                              0.000     5.714 r  i_sys_clk_p (IN)
                         net (fo=0)                   0.000     5.714    pll_inst/inst/clk_in1_p
    AD12                                                              r  pll_inst/inst/clkin1_ibufgds/I
    AD12                 IBUFDS (Prop_ibufds_I_O)     0.803     6.518 r  pll_inst/inst/clkin1_ibufgds/O
                         net (fo=1, routed)           1.001     7.519    pll_inst/inst/clk_in1_pll
    PLLE2_ADV_X1Y1                                                    r  pll_inst/inst/plle2_adv_inst/CLKIN1
    PLLE2_ADV_X1Y1       PLLE2_ADV (Prop_plle2_adv_CLKIN1_CLKOUT1)
                                                     -7.261     0.258 r  pll_inst/inst/plle2_adv_inst/CLKOUT1
                         net (fo=1, routed)           2.003     2.261    pll_inst/inst/clk_out2_pll
    BUFGCTRL_X0Y0                                                     r  pll_inst/inst/clkout2_buf/I
    BUFGCTRL_X0Y0        BUFG (Prop_bufg_I_O)         0.083     2.344 r  pll_inst/inst/clkout2_buf/O
                         net (fo=5889, routed)        1.425     3.769    student_top_inst/u_KLDJ_top/ifu0/clk_out2
    SLICE_X72Y88         FDRE                                         r  student_top_inst/u_KLDJ_top/ifu0/pc_reg_reg[9]/C
                         clock pessimism             -0.373     3.396    
                         clock uncertainty           -0.077     3.319    
    SLICE_X72Y88         FDRE (Setup_fdre_C_D)       -0.022     3.297    student_top_inst/u_KLDJ_top/ifu0/pc_reg_reg[9]
  -------------------------------------------------------------------
                         required time                          3.297    
                         arrival time                          -3.063    
  -------------------------------------------------------------------
                         slack                                  0.234    

Slack (MET) :             0.234ns  (required time - arrival time)
  Source:                 student_top_inst/u_KLDJ_top/ifu0/pc_reg_reg[5]_replica/C
                            (rising edge-triggered cell FDRE clocked by clk_out2_pll  {rise@0.000ns fall@2.857ns period=5.714ns})
  Destination:            student_top_inst/u_KLDJ_top/ifu0/pc_reg_reg[9]/D
                            (rising edge-triggered cell FDRE clocked by clk_out2_pll  {rise@0.000ns fall@2.857ns period=5.714ns})
  Path Group:             clk_out2_pll
  Path Type:              Setup (Max at Slow Process Corner)
  Requirement:            5.714ns  (clk_out2_pll rise@5.714ns - clk_out2_pll rise@0.000ns)
  Data Path Delay:        5.335ns  (logic 0.954ns (17.883%)  route 4.381ns (82.117%))
  Logic Levels:           10  (LUT2=1 LUT5=3 LUT6=4 MUXF7=2)
  Clock Path Skew:        -0.047ns (DCD - SCD + CPR)
    Destination Clock Delay (DCD):    -1.946ns = ( 3.769 - 5.714 ) 
    Source Clock Delay      (SCD):    -2.271ns
    Clock Pessimism Removal (CPR):    -0.373ns
  Clock Uncertainty:      0.077ns  ((TSJ^2 + DJ^2)^1/2) / 2 + PE
    Total System Jitter     (TSJ):    0.071ns
    Discrete Jitter          (DJ):    0.137ns
    Phase Error              (PE):    0.000ns

    Location             Delay type                Incr(ns)  Path(ns)    Netlist Resource(s)
  -------------------------------------------------------------------    -------------------
                         (clock clk_out2_pll rise edge)
                                                      0.000     0.000 r  
    AD12                                              0.000     0.000 r  i_sys_clk_p (IN)
                         net (fo=0)                   0.000     0.000    pll_inst/inst/clk_in1_p
    AD12                                                              r  pll_inst/inst/clkin1_ibufgds/I
    AD12                 IBUFDS (Prop_ibufds_I_O)     0.906     0.906 r  pll_inst/inst/clkin1_ibufgds/O
                         net (fo=1, routed)           1.098     2.004    pll_inst/inst/clk_in1_pll
    PLLE2_ADV_X1Y1                                                    r  pll_inst/inst/plle2_adv_inst/CLKIN1
    PLLE2_ADV_X1Y1       PLLE2_ADV (Prop_plle2_adv_CLKIN1_CLKOUT1)
                                                     -8.058    -6.054 r  pll_inst/inst/plle2_adv_inst/CLKOUT1
                         net (fo=1, routed)           2.128    -3.926    pll_inst/inst/clk_out2_pll
    BUFGCTRL_X0Y0                                                     r  pll_inst/inst/clkout2_buf/I
    BUFGCTRL_X0Y0        BUFG (Prop_bufg_I_O)         0.093    -3.833 r  pll_inst/inst/clkout2_buf/O
                         net (fo=5889, routed)        1.562    -2.271    student_top_inst/u_KLDJ_top/ifu0/clk_out2
    SLICE_X69Y89         FDRE                                         r  student_top_inst/u_KLDJ_top/ifu0/pc_reg_reg[5]_replica/C
  -------------------------------------------------------------------    -------------------
    SLICE_X69Y89         FDRE (Prop_fdre_C_Q)         0.223    -2.048 f  student_top_inst/u_KLDJ_top/ifu0/pc_reg_reg[5]_replica/Q
                         net (fo=144, routed)         1.139    -0.910    student_top_inst/Mem_IROM/U0/Q[5]_repN_alias
    SLICE_X48Y100                                                     f  student_top_inst/Mem_IROM/U0/g18_b5/I3
    SLICE_X48Y100        LUT6 (Prop_lut6_I3_O)        0.043    -0.867 r  student_top_inst/Mem_IROM/U0/g18_b5/O
                         net (fo=1, routed)           0.000    -0.867    student_top_inst/Mem_IROM/U0/g18_b5_n_0
    SLICE_X48Y100                                                     r  student_top_inst/Mem_IROM/U0/spo[6]_INST_0_i_10/I0
    SLICE_X48Y100        MUXF7 (Prop_muxf7_I0_O)      0.107    -0.760 r  student_top_inst/Mem_IROM/U0/spo[6]_INST_0_i_10/O
                         net (fo=1, routed)           0.442    -0.318    student_top_inst/Mem_IROM/U0/spo[6]_INST_0_i_10_n_0
    SLICE_X47Y101                                                     r  student_top_inst/Mem_IROM/U0/spo[6]_INST_0_i_4/I3
    SLICE_X47Y101        LUT6 (Prop_lut6_I3_O)        0.124    -0.194 r  student_top_inst/Mem_IROM/U0/spo[6]_INST_0_i_4/O
                         net (fo=1, routed)           0.000    -0.194    student_top_inst/Mem_IROM/U0/spo[6]_INST_0_i_4_n_0
    SLICE_X47Y101                                                     r  student_top_inst/Mem_IROM/U0/spo[6]_INST_0_i_2/I0
    SLICE_X47Y101        MUXF7 (Prop_muxf7_I0_O)      0.120    -0.074 r  student_top_inst/Mem_IROM/U0/spo[6]_INST_0_i_2/O
                         net (fo=1, routed)           0.565     0.491    student_top_inst/Mem_IROM/U0/spo[6]_INST_0_i_2_n_0
    SLICE_X51Y101                                                     r  student_top_inst/Mem_IROM/U0/spo[6]_INST_0/I3
    SLICE_X51Y101        LUT6 (Prop_lut6_I3_O)        0.122     0.613 r  student_top_inst/Mem_IROM/U0/spo[6]_INST_0/O
                         net (fo=2, routed)           0.555     1.168    student_top_inst/u_KLDJ_top/ifu0/spo[6]
    SLICE_X57Y94                                                      r  student_top_inst/u_KLDJ_top/ifu0/pc_reg[31]_i_24/I4
    SLICE_X57Y94         LUT5 (Prop_lut5_I4_O)        0.043     1.211 r  student_top_inst/u_KLDJ_top/ifu0/pc_reg[31]_i_24/O
                         net (fo=1, routed)           0.098     1.309    student_top_inst/u_KLDJ_top/ifu0/if_static_jal00_in
    SLICE_X57Y94                                                      r  student_top_inst/u_KLDJ_top/ifu0/pc_reg[31]_i_15/I0
    SLICE_X57Y94         LUT2 (Prop_lut2_I0_O)        0.043     1.352 r  student_top_inst/u_KLDJ_top/ifu0/pc_reg[31]_i_15/O
                         net (fo=33, routed)          0.329     1.681    student_top_inst/u_KLDJ_top/u_bpu/u_gshare_btb_core/if_static_jal
    SLICE_X68Y94                                                      r  student_top_inst/u_KLDJ_top/u_bpu/u_gshare_btb_core/if_id_pred_taken_i_2/I0
    SLICE_X68Y94         LUT5 (Prop_lut5_I0_O)        0.043     1.724 r  student_top_inst/u_KLDJ_top/u_bpu/u_gshare_btb_core/if_id_pred_taken_i_2/O
                         net (fo=33, routed)          0.418     2.142    student_top_inst/u_KLDJ_top/ifu0/if_pred_taken
    SLICE_X65Y89                                                      r  student_top_inst/u_KLDJ_top/ifu0/pc_reg[9]_i_4/I3
    SLICE_X65Y89         LUT5 (Prop_lut5_I3_O)        0.043     2.185 r  student_top_inst/u_KLDJ_top/ifu0/pc_reg[9]_i_4/O
                         net (fo=1, routed)           0.473     2.658    student_top_inst/u_KLDJ_top/u_pipe_id_ex/dnpc[9]
    SLICE_X72Y88                                                      r  student_top_inst/u_KLDJ_top/u_pipe_id_ex/pc_reg[9]_i_1/I5
    SLICE_X72Y88         LUT6 (Prop_lut6_I5_O)        0.043     2.701 r  student_top_inst/u_KLDJ_top/u_pipe_id_ex/pc_reg[9]_i_1/O
                         net (fo=1, routed)           0.362     3.063    student_top_inst/u_KLDJ_top/ifu0/pc_reg_reg[31]_1[9]
    SLICE_X72Y88         FDRE                                         r  student_top_inst/u_KLDJ_top/ifu0/pc_reg_reg[9]/D
  -------------------------------------------------------------------    -------------------

                         (clock clk_out2_pll rise edge)
                                                      5.714     5.714 r  
    AD12                                              0.000     5.714 r  i_sys_clk_p (IN)
                         net (fo=0)                   0.000     5.714    pll_inst/inst/clk_in1_p
    AD12                                                              r  pll_inst/inst/clkin1_ibufgds/I
    AD12                 IBUFDS (Prop_ibufds_I_O)     0.803     6.518 r  pll_inst/inst/clkin1_ibufgds/O
                         net (fo=1, routed)           1.001     7.519    pll_inst/inst/clk_in1_pll
    PLLE2_ADV_X1Y1                                                    r  pll_inst/inst/plle2_adv_inst/CLKIN1
    PLLE2_ADV_X1Y1       PLLE2_ADV (Prop_plle2_adv_CLKIN1_CLKOUT1)
                                                     -7.261     0.258 r  pll_inst/inst/plle2_adv_inst/CLKOUT1
                         net (fo=1, routed)           2.003     2.261    pll_inst/inst/clk_out2_pll
    BUFGCTRL_X0Y0                                                     r  pll_inst/inst/clkout2_buf/I
    BUFGCTRL_X0Y0        BUFG (Prop_bufg_I_O)         0.083     2.344 r  pll_inst/inst/clkout2_buf/O
                         net (fo=5889, routed)        1.425     3.769    student_top_inst/u_KLDJ_top/ifu0/clk_out2
    SLICE_X72Y88         FDRE                                         r  student_top_inst/u_KLDJ_top/ifu0/pc_reg_reg[9]/C
                         clock pessimism             -0.373     3.396    
                         clock uncertainty           -0.077     3.319    
    SLICE_X72Y88         FDRE (Setup_fdre_C_D)       -0.022     3.297    student_top_inst/u_KLDJ_top/ifu0/pc_reg_reg[9]
  -------------------------------------------------------------------
                         required time                          3.297    
                         arrival time                          -3.063    
  -------------------------------------------------------------------
                         slack                                  0.234    

Slack (MET) :             0.234ns  (required time - arrival time)
  Source:                 student_top_inst/u_KLDJ_top/ifu0/pc_reg_reg[5]_replica/C
                            (rising edge-triggered cell FDRE clocked by clk_out2_pll  {rise@0.000ns fall@2.857ns period=5.714ns})
  Destination:            student_top_inst/u_KLDJ_top/ifu0/pc_reg_reg[9]/D
                            (rising edge-triggered cell FDRE clocked by clk_out2_pll  {rise@0.000ns fall@2.857ns period=5.714ns})
  Path Group:             clk_out2_pll
  Path Type:              Setup (Max at Slow Process Corner)
  Requirement:            5.714ns  (clk_out2_pll rise@5.714ns - clk_out2_pll rise@0.000ns)
  Data Path Delay:        5.335ns  (logic 0.954ns (17.883%)  route 4.381ns (82.117%))
  Logic Levels:           10  (LUT2=1 LUT5=3 LUT6=4 MUXF7=2)
  Clock Path Skew:        -0.047ns (DCD - SCD + CPR)
    Destination Clock Delay (DCD):    -1.946ns = ( 3.769 - 5.714 ) 
    Source Clock Delay      (SCD):    -2.271ns
    Clock Pessimism Removal (CPR):    -0.373ns
  Clock Uncertainty:      0.077ns  ((TSJ^2 + DJ^2)^1/2) / 2 + PE
    Total System Jitter     (TSJ):    0.071ns
    Discrete Jitter          (DJ):    0.137ns
    Phase Error              (PE):    0.000ns

    Location             Delay type                Incr(ns)  Path(ns)    Netlist Resource(s)
  -------------------------------------------------------------------    -------------------
                         (clock clk_out2_pll rise edge)
                                                      0.000     0.000 r  
    AD12                                              0.000     0.000 r  i_sys_clk_p (IN)
                         net (fo=0)                   0.000     0.000    pll_inst/inst/clk_in1_p
    AD12                                                              r  pll_inst/inst/clkin1_ibufgds/I
    AD12                 IBUFDS (Prop_ibufds_I_O)     0.906     0.906 r  pll_inst/inst/clkin1_ibufgds/O
                         net (fo=1, routed)           1.098     2.004    pll_inst/inst/clk_in1_pll
    PLLE2_ADV_X1Y1                                                    r  pll_inst/inst/plle2_adv_inst/CLKIN1
    PLLE2_ADV_X1Y1       PLLE2_ADV (Prop_plle2_adv_CLKIN1_CLKOUT1)
                                                     -8.058    -6.054 r  pll_inst/inst/plle2_adv_inst/CLKOUT1
                         net (fo=1, routed)           2.128    -3.926    pll_inst/inst/clk_out2_pll
    BUFGCTRL_X0Y0                                                     r  pll_inst/inst/clkout2_buf/I
    BUFGCTRL_X0Y0        BUFG (Prop_bufg_I_O)         0.093    -3.833 r  pll_inst/inst/clkout2_buf/O
                         net (fo=5889, routed)        1.562    -2.271    student_top_inst/u_KLDJ_top/ifu0/clk_out2
    SLICE_X69Y89         FDRE                                         r  student_top_inst/u_KLDJ_top/ifu0/pc_reg_reg[5]_replica/C
  -------------------------------------------------------------------    -------------------
    SLICE_X69Y89         FDRE (Prop_fdre_C_Q)         0.223    -2.048 r  student_top_inst/u_KLDJ_top/ifu0/pc_reg_reg[5]_replica/Q
                         net (fo=144, routed)         1.139    -0.910    student_top_inst/Mem_IROM/U0/Q[5]_repN_alias
    SLICE_X48Y100                                                     r  student_top_inst/Mem_IROM/U0/g18_b5/I3
    SLICE_X48Y100        LUT6 (Prop_lut6_I3_O)        0.043    -0.867 f  student_top_inst/Mem_IROM/U0/g18_b5/O
                         net (fo=1, routed)           0.000    -0.867    student_top_inst/Mem_IROM/U0/g18_b5_n_0
    SLICE_X48Y100                                                     f  student_top_inst/Mem_IROM/U0/spo[6]_INST_0_i_10/I0
    SLICE_X48Y100        MUXF7 (Prop_muxf7_I0_O)      0.107    -0.760 f  student_top_inst/Mem_IROM/U0/spo[6]_INST_0_i_10/O
                         net (fo=1, routed)           0.442    -0.318    student_top_inst/Mem_IROM/U0/spo[6]_INST_0_i_10_n_0
    SLICE_X47Y101                                                     f  student_top_inst/Mem_IROM/U0/spo[6]_INST_0_i_4/I3
    SLICE_X47Y101        LUT6 (Prop_lut6_I3_O)        0.124    -0.194 f  student_top_inst/Mem_IROM/U0/spo[6]_INST_0_i_4/O
                         net (fo=1, routed)           0.000    -0.194    student_top_inst/Mem_IROM/U0/spo[6]_INST_0_i_4_n_0
    SLICE_X47Y101                                                     f  student_top_inst/Mem_IROM/U0/spo[6]_INST_0_i_2/I0
    SLICE_X47Y101        MUXF7 (Prop_muxf7_I0_O)      0.120    -0.074 f  student_top_inst/Mem_IROM/U0/spo[6]_INST_0_i_2/O
                         net (fo=1, routed)           0.565     0.491    student_top_inst/Mem_IROM/U0/spo[6]_INST_0_i_2_n_0
    SLICE_X51Y101                                                     f  student_top_inst/Mem_IROM/U0/spo[6]_INST_0/I3
    SLICE_X51Y101        LUT6 (Prop_lut6_I3_O)        0.122     0.613 f  student_top_inst/Mem_IROM/U0/spo[6]_INST_0/O
                         net (fo=2, routed)           0.555     1.168    student_top_inst/u_KLDJ_top/ifu0/spo[6]
    SLICE_X57Y94                                                      f  student_top_inst/u_KLDJ_top/ifu0/pc_reg[31]_i_24/I4
    SLICE_X57Y94         LUT5 (Prop_lut5_I4_O)        0.043     1.211 f  student_top_inst/u_KLDJ_top/ifu0/pc_reg[31]_i_24/O
                         net (fo=1, routed)           0.098     1.309    student_top_inst/u_KLDJ_top/ifu0/if_static_jal00_in
    SLICE_X57Y94                                                      f  student_top_inst/u_KLDJ_top/ifu0/pc_reg[31]_i_15/I0
    SLICE_X57Y94         LUT2 (Prop_lut2_I0_O)        0.043     1.352 f  student_top_inst/u_KLDJ_top/ifu0/pc_reg[31]_i_15/O
                         net (fo=33, routed)          0.329     1.681    student_top_inst/u_KLDJ_top/u_bpu/u_gshare_btb_core/if_static_jal
    SLICE_X68Y94                                                      f  student_top_inst/u_KLDJ_top/u_bpu/u_gshare_btb_core/if_id_pred_taken_i_2/I0
    SLICE_X68Y94         LUT5 (Prop_lut5_I0_O)        0.043     1.724 f  student_top_inst/u_KLDJ_top/u_bpu/u_gshare_btb_core/if_id_pred_taken_i_2/O
                         net (fo=33, routed)          0.418     2.142    student_top_inst/u_KLDJ_top/ifu0/if_pred_taken
    SLICE_X65Y89                                                      f  student_top_inst/u_KLDJ_top/ifu0/pc_reg[9]_i_4/I3
    SLICE_X65Y89         LUT5 (Prop_lut5_I3_O)        0.043     2.185 r  student_top_inst/u_KLDJ_top/ifu0/pc_reg[9]_i_4/O
                         net (fo=1, routed)           0.473     2.658    student_top_inst/u_KLDJ_top/u_pipe_id_ex/dnpc[9]
    SLICE_X72Y88                                                      r  student_top_inst/u_KLDJ_top/u_pipe_id_ex/pc_reg[9]_i_1/I5
    SLICE_X72Y88         LUT6 (Prop_lut6_I5_O)        0.043     2.701 r  student_top_inst/u_KLDJ_top/u_pipe_id_ex/pc_reg[9]_i_1/O
                         net (fo=1, routed)           0.362     3.063    student_top_inst/u_KLDJ_top/ifu0/pc_reg_reg[31]_1[9]
    SLICE_X72Y88         FDRE                                         r  student_top_inst/u_KLDJ_top/ifu0/pc_reg_reg[9]/D
  -------------------------------------------------------------------    -------------------

                         (clock clk_out2_pll rise edge)
                                                      5.714     5.714 r  
    AD12                                              0.000     5.714 r  i_sys_clk_p (IN)
                         net (fo=0)                   0.000     5.714    pll_inst/inst/clk_in1_p
    AD12                                                              r  pll_inst/inst/clkin1_ibufgds/I
    AD12                 IBUFDS (Prop_ibufds_I_O)     0.803     6.518 r  pll_inst/inst/clkin1_ibufgds/O
                         net (fo=1, routed)           1.001     7.519    pll_inst/inst/clk_in1_pll
    PLLE2_ADV_X1Y1                                                    r  pll_inst/inst/plle2_adv_inst/CLKIN1
    PLLE2_ADV_X1Y1       PLLE2_ADV (Prop_plle2_adv_CLKIN1_CLKOUT1)
                                                     -7.261     0.258 r  pll_inst/inst/plle2_adv_inst/CLKOUT1
                         net (fo=1, routed)           2.003     2.261    pll_inst/inst/clk_out2_pll
    BUFGCTRL_X0Y0                                                     r  pll_inst/inst/clkout2_buf/I
    BUFGCTRL_X0Y0        BUFG (Prop_bufg_I_O)         0.083     2.344 r  pll_inst/inst/clkout2_buf/O
                         net (fo=5889, routed)        1.425     3.769    student_top_inst/u_KLDJ_top/ifu0/clk_out2
    SLICE_X72Y88         FDRE                                         r  student_top_inst/u_KLDJ_top/ifu0/pc_reg_reg[9]/C
                         clock pessimism             -0.373     3.396    
                         clock uncertainty           -0.077     3.319    
    SLICE_X72Y88         FDRE (Setup_fdre_C_D)       -0.022     3.297    student_top_inst/u_KLDJ_top/ifu0/pc_reg_reg[9]
  -------------------------------------------------------------------
                         required time                          3.297    
                         arrival time                          -3.063    
  -------------------------------------------------------------------
                         slack                                  0.234    

Slack (MET) :             0.234ns  (required time - arrival time)
  Source:                 student_top_inst/u_KLDJ_top/ifu0/pc_reg_reg[5]_replica/C
                            (rising edge-triggered cell FDRE clocked by clk_out2_pll  {rise@0.000ns fall@2.857ns period=5.714ns})
  Destination:            student_top_inst/u_KLDJ_top/ifu0/pc_reg_reg[9]/D
                            (rising edge-triggered cell FDRE clocked by clk_out2_pll  {rise@0.000ns fall@2.857ns period=5.714ns})
  Path Group:             clk_out2_pll
  Path Type:              Setup (Max at Slow Process Corner)
  Requirement:            5.714ns  (clk_out2_pll rise@5.714ns - clk_out2_pll rise@0.000ns)
  Data Path Delay:        5.335ns  (logic 0.954ns (17.883%)  route 4.381ns (82.117%))
  Logic Levels:           10  (LUT2=1 LUT5=3 LUT6=4 MUXF7=2)
  Clock Path Skew:        -0.047ns (DCD - SCD + CPR)
    Destination Clock Delay (DCD):    -1.946ns = ( 3.769 - 5.714 ) 
    Source Clock Delay      (SCD):    -2.271ns
    Clock Pessimism Removal (CPR):    -0.373ns
  Clock Uncertainty:      0.077ns  ((TSJ^2 + DJ^2)^1/2) / 2 + PE
    Total System Jitter     (TSJ):    0.071ns
    Discrete Jitter          (DJ):    0.137ns
    Phase Error              (PE):    0.000ns

    Location             Delay type                Incr(ns)  Path(ns)    Netlist Resource(s)
  -------------------------------------------------------------------    -------------------
                         (clock clk_out2_pll rise edge)
                                                      0.000     0.000 r  
    AD12                                              0.000     0.000 r  i_sys_clk_p (IN)
                         net (fo=0)                   0.000     0.000    pll_inst/inst/clk_in1_p
    AD12                                                              r  pll_inst/inst/clkin1_ibufgds/I
    AD12                 IBUFDS (Prop_ibufds_I_O)     0.906     0.906 r  pll_inst/inst/clkin1_ibufgds/O
                         net (fo=1, routed)           1.098     2.004    pll_inst/inst/clk_in1_pll
    PLLE2_ADV_X1Y1                                                    r  pll_inst/inst/plle2_adv_inst/CLKIN1
    PLLE2_ADV_X1Y1       PLLE2_ADV (Prop_plle2_adv_CLKIN1_CLKOUT1)
                                                     -8.058    -6.054 r  pll_inst/inst/plle2_adv_inst/CLKOUT1
                         net (fo=1, routed)           2.128    -3.926    pll_inst/inst/clk_out2_pll
    BUFGCTRL_X0Y0                                                     r  pll_inst/inst/clkout2_buf/I
    BUFGCTRL_X0Y0        BUFG (Prop_bufg_I_O)         0.093    -3.833 r  pll_inst/inst/clkout2_buf/O
                         net (fo=5889, routed)        1.562    -2.271    student_top_inst/u_KLDJ_top/ifu0/clk_out2
    SLICE_X69Y89         FDRE                                         r  student_top_inst/u_KLDJ_top/ifu0/pc_reg_reg[5]_replica/C
  -------------------------------------------------------------------    -------------------
    SLICE_X69Y89         FDRE (Prop_fdre_C_Q)         0.223    -2.048 f  student_top_inst/u_KLDJ_top/ifu0/pc_reg_reg[5]_replica/Q
                         net (fo=144, routed)         1.139    -0.910    student_top_inst/Mem_IROM/U0/Q[5]_repN_alias
    SLICE_X48Y100                                                     f  student_top_inst/Mem_IROM/U0/g18_b5/I3
    SLICE_X48Y100        LUT6 (Prop_lut6_I3_O)        0.043    -0.867 f  student_top_inst/Mem_IROM/U0/g18_b5/O
                         net (fo=1, routed)           0.000    -0.867    student_top_inst/Mem_IROM/U0/g18_b5_n_0
    SLICE_X48Y100                                                     f  student_top_inst/Mem_IROM/U0/spo[6]_INST_0_i_10/I0
    SLICE_X48Y100        MUXF7 (Prop_muxf7_I0_O)      0.107    -0.760 f  student_top_inst/Mem_IROM/U0/spo[6]_INST_0_i_10/O
                         net (fo=1, routed)           0.442    -0.318    student_top_inst/Mem_IROM/U0/spo[6]_INST_0_i_10_n_0
    SLICE_X47Y101                                                     f  student_top_inst/Mem_IROM/U0/spo[6]_INST_0_i_4/I3
    SLICE_X47Y101        LUT6 (Prop_lut6_I3_O)        0.124    -0.194 f  student_top_inst/Mem_IROM/U0/spo[6]_INST_0_i_4/O
                         net (fo=1, routed)           0.000    -0.194    student_top_inst/Mem_IROM/U0/spo[6]_INST_0_i_4_n_0
    SLICE_X47Y101                                                     f  student_top_inst/Mem_IROM/U0/spo[6]_INST_0_i_2/I0
    SLICE_X47Y101        MUXF7 (Prop_muxf7_I0_O)      0.120    -0.074 f  student_top_inst/Mem_IROM/U0/spo[6]_INST_0_i_2/O
                         net (fo=1, routed)           0.565     0.491    student_top_inst/Mem_IROM/U0/spo[6]_INST_0_i_2_n_0
    SLICE_X51Y101                                                     f  student_top_inst/Mem_IROM/U0/spo[6]_INST_0/I3
    SLICE_X51Y101        LUT6 (Prop_lut6_I3_O)        0.122     0.613 f  student_top_inst/Mem_IROM/U0/spo[6]_INST_0/O
                         net (fo=2, routed)           0.555     1.168    student_top_inst/u_KLDJ_top/ifu0/spo[6]
    SLICE_X57Y94                                                      f  student_top_inst/u_KLDJ_top/ifu0/pc_reg[31]_i_24/I4
    SLICE_X57Y94         LUT5 (Prop_lut5_I4_O)        0.043     1.211 f  student_top_inst/u_KLDJ_top/ifu0/pc_reg[31]_i_24/O
                         net (fo=1, routed)           0.098     1.309    student_top_inst/u_KLDJ_top/ifu0/if_static_jal00_in
    SLICE_X57Y94                                                      f  student_top_inst/u_KLDJ_top/ifu0/pc_reg[31]_i_15/I0
    SLICE_X57Y94         LUT2 (Prop_lut2_I0_O)        0.043     1.352 f  student_top_inst/u_KLDJ_top/ifu0/pc_reg[31]_i_15/O
                         net (fo=33, routed)          0.329     1.681    student_top_inst/u_KLDJ_top/u_bpu/u_gshare_btb_core/if_static_jal
    SLICE_X68Y94                                                      f  student_top_inst/u_KLDJ_top/u_bpu/u_gshare_btb_core/if_id_pred_taken_i_2/I0
    SLICE_X68Y94         LUT5 (Prop_lut5_I0_O)        0.043     1.724 f  student_top_inst/u_KLDJ_top/u_bpu/u_gshare_btb_core/if_id_pred_taken_i_2/O
                         net (fo=33, routed)          0.418     2.142    student_top_inst/u_KLDJ_top/ifu0/if_pred_taken
    SLICE_X65Y89                                                      f  student_top_inst/u_KLDJ_top/ifu0/pc_reg[9]_i_4/I3
    SLICE_X65Y89         LUT5 (Prop_lut5_I3_O)        0.043     2.185 r  student_top_inst/u_KLDJ_top/ifu0/pc_reg[9]_i_4/O
                         net (fo=1, routed)           0.473     2.658    student_top_inst/u_KLDJ_top/u_pipe_id_ex/dnpc[9]
    SLICE_X72Y88                                                      r  student_top_inst/u_KLDJ_top/u_pipe_id_ex/pc_reg[9]_i_1/I5
    SLICE_X72Y88         LUT6 (Prop_lut6_I5_O)        0.043     2.701 r  student_top_inst/u_KLDJ_top/u_pipe_id_ex/pc_reg[9]_i_1/O
                         net (fo=1, routed)           0.362     3.063    student_top_inst/u_KLDJ_top/ifu0/pc_reg_reg[31]_1[9]
    SLICE_X72Y88         FDRE                                         r  student_top_inst/u_KLDJ_top/ifu0/pc_reg_reg[9]/D
  -------------------------------------------------------------------    -------------------

                         (clock clk_out2_pll rise edge)
                                                      5.714     5.714 r  
    AD12                                              0.000     5.714 r  i_sys_clk_p (IN)
                         net (fo=0)                   0.000     5.714    pll_inst/inst/clk_in1_p
    AD12                                                              r  pll_inst/inst/clkin1_ibufgds/I
    AD12                 IBUFDS (Prop_ibufds_I_O)     0.803     6.518 r  pll_inst/inst/clkin1_ibufgds/O
                         net (fo=1, routed)           1.001     7.519    pll_inst/inst/clk_in1_pll
    PLLE2_ADV_X1Y1                                                    r  pll_inst/inst/plle2_adv_inst/CLKIN1
    PLLE2_ADV_X1Y1       PLLE2_ADV (Prop_plle2_adv_CLKIN1_CLKOUT1)
                                                     -7.261     0.258 r  pll_inst/inst/plle2_adv_inst/CLKOUT1
                         net (fo=1, routed)           2.003     2.261    pll_inst/inst/clk_out2_pll
    BUFGCTRL_X0Y0                                                     r  pll_inst/inst/clkout2_buf/I
    BUFGCTRL_X0Y0        BUFG (Prop_bufg_I_O)         0.083     2.344 r  pll_inst/inst/clkout2_buf/O
                         net (fo=5889, routed)        1.425     3.769    student_top_inst/u_KLDJ_top/ifu0/clk_out2
    SLICE_X72Y88         FDRE                                         r  student_top_inst/u_KLDJ_top/ifu0/pc_reg_reg[9]/C
                         clock pessimism             -0.373     3.396    
                         clock uncertainty           -0.077     3.319    
    SLICE_X72Y88         FDRE (Setup_fdre_C_D)       -0.022     3.297    student_top_inst/u_KLDJ_top/ifu0/pc_reg_reg[9]
  -------------------------------------------------------------------
                         required time                          3.297    
                         arrival time                          -3.063    
  -------------------------------------------------------------------
                         slack                                  0.234    

Slack (MET) :             0.234ns  (required time - arrival time)
  Source:                 student_top_inst/u_KLDJ_top/ifu0/pc_reg_reg[5]_replica/C
                            (rising edge-triggered cell FDRE clocked by clk_out2_pll  {rise@0.000ns fall@2.857ns period=5.714ns})
  Destination:            student_top_inst/u_KLDJ_top/ifu0/pc_reg_reg[9]/D
                            (rising edge-triggered cell FDRE clocked by clk_out2_pll  {rise@0.000ns fall@2.857ns period=5.714ns})
  Path Group:             clk_out2_pll
  Path Type:              Setup (Max at Slow Process Corner)
  Requirement:            5.714ns  (clk_out2_pll rise@5.714ns - clk_out2_pll rise@0.000ns)
  Data Path Delay:        5.335ns  (logic 0.954ns (17.883%)  route 4.381ns (82.117%))
  Logic Levels:           10  (LUT2=1 LUT5=3 LUT6=4 MUXF7=2)
  Clock Path Skew:        -0.047ns (DCD - SCD + CPR)
    Destination Clock Delay (DCD):    -1.946ns = ( 3.769 - 5.714 ) 
    Source Clock Delay      (SCD):    -2.271ns
    Clock Pessimism Removal (CPR):    -0.373ns
  Clock Uncertainty:      0.077ns  ((TSJ^2 + DJ^2)^1/2) / 2 + PE
    Total System Jitter     (TSJ):    0.071ns
    Discrete Jitter          (DJ):    0.137ns
    Phase Error              (PE):    0.000ns

    Location             Delay type                Incr(ns)  Path(ns)    Netlist Resource(s)
  -------------------------------------------------------------------    -------------------
                         (clock clk_out2_pll rise edge)
                                                      0.000     0.000 r  
    AD12                                              0.000     0.000 r  i_sys_clk_p (IN)
                         net (fo=0)                   0.000     0.000    pll_inst/inst/clk_in1_p
    AD12                                                              r  pll_inst/inst/clkin1_ibufgds/I
    AD12                 IBUFDS (Prop_ibufds_I_O)     0.906     0.906 r  pll_inst/inst/clkin1_ibufgds/O
                         net (fo=1, routed)           1.098     2.004    pll_inst/inst/clk_in1_pll
    PLLE2_ADV_X1Y1                                                    r  pll_inst/inst/plle2_adv_inst/CLKIN1
    PLLE2_ADV_X1Y1       PLLE2_ADV (Prop_plle2_adv_CLKIN1_CLKOUT1)
                                                     -8.058    -6.054 r  pll_inst/inst/plle2_adv_inst/CLKOUT1
                         net (fo=1, routed)           2.128    -3.926    pll_inst/inst/clk_out2_pll
    BUFGCTRL_X0Y0                                                     r  pll_inst/inst/clkout2_buf/I
    BUFGCTRL_X0Y0        BUFG (Prop_bufg_I_O)         0.093    -3.833 r  pll_inst/inst/clkout2_buf/O
                         net (fo=5889, routed)        1.562    -2.271    student_top_inst/u_KLDJ_top/ifu0/clk_out2
    SLICE_X69Y89         FDRE                                         r  student_top_inst/u_KLDJ_top/ifu0/pc_reg_reg[5]_replica/C
  -------------------------------------------------------------------    -------------------
    SLICE_X69Y89         FDRE (Prop_fdre_C_Q)         0.223    -2.048 r  student_top_inst/u_KLDJ_top/ifu0/pc_reg_reg[5]_replica/Q
                         net (fo=144, routed)         1.139    -0.910    student_top_inst/Mem_IROM/U0/Q[5]_repN_alias
    SLICE_X48Y100                                                     r  student_top_inst/Mem_IROM/U0/g18_b5/I3
    SLICE_X48Y100        LUT6 (Prop_lut6_I3_O)        0.043    -0.867 r  student_top_inst/Mem_IROM/U0/g18_b5/O
                         net (fo=1, routed)           0.000    -0.867    student_top_inst/Mem_IROM/U0/g18_b5_n_0
    SLICE_X48Y100                                                     r  student_top_inst/Mem_IROM/U0/spo[6]_INST_0_i_10/I0
    SLICE_X48Y100        MUXF7 (Prop_muxf7_I0_O)      0.107    -0.760 r  student_top_inst/Mem_IROM/U0/spo[6]_INST_0_i_10/O
                         net (fo=1, routed)           0.442    -0.318    student_top_inst/Mem_IROM/U0/spo[6]_INST_0_i_10_n_0
    SLICE_X47Y101                                                     r  student_top_inst/Mem_IROM/U0/spo[6]_INST_0_i_4/I3
    SLICE_X47Y101        LUT6 (Prop_lut6_I3_O)        0.124    -0.194 r  student_top_inst/Mem_IROM/U0/spo[6]_INST_0_i_4/O
                         net (fo=1, routed)           0.000    -0.194    student_top_inst/Mem_IROM/U0/spo[6]_INST_0_i_4_n_0
    SLICE_X47Y101                                                     r  student_top_inst/Mem_IROM/U0/spo[6]_INST_0_i_2/I0
    SLICE_X47Y101        MUXF7 (Prop_muxf7_I0_O)      0.120    -0.074 r  student_top_inst/Mem_IROM/U0/spo[6]_INST_0_i_2/O
                         net (fo=1, routed)           0.565     0.491    student_top_inst/Mem_IROM/U0/spo[6]_INST_0_i_2_n_0
    SLICE_X51Y101                                                     r  student_top_inst/Mem_IROM/U0/spo[6]_INST_0/I3
    SLICE_X51Y101        LUT6 (Prop_lut6_I3_O)        0.122     0.613 r  student_top_inst/Mem_IROM/U0/spo[6]_INST_0/O
                         net (fo=2, routed)           0.555     1.168    student_top_inst/u_KLDJ_top/ifu0/spo[6]
    SLICE_X57Y94                                                      r  student_top_inst/u_KLDJ_top/ifu0/pc_reg[31]_i_24/I4
    SLICE_X57Y94         LUT5 (Prop_lut5_I4_O)        0.043     1.211 r  student_top_inst/u_KLDJ_top/ifu0/pc_reg[31]_i_24/O
                         net (fo=1, routed)           0.098     1.309    student_top_inst/u_KLDJ_top/ifu0/if_static_jal00_in
    SLICE_X57Y94                                                      r  student_top_inst/u_KLDJ_top/ifu0/pc_reg[31]_i_15/I0
    SLICE_X57Y94         LUT2 (Prop_lut2_I0_O)        0.043     1.352 r  student_top_inst/u_KLDJ_top/ifu0/pc_reg[31]_i_15/O
                         net (fo=33, routed)          0.329     1.681    student_top_inst/u_KLDJ_top/u_bpu/u_gshare_btb_core/if_static_jal
    SLICE_X68Y94                                                      r  student_top_inst/u_KLDJ_top/u_bpu/u_gshare_btb_core/if_id_pred_taken_i_2/I0
    SLICE_X68Y94         LUT5 (Prop_lut5_I0_O)        0.043     1.724 r  student_top_inst/u_KLDJ_top/u_bpu/u_gshare_btb_core/if_id_pred_taken_i_2/O
                         net (fo=33, routed)          0.418     2.142    student_top_inst/u_KLDJ_top/ifu0/if_pred_taken
    SLICE_X65Y89                                                      r  student_top_inst/u_KLDJ_top/ifu0/pc_reg[9]_i_4/I3
    SLICE_X65Y89         LUT5 (Prop_lut5_I3_O)        0.043     2.185 f  student_top_inst/u_KLDJ_top/ifu0/pc_reg[9]_i_4/O
                         net (fo=1, routed)           0.473     2.658    student_top_inst/u_KLDJ_top/u_pipe_id_ex/dnpc[9]
    SLICE_X72Y88                                                      f  student_top_inst/u_KLDJ_top/u_pipe_id_ex/pc_reg[9]_i_1/I5
    SLICE_X72Y88         LUT6 (Prop_lut6_I5_O)        0.043     2.701 f  student_top_inst/u_KLDJ_top/u_pipe_id_ex/pc_reg[9]_i_1/O
                         net (fo=1, routed)           0.362     3.063    student_top_inst/u_KLDJ_top/ifu0/pc_reg_reg[31]_1[9]
    SLICE_X72Y88         FDRE                                         f  student_top_inst/u_KLDJ_top/ifu0/pc_reg_reg[9]/D
  -------------------------------------------------------------------    -------------------

                         (clock clk_out2_pll rise edge)
                                                      5.714     5.714 r  
    AD12                                              0.000     5.714 r  i_sys_clk_p (IN)
                         net (fo=0)                   0.000     5.714    pll_inst/inst/clk_in1_p
    AD12                                                              r  pll_inst/inst/clkin1_ibufgds/I
    AD12                 IBUFDS (Prop_ibufds_I_O)     0.803     6.518 r  pll_inst/inst/clkin1_ibufgds/O
                         net (fo=1, routed)           1.001     7.519    pll_inst/inst/clk_in1_pll
    PLLE2_ADV_X1Y1                                                    r  pll_inst/inst/plle2_adv_inst/CLKIN1
    PLLE2_ADV_X1Y1       PLLE2_ADV (Prop_plle2_adv_CLKIN1_CLKOUT1)
                                                     -7.261     0.258 r  pll_inst/inst/plle2_adv_inst/CLKOUT1
                         net (fo=1, routed)           2.003     2.261    pll_inst/inst/clk_out2_pll
    BUFGCTRL_X0Y0                                                     r  pll_inst/inst/clkout2_buf/I
    BUFGCTRL_X0Y0        BUFG (Prop_bufg_I_O)         0.083     2.344 r  pll_inst/inst/clkout2_buf/O
                         net (fo=5889, routed)        1.425     3.769    student_top_inst/u_KLDJ_top/ifu0/clk_out2
    SLICE_X72Y88         FDRE                                         r  student_top_inst/u_KLDJ_top/ifu0/pc_reg_reg[9]/C
                         clock pessimism             -0.373     3.396    
                         clock uncertainty           -0.077     3.319    
    SLICE_X72Y88         FDRE (Setup_fdre_C_D)       -0.022     3.297    student_top_inst/u_KLDJ_top/ifu0/pc_reg_reg[9]
  -------------------------------------------------------------------
                         required time                          3.297    
                         arrival time                          -3.063    
  -------------------------------------------------------------------
                         slack                                  0.234    

Slack (MET) :             0.234ns  (required time - arrival time)
  Source:                 student_top_inst/u_KLDJ_top/ifu0/pc_reg_reg[5]_replica/C
                            (rising edge-triggered cell FDRE clocked by clk_out2_pll  {rise@0.000ns fall@2.857ns period=5.714ns})
  Destination:            student_top_inst/u_KLDJ_top/ifu0/pc_reg_reg[9]/D
                            (rising edge-triggered cell FDRE clocked by clk_out2_pll  {rise@0.000ns fall@2.857ns period=5.714ns})
  Path Group:             clk_out2_pll
  Path Type:              Setup (Max at Slow Process Corner)
  Requirement:            5.714ns  (clk_out2_pll rise@5.714ns - clk_out2_pll rise@0.000ns)
  Data Path Delay:        5.335ns  (logic 0.954ns (17.883%)  route 4.381ns (82.117%))
  Logic Levels:           10  (LUT2=1 LUT5=3 LUT6=4 MUXF7=2)
  Clock Path Skew:        -0.047ns (DCD - SCD + CPR)
    Destination Clock Delay (DCD):    -1.946ns = ( 3.769 - 5.714 ) 
    Source Clock Delay      (SCD):    -2.271ns
    Clock Pessimism Removal (CPR):    -0.373ns
  Clock Uncertainty:      0.077ns  ((TSJ^2 + DJ^2)^1/2) / 2 + PE
    Total System Jitter     (TSJ):    0.071ns
    Discrete Jitter          (DJ):    0.137ns
    Phase Error              (PE):    0.000ns

    Location             Delay type                Incr(ns)  Path(ns)    Netlist Resource(s)
  -------------------------------------------------------------------    -------------------
                         (clock clk_out2_pll rise edge)
                                                      0.000     0.000 r  
    AD12                                              0.000     0.000 r  i_sys_clk_p (IN)
                         net (fo=0)                   0.000     0.000    pll_inst/inst/clk_in1_p
    AD12                                                              r  pll_inst/inst/clkin1_ibufgds/I
    AD12                 IBUFDS (Prop_ibufds_I_O)     0.906     0.906 r  pll_inst/inst/clkin1_ibufgds/O
                         net (fo=1, routed)           1.098     2.004    pll_inst/inst/clk_in1_pll
    PLLE2_ADV_X1Y1                                                    r  pll_inst/inst/plle2_adv_inst/CLKIN1
    PLLE2_ADV_X1Y1       PLLE2_ADV (Prop_plle2_adv_CLKIN1_CLKOUT1)
                                                     -8.058    -6.054 r  pll_inst/inst/plle2_adv_inst/CLKOUT1
                         net (fo=1, routed)           2.128    -3.926    pll_inst/inst/clk_out2_pll
    BUFGCTRL_X0Y0                                                     r  pll_inst/inst/clkout2_buf/I
    BUFGCTRL_X0Y0        BUFG (Prop_bufg_I_O)         0.093    -3.833 r  pll_inst/inst/clkout2_buf/O
                         net (fo=5889, routed)        1.562    -2.271    student_top_inst/u_KLDJ_top/ifu0/clk_out2
    SLICE_X69Y89         FDRE                                         r  student_top_inst/u_KLDJ_top/ifu0/pc_reg_reg[5]_replica/C
  -------------------------------------------------------------------    -------------------
    SLICE_X69Y89         FDRE (Prop_fdre_C_Q)         0.223    -2.048 f  student_top_inst/u_KLDJ_top/ifu0/pc_reg_reg[5]_replica/Q
                         net (fo=144, routed)         1.139    -0.910    student_top_inst/Mem_IROM/U0/Q[5]_repN_alias
    SLICE_X48Y100                                                     f  student_top_inst/Mem_IROM/U0/g18_b5/I3
    SLICE_X48Y100        LUT6 (Prop_lut6_I3_O)        0.043    -0.867 r  student_top_inst/Mem_IROM/U0/g18_b5/O
                         net (fo=1, routed)           0.000    -0.867    student_top_inst/Mem_IROM/U0/g18_b5_n_0
    SLICE_X48Y100                                                     r  student_top_inst/Mem_IROM/U0/spo[6]_INST_0_i_10/I0
    SLICE_X48Y100        MUXF7 (Prop_muxf7_I0_O)      0.107    -0.760 r  student_top_inst/Mem_IROM/U0/spo[6]_INST_0_i_10/O
                         net (fo=1, routed)           0.442    -0.318    student_top_inst/Mem_IROM/U0/spo[6]_INST_0_i_10_n_0
    SLICE_X47Y101                                                     r  student_top_inst/Mem_IROM/U0/spo[6]_INST_0_i_4/I3
    SLICE_X47Y101        LUT6 (Prop_lut6_I3_O)        0.124    -0.194 r  student_top_inst/Mem_IROM/U0/spo[6]_INST_0_i_4/O
                         net (fo=1, routed)           0.000    -0.194    student_top_inst/Mem_IROM/U0/spo[6]_INST_0_i_4_n_0
    SLICE_X47Y101                                                     r  student_top_inst/Mem_IROM/U0/spo[6]_INST_0_i_2/I0
    SLICE_X47Y101        MUXF7 (Prop_muxf7_I0_O)      0.120    -0.074 r  student_top_inst/Mem_IROM/U0/spo[6]_INST_0_i_2/O
                         net (fo=1, routed)           0.565     0.491    student_top_inst/Mem_IROM/U0/spo[6]_INST_0_i_2_n_0
    SLICE_X51Y101                                                     r  student_top_inst/Mem_IROM/U0/spo[6]_INST_0/I3
    SLICE_X51Y101        LUT6 (Prop_lut6_I3_O)        0.122     0.613 r  student_top_inst/Mem_IROM/U0/spo[6]_INST_0/O
                         net (fo=2, routed)           0.555     1.168    student_top_inst/u_KLDJ_top/ifu0/spo[6]
    SLICE_X57Y94                                                      r  student_top_inst/u_KLDJ_top/ifu0/pc_reg[31]_i_24/I4
    SLICE_X57Y94         LUT5 (Prop_lut5_I4_O)        0.043     1.211 r  student_top_inst/u_KLDJ_top/ifu0/pc_reg[31]_i_24/O
                         net (fo=1, routed)           0.098     1.309    student_top_inst/u_KLDJ_top/ifu0/if_static_jal00_in
    SLICE_X57Y94                                                      r  student_top_inst/u_KLDJ_top/ifu0/pc_reg[31]_i_15/I0
    SLICE_X57Y94         LUT2 (Prop_lut2_I0_O)        0.043     1.352 r  student_top_inst/u_KLDJ_top/ifu0/pc_reg[31]_i_15/O
                         net (fo=33, routed)          0.329     1.681    student_top_inst/u_KLDJ_top/u_bpu/u_gshare_btb_core/if_static_jal
    SLICE_X68Y94                                                      r  student_top_inst/u_KLDJ_top/u_bpu/u_gshare_btb_core/if_id_pred_taken_i_2/I0
    SLICE_X68Y94         LUT5 (Prop_lut5_I0_O)        0.043     1.724 r  student_top_inst/u_KLDJ_top/u_bpu/u_gshare_btb_core/if_id_pred_taken_i_2/O
                         net (fo=33, routed)          0.418     2.142    student_top_inst/u_KLDJ_top/ifu0/if_pred_taken
    SLICE_X65Y89                                                      r  student_top_inst/u_KLDJ_top/ifu0/pc_reg[9]_i_4/I3
    SLICE_X65Y89         LUT5 (Prop_lut5_I3_O)        0.043     2.185 f  student_top_inst/u_KLDJ_top/ifu0/pc_reg[9]_i_4/O
                         net (fo=1, routed)           0.473     2.658    student_top_inst/u_KLDJ_top/u_pipe_id_ex/dnpc[9]
    SLICE_X72Y88                                                      f  student_top_inst/u_KLDJ_top/u_pipe_id_ex/pc_reg[9]_i_1/I5
    SLICE_X72Y88         LUT6 (Prop_lut6_I5_O)        0.043     2.701 f  student_top_inst/u_KLDJ_top/u_pipe_id_ex/pc_reg[9]_i_1/O
                         net (fo=1, routed)           0.362     3.063    student_top_inst/u_KLDJ_top/ifu0/pc_reg_reg[31]_1[9]
    SLICE_X72Y88         FDRE                                         f  student_top_inst/u_KLDJ_top/ifu0/pc_reg_reg[9]/D
  -------------------------------------------------------------------    -------------------

                         (clock clk_out2_pll rise edge)
                                                      5.714     5.714 r  
    AD12                                              0.000     5.714 r  i_sys_clk_p (IN)
                         net (fo=0)                   0.000     5.714    pll_inst/inst/clk_in1_p
    AD12                                                              r  pll_inst/inst/clkin1_ibufgds/I
    AD12                 IBUFDS (Prop_ibufds_I_O)     0.803     6.518 r  pll_inst/inst/clkin1_ibufgds/O
                         net (fo=1, routed)           1.001     7.519    pll_inst/inst/clk_in1_pll
    PLLE2_ADV_X1Y1                                                    r  pll_inst/inst/plle2_adv_inst/CLKIN1
    PLLE2_ADV_X1Y1       PLLE2_ADV (Prop_plle2_adv_CLKIN1_CLKOUT1)
                                                     -7.261     0.258 r  pll_inst/inst/plle2_adv_inst/CLKOUT1
                         net (fo=1, routed)           2.003     2.261    pll_inst/inst/clk_out2_pll
    BUFGCTRL_X0Y0                                                     r  pll_inst/inst/clkout2_buf/I
    BUFGCTRL_X0Y0        BUFG (Prop_bufg_I_O)         0.083     2.344 r  pll_inst/inst/clkout2_buf/O
                         net (fo=5889, routed)        1.425     3.769    student_top_inst/u_KLDJ_top/ifu0/clk_out2
    SLICE_X72Y88         FDRE                                         r  student_top_inst/u_KLDJ_top/ifu0/pc_reg_reg[9]/C
                         clock pessimism             -0.373     3.396    
                         clock uncertainty           -0.077     3.319    
    SLICE_X72Y88         FDRE (Setup_fdre_C_D)       -0.022     3.297    student_top_inst/u_KLDJ_top/ifu0/pc_reg_reg[9]
  -------------------------------------------------------------------
                         required time                          3.297    
                         arrival time                          -3.063    
  -------------------------------------------------------------------
                         slack                                  0.234    

Slack (MET) :             0.234ns  (required time - arrival time)
  Source:                 student_top_inst/u_KLDJ_top/ifu0/pc_reg_reg[5]_replica/C
                            (rising edge-triggered cell FDRE clocked by clk_out2_pll  {rise@0.000ns fall@2.857ns period=5.714ns})
  Destination:            student_top_inst/u_KLDJ_top/ifu0/pc_reg_reg[9]/D
                            (rising edge-triggered cell FDRE clocked by clk_out2_pll  {rise@0.000ns fall@2.857ns period=5.714ns})
  Path Group:             clk_out2_pll
  Path Type:              Setup (Max at Slow Process Corner)
  Requirement:            5.714ns  (clk_out2_pll rise@5.714ns - clk_out2_pll rise@0.000ns)
  Data Path Delay:        5.335ns  (logic 0.954ns (17.883%)  route 4.381ns (82.117%))
  Logic Levels:           10  (LUT2=1 LUT5=3 LUT6=4 MUXF7=2)
  Clock Path Skew:        -0.047ns (DCD - SCD + CPR)
    Destination Clock Delay (DCD):    -1.946ns = ( 3.769 - 5.714 ) 
    Source Clock Delay      (SCD):    -2.271ns
    Clock Pessimism Removal (CPR):    -0.373ns
  Clock Uncertainty:      0.077ns  ((TSJ^2 + DJ^2)^1/2) / 2 + PE
    Total System Jitter     (TSJ):    0.071ns
    Discrete Jitter          (DJ):    0.137ns
    Phase Error              (PE):    0.000ns

    Location             Delay type                Incr(ns)  Path(ns)    Netlist Resource(s)
  -------------------------------------------------------------------    -------------------
                         (clock clk_out2_pll rise edge)
                                                      0.000     0.000 r  
    AD12                                              0.000     0.000 r  i_sys_clk_p (IN)
                         net (fo=0)                   0.000     0.000    pll_inst/inst/clk_in1_p
    AD12                                                              r  pll_inst/inst/clkin1_ibufgds/I
    AD12                 IBUFDS (Prop_ibufds_I_O)     0.906     0.906 r  pll_inst/inst/clkin1_ibufgds/O
                         net (fo=1, routed)           1.098     2.004    pll_inst/inst/clk_in1_pll
    PLLE2_ADV_X1Y1                                                    r  pll_inst/inst/plle2_adv_inst/CLKIN1
    PLLE2_ADV_X1Y1       PLLE2_ADV (Prop_plle2_adv_CLKIN1_CLKOUT1)
                                                     -8.058    -6.054 r  pll_inst/inst/plle2_adv_inst/CLKOUT1
                         net (fo=1, routed)           2.128    -3.926    pll_inst/inst/clk_out2_pll
    BUFGCTRL_X0Y0                                                     r  pll_inst/inst/clkout2_buf/I
    BUFGCTRL_X0Y0        BUFG (Prop_bufg_I_O)         0.093    -3.833 r  pll_inst/inst/clkout2_buf/O
                         net (fo=5889, routed)        1.562    -2.271    student_top_inst/u_KLDJ_top/ifu0/clk_out2
    SLICE_X69Y89         FDRE                                         r  student_top_inst/u_KLDJ_top/ifu0/pc_reg_reg[5]_replica/C
  -------------------------------------------------------------------    -------------------
    SLICE_X69Y89         FDRE (Prop_fdre_C_Q)         0.223    -2.048 r  student_top_inst/u_KLDJ_top/ifu0/pc_reg_reg[5]_replica/Q
                         net (fo=144, routed)         1.139    -0.910    student_top_inst/Mem_IROM/U0/Q[5]_repN_alias
    SLICE_X48Y100                                                     r  student_top_inst/Mem_IROM/U0/g18_b5/I3
    SLICE_X48Y100        LUT6 (Prop_lut6_I3_O)        0.043    -0.867 f  student_top_inst/Mem_IROM/U0/g18_b5/O
                         net (fo=1, routed)           0.000    -0.867    student_top_inst/Mem_IROM/U0/g18_b5_n_0
    SLICE_X48Y100                                                     f  student_top_inst/Mem_IROM/U0/spo[6]_INST_0_i_10/I0
    SLICE_X48Y100        MUXF7 (Prop_muxf7_I0_O)      0.107    -0.760 f  student_top_inst/Mem_IROM/U0/spo[6]_INST_0_i_10/O
                         net (fo=1, routed)           0.442    -0.318    student_top_inst/Mem_IROM/U0/spo[6]_INST_0_i_10_n_0
    SLICE_X47Y101                                                     f  student_top_inst/Mem_IROM/U0/spo[6]_INST_0_i_4/I3
    SLICE_X47Y101        LUT6 (Prop_lut6_I3_O)        0.124    -0.194 f  student_top_inst/Mem_IROM/U0/spo[6]_INST_0_i_4/O
                         net (fo=1, routed)           0.000    -0.194    student_top_inst/Mem_IROM/U0/spo[6]_INST_0_i_4_n_0
    SLICE_X47Y101                                                     f  student_top_inst/Mem_IROM/U0/spo[6]_INST_0_i_2/I0
    SLICE_X47Y101        MUXF7 (Prop_muxf7_I0_O)      0.120    -0.074 f  student_top_inst/Mem_IROM/U0/spo[6]_INST_0_i_2/O
                         net (fo=1, routed)           0.565     0.491    student_top_inst/Mem_IROM/U0/spo[6]_INST_0_i_2_n_0
    SLICE_X51Y101                                                     f  student_top_inst/Mem_IROM/U0/spo[6]_INST_0/I3
    SLICE_X51Y101        LUT6 (Prop_lut6_I3_O)        0.122     0.613 f  student_top_inst/Mem_IROM/U0/spo[6]_INST_0/O
                         net (fo=2, routed)           0.555     1.168    student_top_inst/u_KLDJ_top/ifu0/spo[6]
    SLICE_X57Y94                                                      f  student_top_inst/u_KLDJ_top/ifu0/pc_reg[31]_i_24/I4
    SLICE_X57Y94         LUT5 (Prop_lut5_I4_O)        0.043     1.211 f  student_top_inst/u_KLDJ_top/ifu0/pc_reg[31]_i_24/O
                         net (fo=1, routed)           0.098     1.309    student_top_inst/u_KLDJ_top/ifu0/if_static_jal00_in
    SLICE_X57Y94                                                      f  student_top_inst/u_KLDJ_top/ifu0/pc_reg[31]_i_15/I0
    SLICE_X57Y94         LUT2 (Prop_lut2_I0_O)        0.043     1.352 f  student_top_inst/u_KLDJ_top/ifu0/pc_reg[31]_i_15/O
                         net (fo=33, routed)          0.329     1.681    student_top_inst/u_KLDJ_top/u_bpu/u_gshare_btb_core/if_static_jal
    SLICE_X68Y94                                                      f  student_top_inst/u_KLDJ_top/u_bpu/u_gshare_btb_core/if_id_pred_taken_i_2/I0
    SLICE_X68Y94         LUT5 (Prop_lut5_I0_O)        0.043     1.724 f  student_top_inst/u_KLDJ_top/u_bpu/u_gshare_btb_core/if_id_pred_taken_i_2/O
                         net (fo=33, routed)          0.418     2.142    student_top_inst/u_KLDJ_top/ifu0/if_pred_taken
    SLICE_X65Y89                                                      f  student_top_inst/u_KLDJ_top/ifu0/pc_reg[9]_i_4/I3
    SLICE_X65Y89         LUT5 (Prop_lut5_I3_O)        0.043     2.185 f  student_top_inst/u_KLDJ_top/ifu0/pc_reg[9]_i_4/O
                         net (fo=1, routed)           0.473     2.658    student_top_inst/u_KLDJ_top/u_pipe_id_ex/dnpc[9]
    SLICE_X72Y88                                                      f  student_top_inst/u_KLDJ_top/u_pipe_id_ex/pc_reg[9]_i_1/I5
    SLICE_X72Y88         LUT6 (Prop_lut6_I5_O)        0.043     2.701 f  student_top_inst/u_KLDJ_top/u_pipe_id_ex/pc_reg[9]_i_1/O
                         net (fo=1, routed)           0.362     3.063    student_top_inst/u_KLDJ_top/ifu0/pc_reg_reg[31]_1[9]
    SLICE_X72Y88         FDRE                                         f  student_top_inst/u_KLDJ_top/ifu0/pc_reg_reg[9]/D
  -------------------------------------------------------------------    -------------------

                         (clock clk_out2_pll rise edge)
                                                      5.714     5.714 r  
    AD12                                              0.000     5.714 r  i_sys_clk_p (IN)
                         net (fo=0)                   0.000     5.714    pll_inst/inst/clk_in1_p
    AD12                                                              r  pll_inst/inst/clkin1_ibufgds/I
    AD12                 IBUFDS (Prop_ibufds_I_O)     0.803     6.518 r  pll_inst/inst/clkin1_ibufgds/O
                         net (fo=1, routed)           1.001     7.519    pll_inst/inst/clk_in1_pll
    PLLE2_ADV_X1Y1                                                    r  pll_inst/inst/plle2_adv_inst/CLKIN1
    PLLE2_ADV_X1Y1       PLLE2_ADV (Prop_plle2_adv_CLKIN1_CLKOUT1)
                                                     -7.261     0.258 r  pll_inst/inst/plle2_adv_inst/CLKOUT1
                         net (fo=1, routed)           2.003     2.261    pll_inst/inst/clk_out2_pll
    BUFGCTRL_X0Y0                                                     r  pll_inst/inst/clkout2_buf/I
    BUFGCTRL_X0Y0        BUFG (Prop_bufg_I_O)         0.083     2.344 r  pll_inst/inst/clkout2_buf/O
                         net (fo=5889, routed)        1.425     3.769    student_top_inst/u_KLDJ_top/ifu0/clk_out2
    SLICE_X72Y88         FDRE                                         r  student_top_inst/u_KLDJ_top/ifu0/pc_reg_reg[9]/C
                         clock pessimism             -0.373     3.396    
                         clock uncertainty           -0.077     3.319    
    SLICE_X72Y88         FDRE (Setup_fdre_C_D)       -0.022     3.297    student_top_inst/u_KLDJ_top/ifu0/pc_reg_reg[9]
  -------------------------------------------------------------------
                         required time                          3.297    
                         arrival time                          -3.063    
  -------------------------------------------------------------------
                         slack                                  0.234    

Slack (MET) :             0.234ns  (required time - arrival time)
  Source:                 student_top_inst/u_KLDJ_top/ifu0/pc_reg_reg[5]_replica/C
                            (rising edge-triggered cell FDRE clocked by clk_out2_pll  {rise@0.000ns fall@2.857ns period=5.714ns})
  Destination:            student_top_inst/u_KLDJ_top/ifu0/pc_reg_reg[9]/D
                            (rising edge-triggered cell FDRE clocked by clk_out2_pll  {rise@0.000ns fall@2.857ns period=5.714ns})
  Path Group:             clk_out2_pll
  Path Type:              Setup (Max at Slow Process Corner)
  Requirement:            5.714ns  (clk_out2_pll rise@5.714ns - clk_out2_pll rise@0.000ns)
  Data Path Delay:        5.335ns  (logic 0.954ns (17.883%)  route 4.381ns (82.117%))
  Logic Levels:           10  (LUT2=1 LUT5=3 LUT6=4 MUXF7=2)
  Clock Path Skew:        -0.047ns (DCD - SCD + CPR)
    Destination Clock Delay (DCD):    -1.946ns = ( 3.769 - 5.714 ) 
    Source Clock Delay      (SCD):    -2.271ns
    Clock Pessimism Removal (CPR):    -0.373ns
  Clock Uncertainty:      0.077ns  ((TSJ^2 + DJ^2)^1/2) / 2 + PE
    Total System Jitter     (TSJ):    0.071ns
    Discrete Jitter          (DJ):    0.137ns
    Phase Error              (PE):    0.000ns

    Location             Delay type                Incr(ns)  Path(ns)    Netlist Resource(s)
  -------------------------------------------------------------------    -------------------
                         (clock clk_out2_pll rise edge)
                                                      0.000     0.000 r  
    AD12                                              0.000     0.000 r  i_sys_clk_p (IN)
                         net (fo=0)                   0.000     0.000    pll_inst/inst/clk_in1_p
    AD12                                                              r  pll_inst/inst/clkin1_ibufgds/I
    AD12                 IBUFDS (Prop_ibufds_I_O)     0.906     0.906 r  pll_inst/inst/clkin1_ibufgds/O
                         net (fo=1, routed)           1.098     2.004    pll_inst/inst/clk_in1_pll
    PLLE2_ADV_X1Y1                                                    r  pll_inst/inst/plle2_adv_inst/CLKIN1
    PLLE2_ADV_X1Y1       PLLE2_ADV (Prop_plle2_adv_CLKIN1_CLKOUT1)
                                                     -8.058    -6.054 r  pll_inst/inst/plle2_adv_inst/CLKOUT1
                         net (fo=1, routed)           2.128    -3.926    pll_inst/inst/clk_out2_pll
    BUFGCTRL_X0Y0                                                     r  pll_inst/inst/clkout2_buf/I
    BUFGCTRL_X0Y0        BUFG (Prop_bufg_I_O)         0.093    -3.833 r  pll_inst/inst/clkout2_buf/O
                         net (fo=5889, routed)        1.562    -2.271    student_top_inst/u_KLDJ_top/ifu0/clk_out2
    SLICE_X69Y89         FDRE                                         r  student_top_inst/u_KLDJ_top/ifu0/pc_reg_reg[5]_replica/C
  -------------------------------------------------------------------    -------------------
    SLICE_X69Y89         FDRE (Prop_fdre_C_Q)         0.223    -2.048 f  student_top_inst/u_KLDJ_top/ifu0/pc_reg_reg[5]_replica/Q
                         net (fo=144, routed)         1.139    -0.910    student_top_inst/Mem_IROM/U0/Q[5]_repN_alias
    SLICE_X48Y100                                                     f  student_top_inst/Mem_IROM/U0/g18_b5/I3
    SLICE_X48Y100        LUT6 (Prop_lut6_I3_O)        0.043    -0.867 f  student_top_inst/Mem_IROM/U0/g18_b5/O
                         net (fo=1, routed)           0.000    -0.867    student_top_inst/Mem_IROM/U0/g18_b5_n_0
    SLICE_X48Y100                                                     f  student_top_inst/Mem_IROM/U0/spo[6]_INST_0_i_10/I0
    SLICE_X48Y100        MUXF7 (Prop_muxf7_I0_O)      0.107    -0.760 f  student_top_inst/Mem_IROM/U0/spo[6]_INST_0_i_10/O
                         net (fo=1, routed)           0.442    -0.318    student_top_inst/Mem_IROM/U0/spo[6]_INST_0_i_10_n_0
    SLICE_X47Y101                                                     f  student_top_inst/Mem_IROM/U0/spo[6]_INST_0_i_4/I3
    SLICE_X47Y101        LUT6 (Prop_lut6_I3_O)        0.124    -0.194 f  student_top_inst/Mem_IROM/U0/spo[6]_INST_0_i_4/O
                         net (fo=1, routed)           0.000    -0.194    student_top_inst/Mem_IROM/U0/spo[6]_INST_0_i_4_n_0
    SLICE_X47Y101                                                     f  student_top_inst/Mem_IROM/U0/spo[6]_INST_0_i_2/I0
    SLICE_X47Y101        MUXF7 (Prop_muxf7_I0_O)      0.120    -0.074 f  student_top_inst/Mem_IROM/U0/spo[6]_INST_0_i_2/O
                         net (fo=1, routed)           0.565     0.491    student_top_inst/Mem_IROM/U0/spo[6]_INST_0_i_2_n_0
    SLICE_X51Y101                                                     f  student_top_inst/Mem_IROM/U0/spo[6]_INST_0/I3
    SLICE_X51Y101        LUT6 (Prop_lut6_I3_O)        0.122     0.613 f  student_top_inst/Mem_IROM/U0/spo[6]_INST_0/O
                         net (fo=2, routed)           0.555     1.168    student_top_inst/u_KLDJ_top/ifu0/spo[6]
    SLICE_X57Y94                                                      f  student_top_inst/u_KLDJ_top/ifu0/pc_reg[31]_i_24/I4
    SLICE_X57Y94         LUT5 (Prop_lut5_I4_O)        0.043     1.211 f  student_top_inst/u_KLDJ_top/ifu0/pc_reg[31]_i_24/O
                         net (fo=1, routed)           0.098     1.309    student_top_inst/u_KLDJ_top/ifu0/if_static_jal00_in
    SLICE_X57Y94                                                      f  student_top_inst/u_KLDJ_top/ifu0/pc_reg[31]_i_15/I0
    SLICE_X57Y94         LUT2 (Prop_lut2_I0_O)        0.043     1.352 f  student_top_inst/u_KLDJ_top/ifu0/pc_reg[31]_i_15/O
                         net (fo=33, routed)          0.329     1.681    student_top_inst/u_KLDJ_top/u_bpu/u_gshare_btb_core/if_static_jal
    SLICE_X68Y94                                                      f  student_top_inst/u_KLDJ_top/u_bpu/u_gshare_btb_core/if_id_pred_taken_i_2/I0
    SLICE_X68Y94         LUT5 (Prop_lut5_I0_O)        0.043     1.724 f  student_top_inst/u_KLDJ_top/u_bpu/u_gshare_btb_core/if_id_pred_taken_i_2/O
                         net (fo=33, routed)          0.418     2.142    student_top_inst/u_KLDJ_top/ifu0/if_pred_taken
    SLICE_X65Y89                                                      f  student_top_inst/u_KLDJ_top/ifu0/pc_reg[9]_i_4/I3
    SLICE_X65Y89         LUT5 (Prop_lut5_I3_O)        0.043     2.185 f  student_top_inst/u_KLDJ_top/ifu0/pc_reg[9]_i_4/O
                         net (fo=1, routed)           0.473     2.658    student_top_inst/u_KLDJ_top/u_pipe_id_ex/dnpc[9]
    SLICE_X72Y88                                                      f  student_top_inst/u_KLDJ_top/u_pipe_id_ex/pc_reg[9]_i_1/I5
    SLICE_X72Y88         LUT6 (Prop_lut6_I5_O)        0.043     2.701 f  student_top_inst/u_KLDJ_top/u_pipe_id_ex/pc_reg[9]_i_1/O
                         net (fo=1, routed)           0.362     3.063    student_top_inst/u_KLDJ_top/ifu0/pc_reg_reg[31]_1[9]
    SLICE_X72Y88         FDRE                                         f  student_top_inst/u_KLDJ_top/ifu0/pc_reg_reg[9]/D
  -------------------------------------------------------------------    -------------------

                         (clock clk_out2_pll rise edge)
                                                      5.714     5.714 r  
    AD12                                              0.000     5.714 r  i_sys_clk_p (IN)
                         net (fo=0)                   0.000     5.714    pll_inst/inst/clk_in1_p
    AD12                                                              r  pll_inst/inst/clkin1_ibufgds/I
    AD12                 IBUFDS (Prop_ibufds_I_O)     0.803     6.518 r  pll_inst/inst/clkin1_ibufgds/O
                         net (fo=1, routed)           1.001     7.519    pll_inst/inst/clk_in1_pll
    PLLE2_ADV_X1Y1                                                    r  pll_inst/inst/plle2_adv_inst/CLKIN1
    PLLE2_ADV_X1Y1       PLLE2_ADV (Prop_plle2_adv_CLKIN1_CLKOUT1)
                                                     -7.261     0.258 r  pll_inst/inst/plle2_adv_inst/CLKOUT1
                         net (fo=1, routed)           2.003     2.261    pll_inst/inst/clk_out2_pll
    BUFGCTRL_X0Y0                                                     r  pll_inst/inst/clkout2_buf/I
    BUFGCTRL_X0Y0        BUFG (Prop_bufg_I_O)         0.083     2.344 r  pll_inst/inst/clkout2_buf/O
                         net (fo=5889, routed)        1.425     3.769    student_top_inst/u_KLDJ_top/ifu0/clk_out2
    SLICE_X72Y88         FDRE                                         r  student_top_inst/u_KLDJ_top/ifu0/pc_reg_reg[9]/C
                         clock pessimism             -0.373     3.396    
                         clock uncertainty           -0.077     3.319    
    SLICE_X72Y88         FDRE (Setup_fdre_C_D)       -0.022     3.297    student_top_inst/u_KLDJ_top/ifu0/pc_reg_reg[9]
  -------------------------------------------------------------------
                         required time                          3.297    
                         arrival time                          -3.063    
  -------------------------------------------------------------------
                         slack                                  0.234    

Slack (MET) :             0.238ns  (required time - arrival time)
  Source:                 student_top_inst/u_KLDJ_top/ifu0/pc_reg_reg[5]_replica/C
                            (rising edge-triggered cell FDRE clocked by clk_out2_pll  {rise@0.000ns fall@2.857ns period=5.714ns})
  Destination:            student_top_inst/u_KLDJ_top/ifu0/pc_reg_reg[9]/D
                            (rising edge-triggered cell FDRE clocked by clk_out2_pll  {rise@0.000ns fall@2.857ns period=5.714ns})
  Path Group:             clk_out2_pll
  Path Type:              Setup (Max at Slow Process Corner)
  Requirement:            5.714ns  (clk_out2_pll rise@5.714ns - clk_out2_pll rise@0.000ns)
  Data Path Delay:        5.330ns  (logic 0.955ns (17.917%)  route 4.375ns (82.083%))
  Logic Levels:           10  (LUT2=1 LUT5=3 LUT6=4 MUXF7=2)
  Clock Path Skew:        -0.047ns (DCD - SCD + CPR)
    Destination Clock Delay (DCD):    -1.946ns = ( 3.769 - 5.714 ) 
    Source Clock Delay      (SCD):    -2.271ns
    Clock Pessimism Removal (CPR):    -0.373ns
  Clock Uncertainty:      0.077ns  ((TSJ^2 + DJ^2)^1/2) / 2 + PE
    Total System Jitter     (TSJ):    0.071ns
    Discrete Jitter          (DJ):    0.137ns
    Phase Error              (PE):    0.000ns

    Location             Delay type                Incr(ns)  Path(ns)    Netlist Resource(s)
  -------------------------------------------------------------------    -------------------
                         (clock clk_out2_pll rise edge)
                                                      0.000     0.000 r  
    AD12                                              0.000     0.000 r  i_sys_clk_p (IN)
                         net (fo=0)                   0.000     0.000    pll_inst/inst/clk_in1_p
    AD12                                                              r  pll_inst/inst/clkin1_ibufgds/I
    AD12                 IBUFDS (Prop_ibufds_I_O)     0.906     0.906 r  pll_inst/inst/clkin1_ibufgds/O
                         net (fo=1, routed)           1.098     2.004    pll_inst/inst/clk_in1_pll
    PLLE2_ADV_X1Y1                                                    r  pll_inst/inst/plle2_adv_inst/CLKIN1
    PLLE2_ADV_X1Y1       PLLE2_ADV (Prop_plle2_adv_CLKIN1_CLKOUT1)
                                                     -8.058    -6.054 r  pll_inst/inst/plle2_adv_inst/CLKOUT1
                         net (fo=1, routed)           2.128    -3.926    pll_inst/inst/clk_out2_pll
    BUFGCTRL_X0Y0                                                     r  pll_inst/inst/clkout2_buf/I
    BUFGCTRL_X0Y0        BUFG (Prop_bufg_I_O)         0.093    -3.833 r  pll_inst/inst/clkout2_buf/O
                         net (fo=5889, routed)        1.562    -2.271    student_top_inst/u_KLDJ_top/ifu0/clk_out2
    SLICE_X69Y89         FDRE                                         r  student_top_inst/u_KLDJ_top/ifu0/pc_reg_reg[5]_replica/C
  -------------------------------------------------------------------    -------------------
    SLICE_X69Y89         FDRE (Prop_fdre_C_Q)         0.223    -2.048 r  student_top_inst/u_KLDJ_top/ifu0/pc_reg_reg[5]_replica/Q
                         net (fo=144, routed)         1.133    -0.915    student_top_inst/Mem_IROM/U0/Q[5]_repN_alias
    SLICE_X48Y100                                                     r  student_top_inst/Mem_IROM/U0/g19_b5/I3
    SLICE_X48Y100        LUT6 (Prop_lut6_I3_O)        0.043    -0.872 r  student_top_inst/Mem_IROM/U0/g19_b5/O
                         net (fo=1, routed)           0.000    -0.872    student_top_inst/Mem_IROM/U0/g19_b5_n_0
    SLICE_X48Y100                                                     r  student_top_inst/Mem_IROM/U0/spo[6]_INST_0_i_10/I1
    SLICE_X48Y100        MUXF7 (Prop_muxf7_I1_O)      0.108    -0.764 r  student_top_inst/Mem_IROM/U0/spo[6]_INST_0_i_10/O
                         net (fo=1, routed)           0.442    -0.323    student_top_inst/Mem_IROM/U0/spo[6]_INST_0_i_10_n_0
    SLICE_X47Y101                                                     r  student_top_inst/Mem_IROM/U0/spo[6]_INST_0_i_4/I3
    SLICE_X47Y101        LUT6 (Prop_lut6_I3_O)        0.124    -0.199 r  student_top_inst/Mem_IROM/U0/spo[6]_INST_0_i_4/O
                         net (fo=1, routed)           0.000    -0.199    student_top_inst/Mem_IROM/U0/spo[6]_INST_0_i_4_n_0
    SLICE_X47Y101                                                     r  student_top_inst/Mem_IROM/U0/spo[6]_INST_0_i_2/I0
    SLICE_X47Y101        MUXF7 (Prop_muxf7_I0_O)      0.120    -0.079 r  student_top_inst/Mem_IROM/U0/spo[6]_INST_0_i_2/O
                         net (fo=1, routed)           0.565     0.487    student_top_inst/Mem_IROM/U0/spo[6]_INST_0_i_2_n_0
    SLICE_X51Y101                                                     r  student_top_inst/Mem_IROM/U0/spo[6]_INST_0/I3
    SLICE_X51Y101        LUT6 (Prop_lut6_I3_O)        0.122     0.609 r  student_top_inst/Mem_IROM/U0/spo[6]_INST_0/O
                         net (fo=2, routed)           0.555     1.164    student_top_inst/u_KLDJ_top/ifu0/spo[6]
    SLICE_X57Y94                                                      r  student_top_inst/u_KLDJ_top/ifu0/pc_reg[31]_i_24/I4
    SLICE_X57Y94         LUT5 (Prop_lut5_I4_O)        0.043     1.207 r  student_top_inst/u_KLDJ_top/ifu0/pc_reg[31]_i_24/O
                         net (fo=1, routed)           0.098     1.304    student_top_inst/u_KLDJ_top/ifu0/if_static_jal00_in
    SLICE_X57Y94                                                      r  student_top_inst/u_KLDJ_top/ifu0/pc_reg[31]_i_15/I0
    SLICE_X57Y94         LUT2 (Prop_lut2_I0_O)        0.043     1.347 r  student_top_inst/u_KLDJ_top/ifu0/pc_reg[31]_i_15/O
                         net (fo=33, routed)          0.329     1.677    student_top_inst/u_KLDJ_top/u_bpu/u_gshare_btb_core/if_static_jal
    SLICE_X68Y94                                                      r  student_top_inst/u_KLDJ_top/u_bpu/u_gshare_btb_core/if_id_pred_taken_i_2/I0
    SLICE_X68Y94         LUT5 (Prop_lut5_I0_O)        0.043     1.720 r  student_top_inst/u_KLDJ_top/u_bpu/u_gshare_btb_core/if_id_pred_taken_i_2/O
                         net (fo=33, routed)          0.418     2.137    student_top_inst/u_KLDJ_top/ifu0/if_pred_taken
    SLICE_X65Y89                                                      r  student_top_inst/u_KLDJ_top/ifu0/pc_reg[9]_i_4/I3
    SLICE_X65Y89         LUT5 (Prop_lut5_I3_O)        0.043     2.180 r  student_top_inst/u_KLDJ_top/ifu0/pc_reg[9]_i_4/O
                         net (fo=1, routed)           0.473     2.653    student_top_inst/u_KLDJ_top/u_pipe_id_ex/dnpc[9]
    SLICE_X72Y88                                                      r  student_top_inst/u_KLDJ_top/u_pipe_id_ex/pc_reg[9]_i_1/I5
    SLICE_X72Y88         LUT6 (Prop_lut6_I5_O)        0.043     2.696 r  student_top_inst/u_KLDJ_top/u_pipe_id_ex/pc_reg[9]_i_1/O
                         net (fo=1, routed)           0.362     3.059    student_top_inst/u_KLDJ_top/ifu0/pc_reg_reg[31]_1[9]
    SLICE_X72Y88         FDRE                                         r  student_top_inst/u_KLDJ_top/ifu0/pc_reg_reg[9]/D
  -------------------------------------------------------------------    -------------------

                         (clock clk_out2_pll rise edge)
                                                      5.714     5.714 r  
    AD12                                              0.000     5.714 r  i_sys_clk_p (IN)
                         net (fo=0)                   0.000     5.714    pll_inst/inst/clk_in1_p
    AD12                                                              r  pll_inst/inst/clkin1_ibufgds/I
    AD12                 IBUFDS (Prop_ibufds_I_O)     0.803     6.518 r  pll_inst/inst/clkin1_ibufgds/O
                         net (fo=1, routed)           1.001     7.519    pll_inst/inst/clk_in1_pll
    PLLE2_ADV_X1Y1                                                    r  pll_inst/inst/plle2_adv_inst/CLKIN1
    PLLE2_ADV_X1Y1       PLLE2_ADV (Prop_plle2_adv_CLKIN1_CLKOUT1)
                                                     -7.261     0.258 r  pll_inst/inst/plle2_adv_inst/CLKOUT1
                         net (fo=1, routed)           2.003     2.261    pll_inst/inst/clk_out2_pll
    BUFGCTRL_X0Y0                                                     r  pll_inst/inst/clkout2_buf/I
    BUFGCTRL_X0Y0        BUFG (Prop_bufg_I_O)         0.083     2.344 r  pll_inst/inst/clkout2_buf/O
                         net (fo=5889, routed)        1.425     3.769    student_top_inst/u_KLDJ_top/ifu0/clk_out2
    SLICE_X72Y88         FDRE                                         r  student_top_inst/u_KLDJ_top/ifu0/pc_reg_reg[9]/C
                         clock pessimism             -0.373     3.396    
                         clock uncertainty           -0.077     3.319    
    SLICE_X72Y88         FDRE (Setup_fdre_C_D)       -0.022     3.297    student_top_inst/u_KLDJ_top/ifu0/pc_reg_reg[9]
  -------------------------------------------------------------------
                         required time                          3.297    
                         arrival time                          -3.059    
  -------------------------------------------------------------------
                         slack                                  0.238    

Slack (MET) :             0.238ns  (required time - arrival time)
  Source:                 student_top_inst/u_KLDJ_top/ifu0/pc_reg_reg[5]_replica/C
                            (rising edge-triggered cell FDRE clocked by clk_out2_pll  {rise@0.000ns fall@2.857ns period=5.714ns})
  Destination:            student_top_inst/u_KLDJ_top/ifu0/pc_reg_reg[9]/D
                            (rising edge-triggered cell FDRE clocked by clk_out2_pll  {rise@0.000ns fall@2.857ns period=5.714ns})
  Path Group:             clk_out2_pll
  Path Type:              Setup (Max at Slow Process Corner)
  Requirement:            5.714ns  (clk_out2_pll rise@5.714ns - clk_out2_pll rise@0.000ns)
  Data Path Delay:        5.330ns  (logic 0.955ns (17.917%)  route 4.375ns (82.083%))
  Logic Levels:           10  (LUT2=1 LUT5=3 LUT6=4 MUXF7=2)
  Clock Path Skew:        -0.047ns (DCD - SCD + CPR)
    Destination Clock Delay (DCD):    -1.946ns = ( 3.769 - 5.714 ) 
    Source Clock Delay      (SCD):    -2.271ns
    Clock Pessimism Removal (CPR):    -0.373ns
  Clock Uncertainty:      0.077ns  ((TSJ^2 + DJ^2)^1/2) / 2 + PE
    Total System Jitter     (TSJ):    0.071ns
    Discrete Jitter          (DJ):    0.137ns
    Phase Error              (PE):    0.000ns

    Location             Delay type                Incr(ns)  Path(ns)    Netlist Resource(s)
  -------------------------------------------------------------------    -------------------
                         (clock clk_out2_pll rise edge)
                                                      0.000     0.000 r  
    AD12                                              0.000     0.000 r  i_sys_clk_p (IN)
                         net (fo=0)                   0.000     0.000    pll_inst/inst/clk_in1_p
    AD12                                                              r  pll_inst/inst/clkin1_ibufgds/I
    AD12                 IBUFDS (Prop_ibufds_I_O)     0.906     0.906 r  pll_inst/inst/clkin1_ibufgds/O
                         net (fo=1, routed)           1.098     2.004    pll_inst/inst/clk_in1_pll
    PLLE2_ADV_X1Y1                                                    r  pll_inst/inst/plle2_adv_inst/CLKIN1
    PLLE2_ADV_X1Y1       PLLE2_ADV (Prop_plle2_adv_CLKIN1_CLKOUT1)
                                                     -8.058    -6.054 r  pll_inst/inst/plle2_adv_inst/CLKOUT1
                         net (fo=1, routed)           2.128    -3.926    pll_inst/inst/clk_out2_pll
    BUFGCTRL_X0Y0                                                     r  pll_inst/inst/clkout2_buf/I
    BUFGCTRL_X0Y0        BUFG (Prop_bufg_I_O)         0.093    -3.833 r  pll_inst/inst/clkout2_buf/O
                         net (fo=5889, routed)        1.562    -2.271    student_top_inst/u_KLDJ_top/ifu0/clk_out2
    SLICE_X69Y89         FDRE                                         r  student_top_inst/u_KLDJ_top/ifu0/pc_reg_reg[5]_replica/C
  -------------------------------------------------------------------    -------------------
    SLICE_X69Y89         FDRE (Prop_fdre_C_Q)         0.223    -2.048 f  student_top_inst/u_KLDJ_top/ifu0/pc_reg_reg[5]_replica/Q
                         net (fo=144, routed)         1.133    -0.915    student_top_inst/Mem_IROM/U0/Q[5]_repN_alias
    SLICE_X48Y100                                                     f  student_top_inst/Mem_IROM/U0/g19_b5/I3
    SLICE_X48Y100        LUT6 (Prop_lut6_I3_O)        0.043    -0.872 r  student_top_inst/Mem_IROM/U0/g19_b5/O
                         net (fo=1, routed)           0.000    -0.872    student_top_inst/Mem_IROM/U0/g19_b5_n_0
    SLICE_X48Y100                                                     r  student_top_inst/Mem_IROM/U0/spo[6]_INST_0_i_10/I1
    SLICE_X48Y100        MUXF7 (Prop_muxf7_I1_O)      0.108    -0.764 r  student_top_inst/Mem_IROM/U0/spo[6]_INST_0_i_10/O
                         net (fo=1, routed)           0.442    -0.323    student_top_inst/Mem_IROM/U0/spo[6]_INST_0_i_10_n_0
    SLICE_X47Y101                                                     r  student_top_inst/Mem_IROM/U0/spo[6]_INST_0_i_4/I3
    SLICE_X47Y101        LUT6 (Prop_lut6_I3_O)        0.124    -0.199 r  student_top_inst/Mem_IROM/U0/spo[6]_INST_0_i_4/O
                         net (fo=1, routed)           0.000    -0.199    student_top_inst/Mem_IROM/U0/spo[6]_INST_0_i_4_n_0
    SLICE_X47Y101                                                     r  student_top_inst/Mem_IROM/U0/spo[6]_INST_0_i_2/I0
    SLICE_X47Y101        MUXF7 (Prop_muxf7_I0_O)      0.120    -0.079 r  student_top_inst/Mem_IROM/U0/spo[6]_INST_0_i_2/O
                         net (fo=1, routed)           0.565     0.487    student_top_inst/Mem_IROM/U0/spo[6]_INST_0_i_2_n_0
    SLICE_X51Y101                                                     r  student_top_inst/Mem_IROM/U0/spo[6]_INST_0/I3
    SLICE_X51Y101        LUT6 (Prop_lut6_I3_O)        0.122     0.609 r  student_top_inst/Mem_IROM/U0/spo[6]_INST_0/O
                         net (fo=2, routed)           0.555     1.164    student_top_inst/u_KLDJ_top/ifu0/spo[6]
    SLICE_X57Y94                                                      r  student_top_inst/u_KLDJ_top/ifu0/pc_reg[31]_i_24/I4
    SLICE_X57Y94         LUT5 (Prop_lut5_I4_O)        0.043     1.207 r  student_top_inst/u_KLDJ_top/ifu0/pc_reg[31]_i_24/O
                         net (fo=1, routed)           0.098     1.304    student_top_inst/u_KLDJ_top/ifu0/if_static_jal00_in
    SLICE_X57Y94                                                      r  student_top_inst/u_KLDJ_top/ifu0/pc_reg[31]_i_15/I0
    SLICE_X57Y94         LUT2 (Prop_lut2_I0_O)        0.043     1.347 r  student_top_inst/u_KLDJ_top/ifu0/pc_reg[31]_i_15/O
                         net (fo=33, routed)          0.329     1.677    student_top_inst/u_KLDJ_top/u_bpu/u_gshare_btb_core/if_static_jal
    SLICE_X68Y94                                                      r  student_top_inst/u_KLDJ_top/u_bpu/u_gshare_btb_core/if_id_pred_taken_i_2/I0
    SLICE_X68Y94         LUT5 (Prop_lut5_I0_O)        0.043     1.720 r  student_top_inst/u_KLDJ_top/u_bpu/u_gshare_btb_core/if_id_pred_taken_i_2/O
                         net (fo=33, routed)          0.418     2.137    student_top_inst/u_KLDJ_top/ifu0/if_pred_taken
    SLICE_X65Y89                                                      r  student_top_inst/u_KLDJ_top/ifu0/pc_reg[9]_i_4/I3
    SLICE_X65Y89         LUT5 (Prop_lut5_I3_O)        0.043     2.180 r  student_top_inst/u_KLDJ_top/ifu0/pc_reg[9]_i_4/O
                         net (fo=1, routed)           0.473     2.653    student_top_inst/u_KLDJ_top/u_pipe_id_ex/dnpc[9]
    SLICE_X72Y88                                                      r  student_top_inst/u_KLDJ_top/u_pipe_id_ex/pc_reg[9]_i_1/I5
    SLICE_X72Y88         LUT6 (Prop_lut6_I5_O)        0.043     2.696 r  student_top_inst/u_KLDJ_top/u_pipe_id_ex/pc_reg[9]_i_1/O
                         net (fo=1, routed)           0.362     3.059    student_top_inst/u_KLDJ_top/ifu0/pc_reg_reg[31]_1[9]
    SLICE_X72Y88         FDRE                                         r  student_top_inst/u_KLDJ_top/ifu0/pc_reg_reg[9]/D
  -------------------------------------------------------------------    -------------------

                         (clock clk_out2_pll rise edge)
                                                      5.714     5.714 r  
    AD12                                              0.000     5.714 r  i_sys_clk_p (IN)
                         net (fo=0)                   0.000     5.714    pll_inst/inst/clk_in1_p
    AD12                                                              r  pll_inst/inst/clkin1_ibufgds/I
    AD12                 IBUFDS (Prop_ibufds_I_O)     0.803     6.518 r  pll_inst/inst/clkin1_ibufgds/O
                         net (fo=1, routed)           1.001     7.519    pll_inst/inst/clk_in1_pll
    PLLE2_ADV_X1Y1                                                    r  pll_inst/inst/plle2_adv_inst/CLKIN1
    PLLE2_ADV_X1Y1       PLLE2_ADV (Prop_plle2_adv_CLKIN1_CLKOUT1)
                                                     -7.261     0.258 r  pll_inst/inst/plle2_adv_inst/CLKOUT1
                         net (fo=1, routed)           2.003     2.261    pll_inst/inst/clk_out2_pll
    BUFGCTRL_X0Y0                                                     r  pll_inst/inst/clkout2_buf/I
    BUFGCTRL_X0Y0        BUFG (Prop_bufg_I_O)         0.083     2.344 r  pll_inst/inst/clkout2_buf/O
                         net (fo=5889, routed)        1.425     3.769    student_top_inst/u_KLDJ_top/ifu0/clk_out2
    SLICE_X72Y88         FDRE                                         r  student_top_inst/u_KLDJ_top/ifu0/pc_reg_reg[9]/C
                         clock pessimism             -0.373     3.396    
                         clock uncertainty           -0.077     3.319    
    SLICE_X72Y88         FDRE (Setup_fdre_C_D)       -0.022     3.297    student_top_inst/u_KLDJ_top/ifu0/pc_reg_reg[9]
  -------------------------------------------------------------------
                         required time                          3.297    
                         arrival time                          -3.059    
  -------------------------------------------------------------------
                         slack                                  0.238    

Slack (MET) :             0.238ns  (required time - arrival time)
  Source:                 student_top_inst/u_KLDJ_top/ifu0/pc_reg_reg[5]_replica/C
                            (rising edge-triggered cell FDRE clocked by clk_out2_pll  {rise@0.000ns fall@2.857ns period=5.714ns})
  Destination:            student_top_inst/u_KLDJ_top/ifu0/pc_reg_reg[9]/D
                            (rising edge-triggered cell FDRE clocked by clk_out2_pll  {rise@0.000ns fall@2.857ns period=5.714ns})
  Path Group:             clk_out2_pll
  Path Type:              Setup (Max at Slow Process Corner)
  Requirement:            5.714ns  (clk_out2_pll rise@5.714ns - clk_out2_pll rise@0.000ns)
  Data Path Delay:        5.330ns  (logic 0.955ns (17.917%)  route 4.375ns (82.083%))
  Logic Levels:           10  (LUT2=1 LUT5=3 LUT6=4 MUXF7=2)
  Clock Path Skew:        -0.047ns (DCD - SCD + CPR)
    Destination Clock Delay (DCD):    -1.946ns = ( 3.769 - 5.714 ) 
    Source Clock Delay      (SCD):    -2.271ns
    Clock Pessimism Removal (CPR):    -0.373ns
  Clock Uncertainty:      0.077ns  ((TSJ^2 + DJ^2)^1/2) / 2 + PE
    Total System Jitter     (TSJ):    0.071ns
    Discrete Jitter          (DJ):    0.137ns
    Phase Error              (PE):    0.000ns

    Location             Delay type                Incr(ns)  Path(ns)    Netlist Resource(s)
  -------------------------------------------------------------------    -------------------
                         (clock clk_out2_pll rise edge)
                                                      0.000     0.000 r  
    AD12                                              0.000     0.000 r  i_sys_clk_p (IN)
                         net (fo=0)                   0.000     0.000    pll_inst/inst/clk_in1_p
    AD12                                                              r  pll_inst/inst/clkin1_ibufgds/I
    AD12                 IBUFDS (Prop_ibufds_I_O)     0.906     0.906 r  pll_inst/inst/clkin1_ibufgds/O
                         net (fo=1, routed)           1.098     2.004    pll_inst/inst/clk_in1_pll
    PLLE2_ADV_X1Y1                                                    r  pll_inst/inst/plle2_adv_inst/CLKIN1
    PLLE2_ADV_X1Y1       PLLE2_ADV (Prop_plle2_adv_CLKIN1_CLKOUT1)
                                                     -8.058    -6.054 r  pll_inst/inst/plle2_adv_inst/CLKOUT1
                         net (fo=1, routed)           2.128    -3.926    pll_inst/inst/clk_out2_pll
    BUFGCTRL_X0Y0                                                     r  pll_inst/inst/clkout2_buf/I
    BUFGCTRL_X0Y0        BUFG (Prop_bufg_I_O)         0.093    -3.833 r  pll_inst/inst/clkout2_buf/O
                         net (fo=5889, routed)        1.562    -2.271    student_top_inst/u_KLDJ_top/ifu0/clk_out2
    SLICE_X69Y89         FDRE                                         r  student_top_inst/u_KLDJ_top/ifu0/pc_reg_reg[5]_replica/C
  -------------------------------------------------------------------    -------------------
    SLICE_X69Y89         FDRE (Prop_fdre_C_Q)         0.223    -2.048 r  student_top_inst/u_KLDJ_top/ifu0/pc_reg_reg[5]_replica/Q
                         net (fo=144, routed)         1.133    -0.915    student_top_inst/Mem_IROM/U0/Q[5]_repN_alias
    SLICE_X48Y100                                                     r  student_top_inst/Mem_IROM/U0/g19_b5/I3
    SLICE_X48Y100        LUT6 (Prop_lut6_I3_O)        0.043    -0.872 f  student_top_inst/Mem_IROM/U0/g19_b5/O
                         net (fo=1, routed)           0.000    -0.872    student_top_inst/Mem_IROM/U0/g19_b5_n_0
    SLICE_X48Y100                                                     f  student_top_inst/Mem_IROM/U0/spo[6]_INST_0_i_10/I1
    SLICE_X48Y100        MUXF7 (Prop_muxf7_I1_O)      0.108    -0.764 f  student_top_inst/Mem_IROM/U0/spo[6]_INST_0_i_10/O
                         net (fo=1, routed)           0.442    -0.323    student_top_inst/Mem_IROM/U0/spo[6]_INST_0_i_10_n_0
    SLICE_X47Y101                                                     f  student_top_inst/Mem_IROM/U0/spo[6]_INST_0_i_4/I3
    SLICE_X47Y101        LUT6 (Prop_lut6_I3_O)        0.124    -0.199 f  student_top_inst/Mem_IROM/U0/spo[6]_INST_0_i_4/O
                         net (fo=1, routed)           0.000    -0.199    student_top_inst/Mem_IROM/U0/spo[6]_INST_0_i_4_n_0
    SLICE_X47Y101                                                     f  student_top_inst/Mem_IROM/U0/spo[6]_INST_0_i_2/I0
    SLICE_X47Y101        MUXF7 (Prop_muxf7_I0_O)      0.120    -0.079 f  student_top_inst/Mem_IROM/U0/spo[6]_INST_0_i_2/O
                         net (fo=1, routed)           0.565     0.487    student_top_inst/Mem_IROM/U0/spo[6]_INST_0_i_2_n_0
    SLICE_X51Y101                                                     f  student_top_inst/Mem_IROM/U0/spo[6]_INST_0/I3
    SLICE_X51Y101        LUT6 (Prop_lut6_I3_O)        0.122     0.609 f  student_top_inst/Mem_IROM/U0/spo[6]_INST_0/O
                         net (fo=2, routed)           0.555     1.164    student_top_inst/u_KLDJ_top/ifu0/spo[6]
    SLICE_X57Y94                                                      f  student_top_inst/u_KLDJ_top/ifu0/pc_reg[31]_i_24/I4
    SLICE_X57Y94         LUT5 (Prop_lut5_I4_O)        0.043     1.207 f  student_top_inst/u_KLDJ_top/ifu0/pc_reg[31]_i_24/O
                         net (fo=1, routed)           0.098     1.304    student_top_inst/u_KLDJ_top/ifu0/if_static_jal00_in
    SLICE_X57Y94                                                      f  student_top_inst/u_KLDJ_top/ifu0/pc_reg[31]_i_15/I0
    SLICE_X57Y94         LUT2 (Prop_lut2_I0_O)        0.043     1.347 f  student_top_inst/u_KLDJ_top/ifu0/pc_reg[31]_i_15/O
                         net (fo=33, routed)          0.329     1.677    student_top_inst/u_KLDJ_top/u_bpu/u_gshare_btb_core/if_static_jal
    SLICE_X68Y94                                                      f  student_top_inst/u_KLDJ_top/u_bpu/u_gshare_btb_core/if_id_pred_taken_i_2/I0
    SLICE_X68Y94         LUT5 (Prop_lut5_I0_O)        0.043     1.720 f  student_top_inst/u_KLDJ_top/u_bpu/u_gshare_btb_core/if_id_pred_taken_i_2/O
                         net (fo=33, routed)          0.418     2.137    student_top_inst/u_KLDJ_top/ifu0/if_pred_taken
    SLICE_X65Y89                                                      f  student_top_inst/u_KLDJ_top/ifu0/pc_reg[9]_i_4/I3
    SLICE_X65Y89         LUT5 (Prop_lut5_I3_O)        0.043     2.180 r  student_top_inst/u_KLDJ_top/ifu0/pc_reg[9]_i_4/O
                         net (fo=1, routed)           0.473     2.653    student_top_inst/u_KLDJ_top/u_pipe_id_ex/dnpc[9]
    SLICE_X72Y88                                                      r  student_top_inst/u_KLDJ_top/u_pipe_id_ex/pc_reg[9]_i_1/I5
    SLICE_X72Y88         LUT6 (Prop_lut6_I5_O)        0.043     2.696 r  student_top_inst/u_KLDJ_top/u_pipe_id_ex/pc_reg[9]_i_1/O
                         net (fo=1, routed)           0.362     3.059    student_top_inst/u_KLDJ_top/ifu0/pc_reg_reg[31]_1[9]
    SLICE_X72Y88         FDRE                                         r  student_top_inst/u_KLDJ_top/ifu0/pc_reg_reg[9]/D
  -------------------------------------------------------------------    -------------------

                         (clock clk_out2_pll rise edge)
                                                      5.714     5.714 r  
    AD12                                              0.000     5.714 r  i_sys_clk_p (IN)
                         net (fo=0)                   0.000     5.714    pll_inst/inst/clk_in1_p
    AD12                                                              r  pll_inst/inst/clkin1_ibufgds/I
    AD12                 IBUFDS (Prop_ibufds_I_O)     0.803     6.518 r  pll_inst/inst/clkin1_ibufgds/O
                         net (fo=1, routed)           1.001     7.519    pll_inst/inst/clk_in1_pll
    PLLE2_ADV_X1Y1                                                    r  pll_inst/inst/plle2_adv_inst/CLKIN1
    PLLE2_ADV_X1Y1       PLLE2_ADV (Prop_plle2_adv_CLKIN1_CLKOUT1)
                                                     -7.261     0.258 r  pll_inst/inst/plle2_adv_inst/CLKOUT1
                         net (fo=1, routed)           2.003     2.261    pll_inst/inst/clk_out2_pll
    BUFGCTRL_X0Y0                                                     r  pll_inst/inst/clkout2_buf/I
    BUFGCTRL_X0Y0        BUFG (Prop_bufg_I_O)         0.083     2.344 r  pll_inst/inst/clkout2_buf/O
                         net (fo=5889, routed)        1.425     3.769    student_top_inst/u_KLDJ_top/ifu0/clk_out2
    SLICE_X72Y88         FDRE                                         r  student_top_inst/u_KLDJ_top/ifu0/pc_reg_reg[9]/C
                         clock pessimism             -0.373     3.396    
                         clock uncertainty           -0.077     3.319    
    SLICE_X72Y88         FDRE (Setup_fdre_C_D)       -0.022     3.297    student_top_inst/u_KLDJ_top/ifu0/pc_reg_reg[9]
  -------------------------------------------------------------------
                         required time                          3.297    
                         arrival time                          -3.059    
  -------------------------------------------------------------------
                         slack                                  0.238    

Slack (MET) :             0.238ns  (required time - arrival time)
  Source:                 student_top_inst/u_KLDJ_top/ifu0/pc_reg_reg[5]_replica/C
                            (rising edge-triggered cell FDRE clocked by clk_out2_pll  {rise@0.000ns fall@2.857ns period=5.714ns})
  Destination:            student_top_inst/u_KLDJ_top/ifu0/pc_reg_reg[9]/D
                            (rising edge-triggered cell FDRE clocked by clk_out2_pll  {rise@0.000ns fall@2.857ns period=5.714ns})
  Path Group:             clk_out2_pll
  Path Type:              Setup (Max at Slow Process Corner)
  Requirement:            5.714ns  (clk_out2_pll rise@5.714ns - clk_out2_pll rise@0.000ns)
  Data Path Delay:        5.330ns  (logic 0.955ns (17.917%)  route 4.375ns (82.083%))
  Logic Levels:           10  (LUT2=1 LUT5=3 LUT6=4 MUXF7=2)
  Clock Path Skew:        -0.047ns (DCD - SCD + CPR)
    Destination Clock Delay (DCD):    -1.946ns = ( 3.769 - 5.714 ) 
    Source Clock Delay      (SCD):    -2.271ns
    Clock Pessimism Removal (CPR):    -0.373ns
  Clock Uncertainty:      0.077ns  ((TSJ^2 + DJ^2)^1/2) / 2 + PE
    Total System Jitter     (TSJ):    0.071ns
    Discrete Jitter          (DJ):    0.137ns
    Phase Error              (PE):    0.000ns

    Location             Delay type                Incr(ns)  Path(ns)    Netlist Resource(s)
  -------------------------------------------------------------------    -------------------
                         (clock clk_out2_pll rise edge)
                                                      0.000     0.000 r  
    AD12                                              0.000     0.000 r  i_sys_clk_p (IN)
                         net (fo=0)                   0.000     0.000    pll_inst/inst/clk_in1_p
    AD12                                                              r  pll_inst/inst/clkin1_ibufgds/I
    AD12                 IBUFDS (Prop_ibufds_I_O)     0.906     0.906 r  pll_inst/inst/clkin1_ibufgds/O
                         net (fo=1, routed)           1.098     2.004    pll_inst/inst/clk_in1_pll
    PLLE2_ADV_X1Y1                                                    r  pll_inst/inst/plle2_adv_inst/CLKIN1
    PLLE2_ADV_X1Y1       PLLE2_ADV (Prop_plle2_adv_CLKIN1_CLKOUT1)
                                                     -8.058    -6.054 r  pll_inst/inst/plle2_adv_inst/CLKOUT1
                         net (fo=1, routed)           2.128    -3.926    pll_inst/inst/clk_out2_pll
    BUFGCTRL_X0Y0                                                     r  pll_inst/inst/clkout2_buf/I
    BUFGCTRL_X0Y0        BUFG (Prop_bufg_I_O)         0.093    -3.833 r  pll_inst/inst/clkout2_buf/O
                         net (fo=5889, routed)        1.562    -2.271    student_top_inst/u_KLDJ_top/ifu0/clk_out2
    SLICE_X69Y89         FDRE                                         r  student_top_inst/u_KLDJ_top/ifu0/pc_reg_reg[5]_replica/C
  -------------------------------------------------------------------    -------------------
    SLICE_X69Y89         FDRE (Prop_fdre_C_Q)         0.223    -2.048 f  student_top_inst/u_KLDJ_top/ifu0/pc_reg_reg[5]_replica/Q
                         net (fo=144, routed)         1.133    -0.915    student_top_inst/Mem_IROM/U0/Q[5]_repN_alias
    SLICE_X48Y100                                                     f  student_top_inst/Mem_IROM/U0/g19_b5/I3
    SLICE_X48Y100        LUT6 (Prop_lut6_I3_O)        0.043    -0.872 f  student_top_inst/Mem_IROM/U0/g19_b5/O
                         net (fo=1, routed)           0.000    -0.872    student_top_inst/Mem_IROM/U0/g19_b5_n_0
    SLICE_X48Y100                                                     f  student_top_inst/Mem_IROM/U0/spo[6]_INST_0_i_10/I1
    SLICE_X48Y100        MUXF7 (Prop_muxf7_I1_O)      0.108    -0.764 f  student_top_inst/Mem_IROM/U0/spo[6]_INST_0_i_10/O
                         net (fo=1, routed)           0.442    -0.323    student_top_inst/Mem_IROM/U0/spo[6]_INST_0_i_10_n_0
    SLICE_X47Y101                                                     f  student_top_inst/Mem_IROM/U0/spo[6]_INST_0_i_4/I3
    SLICE_X47Y101        LUT6 (Prop_lut6_I3_O)        0.124    -0.199 f  student_top_inst/Mem_IROM/U0/spo[6]_INST_0_i_4/O
                         net (fo=1, routed)           0.000    -0.199    student_top_inst/Mem_IROM/U0/spo[6]_INST_0_i_4_n_0
    SLICE_X47Y101                                                     f  student_top_inst/Mem_IROM/U0/spo[6]_INST_0_i_2/I0
    SLICE_X47Y101        MUXF7 (Prop_muxf7_I0_O)      0.120    -0.079 f  student_top_inst/Mem_IROM/U0/spo[6]_INST_0_i_2/O
                         net (fo=1, routed)           0.565     0.487    student_top_inst/Mem_IROM/U0/spo[6]_INST_0_i_2_n_0
    SLICE_X51Y101                                                     f  student_top_inst/Mem_IROM/U0/spo[6]_INST_0/I3
    SLICE_X51Y101        LUT6 (Prop_lut6_I3_O)        0.122     0.609 f  student_top_inst/Mem_IROM/U0/spo[6]_INST_0/O
                         net (fo=2, routed)           0.555     1.164    student_top_inst/u_KLDJ_top/ifu0/spo[6]
    SLICE_X57Y94                                                      f  student_top_inst/u_KLDJ_top/ifu0/pc_reg[31]_i_24/I4
    SLICE_X57Y94         LUT5 (Prop_lut5_I4_O)        0.043     1.207 f  student_top_inst/u_KLDJ_top/ifu0/pc_reg[31]_i_24/O
                         net (fo=1, routed)           0.098     1.304    student_top_inst/u_KLDJ_top/ifu0/if_static_jal00_in
    SLICE_X57Y94                                                      f  student_top_inst/u_KLDJ_top/ifu0/pc_reg[31]_i_15/I0
    SLICE_X57Y94         LUT2 (Prop_lut2_I0_O)        0.043     1.347 f  student_top_inst/u_KLDJ_top/ifu0/pc_reg[31]_i_15/O
                         net (fo=33, routed)          0.329     1.677    student_top_inst/u_KLDJ_top/u_bpu/u_gshare_btb_core/if_static_jal
    SLICE_X68Y94                                                      f  student_top_inst/u_KLDJ_top/u_bpu/u_gshare_btb_core/if_id_pred_taken_i_2/I0
    SLICE_X68Y94         LUT5 (Prop_lut5_I0_O)        0.043     1.720 f  student_top_inst/u_KLDJ_top/u_bpu/u_gshare_btb_core/if_id_pred_taken_i_2/O
                         net (fo=33, routed)          0.418     2.137    student_top_inst/u_KLDJ_top/ifu0/if_pred_taken
    SLICE_X65Y89                                                      f  student_top_inst/u_KLDJ_top/ifu0/pc_reg[9]_i_4/I3
    SLICE_X65Y89         LUT5 (Prop_lut5_I3_O)        0.043     2.180 r  student_top_inst/u_KLDJ_top/ifu0/pc_reg[9]_i_4/O
                         net (fo=1, routed)           0.473     2.653    student_top_inst/u_KLDJ_top/u_pipe_id_ex/dnpc[9]
    SLICE_X72Y88                                                      r  student_top_inst/u_KLDJ_top/u_pipe_id_ex/pc_reg[9]_i_1/I5
    SLICE_X72Y88         LUT6 (Prop_lut6_I5_O)        0.043     2.696 r  student_top_inst/u_KLDJ_top/u_pipe_id_ex/pc_reg[9]_i_1/O
                         net (fo=1, routed)           0.362     3.059    student_top_inst/u_KLDJ_top/ifu0/pc_reg_reg[31]_1[9]
    SLICE_X72Y88         FDRE                                         r  student_top_inst/u_KLDJ_top/ifu0/pc_reg_reg[9]/D
  -------------------------------------------------------------------    -------------------

                         (clock clk_out2_pll rise edge)
                                                      5.714     5.714 r  
    AD12                                              0.000     5.714 r  i_sys_clk_p (IN)
                         net (fo=0)                   0.000     5.714    pll_inst/inst/clk_in1_p
    AD12                                                              r  pll_inst/inst/clkin1_ibufgds/I
    AD12                 IBUFDS (Prop_ibufds_I_O)     0.803     6.518 r  pll_inst/inst/clkin1_ibufgds/O
                         net (fo=1, routed)           1.001     7.519    pll_inst/inst/clk_in1_pll
    PLLE2_ADV_X1Y1                                                    r  pll_inst/inst/plle2_adv_inst/CLKIN1
    PLLE2_ADV_X1Y1       PLLE2_ADV (Prop_plle2_adv_CLKIN1_CLKOUT1)
                                                     -7.261     0.258 r  pll_inst/inst/plle2_adv_inst/CLKOUT1
                         net (fo=1, routed)           2.003     2.261    pll_inst/inst/clk_out2_pll
    BUFGCTRL_X0Y0                                                     r  pll_inst/inst/clkout2_buf/I
    BUFGCTRL_X0Y0        BUFG (Prop_bufg_I_O)         0.083     2.344 r  pll_inst/inst/clkout2_buf/O
                         net (fo=5889, routed)        1.425     3.769    student_top_inst/u_KLDJ_top/ifu0/clk_out2
    SLICE_X72Y88         FDRE                                         r  student_top_inst/u_KLDJ_top/ifu0/pc_reg_reg[9]/C
                         clock pessimism             -0.373     3.396    
                         clock uncertainty           -0.077     3.319    
    SLICE_X72Y88         FDRE (Setup_fdre_C_D)       -0.022     3.297    student_top_inst/u_KLDJ_top/ifu0/pc_reg_reg[9]
  -------------------------------------------------------------------
                         required time                          3.297    
                         arrival time                          -3.059    
  -------------------------------------------------------------------
                         slack                                  0.238    

Slack (MET) :             0.238ns  (required time - arrival time)
  Source:                 student_top_inst/u_KLDJ_top/ifu0/pc_reg_reg[5]_replica/C
                            (rising edge-triggered cell FDRE clocked by clk_out2_pll  {rise@0.000ns fall@2.857ns period=5.714ns})
  Destination:            student_top_inst/u_KLDJ_top/ifu0/pc_reg_reg[9]/D
                            (rising edge-triggered cell FDRE clocked by clk_out2_pll  {rise@0.000ns fall@2.857ns period=5.714ns})
  Path Group:             clk_out2_pll
  Path Type:              Setup (Max at Slow Process Corner)
  Requirement:            5.714ns  (clk_out2_pll rise@5.714ns - clk_out2_pll rise@0.000ns)
  Data Path Delay:        5.330ns  (logic 0.955ns (17.917%)  route 4.375ns (82.083%))
  Logic Levels:           10  (LUT2=1 LUT5=3 LUT6=4 MUXF7=2)
  Clock Path Skew:        -0.047ns (DCD - SCD + CPR)
    Destination Clock Delay (DCD):    -1.946ns = ( 3.769 - 5.714 ) 
    Source Clock Delay      (SCD):    -2.271ns
    Clock Pessimism Removal (CPR):    -0.373ns
  Clock Uncertainty:      0.077ns  ((TSJ^2 + DJ^2)^1/2) / 2 + PE
    Total System Jitter     (TSJ):    0.071ns
    Discrete Jitter          (DJ):    0.137ns
    Phase Error              (PE):    0.000ns

    Location             Delay type                Incr(ns)  Path(ns)    Netlist Resource(s)
  -------------------------------------------------------------------    -------------------
                         (clock clk_out2_pll rise edge)
                                                      0.000     0.000 r  
    AD12                                              0.000     0.000 r  i_sys_clk_p (IN)
                         net (fo=0)                   0.000     0.000    pll_inst/inst/clk_in1_p
    AD12                                                              r  pll_inst/inst/clkin1_ibufgds/I
    AD12                 IBUFDS (Prop_ibufds_I_O)     0.906     0.906 r  pll_inst/inst/clkin1_ibufgds/O
                         net (fo=1, routed)           1.098     2.004    pll_inst/inst/clk_in1_pll
    PLLE2_ADV_X1Y1                                                    r  pll_inst/inst/plle2_adv_inst/CLKIN1
    PLLE2_ADV_X1Y1       PLLE2_ADV (Prop_plle2_adv_CLKIN1_CLKOUT1)
                                                     -8.058    -6.054 r  pll_inst/inst/plle2_adv_inst/CLKOUT1
                         net (fo=1, routed)           2.128    -3.926    pll_inst/inst/clk_out2_pll
    BUFGCTRL_X0Y0                                                     r  pll_inst/inst/clkout2_buf/I
    BUFGCTRL_X0Y0        BUFG (Prop_bufg_I_O)         0.093    -3.833 r  pll_inst/inst/clkout2_buf/O
                         net (fo=5889, routed)        1.562    -2.271    student_top_inst/u_KLDJ_top/ifu0/clk_out2
    SLICE_X69Y89         FDRE                                         r  student_top_inst/u_KLDJ_top/ifu0/pc_reg_reg[5]_replica/C
  -------------------------------------------------------------------    -------------------
    SLICE_X69Y89         FDRE (Prop_fdre_C_Q)         0.223    -2.048 r  student_top_inst/u_KLDJ_top/ifu0/pc_reg_reg[5]_replica/Q
                         net (fo=144, routed)         1.133    -0.915    student_top_inst/Mem_IROM/U0/Q[5]_repN_alias
    SLICE_X48Y100                                                     r  student_top_inst/Mem_IROM/U0/g19_b5/I3
    SLICE_X48Y100        LUT6 (Prop_lut6_I3_O)        0.043    -0.872 r  student_top_inst/Mem_IROM/U0/g19_b5/O
                         net (fo=1, routed)           0.000    -0.872    student_top_inst/Mem_IROM/U0/g19_b5_n_0
    SLICE_X48Y100                                                     r  student_top_inst/Mem_IROM/U0/spo[6]_INST_0_i_10/I1
    SLICE_X48Y100        MUXF7 (Prop_muxf7_I1_O)      0.108    -0.764 r  student_top_inst/Mem_IROM/U0/spo[6]_INST_0_i_10/O
                         net (fo=1, routed)           0.442    -0.323    student_top_inst/Mem_IROM/U0/spo[6]_INST_0_i_10_n_0
    SLICE_X47Y101                                                     r  student_top_inst/Mem_IROM/U0/spo[6]_INST_0_i_4/I3
    SLICE_X47Y101        LUT6 (Prop_lut6_I3_O)        0.124    -0.199 r  student_top_inst/Mem_IROM/U0/spo[6]_INST_0_i_4/O
                         net (fo=1, routed)           0.000    -0.199    student_top_inst/Mem_IROM/U0/spo[6]_INST_0_i_4_n_0
    SLICE_X47Y101                                                     r  student_top_inst/Mem_IROM/U0/spo[6]_INST_0_i_2/I0
    SLICE_X47Y101        MUXF7 (Prop_muxf7_I0_O)      0.120    -0.079 r  student_top_inst/Mem_IROM/U0/spo[6]_INST_0_i_2/O
                         net (fo=1, routed)           0.565     0.487    student_top_inst/Mem_IROM/U0/spo[6]_INST_0_i_2_n_0
    SLICE_X51Y101                                                     r  student_top_inst/Mem_IROM/U0/spo[6]_INST_0/I3
    SLICE_X51Y101        LUT6 (Prop_lut6_I3_O)        0.122     0.609 r  student_top_inst/Mem_IROM/U0/spo[6]_INST_0/O
                         net (fo=2, routed)           0.555     1.164    student_top_inst/u_KLDJ_top/ifu0/spo[6]
    SLICE_X57Y94                                                      r  student_top_inst/u_KLDJ_top/ifu0/pc_reg[31]_i_24/I4
    SLICE_X57Y94         LUT5 (Prop_lut5_I4_O)        0.043     1.207 r  student_top_inst/u_KLDJ_top/ifu0/pc_reg[31]_i_24/O
                         net (fo=1, routed)           0.098     1.304    student_top_inst/u_KLDJ_top/ifu0/if_static_jal00_in
    SLICE_X57Y94                                                      r  student_top_inst/u_KLDJ_top/ifu0/pc_reg[31]_i_15/I0
    SLICE_X57Y94         LUT2 (Prop_lut2_I0_O)        0.043     1.347 r  student_top_inst/u_KLDJ_top/ifu0/pc_reg[31]_i_15/O
                         net (fo=33, routed)          0.329     1.677    student_top_inst/u_KLDJ_top/u_bpu/u_gshare_btb_core/if_static_jal
    SLICE_X68Y94                                                      r  student_top_inst/u_KLDJ_top/u_bpu/u_gshare_btb_core/if_id_pred_taken_i_2/I0
    SLICE_X68Y94         LUT5 (Prop_lut5_I0_O)        0.043     1.720 r  student_top_inst/u_KLDJ_top/u_bpu/u_gshare_btb_core/if_id_pred_taken_i_2/O
                         net (fo=33, routed)          0.418     2.137    student_top_inst/u_KLDJ_top/ifu0/if_pred_taken
    SLICE_X65Y89                                                      r  student_top_inst/u_KLDJ_top/ifu0/pc_reg[9]_i_4/I3
    SLICE_X65Y89         LUT5 (Prop_lut5_I3_O)        0.043     2.180 f  student_top_inst/u_KLDJ_top/ifu0/pc_reg[9]_i_4/O
                         net (fo=1, routed)           0.473     2.653    student_top_inst/u_KLDJ_top/u_pipe_id_ex/dnpc[9]
    SLICE_X72Y88                                                      f  student_top_inst/u_KLDJ_top/u_pipe_id_ex/pc_reg[9]_i_1/I5
    SLICE_X72Y88         LUT6 (Prop_lut6_I5_O)        0.043     2.696 f  student_top_inst/u_KLDJ_top/u_pipe_id_ex/pc_reg[9]_i_1/O
                         net (fo=1, routed)           0.362     3.059    student_top_inst/u_KLDJ_top/ifu0/pc_reg_reg[31]_1[9]
    SLICE_X72Y88         FDRE                                         f  student_top_inst/u_KLDJ_top/ifu0/pc_reg_reg[9]/D
  -------------------------------------------------------------------    -------------------

                         (clock clk_out2_pll rise edge)
                                                      5.714     5.714 r  
    AD12                                              0.000     5.714 r  i_sys_clk_p (IN)
                         net (fo=0)                   0.000     5.714    pll_inst/inst/clk_in1_p
    AD12                                                              r  pll_inst/inst/clkin1_ibufgds/I
    AD12                 IBUFDS (Prop_ibufds_I_O)     0.803     6.518 r  pll_inst/inst/clkin1_ibufgds/O
                         net (fo=1, routed)           1.001     7.519    pll_inst/inst/clk_in1_pll
    PLLE2_ADV_X1Y1                                                    r  pll_inst/inst/plle2_adv_inst/CLKIN1
    PLLE2_ADV_X1Y1       PLLE2_ADV (Prop_plle2_adv_CLKIN1_CLKOUT1)
                                                     -7.261     0.258 r  pll_inst/inst/plle2_adv_inst/CLKOUT1
                         net (fo=1, routed)           2.003     2.261    pll_inst/inst/clk_out2_pll
    BUFGCTRL_X0Y0                                                     r  pll_inst/inst/clkout2_buf/I
    BUFGCTRL_X0Y0        BUFG (Prop_bufg_I_O)         0.083     2.344 r  pll_inst/inst/clkout2_buf/O
                         net (fo=5889, routed)        1.425     3.769    student_top_inst/u_KLDJ_top/ifu0/clk_out2
    SLICE_X72Y88         FDRE                                         r  student_top_inst/u_KLDJ_top/ifu0/pc_reg_reg[9]/C
                         clock pessimism             -0.373     3.396    
                         clock uncertainty           -0.077     3.319    
    SLICE_X72Y88         FDRE (Setup_fdre_C_D)       -0.022     3.297    student_top_inst/u_KLDJ_top/ifu0/pc_reg_reg[9]
  -------------------------------------------------------------------
                         required time                          3.297    
                         arrival time                          -3.059    
  -------------------------------------------------------------------
                         slack                                  0.238    

Slack (MET) :             0.238ns  (required time - arrival time)
  Source:                 student_top_inst/u_KLDJ_top/ifu0/pc_reg_reg[5]_replica/C
                            (rising edge-triggered cell FDRE clocked by clk_out2_pll  {rise@0.000ns fall@2.857ns period=5.714ns})
  Destination:            student_top_inst/u_KLDJ_top/ifu0/pc_reg_reg[9]/D
                            (rising edge-triggered cell FDRE clocked by clk_out2_pll  {rise@0.000ns fall@2.857ns period=5.714ns})
  Path Group:             clk_out2_pll
  Path Type:              Setup (Max at Slow Process Corner)
  Requirement:            5.714ns  (clk_out2_pll rise@5.714ns - clk_out2_pll rise@0.000ns)
  Data Path Delay:        5.330ns  (logic 0.955ns (17.917%)  route 4.375ns (82.083%))
  Logic Levels:           10  (LUT2=1 LUT5=3 LUT6=4 MUXF7=2)
  Clock Path Skew:        -0.047ns (DCD - SCD + CPR)
    Destination Clock Delay (DCD):    -1.946ns = ( 3.769 - 5.714 ) 
    Source Clock Delay      (SCD):    -2.271ns
    Clock Pessimism Removal (CPR):    -0.373ns
  Clock Uncertainty:      0.077ns  ((TSJ^2 + DJ^2)^1/2) / 2 + PE
    Total System Jitter     (TSJ):    0.071ns
    Discrete Jitter          (DJ):    0.137ns
    Phase Error              (PE):    0.000ns

    Location             Delay type                Incr(ns)  Path(ns)    Netlist Resource(s)
  -------------------------------------------------------------------    -------------------
                         (clock clk_out2_pll rise edge)
                                                      0.000     0.000 r  
    AD12                                              0.000     0.000 r  i_sys_clk_p (IN)
                         net (fo=0)                   0.000     0.000    pll_inst/inst/clk_in1_p
    AD12                                                              r  pll_inst/inst/clkin1_ibufgds/I
    AD12                 IBUFDS (Prop_ibufds_I_O)     0.906     0.906 r  pll_inst/inst/clkin1_ibufgds/O
                         net (fo=1, routed)           1.098     2.004    pll_inst/inst/clk_in1_pll
    PLLE2_ADV_X1Y1                                                    r  pll_inst/inst/plle2_adv_inst/CLKIN1
    PLLE2_ADV_X1Y1       PLLE2_ADV (Prop_plle2_adv_CLKIN1_CLKOUT1)
                                                     -8.058    -6.054 r  pll_inst/inst/plle2_adv_inst/CLKOUT1
                         net (fo=1, routed)           2.128    -3.926    pll_inst/inst/clk_out2_pll
    BUFGCTRL_X0Y0                                                     r  pll_inst/inst/clkout2_buf/I
    BUFGCTRL_X0Y0        BUFG (Prop_bufg_I_O)         0.093    -3.833 r  pll_inst/inst/clkout2_buf/O
                         net (fo=5889, routed)        1.562    -2.271    student_top_inst/u_KLDJ_top/ifu0/clk_out2
    SLICE_X69Y89         FDRE                                         r  student_top_inst/u_KLDJ_top/ifu0/pc_reg_reg[5]_replica/C
  -------------------------------------------------------------------    -------------------
    SLICE_X69Y89         FDRE (Prop_fdre_C_Q)         0.223    -2.048 f  student_top_inst/u_KLDJ_top/ifu0/pc_reg_reg[5]_replica/Q
                         net (fo=144, routed)         1.133    -0.915    student_top_inst/Mem_IROM/U0/Q[5]_repN_alias
    SLICE_X48Y100                                                     f  student_top_inst/Mem_IROM/U0/g19_b5/I3
    SLICE_X48Y100        LUT6 (Prop_lut6_I3_O)        0.043    -0.872 r  student_top_inst/Mem_IROM/U0/g19_b5/O
                         net (fo=1, routed)           0.000    -0.872    student_top_inst/Mem_IROM/U0/g19_b5_n_0
    SLICE_X48Y100                                                     r  student_top_inst/Mem_IROM/U0/spo[6]_INST_0_i_10/I1
    SLICE_X48Y100        MUXF7 (Prop_muxf7_I1_O)      0.108    -0.764 r  student_top_inst/Mem_IROM/U0/spo[6]_INST_0_i_10/O
                         net (fo=1, routed)           0.442    -0.323    student_top_inst/Mem_IROM/U0/spo[6]_INST_0_i_10_n_0
    SLICE_X47Y101                                                     r  student_top_inst/Mem_IROM/U0/spo[6]_INST_0_i_4/I3
    SLICE_X47Y101        LUT6 (Prop_lut6_I3_O)        0.124    -0.199 r  student_top_inst/Mem_IROM/U0/spo[6]_INST_0_i_4/O
                         net (fo=1, routed)           0.000    -0.199    student_top_inst/Mem_IROM/U0/spo[6]_INST_0_i_4_n_0
    SLICE_X47Y101                                                     r  student_top_inst/Mem_IROM/U0/spo[6]_INST_0_i_2/I0
    SLICE_X47Y101        MUXF7 (Prop_muxf7_I0_O)      0.120    -0.079 r  student_top_inst/Mem_IROM/U0/spo[6]_INST_0_i_2/O
                         net (fo=1, routed)           0.565     0.487    student_top_inst/Mem_IROM/U0/spo[6]_INST_0_i_2_n_0
    SLICE_X51Y101                                                     r  student_top_inst/Mem_IROM/U0/spo[6]_INST_0/I3
    SLICE_X51Y101        LUT6 (Prop_lut6_I3_O)        0.122     0.609 r  student_top_inst/Mem_IROM/U0/spo[6]_INST_0/O
                         net (fo=2, routed)           0.555     1.164    student_top_inst/u_KLDJ_top/ifu0/spo[6]
    SLICE_X57Y94                                                      r  student_top_inst/u_KLDJ_top/ifu0/pc_reg[31]_i_24/I4
    SLICE_X57Y94         LUT5 (Prop_lut5_I4_O)        0.043     1.207 r  student_top_inst/u_KLDJ_top/ifu0/pc_reg[31]_i_24/O
                         net (fo=1, routed)           0.098     1.304    student_top_inst/u_KLDJ_top/ifu0/if_static_jal00_in
    SLICE_X57Y94                                                      r  student_top_inst/u_KLDJ_top/ifu0/pc_reg[31]_i_15/I0
    SLICE_X57Y94         LUT2 (Prop_lut2_I0_O)        0.043     1.347 r  student_top_inst/u_KLDJ_top/ifu0/pc_reg[31]_i_15/O
                         net (fo=33, routed)          0.329     1.677    student_top_inst/u_KLDJ_top/u_bpu/u_gshare_btb_core/if_static_jal
    SLICE_X68Y94                                                      r  student_top_inst/u_KLDJ_top/u_bpu/u_gshare_btb_core/if_id_pred_taken_i_2/I0
    SLICE_X68Y94         LUT5 (Prop_lut5_I0_O)        0.043     1.720 r  student_top_inst/u_KLDJ_top/u_bpu/u_gshare_btb_core/if_id_pred_taken_i_2/O
                         net (fo=33, routed)          0.418     2.137    student_top_inst/u_KLDJ_top/ifu0/if_pred_taken
    SLICE_X65Y89                                                      r  student_top_inst/u_KLDJ_top/ifu0/pc_reg[9]_i_4/I3
    SLICE_X65Y89         LUT5 (Prop_lut5_I3_O)        0.043     2.180 f  student_top_inst/u_KLDJ_top/ifu0/pc_reg[9]_i_4/O
                         net (fo=1, routed)           0.473     2.653    student_top_inst/u_KLDJ_top/u_pipe_id_ex/dnpc[9]
    SLICE_X72Y88                                                      f  student_top_inst/u_KLDJ_top/u_pipe_id_ex/pc_reg[9]_i_1/I5
    SLICE_X72Y88         LUT6 (Prop_lut6_I5_O)        0.043     2.696 f  student_top_inst/u_KLDJ_top/u_pipe_id_ex/pc_reg[9]_i_1/O
                         net (fo=1, routed)           0.362     3.059    student_top_inst/u_KLDJ_top/ifu0/pc_reg_reg[31]_1[9]
    SLICE_X72Y88         FDRE                                         f  student_top_inst/u_KLDJ_top/ifu0/pc_reg_reg[9]/D
  -------------------------------------------------------------------    -------------------

                         (clock clk_out2_pll rise edge)
                                                      5.714     5.714 r  
    AD12                                              0.000     5.714 r  i_sys_clk_p (IN)
                         net (fo=0)                   0.000     5.714    pll_inst/inst/clk_in1_p
    AD12                                                              r  pll_inst/inst/clkin1_ibufgds/I
    AD12                 IBUFDS (Prop_ibufds_I_O)     0.803     6.518 r  pll_inst/inst/clkin1_ibufgds/O
                         net (fo=1, routed)           1.001     7.519    pll_inst/inst/clk_in1_pll
    PLLE2_ADV_X1Y1                                                    r  pll_inst/inst/plle2_adv_inst/CLKIN1
    PLLE2_ADV_X1Y1       PLLE2_ADV (Prop_plle2_adv_CLKIN1_CLKOUT1)
                                                     -7.261     0.258 r  pll_inst/inst/plle2_adv_inst/CLKOUT1
                         net (fo=1, routed)           2.003     2.261    pll_inst/inst/clk_out2_pll
    BUFGCTRL_X0Y0                                                     r  pll_inst/inst/clkout2_buf/I
    BUFGCTRL_X0Y0        BUFG (Prop_bufg_I_O)         0.083     2.344 r  pll_inst/inst/clkout2_buf/O
                         net (fo=5889, routed)        1.425     3.769    student_top_inst/u_KLDJ_top/ifu0/clk_out2
    SLICE_X72Y88         FDRE                                         r  student_top_inst/u_KLDJ_top/ifu0/pc_reg_reg[9]/C
                         clock pessimism             -0.373     3.396    
                         clock uncertainty           -0.077     3.319    
    SLICE_X72Y88         FDRE (Setup_fdre_C_D)       -0.022     3.297    student_top_inst/u_KLDJ_top/ifu0/pc_reg_reg[9]
  -------------------------------------------------------------------
                         required time                          3.297    
                         arrival time                          -3.059    
  -------------------------------------------------------------------
                         slack                                  0.238    

Slack (MET) :             0.238ns  (required time - arrival time)
  Source:                 student_top_inst/u_KLDJ_top/ifu0/pc_reg_reg[5]_replica/C
                            (rising edge-triggered cell FDRE clocked by clk_out2_pll  {rise@0.000ns fall@2.857ns period=5.714ns})
  Destination:            student_top_inst/u_KLDJ_top/ifu0/pc_reg_reg[9]/D
                            (rising edge-triggered cell FDRE clocked by clk_out2_pll  {rise@0.000ns fall@2.857ns period=5.714ns})
  Path Group:             clk_out2_pll
  Path Type:              Setup (Max at Slow Process Corner)
  Requirement:            5.714ns  (clk_out2_pll rise@5.714ns - clk_out2_pll rise@0.000ns)
  Data Path Delay:        5.330ns  (logic 0.955ns (17.917%)  route 4.375ns (82.083%))
  Logic Levels:           10  (LUT2=1 LUT5=3 LUT6=4 MUXF7=2)
  Clock Path Skew:        -0.047ns (DCD - SCD + CPR)
    Destination Clock Delay (DCD):    -1.946ns = ( 3.769 - 5.714 ) 
    Source Clock Delay      (SCD):    -2.271ns
    Clock Pessimism Removal (CPR):    -0.373ns
  Clock Uncertainty:      0.077ns  ((TSJ^2 + DJ^2)^1/2) / 2 + PE
    Total System Jitter     (TSJ):    0.071ns
    Discrete Jitter          (DJ):    0.137ns
    Phase Error              (PE):    0.000ns

    Location             Delay type                Incr(ns)  Path(ns)    Netlist Resource(s)
  -------------------------------------------------------------------    -------------------
                         (clock clk_out2_pll rise edge)
                                                      0.000     0.000 r  
    AD12                                              0.000     0.000 r  i_sys_clk_p (IN)
                         net (fo=0)                   0.000     0.000    pll_inst/inst/clk_in1_p
    AD12                                                              r  pll_inst/inst/clkin1_ibufgds/I
    AD12                 IBUFDS (Prop_ibufds_I_O)     0.906     0.906 r  pll_inst/inst/clkin1_ibufgds/O
                         net (fo=1, routed)           1.098     2.004    pll_inst/inst/clk_in1_pll
    PLLE2_ADV_X1Y1                                                    r  pll_inst/inst/plle2_adv_inst/CLKIN1
    PLLE2_ADV_X1Y1       PLLE2_ADV (Prop_plle2_adv_CLKIN1_CLKOUT1)
                                                     -8.058    -6.054 r  pll_inst/inst/plle2_adv_inst/CLKOUT1
                         net (fo=1, routed)           2.128    -3.926    pll_inst/inst/clk_out2_pll
    BUFGCTRL_X0Y0                                                     r  pll_inst/inst/clkout2_buf/I
    BUFGCTRL_X0Y0        BUFG (Prop_bufg_I_O)         0.093    -3.833 r  pll_inst/inst/clkout2_buf/O
                         net (fo=5889, routed)        1.562    -2.271    student_top_inst/u_KLDJ_top/ifu0/clk_out2
    SLICE_X69Y89         FDRE                                         r  student_top_inst/u_KLDJ_top/ifu0/pc_reg_reg[5]_replica/C
  -------------------------------------------------------------------    -------------------
    SLICE_X69Y89         FDRE (Prop_fdre_C_Q)         0.223    -2.048 r  student_top_inst/u_KLDJ_top/ifu0/pc_reg_reg[5]_replica/Q
                         net (fo=144, routed)         1.133    -0.915    student_top_inst/Mem_IROM/U0/Q[5]_repN_alias
    SLICE_X48Y100                                                     r  student_top_inst/Mem_IROM/U0/g19_b5/I3
    SLICE_X48Y100        LUT6 (Prop_lut6_I3_O)        0.043    -0.872 f  student_top_inst/Mem_IROM/U0/g19_b5/O
                         net (fo=1, routed)           0.000    -0.872    student_top_inst/Mem_IROM/U0/g19_b5_n_0
    SLICE_X48Y100                                                     f  student_top_inst/Mem_IROM/U0/spo[6]_INST_0_i_10/I1
    SLICE_X48Y100        MUXF7 (Prop_muxf7_I1_O)      0.108    -0.764 f  student_top_inst/Mem_IROM/U0/spo[6]_INST_0_i_10/O
                         net (fo=1, routed)           0.442    -0.323    student_top_inst/Mem_IROM/U0/spo[6]_INST_0_i_10_n_0
    SLICE_X47Y101                                                     f  student_top_inst/Mem_IROM/U0/spo[6]_INST_0_i_4/I3
    SLICE_X47Y101        LUT6 (Prop_lut6_I3_O)        0.124    -0.199 f  student_top_inst/Mem_IROM/U0/spo[6]_INST_0_i_4/O
                         net (fo=1, routed)           0.000    -0.199    student_top_inst/Mem_IROM/U0/spo[6]_INST_0_i_4_n_0
    SLICE_X47Y101                                                     f  student_top_inst/Mem_IROM/U0/spo[6]_INST_0_i_2/I0
    SLICE_X47Y101        MUXF7 (Prop_muxf7_I0_O)      0.120    -0.079 f  student_top_inst/Mem_IROM/U0/spo[6]_INST_0_i_2/O
                         net (fo=1, routed)           0.565     0.487    student_top_inst/Mem_IROM/U0/spo[6]_INST_0_i_2_n_0
    SLICE_X51Y101                                                     f  student_top_inst/Mem_IROM/U0/spo[6]_INST_0/I3
    SLICE_X51Y101        LUT6 (Prop_lut6_I3_O)        0.122     0.609 f  student_top_inst/Mem_IROM/U0/spo[6]_INST_0/O
                         net (fo=2, routed)           0.555     1.164    student_top_inst/u_KLDJ_top/ifu0/spo[6]
    SLICE_X57Y94                                                      f  student_top_inst/u_KLDJ_top/ifu0/pc_reg[31]_i_24/I4
    SLICE_X57Y94         LUT5 (Prop_lut5_I4_O)        0.043     1.207 f  student_top_inst/u_KLDJ_top/ifu0/pc_reg[31]_i_24/O
                         net (fo=1, routed)           0.098     1.304    student_top_inst/u_KLDJ_top/ifu0/if_static_jal00_in
    SLICE_X57Y94                                                      f  student_top_inst/u_KLDJ_top/ifu0/pc_reg[31]_i_15/I0
    SLICE_X57Y94         LUT2 (Prop_lut2_I0_O)        0.043     1.347 f  student_top_inst/u_KLDJ_top/ifu0/pc_reg[31]_i_15/O
                         net (fo=33, routed)          0.329     1.677    student_top_inst/u_KLDJ_top/u_bpu/u_gshare_btb_core/if_static_jal
    SLICE_X68Y94                                                      f  student_top_inst/u_KLDJ_top/u_bpu/u_gshare_btb_core/if_id_pred_taken_i_2/I0
    SLICE_X68Y94         LUT5 (Prop_lut5_I0_O)        0.043     1.720 f  student_top_inst/u_KLDJ_top/u_bpu/u_gshare_btb_core/if_id_pred_taken_i_2/O
                         net (fo=33, routed)          0.418     2.137    student_top_inst/u_KLDJ_top/ifu0/if_pred_taken
    SLICE_X65Y89                                                      f  student_top_inst/u_KLDJ_top/ifu0/pc_reg[9]_i_4/I3
    SLICE_X65Y89         LUT5 (Prop_lut5_I3_O)        0.043     2.180 f  student_top_inst/u_KLDJ_top/ifu0/pc_reg[9]_i_4/O
                         net (fo=1, routed)           0.473     2.653    student_top_inst/u_KLDJ_top/u_pipe_id_ex/dnpc[9]
    SLICE_X72Y88                                                      f  student_top_inst/u_KLDJ_top/u_pipe_id_ex/pc_reg[9]_i_1/I5
    SLICE_X72Y88         LUT6 (Prop_lut6_I5_O)        0.043     2.696 f  student_top_inst/u_KLDJ_top/u_pipe_id_ex/pc_reg[9]_i_1/O
                         net (fo=1, routed)           0.362     3.059    student_top_inst/u_KLDJ_top/ifu0/pc_reg_reg[31]_1[9]
    SLICE_X72Y88         FDRE                                         f  student_top_inst/u_KLDJ_top/ifu0/pc_reg_reg[9]/D
  -------------------------------------------------------------------    -------------------

                         (clock clk_out2_pll rise edge)
                                                      5.714     5.714 r  
    AD12                                              0.000     5.714 r  i_sys_clk_p (IN)
                         net (fo=0)                   0.000     5.714    pll_inst/inst/clk_in1_p
    AD12                                                              r  pll_inst/inst/clkin1_ibufgds/I
    AD12                 IBUFDS (Prop_ibufds_I_O)     0.803     6.518 r  pll_inst/inst/clkin1_ibufgds/O
                         net (fo=1, routed)           1.001     7.519    pll_inst/inst/clk_in1_pll
    PLLE2_ADV_X1Y1                                                    r  pll_inst/inst/plle2_adv_inst/CLKIN1
    PLLE2_ADV_X1Y1       PLLE2_ADV (Prop_plle2_adv_CLKIN1_CLKOUT1)
                                                     -7.261     0.258 r  pll_inst/inst/plle2_adv_inst/CLKOUT1
                         net (fo=1, routed)           2.003     2.261    pll_inst/inst/clk_out2_pll
    BUFGCTRL_X0Y0                                                     r  pll_inst/inst/clkout2_buf/I
    BUFGCTRL_X0Y0        BUFG (Prop_bufg_I_O)         0.083     2.344 r  pll_inst/inst/clkout2_buf/O
                         net (fo=5889, routed)        1.425     3.769    student_top_inst/u_KLDJ_top/ifu0/clk_out2
    SLICE_X72Y88         FDRE                                         r  student_top_inst/u_KLDJ_top/ifu0/pc_reg_reg[9]/C
                         clock pessimism             -0.373     3.396    
                         clock uncertainty           -0.077     3.319    
    SLICE_X72Y88         FDRE (Setup_fdre_C_D)       -0.022     3.297    student_top_inst/u_KLDJ_top/ifu0/pc_reg_reg[9]
  -------------------------------------------------------------------
                         required time                          3.297    
                         arrival time                          -3.059    
  -------------------------------------------------------------------
                         slack                                  0.238    

Slack (MET) :             0.238ns  (required time - arrival time)
  Source:                 student_top_inst/u_KLDJ_top/ifu0/pc_reg_reg[5]_replica/C
                            (rising edge-triggered cell FDRE clocked by clk_out2_pll  {rise@0.000ns fall@2.857ns period=5.714ns})
  Destination:            student_top_inst/u_KLDJ_top/ifu0/pc_reg_reg[9]/D
                            (rising edge-triggered cell FDRE clocked by clk_out2_pll  {rise@0.000ns fall@2.857ns period=5.714ns})
  Path Group:             clk_out2_pll
  Path Type:              Setup (Max at Slow Process Corner)
  Requirement:            5.714ns  (clk_out2_pll rise@5.714ns - clk_out2_pll rise@0.000ns)
  Data Path Delay:        5.330ns  (logic 0.955ns (17.917%)  route 4.375ns (82.083%))
  Logic Levels:           10  (LUT2=1 LUT5=3 LUT6=4 MUXF7=2)
  Clock Path Skew:        -0.047ns (DCD - SCD + CPR)
    Destination Clock Delay (DCD):    -1.946ns = ( 3.769 - 5.714 ) 
    Source Clock Delay      (SCD):    -2.271ns
    Clock Pessimism Removal (CPR):    -0.373ns
  Clock Uncertainty:      0.077ns  ((TSJ^2 + DJ^2)^1/2) / 2 + PE
    Total System Jitter     (TSJ):    0.071ns
    Discrete Jitter          (DJ):    0.137ns
    Phase Error              (PE):    0.000ns

    Location             Delay type                Incr(ns)  Path(ns)    Netlist Resource(s)
  -------------------------------------------------------------------    -------------------
                         (clock clk_out2_pll rise edge)
                                                      0.000     0.000 r  
    AD12                                              0.000     0.000 r  i_sys_clk_p (IN)
                         net (fo=0)                   0.000     0.000    pll_inst/inst/clk_in1_p
    AD12                                                              r  pll_inst/inst/clkin1_ibufgds/I
    AD12                 IBUFDS (Prop_ibufds_I_O)     0.906     0.906 r  pll_inst/inst/clkin1_ibufgds/O
                         net (fo=1, routed)           1.098     2.004    pll_inst/inst/clk_in1_pll
    PLLE2_ADV_X1Y1                                                    r  pll_inst/inst/plle2_adv_inst/CLKIN1
    PLLE2_ADV_X1Y1       PLLE2_ADV (Prop_plle2_adv_CLKIN1_CLKOUT1)
                                                     -8.058    -6.054 r  pll_inst/inst/plle2_adv_inst/CLKOUT1
                         net (fo=1, routed)           2.128    -3.926    pll_inst/inst/clk_out2_pll
    BUFGCTRL_X0Y0                                                     r  pll_inst/inst/clkout2_buf/I
    BUFGCTRL_X0Y0        BUFG (Prop_bufg_I_O)         0.093    -3.833 r  pll_inst/inst/clkout2_buf/O
                         net (fo=5889, routed)        1.562    -2.271    student_top_inst/u_KLDJ_top/ifu0/clk_out2
    SLICE_X69Y89         FDRE                                         r  student_top_inst/u_KLDJ_top/ifu0/pc_reg_reg[5]_replica/C
  -------------------------------------------------------------------    -------------------
    SLICE_X69Y89         FDRE (Prop_fdre_C_Q)         0.223    -2.048 f  student_top_inst/u_KLDJ_top/ifu0/pc_reg_reg[5]_replica/Q
                         net (fo=144, routed)         1.133    -0.915    student_top_inst/Mem_IROM/U0/Q[5]_repN_alias
    SLICE_X48Y100                                                     f  student_top_inst/Mem_IROM/U0/g19_b5/I3
    SLICE_X48Y100        LUT6 (Prop_lut6_I3_O)        0.043    -0.872 f  student_top_inst/Mem_IROM/U0/g19_b5/O
                         net (fo=1, routed)           0.000    -0.872    student_top_inst/Mem_IROM/U0/g19_b5_n_0
    SLICE_X48Y100                                                     f  student_top_inst/Mem_IROM/U0/spo[6]_INST_0_i_10/I1
    SLICE_X48Y100        MUXF7 (Prop_muxf7_I1_O)      0.108    -0.764 f  student_top_inst/Mem_IROM/U0/spo[6]_INST_0_i_10/O
                         net (fo=1, routed)           0.442    -0.323    student_top_inst/Mem_IROM/U0/spo[6]_INST_0_i_10_n_0
    SLICE_X47Y101                                                     f  student_top_inst/Mem_IROM/U0/spo[6]_INST_0_i_4/I3
    SLICE_X47Y101        LUT6 (Prop_lut6_I3_O)        0.124    -0.199 f  student_top_inst/Mem_IROM/U0/spo[6]_INST_0_i_4/O
                         net (fo=1, routed)           0.000    -0.199    student_top_inst/Mem_IROM/U0/spo[6]_INST_0_i_4_n_0
    SLICE_X47Y101                                                     f  student_top_inst/Mem_IROM/U0/spo[6]_INST_0_i_2/I0
    SLICE_X47Y101        MUXF7 (Prop_muxf7_I0_O)      0.120    -0.079 f  student_top_inst/Mem_IROM/U0/spo[6]_INST_0_i_2/O
                         net (fo=1, routed)           0.565     0.487    student_top_inst/Mem_IROM/U0/spo[6]_INST_0_i_2_n_0
    SLICE_X51Y101                                                     f  student_top_inst/Mem_IROM/U0/spo[6]_INST_0/I3
    SLICE_X51Y101        LUT6 (Prop_lut6_I3_O)        0.122     0.609 f  student_top_inst/Mem_IROM/U0/spo[6]_INST_0/O
                         net (fo=2, routed)           0.555     1.164    student_top_inst/u_KLDJ_top/ifu0/spo[6]
    SLICE_X57Y94                                                      f  student_top_inst/u_KLDJ_top/ifu0/pc_reg[31]_i_24/I4
    SLICE_X57Y94         LUT5 (Prop_lut5_I4_O)        0.043     1.207 f  student_top_inst/u_KLDJ_top/ifu0/pc_reg[31]_i_24/O
                         net (fo=1, routed)           0.098     1.304    student_top_inst/u_KLDJ_top/ifu0/if_static_jal00_in
    SLICE_X57Y94                                                      f  student_top_inst/u_KLDJ_top/ifu0/pc_reg[31]_i_15/I0
    SLICE_X57Y94         LUT2 (Prop_lut2_I0_O)        0.043     1.347 f  student_top_inst/u_KLDJ_top/ifu0/pc_reg[31]_i_15/O
                         net (fo=33, routed)          0.329     1.677    student_top_inst/u_KLDJ_top/u_bpu/u_gshare_btb_core/if_static_jal
    SLICE_X68Y94                                                      f  student_top_inst/u_KLDJ_top/u_bpu/u_gshare_btb_core/if_id_pred_taken_i_2/I0
    SLICE_X68Y94         LUT5 (Prop_lut5_I0_O)        0.043     1.720 f  student_top_inst/u_KLDJ_top/u_bpu/u_gshare_btb_core/if_id_pred_taken_i_2/O
                         net (fo=33, routed)          0.418     2.137    student_top_inst/u_KLDJ_top/ifu0/if_pred_taken
    SLICE_X65Y89                                                      f  student_top_inst/u_KLDJ_top/ifu0/pc_reg[9]_i_4/I3
    SLICE_X65Y89         LUT5 (Prop_lut5_I3_O)        0.043     2.180 f  student_top_inst/u_KLDJ_top/ifu0/pc_reg[9]_i_4/O
                         net (fo=1, routed)           0.473     2.653    student_top_inst/u_KLDJ_top/u_pipe_id_ex/dnpc[9]
    SLICE_X72Y88                                                      f  student_top_inst/u_KLDJ_top/u_pipe_id_ex/pc_reg[9]_i_1/I5
    SLICE_X72Y88         LUT6 (Prop_lut6_I5_O)        0.043     2.696 f  student_top_inst/u_KLDJ_top/u_pipe_id_ex/pc_reg[9]_i_1/O
                         net (fo=1, routed)           0.362     3.059    student_top_inst/u_KLDJ_top/ifu0/pc_reg_reg[31]_1[9]
    SLICE_X72Y88         FDRE                                         f  student_top_inst/u_KLDJ_top/ifu0/pc_reg_reg[9]/D
  -------------------------------------------------------------------    -------------------

                         (clock clk_out2_pll rise edge)
                                                      5.714     5.714 r  
    AD12                                              0.000     5.714 r  i_sys_clk_p (IN)
                         net (fo=0)                   0.000     5.714    pll_inst/inst/clk_in1_p
    AD12                                                              r  pll_inst/inst/clkin1_ibufgds/I
    AD12                 IBUFDS (Prop_ibufds_I_O)     0.803     6.518 r  pll_inst/inst/clkin1_ibufgds/O
                         net (fo=1, routed)           1.001     7.519    pll_inst/inst/clk_in1_pll
    PLLE2_ADV_X1Y1                                                    r  pll_inst/inst/plle2_adv_inst/CLKIN1
    PLLE2_ADV_X1Y1       PLLE2_ADV (Prop_plle2_adv_CLKIN1_CLKOUT1)
                                                     -7.261     0.258 r  pll_inst/inst/plle2_adv_inst/CLKOUT1
                         net (fo=1, routed)           2.003     2.261    pll_inst/inst/clk_out2_pll
    BUFGCTRL_X0Y0                                                     r  pll_inst/inst/clkout2_buf/I
    BUFGCTRL_X0Y0        BUFG (Prop_bufg_I_O)         0.083     2.344 r  pll_inst/inst/clkout2_buf/O
                         net (fo=5889, routed)        1.425     3.769    student_top_inst/u_KLDJ_top/ifu0/clk_out2
    SLICE_X72Y88         FDRE                                         r  student_top_inst/u_KLDJ_top/ifu0/pc_reg_reg[9]/C
                         clock pessimism             -0.373     3.396    
                         clock uncertainty           -0.077     3.319    
    SLICE_X72Y88         FDRE (Setup_fdre_C_D)       -0.022     3.297    student_top_inst/u_KLDJ_top/ifu0/pc_reg_reg[9]
  -------------------------------------------------------------------
                         required time                          3.297    
                         arrival time                          -3.059    
  -------------------------------------------------------------------
                         slack                                  0.238    

Slack (MET) :             0.245ns  (required time - arrival time)
  Source:                 student_top_inst/u_KLDJ_top/ifu0/pc_reg_reg[5]_replica/C
                            (rising edge-triggered cell FDRE clocked by clk_out2_pll  {rise@0.000ns fall@2.857ns period=5.714ns})
  Destination:            student_top_inst/u_KLDJ_top/ifu0/pc_reg_reg[7]_replica_4/D
                            (rising edge-triggered cell FDRE clocked by clk_out2_pll  {rise@0.000ns fall@2.857ns period=5.714ns})
  Path Group:             clk_out2_pll
  Path Type:              Setup (Max at Slow Process Corner)
  Requirement:            5.714ns  (clk_out2_pll rise@5.714ns - clk_out2_pll rise@0.000ns)
  Data Path Delay:        5.348ns  (logic 0.954ns (17.838%)  route 4.394ns (82.162%))
  Logic Levels:           10  (LUT2=1 LUT5=3 LUT6=4 MUXF7=2)
  Clock Path Skew:        -0.022ns (DCD - SCD + CPR)
    Destination Clock Delay (DCD):    -1.942ns = ( 3.773 - 5.714 ) 
    Source Clock Delay      (SCD):    -2.271ns
    Clock Pessimism Removal (CPR):    -0.352ns
  Clock Uncertainty:      0.077ns  ((TSJ^2 + DJ^2)^1/2) / 2 + PE
    Total System Jitter     (TSJ):    0.071ns
    Discrete Jitter          (DJ):    0.137ns
    Phase Error              (PE):    0.000ns

    Location             Delay type                Incr(ns)  Path(ns)    Netlist Resource(s)
  -------------------------------------------------------------------    -------------------
                         (clock clk_out2_pll rise edge)
                                                      0.000     0.000 r  
    AD12                                              0.000     0.000 r  i_sys_clk_p (IN)
                         net (fo=0)                   0.000     0.000    pll_inst/inst/clk_in1_p
    AD12                                                              r  pll_inst/inst/clkin1_ibufgds/I
    AD12                 IBUFDS (Prop_ibufds_I_O)     0.906     0.906 r  pll_inst/inst/clkin1_ibufgds/O
                         net (fo=1, routed)           1.098     2.004    pll_inst/inst/clk_in1_pll
    PLLE2_ADV_X1Y1                                                    r  pll_inst/inst/plle2_adv_inst/CLKIN1
    PLLE2_ADV_X1Y1       PLLE2_ADV (Prop_plle2_adv_CLKIN1_CLKOUT1)
                                                     -8.058    -6.054 r  pll_inst/inst/plle2_adv_inst/CLKOUT1
                         net (fo=1, routed)           2.128    -3.926    pll_inst/inst/clk_out2_pll
    BUFGCTRL_X0Y0                                                     r  pll_inst/inst/clkout2_buf/I
    BUFGCTRL_X0Y0        BUFG (Prop_bufg_I_O)         0.093    -3.833 r  pll_inst/inst/clkout2_buf/O
                         net (fo=5889, routed)        1.562    -2.271    student_top_inst/u_KLDJ_top/ifu0/clk_out2
    SLICE_X69Y89         FDRE                                         r  student_top_inst/u_KLDJ_top/ifu0/pc_reg_reg[5]_replica/C
  -------------------------------------------------------------------    -------------------
    SLICE_X69Y89         FDRE (Prop_fdre_C_Q)         0.223    -2.048 r  student_top_inst/u_KLDJ_top/ifu0/pc_reg_reg[5]_replica/Q
                         net (fo=144, routed)         1.139    -0.910    student_top_inst/Mem_IROM/U0/Q[5]_repN_alias
    SLICE_X48Y100                                                     r  student_top_inst/Mem_IROM/U0/g18_b5/I3
    SLICE_X48Y100        LUT6 (Prop_lut6_I3_O)        0.043    -0.867 r  student_top_inst/Mem_IROM/U0/g18_b5/O
                         net (fo=1, routed)           0.000    -0.867    student_top_inst/Mem_IROM/U0/g18_b5_n_0
    SLICE_X48Y100                                                     r  student_top_inst/Mem_IROM/U0/spo[6]_INST_0_i_10/I0
    SLICE_X48Y100        MUXF7 (Prop_muxf7_I0_O)      0.107    -0.760 r  student_top_inst/Mem_IROM/U0/spo[6]_INST_0_i_10/O
                         net (fo=1, routed)           0.442    -0.318    student_top_inst/Mem_IROM/U0/spo[6]_INST_0_i_10_n_0
    SLICE_X47Y101                                                     r  student_top_inst/Mem_IROM/U0/spo[6]_INST_0_i_4/I3
    SLICE_X47Y101        LUT6 (Prop_lut6_I3_O)        0.124    -0.194 r  student_top_inst/Mem_IROM/U0/spo[6]_INST_0_i_4/O
                         net (fo=1, routed)           0.000    -0.194    student_top_inst/Mem_IROM/U0/spo[6]_INST_0_i_4_n_0
    SLICE_X47Y101                                                     r  student_top_inst/Mem_IROM/U0/spo[6]_INST_0_i_2/I0
    SLICE_X47Y101        MUXF7 (Prop_muxf7_I0_O)      0.120    -0.074 r  student_top_inst/Mem_IROM/U0/spo[6]_INST_0_i_2/O
                         net (fo=1, routed)           0.565     0.491    student_top_inst/Mem_IROM/U0/spo[6]_INST_0_i_2_n_0
    SLICE_X51Y101                                                     r  student_top_inst/Mem_IROM/U0/spo[6]_INST_0/I3
    SLICE_X51Y101        LUT6 (Prop_lut6_I3_O)        0.122     0.613 r  student_top_inst/Mem_IROM/U0/spo[6]_INST_0/O
                         net (fo=2, routed)           0.555     1.168    student_top_inst/u_KLDJ_top/ifu0/spo[6]
    SLICE_X57Y94                                                      r  student_top_inst/u_KLDJ_top/ifu0/pc_reg[31]_i_24/I4
    SLICE_X57Y94         LUT5 (Prop_lut5_I4_O)        0.043     1.211 r  student_top_inst/u_KLDJ_top/ifu0/pc_reg[31]_i_24/O
                         net (fo=1, routed)           0.098     1.309    student_top_inst/u_KLDJ_top/ifu0/if_static_jal00_in
    SLICE_X57Y94                                                      r  student_top_inst/u_KLDJ_top/ifu0/pc_reg[31]_i_15/I0
    SLICE_X57Y94         LUT2 (Prop_lut2_I0_O)        0.043     1.352 r  student_top_inst/u_KLDJ_top/ifu0/pc_reg[31]_i_15/O
                         net (fo=33, routed)          0.329     1.681    student_top_inst/u_KLDJ_top/u_bpu/u_gshare_btb_core/if_static_jal
    SLICE_X68Y94                                                      r  student_top_inst/u_KLDJ_top/u_bpu/u_gshare_btb_core/if_id_pred_taken_i_2/I0
    SLICE_X68Y94         LUT5 (Prop_lut5_I0_O)        0.043     1.724 r  student_top_inst/u_KLDJ_top/u_bpu/u_gshare_btb_core/if_id_pred_taken_i_2/O
                         net (fo=33, routed)          0.606     2.330    student_top_inst/u_KLDJ_top/ifu0/if_pred_taken
    SLICE_X68Y88                                                      r  student_top_inst/u_KLDJ_top/ifu0/pc_reg[7]_i_4/I3
    SLICE_X68Y88         LUT5 (Prop_lut5_I3_O)        0.043     2.373 r  student_top_inst/u_KLDJ_top/ifu0/pc_reg[7]_i_4/O
                         net (fo=1, routed)           0.242     2.615    student_top_inst/u_KLDJ_top/u_pipe_id_ex/dnpc[7]
    SLICE_X68Y88                                                      r  student_top_inst/u_KLDJ_top/u_pipe_id_ex/pc_reg[7]_i_1/I5
    SLICE_X68Y88         LUT6 (Prop_lut6_I5_O)        0.043     2.658 r  student_top_inst/u_KLDJ_top/u_pipe_id_ex/pc_reg[7]_i_1/O
                         net (fo=7, routed)           0.419     3.077    student_top_inst/u_KLDJ_top/ifu0/pc_reg_reg[31]_1[7]
    SLICE_X68Y94         FDRE                                         r  student_top_inst/u_KLDJ_top/ifu0/pc_reg_reg[7]_replica_4/D
  -------------------------------------------------------------------    -------------------

                         (clock clk_out2_pll rise edge)
                                                      5.714     5.714 r  
    AD12                                              0.000     5.714 r  i_sys_clk_p (IN)
                         net (fo=0)                   0.000     5.714    pll_inst/inst/clk_in1_p
    AD12                                                              r  pll_inst/inst/clkin1_ibufgds/I
    AD12                 IBUFDS (Prop_ibufds_I_O)     0.803     6.518 r  pll_inst/inst/clkin1_ibufgds/O
                         net (fo=1, routed)           1.001     7.519    pll_inst/inst/clk_in1_pll
    PLLE2_ADV_X1Y1                                                    r  pll_inst/inst/plle2_adv_inst/CLKIN1
    PLLE2_ADV_X1Y1       PLLE2_ADV (Prop_plle2_adv_CLKIN1_CLKOUT1)
                                                     -7.261     0.258 r  pll_inst/inst/plle2_adv_inst/CLKOUT1
                         net (fo=1, routed)           2.003     2.261    pll_inst/inst/clk_out2_pll
    BUFGCTRL_X0Y0                                                     r  pll_inst/inst/clkout2_buf/I
    BUFGCTRL_X0Y0        BUFG (Prop_bufg_I_O)         0.083     2.344 r  pll_inst/inst/clkout2_buf/O
                         net (fo=5889, routed)        1.429     3.773    student_top_inst/u_KLDJ_top/ifu0/clk_out2
    SLICE_X68Y94         FDRE                                         r  student_top_inst/u_KLDJ_top/ifu0/pc_reg_reg[7]_replica_4/C
                         clock pessimism             -0.352     3.421    
                         clock uncertainty           -0.077     3.344    
    SLICE_X68Y94         FDRE (Setup_fdre_C_D)       -0.022     3.322    student_top_inst/u_KLDJ_top/ifu0/pc_reg_reg[7]_replica_4
  -------------------------------------------------------------------
                         required time                          3.322    
                         arrival time                          -3.077    
  -------------------------------------------------------------------
                         slack                                  0.245    

Slack (MET) :             0.245ns  (required time - arrival time)
  Source:                 student_top_inst/u_KLDJ_top/ifu0/pc_reg_reg[5]_replica/C
                            (rising edge-triggered cell FDRE clocked by clk_out2_pll  {rise@0.000ns fall@2.857ns period=5.714ns})
  Destination:            student_top_inst/u_KLDJ_top/ifu0/pc_reg_reg[7]_replica_4/D
                            (rising edge-triggered cell FDRE clocked by clk_out2_pll  {rise@0.000ns fall@2.857ns period=5.714ns})
  Path Group:             clk_out2_pll
  Path Type:              Setup (Max at Slow Process Corner)
  Requirement:            5.714ns  (clk_out2_pll rise@5.714ns - clk_out2_pll rise@0.000ns)
  Data Path Delay:        5.348ns  (logic 0.954ns (17.838%)  route 4.394ns (82.162%))
  Logic Levels:           10  (LUT2=1 LUT5=3 LUT6=4 MUXF7=2)
  Clock Path Skew:        -0.022ns (DCD - SCD + CPR)
    Destination Clock Delay (DCD):    -1.942ns = ( 3.773 - 5.714 ) 
    Source Clock Delay      (SCD):    -2.271ns
    Clock Pessimism Removal (CPR):    -0.352ns
  Clock Uncertainty:      0.077ns  ((TSJ^2 + DJ^2)^1/2) / 2 + PE
    Total System Jitter     (TSJ):    0.071ns
    Discrete Jitter          (DJ):    0.137ns
    Phase Error              (PE):    0.000ns

    Location             Delay type                Incr(ns)  Path(ns)    Netlist Resource(s)
  -------------------------------------------------------------------    -------------------
                         (clock clk_out2_pll rise edge)
                                                      0.000     0.000 r  
    AD12                                              0.000     0.000 r  i_sys_clk_p (IN)
                         net (fo=0)                   0.000     0.000    pll_inst/inst/clk_in1_p
    AD12                                                              r  pll_inst/inst/clkin1_ibufgds/I
    AD12                 IBUFDS (Prop_ibufds_I_O)     0.906     0.906 r  pll_inst/inst/clkin1_ibufgds/O
                         net (fo=1, routed)           1.098     2.004    pll_inst/inst/clk_in1_pll
    PLLE2_ADV_X1Y1                                                    r  pll_inst/inst/plle2_adv_inst/CLKIN1
    PLLE2_ADV_X1Y1       PLLE2_ADV (Prop_plle2_adv_CLKIN1_CLKOUT1)
                                                     -8.058    -6.054 r  pll_inst/inst/plle2_adv_inst/CLKOUT1
                         net (fo=1, routed)           2.128    -3.926    pll_inst/inst/clk_out2_pll
    BUFGCTRL_X0Y0                                                     r  pll_inst/inst/clkout2_buf/I
    BUFGCTRL_X0Y0        BUFG (Prop_bufg_I_O)         0.093    -3.833 r  pll_inst/inst/clkout2_buf/O
                         net (fo=5889, routed)        1.562    -2.271    student_top_inst/u_KLDJ_top/ifu0/clk_out2
    SLICE_X69Y89         FDRE                                         r  student_top_inst/u_KLDJ_top/ifu0/pc_reg_reg[5]_replica/C
  -------------------------------------------------------------------    -------------------
    SLICE_X69Y89         FDRE (Prop_fdre_C_Q)         0.223    -2.048 f  student_top_inst/u_KLDJ_top/ifu0/pc_reg_reg[5]_replica/Q
                         net (fo=144, routed)         1.139    -0.910    student_top_inst/Mem_IROM/U0/Q[5]_repN_alias
    SLICE_X48Y100                                                     f  student_top_inst/Mem_IROM/U0/g18_b5/I3
    SLICE_X48Y100        LUT6 (Prop_lut6_I3_O)        0.043    -0.867 r  student_top_inst/Mem_IROM/U0/g18_b5/O
                         net (fo=1, routed)           0.000    -0.867    student_top_inst/Mem_IROM/U0/g18_b5_n_0
    SLICE_X48Y100                                                     r  student_top_inst/Mem_IROM/U0/spo[6]_INST_0_i_10/I0
    SLICE_X48Y100        MUXF7 (Prop_muxf7_I0_O)      0.107    -0.760 r  student_top_inst/Mem_IROM/U0/spo[6]_INST_0_i_10/O
                         net (fo=1, routed)           0.442    -0.318    student_top_inst/Mem_IROM/U0/spo[6]_INST_0_i_10_n_0
    SLICE_X47Y101                                                     r  student_top_inst/Mem_IROM/U0/spo[6]_INST_0_i_4/I3
    SLICE_X47Y101        LUT6 (Prop_lut6_I3_O)        0.124    -0.194 r  student_top_inst/Mem_IROM/U0/spo[6]_INST_0_i_4/O
                         net (fo=1, routed)           0.000    -0.194    student_top_inst/Mem_IROM/U0/spo[6]_INST_0_i_4_n_0
    SLICE_X47Y101                                                     r  student_top_inst/Mem_IROM/U0/spo[6]_INST_0_i_2/I0
    SLICE_X47Y101        MUXF7 (Prop_muxf7_I0_O)      0.120    -0.074 r  student_top_inst/Mem_IROM/U0/spo[6]_INST_0_i_2/O
                         net (fo=1, routed)           0.565     0.491    student_top_inst/Mem_IROM/U0/spo[6]_INST_0_i_2_n_0
    SLICE_X51Y101                                                     r  student_top_inst/Mem_IROM/U0/spo[6]_INST_0/I3
    SLICE_X51Y101        LUT6 (Prop_lut6_I3_O)        0.122     0.613 r  student_top_inst/Mem_IROM/U0/spo[6]_INST_0/O
                         net (fo=2, routed)           0.555     1.168    student_top_inst/u_KLDJ_top/ifu0/spo[6]
    SLICE_X57Y94                                                      r  student_top_inst/u_KLDJ_top/ifu0/pc_reg[31]_i_24/I4
    SLICE_X57Y94         LUT5 (Prop_lut5_I4_O)        0.043     1.211 r  student_top_inst/u_KLDJ_top/ifu0/pc_reg[31]_i_24/O
                         net (fo=1, routed)           0.098     1.309    student_top_inst/u_KLDJ_top/ifu0/if_static_jal00_in
    SLICE_X57Y94                                                      r  student_top_inst/u_KLDJ_top/ifu0/pc_reg[31]_i_15/I0
    SLICE_X57Y94         LUT2 (Prop_lut2_I0_O)        0.043     1.352 r  student_top_inst/u_KLDJ_top/ifu0/pc_reg[31]_i_15/O
                         net (fo=33, routed)          0.329     1.681    student_top_inst/u_KLDJ_top/u_bpu/u_gshare_btb_core/if_static_jal
    SLICE_X68Y94                                                      r  student_top_inst/u_KLDJ_top/u_bpu/u_gshare_btb_core/if_id_pred_taken_i_2/I0
    SLICE_X68Y94         LUT5 (Prop_lut5_I0_O)        0.043     1.724 r  student_top_inst/u_KLDJ_top/u_bpu/u_gshare_btb_core/if_id_pred_taken_i_2/O
                         net (fo=33, routed)          0.606     2.330    student_top_inst/u_KLDJ_top/ifu0/if_pred_taken
    SLICE_X68Y88                                                      r  student_top_inst/u_KLDJ_top/ifu0/pc_reg[7]_i_4/I3
    SLICE_X68Y88         LUT5 (Prop_lut5_I3_O)        0.043     2.373 r  student_top_inst/u_KLDJ_top/ifu0/pc_reg[7]_i_4/O
                         net (fo=1, routed)           0.242     2.615    student_top_inst/u_KLDJ_top/u_pipe_id_ex/dnpc[7]
    SLICE_X68Y88                                                      r  student_top_inst/u_KLDJ_top/u_pipe_id_ex/pc_reg[7]_i_1/I5
    SLICE_X68Y88         LUT6 (Prop_lut6_I5_O)        0.043     2.658 r  student_top_inst/u_KLDJ_top/u_pipe_id_ex/pc_reg[7]_i_1/O
                         net (fo=7, routed)           0.419     3.077    student_top_inst/u_KLDJ_top/ifu0/pc_reg_reg[31]_1[7]
    SLICE_X68Y94         FDRE                                         r  student_top_inst/u_KLDJ_top/ifu0/pc_reg_reg[7]_replica_4/D
  -------------------------------------------------------------------    -------------------

                         (clock clk_out2_pll rise edge)
                                                      5.714     5.714 r  
    AD12                                              0.000     5.714 r  i_sys_clk_p (IN)
                         net (fo=0)                   0.000     5.714    pll_inst/inst/clk_in1_p
    AD12                                                              r  pll_inst/inst/clkin1_ibufgds/I
    AD12                 IBUFDS (Prop_ibufds_I_O)     0.803     6.518 r  pll_inst/inst/clkin1_ibufgds/O
                         net (fo=1, routed)           1.001     7.519    pll_inst/inst/clk_in1_pll
    PLLE2_ADV_X1Y1                                                    r  pll_inst/inst/plle2_adv_inst/CLKIN1
    PLLE2_ADV_X1Y1       PLLE2_ADV (Prop_plle2_adv_CLKIN1_CLKOUT1)
                                                     -7.261     0.258 r  pll_inst/inst/plle2_adv_inst/CLKOUT1
                         net (fo=1, routed)           2.003     2.261    pll_inst/inst/clk_out2_pll
    BUFGCTRL_X0Y0                                                     r  pll_inst/inst/clkout2_buf/I
    BUFGCTRL_X0Y0        BUFG (Prop_bufg_I_O)         0.083     2.344 r  pll_inst/inst/clkout2_buf/O
                         net (fo=5889, routed)        1.429     3.773    student_top_inst/u_KLDJ_top/ifu0/clk_out2
    SLICE_X68Y94         FDRE                                         r  student_top_inst/u_KLDJ_top/ifu0/pc_reg_reg[7]_replica_4/C
                         clock pessimism             -0.352     3.421    
                         clock uncertainty           -0.077     3.344    
    SLICE_X68Y94         FDRE (Setup_fdre_C_D)       -0.022     3.322    student_top_inst/u_KLDJ_top/ifu0/pc_reg_reg[7]_replica_4
  -------------------------------------------------------------------
                         required time                          3.322    
                         arrival time                          -3.077    
  -------------------------------------------------------------------
                         slack                                  0.245    

Slack (MET) :             0.245ns  (required time - arrival time)
  Source:                 student_top_inst/u_KLDJ_top/ifu0/pc_reg_reg[5]_replica/C
                            (rising edge-triggered cell FDRE clocked by clk_out2_pll  {rise@0.000ns fall@2.857ns period=5.714ns})
  Destination:            student_top_inst/u_KLDJ_top/ifu0/pc_reg_reg[7]_replica_4/D
                            (rising edge-triggered cell FDRE clocked by clk_out2_pll  {rise@0.000ns fall@2.857ns period=5.714ns})
  Path Group:             clk_out2_pll
  Path Type:              Setup (Max at Slow Process Corner)
  Requirement:            5.714ns  (clk_out2_pll rise@5.714ns - clk_out2_pll rise@0.000ns)
  Data Path Delay:        5.348ns  (logic 0.954ns (17.838%)  route 4.394ns (82.162%))
  Logic Levels:           10  (LUT2=1 LUT5=3 LUT6=4 MUXF7=2)
  Clock Path Skew:        -0.022ns (DCD - SCD + CPR)
    Destination Clock Delay (DCD):    -1.942ns = ( 3.773 - 5.714 ) 
    Source Clock Delay      (SCD):    -2.271ns
    Clock Pessimism Removal (CPR):    -0.352ns
  Clock Uncertainty:      0.077ns  ((TSJ^2 + DJ^2)^1/2) / 2 + PE
    Total System Jitter     (TSJ):    0.071ns
    Discrete Jitter          (DJ):    0.137ns
    Phase Error              (PE):    0.000ns

    Location             Delay type                Incr(ns)  Path(ns)    Netlist Resource(s)
  -------------------------------------------------------------------    -------------------
                         (clock clk_out2_pll rise edge)
                                                      0.000     0.000 r  
    AD12                                              0.000     0.000 r  i_sys_clk_p (IN)
                         net (fo=0)                   0.000     0.000    pll_inst/inst/clk_in1_p
    AD12                                                              r  pll_inst/inst/clkin1_ibufgds/I
    AD12                 IBUFDS (Prop_ibufds_I_O)     0.906     0.906 r  pll_inst/inst/clkin1_ibufgds/O
                         net (fo=1, routed)           1.098     2.004    pll_inst/inst/clk_in1_pll
    PLLE2_ADV_X1Y1                                                    r  pll_inst/inst/plle2_adv_inst/CLKIN1
    PLLE2_ADV_X1Y1       PLLE2_ADV (Prop_plle2_adv_CLKIN1_CLKOUT1)
                                                     -8.058    -6.054 r  pll_inst/inst/plle2_adv_inst/CLKOUT1
                         net (fo=1, routed)           2.128    -3.926    pll_inst/inst/clk_out2_pll
    BUFGCTRL_X0Y0                                                     r  pll_inst/inst/clkout2_buf/I
    BUFGCTRL_X0Y0        BUFG (Prop_bufg_I_O)         0.093    -3.833 r  pll_inst/inst/clkout2_buf/O
                         net (fo=5889, routed)        1.562    -2.271    student_top_inst/u_KLDJ_top/ifu0/clk_out2
    SLICE_X69Y89         FDRE                                         r  student_top_inst/u_KLDJ_top/ifu0/pc_reg_reg[5]_replica/C
  -------------------------------------------------------------------    -------------------
    SLICE_X69Y89         FDRE (Prop_fdre_C_Q)         0.223    -2.048 r  student_top_inst/u_KLDJ_top/ifu0/pc_reg_reg[5]_replica/Q
                         net (fo=144, routed)         1.139    -0.910    student_top_inst/Mem_IROM/U0/Q[5]_repN_alias
    SLICE_X48Y100                                                     r  student_top_inst/Mem_IROM/U0/g18_b5/I3
    SLICE_X48Y100        LUT6 (Prop_lut6_I3_O)        0.043    -0.867 f  student_top_inst/Mem_IROM/U0/g18_b5/O
                         net (fo=1, routed)           0.000    -0.867    student_top_inst/Mem_IROM/U0/g18_b5_n_0
    SLICE_X48Y100                                                     f  student_top_inst/Mem_IROM/U0/spo[6]_INST_0_i_10/I0
    SLICE_X48Y100        MUXF7 (Prop_muxf7_I0_O)      0.107    -0.760 f  student_top_inst/Mem_IROM/U0/spo[6]_INST_0_i_10/O
                         net (fo=1, routed)           0.442    -0.318    student_top_inst/Mem_IROM/U0/spo[6]_INST_0_i_10_n_0
    SLICE_X47Y101                                                     f  student_top_inst/Mem_IROM/U0/spo[6]_INST_0_i_4/I3
    SLICE_X47Y101        LUT6 (Prop_lut6_I3_O)        0.124    -0.194 f  student_top_inst/Mem_IROM/U0/spo[6]_INST_0_i_4/O
                         net (fo=1, routed)           0.000    -0.194    student_top_inst/Mem_IROM/U0/spo[6]_INST_0_i_4_n_0
    SLICE_X47Y101                                                     f  student_top_inst/Mem_IROM/U0/spo[6]_INST_0_i_2/I0
    SLICE_X47Y101        MUXF7 (Prop_muxf7_I0_O)      0.120    -0.074 f  student_top_inst/Mem_IROM/U0/spo[6]_INST_0_i_2/O
                         net (fo=1, routed)           0.565     0.491    student_top_inst/Mem_IROM/U0/spo[6]_INST_0_i_2_n_0
    SLICE_X51Y101                                                     f  student_top_inst/Mem_IROM/U0/spo[6]_INST_0/I3
    SLICE_X51Y101        LUT6 (Prop_lut6_I3_O)        0.122     0.613 f  student_top_inst/Mem_IROM/U0/spo[6]_INST_0/O
                         net (fo=2, routed)           0.555     1.168    student_top_inst/u_KLDJ_top/ifu0/spo[6]
    SLICE_X57Y94                                                      f  student_top_inst/u_KLDJ_top/ifu0/pc_reg[31]_i_24/I4
    SLICE_X57Y94         LUT5 (Prop_lut5_I4_O)        0.043     1.211 f  student_top_inst/u_KLDJ_top/ifu0/pc_reg[31]_i_24/O
                         net (fo=1, routed)           0.098     1.309    student_top_inst/u_KLDJ_top/ifu0/if_static_jal00_in
    SLICE_X57Y94                                                      f  student_top_inst/u_KLDJ_top/ifu0/pc_reg[31]_i_15/I0
    SLICE_X57Y94         LUT2 (Prop_lut2_I0_O)        0.043     1.352 f  student_top_inst/u_KLDJ_top/ifu0/pc_reg[31]_i_15/O
                         net (fo=33, routed)          0.329     1.681    student_top_inst/u_KLDJ_top/u_bpu/u_gshare_btb_core/if_static_jal
    SLICE_X68Y94                                                      f  student_top_inst/u_KLDJ_top/u_bpu/u_gshare_btb_core/if_id_pred_taken_i_2/I0
    SLICE_X68Y94         LUT5 (Prop_lut5_I0_O)        0.043     1.724 f  student_top_inst/u_KLDJ_top/u_bpu/u_gshare_btb_core/if_id_pred_taken_i_2/O
                         net (fo=33, routed)          0.606     2.330    student_top_inst/u_KLDJ_top/ifu0/if_pred_taken
    SLICE_X68Y88                                                      f  student_top_inst/u_KLDJ_top/ifu0/pc_reg[7]_i_4/I3
    SLICE_X68Y88         LUT5 (Prop_lut5_I3_O)        0.043     2.373 r  student_top_inst/u_KLDJ_top/ifu0/pc_reg[7]_i_4/O
                         net (fo=1, routed)           0.242     2.615    student_top_inst/u_KLDJ_top/u_pipe_id_ex/dnpc[7]
    SLICE_X68Y88                                                      r  student_top_inst/u_KLDJ_top/u_pipe_id_ex/pc_reg[7]_i_1/I5
    SLICE_X68Y88         LUT6 (Prop_lut6_I5_O)        0.043     2.658 r  student_top_inst/u_KLDJ_top/u_pipe_id_ex/pc_reg[7]_i_1/O
                         net (fo=7, routed)           0.419     3.077    student_top_inst/u_KLDJ_top/ifu0/pc_reg_reg[31]_1[7]
    SLICE_X68Y94         FDRE                                         r  student_top_inst/u_KLDJ_top/ifu0/pc_reg_reg[7]_replica_4/D
  -------------------------------------------------------------------    -------------------

                         (clock clk_out2_pll rise edge)
                                                      5.714     5.714 r  
    AD12                                              0.000     5.714 r  i_sys_clk_p (IN)
                         net (fo=0)                   0.000     5.714    pll_inst/inst/clk_in1_p
    AD12                                                              r  pll_inst/inst/clkin1_ibufgds/I
    AD12                 IBUFDS (Prop_ibufds_I_O)     0.803     6.518 r  pll_inst/inst/clkin1_ibufgds/O
                         net (fo=1, routed)           1.001     7.519    pll_inst/inst/clk_in1_pll
    PLLE2_ADV_X1Y1                                                    r  pll_inst/inst/plle2_adv_inst/CLKIN1
    PLLE2_ADV_X1Y1       PLLE2_ADV (Prop_plle2_adv_CLKIN1_CLKOUT1)
                                                     -7.261     0.258 r  pll_inst/inst/plle2_adv_inst/CLKOUT1
                         net (fo=1, routed)           2.003     2.261    pll_inst/inst/clk_out2_pll
    BUFGCTRL_X0Y0                                                     r  pll_inst/inst/clkout2_buf/I
    BUFGCTRL_X0Y0        BUFG (Prop_bufg_I_O)         0.083     2.344 r  pll_inst/inst/clkout2_buf/O
                         net (fo=5889, routed)        1.429     3.773    student_top_inst/u_KLDJ_top/ifu0/clk_out2
    SLICE_X68Y94         FDRE                                         r  student_top_inst/u_KLDJ_top/ifu0/pc_reg_reg[7]_replica_4/C
                         clock pessimism             -0.352     3.421    
                         clock uncertainty           -0.077     3.344    
    SLICE_X68Y94         FDRE (Setup_fdre_C_D)       -0.022     3.322    student_top_inst/u_KLDJ_top/ifu0/pc_reg_reg[7]_replica_4
  -------------------------------------------------------------------
                         required time                          3.322    
                         arrival time                          -3.077    
  -------------------------------------------------------------------
                         slack                                  0.245    

Slack (MET) :             0.245ns  (required time - arrival time)
  Source:                 student_top_inst/u_KLDJ_top/ifu0/pc_reg_reg[5]_replica/C
                            (rising edge-triggered cell FDRE clocked by clk_out2_pll  {rise@0.000ns fall@2.857ns period=5.714ns})
  Destination:            student_top_inst/u_KLDJ_top/ifu0/pc_reg_reg[7]_replica_4/D
                            (rising edge-triggered cell FDRE clocked by clk_out2_pll  {rise@0.000ns fall@2.857ns period=5.714ns})
  Path Group:             clk_out2_pll
  Path Type:              Setup (Max at Slow Process Corner)
  Requirement:            5.714ns  (clk_out2_pll rise@5.714ns - clk_out2_pll rise@0.000ns)
  Data Path Delay:        5.348ns  (logic 0.954ns (17.838%)  route 4.394ns (82.162%))
  Logic Levels:           10  (LUT2=1 LUT5=3 LUT6=4 MUXF7=2)
  Clock Path Skew:        -0.022ns (DCD - SCD + CPR)
    Destination Clock Delay (DCD):    -1.942ns = ( 3.773 - 5.714 ) 
    Source Clock Delay      (SCD):    -2.271ns
    Clock Pessimism Removal (CPR):    -0.352ns
  Clock Uncertainty:      0.077ns  ((TSJ^2 + DJ^2)^1/2) / 2 + PE
    Total System Jitter     (TSJ):    0.071ns
    Discrete Jitter          (DJ):    0.137ns
    Phase Error              (PE):    0.000ns

    Location             Delay type                Incr(ns)  Path(ns)    Netlist Resource(s)
  -------------------------------------------------------------------    -------------------
                         (clock clk_out2_pll rise edge)
                                                      0.000     0.000 r  
    AD12                                              0.000     0.000 r  i_sys_clk_p (IN)
                         net (fo=0)                   0.000     0.000    pll_inst/inst/clk_in1_p
    AD12                                                              r  pll_inst/inst/clkin1_ibufgds/I
    AD12                 IBUFDS (Prop_ibufds_I_O)     0.906     0.906 r  pll_inst/inst/clkin1_ibufgds/O
                         net (fo=1, routed)           1.098     2.004    pll_inst/inst/clk_in1_pll
    PLLE2_ADV_X1Y1                                                    r  pll_inst/inst/plle2_adv_inst/CLKIN1
    PLLE2_ADV_X1Y1       PLLE2_ADV (Prop_plle2_adv_CLKIN1_CLKOUT1)
                                                     -8.058    -6.054 r  pll_inst/inst/plle2_adv_inst/CLKOUT1
                         net (fo=1, routed)           2.128    -3.926    pll_inst/inst/clk_out2_pll
    BUFGCTRL_X0Y0                                                     r  pll_inst/inst/clkout2_buf/I
    BUFGCTRL_X0Y0        BUFG (Prop_bufg_I_O)         0.093    -3.833 r  pll_inst/inst/clkout2_buf/O
                         net (fo=5889, routed)        1.562    -2.271    student_top_inst/u_KLDJ_top/ifu0/clk_out2
    SLICE_X69Y89         FDRE                                         r  student_top_inst/u_KLDJ_top/ifu0/pc_reg_reg[5]_replica/C
  -------------------------------------------------------------------    -------------------
    SLICE_X69Y89         FDRE (Prop_fdre_C_Q)         0.223    -2.048 f  student_top_inst/u_KLDJ_top/ifu0/pc_reg_reg[5]_replica/Q
                         net (fo=144, routed)         1.139    -0.910    student_top_inst/Mem_IROM/U0/Q[5]_repN_alias
    SLICE_X48Y100                                                     f  student_top_inst/Mem_IROM/U0/g18_b5/I3
    SLICE_X48Y100        LUT6 (Prop_lut6_I3_O)        0.043    -0.867 f  student_top_inst/Mem_IROM/U0/g18_b5/O
                         net (fo=1, routed)           0.000    -0.867    student_top_inst/Mem_IROM/U0/g18_b5_n_0
    SLICE_X48Y100                                                     f  student_top_inst/Mem_IROM/U0/spo[6]_INST_0_i_10/I0
    SLICE_X48Y100        MUXF7 (Prop_muxf7_I0_O)      0.107    -0.760 f  student_top_inst/Mem_IROM/U0/spo[6]_INST_0_i_10/O
                         net (fo=1, routed)           0.442    -0.318    student_top_inst/Mem_IROM/U0/spo[6]_INST_0_i_10_n_0
    SLICE_X47Y101                                                     f  student_top_inst/Mem_IROM/U0/spo[6]_INST_0_i_4/I3
    SLICE_X47Y101        LUT6 (Prop_lut6_I3_O)        0.124    -0.194 f  student_top_inst/Mem_IROM/U0/spo[6]_INST_0_i_4/O
                         net (fo=1, routed)           0.000    -0.194    student_top_inst/Mem_IROM/U0/spo[6]_INST_0_i_4_n_0
    SLICE_X47Y101                                                     f  student_top_inst/Mem_IROM/U0/spo[6]_INST_0_i_2/I0
    SLICE_X47Y101        MUXF7 (Prop_muxf7_I0_O)      0.120    -0.074 f  student_top_inst/Mem_IROM/U0/spo[6]_INST_0_i_2/O
                         net (fo=1, routed)           0.565     0.491    student_top_inst/Mem_IROM/U0/spo[6]_INST_0_i_2_n_0
    SLICE_X51Y101                                                     f  student_top_inst/Mem_IROM/U0/spo[6]_INST_0/I3
    SLICE_X51Y101        LUT6 (Prop_lut6_I3_O)        0.122     0.613 f  student_top_inst/Mem_IROM/U0/spo[6]_INST_0/O
                         net (fo=2, routed)           0.555     1.168    student_top_inst/u_KLDJ_top/ifu0/spo[6]
    SLICE_X57Y94                                                      f  student_top_inst/u_KLDJ_top/ifu0/pc_reg[31]_i_24/I4
    SLICE_X57Y94         LUT5 (Prop_lut5_I4_O)        0.043     1.211 f  student_top_inst/u_KLDJ_top/ifu0/pc_reg[31]_i_24/O
                         net (fo=1, routed)           0.098     1.309    student_top_inst/u_KLDJ_top/ifu0/if_static_jal00_in
    SLICE_X57Y94                                                      f  student_top_inst/u_KLDJ_top/ifu0/pc_reg[31]_i_15/I0
    SLICE_X57Y94         LUT2 (Prop_lut2_I0_O)        0.043     1.352 f  student_top_inst/u_KLDJ_top/ifu0/pc_reg[31]_i_15/O
                         net (fo=33, routed)          0.329     1.681    student_top_inst/u_KLDJ_top/u_bpu/u_gshare_btb_core/if_static_jal
    SLICE_X68Y94                                                      f  student_top_inst/u_KLDJ_top/u_bpu/u_gshare_btb_core/if_id_pred_taken_i_2/I0
    SLICE_X68Y94         LUT5 (Prop_lut5_I0_O)        0.043     1.724 f  student_top_inst/u_KLDJ_top/u_bpu/u_gshare_btb_core/if_id_pred_taken_i_2/O
                         net (fo=33, routed)          0.606     2.330    student_top_inst/u_KLDJ_top/ifu0/if_pred_taken
    SLICE_X68Y88                                                      f  student_top_inst/u_KLDJ_top/ifu0/pc_reg[7]_i_4/I3
    SLICE_X68Y88         LUT5 (Prop_lut5_I3_O)        0.043     2.373 r  student_top_inst/u_KLDJ_top/ifu0/pc_reg[7]_i_4/O
                         net (fo=1, routed)           0.242     2.615    student_top_inst/u_KLDJ_top/u_pipe_id_ex/dnpc[7]
    SLICE_X68Y88                                                      r  student_top_inst/u_KLDJ_top/u_pipe_id_ex/pc_reg[7]_i_1/I5
    SLICE_X68Y88         LUT6 (Prop_lut6_I5_O)        0.043     2.658 r  student_top_inst/u_KLDJ_top/u_pipe_id_ex/pc_reg[7]_i_1/O
                         net (fo=7, routed)           0.419     3.077    student_top_inst/u_KLDJ_top/ifu0/pc_reg_reg[31]_1[7]
    SLICE_X68Y94         FDRE                                         r  student_top_inst/u_KLDJ_top/ifu0/pc_reg_reg[7]_replica_4/D
  -------------------------------------------------------------------    -------------------

                         (clock clk_out2_pll rise edge)
                                                      5.714     5.714 r  
    AD12                                              0.000     5.714 r  i_sys_clk_p (IN)
                         net (fo=0)                   0.000     5.714    pll_inst/inst/clk_in1_p
    AD12                                                              r  pll_inst/inst/clkin1_ibufgds/I
    AD12                 IBUFDS (Prop_ibufds_I_O)     0.803     6.518 r  pll_inst/inst/clkin1_ibufgds/O
                         net (fo=1, routed)           1.001     7.519    pll_inst/inst/clk_in1_pll
    PLLE2_ADV_X1Y1                                                    r  pll_inst/inst/plle2_adv_inst/CLKIN1
    PLLE2_ADV_X1Y1       PLLE2_ADV (Prop_plle2_adv_CLKIN1_CLKOUT1)
                                                     -7.261     0.258 r  pll_inst/inst/plle2_adv_inst/CLKOUT1
                         net (fo=1, routed)           2.003     2.261    pll_inst/inst/clk_out2_pll
    BUFGCTRL_X0Y0                                                     r  pll_inst/inst/clkout2_buf/I
    BUFGCTRL_X0Y0        BUFG (Prop_bufg_I_O)         0.083     2.344 r  pll_inst/inst/clkout2_buf/O
                         net (fo=5889, routed)        1.429     3.773    student_top_inst/u_KLDJ_top/ifu0/clk_out2
    SLICE_X68Y94         FDRE                                         r  student_top_inst/u_KLDJ_top/ifu0/pc_reg_reg[7]_replica_4/C
                         clock pessimism             -0.352     3.421    
                         clock uncertainty           -0.077     3.344    
    SLICE_X68Y94         FDRE (Setup_fdre_C_D)       -0.022     3.322    student_top_inst/u_KLDJ_top/ifu0/pc_reg_reg[7]_replica_4
  -------------------------------------------------------------------
                         required time                          3.322    
                         arrival time                          -3.077    
  -------------------------------------------------------------------
                         slack                                  0.245    

Slack (MET) :             0.245ns  (required time - arrival time)
  Source:                 student_top_inst/u_KLDJ_top/ifu0/pc_reg_reg[5]_replica/C
                            (rising edge-triggered cell FDRE clocked by clk_out2_pll  {rise@0.000ns fall@2.857ns period=5.714ns})
  Destination:            student_top_inst/u_KLDJ_top/ifu0/pc_reg_reg[7]_replica_4/D
                            (rising edge-triggered cell FDRE clocked by clk_out2_pll  {rise@0.000ns fall@2.857ns period=5.714ns})
  Path Group:             clk_out2_pll
  Path Type:              Setup (Max at Slow Process Corner)
  Requirement:            5.714ns  (clk_out2_pll rise@5.714ns - clk_out2_pll rise@0.000ns)
  Data Path Delay:        5.348ns  (logic 0.954ns (17.838%)  route 4.394ns (82.162%))
  Logic Levels:           10  (LUT2=1 LUT5=3 LUT6=4 MUXF7=2)
  Clock Path Skew:        -0.022ns (DCD - SCD + CPR)
    Destination Clock Delay (DCD):    -1.942ns = ( 3.773 - 5.714 ) 
    Source Clock Delay      (SCD):    -2.271ns
    Clock Pessimism Removal (CPR):    -0.352ns
  Clock Uncertainty:      0.077ns  ((TSJ^2 + DJ^2)^1/2) / 2 + PE
    Total System Jitter     (TSJ):    0.071ns
    Discrete Jitter          (DJ):    0.137ns
    Phase Error              (PE):    0.000ns

    Location             Delay type                Incr(ns)  Path(ns)    Netlist Resource(s)
  -------------------------------------------------------------------    -------------------
                         (clock clk_out2_pll rise edge)
                                                      0.000     0.000 r  
    AD12                                              0.000     0.000 r  i_sys_clk_p (IN)
                         net (fo=0)                   0.000     0.000    pll_inst/inst/clk_in1_p
    AD12                                                              r  pll_inst/inst/clkin1_ibufgds/I
    AD12                 IBUFDS (Prop_ibufds_I_O)     0.906     0.906 r  pll_inst/inst/clkin1_ibufgds/O
                         net (fo=1, routed)           1.098     2.004    pll_inst/inst/clk_in1_pll
    PLLE2_ADV_X1Y1                                                    r  pll_inst/inst/plle2_adv_inst/CLKIN1
    PLLE2_ADV_X1Y1       PLLE2_ADV (Prop_plle2_adv_CLKIN1_CLKOUT1)
                                                     -8.058    -6.054 r  pll_inst/inst/plle2_adv_inst/CLKOUT1
                         net (fo=1, routed)           2.128    -3.926    pll_inst/inst/clk_out2_pll
    BUFGCTRL_X0Y0                                                     r  pll_inst/inst/clkout2_buf/I
    BUFGCTRL_X0Y0        BUFG (Prop_bufg_I_O)         0.093    -3.833 r  pll_inst/inst/clkout2_buf/O
                         net (fo=5889, routed)        1.562    -2.271    student_top_inst/u_KLDJ_top/ifu0/clk_out2
    SLICE_X69Y89         FDRE                                         r  student_top_inst/u_KLDJ_top/ifu0/pc_reg_reg[5]_replica/C
  -------------------------------------------------------------------    -------------------
    SLICE_X69Y89         FDRE (Prop_fdre_C_Q)         0.223    -2.048 r  student_top_inst/u_KLDJ_top/ifu0/pc_reg_reg[5]_replica/Q
                         net (fo=144, routed)         1.139    -0.910    student_top_inst/Mem_IROM/U0/Q[5]_repN_alias
    SLICE_X48Y100                                                     r  student_top_inst/Mem_IROM/U0/g18_b5/I3
    SLICE_X48Y100        LUT6 (Prop_lut6_I3_O)        0.043    -0.867 r  student_top_inst/Mem_IROM/U0/g18_b5/O
                         net (fo=1, routed)           0.000    -0.867    student_top_inst/Mem_IROM/U0/g18_b5_n_0
    SLICE_X48Y100                                                     r  student_top_inst/Mem_IROM/U0/spo[6]_INST_0_i_10/I0
    SLICE_X48Y100        MUXF7 (Prop_muxf7_I0_O)      0.107    -0.760 r  student_top_inst/Mem_IROM/U0/spo[6]_INST_0_i_10/O
                         net (fo=1, routed)           0.442    -0.318    student_top_inst/Mem_IROM/U0/spo[6]_INST_0_i_10_n_0
    SLICE_X47Y101                                                     r  student_top_inst/Mem_IROM/U0/spo[6]_INST_0_i_4/I3
    SLICE_X47Y101        LUT6 (Prop_lut6_I3_O)        0.124    -0.194 r  student_top_inst/Mem_IROM/U0/spo[6]_INST_0_i_4/O
                         net (fo=1, routed)           0.000    -0.194    student_top_inst/Mem_IROM/U0/spo[6]_INST_0_i_4_n_0
    SLICE_X47Y101                                                     r  student_top_inst/Mem_IROM/U0/spo[6]_INST_0_i_2/I0
    SLICE_X47Y101        MUXF7 (Prop_muxf7_I0_O)      0.120    -0.074 r  student_top_inst/Mem_IROM/U0/spo[6]_INST_0_i_2/O
                         net (fo=1, routed)           0.565     0.491    student_top_inst/Mem_IROM/U0/spo[6]_INST_0_i_2_n_0
    SLICE_X51Y101                                                     r  student_top_inst/Mem_IROM/U0/spo[6]_INST_0/I3
    SLICE_X51Y101        LUT6 (Prop_lut6_I3_O)        0.122     0.613 r  student_top_inst/Mem_IROM/U0/spo[6]_INST_0/O
                         net (fo=2, routed)           0.555     1.168    student_top_inst/u_KLDJ_top/ifu0/spo[6]
    SLICE_X57Y94                                                      r  student_top_inst/u_KLDJ_top/ifu0/pc_reg[31]_i_24/I4
    SLICE_X57Y94         LUT5 (Prop_lut5_I4_O)        0.043     1.211 r  student_top_inst/u_KLDJ_top/ifu0/pc_reg[31]_i_24/O
                         net (fo=1, routed)           0.098     1.309    student_top_inst/u_KLDJ_top/ifu0/if_static_jal00_in
    SLICE_X57Y94                                                      r  student_top_inst/u_KLDJ_top/ifu0/pc_reg[31]_i_15/I0
    SLICE_X57Y94         LUT2 (Prop_lut2_I0_O)        0.043     1.352 r  student_top_inst/u_KLDJ_top/ifu0/pc_reg[31]_i_15/O
                         net (fo=33, routed)          0.329     1.681    student_top_inst/u_KLDJ_top/u_bpu/u_gshare_btb_core/if_static_jal
    SLICE_X68Y94                                                      r  student_top_inst/u_KLDJ_top/u_bpu/u_gshare_btb_core/if_id_pred_taken_i_2/I0
    SLICE_X68Y94         LUT5 (Prop_lut5_I0_O)        0.043     1.724 r  student_top_inst/u_KLDJ_top/u_bpu/u_gshare_btb_core/if_id_pred_taken_i_2/O
                         net (fo=33, routed)          0.606     2.330    student_top_inst/u_KLDJ_top/ifu0/if_pred_taken
    SLICE_X68Y88                                                      r  student_top_inst/u_KLDJ_top/ifu0/pc_reg[7]_i_4/I3
    SLICE_X68Y88         LUT5 (Prop_lut5_I3_O)        0.043     2.373 f  student_top_inst/u_KLDJ_top/ifu0/pc_reg[7]_i_4/O
                         net (fo=1, routed)           0.242     2.615    student_top_inst/u_KLDJ_top/u_pipe_id_ex/dnpc[7]
    SLICE_X68Y88                                                      f  student_top_inst/u_KLDJ_top/u_pipe_id_ex/pc_reg[7]_i_1/I5
    SLICE_X68Y88         LUT6 (Prop_lut6_I5_O)        0.043     2.658 f  student_top_inst/u_KLDJ_top/u_pipe_id_ex/pc_reg[7]_i_1/O
                         net (fo=7, routed)           0.419     3.077    student_top_inst/u_KLDJ_top/ifu0/pc_reg_reg[31]_1[7]
    SLICE_X68Y94         FDRE                                         f  student_top_inst/u_KLDJ_top/ifu0/pc_reg_reg[7]_replica_4/D
  -------------------------------------------------------------------    -------------------

                         (clock clk_out2_pll rise edge)
                                                      5.714     5.714 r  
    AD12                                              0.000     5.714 r  i_sys_clk_p (IN)
                         net (fo=0)                   0.000     5.714    pll_inst/inst/clk_in1_p
    AD12                                                              r  pll_inst/inst/clkin1_ibufgds/I
    AD12                 IBUFDS (Prop_ibufds_I_O)     0.803     6.518 r  pll_inst/inst/clkin1_ibufgds/O
                         net (fo=1, routed)           1.001     7.519    pll_inst/inst/clk_in1_pll
    PLLE2_ADV_X1Y1                                                    r  pll_inst/inst/plle2_adv_inst/CLKIN1
    PLLE2_ADV_X1Y1       PLLE2_ADV (Prop_plle2_adv_CLKIN1_CLKOUT1)
                                                     -7.261     0.258 r  pll_inst/inst/plle2_adv_inst/CLKOUT1
                         net (fo=1, routed)           2.003     2.261    pll_inst/inst/clk_out2_pll
    BUFGCTRL_X0Y0                                                     r  pll_inst/inst/clkout2_buf/I
    BUFGCTRL_X0Y0        BUFG (Prop_bufg_I_O)         0.083     2.344 r  pll_inst/inst/clkout2_buf/O
                         net (fo=5889, routed)        1.429     3.773    student_top_inst/u_KLDJ_top/ifu0/clk_out2
    SLICE_X68Y94         FDRE                                         r  student_top_inst/u_KLDJ_top/ifu0/pc_reg_reg[7]_replica_4/C
                         clock pessimism             -0.352     3.421    
                         clock uncertainty           -0.077     3.344    
    SLICE_X68Y94         FDRE (Setup_fdre_C_D)       -0.022     3.322    student_top_inst/u_KLDJ_top/ifu0/pc_reg_reg[7]_replica_4
  -------------------------------------------------------------------
                         required time                          3.322    
                         arrival time                          -3.077    
  -------------------------------------------------------------------
                         slack                                  0.245    

Slack (MET) :             0.245ns  (required time - arrival time)
  Source:                 student_top_inst/u_KLDJ_top/ifu0/pc_reg_reg[5]_replica/C
                            (rising edge-triggered cell FDRE clocked by clk_out2_pll  {rise@0.000ns fall@2.857ns period=5.714ns})
  Destination:            student_top_inst/u_KLDJ_top/ifu0/pc_reg_reg[7]_replica_4/D
                            (rising edge-triggered cell FDRE clocked by clk_out2_pll  {rise@0.000ns fall@2.857ns period=5.714ns})
  Path Group:             clk_out2_pll
  Path Type:              Setup (Max at Slow Process Corner)
  Requirement:            5.714ns  (clk_out2_pll rise@5.714ns - clk_out2_pll rise@0.000ns)
  Data Path Delay:        5.348ns  (logic 0.954ns (17.838%)  route 4.394ns (82.162%))
  Logic Levels:           10  (LUT2=1 LUT5=3 LUT6=4 MUXF7=2)
  Clock Path Skew:        -0.022ns (DCD - SCD + CPR)
    Destination Clock Delay (DCD):    -1.942ns = ( 3.773 - 5.714 ) 
    Source Clock Delay      (SCD):    -2.271ns
    Clock Pessimism Removal (CPR):    -0.352ns
  Clock Uncertainty:      0.077ns  ((TSJ^2 + DJ^2)^1/2) / 2 + PE
    Total System Jitter     (TSJ):    0.071ns
    Discrete Jitter          (DJ):    0.137ns
    Phase Error              (PE):    0.000ns

    Location             Delay type                Incr(ns)  Path(ns)    Netlist Resource(s)
  -------------------------------------------------------------------    -------------------
                         (clock clk_out2_pll rise edge)
                                                      0.000     0.000 r  
    AD12                                              0.000     0.000 r  i_sys_clk_p (IN)
                         net (fo=0)                   0.000     0.000    pll_inst/inst/clk_in1_p
    AD12                                                              r  pll_inst/inst/clkin1_ibufgds/I
    AD12                 IBUFDS (Prop_ibufds_I_O)     0.906     0.906 r  pll_inst/inst/clkin1_ibufgds/O
                         net (fo=1, routed)           1.098     2.004    pll_inst/inst/clk_in1_pll
    PLLE2_ADV_X1Y1                                                    r  pll_inst/inst/plle2_adv_inst/CLKIN1
    PLLE2_ADV_X1Y1       PLLE2_ADV (Prop_plle2_adv_CLKIN1_CLKOUT1)
                                                     -8.058    -6.054 r  pll_inst/inst/plle2_adv_inst/CLKOUT1
                         net (fo=1, routed)           2.128    -3.926    pll_inst/inst/clk_out2_pll
    BUFGCTRL_X0Y0                                                     r  pll_inst/inst/clkout2_buf/I
    BUFGCTRL_X0Y0        BUFG (Prop_bufg_I_O)         0.093    -3.833 r  pll_inst/inst/clkout2_buf/O
                         net (fo=5889, routed)        1.562    -2.271    student_top_inst/u_KLDJ_top/ifu0/clk_out2
    SLICE_X69Y89         FDRE                                         r  student_top_inst/u_KLDJ_top/ifu0/pc_reg_reg[5]_replica/C
  -------------------------------------------------------------------    -------------------
    SLICE_X69Y89         FDRE (Prop_fdre_C_Q)         0.223    -2.048 f  student_top_inst/u_KLDJ_top/ifu0/pc_reg_reg[5]_replica/Q
                         net (fo=144, routed)         1.139    -0.910    student_top_inst/Mem_IROM/U0/Q[5]_repN_alias
    SLICE_X48Y100                                                     f  student_top_inst/Mem_IROM/U0/g18_b5/I3
    SLICE_X48Y100        LUT6 (Prop_lut6_I3_O)        0.043    -0.867 r  student_top_inst/Mem_IROM/U0/g18_b5/O
                         net (fo=1, routed)           0.000    -0.867    student_top_inst/Mem_IROM/U0/g18_b5_n_0
    SLICE_X48Y100                                                     r  student_top_inst/Mem_IROM/U0/spo[6]_INST_0_i_10/I0
    SLICE_X48Y100        MUXF7 (Prop_muxf7_I0_O)      0.107    -0.760 r  student_top_inst/Mem_IROM/U0/spo[6]_INST_0_i_10/O
                         net (fo=1, routed)           0.442    -0.318    student_top_inst/Mem_IROM/U0/spo[6]_INST_0_i_10_n_0
    SLICE_X47Y101                                                     r  student_top_inst/Mem_IROM/U0/spo[6]_INST_0_i_4/I3
    SLICE_X47Y101        LUT6 (Prop_lut6_I3_O)        0.124    -0.194 r  student_top_inst/Mem_IROM/U0/spo[6]_INST_0_i_4/O
                         net (fo=1, routed)           0.000    -0.194    student_top_inst/Mem_IROM/U0/spo[6]_INST_0_i_4_n_0
    SLICE_X47Y101                                                     r  student_top_inst/Mem_IROM/U0/spo[6]_INST_0_i_2/I0
    SLICE_X47Y101        MUXF7 (Prop_muxf7_I0_O)      0.120    -0.074 r  student_top_inst/Mem_IROM/U0/spo[6]_INST_0_i_2/O
                         net (fo=1, routed)           0.565     0.491    student_top_inst/Mem_IROM/U0/spo[6]_INST_0_i_2_n_0
    SLICE_X51Y101                                                     r  student_top_inst/Mem_IROM/U0/spo[6]_INST_0/I3
    SLICE_X51Y101        LUT6 (Prop_lut6_I3_O)        0.122     0.613 r  student_top_inst/Mem_IROM/U0/spo[6]_INST_0/O
                         net (fo=2, routed)           0.555     1.168    student_top_inst/u_KLDJ_top/ifu0/spo[6]
    SLICE_X57Y94                                                      r  student_top_inst/u_KLDJ_top/ifu0/pc_reg[31]_i_24/I4
    SLICE_X57Y94         LUT5 (Prop_lut5_I4_O)        0.043     1.211 r  student_top_inst/u_KLDJ_top/ifu0/pc_reg[31]_i_24/O
                         net (fo=1, routed)           0.098     1.309    student_top_inst/u_KLDJ_top/ifu0/if_static_jal00_in
    SLICE_X57Y94                                                      r  student_top_inst/u_KLDJ_top/ifu0/pc_reg[31]_i_15/I0
    SLICE_X57Y94         LUT2 (Prop_lut2_I0_O)        0.043     1.352 r  student_top_inst/u_KLDJ_top/ifu0/pc_reg[31]_i_15/O
                         net (fo=33, routed)          0.329     1.681    student_top_inst/u_KLDJ_top/u_bpu/u_gshare_btb_core/if_static_jal
    SLICE_X68Y94                                                      r  student_top_inst/u_KLDJ_top/u_bpu/u_gshare_btb_core/if_id_pred_taken_i_2/I0
    SLICE_X68Y94         LUT5 (Prop_lut5_I0_O)        0.043     1.724 r  student_top_inst/u_KLDJ_top/u_bpu/u_gshare_btb_core/if_id_pred_taken_i_2/O
                         net (fo=33, routed)          0.606     2.330    student_top_inst/u_KLDJ_top/ifu0/if_pred_taken
    SLICE_X68Y88                                                      r  student_top_inst/u_KLDJ_top/ifu0/pc_reg[7]_i_4/I3
    SLICE_X68Y88         LUT5 (Prop_lut5_I3_O)        0.043     2.373 f  student_top_inst/u_KLDJ_top/ifu0/pc_reg[7]_i_4/O
                         net (fo=1, routed)           0.242     2.615    student_top_inst/u_KLDJ_top/u_pipe_id_ex/dnpc[7]
    SLICE_X68Y88                                                      f  student_top_inst/u_KLDJ_top/u_pipe_id_ex/pc_reg[7]_i_1/I5
    SLICE_X68Y88         LUT6 (Prop_lut6_I5_O)        0.043     2.658 f  student_top_inst/u_KLDJ_top/u_pipe_id_ex/pc_reg[7]_i_1/O
                         net (fo=7, routed)           0.419     3.077    student_top_inst/u_KLDJ_top/ifu0/pc_reg_reg[31]_1[7]
    SLICE_X68Y94         FDRE                                         f  student_top_inst/u_KLDJ_top/ifu0/pc_reg_reg[7]_replica_4/D
  -------------------------------------------------------------------    -------------------

                         (clock clk_out2_pll rise edge)
                                                      5.714     5.714 r  
    AD12                                              0.000     5.714 r  i_sys_clk_p (IN)
                         net (fo=0)                   0.000     5.714    pll_inst/inst/clk_in1_p
    AD12                                                              r  pll_inst/inst/clkin1_ibufgds/I
    AD12                 IBUFDS (Prop_ibufds_I_O)     0.803     6.518 r  pll_inst/inst/clkin1_ibufgds/O
                         net (fo=1, routed)           1.001     7.519    pll_inst/inst/clk_in1_pll
    PLLE2_ADV_X1Y1                                                    r  pll_inst/inst/plle2_adv_inst/CLKIN1
    PLLE2_ADV_X1Y1       PLLE2_ADV (Prop_plle2_adv_CLKIN1_CLKOUT1)
                                                     -7.261     0.258 r  pll_inst/inst/plle2_adv_inst/CLKOUT1
                         net (fo=1, routed)           2.003     2.261    pll_inst/inst/clk_out2_pll
    BUFGCTRL_X0Y0                                                     r  pll_inst/inst/clkout2_buf/I
    BUFGCTRL_X0Y0        BUFG (Prop_bufg_I_O)         0.083     2.344 r  pll_inst/inst/clkout2_buf/O
                         net (fo=5889, routed)        1.429     3.773    student_top_inst/u_KLDJ_top/ifu0/clk_out2
    SLICE_X68Y94         FDRE                                         r  student_top_inst/u_KLDJ_top/ifu0/pc_reg_reg[7]_replica_4/C
                         clock pessimism             -0.352     3.421    
                         clock uncertainty           -0.077     3.344    
    SLICE_X68Y94         FDRE (Setup_fdre_C_D)       -0.022     3.322    student_top_inst/u_KLDJ_top/ifu0/pc_reg_reg[7]_replica_4
  -------------------------------------------------------------------
                         required time                          3.322    
                         arrival time                          -3.077    
  -------------------------------------------------------------------
                         slack                                  0.245    

Slack (MET) :             0.245ns  (required time - arrival time)
  Source:                 student_top_inst/u_KLDJ_top/ifu0/pc_reg_reg[5]_replica/C
                            (rising edge-triggered cell FDRE clocked by clk_out2_pll  {rise@0.000ns fall@2.857ns period=5.714ns})
  Destination:            student_top_inst/u_KLDJ_top/ifu0/pc_reg_reg[7]_replica_4/D
                            (rising edge-triggered cell FDRE clocked by clk_out2_pll  {rise@0.000ns fall@2.857ns period=5.714ns})
  Path Group:             clk_out2_pll
  Path Type:              Setup (Max at Slow Process Corner)
  Requirement:            5.714ns  (clk_out2_pll rise@5.714ns - clk_out2_pll rise@0.000ns)
  Data Path Delay:        5.348ns  (logic 0.954ns (17.838%)  route 4.394ns (82.162%))
  Logic Levels:           10  (LUT2=1 LUT5=3 LUT6=4 MUXF7=2)
  Clock Path Skew:        -0.022ns (DCD - SCD + CPR)
    Destination Clock Delay (DCD):    -1.942ns = ( 3.773 - 5.714 ) 
    Source Clock Delay      (SCD):    -2.271ns
    Clock Pessimism Removal (CPR):    -0.352ns
  Clock Uncertainty:      0.077ns  ((TSJ^2 + DJ^2)^1/2) / 2 + PE
    Total System Jitter     (TSJ):    0.071ns
    Discrete Jitter          (DJ):    0.137ns
    Phase Error              (PE):    0.000ns

    Location             Delay type                Incr(ns)  Path(ns)    Netlist Resource(s)
  -------------------------------------------------------------------    -------------------
                         (clock clk_out2_pll rise edge)
                                                      0.000     0.000 r  
    AD12                                              0.000     0.000 r  i_sys_clk_p (IN)
                         net (fo=0)                   0.000     0.000    pll_inst/inst/clk_in1_p
    AD12                                                              r  pll_inst/inst/clkin1_ibufgds/I
    AD12                 IBUFDS (Prop_ibufds_I_O)     0.906     0.906 r  pll_inst/inst/clkin1_ibufgds/O
                         net (fo=1, routed)           1.098     2.004    pll_inst/inst/clk_in1_pll
    PLLE2_ADV_X1Y1                                                    r  pll_inst/inst/plle2_adv_inst/CLKIN1
    PLLE2_ADV_X1Y1       PLLE2_ADV (Prop_plle2_adv_CLKIN1_CLKOUT1)
                                                     -8.058    -6.054 r  pll_inst/inst/plle2_adv_inst/CLKOUT1
                         net (fo=1, routed)           2.128    -3.926    pll_inst/inst/clk_out2_pll
    BUFGCTRL_X0Y0                                                     r  pll_inst/inst/clkout2_buf/I
    BUFGCTRL_X0Y0        BUFG (Prop_bufg_I_O)         0.093    -3.833 r  pll_inst/inst/clkout2_buf/O
                         net (fo=5889, routed)        1.562    -2.271    student_top_inst/u_KLDJ_top/ifu0/clk_out2
    SLICE_X69Y89         FDRE                                         r  student_top_inst/u_KLDJ_top/ifu0/pc_reg_reg[5]_replica/C
  -------------------------------------------------------------------    -------------------
    SLICE_X69Y89         FDRE (Prop_fdre_C_Q)         0.223    -2.048 r  student_top_inst/u_KLDJ_top/ifu0/pc_reg_reg[5]_replica/Q
                         net (fo=144, routed)         1.139    -0.910    student_top_inst/Mem_IROM/U0/Q[5]_repN_alias
    SLICE_X48Y100                                                     r  student_top_inst/Mem_IROM/U0/g18_b5/I3
    SLICE_X48Y100        LUT6 (Prop_lut6_I3_O)        0.043    -0.867 f  student_top_inst/Mem_IROM/U0/g18_b5/O
                         net (fo=1, routed)           0.000    -0.867    student_top_inst/Mem_IROM/U0/g18_b5_n_0
    SLICE_X48Y100                                                     f  student_top_inst/Mem_IROM/U0/spo[6]_INST_0_i_10/I0
    SLICE_X48Y100        MUXF7 (Prop_muxf7_I0_O)      0.107    -0.760 f  student_top_inst/Mem_IROM/U0/spo[6]_INST_0_i_10/O
                         net (fo=1, routed)           0.442    -0.318    student_top_inst/Mem_IROM/U0/spo[6]_INST_0_i_10_n_0
    SLICE_X47Y101                                                     f  student_top_inst/Mem_IROM/U0/spo[6]_INST_0_i_4/I3
    SLICE_X47Y101        LUT6 (Prop_lut6_I3_O)        0.124    -0.194 f  student_top_inst/Mem_IROM/U0/spo[6]_INST_0_i_4/O
                         net (fo=1, routed)           0.000    -0.194    student_top_inst/Mem_IROM/U0/spo[6]_INST_0_i_4_n_0
    SLICE_X47Y101                                                     f  student_top_inst/Mem_IROM/U0/spo[6]_INST_0_i_2/I0
    SLICE_X47Y101        MUXF7 (Prop_muxf7_I0_O)      0.120    -0.074 f  student_top_inst/Mem_IROM/U0/spo[6]_INST_0_i_2/O
                         net (fo=1, routed)           0.565     0.491    student_top_inst/Mem_IROM/U0/spo[6]_INST_0_i_2_n_0
    SLICE_X51Y101                                                     f  student_top_inst/Mem_IROM/U0/spo[6]_INST_0/I3
    SLICE_X51Y101        LUT6 (Prop_lut6_I3_O)        0.122     0.613 f  student_top_inst/Mem_IROM/U0/spo[6]_INST_0/O
                         net (fo=2, routed)           0.555     1.168    student_top_inst/u_KLDJ_top/ifu0/spo[6]
    SLICE_X57Y94                                                      f  student_top_inst/u_KLDJ_top/ifu0/pc_reg[31]_i_24/I4
    SLICE_X57Y94         LUT5 (Prop_lut5_I4_O)        0.043     1.211 f  student_top_inst/u_KLDJ_top/ifu0/pc_reg[31]_i_24/O
                         net (fo=1, routed)           0.098     1.309    student_top_inst/u_KLDJ_top/ifu0/if_static_jal00_in
    SLICE_X57Y94                                                      f  student_top_inst/u_KLDJ_top/ifu0/pc_reg[31]_i_15/I0
    SLICE_X57Y94         LUT2 (Prop_lut2_I0_O)        0.043     1.352 f  student_top_inst/u_KLDJ_top/ifu0/pc_reg[31]_i_15/O
                         net (fo=33, routed)          0.329     1.681    student_top_inst/u_KLDJ_top/u_bpu/u_gshare_btb_core/if_static_jal
    SLICE_X68Y94                                                      f  student_top_inst/u_KLDJ_top/u_bpu/u_gshare_btb_core/if_id_pred_taken_i_2/I0
    SLICE_X68Y94         LUT5 (Prop_lut5_I0_O)        0.043     1.724 f  student_top_inst/u_KLDJ_top/u_bpu/u_gshare_btb_core/if_id_pred_taken_i_2/O
                         net (fo=33, routed)          0.606     2.330    student_top_inst/u_KLDJ_top/ifu0/if_pred_taken
    SLICE_X68Y88                                                      f  student_top_inst/u_KLDJ_top/ifu0/pc_reg[7]_i_4/I3
    SLICE_X68Y88         LUT5 (Prop_lut5_I3_O)        0.043     2.373 f  student_top_inst/u_KLDJ_top/ifu0/pc_reg[7]_i_4/O
                         net (fo=1, routed)           0.242     2.615    student_top_inst/u_KLDJ_top/u_pipe_id_ex/dnpc[7]
    SLICE_X68Y88                                                      f  student_top_inst/u_KLDJ_top/u_pipe_id_ex/pc_reg[7]_i_1/I5
    SLICE_X68Y88         LUT6 (Prop_lut6_I5_O)        0.043     2.658 f  student_top_inst/u_KLDJ_top/u_pipe_id_ex/pc_reg[7]_i_1/O
                         net (fo=7, routed)           0.419     3.077    student_top_inst/u_KLDJ_top/ifu0/pc_reg_reg[31]_1[7]
    SLICE_X68Y94         FDRE                                         f  student_top_inst/u_KLDJ_top/ifu0/pc_reg_reg[7]_replica_4/D
  -------------------------------------------------------------------    -------------------

                         (clock clk_out2_pll rise edge)
                                                      5.714     5.714 r  
    AD12                                              0.000     5.714 r  i_sys_clk_p (IN)
                         net (fo=0)                   0.000     5.714    pll_inst/inst/clk_in1_p
    AD12                                                              r  pll_inst/inst/clkin1_ibufgds/I
    AD12                 IBUFDS (Prop_ibufds_I_O)     0.803     6.518 r  pll_inst/inst/clkin1_ibufgds/O
                         net (fo=1, routed)           1.001     7.519    pll_inst/inst/clk_in1_pll
    PLLE2_ADV_X1Y1                                                    r  pll_inst/inst/plle2_adv_inst/CLKIN1
    PLLE2_ADV_X1Y1       PLLE2_ADV (Prop_plle2_adv_CLKIN1_CLKOUT1)
                                                     -7.261     0.258 r  pll_inst/inst/plle2_adv_inst/CLKOUT1
                         net (fo=1, routed)           2.003     2.261    pll_inst/inst/clk_out2_pll
    BUFGCTRL_X0Y0                                                     r  pll_inst/inst/clkout2_buf/I
    BUFGCTRL_X0Y0        BUFG (Prop_bufg_I_O)         0.083     2.344 r  pll_inst/inst/clkout2_buf/O
                         net (fo=5889, routed)        1.429     3.773    student_top_inst/u_KLDJ_top/ifu0/clk_out2
    SLICE_X68Y94         FDRE                                         r  student_top_inst/u_KLDJ_top/ifu0/pc_reg_reg[7]_replica_4/C
                         clock pessimism             -0.352     3.421    
                         clock uncertainty           -0.077     3.344    
    SLICE_X68Y94         FDRE (Setup_fdre_C_D)       -0.022     3.322    student_top_inst/u_KLDJ_top/ifu0/pc_reg_reg[7]_replica_4
  -------------------------------------------------------------------
                         required time                          3.322    
                         arrival time                          -3.077    
  -------------------------------------------------------------------
                         slack                                  0.245    

Slack (MET) :             0.245ns  (required time - arrival time)
  Source:                 student_top_inst/u_KLDJ_top/ifu0/pc_reg_reg[5]_replica/C
                            (rising edge-triggered cell FDRE clocked by clk_out2_pll  {rise@0.000ns fall@2.857ns period=5.714ns})
  Destination:            student_top_inst/u_KLDJ_top/ifu0/pc_reg_reg[7]_replica_4/D
                            (rising edge-triggered cell FDRE clocked by clk_out2_pll  {rise@0.000ns fall@2.857ns period=5.714ns})
  Path Group:             clk_out2_pll
  Path Type:              Setup (Max at Slow Process Corner)
  Requirement:            5.714ns  (clk_out2_pll rise@5.714ns - clk_out2_pll rise@0.000ns)
  Data Path Delay:        5.348ns  (logic 0.954ns (17.838%)  route 4.394ns (82.162%))
  Logic Levels:           10  (LUT2=1 LUT5=3 LUT6=4 MUXF7=2)
  Clock Path Skew:        -0.022ns (DCD - SCD + CPR)
    Destination Clock Delay (DCD):    -1.942ns = ( 3.773 - 5.714 ) 
    Source Clock Delay      (SCD):    -2.271ns
    Clock Pessimism Removal (CPR):    -0.352ns
  Clock Uncertainty:      0.077ns  ((TSJ^2 + DJ^2)^1/2) / 2 + PE
    Total System Jitter     (TSJ):    0.071ns
    Discrete Jitter          (DJ):    0.137ns
    Phase Error              (PE):    0.000ns

    Location             Delay type                Incr(ns)  Path(ns)    Netlist Resource(s)
  -------------------------------------------------------------------    -------------------
                         (clock clk_out2_pll rise edge)
                                                      0.000     0.000 r  
    AD12                                              0.000     0.000 r  i_sys_clk_p (IN)
                         net (fo=0)                   0.000     0.000    pll_inst/inst/clk_in1_p
    AD12                                                              r  pll_inst/inst/clkin1_ibufgds/I
    AD12                 IBUFDS (Prop_ibufds_I_O)     0.906     0.906 r  pll_inst/inst/clkin1_ibufgds/O
                         net (fo=1, routed)           1.098     2.004    pll_inst/inst/clk_in1_pll
    PLLE2_ADV_X1Y1                                                    r  pll_inst/inst/plle2_adv_inst/CLKIN1
    PLLE2_ADV_X1Y1       PLLE2_ADV (Prop_plle2_adv_CLKIN1_CLKOUT1)
                                                     -8.058    -6.054 r  pll_inst/inst/plle2_adv_inst/CLKOUT1
                         net (fo=1, routed)           2.128    -3.926    pll_inst/inst/clk_out2_pll
    BUFGCTRL_X0Y0                                                     r  pll_inst/inst/clkout2_buf/I
    BUFGCTRL_X0Y0        BUFG (Prop_bufg_I_O)         0.093    -3.833 r  pll_inst/inst/clkout2_buf/O
                         net (fo=5889, routed)        1.562    -2.271    student_top_inst/u_KLDJ_top/ifu0/clk_out2
    SLICE_X69Y89         FDRE                                         r  student_top_inst/u_KLDJ_top/ifu0/pc_reg_reg[5]_replica/C
  -------------------------------------------------------------------    -------------------
    SLICE_X69Y89         FDRE (Prop_fdre_C_Q)         0.223    -2.048 f  student_top_inst/u_KLDJ_top/ifu0/pc_reg_reg[5]_replica/Q
                         net (fo=144, routed)         1.139    -0.910    student_top_inst/Mem_IROM/U0/Q[5]_repN_alias
    SLICE_X48Y100                                                     f  student_top_inst/Mem_IROM/U0/g18_b5/I3
    SLICE_X48Y100        LUT6 (Prop_lut6_I3_O)        0.043    -0.867 f  student_top_inst/Mem_IROM/U0/g18_b5/O
                         net (fo=1, routed)           0.000    -0.867    student_top_inst/Mem_IROM/U0/g18_b5_n_0
    SLICE_X48Y100                                                     f  student_top_inst/Mem_IROM/U0/spo[6]_INST_0_i_10/I0
    SLICE_X48Y100        MUXF7 (Prop_muxf7_I0_O)      0.107    -0.760 f  student_top_inst/Mem_IROM/U0/spo[6]_INST_0_i_10/O
                         net (fo=1, routed)           0.442    -0.318    student_top_inst/Mem_IROM/U0/spo[6]_INST_0_i_10_n_0
    SLICE_X47Y101                                                     f  student_top_inst/Mem_IROM/U0/spo[6]_INST_0_i_4/I3
    SLICE_X47Y101        LUT6 (Prop_lut6_I3_O)        0.124    -0.194 f  student_top_inst/Mem_IROM/U0/spo[6]_INST_0_i_4/O
                         net (fo=1, routed)           0.000    -0.194    student_top_inst/Mem_IROM/U0/spo[6]_INST_0_i_4_n_0
    SLICE_X47Y101                                                     f  student_top_inst/Mem_IROM/U0/spo[6]_INST_0_i_2/I0
    SLICE_X47Y101        MUXF7 (Prop_muxf7_I0_O)      0.120    -0.074 f  student_top_inst/Mem_IROM/U0/spo[6]_INST_0_i_2/O
                         net (fo=1, routed)           0.565     0.491    student_top_inst/Mem_IROM/U0/spo[6]_INST_0_i_2_n_0
    SLICE_X51Y101                                                     f  student_top_inst/Mem_IROM/U0/spo[6]_INST_0/I3
    SLICE_X51Y101        LUT6 (Prop_lut6_I3_O)        0.122     0.613 f  student_top_inst/Mem_IROM/U0/spo[6]_INST_0/O
                         net (fo=2, routed)           0.555     1.168    student_top_inst/u_KLDJ_top/ifu0/spo[6]
    SLICE_X57Y94                                                      f  student_top_inst/u_KLDJ_top/ifu0/pc_reg[31]_i_24/I4
    SLICE_X57Y94         LUT5 (Prop_lut5_I4_O)        0.043     1.211 f  student_top_inst/u_KLDJ_top/ifu0/pc_reg[31]_i_24/O
                         net (fo=1, routed)           0.098     1.309    student_top_inst/u_KLDJ_top/ifu0/if_static_jal00_in
    SLICE_X57Y94                                                      f  student_top_inst/u_KLDJ_top/ifu0/pc_reg[31]_i_15/I0
    SLICE_X57Y94         LUT2 (Prop_lut2_I0_O)        0.043     1.352 f  student_top_inst/u_KLDJ_top/ifu0/pc_reg[31]_i_15/O
                         net (fo=33, routed)          0.329     1.681    student_top_inst/u_KLDJ_top/u_bpu/u_gshare_btb_core/if_static_jal
    SLICE_X68Y94                                                      f  student_top_inst/u_KLDJ_top/u_bpu/u_gshare_btb_core/if_id_pred_taken_i_2/I0
    SLICE_X68Y94         LUT5 (Prop_lut5_I0_O)        0.043     1.724 f  student_top_inst/u_KLDJ_top/u_bpu/u_gshare_btb_core/if_id_pred_taken_i_2/O
                         net (fo=33, routed)          0.606     2.330    student_top_inst/u_KLDJ_top/ifu0/if_pred_taken
    SLICE_X68Y88                                                      f  student_top_inst/u_KLDJ_top/ifu0/pc_reg[7]_i_4/I3
    SLICE_X68Y88         LUT5 (Prop_lut5_I3_O)        0.043     2.373 f  student_top_inst/u_KLDJ_top/ifu0/pc_reg[7]_i_4/O
                         net (fo=1, routed)           0.242     2.615    student_top_inst/u_KLDJ_top/u_pipe_id_ex/dnpc[7]
    SLICE_X68Y88                                                      f  student_top_inst/u_KLDJ_top/u_pipe_id_ex/pc_reg[7]_i_1/I5
    SLICE_X68Y88         LUT6 (Prop_lut6_I5_O)        0.043     2.658 f  student_top_inst/u_KLDJ_top/u_pipe_id_ex/pc_reg[7]_i_1/O
                         net (fo=7, routed)           0.419     3.077    student_top_inst/u_KLDJ_top/ifu0/pc_reg_reg[31]_1[7]
    SLICE_X68Y94         FDRE                                         f  student_top_inst/u_KLDJ_top/ifu0/pc_reg_reg[7]_replica_4/D
  -------------------------------------------------------------------    -------------------

                         (clock clk_out2_pll rise edge)
                                                      5.714     5.714 r  
    AD12                                              0.000     5.714 r  i_sys_clk_p (IN)
                         net (fo=0)                   0.000     5.714    pll_inst/inst/clk_in1_p
    AD12                                                              r  pll_inst/inst/clkin1_ibufgds/I
    AD12                 IBUFDS (Prop_ibufds_I_O)     0.803     6.518 r  pll_inst/inst/clkin1_ibufgds/O
                         net (fo=1, routed)           1.001     7.519    pll_inst/inst/clk_in1_pll
    PLLE2_ADV_X1Y1                                                    r  pll_inst/inst/plle2_adv_inst/CLKIN1
    PLLE2_ADV_X1Y1       PLLE2_ADV (Prop_plle2_adv_CLKIN1_CLKOUT1)
                                                     -7.261     0.258 r  pll_inst/inst/plle2_adv_inst/CLKOUT1
                         net (fo=1, routed)           2.003     2.261    pll_inst/inst/clk_out2_pll
    BUFGCTRL_X0Y0                                                     r  pll_inst/inst/clkout2_buf/I
    BUFGCTRL_X0Y0        BUFG (Prop_bufg_I_O)         0.083     2.344 r  pll_inst/inst/clkout2_buf/O
                         net (fo=5889, routed)        1.429     3.773    student_top_inst/u_KLDJ_top/ifu0/clk_out2
    SLICE_X68Y94         FDRE                                         r  student_top_inst/u_KLDJ_top/ifu0/pc_reg_reg[7]_replica_4/C
                         clock pessimism             -0.352     3.421    
                         clock uncertainty           -0.077     3.344    
    SLICE_X68Y94         FDRE (Setup_fdre_C_D)       -0.022     3.322    student_top_inst/u_KLDJ_top/ifu0/pc_reg_reg[7]_replica_4
  -------------------------------------------------------------------
                         required time                          3.322    
                         arrival time                          -3.077    
  -------------------------------------------------------------------
                         slack                                  0.245    

Slack (MET) :             0.250ns  (required time - arrival time)
  Source:                 student_top_inst/u_KLDJ_top/ifu0/pc_reg_reg[5]_replica/C
                            (rising edge-triggered cell FDRE clocked by clk_out2_pll  {rise@0.000ns fall@2.857ns period=5.714ns})
  Destination:            student_top_inst/u_KLDJ_top/ifu0/pc_reg_reg[7]_replica_4/D
                            (rising edge-triggered cell FDRE clocked by clk_out2_pll  {rise@0.000ns fall@2.857ns period=5.714ns})
  Path Group:             clk_out2_pll
  Path Type:              Setup (Max at Slow Process Corner)
  Requirement:            5.714ns  (clk_out2_pll rise@5.714ns - clk_out2_pll rise@0.000ns)
  Data Path Delay:        5.344ns  (logic 0.955ns (17.872%)  route 4.389ns (82.128%))
  Logic Levels:           10  (LUT2=1 LUT5=3 LUT6=4 MUXF7=2)
  Clock Path Skew:        -0.022ns (DCD - SCD + CPR)
    Destination Clock Delay (DCD):    -1.942ns = ( 3.773 - 5.714 ) 
    Source Clock Delay      (SCD):    -2.271ns
    Clock Pessimism Removal (CPR):    -0.352ns
  Clock Uncertainty:      0.077ns  ((TSJ^2 + DJ^2)^1/2) / 2 + PE
    Total System Jitter     (TSJ):    0.071ns
    Discrete Jitter          (DJ):    0.137ns
    Phase Error              (PE):    0.000ns

    Location             Delay type                Incr(ns)  Path(ns)    Netlist Resource(s)
  -------------------------------------------------------------------    -------------------
                         (clock clk_out2_pll rise edge)
                                                      0.000     0.000 r  
    AD12                                              0.000     0.000 r  i_sys_clk_p (IN)
                         net (fo=0)                   0.000     0.000    pll_inst/inst/clk_in1_p
    AD12                                                              r  pll_inst/inst/clkin1_ibufgds/I
    AD12                 IBUFDS (Prop_ibufds_I_O)     0.906     0.906 r  pll_inst/inst/clkin1_ibufgds/O
                         net (fo=1, routed)           1.098     2.004    pll_inst/inst/clk_in1_pll
    PLLE2_ADV_X1Y1                                                    r  pll_inst/inst/plle2_adv_inst/CLKIN1
    PLLE2_ADV_X1Y1       PLLE2_ADV (Prop_plle2_adv_CLKIN1_CLKOUT1)
                                                     -8.058    -6.054 r  pll_inst/inst/plle2_adv_inst/CLKOUT1
                         net (fo=1, routed)           2.128    -3.926    pll_inst/inst/clk_out2_pll
    BUFGCTRL_X0Y0                                                     r  pll_inst/inst/clkout2_buf/I
    BUFGCTRL_X0Y0        BUFG (Prop_bufg_I_O)         0.093    -3.833 r  pll_inst/inst/clkout2_buf/O
                         net (fo=5889, routed)        1.562    -2.271    student_top_inst/u_KLDJ_top/ifu0/clk_out2
    SLICE_X69Y89         FDRE                                         r  student_top_inst/u_KLDJ_top/ifu0/pc_reg_reg[5]_replica/C
  -------------------------------------------------------------------    -------------------
    SLICE_X69Y89         FDRE (Prop_fdre_C_Q)         0.223    -2.048 r  student_top_inst/u_KLDJ_top/ifu0/pc_reg_reg[5]_replica/Q
                         net (fo=144, routed)         1.133    -0.915    student_top_inst/Mem_IROM/U0/Q[5]_repN_alias
    SLICE_X48Y100                                                     r  student_top_inst/Mem_IROM/U0/g19_b5/I3
    SLICE_X48Y100        LUT6 (Prop_lut6_I3_O)        0.043    -0.872 r  student_top_inst/Mem_IROM/U0/g19_b5/O
                         net (fo=1, routed)           0.000    -0.872    student_top_inst/Mem_IROM/U0/g19_b5_n_0
    SLICE_X48Y100                                                     r  student_top_inst/Mem_IROM/U0/spo[6]_INST_0_i_10/I1
    SLICE_X48Y100        MUXF7 (Prop_muxf7_I1_O)      0.108    -0.764 r  student_top_inst/Mem_IROM/U0/spo[6]_INST_0_i_10/O
                         net (fo=1, routed)           0.442    -0.323    student_top_inst/Mem_IROM/U0/spo[6]_INST_0_i_10_n_0
    SLICE_X47Y101                                                     r  student_top_inst/Mem_IROM/U0/spo[6]_INST_0_i_4/I3
    SLICE_X47Y101        LUT6 (Prop_lut6_I3_O)        0.124    -0.199 r  student_top_inst/Mem_IROM/U0/spo[6]_INST_0_i_4/O
                         net (fo=1, routed)           0.000    -0.199    student_top_inst/Mem_IROM/U0/spo[6]_INST_0_i_4_n_0
    SLICE_X47Y101                                                     r  student_top_inst/Mem_IROM/U0/spo[6]_INST_0_i_2/I0
    SLICE_X47Y101        MUXF7 (Prop_muxf7_I0_O)      0.120    -0.079 r  student_top_inst/Mem_IROM/U0/spo[6]_INST_0_i_2/O
                         net (fo=1, routed)           0.565     0.487    student_top_inst/Mem_IROM/U0/spo[6]_INST_0_i_2_n_0
    SLICE_X51Y101                                                     r  student_top_inst/Mem_IROM/U0/spo[6]_INST_0/I3
    SLICE_X51Y101        LUT6 (Prop_lut6_I3_O)        0.122     0.609 r  student_top_inst/Mem_IROM/U0/spo[6]_INST_0/O
                         net (fo=2, routed)           0.555     1.164    student_top_inst/u_KLDJ_top/ifu0/spo[6]
    SLICE_X57Y94                                                      r  student_top_inst/u_KLDJ_top/ifu0/pc_reg[31]_i_24/I4
    SLICE_X57Y94         LUT5 (Prop_lut5_I4_O)        0.043     1.207 r  student_top_inst/u_KLDJ_top/ifu0/pc_reg[31]_i_24/O
                         net (fo=1, routed)           0.098     1.304    student_top_inst/u_KLDJ_top/ifu0/if_static_jal00_in
    SLICE_X57Y94                                                      r  student_top_inst/u_KLDJ_top/ifu0/pc_reg[31]_i_15/I0
    SLICE_X57Y94         LUT2 (Prop_lut2_I0_O)        0.043     1.347 r  student_top_inst/u_KLDJ_top/ifu0/pc_reg[31]_i_15/O
                         net (fo=33, routed)          0.329     1.677    student_top_inst/u_KLDJ_top/u_bpu/u_gshare_btb_core/if_static_jal
    SLICE_X68Y94                                                      r  student_top_inst/u_KLDJ_top/u_bpu/u_gshare_btb_core/if_id_pred_taken_i_2/I0
    SLICE_X68Y94         LUT5 (Prop_lut5_I0_O)        0.043     1.720 r  student_top_inst/u_KLDJ_top/u_bpu/u_gshare_btb_core/if_id_pred_taken_i_2/O
                         net (fo=33, routed)          0.606     2.326    student_top_inst/u_KLDJ_top/ifu0/if_pred_taken
    SLICE_X68Y88                                                      r  student_top_inst/u_KLDJ_top/ifu0/pc_reg[7]_i_4/I3
    SLICE_X68Y88         LUT5 (Prop_lut5_I3_O)        0.043     2.369 r  student_top_inst/u_KLDJ_top/ifu0/pc_reg[7]_i_4/O
                         net (fo=1, routed)           0.242     2.611    student_top_inst/u_KLDJ_top/u_pipe_id_ex/dnpc[7]
    SLICE_X68Y88                                                      r  student_top_inst/u_KLDJ_top/u_pipe_id_ex/pc_reg[7]_i_1/I5
    SLICE_X68Y88         LUT6 (Prop_lut6_I5_O)        0.043     2.654 r  student_top_inst/u_KLDJ_top/u_pipe_id_ex/pc_reg[7]_i_1/O
                         net (fo=7, routed)           0.419     3.072    student_top_inst/u_KLDJ_top/ifu0/pc_reg_reg[31]_1[7]
    SLICE_X68Y94         FDRE                                         r  student_top_inst/u_KLDJ_top/ifu0/pc_reg_reg[7]_replica_4/D
  -------------------------------------------------------------------    -------------------

                         (clock clk_out2_pll rise edge)
                                                      5.714     5.714 r  
    AD12                                              0.000     5.714 r  i_sys_clk_p (IN)
                         net (fo=0)                   0.000     5.714    pll_inst/inst/clk_in1_p
    AD12                                                              r  pll_inst/inst/clkin1_ibufgds/I
    AD12                 IBUFDS (Prop_ibufds_I_O)     0.803     6.518 r  pll_inst/inst/clkin1_ibufgds/O
                         net (fo=1, routed)           1.001     7.519    pll_inst/inst/clk_in1_pll
    PLLE2_ADV_X1Y1                                                    r  pll_inst/inst/plle2_adv_inst/CLKIN1
    PLLE2_ADV_X1Y1       PLLE2_ADV (Prop_plle2_adv_CLKIN1_CLKOUT1)
                                                     -7.261     0.258 r  pll_inst/inst/plle2_adv_inst/CLKOUT1
                         net (fo=1, routed)           2.003     2.261    pll_inst/inst/clk_out2_pll
    BUFGCTRL_X0Y0                                                     r  pll_inst/inst/clkout2_buf/I
    BUFGCTRL_X0Y0        BUFG (Prop_bufg_I_O)         0.083     2.344 r  pll_inst/inst/clkout2_buf/O
                         net (fo=5889, routed)        1.429     3.773    student_top_inst/u_KLDJ_top/ifu0/clk_out2
    SLICE_X68Y94         FDRE                                         r  student_top_inst/u_KLDJ_top/ifu0/pc_reg_reg[7]_replica_4/C
                         clock pessimism             -0.352     3.421    
                         clock uncertainty           -0.077     3.344    
    SLICE_X68Y94         FDRE (Setup_fdre_C_D)       -0.022     3.322    student_top_inst/u_KLDJ_top/ifu0/pc_reg_reg[7]_replica_4
  -------------------------------------------------------------------
                         required time                          3.322    
                         arrival time                          -3.072    
  -------------------------------------------------------------------
                         slack                                  0.250    

Slack (MET) :             0.250ns  (required time - arrival time)
  Source:                 student_top_inst/u_KLDJ_top/ifu0/pc_reg_reg[5]_replica/C
                            (rising edge-triggered cell FDRE clocked by clk_out2_pll  {rise@0.000ns fall@2.857ns period=5.714ns})
  Destination:            student_top_inst/u_KLDJ_top/ifu0/pc_reg_reg[7]_replica_4/D
                            (rising edge-triggered cell FDRE clocked by clk_out2_pll  {rise@0.000ns fall@2.857ns period=5.714ns})
  Path Group:             clk_out2_pll
  Path Type:              Setup (Max at Slow Process Corner)
  Requirement:            5.714ns  (clk_out2_pll rise@5.714ns - clk_out2_pll rise@0.000ns)
  Data Path Delay:        5.344ns  (logic 0.955ns (17.872%)  route 4.389ns (82.128%))
  Logic Levels:           10  (LUT2=1 LUT5=3 LUT6=4 MUXF7=2)
  Clock Path Skew:        -0.022ns (DCD - SCD + CPR)
    Destination Clock Delay (DCD):    -1.942ns = ( 3.773 - 5.714 ) 
    Source Clock Delay      (SCD):    -2.271ns
    Clock Pessimism Removal (CPR):    -0.352ns
  Clock Uncertainty:      0.077ns  ((TSJ^2 + DJ^2)^1/2) / 2 + PE
    Total System Jitter     (TSJ):    0.071ns
    Discrete Jitter          (DJ):    0.137ns
    Phase Error              (PE):    0.000ns

    Location             Delay type                Incr(ns)  Path(ns)    Netlist Resource(s)
  -------------------------------------------------------------------    -------------------
                         (clock clk_out2_pll rise edge)
                                                      0.000     0.000 r  
    AD12                                              0.000     0.000 r  i_sys_clk_p (IN)
                         net (fo=0)                   0.000     0.000    pll_inst/inst/clk_in1_p
    AD12                                                              r  pll_inst/inst/clkin1_ibufgds/I
    AD12                 IBUFDS (Prop_ibufds_I_O)     0.906     0.906 r  pll_inst/inst/clkin1_ibufgds/O
                         net (fo=1, routed)           1.098     2.004    pll_inst/inst/clk_in1_pll
    PLLE2_ADV_X1Y1                                                    r  pll_inst/inst/plle2_adv_inst/CLKIN1
    PLLE2_ADV_X1Y1       PLLE2_ADV (Prop_plle2_adv_CLKIN1_CLKOUT1)
                                                     -8.058    -6.054 r  pll_inst/inst/plle2_adv_inst/CLKOUT1
                         net (fo=1, routed)           2.128    -3.926    pll_inst/inst/clk_out2_pll
    BUFGCTRL_X0Y0                                                     r  pll_inst/inst/clkout2_buf/I
    BUFGCTRL_X0Y0        BUFG (Prop_bufg_I_O)         0.093    -3.833 r  pll_inst/inst/clkout2_buf/O
                         net (fo=5889, routed)        1.562    -2.271    student_top_inst/u_KLDJ_top/ifu0/clk_out2
    SLICE_X69Y89         FDRE                                         r  student_top_inst/u_KLDJ_top/ifu0/pc_reg_reg[5]_replica/C
  -------------------------------------------------------------------    -------------------
    SLICE_X69Y89         FDRE (Prop_fdre_C_Q)         0.223    -2.048 f  student_top_inst/u_KLDJ_top/ifu0/pc_reg_reg[5]_replica/Q
                         net (fo=144, routed)         1.133    -0.915    student_top_inst/Mem_IROM/U0/Q[5]_repN_alias
    SLICE_X48Y100                                                     f  student_top_inst/Mem_IROM/U0/g19_b5/I3
    SLICE_X48Y100        LUT6 (Prop_lut6_I3_O)        0.043    -0.872 r  student_top_inst/Mem_IROM/U0/g19_b5/O
                         net (fo=1, routed)           0.000    -0.872    student_top_inst/Mem_IROM/U0/g19_b5_n_0
    SLICE_X48Y100                                                     r  student_top_inst/Mem_IROM/U0/spo[6]_INST_0_i_10/I1
    SLICE_X48Y100        MUXF7 (Prop_muxf7_I1_O)      0.108    -0.764 r  student_top_inst/Mem_IROM/U0/spo[6]_INST_0_i_10/O
                         net (fo=1, routed)           0.442    -0.323    student_top_inst/Mem_IROM/U0/spo[6]_INST_0_i_10_n_0
    SLICE_X47Y101                                                     r  student_top_inst/Mem_IROM/U0/spo[6]_INST_0_i_4/I3
    SLICE_X47Y101        LUT6 (Prop_lut6_I3_O)        0.124    -0.199 r  student_top_inst/Mem_IROM/U0/spo[6]_INST_0_i_4/O
                         net (fo=1, routed)           0.000    -0.199    student_top_inst/Mem_IROM/U0/spo[6]_INST_0_i_4_n_0
    SLICE_X47Y101                                                     r  student_top_inst/Mem_IROM/U0/spo[6]_INST_0_i_2/I0
    SLICE_X47Y101        MUXF7 (Prop_muxf7_I0_O)      0.120    -0.079 r  student_top_inst/Mem_IROM/U0/spo[6]_INST_0_i_2/O
                         net (fo=1, routed)           0.565     0.487    student_top_inst/Mem_IROM/U0/spo[6]_INST_0_i_2_n_0
    SLICE_X51Y101                                                     r  student_top_inst/Mem_IROM/U0/spo[6]_INST_0/I3
    SLICE_X51Y101        LUT6 (Prop_lut6_I3_O)        0.122     0.609 r  student_top_inst/Mem_IROM/U0/spo[6]_INST_0/O
                         net (fo=2, routed)           0.555     1.164    student_top_inst/u_KLDJ_top/ifu0/spo[6]
    SLICE_X57Y94                                                      r  student_top_inst/u_KLDJ_top/ifu0/pc_reg[31]_i_24/I4
    SLICE_X57Y94         LUT5 (Prop_lut5_I4_O)        0.043     1.207 r  student_top_inst/u_KLDJ_top/ifu0/pc_reg[31]_i_24/O
                         net (fo=1, routed)           0.098     1.304    student_top_inst/u_KLDJ_top/ifu0/if_static_jal00_in
    SLICE_X57Y94                                                      r  student_top_inst/u_KLDJ_top/ifu0/pc_reg[31]_i_15/I0
    SLICE_X57Y94         LUT2 (Prop_lut2_I0_O)        0.043     1.347 r  student_top_inst/u_KLDJ_top/ifu0/pc_reg[31]_i_15/O
                         net (fo=33, routed)          0.329     1.677    student_top_inst/u_KLDJ_top/u_bpu/u_gshare_btb_core/if_static_jal
    SLICE_X68Y94                                                      r  student_top_inst/u_KLDJ_top/u_bpu/u_gshare_btb_core/if_id_pred_taken_i_2/I0
    SLICE_X68Y94         LUT5 (Prop_lut5_I0_O)        0.043     1.720 r  student_top_inst/u_KLDJ_top/u_bpu/u_gshare_btb_core/if_id_pred_taken_i_2/O
                         net (fo=33, routed)          0.606     2.326    student_top_inst/u_KLDJ_top/ifu0/if_pred_taken
    SLICE_X68Y88                                                      r  student_top_inst/u_KLDJ_top/ifu0/pc_reg[7]_i_4/I3
    SLICE_X68Y88         LUT5 (Prop_lut5_I3_O)        0.043     2.369 r  student_top_inst/u_KLDJ_top/ifu0/pc_reg[7]_i_4/O
                         net (fo=1, routed)           0.242     2.611    student_top_inst/u_KLDJ_top/u_pipe_id_ex/dnpc[7]
    SLICE_X68Y88                                                      r  student_top_inst/u_KLDJ_top/u_pipe_id_ex/pc_reg[7]_i_1/I5
    SLICE_X68Y88         LUT6 (Prop_lut6_I5_O)        0.043     2.654 r  student_top_inst/u_KLDJ_top/u_pipe_id_ex/pc_reg[7]_i_1/O
                         net (fo=7, routed)           0.419     3.072    student_top_inst/u_KLDJ_top/ifu0/pc_reg_reg[31]_1[7]
    SLICE_X68Y94         FDRE                                         r  student_top_inst/u_KLDJ_top/ifu0/pc_reg_reg[7]_replica_4/D
  -------------------------------------------------------------------    -------------------

                         (clock clk_out2_pll rise edge)
                                                      5.714     5.714 r  
    AD12                                              0.000     5.714 r  i_sys_clk_p (IN)
                         net (fo=0)                   0.000     5.714    pll_inst/inst/clk_in1_p
    AD12                                                              r  pll_inst/inst/clkin1_ibufgds/I
    AD12                 IBUFDS (Prop_ibufds_I_O)     0.803     6.518 r  pll_inst/inst/clkin1_ibufgds/O
                         net (fo=1, routed)           1.001     7.519    pll_inst/inst/clk_in1_pll
    PLLE2_ADV_X1Y1                                                    r  pll_inst/inst/plle2_adv_inst/CLKIN1
    PLLE2_ADV_X1Y1       PLLE2_ADV (Prop_plle2_adv_CLKIN1_CLKOUT1)
                                                     -7.261     0.258 r  pll_inst/inst/plle2_adv_inst/CLKOUT1
                         net (fo=1, routed)           2.003     2.261    pll_inst/inst/clk_out2_pll
    BUFGCTRL_X0Y0                                                     r  pll_inst/inst/clkout2_buf/I
    BUFGCTRL_X0Y0        BUFG (Prop_bufg_I_O)         0.083     2.344 r  pll_inst/inst/clkout2_buf/O
                         net (fo=5889, routed)        1.429     3.773    student_top_inst/u_KLDJ_top/ifu0/clk_out2
    SLICE_X68Y94         FDRE                                         r  student_top_inst/u_KLDJ_top/ifu0/pc_reg_reg[7]_replica_4/C
                         clock pessimism             -0.352     3.421    
                         clock uncertainty           -0.077     3.344    
    SLICE_X68Y94         FDRE (Setup_fdre_C_D)       -0.022     3.322    student_top_inst/u_KLDJ_top/ifu0/pc_reg_reg[7]_replica_4
  -------------------------------------------------------------------
                         required time                          3.322    
                         arrival time                          -3.072    
  -------------------------------------------------------------------
                         slack                                  0.250    

Slack (MET) :             0.250ns  (required time - arrival time)
  Source:                 student_top_inst/u_KLDJ_top/ifu0/pc_reg_reg[5]_replica/C
                            (rising edge-triggered cell FDRE clocked by clk_out2_pll  {rise@0.000ns fall@2.857ns period=5.714ns})
  Destination:            student_top_inst/u_KLDJ_top/ifu0/pc_reg_reg[7]_replica_4/D
                            (rising edge-triggered cell FDRE clocked by clk_out2_pll  {rise@0.000ns fall@2.857ns period=5.714ns})
  Path Group:             clk_out2_pll
  Path Type:              Setup (Max at Slow Process Corner)
  Requirement:            5.714ns  (clk_out2_pll rise@5.714ns - clk_out2_pll rise@0.000ns)
  Data Path Delay:        5.344ns  (logic 0.955ns (17.872%)  route 4.389ns (82.128%))
  Logic Levels:           10  (LUT2=1 LUT5=3 LUT6=4 MUXF7=2)
  Clock Path Skew:        -0.022ns (DCD - SCD + CPR)
    Destination Clock Delay (DCD):    -1.942ns = ( 3.773 - 5.714 ) 
    Source Clock Delay      (SCD):    -2.271ns
    Clock Pessimism Removal (CPR):    -0.352ns
  Clock Uncertainty:      0.077ns  ((TSJ^2 + DJ^2)^1/2) / 2 + PE
    Total System Jitter     (TSJ):    0.071ns
    Discrete Jitter          (DJ):    0.137ns
    Phase Error              (PE):    0.000ns

    Location             Delay type                Incr(ns)  Path(ns)    Netlist Resource(s)
  -------------------------------------------------------------------    -------------------
                         (clock clk_out2_pll rise edge)
                                                      0.000     0.000 r  
    AD12                                              0.000     0.000 r  i_sys_clk_p (IN)
                         net (fo=0)                   0.000     0.000    pll_inst/inst/clk_in1_p
    AD12                                                              r  pll_inst/inst/clkin1_ibufgds/I
    AD12                 IBUFDS (Prop_ibufds_I_O)     0.906     0.906 r  pll_inst/inst/clkin1_ibufgds/O
                         net (fo=1, routed)           1.098     2.004    pll_inst/inst/clk_in1_pll
    PLLE2_ADV_X1Y1                                                    r  pll_inst/inst/plle2_adv_inst/CLKIN1
    PLLE2_ADV_X1Y1       PLLE2_ADV (Prop_plle2_adv_CLKIN1_CLKOUT1)
                                                     -8.058    -6.054 r  pll_inst/inst/plle2_adv_inst/CLKOUT1
                         net (fo=1, routed)           2.128    -3.926    pll_inst/inst/clk_out2_pll
    BUFGCTRL_X0Y0                                                     r  pll_inst/inst/clkout2_buf/I
    BUFGCTRL_X0Y0        BUFG (Prop_bufg_I_O)         0.093    -3.833 r  pll_inst/inst/clkout2_buf/O
                         net (fo=5889, routed)        1.562    -2.271    student_top_inst/u_KLDJ_top/ifu0/clk_out2
    SLICE_X69Y89         FDRE                                         r  student_top_inst/u_KLDJ_top/ifu0/pc_reg_reg[5]_replica/C
  -------------------------------------------------------------------    -------------------
    SLICE_X69Y89         FDRE (Prop_fdre_C_Q)         0.223    -2.048 r  student_top_inst/u_KLDJ_top/ifu0/pc_reg_reg[5]_replica/Q
                         net (fo=144, routed)         1.133    -0.915    student_top_inst/Mem_IROM/U0/Q[5]_repN_alias
    SLICE_X48Y100                                                     r  student_top_inst/Mem_IROM/U0/g19_b5/I3
    SLICE_X48Y100        LUT6 (Prop_lut6_I3_O)        0.043    -0.872 f  student_top_inst/Mem_IROM/U0/g19_b5/O
                         net (fo=1, routed)           0.000    -0.872    student_top_inst/Mem_IROM/U0/g19_b5_n_0
    SLICE_X48Y100                                                     f  student_top_inst/Mem_IROM/U0/spo[6]_INST_0_i_10/I1
    SLICE_X48Y100        MUXF7 (Prop_muxf7_I1_O)      0.108    -0.764 f  student_top_inst/Mem_IROM/U0/spo[6]_INST_0_i_10/O
                         net (fo=1, routed)           0.442    -0.323    student_top_inst/Mem_IROM/U0/spo[6]_INST_0_i_10_n_0
    SLICE_X47Y101                                                     f  student_top_inst/Mem_IROM/U0/spo[6]_INST_0_i_4/I3
    SLICE_X47Y101        LUT6 (Prop_lut6_I3_O)        0.124    -0.199 f  student_top_inst/Mem_IROM/U0/spo[6]_INST_0_i_4/O
                         net (fo=1, routed)           0.000    -0.199    student_top_inst/Mem_IROM/U0/spo[6]_INST_0_i_4_n_0
    SLICE_X47Y101                                                     f  student_top_inst/Mem_IROM/U0/spo[6]_INST_0_i_2/I0
    SLICE_X47Y101        MUXF7 (Prop_muxf7_I0_O)      0.120    -0.079 f  student_top_inst/Mem_IROM/U0/spo[6]_INST_0_i_2/O
                         net (fo=1, routed)           0.565     0.487    student_top_inst/Mem_IROM/U0/spo[6]_INST_0_i_2_n_0
    SLICE_X51Y101                                                     f  student_top_inst/Mem_IROM/U0/spo[6]_INST_0/I3
    SLICE_X51Y101        LUT6 (Prop_lut6_I3_O)        0.122     0.609 f  student_top_inst/Mem_IROM/U0/spo[6]_INST_0/O
                         net (fo=2, routed)           0.555     1.164    student_top_inst/u_KLDJ_top/ifu0/spo[6]
    SLICE_X57Y94                                                      f  student_top_inst/u_KLDJ_top/ifu0/pc_reg[31]_i_24/I4
    SLICE_X57Y94         LUT5 (Prop_lut5_I4_O)        0.043     1.207 f  student_top_inst/u_KLDJ_top/ifu0/pc_reg[31]_i_24/O
                         net (fo=1, routed)           0.098     1.304    student_top_inst/u_KLDJ_top/ifu0/if_static_jal00_in
    SLICE_X57Y94                                                      f  student_top_inst/u_KLDJ_top/ifu0/pc_reg[31]_i_15/I0
    SLICE_X57Y94         LUT2 (Prop_lut2_I0_O)        0.043     1.347 f  student_top_inst/u_KLDJ_top/ifu0/pc_reg[31]_i_15/O
                         net (fo=33, routed)          0.329     1.677    student_top_inst/u_KLDJ_top/u_bpu/u_gshare_btb_core/if_static_jal
    SLICE_X68Y94                                                      f  student_top_inst/u_KLDJ_top/u_bpu/u_gshare_btb_core/if_id_pred_taken_i_2/I0
    SLICE_X68Y94         LUT5 (Prop_lut5_I0_O)        0.043     1.720 f  student_top_inst/u_KLDJ_top/u_bpu/u_gshare_btb_core/if_id_pred_taken_i_2/O
                         net (fo=33, routed)          0.606     2.326    student_top_inst/u_KLDJ_top/ifu0/if_pred_taken
    SLICE_X68Y88                                                      f  student_top_inst/u_KLDJ_top/ifu0/pc_reg[7]_i_4/I3
    SLICE_X68Y88         LUT5 (Prop_lut5_I3_O)        0.043     2.369 r  student_top_inst/u_KLDJ_top/ifu0/pc_reg[7]_i_4/O
                         net (fo=1, routed)           0.242     2.611    student_top_inst/u_KLDJ_top/u_pipe_id_ex/dnpc[7]
    SLICE_X68Y88                                                      r  student_top_inst/u_KLDJ_top/u_pipe_id_ex/pc_reg[7]_i_1/I5
    SLICE_X68Y88         LUT6 (Prop_lut6_I5_O)        0.043     2.654 r  student_top_inst/u_KLDJ_top/u_pipe_id_ex/pc_reg[7]_i_1/O
                         net (fo=7, routed)           0.419     3.072    student_top_inst/u_KLDJ_top/ifu0/pc_reg_reg[31]_1[7]
    SLICE_X68Y94         FDRE                                         r  student_top_inst/u_KLDJ_top/ifu0/pc_reg_reg[7]_replica_4/D
  -------------------------------------------------------------------    -------------------

                         (clock clk_out2_pll rise edge)
                                                      5.714     5.714 r  
    AD12                                              0.000     5.714 r  i_sys_clk_p (IN)
                         net (fo=0)                   0.000     5.714    pll_inst/inst/clk_in1_p
    AD12                                                              r  pll_inst/inst/clkin1_ibufgds/I
    AD12                 IBUFDS (Prop_ibufds_I_O)     0.803     6.518 r  pll_inst/inst/clkin1_ibufgds/O
                         net (fo=1, routed)           1.001     7.519    pll_inst/inst/clk_in1_pll
    PLLE2_ADV_X1Y1                                                    r  pll_inst/inst/plle2_adv_inst/CLKIN1
    PLLE2_ADV_X1Y1       PLLE2_ADV (Prop_plle2_adv_CLKIN1_CLKOUT1)
                                                     -7.261     0.258 r  pll_inst/inst/plle2_adv_inst/CLKOUT1
                         net (fo=1, routed)           2.003     2.261    pll_inst/inst/clk_out2_pll
    BUFGCTRL_X0Y0                                                     r  pll_inst/inst/clkout2_buf/I
    BUFGCTRL_X0Y0        BUFG (Prop_bufg_I_O)         0.083     2.344 r  pll_inst/inst/clkout2_buf/O
                         net (fo=5889, routed)        1.429     3.773    student_top_inst/u_KLDJ_top/ifu0/clk_out2
    SLICE_X68Y94         FDRE                                         r  student_top_inst/u_KLDJ_top/ifu0/pc_reg_reg[7]_replica_4/C
                         clock pessimism             -0.352     3.421    
                         clock uncertainty           -0.077     3.344    
    SLICE_X68Y94         FDRE (Setup_fdre_C_D)       -0.022     3.322    student_top_inst/u_KLDJ_top/ifu0/pc_reg_reg[7]_replica_4
  -------------------------------------------------------------------
                         required time                          3.322    
                         arrival time                          -3.072    
  -------------------------------------------------------------------
                         slack                                  0.250    

Slack (MET) :             0.250ns  (required time - arrival time)
  Source:                 student_top_inst/u_KLDJ_top/ifu0/pc_reg_reg[5]_replica/C
                            (rising edge-triggered cell FDRE clocked by clk_out2_pll  {rise@0.000ns fall@2.857ns period=5.714ns})
  Destination:            student_top_inst/u_KLDJ_top/ifu0/pc_reg_reg[7]_replica_4/D
                            (rising edge-triggered cell FDRE clocked by clk_out2_pll  {rise@0.000ns fall@2.857ns period=5.714ns})
  Path Group:             clk_out2_pll
  Path Type:              Setup (Max at Slow Process Corner)
  Requirement:            5.714ns  (clk_out2_pll rise@5.714ns - clk_out2_pll rise@0.000ns)
  Data Path Delay:        5.344ns  (logic 0.955ns (17.872%)  route 4.389ns (82.128%))
  Logic Levels:           10  (LUT2=1 LUT5=3 LUT6=4 MUXF7=2)
  Clock Path Skew:        -0.022ns (DCD - SCD + CPR)
    Destination Clock Delay (DCD):    -1.942ns = ( 3.773 - 5.714 ) 
    Source Clock Delay      (SCD):    -2.271ns
    Clock Pessimism Removal (CPR):    -0.352ns
  Clock Uncertainty:      0.077ns  ((TSJ^2 + DJ^2)^1/2) / 2 + PE
    Total System Jitter     (TSJ):    0.071ns
    Discrete Jitter          (DJ):    0.137ns
    Phase Error              (PE):    0.000ns

    Location             Delay type                Incr(ns)  Path(ns)    Netlist Resource(s)
  -------------------------------------------------------------------    -------------------
                         (clock clk_out2_pll rise edge)
                                                      0.000     0.000 r  
    AD12                                              0.000     0.000 r  i_sys_clk_p (IN)
                         net (fo=0)                   0.000     0.000    pll_inst/inst/clk_in1_p
    AD12                                                              r  pll_inst/inst/clkin1_ibufgds/I
    AD12                 IBUFDS (Prop_ibufds_I_O)     0.906     0.906 r  pll_inst/inst/clkin1_ibufgds/O
                         net (fo=1, routed)           1.098     2.004    pll_inst/inst/clk_in1_pll
    PLLE2_ADV_X1Y1                                                    r  pll_inst/inst/plle2_adv_inst/CLKIN1
    PLLE2_ADV_X1Y1       PLLE2_ADV (Prop_plle2_adv_CLKIN1_CLKOUT1)
                                                     -8.058    -6.054 r  pll_inst/inst/plle2_adv_inst/CLKOUT1
                         net (fo=1, routed)           2.128    -3.926    pll_inst/inst/clk_out2_pll
    BUFGCTRL_X0Y0                                                     r  pll_inst/inst/clkout2_buf/I
    BUFGCTRL_X0Y0        BUFG (Prop_bufg_I_O)         0.093    -3.833 r  pll_inst/inst/clkout2_buf/O
                         net (fo=5889, routed)        1.562    -2.271    student_top_inst/u_KLDJ_top/ifu0/clk_out2
    SLICE_X69Y89         FDRE                                         r  student_top_inst/u_KLDJ_top/ifu0/pc_reg_reg[5]_replica/C
  -------------------------------------------------------------------    -------------------
    SLICE_X69Y89         FDRE (Prop_fdre_C_Q)         0.223    -2.048 f  student_top_inst/u_KLDJ_top/ifu0/pc_reg_reg[5]_replica/Q
                         net (fo=144, routed)         1.133    -0.915    student_top_inst/Mem_IROM/U0/Q[5]_repN_alias
    SLICE_X48Y100                                                     f  student_top_inst/Mem_IROM/U0/g19_b5/I3
    SLICE_X48Y100        LUT6 (Prop_lut6_I3_O)        0.043    -0.872 f  student_top_inst/Mem_IROM/U0/g19_b5/O
                         net (fo=1, routed)           0.000    -0.872    student_top_inst/Mem_IROM/U0/g19_b5_n_0
    SLICE_X48Y100                                                     f  student_top_inst/Mem_IROM/U0/spo[6]_INST_0_i_10/I1
    SLICE_X48Y100        MUXF7 (Prop_muxf7_I1_O)      0.108    -0.764 f  student_top_inst/Mem_IROM/U0/spo[6]_INST_0_i_10/O
                         net (fo=1, routed)           0.442    -0.323    student_top_inst/Mem_IROM/U0/spo[6]_INST_0_i_10_n_0
    SLICE_X47Y101                                                     f  student_top_inst/Mem_IROM/U0/spo[6]_INST_0_i_4/I3
    SLICE_X47Y101        LUT6 (Prop_lut6_I3_O)        0.124    -0.199 f  student_top_inst/Mem_IROM/U0/spo[6]_INST_0_i_4/O
                         net (fo=1, routed)           0.000    -0.199    student_top_inst/Mem_IROM/U0/spo[6]_INST_0_i_4_n_0
    SLICE_X47Y101                                                     f  student_top_inst/Mem_IROM/U0/spo[6]_INST_0_i_2/I0
    SLICE_X47Y101        MUXF7 (Prop_muxf7_I0_O)      0.120    -0.079 f  student_top_inst/Mem_IROM/U0/spo[6]_INST_0_i_2/O
                         net (fo=1, routed)           0.565     0.487    student_top_inst/Mem_IROM/U0/spo[6]_INST_0_i_2_n_0
    SLICE_X51Y101                                                     f  student_top_inst/Mem_IROM/U0/spo[6]_INST_0/I3
    SLICE_X51Y101        LUT6 (Prop_lut6_I3_O)        0.122     0.609 f  student_top_inst/Mem_IROM/U0/spo[6]_INST_0/O
                         net (fo=2, routed)           0.555     1.164    student_top_inst/u_KLDJ_top/ifu0/spo[6]
    SLICE_X57Y94                                                      f  student_top_inst/u_KLDJ_top/ifu0/pc_reg[31]_i_24/I4
    SLICE_X57Y94         LUT5 (Prop_lut5_I4_O)        0.043     1.207 f  student_top_inst/u_KLDJ_top/ifu0/pc_reg[31]_i_24/O
                         net (fo=1, routed)           0.098     1.304    student_top_inst/u_KLDJ_top/ifu0/if_static_jal00_in
    SLICE_X57Y94                                                      f  student_top_inst/u_KLDJ_top/ifu0/pc_reg[31]_i_15/I0
    SLICE_X57Y94         LUT2 (Prop_lut2_I0_O)        0.043     1.347 f  student_top_inst/u_KLDJ_top/ifu0/pc_reg[31]_i_15/O
                         net (fo=33, routed)          0.329     1.677    student_top_inst/u_KLDJ_top/u_bpu/u_gshare_btb_core/if_static_jal
    SLICE_X68Y94                                                      f  student_top_inst/u_KLDJ_top/u_bpu/u_gshare_btb_core/if_id_pred_taken_i_2/I0
    SLICE_X68Y94         LUT5 (Prop_lut5_I0_O)        0.043     1.720 f  student_top_inst/u_KLDJ_top/u_bpu/u_gshare_btb_core/if_id_pred_taken_i_2/O
                         net (fo=33, routed)          0.606     2.326    student_top_inst/u_KLDJ_top/ifu0/if_pred_taken
    SLICE_X68Y88                                                      f  student_top_inst/u_KLDJ_top/ifu0/pc_reg[7]_i_4/I3
    SLICE_X68Y88         LUT5 (Prop_lut5_I3_O)        0.043     2.369 r  student_top_inst/u_KLDJ_top/ifu0/pc_reg[7]_i_4/O
                         net (fo=1, routed)           0.242     2.611    student_top_inst/u_KLDJ_top/u_pipe_id_ex/dnpc[7]
    SLICE_X68Y88                                                      r  student_top_inst/u_KLDJ_top/u_pipe_id_ex/pc_reg[7]_i_1/I5
    SLICE_X68Y88         LUT6 (Prop_lut6_I5_O)        0.043     2.654 r  student_top_inst/u_KLDJ_top/u_pipe_id_ex/pc_reg[7]_i_1/O
                         net (fo=7, routed)           0.419     3.072    student_top_inst/u_KLDJ_top/ifu0/pc_reg_reg[31]_1[7]
    SLICE_X68Y94         FDRE                                         r  student_top_inst/u_KLDJ_top/ifu0/pc_reg_reg[7]_replica_4/D
  -------------------------------------------------------------------    -------------------

                         (clock clk_out2_pll rise edge)
                                                      5.714     5.714 r  
    AD12                                              0.000     5.714 r  i_sys_clk_p (IN)
                         net (fo=0)                   0.000     5.714    pll_inst/inst/clk_in1_p
    AD12                                                              r  pll_inst/inst/clkin1_ibufgds/I
    AD12                 IBUFDS (Prop_ibufds_I_O)     0.803     6.518 r  pll_inst/inst/clkin1_ibufgds/O
                         net (fo=1, routed)           1.001     7.519    pll_inst/inst/clk_in1_pll
    PLLE2_ADV_X1Y1                                                    r  pll_inst/inst/plle2_adv_inst/CLKIN1
    PLLE2_ADV_X1Y1       PLLE2_ADV (Prop_plle2_adv_CLKIN1_CLKOUT1)
                                                     -7.261     0.258 r  pll_inst/inst/plle2_adv_inst/CLKOUT1
                         net (fo=1, routed)           2.003     2.261    pll_inst/inst/clk_out2_pll
    BUFGCTRL_X0Y0                                                     r  pll_inst/inst/clkout2_buf/I
    BUFGCTRL_X0Y0        BUFG (Prop_bufg_I_O)         0.083     2.344 r  pll_inst/inst/clkout2_buf/O
                         net (fo=5889, routed)        1.429     3.773    student_top_inst/u_KLDJ_top/ifu0/clk_out2
    SLICE_X68Y94         FDRE                                         r  student_top_inst/u_KLDJ_top/ifu0/pc_reg_reg[7]_replica_4/C
                         clock pessimism             -0.352     3.421    
                         clock uncertainty           -0.077     3.344    
    SLICE_X68Y94         FDRE (Setup_fdre_C_D)       -0.022     3.322    student_top_inst/u_KLDJ_top/ifu0/pc_reg_reg[7]_replica_4
  -------------------------------------------------------------------
                         required time                          3.322    
                         arrival time                          -3.072    
  -------------------------------------------------------------------
                         slack                                  0.250    

Slack (MET) :             0.250ns  (required time - arrival time)
  Source:                 student_top_inst/u_KLDJ_top/ifu0/pc_reg_reg[5]_replica/C
                            (rising edge-triggered cell FDRE clocked by clk_out2_pll  {rise@0.000ns fall@2.857ns period=5.714ns})
  Destination:            student_top_inst/u_KLDJ_top/ifu0/pc_reg_reg[7]_replica_4/D
                            (rising edge-triggered cell FDRE clocked by clk_out2_pll  {rise@0.000ns fall@2.857ns period=5.714ns})
  Path Group:             clk_out2_pll
  Path Type:              Setup (Max at Slow Process Corner)
  Requirement:            5.714ns  (clk_out2_pll rise@5.714ns - clk_out2_pll rise@0.000ns)
  Data Path Delay:        5.344ns  (logic 0.955ns (17.872%)  route 4.389ns (82.128%))
  Logic Levels:           10  (LUT2=1 LUT5=3 LUT6=4 MUXF7=2)
  Clock Path Skew:        -0.022ns (DCD - SCD + CPR)
    Destination Clock Delay (DCD):    -1.942ns = ( 3.773 - 5.714 ) 
    Source Clock Delay      (SCD):    -2.271ns
    Clock Pessimism Removal (CPR):    -0.352ns
  Clock Uncertainty:      0.077ns  ((TSJ^2 + DJ^2)^1/2) / 2 + PE
    Total System Jitter     (TSJ):    0.071ns
    Discrete Jitter          (DJ):    0.137ns
    Phase Error              (PE):    0.000ns

    Location             Delay type                Incr(ns)  Path(ns)    Netlist Resource(s)
  -------------------------------------------------------------------    -------------------
                         (clock clk_out2_pll rise edge)
                                                      0.000     0.000 r  
    AD12                                              0.000     0.000 r  i_sys_clk_p (IN)
                         net (fo=0)                   0.000     0.000    pll_inst/inst/clk_in1_p
    AD12                                                              r  pll_inst/inst/clkin1_ibufgds/I
    AD12                 IBUFDS (Prop_ibufds_I_O)     0.906     0.906 r  pll_inst/inst/clkin1_ibufgds/O
                         net (fo=1, routed)           1.098     2.004    pll_inst/inst/clk_in1_pll
    PLLE2_ADV_X1Y1                                                    r  pll_inst/inst/plle2_adv_inst/CLKIN1
    PLLE2_ADV_X1Y1       PLLE2_ADV (Prop_plle2_adv_CLKIN1_CLKOUT1)
                                                     -8.058    -6.054 r  pll_inst/inst/plle2_adv_inst/CLKOUT1
                         net (fo=1, routed)           2.128    -3.926    pll_inst/inst/clk_out2_pll
    BUFGCTRL_X0Y0                                                     r  pll_inst/inst/clkout2_buf/I
    BUFGCTRL_X0Y0        BUFG (Prop_bufg_I_O)         0.093    -3.833 r  pll_inst/inst/clkout2_buf/O
                         net (fo=5889, routed)        1.562    -2.271    student_top_inst/u_KLDJ_top/ifu0/clk_out2
    SLICE_X69Y89         FDRE                                         r  student_top_inst/u_KLDJ_top/ifu0/pc_reg_reg[5]_replica/C
  -------------------------------------------------------------------    -------------------
    SLICE_X69Y89         FDRE (Prop_fdre_C_Q)         0.223    -2.048 r  student_top_inst/u_KLDJ_top/ifu0/pc_reg_reg[5]_replica/Q
                         net (fo=144, routed)         1.133    -0.915    student_top_inst/Mem_IROM/U0/Q[5]_repN_alias
    SLICE_X48Y100                                                     r  student_top_inst/Mem_IROM/U0/g19_b5/I3
    SLICE_X48Y100        LUT6 (Prop_lut6_I3_O)        0.043    -0.872 r  student_top_inst/Mem_IROM/U0/g19_b5/O
                         net (fo=1, routed)           0.000    -0.872    student_top_inst/Mem_IROM/U0/g19_b5_n_0
    SLICE_X48Y100                                                     r  student_top_inst/Mem_IROM/U0/spo[6]_INST_0_i_10/I1
    SLICE_X48Y100        MUXF7 (Prop_muxf7_I1_O)      0.108    -0.764 r  student_top_inst/Mem_IROM/U0/spo[6]_INST_0_i_10/O
                         net (fo=1, routed)           0.442    -0.323    student_top_inst/Mem_IROM/U0/spo[6]_INST_0_i_10_n_0
    SLICE_X47Y101                                                     r  student_top_inst/Mem_IROM/U0/spo[6]_INST_0_i_4/I3
    SLICE_X47Y101        LUT6 (Prop_lut6_I3_O)        0.124    -0.199 r  student_top_inst/Mem_IROM/U0/spo[6]_INST_0_i_4/O
                         net (fo=1, routed)           0.000    -0.199    student_top_inst/Mem_IROM/U0/spo[6]_INST_0_i_4_n_0
    SLICE_X47Y101                                                     r  student_top_inst/Mem_IROM/U0/spo[6]_INST_0_i_2/I0
    SLICE_X47Y101        MUXF7 (Prop_muxf7_I0_O)      0.120    -0.079 r  student_top_inst/Mem_IROM/U0/spo[6]_INST_0_i_2/O
                         net (fo=1, routed)           0.565     0.487    student_top_inst/Mem_IROM/U0/spo[6]_INST_0_i_2_n_0
    SLICE_X51Y101                                                     r  student_top_inst/Mem_IROM/U0/spo[6]_INST_0/I3
    SLICE_X51Y101        LUT6 (Prop_lut6_I3_O)        0.122     0.609 r  student_top_inst/Mem_IROM/U0/spo[6]_INST_0/O
                         net (fo=2, routed)           0.555     1.164    student_top_inst/u_KLDJ_top/ifu0/spo[6]
    SLICE_X57Y94                                                      r  student_top_inst/u_KLDJ_top/ifu0/pc_reg[31]_i_24/I4
    SLICE_X57Y94         LUT5 (Prop_lut5_I4_O)        0.043     1.207 r  student_top_inst/u_KLDJ_top/ifu0/pc_reg[31]_i_24/O
                         net (fo=1, routed)           0.098     1.304    student_top_inst/u_KLDJ_top/ifu0/if_static_jal00_in
    SLICE_X57Y94                                                      r  student_top_inst/u_KLDJ_top/ifu0/pc_reg[31]_i_15/I0
    SLICE_X57Y94         LUT2 (Prop_lut2_I0_O)        0.043     1.347 r  student_top_inst/u_KLDJ_top/ifu0/pc_reg[31]_i_15/O
                         net (fo=33, routed)          0.329     1.677    student_top_inst/u_KLDJ_top/u_bpu/u_gshare_btb_core/if_static_jal
    SLICE_X68Y94                                                      r  student_top_inst/u_KLDJ_top/u_bpu/u_gshare_btb_core/if_id_pred_taken_i_2/I0
    SLICE_X68Y94         LUT5 (Prop_lut5_I0_O)        0.043     1.720 r  student_top_inst/u_KLDJ_top/u_bpu/u_gshare_btb_core/if_id_pred_taken_i_2/O
                         net (fo=33, routed)          0.606     2.326    student_top_inst/u_KLDJ_top/ifu0/if_pred_taken
    SLICE_X68Y88                                                      r  student_top_inst/u_KLDJ_top/ifu0/pc_reg[7]_i_4/I3
    SLICE_X68Y88         LUT5 (Prop_lut5_I3_O)        0.043     2.369 f  student_top_inst/u_KLDJ_top/ifu0/pc_reg[7]_i_4/O
                         net (fo=1, routed)           0.242     2.611    student_top_inst/u_KLDJ_top/u_pipe_id_ex/dnpc[7]
    SLICE_X68Y88                                                      f  student_top_inst/u_KLDJ_top/u_pipe_id_ex/pc_reg[7]_i_1/I5
    SLICE_X68Y88         LUT6 (Prop_lut6_I5_O)        0.043     2.654 f  student_top_inst/u_KLDJ_top/u_pipe_id_ex/pc_reg[7]_i_1/O
                         net (fo=7, routed)           0.419     3.072    student_top_inst/u_KLDJ_top/ifu0/pc_reg_reg[31]_1[7]
    SLICE_X68Y94         FDRE                                         f  student_top_inst/u_KLDJ_top/ifu0/pc_reg_reg[7]_replica_4/D
  -------------------------------------------------------------------    -------------------

                         (clock clk_out2_pll rise edge)
                                                      5.714     5.714 r  
    AD12                                              0.000     5.714 r  i_sys_clk_p (IN)
                         net (fo=0)                   0.000     5.714    pll_inst/inst/clk_in1_p
    AD12                                                              r  pll_inst/inst/clkin1_ibufgds/I
    AD12                 IBUFDS (Prop_ibufds_I_O)     0.803     6.518 r  pll_inst/inst/clkin1_ibufgds/O
                         net (fo=1, routed)           1.001     7.519    pll_inst/inst/clk_in1_pll
    PLLE2_ADV_X1Y1                                                    r  pll_inst/inst/plle2_adv_inst/CLKIN1
    PLLE2_ADV_X1Y1       PLLE2_ADV (Prop_plle2_adv_CLKIN1_CLKOUT1)
                                                     -7.261     0.258 r  pll_inst/inst/plle2_adv_inst/CLKOUT1
                         net (fo=1, routed)           2.003     2.261    pll_inst/inst/clk_out2_pll
    BUFGCTRL_X0Y0                                                     r  pll_inst/inst/clkout2_buf/I
    BUFGCTRL_X0Y0        BUFG (Prop_bufg_I_O)         0.083     2.344 r  pll_inst/inst/clkout2_buf/O
                         net (fo=5889, routed)        1.429     3.773    student_top_inst/u_KLDJ_top/ifu0/clk_out2
    SLICE_X68Y94         FDRE                                         r  student_top_inst/u_KLDJ_top/ifu0/pc_reg_reg[7]_replica_4/C
                         clock pessimism             -0.352     3.421    
                         clock uncertainty           -0.077     3.344    
    SLICE_X68Y94         FDRE (Setup_fdre_C_D)       -0.022     3.322    student_top_inst/u_KLDJ_top/ifu0/pc_reg_reg[7]_replica_4
  -------------------------------------------------------------------
                         required time                          3.322    
                         arrival time                          -3.072    
  -------------------------------------------------------------------
                         slack                                  0.250    

Slack (MET) :             0.250ns  (required time - arrival time)
  Source:                 student_top_inst/u_KLDJ_top/ifu0/pc_reg_reg[5]_replica/C
                            (rising edge-triggered cell FDRE clocked by clk_out2_pll  {rise@0.000ns fall@2.857ns period=5.714ns})
  Destination:            student_top_inst/u_KLDJ_top/ifu0/pc_reg_reg[7]_replica_4/D
                            (rising edge-triggered cell FDRE clocked by clk_out2_pll  {rise@0.000ns fall@2.857ns period=5.714ns})
  Path Group:             clk_out2_pll
  Path Type:              Setup (Max at Slow Process Corner)
  Requirement:            5.714ns  (clk_out2_pll rise@5.714ns - clk_out2_pll rise@0.000ns)
  Data Path Delay:        5.344ns  (logic 0.955ns (17.872%)  route 4.389ns (82.128%))
  Logic Levels:           10  (LUT2=1 LUT5=3 LUT6=4 MUXF7=2)
  Clock Path Skew:        -0.022ns (DCD - SCD + CPR)
    Destination Clock Delay (DCD):    -1.942ns = ( 3.773 - 5.714 ) 
    Source Clock Delay      (SCD):    -2.271ns
    Clock Pessimism Removal (CPR):    -0.352ns
  Clock Uncertainty:      0.077ns  ((TSJ^2 + DJ^2)^1/2) / 2 + PE
    Total System Jitter     (TSJ):    0.071ns
    Discrete Jitter          (DJ):    0.137ns
    Phase Error              (PE):    0.000ns

    Location             Delay type                Incr(ns)  Path(ns)    Netlist Resource(s)
  -------------------------------------------------------------------    -------------------
                         (clock clk_out2_pll rise edge)
                                                      0.000     0.000 r  
    AD12                                              0.000     0.000 r  i_sys_clk_p (IN)
                         net (fo=0)                   0.000     0.000    pll_inst/inst/clk_in1_p
    AD12                                                              r  pll_inst/inst/clkin1_ibufgds/I
    AD12                 IBUFDS (Prop_ibufds_I_O)     0.906     0.906 r  pll_inst/inst/clkin1_ibufgds/O
                         net (fo=1, routed)           1.098     2.004    pll_inst/inst/clk_in1_pll
    PLLE2_ADV_X1Y1                                                    r  pll_inst/inst/plle2_adv_inst/CLKIN1
    PLLE2_ADV_X1Y1       PLLE2_ADV (Prop_plle2_adv_CLKIN1_CLKOUT1)
                                                     -8.058    -6.054 r  pll_inst/inst/plle2_adv_inst/CLKOUT1
                         net (fo=1, routed)           2.128    -3.926    pll_inst/inst/clk_out2_pll
    BUFGCTRL_X0Y0                                                     r  pll_inst/inst/clkout2_buf/I
    BUFGCTRL_X0Y0        BUFG (Prop_bufg_I_O)         0.093    -3.833 r  pll_inst/inst/clkout2_buf/O
                         net (fo=5889, routed)        1.562    -2.271    student_top_inst/u_KLDJ_top/ifu0/clk_out2
    SLICE_X69Y89         FDRE                                         r  student_top_inst/u_KLDJ_top/ifu0/pc_reg_reg[5]_replica/C
  -------------------------------------------------------------------    -------------------
    SLICE_X69Y89         FDRE (Prop_fdre_C_Q)         0.223    -2.048 f  student_top_inst/u_KLDJ_top/ifu0/pc_reg_reg[5]_replica/Q
                         net (fo=144, routed)         1.133    -0.915    student_top_inst/Mem_IROM/U0/Q[5]_repN_alias
    SLICE_X48Y100                                                     f  student_top_inst/Mem_IROM/U0/g19_b5/I3
    SLICE_X48Y100        LUT6 (Prop_lut6_I3_O)        0.043    -0.872 r  student_top_inst/Mem_IROM/U0/g19_b5/O
                         net (fo=1, routed)           0.000    -0.872    student_top_inst/Mem_IROM/U0/g19_b5_n_0
    SLICE_X48Y100                                                     r  student_top_inst/Mem_IROM/U0/spo[6]_INST_0_i_10/I1
    SLICE_X48Y100        MUXF7 (Prop_muxf7_I1_O)      0.108    -0.764 r  student_top_inst/Mem_IROM/U0/spo[6]_INST_0_i_10/O
                         net (fo=1, routed)           0.442    -0.323    student_top_inst/Mem_IROM/U0/spo[6]_INST_0_i_10_n_0
    SLICE_X47Y101                                                     r  student_top_inst/Mem_IROM/U0/spo[6]_INST_0_i_4/I3
    SLICE_X47Y101        LUT6 (Prop_lut6_I3_O)        0.124    -0.199 r  student_top_inst/Mem_IROM/U0/spo[6]_INST_0_i_4/O
                         net (fo=1, routed)           0.000    -0.199    student_top_inst/Mem_IROM/U0/spo[6]_INST_0_i_4_n_0
    SLICE_X47Y101                                                     r  student_top_inst/Mem_IROM/U0/spo[6]_INST_0_i_2/I0
    SLICE_X47Y101        MUXF7 (Prop_muxf7_I0_O)      0.120    -0.079 r  student_top_inst/Mem_IROM/U0/spo[6]_INST_0_i_2/O
                         net (fo=1, routed)           0.565     0.487    student_top_inst/Mem_IROM/U0/spo[6]_INST_0_i_2_n_0
    SLICE_X51Y101                                                     r  student_top_inst/Mem_IROM/U0/spo[6]_INST_0/I3
    SLICE_X51Y101        LUT6 (Prop_lut6_I3_O)        0.122     0.609 r  student_top_inst/Mem_IROM/U0/spo[6]_INST_0/O
                         net (fo=2, routed)           0.555     1.164    student_top_inst/u_KLDJ_top/ifu0/spo[6]
    SLICE_X57Y94                                                      r  student_top_inst/u_KLDJ_top/ifu0/pc_reg[31]_i_24/I4
    SLICE_X57Y94         LUT5 (Prop_lut5_I4_O)        0.043     1.207 r  student_top_inst/u_KLDJ_top/ifu0/pc_reg[31]_i_24/O
                         net (fo=1, routed)           0.098     1.304    student_top_inst/u_KLDJ_top/ifu0/if_static_jal00_in
    SLICE_X57Y94                                                      r  student_top_inst/u_KLDJ_top/ifu0/pc_reg[31]_i_15/I0
    SLICE_X57Y94         LUT2 (Prop_lut2_I0_O)        0.043     1.347 r  student_top_inst/u_KLDJ_top/ifu0/pc_reg[31]_i_15/O
                         net (fo=33, routed)          0.329     1.677    student_top_inst/u_KLDJ_top/u_bpu/u_gshare_btb_core/if_static_jal
    SLICE_X68Y94                                                      r  student_top_inst/u_KLDJ_top/u_bpu/u_gshare_btb_core/if_id_pred_taken_i_2/I0
    SLICE_X68Y94         LUT5 (Prop_lut5_I0_O)        0.043     1.720 r  student_top_inst/u_KLDJ_top/u_bpu/u_gshare_btb_core/if_id_pred_taken_i_2/O
                         net (fo=33, routed)          0.606     2.326    student_top_inst/u_KLDJ_top/ifu0/if_pred_taken
    SLICE_X68Y88                                                      r  student_top_inst/u_KLDJ_top/ifu0/pc_reg[7]_i_4/I3
    SLICE_X68Y88         LUT5 (Prop_lut5_I3_O)        0.043     2.369 f  student_top_inst/u_KLDJ_top/ifu0/pc_reg[7]_i_4/O
                         net (fo=1, routed)           0.242     2.611    student_top_inst/u_KLDJ_top/u_pipe_id_ex/dnpc[7]
    SLICE_X68Y88                                                      f  student_top_inst/u_KLDJ_top/u_pipe_id_ex/pc_reg[7]_i_1/I5
    SLICE_X68Y88         LUT6 (Prop_lut6_I5_O)        0.043     2.654 f  student_top_inst/u_KLDJ_top/u_pipe_id_ex/pc_reg[7]_i_1/O
                         net (fo=7, routed)           0.419     3.072    student_top_inst/u_KLDJ_top/ifu0/pc_reg_reg[31]_1[7]
    SLICE_X68Y94         FDRE                                         f  student_top_inst/u_KLDJ_top/ifu0/pc_reg_reg[7]_replica_4/D
  -------------------------------------------------------------------    -------------------

                         (clock clk_out2_pll rise edge)
                                                      5.714     5.714 r  
    AD12                                              0.000     5.714 r  i_sys_clk_p (IN)
                         net (fo=0)                   0.000     5.714    pll_inst/inst/clk_in1_p
    AD12                                                              r  pll_inst/inst/clkin1_ibufgds/I
    AD12                 IBUFDS (Prop_ibufds_I_O)     0.803     6.518 r  pll_inst/inst/clkin1_ibufgds/O
                         net (fo=1, routed)           1.001     7.519    pll_inst/inst/clk_in1_pll
    PLLE2_ADV_X1Y1                                                    r  pll_inst/inst/plle2_adv_inst/CLKIN1
    PLLE2_ADV_X1Y1       PLLE2_ADV (Prop_plle2_adv_CLKIN1_CLKOUT1)
                                                     -7.261     0.258 r  pll_inst/inst/plle2_adv_inst/CLKOUT1
                         net (fo=1, routed)           2.003     2.261    pll_inst/inst/clk_out2_pll
    BUFGCTRL_X0Y0                                                     r  pll_inst/inst/clkout2_buf/I
    BUFGCTRL_X0Y0        BUFG (Prop_bufg_I_O)         0.083     2.344 r  pll_inst/inst/clkout2_buf/O
                         net (fo=5889, routed)        1.429     3.773    student_top_inst/u_KLDJ_top/ifu0/clk_out2
    SLICE_X68Y94         FDRE                                         r  student_top_inst/u_KLDJ_top/ifu0/pc_reg_reg[7]_replica_4/C
                         clock pessimism             -0.352     3.421    
                         clock uncertainty           -0.077     3.344    
    SLICE_X68Y94         FDRE (Setup_fdre_C_D)       -0.022     3.322    student_top_inst/u_KLDJ_top/ifu0/pc_reg_reg[7]_replica_4
  -------------------------------------------------------------------
                         required time                          3.322    
                         arrival time                          -3.072    
  -------------------------------------------------------------------
                         slack                                  0.250    

Slack (MET) :             0.250ns  (required time - arrival time)
  Source:                 student_top_inst/u_KLDJ_top/ifu0/pc_reg_reg[5]_replica/C
                            (rising edge-triggered cell FDRE clocked by clk_out2_pll  {rise@0.000ns fall@2.857ns period=5.714ns})
  Destination:            student_top_inst/u_KLDJ_top/ifu0/pc_reg_reg[7]_replica_4/D
                            (rising edge-triggered cell FDRE clocked by clk_out2_pll  {rise@0.000ns fall@2.857ns period=5.714ns})
  Path Group:             clk_out2_pll
  Path Type:              Setup (Max at Slow Process Corner)
  Requirement:            5.714ns  (clk_out2_pll rise@5.714ns - clk_out2_pll rise@0.000ns)
  Data Path Delay:        5.344ns  (logic 0.955ns (17.872%)  route 4.389ns (82.128%))
  Logic Levels:           10  (LUT2=1 LUT5=3 LUT6=4 MUXF7=2)
  Clock Path Skew:        -0.022ns (DCD - SCD + CPR)
    Destination Clock Delay (DCD):    -1.942ns = ( 3.773 - 5.714 ) 
    Source Clock Delay      (SCD):    -2.271ns
    Clock Pessimism Removal (CPR):    -0.352ns
  Clock Uncertainty:      0.077ns  ((TSJ^2 + DJ^2)^1/2) / 2 + PE
    Total System Jitter     (TSJ):    0.071ns
    Discrete Jitter          (DJ):    0.137ns
    Phase Error              (PE):    0.000ns

    Location             Delay type                Incr(ns)  Path(ns)    Netlist Resource(s)
  -------------------------------------------------------------------    -------------------
                         (clock clk_out2_pll rise edge)
                                                      0.000     0.000 r  
    AD12                                              0.000     0.000 r  i_sys_clk_p (IN)
                         net (fo=0)                   0.000     0.000    pll_inst/inst/clk_in1_p
    AD12                                                              r  pll_inst/inst/clkin1_ibufgds/I
    AD12                 IBUFDS (Prop_ibufds_I_O)     0.906     0.906 r  pll_inst/inst/clkin1_ibufgds/O
                         net (fo=1, routed)           1.098     2.004    pll_inst/inst/clk_in1_pll
    PLLE2_ADV_X1Y1                                                    r  pll_inst/inst/plle2_adv_inst/CLKIN1
    PLLE2_ADV_X1Y1       PLLE2_ADV (Prop_plle2_adv_CLKIN1_CLKOUT1)
                                                     -8.058    -6.054 r  pll_inst/inst/plle2_adv_inst/CLKOUT1
                         net (fo=1, routed)           2.128    -3.926    pll_inst/inst/clk_out2_pll
    BUFGCTRL_X0Y0                                                     r  pll_inst/inst/clkout2_buf/I
    BUFGCTRL_X0Y0        BUFG (Prop_bufg_I_O)         0.093    -3.833 r  pll_inst/inst/clkout2_buf/O
                         net (fo=5889, routed)        1.562    -2.271    student_top_inst/u_KLDJ_top/ifu0/clk_out2
    SLICE_X69Y89         FDRE                                         r  student_top_inst/u_KLDJ_top/ifu0/pc_reg_reg[5]_replica/C
  -------------------------------------------------------------------    -------------------
    SLICE_X69Y89         FDRE (Prop_fdre_C_Q)         0.223    -2.048 r  student_top_inst/u_KLDJ_top/ifu0/pc_reg_reg[5]_replica/Q
                         net (fo=144, routed)         1.133    -0.915    student_top_inst/Mem_IROM/U0/Q[5]_repN_alias
    SLICE_X48Y100                                                     r  student_top_inst/Mem_IROM/U0/g19_b5/I3
    SLICE_X48Y100        LUT6 (Prop_lut6_I3_O)        0.043    -0.872 f  student_top_inst/Mem_IROM/U0/g19_b5/O
                         net (fo=1, routed)           0.000    -0.872    student_top_inst/Mem_IROM/U0/g19_b5_n_0
    SLICE_X48Y100                                                     f  student_top_inst/Mem_IROM/U0/spo[6]_INST_0_i_10/I1
    SLICE_X48Y100        MUXF7 (Prop_muxf7_I1_O)      0.108    -0.764 f  student_top_inst/Mem_IROM/U0/spo[6]_INST_0_i_10/O
                         net (fo=1, routed)           0.442    -0.323    student_top_inst/Mem_IROM/U0/spo[6]_INST_0_i_10_n_0
    SLICE_X47Y101                                                     f  student_top_inst/Mem_IROM/U0/spo[6]_INST_0_i_4/I3
    SLICE_X47Y101        LUT6 (Prop_lut6_I3_O)        0.124    -0.199 f  student_top_inst/Mem_IROM/U0/spo[6]_INST_0_i_4/O
                         net (fo=1, routed)           0.000    -0.199    student_top_inst/Mem_IROM/U0/spo[6]_INST_0_i_4_n_0
    SLICE_X47Y101                                                     f  student_top_inst/Mem_IROM/U0/spo[6]_INST_0_i_2/I0
    SLICE_X47Y101        MUXF7 (Prop_muxf7_I0_O)      0.120    -0.079 f  student_top_inst/Mem_IROM/U0/spo[6]_INST_0_i_2/O
                         net (fo=1, routed)           0.565     0.487    student_top_inst/Mem_IROM/U0/spo[6]_INST_0_i_2_n_0
    SLICE_X51Y101                                                     f  student_top_inst/Mem_IROM/U0/spo[6]_INST_0/I3
    SLICE_X51Y101        LUT6 (Prop_lut6_I3_O)        0.122     0.609 f  student_top_inst/Mem_IROM/U0/spo[6]_INST_0/O
                         net (fo=2, routed)           0.555     1.164    student_top_inst/u_KLDJ_top/ifu0/spo[6]
    SLICE_X57Y94                                                      f  student_top_inst/u_KLDJ_top/ifu0/pc_reg[31]_i_24/I4
    SLICE_X57Y94         LUT5 (Prop_lut5_I4_O)        0.043     1.207 f  student_top_inst/u_KLDJ_top/ifu0/pc_reg[31]_i_24/O
                         net (fo=1, routed)           0.098     1.304    student_top_inst/u_KLDJ_top/ifu0/if_static_jal00_in
    SLICE_X57Y94                                                      f  student_top_inst/u_KLDJ_top/ifu0/pc_reg[31]_i_15/I0
    SLICE_X57Y94         LUT2 (Prop_lut2_I0_O)        0.043     1.347 f  student_top_inst/u_KLDJ_top/ifu0/pc_reg[31]_i_15/O
                         net (fo=33, routed)          0.329     1.677    student_top_inst/u_KLDJ_top/u_bpu/u_gshare_btb_core/if_static_jal
    SLICE_X68Y94                                                      f  student_top_inst/u_KLDJ_top/u_bpu/u_gshare_btb_core/if_id_pred_taken_i_2/I0
    SLICE_X68Y94         LUT5 (Prop_lut5_I0_O)        0.043     1.720 f  student_top_inst/u_KLDJ_top/u_bpu/u_gshare_btb_core/if_id_pred_taken_i_2/O
                         net (fo=33, routed)          0.606     2.326    student_top_inst/u_KLDJ_top/ifu0/if_pred_taken
    SLICE_X68Y88                                                      f  student_top_inst/u_KLDJ_top/ifu0/pc_reg[7]_i_4/I3
    SLICE_X68Y88         LUT5 (Prop_lut5_I3_O)        0.043     2.369 f  student_top_inst/u_KLDJ_top/ifu0/pc_reg[7]_i_4/O
                         net (fo=1, routed)           0.242     2.611    student_top_inst/u_KLDJ_top/u_pipe_id_ex/dnpc[7]
    SLICE_X68Y88                                                      f  student_top_inst/u_KLDJ_top/u_pipe_id_ex/pc_reg[7]_i_1/I5
    SLICE_X68Y88         LUT6 (Prop_lut6_I5_O)        0.043     2.654 f  student_top_inst/u_KLDJ_top/u_pipe_id_ex/pc_reg[7]_i_1/O
                         net (fo=7, routed)           0.419     3.072    student_top_inst/u_KLDJ_top/ifu0/pc_reg_reg[31]_1[7]
    SLICE_X68Y94         FDRE                                         f  student_top_inst/u_KLDJ_top/ifu0/pc_reg_reg[7]_replica_4/D
  -------------------------------------------------------------------    -------------------

                         (clock clk_out2_pll rise edge)
                                                      5.714     5.714 r  
    AD12                                              0.000     5.714 r  i_sys_clk_p (IN)
                         net (fo=0)                   0.000     5.714    pll_inst/inst/clk_in1_p
    AD12                                                              r  pll_inst/inst/clkin1_ibufgds/I
    AD12                 IBUFDS (Prop_ibufds_I_O)     0.803     6.518 r  pll_inst/inst/clkin1_ibufgds/O
                         net (fo=1, routed)           1.001     7.519    pll_inst/inst/clk_in1_pll
    PLLE2_ADV_X1Y1                                                    r  pll_inst/inst/plle2_adv_inst/CLKIN1
    PLLE2_ADV_X1Y1       PLLE2_ADV (Prop_plle2_adv_CLKIN1_CLKOUT1)
                                                     -7.261     0.258 r  pll_inst/inst/plle2_adv_inst/CLKOUT1
                         net (fo=1, routed)           2.003     2.261    pll_inst/inst/clk_out2_pll
    BUFGCTRL_X0Y0                                                     r  pll_inst/inst/clkout2_buf/I
    BUFGCTRL_X0Y0        BUFG (Prop_bufg_I_O)         0.083     2.344 r  pll_inst/inst/clkout2_buf/O
                         net (fo=5889, routed)        1.429     3.773    student_top_inst/u_KLDJ_top/ifu0/clk_out2
    SLICE_X68Y94         FDRE                                         r  student_top_inst/u_KLDJ_top/ifu0/pc_reg_reg[7]_replica_4/C
                         clock pessimism             -0.352     3.421    
                         clock uncertainty           -0.077     3.344    
    SLICE_X68Y94         FDRE (Setup_fdre_C_D)       -0.022     3.322    student_top_inst/u_KLDJ_top/ifu0/pc_reg_reg[7]_replica_4
  -------------------------------------------------------------------
                         required time                          3.322    
                         arrival time                          -3.072    
  -------------------------------------------------------------------
                         slack                                  0.250    

Slack (MET) :             0.250ns  (required time - arrival time)
  Source:                 student_top_inst/u_KLDJ_top/ifu0/pc_reg_reg[5]_replica/C
                            (rising edge-triggered cell FDRE clocked by clk_out2_pll  {rise@0.000ns fall@2.857ns period=5.714ns})
  Destination:            student_top_inst/u_KLDJ_top/ifu0/pc_reg_reg[7]_replica_4/D
                            (rising edge-triggered cell FDRE clocked by clk_out2_pll  {rise@0.000ns fall@2.857ns period=5.714ns})
  Path Group:             clk_out2_pll
  Path Type:              Setup (Max at Slow Process Corner)
  Requirement:            5.714ns  (clk_out2_pll rise@5.714ns - clk_out2_pll rise@0.000ns)
  Data Path Delay:        5.344ns  (logic 0.955ns (17.872%)  route 4.389ns (82.128%))
  Logic Levels:           10  (LUT2=1 LUT5=3 LUT6=4 MUXF7=2)
  Clock Path Skew:        -0.022ns (DCD - SCD + CPR)
    Destination Clock Delay (DCD):    -1.942ns = ( 3.773 - 5.714 ) 
    Source Clock Delay      (SCD):    -2.271ns
    Clock Pessimism Removal (CPR):    -0.352ns
  Clock Uncertainty:      0.077ns  ((TSJ^2 + DJ^2)^1/2) / 2 + PE
    Total System Jitter     (TSJ):    0.071ns
    Discrete Jitter          (DJ):    0.137ns
    Phase Error              (PE):    0.000ns

    Location             Delay type                Incr(ns)  Path(ns)    Netlist Resource(s)
  -------------------------------------------------------------------    -------------------
                         (clock clk_out2_pll rise edge)
                                                      0.000     0.000 r  
    AD12                                              0.000     0.000 r  i_sys_clk_p (IN)
                         net (fo=0)                   0.000     0.000    pll_inst/inst/clk_in1_p
    AD12                                                              r  pll_inst/inst/clkin1_ibufgds/I
    AD12                 IBUFDS (Prop_ibufds_I_O)     0.906     0.906 r  pll_inst/inst/clkin1_ibufgds/O
                         net (fo=1, routed)           1.098     2.004    pll_inst/inst/clk_in1_pll
    PLLE2_ADV_X1Y1                                                    r  pll_inst/inst/plle2_adv_inst/CLKIN1
    PLLE2_ADV_X1Y1       PLLE2_ADV (Prop_plle2_adv_CLKIN1_CLKOUT1)
                                                     -8.058    -6.054 r  pll_inst/inst/plle2_adv_inst/CLKOUT1
                         net (fo=1, routed)           2.128    -3.926    pll_inst/inst/clk_out2_pll
    BUFGCTRL_X0Y0                                                     r  pll_inst/inst/clkout2_buf/I
    BUFGCTRL_X0Y0        BUFG (Prop_bufg_I_O)         0.093    -3.833 r  pll_inst/inst/clkout2_buf/O
                         net (fo=5889, routed)        1.562    -2.271    student_top_inst/u_KLDJ_top/ifu0/clk_out2
    SLICE_X69Y89         FDRE                                         r  student_top_inst/u_KLDJ_top/ifu0/pc_reg_reg[5]_replica/C
  -------------------------------------------------------------------    -------------------
    SLICE_X69Y89         FDRE (Prop_fdre_C_Q)         0.223    -2.048 f  student_top_inst/u_KLDJ_top/ifu0/pc_reg_reg[5]_replica/Q
                         net (fo=144, routed)         1.133    -0.915    student_top_inst/Mem_IROM/U0/Q[5]_repN_alias
    SLICE_X48Y100                                                     f  student_top_inst/Mem_IROM/U0/g19_b5/I3
    SLICE_X48Y100        LUT6 (Prop_lut6_I3_O)        0.043    -0.872 f  student_top_inst/Mem_IROM/U0/g19_b5/O
                         net (fo=1, routed)           0.000    -0.872    student_top_inst/Mem_IROM/U0/g19_b5_n_0
    SLICE_X48Y100                                                     f  student_top_inst/Mem_IROM/U0/spo[6]_INST_0_i_10/I1
    SLICE_X48Y100        MUXF7 (Prop_muxf7_I1_O)      0.108    -0.764 f  student_top_inst/Mem_IROM/U0/spo[6]_INST_0_i_10/O
                         net (fo=1, routed)           0.442    -0.323    student_top_inst/Mem_IROM/U0/spo[6]_INST_0_i_10_n_0
    SLICE_X47Y101                                                     f  student_top_inst/Mem_IROM/U0/spo[6]_INST_0_i_4/I3
    SLICE_X47Y101        LUT6 (Prop_lut6_I3_O)        0.124    -0.199 f  student_top_inst/Mem_IROM/U0/spo[6]_INST_0_i_4/O
                         net (fo=1, routed)           0.000    -0.199    student_top_inst/Mem_IROM/U0/spo[6]_INST_0_i_4_n_0
    SLICE_X47Y101                                                     f  student_top_inst/Mem_IROM/U0/spo[6]_INST_0_i_2/I0
    SLICE_X47Y101        MUXF7 (Prop_muxf7_I0_O)      0.120    -0.079 f  student_top_inst/Mem_IROM/U0/spo[6]_INST_0_i_2/O
                         net (fo=1, routed)           0.565     0.487    student_top_inst/Mem_IROM/U0/spo[6]_INST_0_i_2_n_0
    SLICE_X51Y101                                                     f  student_top_inst/Mem_IROM/U0/spo[6]_INST_0/I3
    SLICE_X51Y101        LUT6 (Prop_lut6_I3_O)        0.122     0.609 f  student_top_inst/Mem_IROM/U0/spo[6]_INST_0/O
                         net (fo=2, routed)           0.555     1.164    student_top_inst/u_KLDJ_top/ifu0/spo[6]
    SLICE_X57Y94                                                      f  student_top_inst/u_KLDJ_top/ifu0/pc_reg[31]_i_24/I4
    SLICE_X57Y94         LUT5 (Prop_lut5_I4_O)        0.043     1.207 f  student_top_inst/u_KLDJ_top/ifu0/pc_reg[31]_i_24/O
                         net (fo=1, routed)           0.098     1.304    student_top_inst/u_KLDJ_top/ifu0/if_static_jal00_in
    SLICE_X57Y94                                                      f  student_top_inst/u_KLDJ_top/ifu0/pc_reg[31]_i_15/I0
    SLICE_X57Y94         LUT2 (Prop_lut2_I0_O)        0.043     1.347 f  student_top_inst/u_KLDJ_top/ifu0/pc_reg[31]_i_15/O
                         net (fo=33, routed)          0.329     1.677    student_top_inst/u_KLDJ_top/u_bpu/u_gshare_btb_core/if_static_jal
    SLICE_X68Y94                                                      f  student_top_inst/u_KLDJ_top/u_bpu/u_gshare_btb_core/if_id_pred_taken_i_2/I0
    SLICE_X68Y94         LUT5 (Prop_lut5_I0_O)        0.043     1.720 f  student_top_inst/u_KLDJ_top/u_bpu/u_gshare_btb_core/if_id_pred_taken_i_2/O
                         net (fo=33, routed)          0.606     2.326    student_top_inst/u_KLDJ_top/ifu0/if_pred_taken
    SLICE_X68Y88                                                      f  student_top_inst/u_KLDJ_top/ifu0/pc_reg[7]_i_4/I3
    SLICE_X68Y88         LUT5 (Prop_lut5_I3_O)        0.043     2.369 f  student_top_inst/u_KLDJ_top/ifu0/pc_reg[7]_i_4/O
                         net (fo=1, routed)           0.242     2.611    student_top_inst/u_KLDJ_top/u_pipe_id_ex/dnpc[7]
    SLICE_X68Y88                                                      f  student_top_inst/u_KLDJ_top/u_pipe_id_ex/pc_reg[7]_i_1/I5
    SLICE_X68Y88         LUT6 (Prop_lut6_I5_O)        0.043     2.654 f  student_top_inst/u_KLDJ_top/u_pipe_id_ex/pc_reg[7]_i_1/O
                         net (fo=7, routed)           0.419     3.072    student_top_inst/u_KLDJ_top/ifu0/pc_reg_reg[31]_1[7]
    SLICE_X68Y94         FDRE                                         f  student_top_inst/u_KLDJ_top/ifu0/pc_reg_reg[7]_replica_4/D
  -------------------------------------------------------------------    -------------------

                         (clock clk_out2_pll rise edge)
                                                      5.714     5.714 r  
    AD12                                              0.000     5.714 r  i_sys_clk_p (IN)
                         net (fo=0)                   0.000     5.714    pll_inst/inst/clk_in1_p
    AD12                                                              r  pll_inst/inst/clkin1_ibufgds/I
    AD12                 IBUFDS (Prop_ibufds_I_O)     0.803     6.518 r  pll_inst/inst/clkin1_ibufgds/O
                         net (fo=1, routed)           1.001     7.519    pll_inst/inst/clk_in1_pll
    PLLE2_ADV_X1Y1                                                    r  pll_inst/inst/plle2_adv_inst/CLKIN1
    PLLE2_ADV_X1Y1       PLLE2_ADV (Prop_plle2_adv_CLKIN1_CLKOUT1)
                                                     -7.261     0.258 r  pll_inst/inst/plle2_adv_inst/CLKOUT1
                         net (fo=1, routed)           2.003     2.261    pll_inst/inst/clk_out2_pll
    BUFGCTRL_X0Y0                                                     r  pll_inst/inst/clkout2_buf/I
    BUFGCTRL_X0Y0        BUFG (Prop_bufg_I_O)         0.083     2.344 r  pll_inst/inst/clkout2_buf/O
                         net (fo=5889, routed)        1.429     3.773    student_top_inst/u_KLDJ_top/ifu0/clk_out2
    SLICE_X68Y94         FDRE                                         r  student_top_inst/u_KLDJ_top/ifu0/pc_reg_reg[7]_replica_4/C
                         clock pessimism             -0.352     3.421    
                         clock uncertainty           -0.077     3.344    
    SLICE_X68Y94         FDRE (Setup_fdre_C_D)       -0.022     3.322    student_top_inst/u_KLDJ_top/ifu0/pc_reg_reg[7]_replica_4
  -------------------------------------------------------------------
                         required time                          3.322    
                         arrival time                          -3.072    
  -------------------------------------------------------------------
                         slack                                  0.250    

Slack (MET) :             0.257ns  (required time - arrival time)
  Source:                 student_top_inst/u_KLDJ_top/ifu0/pc_reg_reg[7]_replica_2/C
                            (rising edge-triggered cell FDRE clocked by clk_out2_pll  {rise@0.000ns fall@2.857ns period=5.714ns})
  Destination:            student_top_inst/u_KLDJ_top/ifu0/pc_reg_reg[21]/D
                            (rising edge-triggered cell FDRE clocked by clk_out2_pll  {rise@0.000ns fall@2.857ns period=5.714ns})
  Path Group:             clk_out2_pll
  Path Type:              Setup (Max at Slow Process Corner)
  Requirement:            5.714ns  (clk_out2_pll rise@5.714ns - clk_out2_pll rise@0.000ns)
  Data Path Delay:        5.369ns  (logic 1.384ns (25.777%)  route 3.985ns (74.223%))
  Logic Levels:           10  (CARRY4=2 LUT2=1 LUT5=1 LUT6=4 MUXF7=2)
  Clock Path Skew:        -0.044ns (DCD - SCD + CPR)
    Destination Clock Delay (DCD):    -1.944ns = ( 3.771 - 5.714 ) 
    Source Clock Delay      (SCD):    -2.272ns
    Clock Pessimism Removal (CPR):    -0.373ns
  Clock Uncertainty:      0.077ns  ((TSJ^2 + DJ^2)^1/2) / 2 + PE
    Total System Jitter     (TSJ):    0.071ns
    Discrete Jitter          (DJ):    0.137ns
    Phase Error              (PE):    0.000ns

    Location             Delay type                Incr(ns)  Path(ns)    Netlist Resource(s)
  -------------------------------------------------------------------    -------------------
                         (clock clk_out2_pll rise edge)
                                                      0.000     0.000 r  
    AD12                                              0.000     0.000 r  i_sys_clk_p (IN)
                         net (fo=0)                   0.000     0.000    pll_inst/inst/clk_in1_p
    AD12                                                              r  pll_inst/inst/clkin1_ibufgds/I
    AD12                 IBUFDS (Prop_ibufds_I_O)     0.906     0.906 r  pll_inst/inst/clkin1_ibufgds/O
                         net (fo=1, routed)           1.098     2.004    pll_inst/inst/clk_in1_pll
    PLLE2_ADV_X1Y1                                                    r  pll_inst/inst/plle2_adv_inst/CLKIN1
    PLLE2_ADV_X1Y1       PLLE2_ADV (Prop_plle2_adv_CLKIN1_CLKOUT1)
                                                     -8.058    -6.054 r  pll_inst/inst/plle2_adv_inst/CLKOUT1
                         net (fo=1, routed)           2.128    -3.926    pll_inst/inst/clk_out2_pll
    BUFGCTRL_X0Y0                                                     r  pll_inst/inst/clkout2_buf/I
    BUFGCTRL_X0Y0        BUFG (Prop_bufg_I_O)         0.093    -3.833 r  pll_inst/inst/clkout2_buf/O
                         net (fo=5889, routed)        1.561    -2.272    student_top_inst/u_KLDJ_top/ifu0/clk_out2
    SLICE_X69Y88         FDRE                                         r  student_top_inst/u_KLDJ_top/ifu0/pc_reg_reg[7]_replica_2/C
  -------------------------------------------------------------------    -------------------
    SLICE_X69Y88         FDRE (Prop_fdre_C_Q)         0.223    -2.049 r  student_top_inst/u_KLDJ_top/ifu0/pc_reg_reg[7]_replica_2/Q
                         net (fo=185, routed)         1.453    -0.596    student_top_inst/Mem_IROM/U0/Q[7]_repN_2_alias
    SLICE_X47Y121                                                     r  student_top_inst/Mem_IROM/U0/g31_b16/I5
    SLICE_X47Y121        LUT6 (Prop_lut6_I5_O)        0.043    -0.553 r  student_top_inst/Mem_IROM/U0/g31_b16/O
                         net (fo=1, routed)           0.000    -0.553    student_top_inst/Mem_IROM/U0/g31_b16_n_0
    SLICE_X47Y121                                                     r  student_top_inst/Mem_IROM/U0/spo[17]_INST_0_i_12/I1
    SLICE_X47Y121        MUXF7 (Prop_muxf7_I1_O)      0.108    -0.445 r  student_top_inst/Mem_IROM/U0/spo[17]_INST_0_i_12/O
                         net (fo=1, routed)           0.466     0.021    student_top_inst/Mem_IROM/U0/spo[17]_INST_0_i_12_n_0
    SLICE_X47Y121                                                     r  student_top_inst/Mem_IROM/U0/spo[17]_INST_0_i_5/I0
    SLICE_X47Y121        LUT6 (Prop_lut6_I0_O)        0.124     0.145 r  student_top_inst/Mem_IROM/U0/spo[17]_INST_0_i_5/O
                         net (fo=1, routed)           0.000     0.145    student_top_inst/Mem_IROM/U0/spo[17]_INST_0_i_5_n_0
    SLICE_X47Y121                                                     r  student_top_inst/Mem_IROM/U0/spo[17]_INST_0_i_2/I1
    SLICE_X47Y121        MUXF7 (Prop_muxf7_I1_O)      0.122     0.267 r  student_top_inst/Mem_IROM/U0/spo[17]_INST_0_i_2/O
                         net (fo=1, routed)           0.486     0.753    student_top_inst/Mem_IROM/U0/spo[17]_INST_0_i_2_n_0
    SLICE_X49Y112                                                     r  student_top_inst/Mem_IROM/U0/spo[17]_INST_0/I3
    SLICE_X49Y112        LUT6 (Prop_lut6_I3_O)        0.122     0.875 r  student_top_inst/Mem_IROM/U0/spo[17]_INST_0/O
                         net (fo=2, routed)           0.913     1.788    student_top_inst/u_KLDJ_top/ifu0/spo[12]
    SLICE_X64Y91                                                      r  student_top_inst/u_KLDJ_top/ifu0/pc_reg[19]_i_8/I1
    SLICE_X64Y91         LUT2 (Prop_lut2_I1_O)        0.043     1.831 r  student_top_inst/u_KLDJ_top/ifu0/pc_reg[19]_i_8/O
                         net (fo=1, routed)           0.000     1.831    student_top_inst/u_KLDJ_top/ifu0/pc_reg[19]_i_8_n_0
    SLICE_X64Y91                                                      r  student_top_inst/u_KLDJ_top/ifu0/pc_reg_reg[19]_i_5/S[1]
    SLICE_X64Y91         CARRY4 (Prop_carry4_S[1]_CO[3])
                                                      0.267     2.098 r  student_top_inst/u_KLDJ_top/ifu0/pc_reg_reg[19]_i_5/CO[3]
                         net (fo=1, routed)           0.000     2.098    student_top_inst/u_KLDJ_top/ifu0/pc_reg_reg[19]_i_5_n_0
    SLICE_X64Y92                                                      r  student_top_inst/u_KLDJ_top/ifu0/pc_reg_reg[23]_i_5/CI
    SLICE_X64Y92         CARRY4 (Prop_carry4_CI_O[1])
                                                      0.166     2.264 r  student_top_inst/u_KLDJ_top/ifu0/pc_reg_reg[23]_i_5/O[1]
                         net (fo=1, routed)           0.254     2.518    student_top_inst/u_KLDJ_top/ifu0/if_static_jal_target[21]
    SLICE_X68Y92                                                      r  student_top_inst/u_KLDJ_top/ifu0/pc_reg[21]_i_4/I0
    SLICE_X68Y92         LUT5 (Prop_lut5_I0_O)        0.123     2.641 r  student_top_inst/u_KLDJ_top/ifu0/pc_reg[21]_i_4/O
                         net (fo=1, routed)           0.413     3.054    student_top_inst/u_KLDJ_top/u_pipe_id_ex/dnpc[21]
    SLICE_X72Y91                                                      r  student_top_inst/u_KLDJ_top/u_pipe_id_ex/pc_reg[21]_i_1/I5
    SLICE_X72Y91         LUT6 (Prop_lut6_I5_O)        0.043     3.097 r  student_top_inst/u_KLDJ_top/u_pipe_id_ex/pc_reg[21]_i_1/O
                         net (fo=1, routed)           0.000     3.097    student_top_inst/u_KLDJ_top/ifu0/pc_reg_reg[31]_1[21]
    SLICE_X72Y91         FDRE                                         r  student_top_inst/u_KLDJ_top/ifu0/pc_reg_reg[21]/D
  -------------------------------------------------------------------    -------------------

                         (clock clk_out2_pll rise edge)
                                                      5.714     5.714 r  
    AD12                                              0.000     5.714 r  i_sys_clk_p (IN)
                         net (fo=0)                   0.000     5.714    pll_inst/inst/clk_in1_p
    AD12                                                              r  pll_inst/inst/clkin1_ibufgds/I
    AD12                 IBUFDS (Prop_ibufds_I_O)     0.803     6.518 r  pll_inst/inst/clkin1_ibufgds/O
                         net (fo=1, routed)           1.001     7.519    pll_inst/inst/clk_in1_pll
    PLLE2_ADV_X1Y1                                                    r  pll_inst/inst/plle2_adv_inst/CLKIN1
    PLLE2_ADV_X1Y1       PLLE2_ADV (Prop_plle2_adv_CLKIN1_CLKOUT1)
                                                     -7.261     0.258 r  pll_inst/inst/plle2_adv_inst/CLKOUT1
                         net (fo=1, routed)           2.003     2.261    pll_inst/inst/clk_out2_pll
    BUFGCTRL_X0Y0                                                     r  pll_inst/inst/clkout2_buf/I
    BUFGCTRL_X0Y0        BUFG (Prop_bufg_I_O)         0.083     2.344 r  pll_inst/inst/clkout2_buf/O
                         net (fo=5889, routed)        1.427     3.771    student_top_inst/u_KLDJ_top/ifu0/clk_out2
    SLICE_X72Y91         FDRE                                         r  student_top_inst/u_KLDJ_top/ifu0/pc_reg_reg[21]/C
                         clock pessimism             -0.373     3.398    
                         clock uncertainty           -0.077     3.321    
    SLICE_X72Y91         FDRE (Setup_fdre_C_D)        0.033     3.354    student_top_inst/u_KLDJ_top/ifu0/pc_reg_reg[21]
  -------------------------------------------------------------------
                         required time                          3.354    
                         arrival time                          -3.097    
  -------------------------------------------------------------------
                         slack                                  0.257    

Slack (MET) :             0.257ns  (required time - arrival time)
  Source:                 student_top_inst/u_KLDJ_top/ifu0/pc_reg_reg[7]_replica_2/C
                            (rising edge-triggered cell FDRE clocked by clk_out2_pll  {rise@0.000ns fall@2.857ns period=5.714ns})
  Destination:            student_top_inst/u_KLDJ_top/ifu0/pc_reg_reg[21]/D
                            (rising edge-triggered cell FDRE clocked by clk_out2_pll  {rise@0.000ns fall@2.857ns period=5.714ns})
  Path Group:             clk_out2_pll
  Path Type:              Setup (Max at Slow Process Corner)
  Requirement:            5.714ns  (clk_out2_pll rise@5.714ns - clk_out2_pll rise@0.000ns)
  Data Path Delay:        5.369ns  (logic 1.384ns (25.777%)  route 3.985ns (74.223%))
  Logic Levels:           10  (CARRY4=2 LUT2=1 LUT5=1 LUT6=4 MUXF7=2)
  Clock Path Skew:        -0.044ns (DCD - SCD + CPR)
    Destination Clock Delay (DCD):    -1.944ns = ( 3.771 - 5.714 ) 
    Source Clock Delay      (SCD):    -2.272ns
    Clock Pessimism Removal (CPR):    -0.373ns
  Clock Uncertainty:      0.077ns  ((TSJ^2 + DJ^2)^1/2) / 2 + PE
    Total System Jitter     (TSJ):    0.071ns
    Discrete Jitter          (DJ):    0.137ns
    Phase Error              (PE):    0.000ns

    Location             Delay type                Incr(ns)  Path(ns)    Netlist Resource(s)
  -------------------------------------------------------------------    -------------------
                         (clock clk_out2_pll rise edge)
                                                      0.000     0.000 r  
    AD12                                              0.000     0.000 r  i_sys_clk_p (IN)
                         net (fo=0)                   0.000     0.000    pll_inst/inst/clk_in1_p
    AD12                                                              r  pll_inst/inst/clkin1_ibufgds/I
    AD12                 IBUFDS (Prop_ibufds_I_O)     0.906     0.906 r  pll_inst/inst/clkin1_ibufgds/O
                         net (fo=1, routed)           1.098     2.004    pll_inst/inst/clk_in1_pll
    PLLE2_ADV_X1Y1                                                    r  pll_inst/inst/plle2_adv_inst/CLKIN1
    PLLE2_ADV_X1Y1       PLLE2_ADV (Prop_plle2_adv_CLKIN1_CLKOUT1)
                                                     -8.058    -6.054 r  pll_inst/inst/plle2_adv_inst/CLKOUT1
                         net (fo=1, routed)           2.128    -3.926    pll_inst/inst/clk_out2_pll
    BUFGCTRL_X0Y0                                                     r  pll_inst/inst/clkout2_buf/I
    BUFGCTRL_X0Y0        BUFG (Prop_bufg_I_O)         0.093    -3.833 r  pll_inst/inst/clkout2_buf/O
                         net (fo=5889, routed)        1.561    -2.272    student_top_inst/u_KLDJ_top/ifu0/clk_out2
    SLICE_X69Y88         FDRE                                         r  student_top_inst/u_KLDJ_top/ifu0/pc_reg_reg[7]_replica_2/C
  -------------------------------------------------------------------    -------------------
    SLICE_X69Y88         FDRE (Prop_fdre_C_Q)         0.223    -2.049 f  student_top_inst/u_KLDJ_top/ifu0/pc_reg_reg[7]_replica_2/Q
                         net (fo=185, routed)         1.453    -0.596    student_top_inst/Mem_IROM/U0/Q[7]_repN_2_alias
    SLICE_X47Y121                                                     f  student_top_inst/Mem_IROM/U0/g31_b16/I5
    SLICE_X47Y121        LUT6 (Prop_lut6_I5_O)        0.043    -0.553 r  student_top_inst/Mem_IROM/U0/g31_b16/O
                         net (fo=1, routed)           0.000    -0.553    student_top_inst/Mem_IROM/U0/g31_b16_n_0
    SLICE_X47Y121                                                     r  student_top_inst/Mem_IROM/U0/spo[17]_INST_0_i_12/I1
    SLICE_X47Y121        MUXF7 (Prop_muxf7_I1_O)      0.108    -0.445 r  student_top_inst/Mem_IROM/U0/spo[17]_INST_0_i_12/O
                         net (fo=1, routed)           0.466     0.021    student_top_inst/Mem_IROM/U0/spo[17]_INST_0_i_12_n_0
    SLICE_X47Y121                                                     r  student_top_inst/Mem_IROM/U0/spo[17]_INST_0_i_5/I0
    SLICE_X47Y121        LUT6 (Prop_lut6_I0_O)        0.124     0.145 r  student_top_inst/Mem_IROM/U0/spo[17]_INST_0_i_5/O
                         net (fo=1, routed)           0.000     0.145    student_top_inst/Mem_IROM/U0/spo[17]_INST_0_i_5_n_0
    SLICE_X47Y121                                                     r  student_top_inst/Mem_IROM/U0/spo[17]_INST_0_i_2/I1
    SLICE_X47Y121        MUXF7 (Prop_muxf7_I1_O)      0.122     0.267 r  student_top_inst/Mem_IROM/U0/spo[17]_INST_0_i_2/O
                         net (fo=1, routed)           0.486     0.753    student_top_inst/Mem_IROM/U0/spo[17]_INST_0_i_2_n_0
    SLICE_X49Y112                                                     r  student_top_inst/Mem_IROM/U0/spo[17]_INST_0/I3
    SLICE_X49Y112        LUT6 (Prop_lut6_I3_O)        0.122     0.875 r  student_top_inst/Mem_IROM/U0/spo[17]_INST_0/O
                         net (fo=2, routed)           0.913     1.788    student_top_inst/u_KLDJ_top/ifu0/spo[12]
    SLICE_X64Y91                                                      r  student_top_inst/u_KLDJ_top/ifu0/pc_reg[19]_i_8/I1
    SLICE_X64Y91         LUT2 (Prop_lut2_I1_O)        0.043     1.831 r  student_top_inst/u_KLDJ_top/ifu0/pc_reg[19]_i_8/O
                         net (fo=1, routed)           0.000     1.831    student_top_inst/u_KLDJ_top/ifu0/pc_reg[19]_i_8_n_0
    SLICE_X64Y91                                                      r  student_top_inst/u_KLDJ_top/ifu0/pc_reg_reg[19]_i_5/S[1]
    SLICE_X64Y91         CARRY4 (Prop_carry4_S[1]_CO[3])
                                                      0.267     2.098 r  student_top_inst/u_KLDJ_top/ifu0/pc_reg_reg[19]_i_5/CO[3]
                         net (fo=1, routed)           0.000     2.098    student_top_inst/u_KLDJ_top/ifu0/pc_reg_reg[19]_i_5_n_0
    SLICE_X64Y92                                                      r  student_top_inst/u_KLDJ_top/ifu0/pc_reg_reg[23]_i_5/CI
    SLICE_X64Y92         CARRY4 (Prop_carry4_CI_O[1])
                                                      0.166     2.264 r  student_top_inst/u_KLDJ_top/ifu0/pc_reg_reg[23]_i_5/O[1]
                         net (fo=1, routed)           0.254     2.518    student_top_inst/u_KLDJ_top/ifu0/if_static_jal_target[21]
    SLICE_X68Y92                                                      r  student_top_inst/u_KLDJ_top/ifu0/pc_reg[21]_i_4/I0
    SLICE_X68Y92         LUT5 (Prop_lut5_I0_O)        0.123     2.641 r  student_top_inst/u_KLDJ_top/ifu0/pc_reg[21]_i_4/O
                         net (fo=1, routed)           0.413     3.054    student_top_inst/u_KLDJ_top/u_pipe_id_ex/dnpc[21]
    SLICE_X72Y91                                                      r  student_top_inst/u_KLDJ_top/u_pipe_id_ex/pc_reg[21]_i_1/I5
    SLICE_X72Y91         LUT6 (Prop_lut6_I5_O)        0.043     3.097 r  student_top_inst/u_KLDJ_top/u_pipe_id_ex/pc_reg[21]_i_1/O
                         net (fo=1, routed)           0.000     3.097    student_top_inst/u_KLDJ_top/ifu0/pc_reg_reg[31]_1[21]
    SLICE_X72Y91         FDRE                                         r  student_top_inst/u_KLDJ_top/ifu0/pc_reg_reg[21]/D
  -------------------------------------------------------------------    -------------------

                         (clock clk_out2_pll rise edge)
                                                      5.714     5.714 r  
    AD12                                              0.000     5.714 r  i_sys_clk_p (IN)
                         net (fo=0)                   0.000     5.714    pll_inst/inst/clk_in1_p
    AD12                                                              r  pll_inst/inst/clkin1_ibufgds/I
    AD12                 IBUFDS (Prop_ibufds_I_O)     0.803     6.518 r  pll_inst/inst/clkin1_ibufgds/O
                         net (fo=1, routed)           1.001     7.519    pll_inst/inst/clk_in1_pll
    PLLE2_ADV_X1Y1                                                    r  pll_inst/inst/plle2_adv_inst/CLKIN1
    PLLE2_ADV_X1Y1       PLLE2_ADV (Prop_plle2_adv_CLKIN1_CLKOUT1)
                                                     -7.261     0.258 r  pll_inst/inst/plle2_adv_inst/CLKOUT1
                         net (fo=1, routed)           2.003     2.261    pll_inst/inst/clk_out2_pll
    BUFGCTRL_X0Y0                                                     r  pll_inst/inst/clkout2_buf/I
    BUFGCTRL_X0Y0        BUFG (Prop_bufg_I_O)         0.083     2.344 r  pll_inst/inst/clkout2_buf/O
                         net (fo=5889, routed)        1.427     3.771    student_top_inst/u_KLDJ_top/ifu0/clk_out2
    SLICE_X72Y91         FDRE                                         r  student_top_inst/u_KLDJ_top/ifu0/pc_reg_reg[21]/C
                         clock pessimism             -0.373     3.398    
                         clock uncertainty           -0.077     3.321    
    SLICE_X72Y91         FDRE (Setup_fdre_C_D)        0.033     3.354    student_top_inst/u_KLDJ_top/ifu0/pc_reg_reg[21]
  -------------------------------------------------------------------
                         required time                          3.354    
                         arrival time                          -3.097    
  -------------------------------------------------------------------
                         slack                                  0.257    

Slack (MET) :             0.257ns  (required time - arrival time)
  Source:                 student_top_inst/u_KLDJ_top/ifu0/pc_reg_reg[7]_replica_2/C
                            (rising edge-triggered cell FDRE clocked by clk_out2_pll  {rise@0.000ns fall@2.857ns period=5.714ns})
  Destination:            student_top_inst/u_KLDJ_top/ifu0/pc_reg_reg[21]/D
                            (rising edge-triggered cell FDRE clocked by clk_out2_pll  {rise@0.000ns fall@2.857ns period=5.714ns})
  Path Group:             clk_out2_pll
  Path Type:              Setup (Max at Slow Process Corner)
  Requirement:            5.714ns  (clk_out2_pll rise@5.714ns - clk_out2_pll rise@0.000ns)
  Data Path Delay:        5.369ns  (logic 1.384ns (25.777%)  route 3.985ns (74.223%))
  Logic Levels:           10  (CARRY4=2 LUT2=1 LUT5=1 LUT6=4 MUXF7=2)
  Clock Path Skew:        -0.044ns (DCD - SCD + CPR)
    Destination Clock Delay (DCD):    -1.944ns = ( 3.771 - 5.714 ) 
    Source Clock Delay      (SCD):    -2.272ns
    Clock Pessimism Removal (CPR):    -0.373ns
  Clock Uncertainty:      0.077ns  ((TSJ^2 + DJ^2)^1/2) / 2 + PE
    Total System Jitter     (TSJ):    0.071ns
    Discrete Jitter          (DJ):    0.137ns
    Phase Error              (PE):    0.000ns

    Location             Delay type                Incr(ns)  Path(ns)    Netlist Resource(s)
  -------------------------------------------------------------------    -------------------
                         (clock clk_out2_pll rise edge)
                                                      0.000     0.000 r  
    AD12                                              0.000     0.000 r  i_sys_clk_p (IN)
                         net (fo=0)                   0.000     0.000    pll_inst/inst/clk_in1_p
    AD12                                                              r  pll_inst/inst/clkin1_ibufgds/I
    AD12                 IBUFDS (Prop_ibufds_I_O)     0.906     0.906 r  pll_inst/inst/clkin1_ibufgds/O
                         net (fo=1, routed)           1.098     2.004    pll_inst/inst/clk_in1_pll
    PLLE2_ADV_X1Y1                                                    r  pll_inst/inst/plle2_adv_inst/CLKIN1
    PLLE2_ADV_X1Y1       PLLE2_ADV (Prop_plle2_adv_CLKIN1_CLKOUT1)
                                                     -8.058    -6.054 r  pll_inst/inst/plle2_adv_inst/CLKOUT1
                         net (fo=1, routed)           2.128    -3.926    pll_inst/inst/clk_out2_pll
    BUFGCTRL_X0Y0                                                     r  pll_inst/inst/clkout2_buf/I
    BUFGCTRL_X0Y0        BUFG (Prop_bufg_I_O)         0.093    -3.833 r  pll_inst/inst/clkout2_buf/O
                         net (fo=5889, routed)        1.561    -2.272    student_top_inst/u_KLDJ_top/ifu0/clk_out2
    SLICE_X69Y88         FDRE                                         r  student_top_inst/u_KLDJ_top/ifu0/pc_reg_reg[7]_replica_2/C
  -------------------------------------------------------------------    -------------------
    SLICE_X69Y88         FDRE (Prop_fdre_C_Q)         0.223    -2.049 r  student_top_inst/u_KLDJ_top/ifu0/pc_reg_reg[7]_replica_2/Q
                         net (fo=185, routed)         1.453    -0.596    student_top_inst/Mem_IROM/U0/Q[7]_repN_2_alias
    SLICE_X47Y121                                                     r  student_top_inst/Mem_IROM/U0/g31_b16/I5
    SLICE_X47Y121        LUT6 (Prop_lut6_I5_O)        0.043    -0.553 f  student_top_inst/Mem_IROM/U0/g31_b16/O
                         net (fo=1, routed)           0.000    -0.553    student_top_inst/Mem_IROM/U0/g31_b16_n_0
    SLICE_X47Y121                                                     f  student_top_inst/Mem_IROM/U0/spo[17]_INST_0_i_12/I1
    SLICE_X47Y121        MUXF7 (Prop_muxf7_I1_O)      0.108    -0.445 f  student_top_inst/Mem_IROM/U0/spo[17]_INST_0_i_12/O
                         net (fo=1, routed)           0.466     0.021    student_top_inst/Mem_IROM/U0/spo[17]_INST_0_i_12_n_0
    SLICE_X47Y121                                                     f  student_top_inst/Mem_IROM/U0/spo[17]_INST_0_i_5/I0
    SLICE_X47Y121        LUT6 (Prop_lut6_I0_O)        0.124     0.145 f  student_top_inst/Mem_IROM/U0/spo[17]_INST_0_i_5/O
                         net (fo=1, routed)           0.000     0.145    student_top_inst/Mem_IROM/U0/spo[17]_INST_0_i_5_n_0
    SLICE_X47Y121                                                     f  student_top_inst/Mem_IROM/U0/spo[17]_INST_0_i_2/I1
    SLICE_X47Y121        MUXF7 (Prop_muxf7_I1_O)      0.122     0.267 f  student_top_inst/Mem_IROM/U0/spo[17]_INST_0_i_2/O
                         net (fo=1, routed)           0.486     0.753    student_top_inst/Mem_IROM/U0/spo[17]_INST_0_i_2_n_0
    SLICE_X49Y112                                                     f  student_top_inst/Mem_IROM/U0/spo[17]_INST_0/I3
    SLICE_X49Y112        LUT6 (Prop_lut6_I3_O)        0.122     0.875 f  student_top_inst/Mem_IROM/U0/spo[17]_INST_0/O
                         net (fo=2, routed)           0.913     1.788    student_top_inst/u_KLDJ_top/ifu0/spo[12]
    SLICE_X64Y91                                                      f  student_top_inst/u_KLDJ_top/ifu0/pc_reg[19]_i_8/I1
    SLICE_X64Y91         LUT2 (Prop_lut2_I1_O)        0.043     1.831 r  student_top_inst/u_KLDJ_top/ifu0/pc_reg[19]_i_8/O
                         net (fo=1, routed)           0.000     1.831    student_top_inst/u_KLDJ_top/ifu0/pc_reg[19]_i_8_n_0
    SLICE_X64Y91                                                      r  student_top_inst/u_KLDJ_top/ifu0/pc_reg_reg[19]_i_5/S[1]
    SLICE_X64Y91         CARRY4 (Prop_carry4_S[1]_CO[3])
                                                      0.267     2.098 r  student_top_inst/u_KLDJ_top/ifu0/pc_reg_reg[19]_i_5/CO[3]
                         net (fo=1, routed)           0.000     2.098    student_top_inst/u_KLDJ_top/ifu0/pc_reg_reg[19]_i_5_n_0
    SLICE_X64Y92                                                      r  student_top_inst/u_KLDJ_top/ifu0/pc_reg_reg[23]_i_5/CI
    SLICE_X64Y92         CARRY4 (Prop_carry4_CI_O[1])
                                                      0.166     2.264 r  student_top_inst/u_KLDJ_top/ifu0/pc_reg_reg[23]_i_5/O[1]
                         net (fo=1, routed)           0.254     2.518    student_top_inst/u_KLDJ_top/ifu0/if_static_jal_target[21]
    SLICE_X68Y92                                                      r  student_top_inst/u_KLDJ_top/ifu0/pc_reg[21]_i_4/I0
    SLICE_X68Y92         LUT5 (Prop_lut5_I0_O)        0.123     2.641 r  student_top_inst/u_KLDJ_top/ifu0/pc_reg[21]_i_4/O
                         net (fo=1, routed)           0.413     3.054    student_top_inst/u_KLDJ_top/u_pipe_id_ex/dnpc[21]
    SLICE_X72Y91                                                      r  student_top_inst/u_KLDJ_top/u_pipe_id_ex/pc_reg[21]_i_1/I5
    SLICE_X72Y91         LUT6 (Prop_lut6_I5_O)        0.043     3.097 r  student_top_inst/u_KLDJ_top/u_pipe_id_ex/pc_reg[21]_i_1/O
                         net (fo=1, routed)           0.000     3.097    student_top_inst/u_KLDJ_top/ifu0/pc_reg_reg[31]_1[21]
    SLICE_X72Y91         FDRE                                         r  student_top_inst/u_KLDJ_top/ifu0/pc_reg_reg[21]/D
  -------------------------------------------------------------------    -------------------

                         (clock clk_out2_pll rise edge)
                                                      5.714     5.714 r  
    AD12                                              0.000     5.714 r  i_sys_clk_p (IN)
                         net (fo=0)                   0.000     5.714    pll_inst/inst/clk_in1_p
    AD12                                                              r  pll_inst/inst/clkin1_ibufgds/I
    AD12                 IBUFDS (Prop_ibufds_I_O)     0.803     6.518 r  pll_inst/inst/clkin1_ibufgds/O
                         net (fo=1, routed)           1.001     7.519    pll_inst/inst/clk_in1_pll
    PLLE2_ADV_X1Y1                                                    r  pll_inst/inst/plle2_adv_inst/CLKIN1
    PLLE2_ADV_X1Y1       PLLE2_ADV (Prop_plle2_adv_CLKIN1_CLKOUT1)
                                                     -7.261     0.258 r  pll_inst/inst/plle2_adv_inst/CLKOUT1
                         net (fo=1, routed)           2.003     2.261    pll_inst/inst/clk_out2_pll
    BUFGCTRL_X0Y0                                                     r  pll_inst/inst/clkout2_buf/I
    BUFGCTRL_X0Y0        BUFG (Prop_bufg_I_O)         0.083     2.344 r  pll_inst/inst/clkout2_buf/O
                         net (fo=5889, routed)        1.427     3.771    student_top_inst/u_KLDJ_top/ifu0/clk_out2
    SLICE_X72Y91         FDRE                                         r  student_top_inst/u_KLDJ_top/ifu0/pc_reg_reg[21]/C
                         clock pessimism             -0.373     3.398    
                         clock uncertainty           -0.077     3.321    
    SLICE_X72Y91         FDRE (Setup_fdre_C_D)        0.033     3.354    student_top_inst/u_KLDJ_top/ifu0/pc_reg_reg[21]
  -------------------------------------------------------------------
                         required time                          3.354    
                         arrival time                          -3.097    
  -------------------------------------------------------------------
                         slack                                  0.257    

Slack (MET) :             0.257ns  (required time - arrival time)
  Source:                 student_top_inst/u_KLDJ_top/ifu0/pc_reg_reg[7]_replica_2/C
                            (rising edge-triggered cell FDRE clocked by clk_out2_pll  {rise@0.000ns fall@2.857ns period=5.714ns})
  Destination:            student_top_inst/u_KLDJ_top/ifu0/pc_reg_reg[21]/D
                            (rising edge-triggered cell FDRE clocked by clk_out2_pll  {rise@0.000ns fall@2.857ns period=5.714ns})
  Path Group:             clk_out2_pll
  Path Type:              Setup (Max at Slow Process Corner)
  Requirement:            5.714ns  (clk_out2_pll rise@5.714ns - clk_out2_pll rise@0.000ns)
  Data Path Delay:        5.369ns  (logic 1.384ns (25.777%)  route 3.985ns (74.223%))
  Logic Levels:           10  (CARRY4=2 LUT2=1 LUT5=1 LUT6=4 MUXF7=2)
  Clock Path Skew:        -0.044ns (DCD - SCD + CPR)
    Destination Clock Delay (DCD):    -1.944ns = ( 3.771 - 5.714 ) 
    Source Clock Delay      (SCD):    -2.272ns
    Clock Pessimism Removal (CPR):    -0.373ns
  Clock Uncertainty:      0.077ns  ((TSJ^2 + DJ^2)^1/2) / 2 + PE
    Total System Jitter     (TSJ):    0.071ns
    Discrete Jitter          (DJ):    0.137ns
    Phase Error              (PE):    0.000ns

    Location             Delay type                Incr(ns)  Path(ns)    Netlist Resource(s)
  -------------------------------------------------------------------    -------------------
                         (clock clk_out2_pll rise edge)
                                                      0.000     0.000 r  
    AD12                                              0.000     0.000 r  i_sys_clk_p (IN)
                         net (fo=0)                   0.000     0.000    pll_inst/inst/clk_in1_p
    AD12                                                              r  pll_inst/inst/clkin1_ibufgds/I
    AD12                 IBUFDS (Prop_ibufds_I_O)     0.906     0.906 r  pll_inst/inst/clkin1_ibufgds/O
                         net (fo=1, routed)           1.098     2.004    pll_inst/inst/clk_in1_pll
    PLLE2_ADV_X1Y1                                                    r  pll_inst/inst/plle2_adv_inst/CLKIN1
    PLLE2_ADV_X1Y1       PLLE2_ADV (Prop_plle2_adv_CLKIN1_CLKOUT1)
                                                     -8.058    -6.054 r  pll_inst/inst/plle2_adv_inst/CLKOUT1
                         net (fo=1, routed)           2.128    -3.926    pll_inst/inst/clk_out2_pll
    BUFGCTRL_X0Y0                                                     r  pll_inst/inst/clkout2_buf/I
    BUFGCTRL_X0Y0        BUFG (Prop_bufg_I_O)         0.093    -3.833 r  pll_inst/inst/clkout2_buf/O
                         net (fo=5889, routed)        1.561    -2.272    student_top_inst/u_KLDJ_top/ifu0/clk_out2
    SLICE_X69Y88         FDRE                                         r  student_top_inst/u_KLDJ_top/ifu0/pc_reg_reg[7]_replica_2/C
  -------------------------------------------------------------------    -------------------
    SLICE_X69Y88         FDRE (Prop_fdre_C_Q)         0.223    -2.049 f  student_top_inst/u_KLDJ_top/ifu0/pc_reg_reg[7]_replica_2/Q
                         net (fo=185, routed)         1.453    -0.596    student_top_inst/Mem_IROM/U0/Q[7]_repN_2_alias
    SLICE_X47Y121                                                     f  student_top_inst/Mem_IROM/U0/g31_b16/I5
    SLICE_X47Y121        LUT6 (Prop_lut6_I5_O)        0.043    -0.553 f  student_top_inst/Mem_IROM/U0/g31_b16/O
                         net (fo=1, routed)           0.000    -0.553    student_top_inst/Mem_IROM/U0/g31_b16_n_0
    SLICE_X47Y121                                                     f  student_top_inst/Mem_IROM/U0/spo[17]_INST_0_i_12/I1
    SLICE_X47Y121        MUXF7 (Prop_muxf7_I1_O)      0.108    -0.445 f  student_top_inst/Mem_IROM/U0/spo[17]_INST_0_i_12/O
                         net (fo=1, routed)           0.466     0.021    student_top_inst/Mem_IROM/U0/spo[17]_INST_0_i_12_n_0
    SLICE_X47Y121                                                     f  student_top_inst/Mem_IROM/U0/spo[17]_INST_0_i_5/I0
    SLICE_X47Y121        LUT6 (Prop_lut6_I0_O)        0.124     0.145 f  student_top_inst/Mem_IROM/U0/spo[17]_INST_0_i_5/O
                         net (fo=1, routed)           0.000     0.145    student_top_inst/Mem_IROM/U0/spo[17]_INST_0_i_5_n_0
    SLICE_X47Y121                                                     f  student_top_inst/Mem_IROM/U0/spo[17]_INST_0_i_2/I1
    SLICE_X47Y121        MUXF7 (Prop_muxf7_I1_O)      0.122     0.267 f  student_top_inst/Mem_IROM/U0/spo[17]_INST_0_i_2/O
                         net (fo=1, routed)           0.486     0.753    student_top_inst/Mem_IROM/U0/spo[17]_INST_0_i_2_n_0
    SLICE_X49Y112                                                     f  student_top_inst/Mem_IROM/U0/spo[17]_INST_0/I3
    SLICE_X49Y112        LUT6 (Prop_lut6_I3_O)        0.122     0.875 f  student_top_inst/Mem_IROM/U0/spo[17]_INST_0/O
                         net (fo=2, routed)           0.913     1.788    student_top_inst/u_KLDJ_top/ifu0/spo[12]
    SLICE_X64Y91                                                      f  student_top_inst/u_KLDJ_top/ifu0/pc_reg[19]_i_8/I1
    SLICE_X64Y91         LUT2 (Prop_lut2_I1_O)        0.043     1.831 r  student_top_inst/u_KLDJ_top/ifu0/pc_reg[19]_i_8/O
                         net (fo=1, routed)           0.000     1.831    student_top_inst/u_KLDJ_top/ifu0/pc_reg[19]_i_8_n_0
    SLICE_X64Y91                                                      r  student_top_inst/u_KLDJ_top/ifu0/pc_reg_reg[19]_i_5/S[1]
    SLICE_X64Y91         CARRY4 (Prop_carry4_S[1]_CO[3])
                                                      0.267     2.098 r  student_top_inst/u_KLDJ_top/ifu0/pc_reg_reg[19]_i_5/CO[3]
                         net (fo=1, routed)           0.000     2.098    student_top_inst/u_KLDJ_top/ifu0/pc_reg_reg[19]_i_5_n_0
    SLICE_X64Y92                                                      r  student_top_inst/u_KLDJ_top/ifu0/pc_reg_reg[23]_i_5/CI
    SLICE_X64Y92         CARRY4 (Prop_carry4_CI_O[1])
                                                      0.166     2.264 r  student_top_inst/u_KLDJ_top/ifu0/pc_reg_reg[23]_i_5/O[1]
                         net (fo=1, routed)           0.254     2.518    student_top_inst/u_KLDJ_top/ifu0/if_static_jal_target[21]
    SLICE_X68Y92                                                      r  student_top_inst/u_KLDJ_top/ifu0/pc_reg[21]_i_4/I0
    SLICE_X68Y92         LUT5 (Prop_lut5_I0_O)        0.123     2.641 r  student_top_inst/u_KLDJ_top/ifu0/pc_reg[21]_i_4/O
                         net (fo=1, routed)           0.413     3.054    student_top_inst/u_KLDJ_top/u_pipe_id_ex/dnpc[21]
    SLICE_X72Y91                                                      r  student_top_inst/u_KLDJ_top/u_pipe_id_ex/pc_reg[21]_i_1/I5
    SLICE_X72Y91         LUT6 (Prop_lut6_I5_O)        0.043     3.097 r  student_top_inst/u_KLDJ_top/u_pipe_id_ex/pc_reg[21]_i_1/O
                         net (fo=1, routed)           0.000     3.097    student_top_inst/u_KLDJ_top/ifu0/pc_reg_reg[31]_1[21]
    SLICE_X72Y91         FDRE                                         r  student_top_inst/u_KLDJ_top/ifu0/pc_reg_reg[21]/D
  -------------------------------------------------------------------    -------------------

                         (clock clk_out2_pll rise edge)
                                                      5.714     5.714 r  
    AD12                                              0.000     5.714 r  i_sys_clk_p (IN)
                         net (fo=0)                   0.000     5.714    pll_inst/inst/clk_in1_p
    AD12                                                              r  pll_inst/inst/clkin1_ibufgds/I
    AD12                 IBUFDS (Prop_ibufds_I_O)     0.803     6.518 r  pll_inst/inst/clkin1_ibufgds/O
                         net (fo=1, routed)           1.001     7.519    pll_inst/inst/clk_in1_pll
    PLLE2_ADV_X1Y1                                                    r  pll_inst/inst/plle2_adv_inst/CLKIN1
    PLLE2_ADV_X1Y1       PLLE2_ADV (Prop_plle2_adv_CLKIN1_CLKOUT1)
                                                     -7.261     0.258 r  pll_inst/inst/plle2_adv_inst/CLKOUT1
                         net (fo=1, routed)           2.003     2.261    pll_inst/inst/clk_out2_pll
    BUFGCTRL_X0Y0                                                     r  pll_inst/inst/clkout2_buf/I
    BUFGCTRL_X0Y0        BUFG (Prop_bufg_I_O)         0.083     2.344 r  pll_inst/inst/clkout2_buf/O
                         net (fo=5889, routed)        1.427     3.771    student_top_inst/u_KLDJ_top/ifu0/clk_out2
    SLICE_X72Y91         FDRE                                         r  student_top_inst/u_KLDJ_top/ifu0/pc_reg_reg[21]/C
                         clock pessimism             -0.373     3.398    
                         clock uncertainty           -0.077     3.321    
    SLICE_X72Y91         FDRE (Setup_fdre_C_D)        0.033     3.354    student_top_inst/u_KLDJ_top/ifu0/pc_reg_reg[21]
  -------------------------------------------------------------------
                         required time                          3.354    
                         arrival time                          -3.097    
  -------------------------------------------------------------------
                         slack                                  0.257    

Slack (MET) :             0.257ns  (required time - arrival time)
  Source:                 student_top_inst/u_KLDJ_top/ifu0/pc_reg_reg[7]_replica_2/C
                            (rising edge-triggered cell FDRE clocked by clk_out2_pll  {rise@0.000ns fall@2.857ns period=5.714ns})
  Destination:            student_top_inst/u_KLDJ_top/ifu0/pc_reg_reg[21]/D
                            (rising edge-triggered cell FDRE clocked by clk_out2_pll  {rise@0.000ns fall@2.857ns period=5.714ns})
  Path Group:             clk_out2_pll
  Path Type:              Setup (Max at Slow Process Corner)
  Requirement:            5.714ns  (clk_out2_pll rise@5.714ns - clk_out2_pll rise@0.000ns)
  Data Path Delay:        5.369ns  (logic 1.384ns (25.777%)  route 3.985ns (74.223%))
  Logic Levels:           10  (CARRY4=2 LUT2=1 LUT5=1 LUT6=4 MUXF7=2)
  Clock Path Skew:        -0.044ns (DCD - SCD + CPR)
    Destination Clock Delay (DCD):    -1.944ns = ( 3.771 - 5.714 ) 
    Source Clock Delay      (SCD):    -2.272ns
    Clock Pessimism Removal (CPR):    -0.373ns
  Clock Uncertainty:      0.077ns  ((TSJ^2 + DJ^2)^1/2) / 2 + PE
    Total System Jitter     (TSJ):    0.071ns
    Discrete Jitter          (DJ):    0.137ns
    Phase Error              (PE):    0.000ns

    Location             Delay type                Incr(ns)  Path(ns)    Netlist Resource(s)
  -------------------------------------------------------------------    -------------------
                         (clock clk_out2_pll rise edge)
                                                      0.000     0.000 r  
    AD12                                              0.000     0.000 r  i_sys_clk_p (IN)
                         net (fo=0)                   0.000     0.000    pll_inst/inst/clk_in1_p
    AD12                                                              r  pll_inst/inst/clkin1_ibufgds/I
    AD12                 IBUFDS (Prop_ibufds_I_O)     0.906     0.906 r  pll_inst/inst/clkin1_ibufgds/O
                         net (fo=1, routed)           1.098     2.004    pll_inst/inst/clk_in1_pll
    PLLE2_ADV_X1Y1                                                    r  pll_inst/inst/plle2_adv_inst/CLKIN1
    PLLE2_ADV_X1Y1       PLLE2_ADV (Prop_plle2_adv_CLKIN1_CLKOUT1)
                                                     -8.058    -6.054 r  pll_inst/inst/plle2_adv_inst/CLKOUT1
                         net (fo=1, routed)           2.128    -3.926    pll_inst/inst/clk_out2_pll
    BUFGCTRL_X0Y0                                                     r  pll_inst/inst/clkout2_buf/I
    BUFGCTRL_X0Y0        BUFG (Prop_bufg_I_O)         0.093    -3.833 r  pll_inst/inst/clkout2_buf/O
                         net (fo=5889, routed)        1.561    -2.272    student_top_inst/u_KLDJ_top/ifu0/clk_out2
    SLICE_X69Y88         FDRE                                         r  student_top_inst/u_KLDJ_top/ifu0/pc_reg_reg[7]_replica_2/C
  -------------------------------------------------------------------    -------------------
    SLICE_X69Y88         FDRE (Prop_fdre_C_Q)         0.223    -2.049 r  student_top_inst/u_KLDJ_top/ifu0/pc_reg_reg[7]_replica_2/Q
                         net (fo=185, routed)         1.453    -0.596    student_top_inst/Mem_IROM/U0/Q[7]_repN_2_alias
    SLICE_X47Y121                                                     r  student_top_inst/Mem_IROM/U0/g31_b16/I5
    SLICE_X47Y121        LUT6 (Prop_lut6_I5_O)        0.043    -0.553 r  student_top_inst/Mem_IROM/U0/g31_b16/O
                         net (fo=1, routed)           0.000    -0.553    student_top_inst/Mem_IROM/U0/g31_b16_n_0
    SLICE_X47Y121                                                     r  student_top_inst/Mem_IROM/U0/spo[17]_INST_0_i_12/I1
    SLICE_X47Y121        MUXF7 (Prop_muxf7_I1_O)      0.108    -0.445 r  student_top_inst/Mem_IROM/U0/spo[17]_INST_0_i_12/O
                         net (fo=1, routed)           0.466     0.021    student_top_inst/Mem_IROM/U0/spo[17]_INST_0_i_12_n_0
    SLICE_X47Y121                                                     r  student_top_inst/Mem_IROM/U0/spo[17]_INST_0_i_5/I0
    SLICE_X47Y121        LUT6 (Prop_lut6_I0_O)        0.124     0.145 r  student_top_inst/Mem_IROM/U0/spo[17]_INST_0_i_5/O
                         net (fo=1, routed)           0.000     0.145    student_top_inst/Mem_IROM/U0/spo[17]_INST_0_i_5_n_0
    SLICE_X47Y121                                                     r  student_top_inst/Mem_IROM/U0/spo[17]_INST_0_i_2/I1
    SLICE_X47Y121        MUXF7 (Prop_muxf7_I1_O)      0.122     0.267 r  student_top_inst/Mem_IROM/U0/spo[17]_INST_0_i_2/O
                         net (fo=1, routed)           0.486     0.753    student_top_inst/Mem_IROM/U0/spo[17]_INST_0_i_2_n_0
    SLICE_X49Y112                                                     r  student_top_inst/Mem_IROM/U0/spo[17]_INST_0/I3
    SLICE_X49Y112        LUT6 (Prop_lut6_I3_O)        0.122     0.875 r  student_top_inst/Mem_IROM/U0/spo[17]_INST_0/O
                         net (fo=2, routed)           0.913     1.788    student_top_inst/u_KLDJ_top/ifu0/spo[12]
    SLICE_X64Y91                                                      r  student_top_inst/u_KLDJ_top/ifu0/pc_reg[19]_i_8/I1
    SLICE_X64Y91         LUT2 (Prop_lut2_I1_O)        0.043     1.831 f  student_top_inst/u_KLDJ_top/ifu0/pc_reg[19]_i_8/O
                         net (fo=1, routed)           0.000     1.831    student_top_inst/u_KLDJ_top/ifu0/pc_reg[19]_i_8_n_0
    SLICE_X64Y91                                                      f  student_top_inst/u_KLDJ_top/ifu0/pc_reg_reg[19]_i_5/S[1]
    SLICE_X64Y91         CARRY4 (Prop_carry4_S[1]_CO[3])
                                                      0.267     2.098 r  student_top_inst/u_KLDJ_top/ifu0/pc_reg_reg[19]_i_5/CO[3]
                         net (fo=1, routed)           0.000     2.098    student_top_inst/u_KLDJ_top/ifu0/pc_reg_reg[19]_i_5_n_0
    SLICE_X64Y92                                                      r  student_top_inst/u_KLDJ_top/ifu0/pc_reg_reg[23]_i_5/CI
    SLICE_X64Y92         CARRY4 (Prop_carry4_CI_O[1])
                                                      0.166     2.264 r  student_top_inst/u_KLDJ_top/ifu0/pc_reg_reg[23]_i_5/O[1]
                         net (fo=1, routed)           0.254     2.518    student_top_inst/u_KLDJ_top/ifu0/if_static_jal_target[21]
    SLICE_X68Y92                                                      r  student_top_inst/u_KLDJ_top/ifu0/pc_reg[21]_i_4/I0
    SLICE_X68Y92         LUT5 (Prop_lut5_I0_O)        0.123     2.641 r  student_top_inst/u_KLDJ_top/ifu0/pc_reg[21]_i_4/O
                         net (fo=1, routed)           0.413     3.054    student_top_inst/u_KLDJ_top/u_pipe_id_ex/dnpc[21]
    SLICE_X72Y91                                                      r  student_top_inst/u_KLDJ_top/u_pipe_id_ex/pc_reg[21]_i_1/I5
    SLICE_X72Y91         LUT6 (Prop_lut6_I5_O)        0.043     3.097 r  student_top_inst/u_KLDJ_top/u_pipe_id_ex/pc_reg[21]_i_1/O
                         net (fo=1, routed)           0.000     3.097    student_top_inst/u_KLDJ_top/ifu0/pc_reg_reg[31]_1[21]
    SLICE_X72Y91         FDRE                                         r  student_top_inst/u_KLDJ_top/ifu0/pc_reg_reg[21]/D
  -------------------------------------------------------------------    -------------------

                         (clock clk_out2_pll rise edge)
                                                      5.714     5.714 r  
    AD12                                              0.000     5.714 r  i_sys_clk_p (IN)
                         net (fo=0)                   0.000     5.714    pll_inst/inst/clk_in1_p
    AD12                                                              r  pll_inst/inst/clkin1_ibufgds/I
    AD12                 IBUFDS (Prop_ibufds_I_O)     0.803     6.518 r  pll_inst/inst/clkin1_ibufgds/O
                         net (fo=1, routed)           1.001     7.519    pll_inst/inst/clk_in1_pll
    PLLE2_ADV_X1Y1                                                    r  pll_inst/inst/plle2_adv_inst/CLKIN1
    PLLE2_ADV_X1Y1       PLLE2_ADV (Prop_plle2_adv_CLKIN1_CLKOUT1)
                                                     -7.261     0.258 r  pll_inst/inst/plle2_adv_inst/CLKOUT1
                         net (fo=1, routed)           2.003     2.261    pll_inst/inst/clk_out2_pll
    BUFGCTRL_X0Y0                                                     r  pll_inst/inst/clkout2_buf/I
    BUFGCTRL_X0Y0        BUFG (Prop_bufg_I_O)         0.083     2.344 r  pll_inst/inst/clkout2_buf/O
                         net (fo=5889, routed)        1.427     3.771    student_top_inst/u_KLDJ_top/ifu0/clk_out2
    SLICE_X72Y91         FDRE                                         r  student_top_inst/u_KLDJ_top/ifu0/pc_reg_reg[21]/C
                         clock pessimism             -0.373     3.398    
                         clock uncertainty           -0.077     3.321    
    SLICE_X72Y91         FDRE (Setup_fdre_C_D)        0.033     3.354    student_top_inst/u_KLDJ_top/ifu0/pc_reg_reg[21]
  -------------------------------------------------------------------
                         required time                          3.354    
                         arrival time                          -3.097    
  -------------------------------------------------------------------
                         slack                                  0.257    

Slack (MET) :             0.257ns  (required time - arrival time)
  Source:                 student_top_inst/u_KLDJ_top/ifu0/pc_reg_reg[7]_replica_2/C
                            (rising edge-triggered cell FDRE clocked by clk_out2_pll  {rise@0.000ns fall@2.857ns period=5.714ns})
  Destination:            student_top_inst/u_KLDJ_top/ifu0/pc_reg_reg[21]/D
                            (rising edge-triggered cell FDRE clocked by clk_out2_pll  {rise@0.000ns fall@2.857ns period=5.714ns})
  Path Group:             clk_out2_pll
  Path Type:              Setup (Max at Slow Process Corner)
  Requirement:            5.714ns  (clk_out2_pll rise@5.714ns - clk_out2_pll rise@0.000ns)
  Data Path Delay:        5.369ns  (logic 1.384ns (25.777%)  route 3.985ns (74.223%))
  Logic Levels:           10  (CARRY4=2 LUT2=1 LUT5=1 LUT6=4 MUXF7=2)
  Clock Path Skew:        -0.044ns (DCD - SCD + CPR)
    Destination Clock Delay (DCD):    -1.944ns = ( 3.771 - 5.714 ) 
    Source Clock Delay      (SCD):    -2.272ns
    Clock Pessimism Removal (CPR):    -0.373ns
  Clock Uncertainty:      0.077ns  ((TSJ^2 + DJ^2)^1/2) / 2 + PE
    Total System Jitter     (TSJ):    0.071ns
    Discrete Jitter          (DJ):    0.137ns
    Phase Error              (PE):    0.000ns

    Location             Delay type                Incr(ns)  Path(ns)    Netlist Resource(s)
  -------------------------------------------------------------------    -------------------
                         (clock clk_out2_pll rise edge)
                                                      0.000     0.000 r  
    AD12                                              0.000     0.000 r  i_sys_clk_p (IN)
                         net (fo=0)                   0.000     0.000    pll_inst/inst/clk_in1_p
    AD12                                                              r  pll_inst/inst/clkin1_ibufgds/I
    AD12                 IBUFDS (Prop_ibufds_I_O)     0.906     0.906 r  pll_inst/inst/clkin1_ibufgds/O
                         net (fo=1, routed)           1.098     2.004    pll_inst/inst/clk_in1_pll
    PLLE2_ADV_X1Y1                                                    r  pll_inst/inst/plle2_adv_inst/CLKIN1
    PLLE2_ADV_X1Y1       PLLE2_ADV (Prop_plle2_adv_CLKIN1_CLKOUT1)
                                                     -8.058    -6.054 r  pll_inst/inst/plle2_adv_inst/CLKOUT1
                         net (fo=1, routed)           2.128    -3.926    pll_inst/inst/clk_out2_pll
    BUFGCTRL_X0Y0                                                     r  pll_inst/inst/clkout2_buf/I
    BUFGCTRL_X0Y0        BUFG (Prop_bufg_I_O)         0.093    -3.833 r  pll_inst/inst/clkout2_buf/O
                         net (fo=5889, routed)        1.561    -2.272    student_top_inst/u_KLDJ_top/ifu0/clk_out2
    SLICE_X69Y88         FDRE                                         r  student_top_inst/u_KLDJ_top/ifu0/pc_reg_reg[7]_replica_2/C
  -------------------------------------------------------------------    -------------------
    SLICE_X69Y88         FDRE (Prop_fdre_C_Q)         0.223    -2.049 f  student_top_inst/u_KLDJ_top/ifu0/pc_reg_reg[7]_replica_2/Q
                         net (fo=185, routed)         1.453    -0.596    student_top_inst/Mem_IROM/U0/Q[7]_repN_2_alias
    SLICE_X47Y121                                                     f  student_top_inst/Mem_IROM/U0/g31_b16/I5
    SLICE_X47Y121        LUT6 (Prop_lut6_I5_O)        0.043    -0.553 r  student_top_inst/Mem_IROM/U0/g31_b16/O
                         net (fo=1, routed)           0.000    -0.553    student_top_inst/Mem_IROM/U0/g31_b16_n_0
    SLICE_X47Y121                                                     r  student_top_inst/Mem_IROM/U0/spo[17]_INST_0_i_12/I1
    SLICE_X47Y121        MUXF7 (Prop_muxf7_I1_O)      0.108    -0.445 r  student_top_inst/Mem_IROM/U0/spo[17]_INST_0_i_12/O
                         net (fo=1, routed)           0.466     0.021    student_top_inst/Mem_IROM/U0/spo[17]_INST_0_i_12_n_0
    SLICE_X47Y121                                                     r  student_top_inst/Mem_IROM/U0/spo[17]_INST_0_i_5/I0
    SLICE_X47Y121        LUT6 (Prop_lut6_I0_O)        0.124     0.145 r  student_top_inst/Mem_IROM/U0/spo[17]_INST_0_i_5/O
                         net (fo=1, routed)           0.000     0.145    student_top_inst/Mem_IROM/U0/spo[17]_INST_0_i_5_n_0
    SLICE_X47Y121                                                     r  student_top_inst/Mem_IROM/U0/spo[17]_INST_0_i_2/I1
    SLICE_X47Y121        MUXF7 (Prop_muxf7_I1_O)      0.122     0.267 r  student_top_inst/Mem_IROM/U0/spo[17]_INST_0_i_2/O
                         net (fo=1, routed)           0.486     0.753    student_top_inst/Mem_IROM/U0/spo[17]_INST_0_i_2_n_0
    SLICE_X49Y112                                                     r  student_top_inst/Mem_IROM/U0/spo[17]_INST_0/I3
    SLICE_X49Y112        LUT6 (Prop_lut6_I3_O)        0.122     0.875 r  student_top_inst/Mem_IROM/U0/spo[17]_INST_0/O
                         net (fo=2, routed)           0.913     1.788    student_top_inst/u_KLDJ_top/ifu0/spo[12]
    SLICE_X64Y91                                                      r  student_top_inst/u_KLDJ_top/ifu0/pc_reg[19]_i_8/I1
    SLICE_X64Y91         LUT2 (Prop_lut2_I1_O)        0.043     1.831 f  student_top_inst/u_KLDJ_top/ifu0/pc_reg[19]_i_8/O
                         net (fo=1, routed)           0.000     1.831    student_top_inst/u_KLDJ_top/ifu0/pc_reg[19]_i_8_n_0
    SLICE_X64Y91                                                      f  student_top_inst/u_KLDJ_top/ifu0/pc_reg_reg[19]_i_5/S[1]
    SLICE_X64Y91         CARRY4 (Prop_carry4_S[1]_CO[3])
                                                      0.267     2.098 r  student_top_inst/u_KLDJ_top/ifu0/pc_reg_reg[19]_i_5/CO[3]
                         net (fo=1, routed)           0.000     2.098    student_top_inst/u_KLDJ_top/ifu0/pc_reg_reg[19]_i_5_n_0
    SLICE_X64Y92                                                      r  student_top_inst/u_KLDJ_top/ifu0/pc_reg_reg[23]_i_5/CI
    SLICE_X64Y92         CARRY4 (Prop_carry4_CI_O[1])
                                                      0.166     2.264 r  student_top_inst/u_KLDJ_top/ifu0/pc_reg_reg[23]_i_5/O[1]
                         net (fo=1, routed)           0.254     2.518    student_top_inst/u_KLDJ_top/ifu0/if_static_jal_target[21]
    SLICE_X68Y92                                                      r  student_top_inst/u_KLDJ_top/ifu0/pc_reg[21]_i_4/I0
    SLICE_X68Y92         LUT5 (Prop_lut5_I0_O)        0.123     2.641 r  student_top_inst/u_KLDJ_top/ifu0/pc_reg[21]_i_4/O
                         net (fo=1, routed)           0.413     3.054    student_top_inst/u_KLDJ_top/u_pipe_id_ex/dnpc[21]
    SLICE_X72Y91                                                      r  student_top_inst/u_KLDJ_top/u_pipe_id_ex/pc_reg[21]_i_1/I5
    SLICE_X72Y91         LUT6 (Prop_lut6_I5_O)        0.043     3.097 r  student_top_inst/u_KLDJ_top/u_pipe_id_ex/pc_reg[21]_i_1/O
                         net (fo=1, routed)           0.000     3.097    student_top_inst/u_KLDJ_top/ifu0/pc_reg_reg[31]_1[21]
    SLICE_X72Y91         FDRE                                         r  student_top_inst/u_KLDJ_top/ifu0/pc_reg_reg[21]/D
  -------------------------------------------------------------------    -------------------

                         (clock clk_out2_pll rise edge)
                                                      5.714     5.714 r  
    AD12                                              0.000     5.714 r  i_sys_clk_p (IN)
                         net (fo=0)                   0.000     5.714    pll_inst/inst/clk_in1_p
    AD12                                                              r  pll_inst/inst/clkin1_ibufgds/I
    AD12                 IBUFDS (Prop_ibufds_I_O)     0.803     6.518 r  pll_inst/inst/clkin1_ibufgds/O
                         net (fo=1, routed)           1.001     7.519    pll_inst/inst/clk_in1_pll
    PLLE2_ADV_X1Y1                                                    r  pll_inst/inst/plle2_adv_inst/CLKIN1
    PLLE2_ADV_X1Y1       PLLE2_ADV (Prop_plle2_adv_CLKIN1_CLKOUT1)
                                                     -7.261     0.258 r  pll_inst/inst/plle2_adv_inst/CLKOUT1
                         net (fo=1, routed)           2.003     2.261    pll_inst/inst/clk_out2_pll
    BUFGCTRL_X0Y0                                                     r  pll_inst/inst/clkout2_buf/I
    BUFGCTRL_X0Y0        BUFG (Prop_bufg_I_O)         0.083     2.344 r  pll_inst/inst/clkout2_buf/O
                         net (fo=5889, routed)        1.427     3.771    student_top_inst/u_KLDJ_top/ifu0/clk_out2
    SLICE_X72Y91         FDRE                                         r  student_top_inst/u_KLDJ_top/ifu0/pc_reg_reg[21]/C
                         clock pessimism             -0.373     3.398    
                         clock uncertainty           -0.077     3.321    
    SLICE_X72Y91         FDRE (Setup_fdre_C_D)        0.033     3.354    student_top_inst/u_KLDJ_top/ifu0/pc_reg_reg[21]
  -------------------------------------------------------------------
                         required time                          3.354    
                         arrival time                          -3.097    
  -------------------------------------------------------------------
                         slack                                  0.257    

Slack (MET) :             0.257ns  (required time - arrival time)
  Source:                 student_top_inst/u_KLDJ_top/ifu0/pc_reg_reg[7]_replica_2/C
                            (rising edge-triggered cell FDRE clocked by clk_out2_pll  {rise@0.000ns fall@2.857ns period=5.714ns})
  Destination:            student_top_inst/u_KLDJ_top/ifu0/pc_reg_reg[21]/D
                            (rising edge-triggered cell FDRE clocked by clk_out2_pll  {rise@0.000ns fall@2.857ns period=5.714ns})
  Path Group:             clk_out2_pll
  Path Type:              Setup (Max at Slow Process Corner)
  Requirement:            5.714ns  (clk_out2_pll rise@5.714ns - clk_out2_pll rise@0.000ns)
  Data Path Delay:        5.369ns  (logic 1.384ns (25.777%)  route 3.985ns (74.223%))
  Logic Levels:           10  (CARRY4=2 LUT2=1 LUT5=1 LUT6=4 MUXF7=2)
  Clock Path Skew:        -0.044ns (DCD - SCD + CPR)
    Destination Clock Delay (DCD):    -1.944ns = ( 3.771 - 5.714 ) 
    Source Clock Delay      (SCD):    -2.272ns
    Clock Pessimism Removal (CPR):    -0.373ns
  Clock Uncertainty:      0.077ns  ((TSJ^2 + DJ^2)^1/2) / 2 + PE
    Total System Jitter     (TSJ):    0.071ns
    Discrete Jitter          (DJ):    0.137ns
    Phase Error              (PE):    0.000ns

    Location             Delay type                Incr(ns)  Path(ns)    Netlist Resource(s)
  -------------------------------------------------------------------    -------------------
                         (clock clk_out2_pll rise edge)
                                                      0.000     0.000 r  
    AD12                                              0.000     0.000 r  i_sys_clk_p (IN)
                         net (fo=0)                   0.000     0.000    pll_inst/inst/clk_in1_p
    AD12                                                              r  pll_inst/inst/clkin1_ibufgds/I
    AD12                 IBUFDS (Prop_ibufds_I_O)     0.906     0.906 r  pll_inst/inst/clkin1_ibufgds/O
                         net (fo=1, routed)           1.098     2.004    pll_inst/inst/clk_in1_pll
    PLLE2_ADV_X1Y1                                                    r  pll_inst/inst/plle2_adv_inst/CLKIN1
    PLLE2_ADV_X1Y1       PLLE2_ADV (Prop_plle2_adv_CLKIN1_CLKOUT1)
                                                     -8.058    -6.054 r  pll_inst/inst/plle2_adv_inst/CLKOUT1
                         net (fo=1, routed)           2.128    -3.926    pll_inst/inst/clk_out2_pll
    BUFGCTRL_X0Y0                                                     r  pll_inst/inst/clkout2_buf/I
    BUFGCTRL_X0Y0        BUFG (Prop_bufg_I_O)         0.093    -3.833 r  pll_inst/inst/clkout2_buf/O
                         net (fo=5889, routed)        1.561    -2.272    student_top_inst/u_KLDJ_top/ifu0/clk_out2
    SLICE_X69Y88         FDRE                                         r  student_top_inst/u_KLDJ_top/ifu0/pc_reg_reg[7]_replica_2/C
  -------------------------------------------------------------------    -------------------
    SLICE_X69Y88         FDRE (Prop_fdre_C_Q)         0.223    -2.049 r  student_top_inst/u_KLDJ_top/ifu0/pc_reg_reg[7]_replica_2/Q
                         net (fo=185, routed)         1.453    -0.596    student_top_inst/Mem_IROM/U0/Q[7]_repN_2_alias
    SLICE_X47Y121                                                     r  student_top_inst/Mem_IROM/U0/g31_b16/I5
    SLICE_X47Y121        LUT6 (Prop_lut6_I5_O)        0.043    -0.553 f  student_top_inst/Mem_IROM/U0/g31_b16/O
                         net (fo=1, routed)           0.000    -0.553    student_top_inst/Mem_IROM/U0/g31_b16_n_0
    SLICE_X47Y121                                                     f  student_top_inst/Mem_IROM/U0/spo[17]_INST_0_i_12/I1
    SLICE_X47Y121        MUXF7 (Prop_muxf7_I1_O)      0.108    -0.445 f  student_top_inst/Mem_IROM/U0/spo[17]_INST_0_i_12/O
                         net (fo=1, routed)           0.466     0.021    student_top_inst/Mem_IROM/U0/spo[17]_INST_0_i_12_n_0
    SLICE_X47Y121                                                     f  student_top_inst/Mem_IROM/U0/spo[17]_INST_0_i_5/I0
    SLICE_X47Y121        LUT6 (Prop_lut6_I0_O)        0.124     0.145 f  student_top_inst/Mem_IROM/U0/spo[17]_INST_0_i_5/O
                         net (fo=1, routed)           0.000     0.145    student_top_inst/Mem_IROM/U0/spo[17]_INST_0_i_5_n_0
    SLICE_X47Y121                                                     f  student_top_inst/Mem_IROM/U0/spo[17]_INST_0_i_2/I1
    SLICE_X47Y121        MUXF7 (Prop_muxf7_I1_O)      0.122     0.267 f  student_top_inst/Mem_IROM/U0/spo[17]_INST_0_i_2/O
                         net (fo=1, routed)           0.486     0.753    student_top_inst/Mem_IROM/U0/spo[17]_INST_0_i_2_n_0
    SLICE_X49Y112                                                     f  student_top_inst/Mem_IROM/U0/spo[17]_INST_0/I3
    SLICE_X49Y112        LUT6 (Prop_lut6_I3_O)        0.122     0.875 f  student_top_inst/Mem_IROM/U0/spo[17]_INST_0/O
                         net (fo=2, routed)           0.913     1.788    student_top_inst/u_KLDJ_top/ifu0/spo[12]
    SLICE_X64Y91                                                      f  student_top_inst/u_KLDJ_top/ifu0/pc_reg[19]_i_8/I1
    SLICE_X64Y91         LUT2 (Prop_lut2_I1_O)        0.043     1.831 f  student_top_inst/u_KLDJ_top/ifu0/pc_reg[19]_i_8/O
                         net (fo=1, routed)           0.000     1.831    student_top_inst/u_KLDJ_top/ifu0/pc_reg[19]_i_8_n_0
    SLICE_X64Y91                                                      f  student_top_inst/u_KLDJ_top/ifu0/pc_reg_reg[19]_i_5/S[1]
    SLICE_X64Y91         CARRY4 (Prop_carry4_S[1]_CO[3])
                                                      0.267     2.098 r  student_top_inst/u_KLDJ_top/ifu0/pc_reg_reg[19]_i_5/CO[3]
                         net (fo=1, routed)           0.000     2.098    student_top_inst/u_KLDJ_top/ifu0/pc_reg_reg[19]_i_5_n_0
    SLICE_X64Y92                                                      r  student_top_inst/u_KLDJ_top/ifu0/pc_reg_reg[23]_i_5/CI
    SLICE_X64Y92         CARRY4 (Prop_carry4_CI_O[1])
                                                      0.166     2.264 r  student_top_inst/u_KLDJ_top/ifu0/pc_reg_reg[23]_i_5/O[1]
                         net (fo=1, routed)           0.254     2.518    student_top_inst/u_KLDJ_top/ifu0/if_static_jal_target[21]
    SLICE_X68Y92                                                      r  student_top_inst/u_KLDJ_top/ifu0/pc_reg[21]_i_4/I0
    SLICE_X68Y92         LUT5 (Prop_lut5_I0_O)        0.123     2.641 r  student_top_inst/u_KLDJ_top/ifu0/pc_reg[21]_i_4/O
                         net (fo=1, routed)           0.413     3.054    student_top_inst/u_KLDJ_top/u_pipe_id_ex/dnpc[21]
    SLICE_X72Y91                                                      r  student_top_inst/u_KLDJ_top/u_pipe_id_ex/pc_reg[21]_i_1/I5
    SLICE_X72Y91         LUT6 (Prop_lut6_I5_O)        0.043     3.097 r  student_top_inst/u_KLDJ_top/u_pipe_id_ex/pc_reg[21]_i_1/O
                         net (fo=1, routed)           0.000     3.097    student_top_inst/u_KLDJ_top/ifu0/pc_reg_reg[31]_1[21]
    SLICE_X72Y91         FDRE                                         r  student_top_inst/u_KLDJ_top/ifu0/pc_reg_reg[21]/D
  -------------------------------------------------------------------    -------------------

                         (clock clk_out2_pll rise edge)
                                                      5.714     5.714 r  
    AD12                                              0.000     5.714 r  i_sys_clk_p (IN)
                         net (fo=0)                   0.000     5.714    pll_inst/inst/clk_in1_p
    AD12                                                              r  pll_inst/inst/clkin1_ibufgds/I
    AD12                 IBUFDS (Prop_ibufds_I_O)     0.803     6.518 r  pll_inst/inst/clkin1_ibufgds/O
                         net (fo=1, routed)           1.001     7.519    pll_inst/inst/clk_in1_pll
    PLLE2_ADV_X1Y1                                                    r  pll_inst/inst/plle2_adv_inst/CLKIN1
    PLLE2_ADV_X1Y1       PLLE2_ADV (Prop_plle2_adv_CLKIN1_CLKOUT1)
                                                     -7.261     0.258 r  pll_inst/inst/plle2_adv_inst/CLKOUT1
                         net (fo=1, routed)           2.003     2.261    pll_inst/inst/clk_out2_pll
    BUFGCTRL_X0Y0                                                     r  pll_inst/inst/clkout2_buf/I
    BUFGCTRL_X0Y0        BUFG (Prop_bufg_I_O)         0.083     2.344 r  pll_inst/inst/clkout2_buf/O
                         net (fo=5889, routed)        1.427     3.771    student_top_inst/u_KLDJ_top/ifu0/clk_out2
    SLICE_X72Y91         FDRE                                         r  student_top_inst/u_KLDJ_top/ifu0/pc_reg_reg[21]/C
                         clock pessimism             -0.373     3.398    
                         clock uncertainty           -0.077     3.321    
    SLICE_X72Y91         FDRE (Setup_fdre_C_D)        0.033     3.354    student_top_inst/u_KLDJ_top/ifu0/pc_reg_reg[21]
  -------------------------------------------------------------------
                         required time                          3.354    
                         arrival time                          -3.097    
  -------------------------------------------------------------------
                         slack                                  0.257    

Slack (MET) :             0.257ns  (required time - arrival time)
  Source:                 student_top_inst/u_KLDJ_top/ifu0/pc_reg_reg[7]_replica_2/C
                            (rising edge-triggered cell FDRE clocked by clk_out2_pll  {rise@0.000ns fall@2.857ns period=5.714ns})
  Destination:            student_top_inst/u_KLDJ_top/ifu0/pc_reg_reg[21]/D
                            (rising edge-triggered cell FDRE clocked by clk_out2_pll  {rise@0.000ns fall@2.857ns period=5.714ns})
  Path Group:             clk_out2_pll
  Path Type:              Setup (Max at Slow Process Corner)
  Requirement:            5.714ns  (clk_out2_pll rise@5.714ns - clk_out2_pll rise@0.000ns)
  Data Path Delay:        5.369ns  (logic 1.384ns (25.777%)  route 3.985ns (74.223%))
  Logic Levels:           10  (CARRY4=2 LUT2=1 LUT5=1 LUT6=4 MUXF7=2)
  Clock Path Skew:        -0.044ns (DCD - SCD + CPR)
    Destination Clock Delay (DCD):    -1.944ns = ( 3.771 - 5.714 ) 
    Source Clock Delay      (SCD):    -2.272ns
    Clock Pessimism Removal (CPR):    -0.373ns
  Clock Uncertainty:      0.077ns  ((TSJ^2 + DJ^2)^1/2) / 2 + PE
    Total System Jitter     (TSJ):    0.071ns
    Discrete Jitter          (DJ):    0.137ns
    Phase Error              (PE):    0.000ns

    Location             Delay type                Incr(ns)  Path(ns)    Netlist Resource(s)
  -------------------------------------------------------------------    -------------------
                         (clock clk_out2_pll rise edge)
                                                      0.000     0.000 r  
    AD12                                              0.000     0.000 r  i_sys_clk_p (IN)
                         net (fo=0)                   0.000     0.000    pll_inst/inst/clk_in1_p
    AD12                                                              r  pll_inst/inst/clkin1_ibufgds/I
    AD12                 IBUFDS (Prop_ibufds_I_O)     0.906     0.906 r  pll_inst/inst/clkin1_ibufgds/O
                         net (fo=1, routed)           1.098     2.004    pll_inst/inst/clk_in1_pll
    PLLE2_ADV_X1Y1                                                    r  pll_inst/inst/plle2_adv_inst/CLKIN1
    PLLE2_ADV_X1Y1       PLLE2_ADV (Prop_plle2_adv_CLKIN1_CLKOUT1)
                                                     -8.058    -6.054 r  pll_inst/inst/plle2_adv_inst/CLKOUT1
                         net (fo=1, routed)           2.128    -3.926    pll_inst/inst/clk_out2_pll
    BUFGCTRL_X0Y0                                                     r  pll_inst/inst/clkout2_buf/I
    BUFGCTRL_X0Y0        BUFG (Prop_bufg_I_O)         0.093    -3.833 r  pll_inst/inst/clkout2_buf/O
                         net (fo=5889, routed)        1.561    -2.272    student_top_inst/u_KLDJ_top/ifu0/clk_out2
    SLICE_X69Y88         FDRE                                         r  student_top_inst/u_KLDJ_top/ifu0/pc_reg_reg[7]_replica_2/C
  -------------------------------------------------------------------    -------------------
    SLICE_X69Y88         FDRE (Prop_fdre_C_Q)         0.223    -2.049 f  student_top_inst/u_KLDJ_top/ifu0/pc_reg_reg[7]_replica_2/Q
                         net (fo=185, routed)         1.453    -0.596    student_top_inst/Mem_IROM/U0/Q[7]_repN_2_alias
    SLICE_X47Y121                                                     f  student_top_inst/Mem_IROM/U0/g31_b16/I5
    SLICE_X47Y121        LUT6 (Prop_lut6_I5_O)        0.043    -0.553 f  student_top_inst/Mem_IROM/U0/g31_b16/O
                         net (fo=1, routed)           0.000    -0.553    student_top_inst/Mem_IROM/U0/g31_b16_n_0
    SLICE_X47Y121                                                     f  student_top_inst/Mem_IROM/U0/spo[17]_INST_0_i_12/I1
    SLICE_X47Y121        MUXF7 (Prop_muxf7_I1_O)      0.108    -0.445 f  student_top_inst/Mem_IROM/U0/spo[17]_INST_0_i_12/O
                         net (fo=1, routed)           0.466     0.021    student_top_inst/Mem_IROM/U0/spo[17]_INST_0_i_12_n_0
    SLICE_X47Y121                                                     f  student_top_inst/Mem_IROM/U0/spo[17]_INST_0_i_5/I0
    SLICE_X47Y121        LUT6 (Prop_lut6_I0_O)        0.124     0.145 f  student_top_inst/Mem_IROM/U0/spo[17]_INST_0_i_5/O
                         net (fo=1, routed)           0.000     0.145    student_top_inst/Mem_IROM/U0/spo[17]_INST_0_i_5_n_0
    SLICE_X47Y121                                                     f  student_top_inst/Mem_IROM/U0/spo[17]_INST_0_i_2/I1
    SLICE_X47Y121        MUXF7 (Prop_muxf7_I1_O)      0.122     0.267 f  student_top_inst/Mem_IROM/U0/spo[17]_INST_0_i_2/O
                         net (fo=1, routed)           0.486     0.753    student_top_inst/Mem_IROM/U0/spo[17]_INST_0_i_2_n_0
    SLICE_X49Y112                                                     f  student_top_inst/Mem_IROM/U0/spo[17]_INST_0/I3
    SLICE_X49Y112        LUT6 (Prop_lut6_I3_O)        0.122     0.875 f  student_top_inst/Mem_IROM/U0/spo[17]_INST_0/O
                         net (fo=2, routed)           0.913     1.788    student_top_inst/u_KLDJ_top/ifu0/spo[12]
    SLICE_X64Y91                                                      f  student_top_inst/u_KLDJ_top/ifu0/pc_reg[19]_i_8/I1
    SLICE_X64Y91         LUT2 (Prop_lut2_I1_O)        0.043     1.831 f  student_top_inst/u_KLDJ_top/ifu0/pc_reg[19]_i_8/O
                         net (fo=1, routed)           0.000     1.831    student_top_inst/u_KLDJ_top/ifu0/pc_reg[19]_i_8_n_0
    SLICE_X64Y91                                                      f  student_top_inst/u_KLDJ_top/ifu0/pc_reg_reg[19]_i_5/S[1]
    SLICE_X64Y91         CARRY4 (Prop_carry4_S[1]_CO[3])
                                                      0.267     2.098 r  student_top_inst/u_KLDJ_top/ifu0/pc_reg_reg[19]_i_5/CO[3]
                         net (fo=1, routed)           0.000     2.098    student_top_inst/u_KLDJ_top/ifu0/pc_reg_reg[19]_i_5_n_0
    SLICE_X64Y92                                                      r  student_top_inst/u_KLDJ_top/ifu0/pc_reg_reg[23]_i_5/CI
    SLICE_X64Y92         CARRY4 (Prop_carry4_CI_O[1])
                                                      0.166     2.264 r  student_top_inst/u_KLDJ_top/ifu0/pc_reg_reg[23]_i_5/O[1]
                         net (fo=1, routed)           0.254     2.518    student_top_inst/u_KLDJ_top/ifu0/if_static_jal_target[21]
    SLICE_X68Y92                                                      r  student_top_inst/u_KLDJ_top/ifu0/pc_reg[21]_i_4/I0
    SLICE_X68Y92         LUT5 (Prop_lut5_I0_O)        0.123     2.641 r  student_top_inst/u_KLDJ_top/ifu0/pc_reg[21]_i_4/O
                         net (fo=1, routed)           0.413     3.054    student_top_inst/u_KLDJ_top/u_pipe_id_ex/dnpc[21]
    SLICE_X72Y91                                                      r  student_top_inst/u_KLDJ_top/u_pipe_id_ex/pc_reg[21]_i_1/I5
    SLICE_X72Y91         LUT6 (Prop_lut6_I5_O)        0.043     3.097 r  student_top_inst/u_KLDJ_top/u_pipe_id_ex/pc_reg[21]_i_1/O
                         net (fo=1, routed)           0.000     3.097    student_top_inst/u_KLDJ_top/ifu0/pc_reg_reg[31]_1[21]
    SLICE_X72Y91         FDRE                                         r  student_top_inst/u_KLDJ_top/ifu0/pc_reg_reg[21]/D
  -------------------------------------------------------------------    -------------------

                         (clock clk_out2_pll rise edge)
                                                      5.714     5.714 r  
    AD12                                              0.000     5.714 r  i_sys_clk_p (IN)
                         net (fo=0)                   0.000     5.714    pll_inst/inst/clk_in1_p
    AD12                                                              r  pll_inst/inst/clkin1_ibufgds/I
    AD12                 IBUFDS (Prop_ibufds_I_O)     0.803     6.518 r  pll_inst/inst/clkin1_ibufgds/O
                         net (fo=1, routed)           1.001     7.519    pll_inst/inst/clk_in1_pll
    PLLE2_ADV_X1Y1                                                    r  pll_inst/inst/plle2_adv_inst/CLKIN1
    PLLE2_ADV_X1Y1       PLLE2_ADV (Prop_plle2_adv_CLKIN1_CLKOUT1)
                                                     -7.261     0.258 r  pll_inst/inst/plle2_adv_inst/CLKOUT1
                         net (fo=1, routed)           2.003     2.261    pll_inst/inst/clk_out2_pll
    BUFGCTRL_X0Y0                                                     r  pll_inst/inst/clkout2_buf/I
    BUFGCTRL_X0Y0        BUFG (Prop_bufg_I_O)         0.083     2.344 r  pll_inst/inst/clkout2_buf/O
                         net (fo=5889, routed)        1.427     3.771    student_top_inst/u_KLDJ_top/ifu0/clk_out2
    SLICE_X72Y91         FDRE                                         r  student_top_inst/u_KLDJ_top/ifu0/pc_reg_reg[21]/C
                         clock pessimism             -0.373     3.398    
                         clock uncertainty           -0.077     3.321    
    SLICE_X72Y91         FDRE (Setup_fdre_C_D)        0.033     3.354    student_top_inst/u_KLDJ_top/ifu0/pc_reg_reg[21]
  -------------------------------------------------------------------
                         required time                          3.354    
                         arrival time                          -3.097    
  -------------------------------------------------------------------
                         slack                                  0.257    

Slack (MET) :             0.257ns  (required time - arrival time)
  Source:                 student_top_inst/u_KLDJ_top/ifu0/pc_reg_reg[7]_replica_2/C
                            (rising edge-triggered cell FDRE clocked by clk_out2_pll  {rise@0.000ns fall@2.857ns period=5.714ns})
  Destination:            student_top_inst/u_KLDJ_top/ifu0/pc_reg_reg[21]/D
                            (rising edge-triggered cell FDRE clocked by clk_out2_pll  {rise@0.000ns fall@2.857ns period=5.714ns})
  Path Group:             clk_out2_pll
  Path Type:              Setup (Max at Slow Process Corner)
  Requirement:            5.714ns  (clk_out2_pll rise@5.714ns - clk_out2_pll rise@0.000ns)
  Data Path Delay:        5.369ns  (logic 1.384ns (25.777%)  route 3.985ns (74.223%))
  Logic Levels:           10  (CARRY4=2 LUT2=1 LUT5=1 LUT6=4 MUXF7=2)
  Clock Path Skew:        -0.044ns (DCD - SCD + CPR)
    Destination Clock Delay (DCD):    -1.944ns = ( 3.771 - 5.714 ) 
    Source Clock Delay      (SCD):    -2.272ns
    Clock Pessimism Removal (CPR):    -0.373ns
  Clock Uncertainty:      0.077ns  ((TSJ^2 + DJ^2)^1/2) / 2 + PE
    Total System Jitter     (TSJ):    0.071ns
    Discrete Jitter          (DJ):    0.137ns
    Phase Error              (PE):    0.000ns

    Location             Delay type                Incr(ns)  Path(ns)    Netlist Resource(s)
  -------------------------------------------------------------------    -------------------
                         (clock clk_out2_pll rise edge)
                                                      0.000     0.000 r  
    AD12                                              0.000     0.000 r  i_sys_clk_p (IN)
                         net (fo=0)                   0.000     0.000    pll_inst/inst/clk_in1_p
    AD12                                                              r  pll_inst/inst/clkin1_ibufgds/I
    AD12                 IBUFDS (Prop_ibufds_I_O)     0.906     0.906 r  pll_inst/inst/clkin1_ibufgds/O
                         net (fo=1, routed)           1.098     2.004    pll_inst/inst/clk_in1_pll
    PLLE2_ADV_X1Y1                                                    r  pll_inst/inst/plle2_adv_inst/CLKIN1
    PLLE2_ADV_X1Y1       PLLE2_ADV (Prop_plle2_adv_CLKIN1_CLKOUT1)
                                                     -8.058    -6.054 r  pll_inst/inst/plle2_adv_inst/CLKOUT1
                         net (fo=1, routed)           2.128    -3.926    pll_inst/inst/clk_out2_pll
    BUFGCTRL_X0Y0                                                     r  pll_inst/inst/clkout2_buf/I
    BUFGCTRL_X0Y0        BUFG (Prop_bufg_I_O)         0.093    -3.833 r  pll_inst/inst/clkout2_buf/O
                         net (fo=5889, routed)        1.561    -2.272    student_top_inst/u_KLDJ_top/ifu0/clk_out2
    SLICE_X69Y88         FDRE                                         r  student_top_inst/u_KLDJ_top/ifu0/pc_reg_reg[7]_replica_2/C
  -------------------------------------------------------------------    -------------------
    SLICE_X69Y88         FDRE (Prop_fdre_C_Q)         0.223    -2.049 r  student_top_inst/u_KLDJ_top/ifu0/pc_reg_reg[7]_replica_2/Q
                         net (fo=185, routed)         1.453    -0.596    student_top_inst/Mem_IROM/U0/Q[7]_repN_2_alias
    SLICE_X47Y121                                                     r  student_top_inst/Mem_IROM/U0/g31_b16/I5
    SLICE_X47Y121        LUT6 (Prop_lut6_I5_O)        0.043    -0.553 r  student_top_inst/Mem_IROM/U0/g31_b16/O
                         net (fo=1, routed)           0.000    -0.553    student_top_inst/Mem_IROM/U0/g31_b16_n_0
    SLICE_X47Y121                                                     r  student_top_inst/Mem_IROM/U0/spo[17]_INST_0_i_12/I1
    SLICE_X47Y121        MUXF7 (Prop_muxf7_I1_O)      0.108    -0.445 r  student_top_inst/Mem_IROM/U0/spo[17]_INST_0_i_12/O
                         net (fo=1, routed)           0.466     0.021    student_top_inst/Mem_IROM/U0/spo[17]_INST_0_i_12_n_0
    SLICE_X47Y121                                                     r  student_top_inst/Mem_IROM/U0/spo[17]_INST_0_i_5/I0
    SLICE_X47Y121        LUT6 (Prop_lut6_I0_O)        0.124     0.145 r  student_top_inst/Mem_IROM/U0/spo[17]_INST_0_i_5/O
                         net (fo=1, routed)           0.000     0.145    student_top_inst/Mem_IROM/U0/spo[17]_INST_0_i_5_n_0
    SLICE_X47Y121                                                     r  student_top_inst/Mem_IROM/U0/spo[17]_INST_0_i_2/I1
    SLICE_X47Y121        MUXF7 (Prop_muxf7_I1_O)      0.122     0.267 r  student_top_inst/Mem_IROM/U0/spo[17]_INST_0_i_2/O
                         net (fo=1, routed)           0.486     0.753    student_top_inst/Mem_IROM/U0/spo[17]_INST_0_i_2_n_0
    SLICE_X49Y112                                                     r  student_top_inst/Mem_IROM/U0/spo[17]_INST_0/I3
    SLICE_X49Y112        LUT6 (Prop_lut6_I3_O)        0.122     0.875 r  student_top_inst/Mem_IROM/U0/spo[17]_INST_0/O
                         net (fo=2, routed)           0.913     1.788    student_top_inst/u_KLDJ_top/ifu0/spo[12]
    SLICE_X64Y91                                                      r  student_top_inst/u_KLDJ_top/ifu0/pc_reg[19]_i_8/I1
    SLICE_X64Y91         LUT2 (Prop_lut2_I1_O)        0.043     1.831 r  student_top_inst/u_KLDJ_top/ifu0/pc_reg[19]_i_8/O
                         net (fo=1, routed)           0.000     1.831    student_top_inst/u_KLDJ_top/ifu0/pc_reg[19]_i_8_n_0
    SLICE_X64Y91                                                      r  student_top_inst/u_KLDJ_top/ifu0/pc_reg_reg[19]_i_5/S[1]
    SLICE_X64Y91         CARRY4 (Prop_carry4_S[1]_CO[3])
                                                      0.267     2.098 f  student_top_inst/u_KLDJ_top/ifu0/pc_reg_reg[19]_i_5/CO[3]
                         net (fo=1, routed)           0.000     2.098    student_top_inst/u_KLDJ_top/ifu0/pc_reg_reg[19]_i_5_n_0
    SLICE_X64Y92                                                      f  student_top_inst/u_KLDJ_top/ifu0/pc_reg_reg[23]_i_5/CI
    SLICE_X64Y92         CARRY4 (Prop_carry4_CI_O[1])
                                                      0.166     2.264 r  student_top_inst/u_KLDJ_top/ifu0/pc_reg_reg[23]_i_5/O[1]
                         net (fo=1, routed)           0.254     2.518    student_top_inst/u_KLDJ_top/ifu0/if_static_jal_target[21]
    SLICE_X68Y92                                                      r  student_top_inst/u_KLDJ_top/ifu0/pc_reg[21]_i_4/I0
    SLICE_X68Y92         LUT5 (Prop_lut5_I0_O)        0.123     2.641 r  student_top_inst/u_KLDJ_top/ifu0/pc_reg[21]_i_4/O
                         net (fo=1, routed)           0.413     3.054    student_top_inst/u_KLDJ_top/u_pipe_id_ex/dnpc[21]
    SLICE_X72Y91                                                      r  student_top_inst/u_KLDJ_top/u_pipe_id_ex/pc_reg[21]_i_1/I5
    SLICE_X72Y91         LUT6 (Prop_lut6_I5_O)        0.043     3.097 r  student_top_inst/u_KLDJ_top/u_pipe_id_ex/pc_reg[21]_i_1/O
                         net (fo=1, routed)           0.000     3.097    student_top_inst/u_KLDJ_top/ifu0/pc_reg_reg[31]_1[21]
    SLICE_X72Y91         FDRE                                         r  student_top_inst/u_KLDJ_top/ifu0/pc_reg_reg[21]/D
  -------------------------------------------------------------------    -------------------

                         (clock clk_out2_pll rise edge)
                                                      5.714     5.714 r  
    AD12                                              0.000     5.714 r  i_sys_clk_p (IN)
                         net (fo=0)                   0.000     5.714    pll_inst/inst/clk_in1_p
    AD12                                                              r  pll_inst/inst/clkin1_ibufgds/I
    AD12                 IBUFDS (Prop_ibufds_I_O)     0.803     6.518 r  pll_inst/inst/clkin1_ibufgds/O
                         net (fo=1, routed)           1.001     7.519    pll_inst/inst/clk_in1_pll
    PLLE2_ADV_X1Y1                                                    r  pll_inst/inst/plle2_adv_inst/CLKIN1
    PLLE2_ADV_X1Y1       PLLE2_ADV (Prop_plle2_adv_CLKIN1_CLKOUT1)
                                                     -7.261     0.258 r  pll_inst/inst/plle2_adv_inst/CLKOUT1
                         net (fo=1, routed)           2.003     2.261    pll_inst/inst/clk_out2_pll
    BUFGCTRL_X0Y0                                                     r  pll_inst/inst/clkout2_buf/I
    BUFGCTRL_X0Y0        BUFG (Prop_bufg_I_O)         0.083     2.344 r  pll_inst/inst/clkout2_buf/O
                         net (fo=5889, routed)        1.427     3.771    student_top_inst/u_KLDJ_top/ifu0/clk_out2
    SLICE_X72Y91         FDRE                                         r  student_top_inst/u_KLDJ_top/ifu0/pc_reg_reg[21]/C
                         clock pessimism             -0.373     3.398    
                         clock uncertainty           -0.077     3.321    
    SLICE_X72Y91         FDRE (Setup_fdre_C_D)        0.033     3.354    student_top_inst/u_KLDJ_top/ifu0/pc_reg_reg[21]
  -------------------------------------------------------------------
                         required time                          3.354    
                         arrival time                          -3.097    
  -------------------------------------------------------------------
                         slack                                  0.257    

Slack (MET) :             0.257ns  (required time - arrival time)
  Source:                 student_top_inst/u_KLDJ_top/ifu0/pc_reg_reg[7]_replica_2/C
                            (rising edge-triggered cell FDRE clocked by clk_out2_pll  {rise@0.000ns fall@2.857ns period=5.714ns})
  Destination:            student_top_inst/u_KLDJ_top/ifu0/pc_reg_reg[21]/D
                            (rising edge-triggered cell FDRE clocked by clk_out2_pll  {rise@0.000ns fall@2.857ns period=5.714ns})
  Path Group:             clk_out2_pll
  Path Type:              Setup (Max at Slow Process Corner)
  Requirement:            5.714ns  (clk_out2_pll rise@5.714ns - clk_out2_pll rise@0.000ns)
  Data Path Delay:        5.369ns  (logic 1.384ns (25.777%)  route 3.985ns (74.223%))
  Logic Levels:           10  (CARRY4=2 LUT2=1 LUT5=1 LUT6=4 MUXF7=2)
  Clock Path Skew:        -0.044ns (DCD - SCD + CPR)
    Destination Clock Delay (DCD):    -1.944ns = ( 3.771 - 5.714 ) 
    Source Clock Delay      (SCD):    -2.272ns
    Clock Pessimism Removal (CPR):    -0.373ns
  Clock Uncertainty:      0.077ns  ((TSJ^2 + DJ^2)^1/2) / 2 + PE
    Total System Jitter     (TSJ):    0.071ns
    Discrete Jitter          (DJ):    0.137ns
    Phase Error              (PE):    0.000ns

    Location             Delay type                Incr(ns)  Path(ns)    Netlist Resource(s)
  -------------------------------------------------------------------    -------------------
                         (clock clk_out2_pll rise edge)
                                                      0.000     0.000 r  
    AD12                                              0.000     0.000 r  i_sys_clk_p (IN)
                         net (fo=0)                   0.000     0.000    pll_inst/inst/clk_in1_p
    AD12                                                              r  pll_inst/inst/clkin1_ibufgds/I
    AD12                 IBUFDS (Prop_ibufds_I_O)     0.906     0.906 r  pll_inst/inst/clkin1_ibufgds/O
                         net (fo=1, routed)           1.098     2.004    pll_inst/inst/clk_in1_pll
    PLLE2_ADV_X1Y1                                                    r  pll_inst/inst/plle2_adv_inst/CLKIN1
    PLLE2_ADV_X1Y1       PLLE2_ADV (Prop_plle2_adv_CLKIN1_CLKOUT1)
                                                     -8.058    -6.054 r  pll_inst/inst/plle2_adv_inst/CLKOUT1
                         net (fo=1, routed)           2.128    -3.926    pll_inst/inst/clk_out2_pll
    BUFGCTRL_X0Y0                                                     r  pll_inst/inst/clkout2_buf/I
    BUFGCTRL_X0Y0        BUFG (Prop_bufg_I_O)         0.093    -3.833 r  pll_inst/inst/clkout2_buf/O
                         net (fo=5889, routed)        1.561    -2.272    student_top_inst/u_KLDJ_top/ifu0/clk_out2
    SLICE_X69Y88         FDRE                                         r  student_top_inst/u_KLDJ_top/ifu0/pc_reg_reg[7]_replica_2/C
  -------------------------------------------------------------------    -------------------
    SLICE_X69Y88         FDRE (Prop_fdre_C_Q)         0.223    -2.049 f  student_top_inst/u_KLDJ_top/ifu0/pc_reg_reg[7]_replica_2/Q
                         net (fo=185, routed)         1.453    -0.596    student_top_inst/Mem_IROM/U0/Q[7]_repN_2_alias
    SLICE_X47Y121                                                     f  student_top_inst/Mem_IROM/U0/g31_b16/I5
    SLICE_X47Y121        LUT6 (Prop_lut6_I5_O)        0.043    -0.553 r  student_top_inst/Mem_IROM/U0/g31_b16/O
                         net (fo=1, routed)           0.000    -0.553    student_top_inst/Mem_IROM/U0/g31_b16_n_0
    SLICE_X47Y121                                                     r  student_top_inst/Mem_IROM/U0/spo[17]_INST_0_i_12/I1
    SLICE_X47Y121        MUXF7 (Prop_muxf7_I1_O)      0.108    -0.445 r  student_top_inst/Mem_IROM/U0/spo[17]_INST_0_i_12/O
                         net (fo=1, routed)           0.466     0.021    student_top_inst/Mem_IROM/U0/spo[17]_INST_0_i_12_n_0
    SLICE_X47Y121                                                     r  student_top_inst/Mem_IROM/U0/spo[17]_INST_0_i_5/I0
    SLICE_X47Y121        LUT6 (Prop_lut6_I0_O)        0.124     0.145 r  student_top_inst/Mem_IROM/U0/spo[17]_INST_0_i_5/O
                         net (fo=1, routed)           0.000     0.145    student_top_inst/Mem_IROM/U0/spo[17]_INST_0_i_5_n_0
    SLICE_X47Y121                                                     r  student_top_inst/Mem_IROM/U0/spo[17]_INST_0_i_2/I1
    SLICE_X47Y121        MUXF7 (Prop_muxf7_I1_O)      0.122     0.267 r  student_top_inst/Mem_IROM/U0/spo[17]_INST_0_i_2/O
                         net (fo=1, routed)           0.486     0.753    student_top_inst/Mem_IROM/U0/spo[17]_INST_0_i_2_n_0
    SLICE_X49Y112                                                     r  student_top_inst/Mem_IROM/U0/spo[17]_INST_0/I3
    SLICE_X49Y112        LUT6 (Prop_lut6_I3_O)        0.122     0.875 r  student_top_inst/Mem_IROM/U0/spo[17]_INST_0/O
                         net (fo=2, routed)           0.913     1.788    student_top_inst/u_KLDJ_top/ifu0/spo[12]
    SLICE_X64Y91                                                      r  student_top_inst/u_KLDJ_top/ifu0/pc_reg[19]_i_8/I1
    SLICE_X64Y91         LUT2 (Prop_lut2_I1_O)        0.043     1.831 r  student_top_inst/u_KLDJ_top/ifu0/pc_reg[19]_i_8/O
                         net (fo=1, routed)           0.000     1.831    student_top_inst/u_KLDJ_top/ifu0/pc_reg[19]_i_8_n_0
    SLICE_X64Y91                                                      r  student_top_inst/u_KLDJ_top/ifu0/pc_reg_reg[19]_i_5/S[1]
    SLICE_X64Y91         CARRY4 (Prop_carry4_S[1]_CO[3])
                                                      0.267     2.098 f  student_top_inst/u_KLDJ_top/ifu0/pc_reg_reg[19]_i_5/CO[3]
                         net (fo=1, routed)           0.000     2.098    student_top_inst/u_KLDJ_top/ifu0/pc_reg_reg[19]_i_5_n_0
    SLICE_X64Y92                                                      f  student_top_inst/u_KLDJ_top/ifu0/pc_reg_reg[23]_i_5/CI
    SLICE_X64Y92         CARRY4 (Prop_carry4_CI_O[1])
                                                      0.166     2.264 r  student_top_inst/u_KLDJ_top/ifu0/pc_reg_reg[23]_i_5/O[1]
                         net (fo=1, routed)           0.254     2.518    student_top_inst/u_KLDJ_top/ifu0/if_static_jal_target[21]
    SLICE_X68Y92                                                      r  student_top_inst/u_KLDJ_top/ifu0/pc_reg[21]_i_4/I0
    SLICE_X68Y92         LUT5 (Prop_lut5_I0_O)        0.123     2.641 r  student_top_inst/u_KLDJ_top/ifu0/pc_reg[21]_i_4/O
                         net (fo=1, routed)           0.413     3.054    student_top_inst/u_KLDJ_top/u_pipe_id_ex/dnpc[21]
    SLICE_X72Y91                                                      r  student_top_inst/u_KLDJ_top/u_pipe_id_ex/pc_reg[21]_i_1/I5
    SLICE_X72Y91         LUT6 (Prop_lut6_I5_O)        0.043     3.097 r  student_top_inst/u_KLDJ_top/u_pipe_id_ex/pc_reg[21]_i_1/O
                         net (fo=1, routed)           0.000     3.097    student_top_inst/u_KLDJ_top/ifu0/pc_reg_reg[31]_1[21]
    SLICE_X72Y91         FDRE                                         r  student_top_inst/u_KLDJ_top/ifu0/pc_reg_reg[21]/D
  -------------------------------------------------------------------    -------------------

                         (clock clk_out2_pll rise edge)
                                                      5.714     5.714 r  
    AD12                                              0.000     5.714 r  i_sys_clk_p (IN)
                         net (fo=0)                   0.000     5.714    pll_inst/inst/clk_in1_p
    AD12                                                              r  pll_inst/inst/clkin1_ibufgds/I
    AD12                 IBUFDS (Prop_ibufds_I_O)     0.803     6.518 r  pll_inst/inst/clkin1_ibufgds/O
                         net (fo=1, routed)           1.001     7.519    pll_inst/inst/clk_in1_pll
    PLLE2_ADV_X1Y1                                                    r  pll_inst/inst/plle2_adv_inst/CLKIN1
    PLLE2_ADV_X1Y1       PLLE2_ADV (Prop_plle2_adv_CLKIN1_CLKOUT1)
                                                     -7.261     0.258 r  pll_inst/inst/plle2_adv_inst/CLKOUT1
                         net (fo=1, routed)           2.003     2.261    pll_inst/inst/clk_out2_pll
    BUFGCTRL_X0Y0                                                     r  pll_inst/inst/clkout2_buf/I
    BUFGCTRL_X0Y0        BUFG (Prop_bufg_I_O)         0.083     2.344 r  pll_inst/inst/clkout2_buf/O
                         net (fo=5889, routed)        1.427     3.771    student_top_inst/u_KLDJ_top/ifu0/clk_out2
    SLICE_X72Y91         FDRE                                         r  student_top_inst/u_KLDJ_top/ifu0/pc_reg_reg[21]/C
                         clock pessimism             -0.373     3.398    
                         clock uncertainty           -0.077     3.321    
    SLICE_X72Y91         FDRE (Setup_fdre_C_D)        0.033     3.354    student_top_inst/u_KLDJ_top/ifu0/pc_reg_reg[21]
  -------------------------------------------------------------------
                         required time                          3.354    
                         arrival time                          -3.097    
  -------------------------------------------------------------------
                         slack                                  0.257    

Slack (MET) :             0.257ns  (required time - arrival time)
  Source:                 student_top_inst/u_KLDJ_top/ifu0/pc_reg_reg[7]_replica_2/C
                            (rising edge-triggered cell FDRE clocked by clk_out2_pll  {rise@0.000ns fall@2.857ns period=5.714ns})
  Destination:            student_top_inst/u_KLDJ_top/ifu0/pc_reg_reg[21]/D
                            (rising edge-triggered cell FDRE clocked by clk_out2_pll  {rise@0.000ns fall@2.857ns period=5.714ns})
  Path Group:             clk_out2_pll
  Path Type:              Setup (Max at Slow Process Corner)
  Requirement:            5.714ns  (clk_out2_pll rise@5.714ns - clk_out2_pll rise@0.000ns)
  Data Path Delay:        5.369ns  (logic 1.384ns (25.777%)  route 3.985ns (74.223%))
  Logic Levels:           10  (CARRY4=2 LUT2=1 LUT5=1 LUT6=4 MUXF7=2)
  Clock Path Skew:        -0.044ns (DCD - SCD + CPR)
    Destination Clock Delay (DCD):    -1.944ns = ( 3.771 - 5.714 ) 
    Source Clock Delay      (SCD):    -2.272ns
    Clock Pessimism Removal (CPR):    -0.373ns
  Clock Uncertainty:      0.077ns  ((TSJ^2 + DJ^2)^1/2) / 2 + PE
    Total System Jitter     (TSJ):    0.071ns
    Discrete Jitter          (DJ):    0.137ns
    Phase Error              (PE):    0.000ns

    Location             Delay type                Incr(ns)  Path(ns)    Netlist Resource(s)
  -------------------------------------------------------------------    -------------------
                         (clock clk_out2_pll rise edge)
                                                      0.000     0.000 r  
    AD12                                              0.000     0.000 r  i_sys_clk_p (IN)
                         net (fo=0)                   0.000     0.000    pll_inst/inst/clk_in1_p
    AD12                                                              r  pll_inst/inst/clkin1_ibufgds/I
    AD12                 IBUFDS (Prop_ibufds_I_O)     0.906     0.906 r  pll_inst/inst/clkin1_ibufgds/O
                         net (fo=1, routed)           1.098     2.004    pll_inst/inst/clk_in1_pll
    PLLE2_ADV_X1Y1                                                    r  pll_inst/inst/plle2_adv_inst/CLKIN1
    PLLE2_ADV_X1Y1       PLLE2_ADV (Prop_plle2_adv_CLKIN1_CLKOUT1)
                                                     -8.058    -6.054 r  pll_inst/inst/plle2_adv_inst/CLKOUT1
                         net (fo=1, routed)           2.128    -3.926    pll_inst/inst/clk_out2_pll
    BUFGCTRL_X0Y0                                                     r  pll_inst/inst/clkout2_buf/I
    BUFGCTRL_X0Y0        BUFG (Prop_bufg_I_O)         0.093    -3.833 r  pll_inst/inst/clkout2_buf/O
                         net (fo=5889, routed)        1.561    -2.272    student_top_inst/u_KLDJ_top/ifu0/clk_out2
    SLICE_X69Y88         FDRE                                         r  student_top_inst/u_KLDJ_top/ifu0/pc_reg_reg[7]_replica_2/C
  -------------------------------------------------------------------    -------------------
    SLICE_X69Y88         FDRE (Prop_fdre_C_Q)         0.223    -2.049 r  student_top_inst/u_KLDJ_top/ifu0/pc_reg_reg[7]_replica_2/Q
                         net (fo=185, routed)         1.453    -0.596    student_top_inst/Mem_IROM/U0/Q[7]_repN_2_alias
    SLICE_X47Y121                                                     r  student_top_inst/Mem_IROM/U0/g31_b16/I5
    SLICE_X47Y121        LUT6 (Prop_lut6_I5_O)        0.043    -0.553 f  student_top_inst/Mem_IROM/U0/g31_b16/O
                         net (fo=1, routed)           0.000    -0.553    student_top_inst/Mem_IROM/U0/g31_b16_n_0
    SLICE_X47Y121                                                     f  student_top_inst/Mem_IROM/U0/spo[17]_INST_0_i_12/I1
    SLICE_X47Y121        MUXF7 (Prop_muxf7_I1_O)      0.108    -0.445 f  student_top_inst/Mem_IROM/U0/spo[17]_INST_0_i_12/O
                         net (fo=1, routed)           0.466     0.021    student_top_inst/Mem_IROM/U0/spo[17]_INST_0_i_12_n_0
    SLICE_X47Y121                                                     f  student_top_inst/Mem_IROM/U0/spo[17]_INST_0_i_5/I0
    SLICE_X47Y121        LUT6 (Prop_lut6_I0_O)        0.124     0.145 f  student_top_inst/Mem_IROM/U0/spo[17]_INST_0_i_5/O
                         net (fo=1, routed)           0.000     0.145    student_top_inst/Mem_IROM/U0/spo[17]_INST_0_i_5_n_0
    SLICE_X47Y121                                                     f  student_top_inst/Mem_IROM/U0/spo[17]_INST_0_i_2/I1
    SLICE_X47Y121        MUXF7 (Prop_muxf7_I1_O)      0.122     0.267 f  student_top_inst/Mem_IROM/U0/spo[17]_INST_0_i_2/O
                         net (fo=1, routed)           0.486     0.753    student_top_inst/Mem_IROM/U0/spo[17]_INST_0_i_2_n_0
    SLICE_X49Y112                                                     f  student_top_inst/Mem_IROM/U0/spo[17]_INST_0/I3
    SLICE_X49Y112        LUT6 (Prop_lut6_I3_O)        0.122     0.875 f  student_top_inst/Mem_IROM/U0/spo[17]_INST_0/O
                         net (fo=2, routed)           0.913     1.788    student_top_inst/u_KLDJ_top/ifu0/spo[12]
    SLICE_X64Y91                                                      f  student_top_inst/u_KLDJ_top/ifu0/pc_reg[19]_i_8/I1
    SLICE_X64Y91         LUT2 (Prop_lut2_I1_O)        0.043     1.831 r  student_top_inst/u_KLDJ_top/ifu0/pc_reg[19]_i_8/O
                         net (fo=1, routed)           0.000     1.831    student_top_inst/u_KLDJ_top/ifu0/pc_reg[19]_i_8_n_0
    SLICE_X64Y91                                                      r  student_top_inst/u_KLDJ_top/ifu0/pc_reg_reg[19]_i_5/S[1]
    SLICE_X64Y91         CARRY4 (Prop_carry4_S[1]_CO[3])
                                                      0.267     2.098 f  student_top_inst/u_KLDJ_top/ifu0/pc_reg_reg[19]_i_5/CO[3]
                         net (fo=1, routed)           0.000     2.098    student_top_inst/u_KLDJ_top/ifu0/pc_reg_reg[19]_i_5_n_0
    SLICE_X64Y92                                                      f  student_top_inst/u_KLDJ_top/ifu0/pc_reg_reg[23]_i_5/CI
    SLICE_X64Y92         CARRY4 (Prop_carry4_CI_O[1])
                                                      0.166     2.264 r  student_top_inst/u_KLDJ_top/ifu0/pc_reg_reg[23]_i_5/O[1]
                         net (fo=1, routed)           0.254     2.518    student_top_inst/u_KLDJ_top/ifu0/if_static_jal_target[21]
    SLICE_X68Y92                                                      r  student_top_inst/u_KLDJ_top/ifu0/pc_reg[21]_i_4/I0
    SLICE_X68Y92         LUT5 (Prop_lut5_I0_O)        0.123     2.641 r  student_top_inst/u_KLDJ_top/ifu0/pc_reg[21]_i_4/O
                         net (fo=1, routed)           0.413     3.054    student_top_inst/u_KLDJ_top/u_pipe_id_ex/dnpc[21]
    SLICE_X72Y91                                                      r  student_top_inst/u_KLDJ_top/u_pipe_id_ex/pc_reg[21]_i_1/I5
    SLICE_X72Y91         LUT6 (Prop_lut6_I5_O)        0.043     3.097 r  student_top_inst/u_KLDJ_top/u_pipe_id_ex/pc_reg[21]_i_1/O
                         net (fo=1, routed)           0.000     3.097    student_top_inst/u_KLDJ_top/ifu0/pc_reg_reg[31]_1[21]
    SLICE_X72Y91         FDRE                                         r  student_top_inst/u_KLDJ_top/ifu0/pc_reg_reg[21]/D
  -------------------------------------------------------------------    -------------------

                         (clock clk_out2_pll rise edge)
                                                      5.714     5.714 r  
    AD12                                              0.000     5.714 r  i_sys_clk_p (IN)
                         net (fo=0)                   0.000     5.714    pll_inst/inst/clk_in1_p
    AD12                                                              r  pll_inst/inst/clkin1_ibufgds/I
    AD12                 IBUFDS (Prop_ibufds_I_O)     0.803     6.518 r  pll_inst/inst/clkin1_ibufgds/O
                         net (fo=1, routed)           1.001     7.519    pll_inst/inst/clk_in1_pll
    PLLE2_ADV_X1Y1                                                    r  pll_inst/inst/plle2_adv_inst/CLKIN1
    PLLE2_ADV_X1Y1       PLLE2_ADV (Prop_plle2_adv_CLKIN1_CLKOUT1)
                                                     -7.261     0.258 r  pll_inst/inst/plle2_adv_inst/CLKOUT1
                         net (fo=1, routed)           2.003     2.261    pll_inst/inst/clk_out2_pll
    BUFGCTRL_X0Y0                                                     r  pll_inst/inst/clkout2_buf/I
    BUFGCTRL_X0Y0        BUFG (Prop_bufg_I_O)         0.083     2.344 r  pll_inst/inst/clkout2_buf/O
                         net (fo=5889, routed)        1.427     3.771    student_top_inst/u_KLDJ_top/ifu0/clk_out2
    SLICE_X72Y91         FDRE                                         r  student_top_inst/u_KLDJ_top/ifu0/pc_reg_reg[21]/C
                         clock pessimism             -0.373     3.398    
                         clock uncertainty           -0.077     3.321    
    SLICE_X72Y91         FDRE (Setup_fdre_C_D)        0.033     3.354    student_top_inst/u_KLDJ_top/ifu0/pc_reg_reg[21]
  -------------------------------------------------------------------
                         required time                          3.354    
                         arrival time                          -3.097    
  -------------------------------------------------------------------
                         slack                                  0.257    

Slack (MET) :             0.257ns  (required time - arrival time)
  Source:                 student_top_inst/u_KLDJ_top/ifu0/pc_reg_reg[7]_replica_2/C
                            (rising edge-triggered cell FDRE clocked by clk_out2_pll  {rise@0.000ns fall@2.857ns period=5.714ns})
  Destination:            student_top_inst/u_KLDJ_top/ifu0/pc_reg_reg[21]/D
                            (rising edge-triggered cell FDRE clocked by clk_out2_pll  {rise@0.000ns fall@2.857ns period=5.714ns})
  Path Group:             clk_out2_pll
  Path Type:              Setup (Max at Slow Process Corner)
  Requirement:            5.714ns  (clk_out2_pll rise@5.714ns - clk_out2_pll rise@0.000ns)
  Data Path Delay:        5.369ns  (logic 1.384ns (25.777%)  route 3.985ns (74.223%))
  Logic Levels:           10  (CARRY4=2 LUT2=1 LUT5=1 LUT6=4 MUXF7=2)
  Clock Path Skew:        -0.044ns (DCD - SCD + CPR)
    Destination Clock Delay (DCD):    -1.944ns = ( 3.771 - 5.714 ) 
    Source Clock Delay      (SCD):    -2.272ns
    Clock Pessimism Removal (CPR):    -0.373ns
  Clock Uncertainty:      0.077ns  ((TSJ^2 + DJ^2)^1/2) / 2 + PE
    Total System Jitter     (TSJ):    0.071ns
    Discrete Jitter          (DJ):    0.137ns
    Phase Error              (PE):    0.000ns

    Location             Delay type                Incr(ns)  Path(ns)    Netlist Resource(s)
  -------------------------------------------------------------------    -------------------
                         (clock clk_out2_pll rise edge)
                                                      0.000     0.000 r  
    AD12                                              0.000     0.000 r  i_sys_clk_p (IN)
                         net (fo=0)                   0.000     0.000    pll_inst/inst/clk_in1_p
    AD12                                                              r  pll_inst/inst/clkin1_ibufgds/I
    AD12                 IBUFDS (Prop_ibufds_I_O)     0.906     0.906 r  pll_inst/inst/clkin1_ibufgds/O
                         net (fo=1, routed)           1.098     2.004    pll_inst/inst/clk_in1_pll
    PLLE2_ADV_X1Y1                                                    r  pll_inst/inst/plle2_adv_inst/CLKIN1
    PLLE2_ADV_X1Y1       PLLE2_ADV (Prop_plle2_adv_CLKIN1_CLKOUT1)
                                                     -8.058    -6.054 r  pll_inst/inst/plle2_adv_inst/CLKOUT1
                         net (fo=1, routed)           2.128    -3.926    pll_inst/inst/clk_out2_pll
    BUFGCTRL_X0Y0                                                     r  pll_inst/inst/clkout2_buf/I
    BUFGCTRL_X0Y0        BUFG (Prop_bufg_I_O)         0.093    -3.833 r  pll_inst/inst/clkout2_buf/O
                         net (fo=5889, routed)        1.561    -2.272    student_top_inst/u_KLDJ_top/ifu0/clk_out2
    SLICE_X69Y88         FDRE                                         r  student_top_inst/u_KLDJ_top/ifu0/pc_reg_reg[7]_replica_2/C
  -------------------------------------------------------------------    -------------------
    SLICE_X69Y88         FDRE (Prop_fdre_C_Q)         0.223    -2.049 f  student_top_inst/u_KLDJ_top/ifu0/pc_reg_reg[7]_replica_2/Q
                         net (fo=185, routed)         1.453    -0.596    student_top_inst/Mem_IROM/U0/Q[7]_repN_2_alias
    SLICE_X47Y121                                                     f  student_top_inst/Mem_IROM/U0/g31_b16/I5
    SLICE_X47Y121        LUT6 (Prop_lut6_I5_O)        0.043    -0.553 f  student_top_inst/Mem_IROM/U0/g31_b16/O
                         net (fo=1, routed)           0.000    -0.553    student_top_inst/Mem_IROM/U0/g31_b16_n_0
    SLICE_X47Y121                                                     f  student_top_inst/Mem_IROM/U0/spo[17]_INST_0_i_12/I1
    SLICE_X47Y121        MUXF7 (Prop_muxf7_I1_O)      0.108    -0.445 f  student_top_inst/Mem_IROM/U0/spo[17]_INST_0_i_12/O
                         net (fo=1, routed)           0.466     0.021    student_top_inst/Mem_IROM/U0/spo[17]_INST_0_i_12_n_0
    SLICE_X47Y121                                                     f  student_top_inst/Mem_IROM/U0/spo[17]_INST_0_i_5/I0
    SLICE_X47Y121        LUT6 (Prop_lut6_I0_O)        0.124     0.145 f  student_top_inst/Mem_IROM/U0/spo[17]_INST_0_i_5/O
                         net (fo=1, routed)           0.000     0.145    student_top_inst/Mem_IROM/U0/spo[17]_INST_0_i_5_n_0
    SLICE_X47Y121                                                     f  student_top_inst/Mem_IROM/U0/spo[17]_INST_0_i_2/I1
    SLICE_X47Y121        MUXF7 (Prop_muxf7_I1_O)      0.122     0.267 f  student_top_inst/Mem_IROM/U0/spo[17]_INST_0_i_2/O
                         net (fo=1, routed)           0.486     0.753    student_top_inst/Mem_IROM/U0/spo[17]_INST_0_i_2_n_0
    SLICE_X49Y112                                                     f  student_top_inst/Mem_IROM/U0/spo[17]_INST_0/I3
    SLICE_X49Y112        LUT6 (Prop_lut6_I3_O)        0.122     0.875 f  student_top_inst/Mem_IROM/U0/spo[17]_INST_0/O
                         net (fo=2, routed)           0.913     1.788    student_top_inst/u_KLDJ_top/ifu0/spo[12]
    SLICE_X64Y91                                                      f  student_top_inst/u_KLDJ_top/ifu0/pc_reg[19]_i_8/I1
    SLICE_X64Y91         LUT2 (Prop_lut2_I1_O)        0.043     1.831 r  student_top_inst/u_KLDJ_top/ifu0/pc_reg[19]_i_8/O
                         net (fo=1, routed)           0.000     1.831    student_top_inst/u_KLDJ_top/ifu0/pc_reg[19]_i_8_n_0
    SLICE_X64Y91                                                      r  student_top_inst/u_KLDJ_top/ifu0/pc_reg_reg[19]_i_5/S[1]
    SLICE_X64Y91         CARRY4 (Prop_carry4_S[1]_CO[3])
                                                      0.267     2.098 f  student_top_inst/u_KLDJ_top/ifu0/pc_reg_reg[19]_i_5/CO[3]
                         net (fo=1, routed)           0.000     2.098    student_top_inst/u_KLDJ_top/ifu0/pc_reg_reg[19]_i_5_n_0
    SLICE_X64Y92                                                      f  student_top_inst/u_KLDJ_top/ifu0/pc_reg_reg[23]_i_5/CI
    SLICE_X64Y92         CARRY4 (Prop_carry4_CI_O[1])
                                                      0.166     2.264 r  student_top_inst/u_KLDJ_top/ifu0/pc_reg_reg[23]_i_5/O[1]
                         net (fo=1, routed)           0.254     2.518    student_top_inst/u_KLDJ_top/ifu0/if_static_jal_target[21]
    SLICE_X68Y92                                                      r  student_top_inst/u_KLDJ_top/ifu0/pc_reg[21]_i_4/I0
    SLICE_X68Y92         LUT5 (Prop_lut5_I0_O)        0.123     2.641 r  student_top_inst/u_KLDJ_top/ifu0/pc_reg[21]_i_4/O
                         net (fo=1, routed)           0.413     3.054    student_top_inst/u_KLDJ_top/u_pipe_id_ex/dnpc[21]
    SLICE_X72Y91                                                      r  student_top_inst/u_KLDJ_top/u_pipe_id_ex/pc_reg[21]_i_1/I5
    SLICE_X72Y91         LUT6 (Prop_lut6_I5_O)        0.043     3.097 r  student_top_inst/u_KLDJ_top/u_pipe_id_ex/pc_reg[21]_i_1/O
                         net (fo=1, routed)           0.000     3.097    student_top_inst/u_KLDJ_top/ifu0/pc_reg_reg[31]_1[21]
    SLICE_X72Y91         FDRE                                         r  student_top_inst/u_KLDJ_top/ifu0/pc_reg_reg[21]/D
  -------------------------------------------------------------------    -------------------

                         (clock clk_out2_pll rise edge)
                                                      5.714     5.714 r  
    AD12                                              0.000     5.714 r  i_sys_clk_p (IN)
                         net (fo=0)                   0.000     5.714    pll_inst/inst/clk_in1_p
    AD12                                                              r  pll_inst/inst/clkin1_ibufgds/I
    AD12                 IBUFDS (Prop_ibufds_I_O)     0.803     6.518 r  pll_inst/inst/clkin1_ibufgds/O
                         net (fo=1, routed)           1.001     7.519    pll_inst/inst/clk_in1_pll
    PLLE2_ADV_X1Y1                                                    r  pll_inst/inst/plle2_adv_inst/CLKIN1
    PLLE2_ADV_X1Y1       PLLE2_ADV (Prop_plle2_adv_CLKIN1_CLKOUT1)
                                                     -7.261     0.258 r  pll_inst/inst/plle2_adv_inst/CLKOUT1
                         net (fo=1, routed)           2.003     2.261    pll_inst/inst/clk_out2_pll
    BUFGCTRL_X0Y0                                                     r  pll_inst/inst/clkout2_buf/I
    BUFGCTRL_X0Y0        BUFG (Prop_bufg_I_O)         0.083     2.344 r  pll_inst/inst/clkout2_buf/O
                         net (fo=5889, routed)        1.427     3.771    student_top_inst/u_KLDJ_top/ifu0/clk_out2
    SLICE_X72Y91         FDRE                                         r  student_top_inst/u_KLDJ_top/ifu0/pc_reg_reg[21]/C
                         clock pessimism             -0.373     3.398    
                         clock uncertainty           -0.077     3.321    
    SLICE_X72Y91         FDRE (Setup_fdre_C_D)        0.033     3.354    student_top_inst/u_KLDJ_top/ifu0/pc_reg_reg[21]
  -------------------------------------------------------------------
                         required time                          3.354    
                         arrival time                          -3.097    
  -------------------------------------------------------------------
                         slack                                  0.257    

Slack (MET) :             0.257ns  (required time - arrival time)
  Source:                 student_top_inst/u_KLDJ_top/ifu0/pc_reg_reg[7]_replica_2/C
                            (rising edge-triggered cell FDRE clocked by clk_out2_pll  {rise@0.000ns fall@2.857ns period=5.714ns})
  Destination:            student_top_inst/u_KLDJ_top/ifu0/pc_reg_reg[21]/D
                            (rising edge-triggered cell FDRE clocked by clk_out2_pll  {rise@0.000ns fall@2.857ns period=5.714ns})
  Path Group:             clk_out2_pll
  Path Type:              Setup (Max at Slow Process Corner)
  Requirement:            5.714ns  (clk_out2_pll rise@5.714ns - clk_out2_pll rise@0.000ns)
  Data Path Delay:        5.369ns  (logic 1.384ns (25.777%)  route 3.985ns (74.223%))
  Logic Levels:           10  (CARRY4=2 LUT2=1 LUT5=1 LUT6=4 MUXF7=2)
  Clock Path Skew:        -0.044ns (DCD - SCD + CPR)
    Destination Clock Delay (DCD):    -1.944ns = ( 3.771 - 5.714 ) 
    Source Clock Delay      (SCD):    -2.272ns
    Clock Pessimism Removal (CPR):    -0.373ns
  Clock Uncertainty:      0.077ns  ((TSJ^2 + DJ^2)^1/2) / 2 + PE
    Total System Jitter     (TSJ):    0.071ns
    Discrete Jitter          (DJ):    0.137ns
    Phase Error              (PE):    0.000ns

    Location             Delay type                Incr(ns)  Path(ns)    Netlist Resource(s)
  -------------------------------------------------------------------    -------------------
                         (clock clk_out2_pll rise edge)
                                                      0.000     0.000 r  
    AD12                                              0.000     0.000 r  i_sys_clk_p (IN)
                         net (fo=0)                   0.000     0.000    pll_inst/inst/clk_in1_p
    AD12                                                              r  pll_inst/inst/clkin1_ibufgds/I
    AD12                 IBUFDS (Prop_ibufds_I_O)     0.906     0.906 r  pll_inst/inst/clkin1_ibufgds/O
                         net (fo=1, routed)           1.098     2.004    pll_inst/inst/clk_in1_pll
    PLLE2_ADV_X1Y1                                                    r  pll_inst/inst/plle2_adv_inst/CLKIN1
    PLLE2_ADV_X1Y1       PLLE2_ADV (Prop_plle2_adv_CLKIN1_CLKOUT1)
                                                     -8.058    -6.054 r  pll_inst/inst/plle2_adv_inst/CLKOUT1
                         net (fo=1, routed)           2.128    -3.926    pll_inst/inst/clk_out2_pll
    BUFGCTRL_X0Y0                                                     r  pll_inst/inst/clkout2_buf/I
    BUFGCTRL_X0Y0        BUFG (Prop_bufg_I_O)         0.093    -3.833 r  pll_inst/inst/clkout2_buf/O
                         net (fo=5889, routed)        1.561    -2.272    student_top_inst/u_KLDJ_top/ifu0/clk_out2
    SLICE_X69Y88         FDRE                                         r  student_top_inst/u_KLDJ_top/ifu0/pc_reg_reg[7]_replica_2/C
  -------------------------------------------------------------------    -------------------
    SLICE_X69Y88         FDRE (Prop_fdre_C_Q)         0.223    -2.049 r  student_top_inst/u_KLDJ_top/ifu0/pc_reg_reg[7]_replica_2/Q
                         net (fo=185, routed)         1.453    -0.596    student_top_inst/Mem_IROM/U0/Q[7]_repN_2_alias
    SLICE_X47Y121                                                     r  student_top_inst/Mem_IROM/U0/g31_b16/I5
    SLICE_X47Y121        LUT6 (Prop_lut6_I5_O)        0.043    -0.553 r  student_top_inst/Mem_IROM/U0/g31_b16/O
                         net (fo=1, routed)           0.000    -0.553    student_top_inst/Mem_IROM/U0/g31_b16_n_0
    SLICE_X47Y121                                                     r  student_top_inst/Mem_IROM/U0/spo[17]_INST_0_i_12/I1
    SLICE_X47Y121        MUXF7 (Prop_muxf7_I1_O)      0.108    -0.445 r  student_top_inst/Mem_IROM/U0/spo[17]_INST_0_i_12/O
                         net (fo=1, routed)           0.466     0.021    student_top_inst/Mem_IROM/U0/spo[17]_INST_0_i_12_n_0
    SLICE_X47Y121                                                     r  student_top_inst/Mem_IROM/U0/spo[17]_INST_0_i_5/I0
    SLICE_X47Y121        LUT6 (Prop_lut6_I0_O)        0.124     0.145 r  student_top_inst/Mem_IROM/U0/spo[17]_INST_0_i_5/O
                         net (fo=1, routed)           0.000     0.145    student_top_inst/Mem_IROM/U0/spo[17]_INST_0_i_5_n_0
    SLICE_X47Y121                                                     r  student_top_inst/Mem_IROM/U0/spo[17]_INST_0_i_2/I1
    SLICE_X47Y121        MUXF7 (Prop_muxf7_I1_O)      0.122     0.267 r  student_top_inst/Mem_IROM/U0/spo[17]_INST_0_i_2/O
                         net (fo=1, routed)           0.486     0.753    student_top_inst/Mem_IROM/U0/spo[17]_INST_0_i_2_n_0
    SLICE_X49Y112                                                     r  student_top_inst/Mem_IROM/U0/spo[17]_INST_0/I3
    SLICE_X49Y112        LUT6 (Prop_lut6_I3_O)        0.122     0.875 r  student_top_inst/Mem_IROM/U0/spo[17]_INST_0/O
                         net (fo=2, routed)           0.913     1.788    student_top_inst/u_KLDJ_top/ifu0/spo[12]
    SLICE_X64Y91                                                      r  student_top_inst/u_KLDJ_top/ifu0/pc_reg[19]_i_8/I1
    SLICE_X64Y91         LUT2 (Prop_lut2_I1_O)        0.043     1.831 f  student_top_inst/u_KLDJ_top/ifu0/pc_reg[19]_i_8/O
                         net (fo=1, routed)           0.000     1.831    student_top_inst/u_KLDJ_top/ifu0/pc_reg[19]_i_8_n_0
    SLICE_X64Y91                                                      f  student_top_inst/u_KLDJ_top/ifu0/pc_reg_reg[19]_i_5/S[1]
    SLICE_X64Y91         CARRY4 (Prop_carry4_S[1]_CO[3])
                                                      0.267     2.098 f  student_top_inst/u_KLDJ_top/ifu0/pc_reg_reg[19]_i_5/CO[3]
                         net (fo=1, routed)           0.000     2.098    student_top_inst/u_KLDJ_top/ifu0/pc_reg_reg[19]_i_5_n_0
    SLICE_X64Y92                                                      f  student_top_inst/u_KLDJ_top/ifu0/pc_reg_reg[23]_i_5/CI
    SLICE_X64Y92         CARRY4 (Prop_carry4_CI_O[1])
                                                      0.166     2.264 r  student_top_inst/u_KLDJ_top/ifu0/pc_reg_reg[23]_i_5/O[1]
                         net (fo=1, routed)           0.254     2.518    student_top_inst/u_KLDJ_top/ifu0/if_static_jal_target[21]
    SLICE_X68Y92                                                      r  student_top_inst/u_KLDJ_top/ifu0/pc_reg[21]_i_4/I0
    SLICE_X68Y92         LUT5 (Prop_lut5_I0_O)        0.123     2.641 r  student_top_inst/u_KLDJ_top/ifu0/pc_reg[21]_i_4/O
                         net (fo=1, routed)           0.413     3.054    student_top_inst/u_KLDJ_top/u_pipe_id_ex/dnpc[21]
    SLICE_X72Y91                                                      r  student_top_inst/u_KLDJ_top/u_pipe_id_ex/pc_reg[21]_i_1/I5
    SLICE_X72Y91         LUT6 (Prop_lut6_I5_O)        0.043     3.097 r  student_top_inst/u_KLDJ_top/u_pipe_id_ex/pc_reg[21]_i_1/O
                         net (fo=1, routed)           0.000     3.097    student_top_inst/u_KLDJ_top/ifu0/pc_reg_reg[31]_1[21]
    SLICE_X72Y91         FDRE                                         r  student_top_inst/u_KLDJ_top/ifu0/pc_reg_reg[21]/D
  -------------------------------------------------------------------    -------------------

                         (clock clk_out2_pll rise edge)
                                                      5.714     5.714 r  
    AD12                                              0.000     5.714 r  i_sys_clk_p (IN)
                         net (fo=0)                   0.000     5.714    pll_inst/inst/clk_in1_p
    AD12                                                              r  pll_inst/inst/clkin1_ibufgds/I
    AD12                 IBUFDS (Prop_ibufds_I_O)     0.803     6.518 r  pll_inst/inst/clkin1_ibufgds/O
                         net (fo=1, routed)           1.001     7.519    pll_inst/inst/clk_in1_pll
    PLLE2_ADV_X1Y1                                                    r  pll_inst/inst/plle2_adv_inst/CLKIN1
    PLLE2_ADV_X1Y1       PLLE2_ADV (Prop_plle2_adv_CLKIN1_CLKOUT1)
                                                     -7.261     0.258 r  pll_inst/inst/plle2_adv_inst/CLKOUT1
                         net (fo=1, routed)           2.003     2.261    pll_inst/inst/clk_out2_pll
    BUFGCTRL_X0Y0                                                     r  pll_inst/inst/clkout2_buf/I
    BUFGCTRL_X0Y0        BUFG (Prop_bufg_I_O)         0.083     2.344 r  pll_inst/inst/clkout2_buf/O
                         net (fo=5889, routed)        1.427     3.771    student_top_inst/u_KLDJ_top/ifu0/clk_out2
    SLICE_X72Y91         FDRE                                         r  student_top_inst/u_KLDJ_top/ifu0/pc_reg_reg[21]/C
                         clock pessimism             -0.373     3.398    
                         clock uncertainty           -0.077     3.321    
    SLICE_X72Y91         FDRE (Setup_fdre_C_D)        0.033     3.354    student_top_inst/u_KLDJ_top/ifu0/pc_reg_reg[21]
  -------------------------------------------------------------------
                         required time                          3.354    
                         arrival time                          -3.097    
  -------------------------------------------------------------------
                         slack                                  0.257    

Slack (MET) :             0.257ns  (required time - arrival time)
  Source:                 student_top_inst/u_KLDJ_top/ifu0/pc_reg_reg[7]_replica_2/C
                            (rising edge-triggered cell FDRE clocked by clk_out2_pll  {rise@0.000ns fall@2.857ns period=5.714ns})
  Destination:            student_top_inst/u_KLDJ_top/ifu0/pc_reg_reg[21]/D
                            (rising edge-triggered cell FDRE clocked by clk_out2_pll  {rise@0.000ns fall@2.857ns period=5.714ns})
  Path Group:             clk_out2_pll
  Path Type:              Setup (Max at Slow Process Corner)
  Requirement:            5.714ns  (clk_out2_pll rise@5.714ns - clk_out2_pll rise@0.000ns)
  Data Path Delay:        5.369ns  (logic 1.384ns (25.777%)  route 3.985ns (74.223%))
  Logic Levels:           10  (CARRY4=2 LUT2=1 LUT5=1 LUT6=4 MUXF7=2)
  Clock Path Skew:        -0.044ns (DCD - SCD + CPR)
    Destination Clock Delay (DCD):    -1.944ns = ( 3.771 - 5.714 ) 
    Source Clock Delay      (SCD):    -2.272ns
    Clock Pessimism Removal (CPR):    -0.373ns
  Clock Uncertainty:      0.077ns  ((TSJ^2 + DJ^2)^1/2) / 2 + PE
    Total System Jitter     (TSJ):    0.071ns
    Discrete Jitter          (DJ):    0.137ns
    Phase Error              (PE):    0.000ns

    Location             Delay type                Incr(ns)  Path(ns)    Netlist Resource(s)
  -------------------------------------------------------------------    -------------------
                         (clock clk_out2_pll rise edge)
                                                      0.000     0.000 r  
    AD12                                              0.000     0.000 r  i_sys_clk_p (IN)
                         net (fo=0)                   0.000     0.000    pll_inst/inst/clk_in1_p
    AD12                                                              r  pll_inst/inst/clkin1_ibufgds/I
    AD12                 IBUFDS (Prop_ibufds_I_O)     0.906     0.906 r  pll_inst/inst/clkin1_ibufgds/O
                         net (fo=1, routed)           1.098     2.004    pll_inst/inst/clk_in1_pll
    PLLE2_ADV_X1Y1                                                    r  pll_inst/inst/plle2_adv_inst/CLKIN1
    PLLE2_ADV_X1Y1       PLLE2_ADV (Prop_plle2_adv_CLKIN1_CLKOUT1)
                                                     -8.058    -6.054 r  pll_inst/inst/plle2_adv_inst/CLKOUT1
                         net (fo=1, routed)           2.128    -3.926    pll_inst/inst/clk_out2_pll
    BUFGCTRL_X0Y0                                                     r  pll_inst/inst/clkout2_buf/I
    BUFGCTRL_X0Y0        BUFG (Prop_bufg_I_O)         0.093    -3.833 r  pll_inst/inst/clkout2_buf/O
                         net (fo=5889, routed)        1.561    -2.272    student_top_inst/u_KLDJ_top/ifu0/clk_out2
    SLICE_X69Y88         FDRE                                         r  student_top_inst/u_KLDJ_top/ifu0/pc_reg_reg[7]_replica_2/C
  -------------------------------------------------------------------    -------------------
    SLICE_X69Y88         FDRE (Prop_fdre_C_Q)         0.223    -2.049 f  student_top_inst/u_KLDJ_top/ifu0/pc_reg_reg[7]_replica_2/Q
                         net (fo=185, routed)         1.453    -0.596    student_top_inst/Mem_IROM/U0/Q[7]_repN_2_alias
    SLICE_X47Y121                                                     f  student_top_inst/Mem_IROM/U0/g31_b16/I5
    SLICE_X47Y121        LUT6 (Prop_lut6_I5_O)        0.043    -0.553 r  student_top_inst/Mem_IROM/U0/g31_b16/O
                         net (fo=1, routed)           0.000    -0.553    student_top_inst/Mem_IROM/U0/g31_b16_n_0
    SLICE_X47Y121                                                     r  student_top_inst/Mem_IROM/U0/spo[17]_INST_0_i_12/I1
    SLICE_X47Y121        MUXF7 (Prop_muxf7_I1_O)      0.108    -0.445 r  student_top_inst/Mem_IROM/U0/spo[17]_INST_0_i_12/O
                         net (fo=1, routed)           0.466     0.021    student_top_inst/Mem_IROM/U0/spo[17]_INST_0_i_12_n_0
    SLICE_X47Y121                                                     r  student_top_inst/Mem_IROM/U0/spo[17]_INST_0_i_5/I0
    SLICE_X47Y121        LUT6 (Prop_lut6_I0_O)        0.124     0.145 r  student_top_inst/Mem_IROM/U0/spo[17]_INST_0_i_5/O
                         net (fo=1, routed)           0.000     0.145    student_top_inst/Mem_IROM/U0/spo[17]_INST_0_i_5_n_0
    SLICE_X47Y121                                                     r  student_top_inst/Mem_IROM/U0/spo[17]_INST_0_i_2/I1
    SLICE_X47Y121        MUXF7 (Prop_muxf7_I1_O)      0.122     0.267 r  student_top_inst/Mem_IROM/U0/spo[17]_INST_0_i_2/O
                         net (fo=1, routed)           0.486     0.753    student_top_inst/Mem_IROM/U0/spo[17]_INST_0_i_2_n_0
    SLICE_X49Y112                                                     r  student_top_inst/Mem_IROM/U0/spo[17]_INST_0/I3
    SLICE_X49Y112        LUT6 (Prop_lut6_I3_O)        0.122     0.875 r  student_top_inst/Mem_IROM/U0/spo[17]_INST_0/O
                         net (fo=2, routed)           0.913     1.788    student_top_inst/u_KLDJ_top/ifu0/spo[12]
    SLICE_X64Y91                                                      r  student_top_inst/u_KLDJ_top/ifu0/pc_reg[19]_i_8/I1
    SLICE_X64Y91         LUT2 (Prop_lut2_I1_O)        0.043     1.831 f  student_top_inst/u_KLDJ_top/ifu0/pc_reg[19]_i_8/O
                         net (fo=1, routed)           0.000     1.831    student_top_inst/u_KLDJ_top/ifu0/pc_reg[19]_i_8_n_0
    SLICE_X64Y91                                                      f  student_top_inst/u_KLDJ_top/ifu0/pc_reg_reg[19]_i_5/S[1]
    SLICE_X64Y91         CARRY4 (Prop_carry4_S[1]_CO[3])
                                                      0.267     2.098 f  student_top_inst/u_KLDJ_top/ifu0/pc_reg_reg[19]_i_5/CO[3]
                         net (fo=1, routed)           0.000     2.098    student_top_inst/u_KLDJ_top/ifu0/pc_reg_reg[19]_i_5_n_0
    SLICE_X64Y92                                                      f  student_top_inst/u_KLDJ_top/ifu0/pc_reg_reg[23]_i_5/CI
    SLICE_X64Y92         CARRY4 (Prop_carry4_CI_O[1])
                                                      0.166     2.264 r  student_top_inst/u_KLDJ_top/ifu0/pc_reg_reg[23]_i_5/O[1]
                         net (fo=1, routed)           0.254     2.518    student_top_inst/u_KLDJ_top/ifu0/if_static_jal_target[21]
    SLICE_X68Y92                                                      r  student_top_inst/u_KLDJ_top/ifu0/pc_reg[21]_i_4/I0
    SLICE_X68Y92         LUT5 (Prop_lut5_I0_O)        0.123     2.641 r  student_top_inst/u_KLDJ_top/ifu0/pc_reg[21]_i_4/O
                         net (fo=1, routed)           0.413     3.054    student_top_inst/u_KLDJ_top/u_pipe_id_ex/dnpc[21]
    SLICE_X72Y91                                                      r  student_top_inst/u_KLDJ_top/u_pipe_id_ex/pc_reg[21]_i_1/I5
    SLICE_X72Y91         LUT6 (Prop_lut6_I5_O)        0.043     3.097 r  student_top_inst/u_KLDJ_top/u_pipe_id_ex/pc_reg[21]_i_1/O
                         net (fo=1, routed)           0.000     3.097    student_top_inst/u_KLDJ_top/ifu0/pc_reg_reg[31]_1[21]
    SLICE_X72Y91         FDRE                                         r  student_top_inst/u_KLDJ_top/ifu0/pc_reg_reg[21]/D
  -------------------------------------------------------------------    -------------------

                         (clock clk_out2_pll rise edge)
                                                      5.714     5.714 r  
    AD12                                              0.000     5.714 r  i_sys_clk_p (IN)
                         net (fo=0)                   0.000     5.714    pll_inst/inst/clk_in1_p
    AD12                                                              r  pll_inst/inst/clkin1_ibufgds/I
    AD12                 IBUFDS (Prop_ibufds_I_O)     0.803     6.518 r  pll_inst/inst/clkin1_ibufgds/O
                         net (fo=1, routed)           1.001     7.519    pll_inst/inst/clk_in1_pll
    PLLE2_ADV_X1Y1                                                    r  pll_inst/inst/plle2_adv_inst/CLKIN1
    PLLE2_ADV_X1Y1       PLLE2_ADV (Prop_plle2_adv_CLKIN1_CLKOUT1)
                                                     -7.261     0.258 r  pll_inst/inst/plle2_adv_inst/CLKOUT1
                         net (fo=1, routed)           2.003     2.261    pll_inst/inst/clk_out2_pll
    BUFGCTRL_X0Y0                                                     r  pll_inst/inst/clkout2_buf/I
    BUFGCTRL_X0Y0        BUFG (Prop_bufg_I_O)         0.083     2.344 r  pll_inst/inst/clkout2_buf/O
                         net (fo=5889, routed)        1.427     3.771    student_top_inst/u_KLDJ_top/ifu0/clk_out2
    SLICE_X72Y91         FDRE                                         r  student_top_inst/u_KLDJ_top/ifu0/pc_reg_reg[21]/C
                         clock pessimism             -0.373     3.398    
                         clock uncertainty           -0.077     3.321    
    SLICE_X72Y91         FDRE (Setup_fdre_C_D)        0.033     3.354    student_top_inst/u_KLDJ_top/ifu0/pc_reg_reg[21]
  -------------------------------------------------------------------
                         required time                          3.354    
                         arrival time                          -3.097    
  -------------------------------------------------------------------
                         slack                                  0.257    

Slack (MET) :             0.257ns  (required time - arrival time)
  Source:                 student_top_inst/u_KLDJ_top/ifu0/pc_reg_reg[7]_replica_2/C
                            (rising edge-triggered cell FDRE clocked by clk_out2_pll  {rise@0.000ns fall@2.857ns period=5.714ns})
  Destination:            student_top_inst/u_KLDJ_top/ifu0/pc_reg_reg[21]/D
                            (rising edge-triggered cell FDRE clocked by clk_out2_pll  {rise@0.000ns fall@2.857ns period=5.714ns})
  Path Group:             clk_out2_pll
  Path Type:              Setup (Max at Slow Process Corner)
  Requirement:            5.714ns  (clk_out2_pll rise@5.714ns - clk_out2_pll rise@0.000ns)
  Data Path Delay:        5.369ns  (logic 1.384ns (25.777%)  route 3.985ns (74.223%))
  Logic Levels:           10  (CARRY4=2 LUT2=1 LUT5=1 LUT6=4 MUXF7=2)
  Clock Path Skew:        -0.044ns (DCD - SCD + CPR)
    Destination Clock Delay (DCD):    -1.944ns = ( 3.771 - 5.714 ) 
    Source Clock Delay      (SCD):    -2.272ns
    Clock Pessimism Removal (CPR):    -0.373ns
  Clock Uncertainty:      0.077ns  ((TSJ^2 + DJ^2)^1/2) / 2 + PE
    Total System Jitter     (TSJ):    0.071ns
    Discrete Jitter          (DJ):    0.137ns
    Phase Error              (PE):    0.000ns

    Location             Delay type                Incr(ns)  Path(ns)    Netlist Resource(s)
  -------------------------------------------------------------------    -------------------
                         (clock clk_out2_pll rise edge)
                                                      0.000     0.000 r  
    AD12                                              0.000     0.000 r  i_sys_clk_p (IN)
                         net (fo=0)                   0.000     0.000    pll_inst/inst/clk_in1_p
    AD12                                                              r  pll_inst/inst/clkin1_ibufgds/I
    AD12                 IBUFDS (Prop_ibufds_I_O)     0.906     0.906 r  pll_inst/inst/clkin1_ibufgds/O
                         net (fo=1, routed)           1.098     2.004    pll_inst/inst/clk_in1_pll
    PLLE2_ADV_X1Y1                                                    r  pll_inst/inst/plle2_adv_inst/CLKIN1
    PLLE2_ADV_X1Y1       PLLE2_ADV (Prop_plle2_adv_CLKIN1_CLKOUT1)
                                                     -8.058    -6.054 r  pll_inst/inst/plle2_adv_inst/CLKOUT1
                         net (fo=1, routed)           2.128    -3.926    pll_inst/inst/clk_out2_pll
    BUFGCTRL_X0Y0                                                     r  pll_inst/inst/clkout2_buf/I
    BUFGCTRL_X0Y0        BUFG (Prop_bufg_I_O)         0.093    -3.833 r  pll_inst/inst/clkout2_buf/O
                         net (fo=5889, routed)        1.561    -2.272    student_top_inst/u_KLDJ_top/ifu0/clk_out2
    SLICE_X69Y88         FDRE                                         r  student_top_inst/u_KLDJ_top/ifu0/pc_reg_reg[7]_replica_2/C
  -------------------------------------------------------------------    -------------------
    SLICE_X69Y88         FDRE (Prop_fdre_C_Q)         0.223    -2.049 r  student_top_inst/u_KLDJ_top/ifu0/pc_reg_reg[7]_replica_2/Q
                         net (fo=185, routed)         1.453    -0.596    student_top_inst/Mem_IROM/U0/Q[7]_repN_2_alias
    SLICE_X47Y121                                                     r  student_top_inst/Mem_IROM/U0/g31_b16/I5
    SLICE_X47Y121        LUT6 (Prop_lut6_I5_O)        0.043    -0.553 f  student_top_inst/Mem_IROM/U0/g31_b16/O
                         net (fo=1, routed)           0.000    -0.553    student_top_inst/Mem_IROM/U0/g31_b16_n_0
    SLICE_X47Y121                                                     f  student_top_inst/Mem_IROM/U0/spo[17]_INST_0_i_12/I1
    SLICE_X47Y121        MUXF7 (Prop_muxf7_I1_O)      0.108    -0.445 f  student_top_inst/Mem_IROM/U0/spo[17]_INST_0_i_12/O
                         net (fo=1, routed)           0.466     0.021    student_top_inst/Mem_IROM/U0/spo[17]_INST_0_i_12_n_0
    SLICE_X47Y121                                                     f  student_top_inst/Mem_IROM/U0/spo[17]_INST_0_i_5/I0
    SLICE_X47Y121        LUT6 (Prop_lut6_I0_O)        0.124     0.145 f  student_top_inst/Mem_IROM/U0/spo[17]_INST_0_i_5/O
                         net (fo=1, routed)           0.000     0.145    student_top_inst/Mem_IROM/U0/spo[17]_INST_0_i_5_n_0
    SLICE_X47Y121                                                     f  student_top_inst/Mem_IROM/U0/spo[17]_INST_0_i_2/I1
    SLICE_X47Y121        MUXF7 (Prop_muxf7_I1_O)      0.122     0.267 f  student_top_inst/Mem_IROM/U0/spo[17]_INST_0_i_2/O
                         net (fo=1, routed)           0.486     0.753    student_top_inst/Mem_IROM/U0/spo[17]_INST_0_i_2_n_0
    SLICE_X49Y112                                                     f  student_top_inst/Mem_IROM/U0/spo[17]_INST_0/I3
    SLICE_X49Y112        LUT6 (Prop_lut6_I3_O)        0.122     0.875 f  student_top_inst/Mem_IROM/U0/spo[17]_INST_0/O
                         net (fo=2, routed)           0.913     1.788    student_top_inst/u_KLDJ_top/ifu0/spo[12]
    SLICE_X64Y91                                                      f  student_top_inst/u_KLDJ_top/ifu0/pc_reg[19]_i_8/I1
    SLICE_X64Y91         LUT2 (Prop_lut2_I1_O)        0.043     1.831 f  student_top_inst/u_KLDJ_top/ifu0/pc_reg[19]_i_8/O
                         net (fo=1, routed)           0.000     1.831    student_top_inst/u_KLDJ_top/ifu0/pc_reg[19]_i_8_n_0
    SLICE_X64Y91                                                      f  student_top_inst/u_KLDJ_top/ifu0/pc_reg_reg[19]_i_5/S[1]
    SLICE_X64Y91         CARRY4 (Prop_carry4_S[1]_CO[3])
                                                      0.267     2.098 f  student_top_inst/u_KLDJ_top/ifu0/pc_reg_reg[19]_i_5/CO[3]
                         net (fo=1, routed)           0.000     2.098    student_top_inst/u_KLDJ_top/ifu0/pc_reg_reg[19]_i_5_n_0
    SLICE_X64Y92                                                      f  student_top_inst/u_KLDJ_top/ifu0/pc_reg_reg[23]_i_5/CI
    SLICE_X64Y92         CARRY4 (Prop_carry4_CI_O[1])
                                                      0.166     2.264 r  student_top_inst/u_KLDJ_top/ifu0/pc_reg_reg[23]_i_5/O[1]
                         net (fo=1, routed)           0.254     2.518    student_top_inst/u_KLDJ_top/ifu0/if_static_jal_target[21]
    SLICE_X68Y92                                                      r  student_top_inst/u_KLDJ_top/ifu0/pc_reg[21]_i_4/I0
    SLICE_X68Y92         LUT5 (Prop_lut5_I0_O)        0.123     2.641 r  student_top_inst/u_KLDJ_top/ifu0/pc_reg[21]_i_4/O
                         net (fo=1, routed)           0.413     3.054    student_top_inst/u_KLDJ_top/u_pipe_id_ex/dnpc[21]
    SLICE_X72Y91                                                      r  student_top_inst/u_KLDJ_top/u_pipe_id_ex/pc_reg[21]_i_1/I5
    SLICE_X72Y91         LUT6 (Prop_lut6_I5_O)        0.043     3.097 r  student_top_inst/u_KLDJ_top/u_pipe_id_ex/pc_reg[21]_i_1/O
                         net (fo=1, routed)           0.000     3.097    student_top_inst/u_KLDJ_top/ifu0/pc_reg_reg[31]_1[21]
    SLICE_X72Y91         FDRE                                         r  student_top_inst/u_KLDJ_top/ifu0/pc_reg_reg[21]/D
  -------------------------------------------------------------------    -------------------

                         (clock clk_out2_pll rise edge)
                                                      5.714     5.714 r  
    AD12                                              0.000     5.714 r  i_sys_clk_p (IN)
                         net (fo=0)                   0.000     5.714    pll_inst/inst/clk_in1_p
    AD12                                                              r  pll_inst/inst/clkin1_ibufgds/I
    AD12                 IBUFDS (Prop_ibufds_I_O)     0.803     6.518 r  pll_inst/inst/clkin1_ibufgds/O
                         net (fo=1, routed)           1.001     7.519    pll_inst/inst/clk_in1_pll
    PLLE2_ADV_X1Y1                                                    r  pll_inst/inst/plle2_adv_inst/CLKIN1
    PLLE2_ADV_X1Y1       PLLE2_ADV (Prop_plle2_adv_CLKIN1_CLKOUT1)
                                                     -7.261     0.258 r  pll_inst/inst/plle2_adv_inst/CLKOUT1
                         net (fo=1, routed)           2.003     2.261    pll_inst/inst/clk_out2_pll
    BUFGCTRL_X0Y0                                                     r  pll_inst/inst/clkout2_buf/I
    BUFGCTRL_X0Y0        BUFG (Prop_bufg_I_O)         0.083     2.344 r  pll_inst/inst/clkout2_buf/O
                         net (fo=5889, routed)        1.427     3.771    student_top_inst/u_KLDJ_top/ifu0/clk_out2
    SLICE_X72Y91         FDRE                                         r  student_top_inst/u_KLDJ_top/ifu0/pc_reg_reg[21]/C
                         clock pessimism             -0.373     3.398    
                         clock uncertainty           -0.077     3.321    
    SLICE_X72Y91         FDRE (Setup_fdre_C_D)        0.033     3.354    student_top_inst/u_KLDJ_top/ifu0/pc_reg_reg[21]
  -------------------------------------------------------------------
                         required time                          3.354    
                         arrival time                          -3.097    
  -------------------------------------------------------------------
                         slack                                  0.257    

Slack (MET) :             0.257ns  (required time - arrival time)
  Source:                 student_top_inst/u_KLDJ_top/ifu0/pc_reg_reg[7]_replica_2/C
                            (rising edge-triggered cell FDRE clocked by clk_out2_pll  {rise@0.000ns fall@2.857ns period=5.714ns})
  Destination:            student_top_inst/u_KLDJ_top/ifu0/pc_reg_reg[21]/D
                            (rising edge-triggered cell FDRE clocked by clk_out2_pll  {rise@0.000ns fall@2.857ns period=5.714ns})
  Path Group:             clk_out2_pll
  Path Type:              Setup (Max at Slow Process Corner)
  Requirement:            5.714ns  (clk_out2_pll rise@5.714ns - clk_out2_pll rise@0.000ns)
  Data Path Delay:        5.369ns  (logic 1.384ns (25.777%)  route 3.985ns (74.223%))
  Logic Levels:           10  (CARRY4=2 LUT2=1 LUT5=1 LUT6=4 MUXF7=2)
  Clock Path Skew:        -0.044ns (DCD - SCD + CPR)
    Destination Clock Delay (DCD):    -1.944ns = ( 3.771 - 5.714 ) 
    Source Clock Delay      (SCD):    -2.272ns
    Clock Pessimism Removal (CPR):    -0.373ns
  Clock Uncertainty:      0.077ns  ((TSJ^2 + DJ^2)^1/2) / 2 + PE
    Total System Jitter     (TSJ):    0.071ns
    Discrete Jitter          (DJ):    0.137ns
    Phase Error              (PE):    0.000ns

    Location             Delay type                Incr(ns)  Path(ns)    Netlist Resource(s)
  -------------------------------------------------------------------    -------------------
                         (clock clk_out2_pll rise edge)
                                                      0.000     0.000 r  
    AD12                                              0.000     0.000 r  i_sys_clk_p (IN)
                         net (fo=0)                   0.000     0.000    pll_inst/inst/clk_in1_p
    AD12                                                              r  pll_inst/inst/clkin1_ibufgds/I
    AD12                 IBUFDS (Prop_ibufds_I_O)     0.906     0.906 r  pll_inst/inst/clkin1_ibufgds/O
                         net (fo=1, routed)           1.098     2.004    pll_inst/inst/clk_in1_pll
    PLLE2_ADV_X1Y1                                                    r  pll_inst/inst/plle2_adv_inst/CLKIN1
    PLLE2_ADV_X1Y1       PLLE2_ADV (Prop_plle2_adv_CLKIN1_CLKOUT1)
                                                     -8.058    -6.054 r  pll_inst/inst/plle2_adv_inst/CLKOUT1
                         net (fo=1, routed)           2.128    -3.926    pll_inst/inst/clk_out2_pll
    BUFGCTRL_X0Y0                                                     r  pll_inst/inst/clkout2_buf/I
    BUFGCTRL_X0Y0        BUFG (Prop_bufg_I_O)         0.093    -3.833 r  pll_inst/inst/clkout2_buf/O
                         net (fo=5889, routed)        1.561    -2.272    student_top_inst/u_KLDJ_top/ifu0/clk_out2
    SLICE_X69Y88         FDRE                                         r  student_top_inst/u_KLDJ_top/ifu0/pc_reg_reg[7]_replica_2/C
  -------------------------------------------------------------------    -------------------
    SLICE_X69Y88         FDRE (Prop_fdre_C_Q)         0.223    -2.049 f  student_top_inst/u_KLDJ_top/ifu0/pc_reg_reg[7]_replica_2/Q
                         net (fo=185, routed)         1.453    -0.596    student_top_inst/Mem_IROM/U0/Q[7]_repN_2_alias
    SLICE_X47Y121                                                     f  student_top_inst/Mem_IROM/U0/g31_b16/I5
    SLICE_X47Y121        LUT6 (Prop_lut6_I5_O)        0.043    -0.553 f  student_top_inst/Mem_IROM/U0/g31_b16/O
                         net (fo=1, routed)           0.000    -0.553    student_top_inst/Mem_IROM/U0/g31_b16_n_0
    SLICE_X47Y121                                                     f  student_top_inst/Mem_IROM/U0/spo[17]_INST_0_i_12/I1
    SLICE_X47Y121        MUXF7 (Prop_muxf7_I1_O)      0.108    -0.445 f  student_top_inst/Mem_IROM/U0/spo[17]_INST_0_i_12/O
                         net (fo=1, routed)           0.466     0.021    student_top_inst/Mem_IROM/U0/spo[17]_INST_0_i_12_n_0
    SLICE_X47Y121                                                     f  student_top_inst/Mem_IROM/U0/spo[17]_INST_0_i_5/I0
    SLICE_X47Y121        LUT6 (Prop_lut6_I0_O)        0.124     0.145 f  student_top_inst/Mem_IROM/U0/spo[17]_INST_0_i_5/O
                         net (fo=1, routed)           0.000     0.145    student_top_inst/Mem_IROM/U0/spo[17]_INST_0_i_5_n_0
    SLICE_X47Y121                                                     f  student_top_inst/Mem_IROM/U0/spo[17]_INST_0_i_2/I1
    SLICE_X47Y121        MUXF7 (Prop_muxf7_I1_O)      0.122     0.267 f  student_top_inst/Mem_IROM/U0/spo[17]_INST_0_i_2/O
                         net (fo=1, routed)           0.486     0.753    student_top_inst/Mem_IROM/U0/spo[17]_INST_0_i_2_n_0
    SLICE_X49Y112                                                     f  student_top_inst/Mem_IROM/U0/spo[17]_INST_0/I3
    SLICE_X49Y112        LUT6 (Prop_lut6_I3_O)        0.122     0.875 f  student_top_inst/Mem_IROM/U0/spo[17]_INST_0/O
                         net (fo=2, routed)           0.913     1.788    student_top_inst/u_KLDJ_top/ifu0/spo[12]
    SLICE_X64Y91                                                      f  student_top_inst/u_KLDJ_top/ifu0/pc_reg[19]_i_8/I1
    SLICE_X64Y91         LUT2 (Prop_lut2_I1_O)        0.043     1.831 f  student_top_inst/u_KLDJ_top/ifu0/pc_reg[19]_i_8/O
                         net (fo=1, routed)           0.000     1.831    student_top_inst/u_KLDJ_top/ifu0/pc_reg[19]_i_8_n_0
    SLICE_X64Y91                                                      f  student_top_inst/u_KLDJ_top/ifu0/pc_reg_reg[19]_i_5/S[1]
    SLICE_X64Y91         CARRY4 (Prop_carry4_S[1]_CO[3])
                                                      0.267     2.098 f  student_top_inst/u_KLDJ_top/ifu0/pc_reg_reg[19]_i_5/CO[3]
                         net (fo=1, routed)           0.000     2.098    student_top_inst/u_KLDJ_top/ifu0/pc_reg_reg[19]_i_5_n_0
    SLICE_X64Y92                                                      f  student_top_inst/u_KLDJ_top/ifu0/pc_reg_reg[23]_i_5/CI
    SLICE_X64Y92         CARRY4 (Prop_carry4_CI_O[1])
                                                      0.166     2.264 r  student_top_inst/u_KLDJ_top/ifu0/pc_reg_reg[23]_i_5/O[1]
                         net (fo=1, routed)           0.254     2.518    student_top_inst/u_KLDJ_top/ifu0/if_static_jal_target[21]
    SLICE_X68Y92                                                      r  student_top_inst/u_KLDJ_top/ifu0/pc_reg[21]_i_4/I0
    SLICE_X68Y92         LUT5 (Prop_lut5_I0_O)        0.123     2.641 r  student_top_inst/u_KLDJ_top/ifu0/pc_reg[21]_i_4/O
                         net (fo=1, routed)           0.413     3.054    student_top_inst/u_KLDJ_top/u_pipe_id_ex/dnpc[21]
    SLICE_X72Y91                                                      r  student_top_inst/u_KLDJ_top/u_pipe_id_ex/pc_reg[21]_i_1/I5
    SLICE_X72Y91         LUT6 (Prop_lut6_I5_O)        0.043     3.097 r  student_top_inst/u_KLDJ_top/u_pipe_id_ex/pc_reg[21]_i_1/O
                         net (fo=1, routed)           0.000     3.097    student_top_inst/u_KLDJ_top/ifu0/pc_reg_reg[31]_1[21]
    SLICE_X72Y91         FDRE                                         r  student_top_inst/u_KLDJ_top/ifu0/pc_reg_reg[21]/D
  -------------------------------------------------------------------    -------------------

                         (clock clk_out2_pll rise edge)
                                                      5.714     5.714 r  
    AD12                                              0.000     5.714 r  i_sys_clk_p (IN)
                         net (fo=0)                   0.000     5.714    pll_inst/inst/clk_in1_p
    AD12                                                              r  pll_inst/inst/clkin1_ibufgds/I
    AD12                 IBUFDS (Prop_ibufds_I_O)     0.803     6.518 r  pll_inst/inst/clkin1_ibufgds/O
                         net (fo=1, routed)           1.001     7.519    pll_inst/inst/clk_in1_pll
    PLLE2_ADV_X1Y1                                                    r  pll_inst/inst/plle2_adv_inst/CLKIN1
    PLLE2_ADV_X1Y1       PLLE2_ADV (Prop_plle2_adv_CLKIN1_CLKOUT1)
                                                     -7.261     0.258 r  pll_inst/inst/plle2_adv_inst/CLKOUT1
                         net (fo=1, routed)           2.003     2.261    pll_inst/inst/clk_out2_pll
    BUFGCTRL_X0Y0                                                     r  pll_inst/inst/clkout2_buf/I
    BUFGCTRL_X0Y0        BUFG (Prop_bufg_I_O)         0.083     2.344 r  pll_inst/inst/clkout2_buf/O
                         net (fo=5889, routed)        1.427     3.771    student_top_inst/u_KLDJ_top/ifu0/clk_out2
    SLICE_X72Y91         FDRE                                         r  student_top_inst/u_KLDJ_top/ifu0/pc_reg_reg[21]/C
                         clock pessimism             -0.373     3.398    
                         clock uncertainty           -0.077     3.321    
    SLICE_X72Y91         FDRE (Setup_fdre_C_D)        0.033     3.354    student_top_inst/u_KLDJ_top/ifu0/pc_reg_reg[21]
  -------------------------------------------------------------------
                         required time                          3.354    
                         arrival time                          -3.097    
  -------------------------------------------------------------------
                         slack                                  0.257    

Slack (MET) :             0.257ns  (required time - arrival time)
  Source:                 student_top_inst/u_KLDJ_top/ifu0/pc_reg_reg[7]_replica_2/C
                            (rising edge-triggered cell FDRE clocked by clk_out2_pll  {rise@0.000ns fall@2.857ns period=5.714ns})
  Destination:            student_top_inst/u_KLDJ_top/ifu0/pc_reg_reg[21]/D
                            (rising edge-triggered cell FDRE clocked by clk_out2_pll  {rise@0.000ns fall@2.857ns period=5.714ns})
  Path Group:             clk_out2_pll
  Path Type:              Setup (Max at Slow Process Corner)
  Requirement:            5.714ns  (clk_out2_pll rise@5.714ns - clk_out2_pll rise@0.000ns)
  Data Path Delay:        5.369ns  (logic 1.384ns (25.777%)  route 3.985ns (74.223%))
  Logic Levels:           10  (CARRY4=2 LUT2=1 LUT5=1 LUT6=4 MUXF7=2)
  Clock Path Skew:        -0.044ns (DCD - SCD + CPR)
    Destination Clock Delay (DCD):    -1.944ns = ( 3.771 - 5.714 ) 
    Source Clock Delay      (SCD):    -2.272ns
    Clock Pessimism Removal (CPR):    -0.373ns
  Clock Uncertainty:      0.077ns  ((TSJ^2 + DJ^2)^1/2) / 2 + PE
    Total System Jitter     (TSJ):    0.071ns
    Discrete Jitter          (DJ):    0.137ns
    Phase Error              (PE):    0.000ns

    Location             Delay type                Incr(ns)  Path(ns)    Netlist Resource(s)
  -------------------------------------------------------------------    -------------------
                         (clock clk_out2_pll rise edge)
                                                      0.000     0.000 r  
    AD12                                              0.000     0.000 r  i_sys_clk_p (IN)
                         net (fo=0)                   0.000     0.000    pll_inst/inst/clk_in1_p
    AD12                                                              r  pll_inst/inst/clkin1_ibufgds/I
    AD12                 IBUFDS (Prop_ibufds_I_O)     0.906     0.906 r  pll_inst/inst/clkin1_ibufgds/O
                         net (fo=1, routed)           1.098     2.004    pll_inst/inst/clk_in1_pll
    PLLE2_ADV_X1Y1                                                    r  pll_inst/inst/plle2_adv_inst/CLKIN1
    PLLE2_ADV_X1Y1       PLLE2_ADV (Prop_plle2_adv_CLKIN1_CLKOUT1)
                                                     -8.058    -6.054 r  pll_inst/inst/plle2_adv_inst/CLKOUT1
                         net (fo=1, routed)           2.128    -3.926    pll_inst/inst/clk_out2_pll
    BUFGCTRL_X0Y0                                                     r  pll_inst/inst/clkout2_buf/I
    BUFGCTRL_X0Y0        BUFG (Prop_bufg_I_O)         0.093    -3.833 r  pll_inst/inst/clkout2_buf/O
                         net (fo=5889, routed)        1.561    -2.272    student_top_inst/u_KLDJ_top/ifu0/clk_out2
    SLICE_X69Y88         FDRE                                         r  student_top_inst/u_KLDJ_top/ifu0/pc_reg_reg[7]_replica_2/C
  -------------------------------------------------------------------    -------------------
    SLICE_X69Y88         FDRE (Prop_fdre_C_Q)         0.223    -2.049 r  student_top_inst/u_KLDJ_top/ifu0/pc_reg_reg[7]_replica_2/Q
                         net (fo=185, routed)         1.453    -0.596    student_top_inst/Mem_IROM/U0/Q[7]_repN_2_alias
    SLICE_X47Y121                                                     r  student_top_inst/Mem_IROM/U0/g31_b16/I5
    SLICE_X47Y121        LUT6 (Prop_lut6_I5_O)        0.043    -0.553 r  student_top_inst/Mem_IROM/U0/g31_b16/O
                         net (fo=1, routed)           0.000    -0.553    student_top_inst/Mem_IROM/U0/g31_b16_n_0
    SLICE_X47Y121                                                     r  student_top_inst/Mem_IROM/U0/spo[17]_INST_0_i_12/I1
    SLICE_X47Y121        MUXF7 (Prop_muxf7_I1_O)      0.108    -0.445 r  student_top_inst/Mem_IROM/U0/spo[17]_INST_0_i_12/O
                         net (fo=1, routed)           0.466     0.021    student_top_inst/Mem_IROM/U0/spo[17]_INST_0_i_12_n_0
    SLICE_X47Y121                                                     r  student_top_inst/Mem_IROM/U0/spo[17]_INST_0_i_5/I0
    SLICE_X47Y121        LUT6 (Prop_lut6_I0_O)        0.124     0.145 r  student_top_inst/Mem_IROM/U0/spo[17]_INST_0_i_5/O
                         net (fo=1, routed)           0.000     0.145    student_top_inst/Mem_IROM/U0/spo[17]_INST_0_i_5_n_0
    SLICE_X47Y121                                                     r  student_top_inst/Mem_IROM/U0/spo[17]_INST_0_i_2/I1
    SLICE_X47Y121        MUXF7 (Prop_muxf7_I1_O)      0.122     0.267 r  student_top_inst/Mem_IROM/U0/spo[17]_INST_0_i_2/O
                         net (fo=1, routed)           0.486     0.753    student_top_inst/Mem_IROM/U0/spo[17]_INST_0_i_2_n_0
    SLICE_X49Y112                                                     r  student_top_inst/Mem_IROM/U0/spo[17]_INST_0/I3
    SLICE_X49Y112        LUT6 (Prop_lut6_I3_O)        0.122     0.875 r  student_top_inst/Mem_IROM/U0/spo[17]_INST_0/O
                         net (fo=2, routed)           0.913     1.788    student_top_inst/u_KLDJ_top/ifu0/spo[12]
    SLICE_X64Y91                                                      r  student_top_inst/u_KLDJ_top/ifu0/pc_reg[19]_i_8/I1
    SLICE_X64Y91         LUT2 (Prop_lut2_I1_O)        0.043     1.831 r  student_top_inst/u_KLDJ_top/ifu0/pc_reg[19]_i_8/O
                         net (fo=1, routed)           0.000     1.831    student_top_inst/u_KLDJ_top/ifu0/pc_reg[19]_i_8_n_0
    SLICE_X64Y91                                                      r  student_top_inst/u_KLDJ_top/ifu0/pc_reg_reg[19]_i_5/S[1]
    SLICE_X64Y91         CARRY4 (Prop_carry4_S[1]_CO[3])
                                                      0.267     2.098 r  student_top_inst/u_KLDJ_top/ifu0/pc_reg_reg[19]_i_5/CO[3]
                         net (fo=1, routed)           0.000     2.098    student_top_inst/u_KLDJ_top/ifu0/pc_reg_reg[19]_i_5_n_0
    SLICE_X64Y92                                                      r  student_top_inst/u_KLDJ_top/ifu0/pc_reg_reg[23]_i_5/CI
    SLICE_X64Y92         CARRY4 (Prop_carry4_CI_O[1])
                                                      0.166     2.264 f  student_top_inst/u_KLDJ_top/ifu0/pc_reg_reg[23]_i_5/O[1]
                         net (fo=1, routed)           0.254     2.518    student_top_inst/u_KLDJ_top/ifu0/if_static_jal_target[21]
    SLICE_X68Y92                                                      f  student_top_inst/u_KLDJ_top/ifu0/pc_reg[21]_i_4/I0
    SLICE_X68Y92         LUT5 (Prop_lut5_I0_O)        0.123     2.641 f  student_top_inst/u_KLDJ_top/ifu0/pc_reg[21]_i_4/O
                         net (fo=1, routed)           0.413     3.054    student_top_inst/u_KLDJ_top/u_pipe_id_ex/dnpc[21]
    SLICE_X72Y91                                                      f  student_top_inst/u_KLDJ_top/u_pipe_id_ex/pc_reg[21]_i_1/I5
    SLICE_X72Y91         LUT6 (Prop_lut6_I5_O)        0.043     3.097 f  student_top_inst/u_KLDJ_top/u_pipe_id_ex/pc_reg[21]_i_1/O
                         net (fo=1, routed)           0.000     3.097    student_top_inst/u_KLDJ_top/ifu0/pc_reg_reg[31]_1[21]
    SLICE_X72Y91         FDRE                                         f  student_top_inst/u_KLDJ_top/ifu0/pc_reg_reg[21]/D
  -------------------------------------------------------------------    -------------------

                         (clock clk_out2_pll rise edge)
                                                      5.714     5.714 r  
    AD12                                              0.000     5.714 r  i_sys_clk_p (IN)
                         net (fo=0)                   0.000     5.714    pll_inst/inst/clk_in1_p
    AD12                                                              r  pll_inst/inst/clkin1_ibufgds/I
    AD12                 IBUFDS (Prop_ibufds_I_O)     0.803     6.518 r  pll_inst/inst/clkin1_ibufgds/O
                         net (fo=1, routed)           1.001     7.519    pll_inst/inst/clk_in1_pll
    PLLE2_ADV_X1Y1                                                    r  pll_inst/inst/plle2_adv_inst/CLKIN1
    PLLE2_ADV_X1Y1       PLLE2_ADV (Prop_plle2_adv_CLKIN1_CLKOUT1)
                                                     -7.261     0.258 r  pll_inst/inst/plle2_adv_inst/CLKOUT1
                         net (fo=1, routed)           2.003     2.261    pll_inst/inst/clk_out2_pll
    BUFGCTRL_X0Y0                                                     r  pll_inst/inst/clkout2_buf/I
    BUFGCTRL_X0Y0        BUFG (Prop_bufg_I_O)         0.083     2.344 r  pll_inst/inst/clkout2_buf/O
                         net (fo=5889, routed)        1.427     3.771    student_top_inst/u_KLDJ_top/ifu0/clk_out2
    SLICE_X72Y91         FDRE                                         r  student_top_inst/u_KLDJ_top/ifu0/pc_reg_reg[21]/C
                         clock pessimism             -0.373     3.398    
                         clock uncertainty           -0.077     3.321    
    SLICE_X72Y91         FDRE (Setup_fdre_C_D)        0.033     3.354    student_top_inst/u_KLDJ_top/ifu0/pc_reg_reg[21]
  -------------------------------------------------------------------
                         required time                          3.354    
                         arrival time                          -3.097    
  -------------------------------------------------------------------
                         slack                                  0.257    

Slack (MET) :             0.257ns  (required time - arrival time)
  Source:                 student_top_inst/u_KLDJ_top/ifu0/pc_reg_reg[7]_replica_2/C
                            (rising edge-triggered cell FDRE clocked by clk_out2_pll  {rise@0.000ns fall@2.857ns period=5.714ns})
  Destination:            student_top_inst/u_KLDJ_top/ifu0/pc_reg_reg[21]/D
                            (rising edge-triggered cell FDRE clocked by clk_out2_pll  {rise@0.000ns fall@2.857ns period=5.714ns})
  Path Group:             clk_out2_pll
  Path Type:              Setup (Max at Slow Process Corner)
  Requirement:            5.714ns  (clk_out2_pll rise@5.714ns - clk_out2_pll rise@0.000ns)
  Data Path Delay:        5.369ns  (logic 1.384ns (25.777%)  route 3.985ns (74.223%))
  Logic Levels:           10  (CARRY4=2 LUT2=1 LUT5=1 LUT6=4 MUXF7=2)
  Clock Path Skew:        -0.044ns (DCD - SCD + CPR)
    Destination Clock Delay (DCD):    -1.944ns = ( 3.771 - 5.714 ) 
    Source Clock Delay      (SCD):    -2.272ns
    Clock Pessimism Removal (CPR):    -0.373ns
  Clock Uncertainty:      0.077ns  ((TSJ^2 + DJ^2)^1/2) / 2 + PE
    Total System Jitter     (TSJ):    0.071ns
    Discrete Jitter          (DJ):    0.137ns
    Phase Error              (PE):    0.000ns

    Location             Delay type                Incr(ns)  Path(ns)    Netlist Resource(s)
  -------------------------------------------------------------------    -------------------
                         (clock clk_out2_pll rise edge)
                                                      0.000     0.000 r  
    AD12                                              0.000     0.000 r  i_sys_clk_p (IN)
                         net (fo=0)                   0.000     0.000    pll_inst/inst/clk_in1_p
    AD12                                                              r  pll_inst/inst/clkin1_ibufgds/I
    AD12                 IBUFDS (Prop_ibufds_I_O)     0.906     0.906 r  pll_inst/inst/clkin1_ibufgds/O
                         net (fo=1, routed)           1.098     2.004    pll_inst/inst/clk_in1_pll
    PLLE2_ADV_X1Y1                                                    r  pll_inst/inst/plle2_adv_inst/CLKIN1
    PLLE2_ADV_X1Y1       PLLE2_ADV (Prop_plle2_adv_CLKIN1_CLKOUT1)
                                                     -8.058    -6.054 r  pll_inst/inst/plle2_adv_inst/CLKOUT1
                         net (fo=1, routed)           2.128    -3.926    pll_inst/inst/clk_out2_pll
    BUFGCTRL_X0Y0                                                     r  pll_inst/inst/clkout2_buf/I
    BUFGCTRL_X0Y0        BUFG (Prop_bufg_I_O)         0.093    -3.833 r  pll_inst/inst/clkout2_buf/O
                         net (fo=5889, routed)        1.561    -2.272    student_top_inst/u_KLDJ_top/ifu0/clk_out2
    SLICE_X69Y88         FDRE                                         r  student_top_inst/u_KLDJ_top/ifu0/pc_reg_reg[7]_replica_2/C
  -------------------------------------------------------------------    -------------------
    SLICE_X69Y88         FDRE (Prop_fdre_C_Q)         0.223    -2.049 r  student_top_inst/u_KLDJ_top/ifu0/pc_reg_reg[7]_replica_2/Q
                         net (fo=185, routed)         1.453    -0.596    student_top_inst/Mem_IROM/U0/Q[7]_repN_2_alias
    SLICE_X47Y121                                                     r  student_top_inst/Mem_IROM/U0/g31_b16/I5
    SLICE_X47Y121        LUT6 (Prop_lut6_I5_O)        0.043    -0.553 f  student_top_inst/Mem_IROM/U0/g31_b16/O
                         net (fo=1, routed)           0.000    -0.553    student_top_inst/Mem_IROM/U0/g31_b16_n_0
    SLICE_X47Y121                                                     f  student_top_inst/Mem_IROM/U0/spo[17]_INST_0_i_12/I1
    SLICE_X47Y121        MUXF7 (Prop_muxf7_I1_O)      0.108    -0.445 f  student_top_inst/Mem_IROM/U0/spo[17]_INST_0_i_12/O
                         net (fo=1, routed)           0.466     0.021    student_top_inst/Mem_IROM/U0/spo[17]_INST_0_i_12_n_0
    SLICE_X47Y121                                                     f  student_top_inst/Mem_IROM/U0/spo[17]_INST_0_i_5/I0
    SLICE_X47Y121        LUT6 (Prop_lut6_I0_O)        0.124     0.145 f  student_top_inst/Mem_IROM/U0/spo[17]_INST_0_i_5/O
                         net (fo=1, routed)           0.000     0.145    student_top_inst/Mem_IROM/U0/spo[17]_INST_0_i_5_n_0
    SLICE_X47Y121                                                     f  student_top_inst/Mem_IROM/U0/spo[17]_INST_0_i_2/I1
    SLICE_X47Y121        MUXF7 (Prop_muxf7_I1_O)      0.122     0.267 f  student_top_inst/Mem_IROM/U0/spo[17]_INST_0_i_2/O
                         net (fo=1, routed)           0.486     0.753    student_top_inst/Mem_IROM/U0/spo[17]_INST_0_i_2_n_0
    SLICE_X49Y112                                                     f  student_top_inst/Mem_IROM/U0/spo[17]_INST_0/I3
    SLICE_X49Y112        LUT6 (Prop_lut6_I3_O)        0.122     0.875 f  student_top_inst/Mem_IROM/U0/spo[17]_INST_0/O
                         net (fo=2, routed)           0.913     1.788    student_top_inst/u_KLDJ_top/ifu0/spo[12]
    SLICE_X64Y91                                                      f  student_top_inst/u_KLDJ_top/ifu0/pc_reg[19]_i_8/I1
    SLICE_X64Y91         LUT2 (Prop_lut2_I1_O)        0.043     1.831 r  student_top_inst/u_KLDJ_top/ifu0/pc_reg[19]_i_8/O
                         net (fo=1, routed)           0.000     1.831    student_top_inst/u_KLDJ_top/ifu0/pc_reg[19]_i_8_n_0
    SLICE_X64Y91                                                      r  student_top_inst/u_KLDJ_top/ifu0/pc_reg_reg[19]_i_5/S[1]
    SLICE_X64Y91         CARRY4 (Prop_carry4_S[1]_CO[3])
                                                      0.267     2.098 r  student_top_inst/u_KLDJ_top/ifu0/pc_reg_reg[19]_i_5/CO[3]
                         net (fo=1, routed)           0.000     2.098    student_top_inst/u_KLDJ_top/ifu0/pc_reg_reg[19]_i_5_n_0
    SLICE_X64Y92                                                      r  student_top_inst/u_KLDJ_top/ifu0/pc_reg_reg[23]_i_5/CI
    SLICE_X64Y92         CARRY4 (Prop_carry4_CI_O[1])
                                                      0.166     2.264 f  student_top_inst/u_KLDJ_top/ifu0/pc_reg_reg[23]_i_5/O[1]
                         net (fo=1, routed)           0.254     2.518    student_top_inst/u_KLDJ_top/ifu0/if_static_jal_target[21]
    SLICE_X68Y92                                                      f  student_top_inst/u_KLDJ_top/ifu0/pc_reg[21]_i_4/I0
    SLICE_X68Y92         LUT5 (Prop_lut5_I0_O)        0.123     2.641 f  student_top_inst/u_KLDJ_top/ifu0/pc_reg[21]_i_4/O
                         net (fo=1, routed)           0.413     3.054    student_top_inst/u_KLDJ_top/u_pipe_id_ex/dnpc[21]
    SLICE_X72Y91                                                      f  student_top_inst/u_KLDJ_top/u_pipe_id_ex/pc_reg[21]_i_1/I5
    SLICE_X72Y91         LUT6 (Prop_lut6_I5_O)        0.043     3.097 f  student_top_inst/u_KLDJ_top/u_pipe_id_ex/pc_reg[21]_i_1/O
                         net (fo=1, routed)           0.000     3.097    student_top_inst/u_KLDJ_top/ifu0/pc_reg_reg[31]_1[21]
    SLICE_X72Y91         FDRE                                         f  student_top_inst/u_KLDJ_top/ifu0/pc_reg_reg[21]/D
  -------------------------------------------------------------------    -------------------

                         (clock clk_out2_pll rise edge)
                                                      5.714     5.714 r  
    AD12                                              0.000     5.714 r  i_sys_clk_p (IN)
                         net (fo=0)                   0.000     5.714    pll_inst/inst/clk_in1_p
    AD12                                                              r  pll_inst/inst/clkin1_ibufgds/I
    AD12                 IBUFDS (Prop_ibufds_I_O)     0.803     6.518 r  pll_inst/inst/clkin1_ibufgds/O
                         net (fo=1, routed)           1.001     7.519    pll_inst/inst/clk_in1_pll
    PLLE2_ADV_X1Y1                                                    r  pll_inst/inst/plle2_adv_inst/CLKIN1
    PLLE2_ADV_X1Y1       PLLE2_ADV (Prop_plle2_adv_CLKIN1_CLKOUT1)
                                                     -7.261     0.258 r  pll_inst/inst/plle2_adv_inst/CLKOUT1
                         net (fo=1, routed)           2.003     2.261    pll_inst/inst/clk_out2_pll
    BUFGCTRL_X0Y0                                                     r  pll_inst/inst/clkout2_buf/I
    BUFGCTRL_X0Y0        BUFG (Prop_bufg_I_O)         0.083     2.344 r  pll_inst/inst/clkout2_buf/O
                         net (fo=5889, routed)        1.427     3.771    student_top_inst/u_KLDJ_top/ifu0/clk_out2
    SLICE_X72Y91         FDRE                                         r  student_top_inst/u_KLDJ_top/ifu0/pc_reg_reg[21]/C
                         clock pessimism             -0.373     3.398    
                         clock uncertainty           -0.077     3.321    
    SLICE_X72Y91         FDRE (Setup_fdre_C_D)        0.033     3.354    student_top_inst/u_KLDJ_top/ifu0/pc_reg_reg[21]
  -------------------------------------------------------------------
                         required time                          3.354    
                         arrival time                          -3.097    
  -------------------------------------------------------------------
                         slack                                  0.257    

Slack (MET) :             0.257ns  (required time - arrival time)
  Source:                 student_top_inst/u_KLDJ_top/ifu0/pc_reg_reg[7]_replica_2/C
                            (rising edge-triggered cell FDRE clocked by clk_out2_pll  {rise@0.000ns fall@2.857ns period=5.714ns})
  Destination:            student_top_inst/u_KLDJ_top/ifu0/pc_reg_reg[21]/D
                            (rising edge-triggered cell FDRE clocked by clk_out2_pll  {rise@0.000ns fall@2.857ns period=5.714ns})
  Path Group:             clk_out2_pll
  Path Type:              Setup (Max at Slow Process Corner)
  Requirement:            5.714ns  (clk_out2_pll rise@5.714ns - clk_out2_pll rise@0.000ns)
  Data Path Delay:        5.369ns  (logic 1.384ns (25.777%)  route 3.985ns (74.223%))
  Logic Levels:           10  (CARRY4=2 LUT2=1 LUT5=1 LUT6=4 MUXF7=2)
  Clock Path Skew:        -0.044ns (DCD - SCD + CPR)
    Destination Clock Delay (DCD):    -1.944ns = ( 3.771 - 5.714 ) 
    Source Clock Delay      (SCD):    -2.272ns
    Clock Pessimism Removal (CPR):    -0.373ns
  Clock Uncertainty:      0.077ns  ((TSJ^2 + DJ^2)^1/2) / 2 + PE
    Total System Jitter     (TSJ):    0.071ns
    Discrete Jitter          (DJ):    0.137ns
    Phase Error              (PE):    0.000ns

    Location             Delay type                Incr(ns)  Path(ns)    Netlist Resource(s)
  -------------------------------------------------------------------    -------------------
                         (clock clk_out2_pll rise edge)
                                                      0.000     0.000 r  
    AD12                                              0.000     0.000 r  i_sys_clk_p (IN)
                         net (fo=0)                   0.000     0.000    pll_inst/inst/clk_in1_p
    AD12                                                              r  pll_inst/inst/clkin1_ibufgds/I
    AD12                 IBUFDS (Prop_ibufds_I_O)     0.906     0.906 r  pll_inst/inst/clkin1_ibufgds/O
                         net (fo=1, routed)           1.098     2.004    pll_inst/inst/clk_in1_pll
    PLLE2_ADV_X1Y1                                                    r  pll_inst/inst/plle2_adv_inst/CLKIN1
    PLLE2_ADV_X1Y1       PLLE2_ADV (Prop_plle2_adv_CLKIN1_CLKOUT1)
                                                     -8.058    -6.054 r  pll_inst/inst/plle2_adv_inst/CLKOUT1
                         net (fo=1, routed)           2.128    -3.926    pll_inst/inst/clk_out2_pll
    BUFGCTRL_X0Y0                                                     r  pll_inst/inst/clkout2_buf/I
    BUFGCTRL_X0Y0        BUFG (Prop_bufg_I_O)         0.093    -3.833 r  pll_inst/inst/clkout2_buf/O
                         net (fo=5889, routed)        1.561    -2.272    student_top_inst/u_KLDJ_top/ifu0/clk_out2
    SLICE_X69Y88         FDRE                                         r  student_top_inst/u_KLDJ_top/ifu0/pc_reg_reg[7]_replica_2/C
  -------------------------------------------------------------------    -------------------
    SLICE_X69Y88         FDRE (Prop_fdre_C_Q)         0.223    -2.049 r  student_top_inst/u_KLDJ_top/ifu0/pc_reg_reg[7]_replica_2/Q
                         net (fo=185, routed)         1.453    -0.596    student_top_inst/Mem_IROM/U0/Q[7]_repN_2_alias
    SLICE_X47Y121                                                     r  student_top_inst/Mem_IROM/U0/g31_b16/I5
    SLICE_X47Y121        LUT6 (Prop_lut6_I5_O)        0.043    -0.553 r  student_top_inst/Mem_IROM/U0/g31_b16/O
                         net (fo=1, routed)           0.000    -0.553    student_top_inst/Mem_IROM/U0/g31_b16_n_0
    SLICE_X47Y121                                                     r  student_top_inst/Mem_IROM/U0/spo[17]_INST_0_i_12/I1
    SLICE_X47Y121        MUXF7 (Prop_muxf7_I1_O)      0.108    -0.445 r  student_top_inst/Mem_IROM/U0/spo[17]_INST_0_i_12/O
                         net (fo=1, routed)           0.466     0.021    student_top_inst/Mem_IROM/U0/spo[17]_INST_0_i_12_n_0
    SLICE_X47Y121                                                     r  student_top_inst/Mem_IROM/U0/spo[17]_INST_0_i_5/I0
    SLICE_X47Y121        LUT6 (Prop_lut6_I0_O)        0.124     0.145 r  student_top_inst/Mem_IROM/U0/spo[17]_INST_0_i_5/O
                         net (fo=1, routed)           0.000     0.145    student_top_inst/Mem_IROM/U0/spo[17]_INST_0_i_5_n_0
    SLICE_X47Y121                                                     r  student_top_inst/Mem_IROM/U0/spo[17]_INST_0_i_2/I1
    SLICE_X47Y121        MUXF7 (Prop_muxf7_I1_O)      0.122     0.267 r  student_top_inst/Mem_IROM/U0/spo[17]_INST_0_i_2/O
                         net (fo=1, routed)           0.486     0.753    student_top_inst/Mem_IROM/U0/spo[17]_INST_0_i_2_n_0
    SLICE_X49Y112                                                     r  student_top_inst/Mem_IROM/U0/spo[17]_INST_0/I3
    SLICE_X49Y112        LUT6 (Prop_lut6_I3_O)        0.122     0.875 r  student_top_inst/Mem_IROM/U0/spo[17]_INST_0/O
                         net (fo=2, routed)           0.913     1.788    student_top_inst/u_KLDJ_top/ifu0/spo[12]
    SLICE_X64Y91                                                      r  student_top_inst/u_KLDJ_top/ifu0/pc_reg[19]_i_8/I1
    SLICE_X64Y91         LUT2 (Prop_lut2_I1_O)        0.043     1.831 f  student_top_inst/u_KLDJ_top/ifu0/pc_reg[19]_i_8/O
                         net (fo=1, routed)           0.000     1.831    student_top_inst/u_KLDJ_top/ifu0/pc_reg[19]_i_8_n_0
    SLICE_X64Y91                                                      f  student_top_inst/u_KLDJ_top/ifu0/pc_reg_reg[19]_i_5/S[1]
    SLICE_X64Y91         CARRY4 (Prop_carry4_S[1]_CO[3])
                                                      0.267     2.098 r  student_top_inst/u_KLDJ_top/ifu0/pc_reg_reg[19]_i_5/CO[3]
                         net (fo=1, routed)           0.000     2.098    student_top_inst/u_KLDJ_top/ifu0/pc_reg_reg[19]_i_5_n_0
    SLICE_X64Y92                                                      r  student_top_inst/u_KLDJ_top/ifu0/pc_reg_reg[23]_i_5/CI
    SLICE_X64Y92         CARRY4 (Prop_carry4_CI_O[1])
                                                      0.166     2.264 f  student_top_inst/u_KLDJ_top/ifu0/pc_reg_reg[23]_i_5/O[1]
                         net (fo=1, routed)           0.254     2.518    student_top_inst/u_KLDJ_top/ifu0/if_static_jal_target[21]
    SLICE_X68Y92                                                      f  student_top_inst/u_KLDJ_top/ifu0/pc_reg[21]_i_4/I0
    SLICE_X68Y92         LUT5 (Prop_lut5_I0_O)        0.123     2.641 f  student_top_inst/u_KLDJ_top/ifu0/pc_reg[21]_i_4/O
                         net (fo=1, routed)           0.413     3.054    student_top_inst/u_KLDJ_top/u_pipe_id_ex/dnpc[21]
    SLICE_X72Y91                                                      f  student_top_inst/u_KLDJ_top/u_pipe_id_ex/pc_reg[21]_i_1/I5
    SLICE_X72Y91         LUT6 (Prop_lut6_I5_O)        0.043     3.097 f  student_top_inst/u_KLDJ_top/u_pipe_id_ex/pc_reg[21]_i_1/O
                         net (fo=1, routed)           0.000     3.097    student_top_inst/u_KLDJ_top/ifu0/pc_reg_reg[31]_1[21]
    SLICE_X72Y91         FDRE                                         f  student_top_inst/u_KLDJ_top/ifu0/pc_reg_reg[21]/D
  -------------------------------------------------------------------    -------------------

                         (clock clk_out2_pll rise edge)
                                                      5.714     5.714 r  
    AD12                                              0.000     5.714 r  i_sys_clk_p (IN)
                         net (fo=0)                   0.000     5.714    pll_inst/inst/clk_in1_p
    AD12                                                              r  pll_inst/inst/clkin1_ibufgds/I
    AD12                 IBUFDS (Prop_ibufds_I_O)     0.803     6.518 r  pll_inst/inst/clkin1_ibufgds/O
                         net (fo=1, routed)           1.001     7.519    pll_inst/inst/clk_in1_pll
    PLLE2_ADV_X1Y1                                                    r  pll_inst/inst/plle2_adv_inst/CLKIN1
    PLLE2_ADV_X1Y1       PLLE2_ADV (Prop_plle2_adv_CLKIN1_CLKOUT1)
                                                     -7.261     0.258 r  pll_inst/inst/plle2_adv_inst/CLKOUT1
                         net (fo=1, routed)           2.003     2.261    pll_inst/inst/clk_out2_pll
    BUFGCTRL_X0Y0                                                     r  pll_inst/inst/clkout2_buf/I
    BUFGCTRL_X0Y0        BUFG (Prop_bufg_I_O)         0.083     2.344 r  pll_inst/inst/clkout2_buf/O
                         net (fo=5889, routed)        1.427     3.771    student_top_inst/u_KLDJ_top/ifu0/clk_out2
    SLICE_X72Y91         FDRE                                         r  student_top_inst/u_KLDJ_top/ifu0/pc_reg_reg[21]/C
                         clock pessimism             -0.373     3.398    
                         clock uncertainty           -0.077     3.321    
    SLICE_X72Y91         FDRE (Setup_fdre_C_D)        0.033     3.354    student_top_inst/u_KLDJ_top/ifu0/pc_reg_reg[21]
  -------------------------------------------------------------------
                         required time                          3.354    
                         arrival time                          -3.097    
  -------------------------------------------------------------------
                         slack                                  0.257    

Slack (MET) :             0.257ns  (required time - arrival time)
  Source:                 student_top_inst/u_KLDJ_top/ifu0/pc_reg_reg[7]_replica_2/C
                            (rising edge-triggered cell FDRE clocked by clk_out2_pll  {rise@0.000ns fall@2.857ns period=5.714ns})
  Destination:            student_top_inst/u_KLDJ_top/ifu0/pc_reg_reg[21]/D
                            (rising edge-triggered cell FDRE clocked by clk_out2_pll  {rise@0.000ns fall@2.857ns period=5.714ns})
  Path Group:             clk_out2_pll
  Path Type:              Setup (Max at Slow Process Corner)
  Requirement:            5.714ns  (clk_out2_pll rise@5.714ns - clk_out2_pll rise@0.000ns)
  Data Path Delay:        5.369ns  (logic 1.384ns (25.777%)  route 3.985ns (74.223%))
  Logic Levels:           10  (CARRY4=2 LUT2=1 LUT5=1 LUT6=4 MUXF7=2)
  Clock Path Skew:        -0.044ns (DCD - SCD + CPR)
    Destination Clock Delay (DCD):    -1.944ns = ( 3.771 - 5.714 ) 
    Source Clock Delay      (SCD):    -2.272ns
    Clock Pessimism Removal (CPR):    -0.373ns
  Clock Uncertainty:      0.077ns  ((TSJ^2 + DJ^2)^1/2) / 2 + PE
    Total System Jitter     (TSJ):    0.071ns
    Discrete Jitter          (DJ):    0.137ns
    Phase Error              (PE):    0.000ns

    Location             Delay type                Incr(ns)  Path(ns)    Netlist Resource(s)
  -------------------------------------------------------------------    -------------------
                         (clock clk_out2_pll rise edge)
                                                      0.000     0.000 r  
    AD12                                              0.000     0.000 r  i_sys_clk_p (IN)
                         net (fo=0)                   0.000     0.000    pll_inst/inst/clk_in1_p
    AD12                                                              r  pll_inst/inst/clkin1_ibufgds/I
    AD12                 IBUFDS (Prop_ibufds_I_O)     0.906     0.906 r  pll_inst/inst/clkin1_ibufgds/O
                         net (fo=1, routed)           1.098     2.004    pll_inst/inst/clk_in1_pll
    PLLE2_ADV_X1Y1                                                    r  pll_inst/inst/plle2_adv_inst/CLKIN1
    PLLE2_ADV_X1Y1       PLLE2_ADV (Prop_plle2_adv_CLKIN1_CLKOUT1)
                                                     -8.058    -6.054 r  pll_inst/inst/plle2_adv_inst/CLKOUT1
                         net (fo=1, routed)           2.128    -3.926    pll_inst/inst/clk_out2_pll
    BUFGCTRL_X0Y0                                                     r  pll_inst/inst/clkout2_buf/I
    BUFGCTRL_X0Y0        BUFG (Prop_bufg_I_O)         0.093    -3.833 r  pll_inst/inst/clkout2_buf/O
                         net (fo=5889, routed)        1.561    -2.272    student_top_inst/u_KLDJ_top/ifu0/clk_out2
    SLICE_X69Y88         FDRE                                         r  student_top_inst/u_KLDJ_top/ifu0/pc_reg_reg[7]_replica_2/C
  -------------------------------------------------------------------    -------------------
    SLICE_X69Y88         FDRE (Prop_fdre_C_Q)         0.223    -2.049 r  student_top_inst/u_KLDJ_top/ifu0/pc_reg_reg[7]_replica_2/Q
                         net (fo=185, routed)         1.453    -0.596    student_top_inst/Mem_IROM/U0/Q[7]_repN_2_alias
    SLICE_X47Y121                                                     r  student_top_inst/Mem_IROM/U0/g31_b16/I5
    SLICE_X47Y121        LUT6 (Prop_lut6_I5_O)        0.043    -0.553 f  student_top_inst/Mem_IROM/U0/g31_b16/O
                         net (fo=1, routed)           0.000    -0.553    student_top_inst/Mem_IROM/U0/g31_b16_n_0
    SLICE_X47Y121                                                     f  student_top_inst/Mem_IROM/U0/spo[17]_INST_0_i_12/I1
    SLICE_X47Y121        MUXF7 (Prop_muxf7_I1_O)      0.108    -0.445 f  student_top_inst/Mem_IROM/U0/spo[17]_INST_0_i_12/O
                         net (fo=1, routed)           0.466     0.021    student_top_inst/Mem_IROM/U0/spo[17]_INST_0_i_12_n_0
    SLICE_X47Y121                                                     f  student_top_inst/Mem_IROM/U0/spo[17]_INST_0_i_5/I0
    SLICE_X47Y121        LUT6 (Prop_lut6_I0_O)        0.124     0.145 f  student_top_inst/Mem_IROM/U0/spo[17]_INST_0_i_5/O
                         net (fo=1, routed)           0.000     0.145    student_top_inst/Mem_IROM/U0/spo[17]_INST_0_i_5_n_0
    SLICE_X47Y121                                                     f  student_top_inst/Mem_IROM/U0/spo[17]_INST_0_i_2/I1
    SLICE_X47Y121        MUXF7 (Prop_muxf7_I1_O)      0.122     0.267 f  student_top_inst/Mem_IROM/U0/spo[17]_INST_0_i_2/O
                         net (fo=1, routed)           0.486     0.753    student_top_inst/Mem_IROM/U0/spo[17]_INST_0_i_2_n_0
    SLICE_X49Y112                                                     f  student_top_inst/Mem_IROM/U0/spo[17]_INST_0/I3
    SLICE_X49Y112        LUT6 (Prop_lut6_I3_O)        0.122     0.875 f  student_top_inst/Mem_IROM/U0/spo[17]_INST_0/O
                         net (fo=2, routed)           0.913     1.788    student_top_inst/u_KLDJ_top/ifu0/spo[12]
    SLICE_X64Y91                                                      f  student_top_inst/u_KLDJ_top/ifu0/pc_reg[19]_i_8/I1
    SLICE_X64Y91         LUT2 (Prop_lut2_I1_O)        0.043     1.831 f  student_top_inst/u_KLDJ_top/ifu0/pc_reg[19]_i_8/O
                         net (fo=1, routed)           0.000     1.831    student_top_inst/u_KLDJ_top/ifu0/pc_reg[19]_i_8_n_0
    SLICE_X64Y91                                                      f  student_top_inst/u_KLDJ_top/ifu0/pc_reg_reg[19]_i_5/S[1]
    SLICE_X64Y91         CARRY4 (Prop_carry4_S[1]_CO[3])
                                                      0.267     2.098 r  student_top_inst/u_KLDJ_top/ifu0/pc_reg_reg[19]_i_5/CO[3]
                         net (fo=1, routed)           0.000     2.098    student_top_inst/u_KLDJ_top/ifu0/pc_reg_reg[19]_i_5_n_0
    SLICE_X64Y92                                                      r  student_top_inst/u_KLDJ_top/ifu0/pc_reg_reg[23]_i_5/CI
    SLICE_X64Y92         CARRY4 (Prop_carry4_CI_O[1])
                                                      0.166     2.264 f  student_top_inst/u_KLDJ_top/ifu0/pc_reg_reg[23]_i_5/O[1]
                         net (fo=1, routed)           0.254     2.518    student_top_inst/u_KLDJ_top/ifu0/if_static_jal_target[21]
    SLICE_X68Y92                                                      f  student_top_inst/u_KLDJ_top/ifu0/pc_reg[21]_i_4/I0
    SLICE_X68Y92         LUT5 (Prop_lut5_I0_O)        0.123     2.641 f  student_top_inst/u_KLDJ_top/ifu0/pc_reg[21]_i_4/O
                         net (fo=1, routed)           0.413     3.054    student_top_inst/u_KLDJ_top/u_pipe_id_ex/dnpc[21]
    SLICE_X72Y91                                                      f  student_top_inst/u_KLDJ_top/u_pipe_id_ex/pc_reg[21]_i_1/I5
    SLICE_X72Y91         LUT6 (Prop_lut6_I5_O)        0.043     3.097 f  student_top_inst/u_KLDJ_top/u_pipe_id_ex/pc_reg[21]_i_1/O
                         net (fo=1, routed)           0.000     3.097    student_top_inst/u_KLDJ_top/ifu0/pc_reg_reg[31]_1[21]
    SLICE_X72Y91         FDRE                                         f  student_top_inst/u_KLDJ_top/ifu0/pc_reg_reg[21]/D
  -------------------------------------------------------------------    -------------------

                         (clock clk_out2_pll rise edge)
                                                      5.714     5.714 r  
    AD12                                              0.000     5.714 r  i_sys_clk_p (IN)
                         net (fo=0)                   0.000     5.714    pll_inst/inst/clk_in1_p
    AD12                                                              r  pll_inst/inst/clkin1_ibufgds/I
    AD12                 IBUFDS (Prop_ibufds_I_O)     0.803     6.518 r  pll_inst/inst/clkin1_ibufgds/O
                         net (fo=1, routed)           1.001     7.519    pll_inst/inst/clk_in1_pll
    PLLE2_ADV_X1Y1                                                    r  pll_inst/inst/plle2_adv_inst/CLKIN1
    PLLE2_ADV_X1Y1       PLLE2_ADV (Prop_plle2_adv_CLKIN1_CLKOUT1)
                                                     -7.261     0.258 r  pll_inst/inst/plle2_adv_inst/CLKOUT1
                         net (fo=1, routed)           2.003     2.261    pll_inst/inst/clk_out2_pll
    BUFGCTRL_X0Y0                                                     r  pll_inst/inst/clkout2_buf/I
    BUFGCTRL_X0Y0        BUFG (Prop_bufg_I_O)         0.083     2.344 r  pll_inst/inst/clkout2_buf/O
                         net (fo=5889, routed)        1.427     3.771    student_top_inst/u_KLDJ_top/ifu0/clk_out2
    SLICE_X72Y91         FDRE                                         r  student_top_inst/u_KLDJ_top/ifu0/pc_reg_reg[21]/C
                         clock pessimism             -0.373     3.398    
                         clock uncertainty           -0.077     3.321    
    SLICE_X72Y91         FDRE (Setup_fdre_C_D)        0.033     3.354    student_top_inst/u_KLDJ_top/ifu0/pc_reg_reg[21]
  -------------------------------------------------------------------
                         required time                          3.354    
                         arrival time                          -3.097    
  -------------------------------------------------------------------
                         slack                                  0.257    

Slack (MET) :             0.258ns  (required time - arrival time)
  Source:                 student_top_inst/u_KLDJ_top/ifu0/pc_reg_reg[5]_replica/C
                            (rising edge-triggered cell FDRE clocked by clk_out2_pll  {rise@0.000ns fall@2.857ns period=5.714ns})
  Destination:            student_top_inst/u_KLDJ_top/ifu0/pc_reg_reg[4]_replica_3/D
                            (rising edge-triggered cell FDRE clocked by clk_out2_pll  {rise@0.000ns fall@2.857ns period=5.714ns})
  Path Group:             clk_out2_pll
  Path Type:              Setup (Max at Slow Process Corner)
  Requirement:            5.714ns  (clk_out2_pll rise@5.714ns - clk_out2_pll rise@0.000ns)
  Data Path Delay:        5.307ns  (logic 0.969ns (18.260%)  route 4.338ns (81.740%))
  Logic Levels:           10  (LUT2=1 LUT5=3 LUT6=4 MUXF7=2)
  Clock Path Skew:        -0.042ns (DCD - SCD + CPR)
    Destination Clock Delay (DCD):    -1.941ns = ( 3.774 - 5.714 ) 
    Source Clock Delay      (SCD):    -2.271ns
    Clock Pessimism Removal (CPR):    -0.373ns
  Clock Uncertainty:      0.077ns  ((TSJ^2 + DJ^2)^1/2) / 2 + PE
    Total System Jitter     (TSJ):    0.071ns
    Discrete Jitter          (DJ):    0.137ns
    Phase Error              (PE):    0.000ns

    Location             Delay type                Incr(ns)  Path(ns)    Netlist Resource(s)
  -------------------------------------------------------------------    -------------------
                         (clock clk_out2_pll rise edge)
                                                      0.000     0.000 r  
    AD12                                              0.000     0.000 r  i_sys_clk_p (IN)
                         net (fo=0)                   0.000     0.000    pll_inst/inst/clk_in1_p
    AD12                                                              r  pll_inst/inst/clkin1_ibufgds/I
    AD12                 IBUFDS (Prop_ibufds_I_O)     0.906     0.906 r  pll_inst/inst/clkin1_ibufgds/O
                         net (fo=1, routed)           1.098     2.004    pll_inst/inst/clk_in1_pll
    PLLE2_ADV_X1Y1                                                    r  pll_inst/inst/plle2_adv_inst/CLKIN1
    PLLE2_ADV_X1Y1       PLLE2_ADV (Prop_plle2_adv_CLKIN1_CLKOUT1)
                                                     -8.058    -6.054 r  pll_inst/inst/plle2_adv_inst/CLKOUT1
                         net (fo=1, routed)           2.128    -3.926    pll_inst/inst/clk_out2_pll
    BUFGCTRL_X0Y0                                                     r  pll_inst/inst/clkout2_buf/I
    BUFGCTRL_X0Y0        BUFG (Prop_bufg_I_O)         0.093    -3.833 r  pll_inst/inst/clkout2_buf/O
                         net (fo=5889, routed)        1.562    -2.271    student_top_inst/u_KLDJ_top/ifu0/clk_out2
    SLICE_X69Y89         FDRE                                         r  student_top_inst/u_KLDJ_top/ifu0/pc_reg_reg[5]_replica/C
  -------------------------------------------------------------------    -------------------
    SLICE_X69Y89         FDRE (Prop_fdre_C_Q)         0.223    -2.048 r  student_top_inst/u_KLDJ_top/ifu0/pc_reg_reg[5]_replica/Q
                         net (fo=144, routed)         1.171    -0.878    student_top_inst/Mem_IROM/U0/Q[5]_repN_alias
    SLICE_X48Y101                                                     r  student_top_inst/Mem_IROM/U0/g29_b5/I3
    SLICE_X48Y101        LUT6 (Prop_lut6_I3_O)        0.043    -0.835 r  student_top_inst/Mem_IROM/U0/g29_b5/O
                         net (fo=1, routed)           0.000    -0.835    student_top_inst/Mem_IROM/U0/g29_b5_n_0
    SLICE_X48Y101                                                     r  student_top_inst/Mem_IROM/U0/spo[6]_INST_0_i_13/I1
    SLICE_X48Y101        MUXF7 (Prop_muxf7_I1_O)      0.122    -0.713 r  student_top_inst/Mem_IROM/U0/spo[6]_INST_0_i_13/O
                         net (fo=1, routed)           0.354    -0.358    student_top_inst/Mem_IROM/U0/spo[6]_INST_0_i_13_n_0
    SLICE_X47Y101                                                     r  student_top_inst/Mem_IROM/U0/spo[6]_INST_0_i_5/I1
    SLICE_X47Y101        LUT6 (Prop_lut6_I1_O)        0.122    -0.236 r  student_top_inst/Mem_IROM/U0/spo[6]_INST_0_i_5/O
                         net (fo=1, routed)           0.000    -0.236    student_top_inst/Mem_IROM/U0/spo[6]_INST_0_i_5_n_0
    SLICE_X47Y101                                                     r  student_top_inst/Mem_IROM/U0/spo[6]_INST_0_i_2/I1
    SLICE_X47Y101        MUXF7 (Prop_muxf7_I1_O)      0.122    -0.114 r  student_top_inst/Mem_IROM/U0/spo[6]_INST_0_i_2/O
                         net (fo=1, routed)           0.565     0.451    student_top_inst/Mem_IROM/U0/spo[6]_INST_0_i_2_n_0
    SLICE_X51Y101                                                     r  student_top_inst/Mem_IROM/U0/spo[6]_INST_0/I3
    SLICE_X51Y101        LUT6 (Prop_lut6_I3_O)        0.122     0.573 r  student_top_inst/Mem_IROM/U0/spo[6]_INST_0/O
                         net (fo=2, routed)           0.555     1.128    student_top_inst/u_KLDJ_top/ifu0/spo[6]
    SLICE_X57Y94                                                      r  student_top_inst/u_KLDJ_top/ifu0/pc_reg[31]_i_24/I4
    SLICE_X57Y94         LUT5 (Prop_lut5_I4_O)        0.043     1.171 r  student_top_inst/u_KLDJ_top/ifu0/pc_reg[31]_i_24/O
                         net (fo=1, routed)           0.098     1.269    student_top_inst/u_KLDJ_top/ifu0/if_static_jal00_in
    SLICE_X57Y94                                                      r  student_top_inst/u_KLDJ_top/ifu0/pc_reg[31]_i_15/I0
    SLICE_X57Y94         LUT2 (Prop_lut2_I0_O)        0.043     1.312 r  student_top_inst/u_KLDJ_top/ifu0/pc_reg[31]_i_15/O
                         net (fo=33, routed)          0.329     1.641    student_top_inst/u_KLDJ_top/u_bpu/u_gshare_btb_core/if_static_jal
    SLICE_X68Y94                                                      r  student_top_inst/u_KLDJ_top/u_bpu/u_gshare_btb_core/if_id_pred_taken_i_2/I0
    SLICE_X68Y94         LUT5 (Prop_lut5_I0_O)        0.043     1.684 r  student_top_inst/u_KLDJ_top/u_bpu/u_gshare_btb_core/if_id_pred_taken_i_2/O
                         net (fo=33, routed)          0.326     2.010    student_top_inst/u_KLDJ_top/ifu0/if_pred_taken
    SLICE_X68Y94                                                      r  student_top_inst/u_KLDJ_top/ifu0/pc_reg[4]_i_4/I3
    SLICE_X68Y94         LUT5 (Prop_lut5_I3_O)        0.043     2.053 r  student_top_inst/u_KLDJ_top/ifu0/pc_reg[4]_i_4/O
                         net (fo=1, routed)           0.329     2.382    student_top_inst/u_KLDJ_top/u_pipe_id_ex/dnpc[4]
    SLICE_X68Y89                                                      r  student_top_inst/u_KLDJ_top/u_pipe_id_ex/pc_reg[4]_i_1/I5
    SLICE_X68Y89         LUT6 (Prop_lut6_I5_O)        0.043     2.425 r  student_top_inst/u_KLDJ_top/u_pipe_id_ex/pc_reg[4]_i_1/O
                         net (fo=6, routed)           0.610     3.035    student_top_inst/u_KLDJ_top/ifu0/pc_reg_reg[31]_1[4]
    SLICE_X63Y98         FDRE                                         r  student_top_inst/u_KLDJ_top/ifu0/pc_reg_reg[4]_replica_3/D
  -------------------------------------------------------------------    -------------------

                         (clock clk_out2_pll rise edge)
                                                      5.714     5.714 r  
    AD12                                              0.000     5.714 r  i_sys_clk_p (IN)
                         net (fo=0)                   0.000     5.714    pll_inst/inst/clk_in1_p
    AD12                                                              r  pll_inst/inst/clkin1_ibufgds/I
    AD12                 IBUFDS (Prop_ibufds_I_O)     0.803     6.518 r  pll_inst/inst/clkin1_ibufgds/O
                         net (fo=1, routed)           1.001     7.519    pll_inst/inst/clk_in1_pll
    PLLE2_ADV_X1Y1                                                    r  pll_inst/inst/plle2_adv_inst/CLKIN1
    PLLE2_ADV_X1Y1       PLLE2_ADV (Prop_plle2_adv_CLKIN1_CLKOUT1)
                                                     -7.261     0.258 r  pll_inst/inst/plle2_adv_inst/CLKOUT1
                         net (fo=1, routed)           2.003     2.261    pll_inst/inst/clk_out2_pll
    BUFGCTRL_X0Y0                                                     r  pll_inst/inst/clkout2_buf/I
    BUFGCTRL_X0Y0        BUFG (Prop_bufg_I_O)         0.083     2.344 r  pll_inst/inst/clkout2_buf/O
                         net (fo=5889, routed)        1.430     3.774    student_top_inst/u_KLDJ_top/ifu0/clk_out2
    SLICE_X63Y98         FDRE                                         r  student_top_inst/u_KLDJ_top/ifu0/pc_reg_reg[4]_replica_3/C
                         clock pessimism             -0.373     3.401    
                         clock uncertainty           -0.077     3.324    
    SLICE_X63Y98         FDRE (Setup_fdre_C_D)       -0.031     3.293    student_top_inst/u_KLDJ_top/ifu0/pc_reg_reg[4]_replica_3
  -------------------------------------------------------------------
                         required time                          3.293    
                         arrival time                          -3.035    
  -------------------------------------------------------------------
                         slack                                  0.258    

Slack (MET) :             0.258ns  (required time - arrival time)
  Source:                 student_top_inst/u_KLDJ_top/ifu0/pc_reg_reg[5]_replica/C
                            (rising edge-triggered cell FDRE clocked by clk_out2_pll  {rise@0.000ns fall@2.857ns period=5.714ns})
  Destination:            student_top_inst/u_KLDJ_top/ifu0/pc_reg_reg[4]_replica_3/D
                            (rising edge-triggered cell FDRE clocked by clk_out2_pll  {rise@0.000ns fall@2.857ns period=5.714ns})
  Path Group:             clk_out2_pll
  Path Type:              Setup (Max at Slow Process Corner)
  Requirement:            5.714ns  (clk_out2_pll rise@5.714ns - clk_out2_pll rise@0.000ns)
  Data Path Delay:        5.307ns  (logic 0.969ns (18.260%)  route 4.338ns (81.740%))
  Logic Levels:           10  (LUT2=1 LUT5=3 LUT6=4 MUXF7=2)
  Clock Path Skew:        -0.042ns (DCD - SCD + CPR)
    Destination Clock Delay (DCD):    -1.941ns = ( 3.774 - 5.714 ) 
    Source Clock Delay      (SCD):    -2.271ns
    Clock Pessimism Removal (CPR):    -0.373ns
  Clock Uncertainty:      0.077ns  ((TSJ^2 + DJ^2)^1/2) / 2 + PE
    Total System Jitter     (TSJ):    0.071ns
    Discrete Jitter          (DJ):    0.137ns
    Phase Error              (PE):    0.000ns

    Location             Delay type                Incr(ns)  Path(ns)    Netlist Resource(s)
  -------------------------------------------------------------------    -------------------
                         (clock clk_out2_pll rise edge)
                                                      0.000     0.000 r  
    AD12                                              0.000     0.000 r  i_sys_clk_p (IN)
                         net (fo=0)                   0.000     0.000    pll_inst/inst/clk_in1_p
    AD12                                                              r  pll_inst/inst/clkin1_ibufgds/I
    AD12                 IBUFDS (Prop_ibufds_I_O)     0.906     0.906 r  pll_inst/inst/clkin1_ibufgds/O
                         net (fo=1, routed)           1.098     2.004    pll_inst/inst/clk_in1_pll
    PLLE2_ADV_X1Y1                                                    r  pll_inst/inst/plle2_adv_inst/CLKIN1
    PLLE2_ADV_X1Y1       PLLE2_ADV (Prop_plle2_adv_CLKIN1_CLKOUT1)
                                                     -8.058    -6.054 r  pll_inst/inst/plle2_adv_inst/CLKOUT1
                         net (fo=1, routed)           2.128    -3.926    pll_inst/inst/clk_out2_pll
    BUFGCTRL_X0Y0                                                     r  pll_inst/inst/clkout2_buf/I
    BUFGCTRL_X0Y0        BUFG (Prop_bufg_I_O)         0.093    -3.833 r  pll_inst/inst/clkout2_buf/O
                         net (fo=5889, routed)        1.562    -2.271    student_top_inst/u_KLDJ_top/ifu0/clk_out2
    SLICE_X69Y89         FDRE                                         r  student_top_inst/u_KLDJ_top/ifu0/pc_reg_reg[5]_replica/C
  -------------------------------------------------------------------    -------------------
    SLICE_X69Y89         FDRE (Prop_fdre_C_Q)         0.223    -2.048 f  student_top_inst/u_KLDJ_top/ifu0/pc_reg_reg[5]_replica/Q
                         net (fo=144, routed)         1.171    -0.878    student_top_inst/Mem_IROM/U0/Q[5]_repN_alias
    SLICE_X48Y101                                                     f  student_top_inst/Mem_IROM/U0/g29_b5/I3
    SLICE_X48Y101        LUT6 (Prop_lut6_I3_O)        0.043    -0.835 r  student_top_inst/Mem_IROM/U0/g29_b5/O
                         net (fo=1, routed)           0.000    -0.835    student_top_inst/Mem_IROM/U0/g29_b5_n_0
    SLICE_X48Y101                                                     r  student_top_inst/Mem_IROM/U0/spo[6]_INST_0_i_13/I1
    SLICE_X48Y101        MUXF7 (Prop_muxf7_I1_O)      0.122    -0.713 r  student_top_inst/Mem_IROM/U0/spo[6]_INST_0_i_13/O
                         net (fo=1, routed)           0.354    -0.358    student_top_inst/Mem_IROM/U0/spo[6]_INST_0_i_13_n_0
    SLICE_X47Y101                                                     r  student_top_inst/Mem_IROM/U0/spo[6]_INST_0_i_5/I1
    SLICE_X47Y101        LUT6 (Prop_lut6_I1_O)        0.122    -0.236 r  student_top_inst/Mem_IROM/U0/spo[6]_INST_0_i_5/O
                         net (fo=1, routed)           0.000    -0.236    student_top_inst/Mem_IROM/U0/spo[6]_INST_0_i_5_n_0
    SLICE_X47Y101                                                     r  student_top_inst/Mem_IROM/U0/spo[6]_INST_0_i_2/I1
    SLICE_X47Y101        MUXF7 (Prop_muxf7_I1_O)      0.122    -0.114 r  student_top_inst/Mem_IROM/U0/spo[6]_INST_0_i_2/O
                         net (fo=1, routed)           0.565     0.451    student_top_inst/Mem_IROM/U0/spo[6]_INST_0_i_2_n_0
    SLICE_X51Y101                                                     r  student_top_inst/Mem_IROM/U0/spo[6]_INST_0/I3
    SLICE_X51Y101        LUT6 (Prop_lut6_I3_O)        0.122     0.573 r  student_top_inst/Mem_IROM/U0/spo[6]_INST_0/O
                         net (fo=2, routed)           0.555     1.128    student_top_inst/u_KLDJ_top/ifu0/spo[6]
    SLICE_X57Y94                                                      r  student_top_inst/u_KLDJ_top/ifu0/pc_reg[31]_i_24/I4
    SLICE_X57Y94         LUT5 (Prop_lut5_I4_O)        0.043     1.171 r  student_top_inst/u_KLDJ_top/ifu0/pc_reg[31]_i_24/O
                         net (fo=1, routed)           0.098     1.269    student_top_inst/u_KLDJ_top/ifu0/if_static_jal00_in
    SLICE_X57Y94                                                      r  student_top_inst/u_KLDJ_top/ifu0/pc_reg[31]_i_15/I0
    SLICE_X57Y94         LUT2 (Prop_lut2_I0_O)        0.043     1.312 r  student_top_inst/u_KLDJ_top/ifu0/pc_reg[31]_i_15/O
                         net (fo=33, routed)          0.329     1.641    student_top_inst/u_KLDJ_top/u_bpu/u_gshare_btb_core/if_static_jal
    SLICE_X68Y94                                                      r  student_top_inst/u_KLDJ_top/u_bpu/u_gshare_btb_core/if_id_pred_taken_i_2/I0
    SLICE_X68Y94         LUT5 (Prop_lut5_I0_O)        0.043     1.684 r  student_top_inst/u_KLDJ_top/u_bpu/u_gshare_btb_core/if_id_pred_taken_i_2/O
                         net (fo=33, routed)          0.326     2.010    student_top_inst/u_KLDJ_top/ifu0/if_pred_taken
    SLICE_X68Y94                                                      r  student_top_inst/u_KLDJ_top/ifu0/pc_reg[4]_i_4/I3
    SLICE_X68Y94         LUT5 (Prop_lut5_I3_O)        0.043     2.053 r  student_top_inst/u_KLDJ_top/ifu0/pc_reg[4]_i_4/O
                         net (fo=1, routed)           0.329     2.382    student_top_inst/u_KLDJ_top/u_pipe_id_ex/dnpc[4]
    SLICE_X68Y89                                                      r  student_top_inst/u_KLDJ_top/u_pipe_id_ex/pc_reg[4]_i_1/I5
    SLICE_X68Y89         LUT6 (Prop_lut6_I5_O)        0.043     2.425 r  student_top_inst/u_KLDJ_top/u_pipe_id_ex/pc_reg[4]_i_1/O
                         net (fo=6, routed)           0.610     3.035    student_top_inst/u_KLDJ_top/ifu0/pc_reg_reg[31]_1[4]
    SLICE_X63Y98         FDRE                                         r  student_top_inst/u_KLDJ_top/ifu0/pc_reg_reg[4]_replica_3/D
  -------------------------------------------------------------------    -------------------

                         (clock clk_out2_pll rise edge)
                                                      5.714     5.714 r  
    AD12                                              0.000     5.714 r  i_sys_clk_p (IN)
                         net (fo=0)                   0.000     5.714    pll_inst/inst/clk_in1_p
    AD12                                                              r  pll_inst/inst/clkin1_ibufgds/I
    AD12                 IBUFDS (Prop_ibufds_I_O)     0.803     6.518 r  pll_inst/inst/clkin1_ibufgds/O
                         net (fo=1, routed)           1.001     7.519    pll_inst/inst/clk_in1_pll
    PLLE2_ADV_X1Y1                                                    r  pll_inst/inst/plle2_adv_inst/CLKIN1
    PLLE2_ADV_X1Y1       PLLE2_ADV (Prop_plle2_adv_CLKIN1_CLKOUT1)
                                                     -7.261     0.258 r  pll_inst/inst/plle2_adv_inst/CLKOUT1
                         net (fo=1, routed)           2.003     2.261    pll_inst/inst/clk_out2_pll
    BUFGCTRL_X0Y0                                                     r  pll_inst/inst/clkout2_buf/I
    BUFGCTRL_X0Y0        BUFG (Prop_bufg_I_O)         0.083     2.344 r  pll_inst/inst/clkout2_buf/O
                         net (fo=5889, routed)        1.430     3.774    student_top_inst/u_KLDJ_top/ifu0/clk_out2
    SLICE_X63Y98         FDRE                                         r  student_top_inst/u_KLDJ_top/ifu0/pc_reg_reg[4]_replica_3/C
                         clock pessimism             -0.373     3.401    
                         clock uncertainty           -0.077     3.324    
    SLICE_X63Y98         FDRE (Setup_fdre_C_D)       -0.031     3.293    student_top_inst/u_KLDJ_top/ifu0/pc_reg_reg[4]_replica_3
  -------------------------------------------------------------------
                         required time                          3.293    
                         arrival time                          -3.035    
  -------------------------------------------------------------------
                         slack                                  0.258    

Slack (MET) :             0.258ns  (required time - arrival time)
  Source:                 student_top_inst/u_KLDJ_top/ifu0/pc_reg_reg[5]_replica/C
                            (rising edge-triggered cell FDRE clocked by clk_out2_pll  {rise@0.000ns fall@2.857ns period=5.714ns})
  Destination:            student_top_inst/u_KLDJ_top/ifu0/pc_reg_reg[4]_replica_3/D
                            (rising edge-triggered cell FDRE clocked by clk_out2_pll  {rise@0.000ns fall@2.857ns period=5.714ns})
  Path Group:             clk_out2_pll
  Path Type:              Setup (Max at Slow Process Corner)
  Requirement:            5.714ns  (clk_out2_pll rise@5.714ns - clk_out2_pll rise@0.000ns)
  Data Path Delay:        5.307ns  (logic 0.969ns (18.260%)  route 4.338ns (81.740%))
  Logic Levels:           10  (LUT2=1 LUT5=3 LUT6=4 MUXF7=2)
  Clock Path Skew:        -0.042ns (DCD - SCD + CPR)
    Destination Clock Delay (DCD):    -1.941ns = ( 3.774 - 5.714 ) 
    Source Clock Delay      (SCD):    -2.271ns
    Clock Pessimism Removal (CPR):    -0.373ns
  Clock Uncertainty:      0.077ns  ((TSJ^2 + DJ^2)^1/2) / 2 + PE
    Total System Jitter     (TSJ):    0.071ns
    Discrete Jitter          (DJ):    0.137ns
    Phase Error              (PE):    0.000ns

    Location             Delay type                Incr(ns)  Path(ns)    Netlist Resource(s)
  -------------------------------------------------------------------    -------------------
                         (clock clk_out2_pll rise edge)
                                                      0.000     0.000 r  
    AD12                                              0.000     0.000 r  i_sys_clk_p (IN)
                         net (fo=0)                   0.000     0.000    pll_inst/inst/clk_in1_p
    AD12                                                              r  pll_inst/inst/clkin1_ibufgds/I
    AD12                 IBUFDS (Prop_ibufds_I_O)     0.906     0.906 r  pll_inst/inst/clkin1_ibufgds/O
                         net (fo=1, routed)           1.098     2.004    pll_inst/inst/clk_in1_pll
    PLLE2_ADV_X1Y1                                                    r  pll_inst/inst/plle2_adv_inst/CLKIN1
    PLLE2_ADV_X1Y1       PLLE2_ADV (Prop_plle2_adv_CLKIN1_CLKOUT1)
                                                     -8.058    -6.054 r  pll_inst/inst/plle2_adv_inst/CLKOUT1
                         net (fo=1, routed)           2.128    -3.926    pll_inst/inst/clk_out2_pll
    BUFGCTRL_X0Y0                                                     r  pll_inst/inst/clkout2_buf/I
    BUFGCTRL_X0Y0        BUFG (Prop_bufg_I_O)         0.093    -3.833 r  pll_inst/inst/clkout2_buf/O
                         net (fo=5889, routed)        1.562    -2.271    student_top_inst/u_KLDJ_top/ifu0/clk_out2
    SLICE_X69Y89         FDRE                                         r  student_top_inst/u_KLDJ_top/ifu0/pc_reg_reg[5]_replica/C
  -------------------------------------------------------------------    -------------------
    SLICE_X69Y89         FDRE (Prop_fdre_C_Q)         0.223    -2.048 r  student_top_inst/u_KLDJ_top/ifu0/pc_reg_reg[5]_replica/Q
                         net (fo=144, routed)         1.171    -0.878    student_top_inst/Mem_IROM/U0/Q[5]_repN_alias
    SLICE_X48Y101                                                     r  student_top_inst/Mem_IROM/U0/g29_b5/I3
    SLICE_X48Y101        LUT6 (Prop_lut6_I3_O)        0.043    -0.835 f  student_top_inst/Mem_IROM/U0/g29_b5/O
                         net (fo=1, routed)           0.000    -0.835    student_top_inst/Mem_IROM/U0/g29_b5_n_0
    SLICE_X48Y101                                                     f  student_top_inst/Mem_IROM/U0/spo[6]_INST_0_i_13/I1
    SLICE_X48Y101        MUXF7 (Prop_muxf7_I1_O)      0.122    -0.713 f  student_top_inst/Mem_IROM/U0/spo[6]_INST_0_i_13/O
                         net (fo=1, routed)           0.354    -0.358    student_top_inst/Mem_IROM/U0/spo[6]_INST_0_i_13_n_0
    SLICE_X47Y101                                                     f  student_top_inst/Mem_IROM/U0/spo[6]_INST_0_i_5/I1
    SLICE_X47Y101        LUT6 (Prop_lut6_I1_O)        0.122    -0.236 f  student_top_inst/Mem_IROM/U0/spo[6]_INST_0_i_5/O
                         net (fo=1, routed)           0.000    -0.236    student_top_inst/Mem_IROM/U0/spo[6]_INST_0_i_5_n_0
    SLICE_X47Y101                                                     f  student_top_inst/Mem_IROM/U0/spo[6]_INST_0_i_2/I1
    SLICE_X47Y101        MUXF7 (Prop_muxf7_I1_O)      0.122    -0.114 f  student_top_inst/Mem_IROM/U0/spo[6]_INST_0_i_2/O
                         net (fo=1, routed)           0.565     0.451    student_top_inst/Mem_IROM/U0/spo[6]_INST_0_i_2_n_0
    SLICE_X51Y101                                                     f  student_top_inst/Mem_IROM/U0/spo[6]_INST_0/I3
    SLICE_X51Y101        LUT6 (Prop_lut6_I3_O)        0.122     0.573 f  student_top_inst/Mem_IROM/U0/spo[6]_INST_0/O
                         net (fo=2, routed)           0.555     1.128    student_top_inst/u_KLDJ_top/ifu0/spo[6]
    SLICE_X57Y94                                                      f  student_top_inst/u_KLDJ_top/ifu0/pc_reg[31]_i_24/I4
    SLICE_X57Y94         LUT5 (Prop_lut5_I4_O)        0.043     1.171 f  student_top_inst/u_KLDJ_top/ifu0/pc_reg[31]_i_24/O
                         net (fo=1, routed)           0.098     1.269    student_top_inst/u_KLDJ_top/ifu0/if_static_jal00_in
    SLICE_X57Y94                                                      f  student_top_inst/u_KLDJ_top/ifu0/pc_reg[31]_i_15/I0
    SLICE_X57Y94         LUT2 (Prop_lut2_I0_O)        0.043     1.312 f  student_top_inst/u_KLDJ_top/ifu0/pc_reg[31]_i_15/O
                         net (fo=33, routed)          0.329     1.641    student_top_inst/u_KLDJ_top/u_bpu/u_gshare_btb_core/if_static_jal
    SLICE_X68Y94                                                      f  student_top_inst/u_KLDJ_top/u_bpu/u_gshare_btb_core/if_id_pred_taken_i_2/I0
    SLICE_X68Y94         LUT5 (Prop_lut5_I0_O)        0.043     1.684 f  student_top_inst/u_KLDJ_top/u_bpu/u_gshare_btb_core/if_id_pred_taken_i_2/O
                         net (fo=33, routed)          0.326     2.010    student_top_inst/u_KLDJ_top/ifu0/if_pred_taken
    SLICE_X68Y94                                                      f  student_top_inst/u_KLDJ_top/ifu0/pc_reg[4]_i_4/I3
    SLICE_X68Y94         LUT5 (Prop_lut5_I3_O)        0.043     2.053 r  student_top_inst/u_KLDJ_top/ifu0/pc_reg[4]_i_4/O
                         net (fo=1, routed)           0.329     2.382    student_top_inst/u_KLDJ_top/u_pipe_id_ex/dnpc[4]
    SLICE_X68Y89                                                      r  student_top_inst/u_KLDJ_top/u_pipe_id_ex/pc_reg[4]_i_1/I5
    SLICE_X68Y89         LUT6 (Prop_lut6_I5_O)        0.043     2.425 r  student_top_inst/u_KLDJ_top/u_pipe_id_ex/pc_reg[4]_i_1/O
                         net (fo=6, routed)           0.610     3.035    student_top_inst/u_KLDJ_top/ifu0/pc_reg_reg[31]_1[4]
    SLICE_X63Y98         FDRE                                         r  student_top_inst/u_KLDJ_top/ifu0/pc_reg_reg[4]_replica_3/D
  -------------------------------------------------------------------    -------------------

                         (clock clk_out2_pll rise edge)
                                                      5.714     5.714 r  
    AD12                                              0.000     5.714 r  i_sys_clk_p (IN)
                         net (fo=0)                   0.000     5.714    pll_inst/inst/clk_in1_p
    AD12                                                              r  pll_inst/inst/clkin1_ibufgds/I
    AD12                 IBUFDS (Prop_ibufds_I_O)     0.803     6.518 r  pll_inst/inst/clkin1_ibufgds/O
                         net (fo=1, routed)           1.001     7.519    pll_inst/inst/clk_in1_pll
    PLLE2_ADV_X1Y1                                                    r  pll_inst/inst/plle2_adv_inst/CLKIN1
    PLLE2_ADV_X1Y1       PLLE2_ADV (Prop_plle2_adv_CLKIN1_CLKOUT1)
                                                     -7.261     0.258 r  pll_inst/inst/plle2_adv_inst/CLKOUT1
                         net (fo=1, routed)           2.003     2.261    pll_inst/inst/clk_out2_pll
    BUFGCTRL_X0Y0                                                     r  pll_inst/inst/clkout2_buf/I
    BUFGCTRL_X0Y0        BUFG (Prop_bufg_I_O)         0.083     2.344 r  pll_inst/inst/clkout2_buf/O
                         net (fo=5889, routed)        1.430     3.774    student_top_inst/u_KLDJ_top/ifu0/clk_out2
    SLICE_X63Y98         FDRE                                         r  student_top_inst/u_KLDJ_top/ifu0/pc_reg_reg[4]_replica_3/C
                         clock pessimism             -0.373     3.401    
                         clock uncertainty           -0.077     3.324    
    SLICE_X63Y98         FDRE (Setup_fdre_C_D)       -0.031     3.293    student_top_inst/u_KLDJ_top/ifu0/pc_reg_reg[4]_replica_3
  -------------------------------------------------------------------
                         required time                          3.293    
                         arrival time                          -3.035    
  -------------------------------------------------------------------
                         slack                                  0.258    

Slack (MET) :             0.258ns  (required time - arrival time)
  Source:                 student_top_inst/u_KLDJ_top/ifu0/pc_reg_reg[5]_replica/C
                            (rising edge-triggered cell FDRE clocked by clk_out2_pll  {rise@0.000ns fall@2.857ns period=5.714ns})
  Destination:            student_top_inst/u_KLDJ_top/ifu0/pc_reg_reg[4]_replica_3/D
                            (rising edge-triggered cell FDRE clocked by clk_out2_pll  {rise@0.000ns fall@2.857ns period=5.714ns})
  Path Group:             clk_out2_pll
  Path Type:              Setup (Max at Slow Process Corner)
  Requirement:            5.714ns  (clk_out2_pll rise@5.714ns - clk_out2_pll rise@0.000ns)
  Data Path Delay:        5.307ns  (logic 0.969ns (18.260%)  route 4.338ns (81.740%))
  Logic Levels:           10  (LUT2=1 LUT5=3 LUT6=4 MUXF7=2)
  Clock Path Skew:        -0.042ns (DCD - SCD + CPR)
    Destination Clock Delay (DCD):    -1.941ns = ( 3.774 - 5.714 ) 
    Source Clock Delay      (SCD):    -2.271ns
    Clock Pessimism Removal (CPR):    -0.373ns
  Clock Uncertainty:      0.077ns  ((TSJ^2 + DJ^2)^1/2) / 2 + PE
    Total System Jitter     (TSJ):    0.071ns
    Discrete Jitter          (DJ):    0.137ns
    Phase Error              (PE):    0.000ns

    Location             Delay type                Incr(ns)  Path(ns)    Netlist Resource(s)
  -------------------------------------------------------------------    -------------------
                         (clock clk_out2_pll rise edge)
                                                      0.000     0.000 r  
    AD12                                              0.000     0.000 r  i_sys_clk_p (IN)
                         net (fo=0)                   0.000     0.000    pll_inst/inst/clk_in1_p
    AD12                                                              r  pll_inst/inst/clkin1_ibufgds/I
    AD12                 IBUFDS (Prop_ibufds_I_O)     0.906     0.906 r  pll_inst/inst/clkin1_ibufgds/O
                         net (fo=1, routed)           1.098     2.004    pll_inst/inst/clk_in1_pll
    PLLE2_ADV_X1Y1                                                    r  pll_inst/inst/plle2_adv_inst/CLKIN1
    PLLE2_ADV_X1Y1       PLLE2_ADV (Prop_plle2_adv_CLKIN1_CLKOUT1)
                                                     -8.058    -6.054 r  pll_inst/inst/plle2_adv_inst/CLKOUT1
                         net (fo=1, routed)           2.128    -3.926    pll_inst/inst/clk_out2_pll
    BUFGCTRL_X0Y0                                                     r  pll_inst/inst/clkout2_buf/I
    BUFGCTRL_X0Y0        BUFG (Prop_bufg_I_O)         0.093    -3.833 r  pll_inst/inst/clkout2_buf/O
                         net (fo=5889, routed)        1.562    -2.271    student_top_inst/u_KLDJ_top/ifu0/clk_out2
    SLICE_X69Y89         FDRE                                         r  student_top_inst/u_KLDJ_top/ifu0/pc_reg_reg[5]_replica/C
  -------------------------------------------------------------------    -------------------
    SLICE_X69Y89         FDRE (Prop_fdre_C_Q)         0.223    -2.048 f  student_top_inst/u_KLDJ_top/ifu0/pc_reg_reg[5]_replica/Q
                         net (fo=144, routed)         1.171    -0.878    student_top_inst/Mem_IROM/U0/Q[5]_repN_alias
    SLICE_X48Y101                                                     f  student_top_inst/Mem_IROM/U0/g29_b5/I3
    SLICE_X48Y101        LUT6 (Prop_lut6_I3_O)        0.043    -0.835 f  student_top_inst/Mem_IROM/U0/g29_b5/O
                         net (fo=1, routed)           0.000    -0.835    student_top_inst/Mem_IROM/U0/g29_b5_n_0
    SLICE_X48Y101                                                     f  student_top_inst/Mem_IROM/U0/spo[6]_INST_0_i_13/I1
    SLICE_X48Y101        MUXF7 (Prop_muxf7_I1_O)      0.122    -0.713 f  student_top_inst/Mem_IROM/U0/spo[6]_INST_0_i_13/O
                         net (fo=1, routed)           0.354    -0.358    student_top_inst/Mem_IROM/U0/spo[6]_INST_0_i_13_n_0
    SLICE_X47Y101                                                     f  student_top_inst/Mem_IROM/U0/spo[6]_INST_0_i_5/I1
    SLICE_X47Y101        LUT6 (Prop_lut6_I1_O)        0.122    -0.236 f  student_top_inst/Mem_IROM/U0/spo[6]_INST_0_i_5/O
                         net (fo=1, routed)           0.000    -0.236    student_top_inst/Mem_IROM/U0/spo[6]_INST_0_i_5_n_0
    SLICE_X47Y101                                                     f  student_top_inst/Mem_IROM/U0/spo[6]_INST_0_i_2/I1
    SLICE_X47Y101        MUXF7 (Prop_muxf7_I1_O)      0.122    -0.114 f  student_top_inst/Mem_IROM/U0/spo[6]_INST_0_i_2/O
                         net (fo=1, routed)           0.565     0.451    student_top_inst/Mem_IROM/U0/spo[6]_INST_0_i_2_n_0
    SLICE_X51Y101                                                     f  student_top_inst/Mem_IROM/U0/spo[6]_INST_0/I3
    SLICE_X51Y101        LUT6 (Prop_lut6_I3_O)        0.122     0.573 f  student_top_inst/Mem_IROM/U0/spo[6]_INST_0/O
                         net (fo=2, routed)           0.555     1.128    student_top_inst/u_KLDJ_top/ifu0/spo[6]
    SLICE_X57Y94                                                      f  student_top_inst/u_KLDJ_top/ifu0/pc_reg[31]_i_24/I4
    SLICE_X57Y94         LUT5 (Prop_lut5_I4_O)        0.043     1.171 f  student_top_inst/u_KLDJ_top/ifu0/pc_reg[31]_i_24/O
                         net (fo=1, routed)           0.098     1.269    student_top_inst/u_KLDJ_top/ifu0/if_static_jal00_in
    SLICE_X57Y94                                                      f  student_top_inst/u_KLDJ_top/ifu0/pc_reg[31]_i_15/I0
    SLICE_X57Y94         LUT2 (Prop_lut2_I0_O)        0.043     1.312 f  student_top_inst/u_KLDJ_top/ifu0/pc_reg[31]_i_15/O
                         net (fo=33, routed)          0.329     1.641    student_top_inst/u_KLDJ_top/u_bpu/u_gshare_btb_core/if_static_jal
    SLICE_X68Y94                                                      f  student_top_inst/u_KLDJ_top/u_bpu/u_gshare_btb_core/if_id_pred_taken_i_2/I0
    SLICE_X68Y94         LUT5 (Prop_lut5_I0_O)        0.043     1.684 f  student_top_inst/u_KLDJ_top/u_bpu/u_gshare_btb_core/if_id_pred_taken_i_2/O
                         net (fo=33, routed)          0.326     2.010    student_top_inst/u_KLDJ_top/ifu0/if_pred_taken
    SLICE_X68Y94                                                      f  student_top_inst/u_KLDJ_top/ifu0/pc_reg[4]_i_4/I3
    SLICE_X68Y94         LUT5 (Prop_lut5_I3_O)        0.043     2.053 r  student_top_inst/u_KLDJ_top/ifu0/pc_reg[4]_i_4/O
                         net (fo=1, routed)           0.329     2.382    student_top_inst/u_KLDJ_top/u_pipe_id_ex/dnpc[4]
    SLICE_X68Y89                                                      r  student_top_inst/u_KLDJ_top/u_pipe_id_ex/pc_reg[4]_i_1/I5
    SLICE_X68Y89         LUT6 (Prop_lut6_I5_O)        0.043     2.425 r  student_top_inst/u_KLDJ_top/u_pipe_id_ex/pc_reg[4]_i_1/O
                         net (fo=6, routed)           0.610     3.035    student_top_inst/u_KLDJ_top/ifu0/pc_reg_reg[31]_1[4]
    SLICE_X63Y98         FDRE                                         r  student_top_inst/u_KLDJ_top/ifu0/pc_reg_reg[4]_replica_3/D
  -------------------------------------------------------------------    -------------------

                         (clock clk_out2_pll rise edge)
                                                      5.714     5.714 r  
    AD12                                              0.000     5.714 r  i_sys_clk_p (IN)
                         net (fo=0)                   0.000     5.714    pll_inst/inst/clk_in1_p
    AD12                                                              r  pll_inst/inst/clkin1_ibufgds/I
    AD12                 IBUFDS (Prop_ibufds_I_O)     0.803     6.518 r  pll_inst/inst/clkin1_ibufgds/O
                         net (fo=1, routed)           1.001     7.519    pll_inst/inst/clk_in1_pll
    PLLE2_ADV_X1Y1                                                    r  pll_inst/inst/plle2_adv_inst/CLKIN1
    PLLE2_ADV_X1Y1       PLLE2_ADV (Prop_plle2_adv_CLKIN1_CLKOUT1)
                                                     -7.261     0.258 r  pll_inst/inst/plle2_adv_inst/CLKOUT1
                         net (fo=1, routed)           2.003     2.261    pll_inst/inst/clk_out2_pll
    BUFGCTRL_X0Y0                                                     r  pll_inst/inst/clkout2_buf/I
    BUFGCTRL_X0Y0        BUFG (Prop_bufg_I_O)         0.083     2.344 r  pll_inst/inst/clkout2_buf/O
                         net (fo=5889, routed)        1.430     3.774    student_top_inst/u_KLDJ_top/ifu0/clk_out2
    SLICE_X63Y98         FDRE                                         r  student_top_inst/u_KLDJ_top/ifu0/pc_reg_reg[4]_replica_3/C
                         clock pessimism             -0.373     3.401    
                         clock uncertainty           -0.077     3.324    
    SLICE_X63Y98         FDRE (Setup_fdre_C_D)       -0.031     3.293    student_top_inst/u_KLDJ_top/ifu0/pc_reg_reg[4]_replica_3
  -------------------------------------------------------------------
                         required time                          3.293    
                         arrival time                          -3.035    
  -------------------------------------------------------------------
                         slack                                  0.258    

Slack (MET) :             0.262ns  (required time - arrival time)
  Source:                 student_top_inst/u_KLDJ_top/ifu0/pc_reg_reg[5]_replica/C
                            (rising edge-triggered cell FDRE clocked by clk_out2_pll  {rise@0.000ns fall@2.857ns period=5.714ns})
  Destination:            student_top_inst/u_KLDJ_top/ifu0/pc_reg_reg[5]_replica_4/D
                            (rising edge-triggered cell FDRE clocked by clk_out2_pll  {rise@0.000ns fall@2.857ns period=5.714ns})
  Path Group:             clk_out2_pll
  Path Type:              Setup (Max at Slow Process Corner)
  Requirement:            5.714ns  (clk_out2_pll rise@5.714ns - clk_out2_pll rise@0.000ns)
  Data Path Delay:        5.335ns  (logic 0.954ns (17.883%)  route 4.381ns (82.117%))
  Logic Levels:           10  (LUT2=1 LUT5=3 LUT6=4 MUXF7=2)
  Clock Path Skew:        -0.022ns (DCD - SCD + CPR)
    Destination Clock Delay (DCD):    -1.942ns = ( 3.773 - 5.714 ) 
    Source Clock Delay      (SCD):    -2.271ns
    Clock Pessimism Removal (CPR):    -0.352ns
  Clock Uncertainty:      0.077ns  ((TSJ^2 + DJ^2)^1/2) / 2 + PE
    Total System Jitter     (TSJ):    0.071ns
    Discrete Jitter          (DJ):    0.137ns
    Phase Error              (PE):    0.000ns

    Location             Delay type                Incr(ns)  Path(ns)    Netlist Resource(s)
  -------------------------------------------------------------------    -------------------
                         (clock clk_out2_pll rise edge)
                                                      0.000     0.000 r  
    AD12                                              0.000     0.000 r  i_sys_clk_p (IN)
                         net (fo=0)                   0.000     0.000    pll_inst/inst/clk_in1_p
    AD12                                                              r  pll_inst/inst/clkin1_ibufgds/I
    AD12                 IBUFDS (Prop_ibufds_I_O)     0.906     0.906 r  pll_inst/inst/clkin1_ibufgds/O
                         net (fo=1, routed)           1.098     2.004    pll_inst/inst/clk_in1_pll
    PLLE2_ADV_X1Y1                                                    r  pll_inst/inst/plle2_adv_inst/CLKIN1
    PLLE2_ADV_X1Y1       PLLE2_ADV (Prop_plle2_adv_CLKIN1_CLKOUT1)
                                                     -8.058    -6.054 r  pll_inst/inst/plle2_adv_inst/CLKOUT1
                         net (fo=1, routed)           2.128    -3.926    pll_inst/inst/clk_out2_pll
    BUFGCTRL_X0Y0                                                     r  pll_inst/inst/clkout2_buf/I
    BUFGCTRL_X0Y0        BUFG (Prop_bufg_I_O)         0.093    -3.833 r  pll_inst/inst/clkout2_buf/O
                         net (fo=5889, routed)        1.562    -2.271    student_top_inst/u_KLDJ_top/ifu0/clk_out2
    SLICE_X69Y89         FDRE                                         r  student_top_inst/u_KLDJ_top/ifu0/pc_reg_reg[5]_replica/C
  -------------------------------------------------------------------    -------------------
    SLICE_X69Y89         FDRE (Prop_fdre_C_Q)         0.223    -2.048 r  student_top_inst/u_KLDJ_top/ifu0/pc_reg_reg[5]_replica/Q
                         net (fo=144, routed)         1.139    -0.910    student_top_inst/Mem_IROM/U0/Q[5]_repN_alias
    SLICE_X48Y100                                                     r  student_top_inst/Mem_IROM/U0/g18_b5/I3
    SLICE_X48Y100        LUT6 (Prop_lut6_I3_O)        0.043    -0.867 r  student_top_inst/Mem_IROM/U0/g18_b5/O
                         net (fo=1, routed)           0.000    -0.867    student_top_inst/Mem_IROM/U0/g18_b5_n_0
    SLICE_X48Y100                                                     r  student_top_inst/Mem_IROM/U0/spo[6]_INST_0_i_10/I0
    SLICE_X48Y100        MUXF7 (Prop_muxf7_I0_O)      0.107    -0.760 r  student_top_inst/Mem_IROM/U0/spo[6]_INST_0_i_10/O
                         net (fo=1, routed)           0.442    -0.318    student_top_inst/Mem_IROM/U0/spo[6]_INST_0_i_10_n_0
    SLICE_X47Y101                                                     r  student_top_inst/Mem_IROM/U0/spo[6]_INST_0_i_4/I3
    SLICE_X47Y101        LUT6 (Prop_lut6_I3_O)        0.124    -0.194 r  student_top_inst/Mem_IROM/U0/spo[6]_INST_0_i_4/O
                         net (fo=1, routed)           0.000    -0.194    student_top_inst/Mem_IROM/U0/spo[6]_INST_0_i_4_n_0
    SLICE_X47Y101                                                     r  student_top_inst/Mem_IROM/U0/spo[6]_INST_0_i_2/I0
    SLICE_X47Y101        MUXF7 (Prop_muxf7_I0_O)      0.120    -0.074 r  student_top_inst/Mem_IROM/U0/spo[6]_INST_0_i_2/O
                         net (fo=1, routed)           0.565     0.491    student_top_inst/Mem_IROM/U0/spo[6]_INST_0_i_2_n_0
    SLICE_X51Y101                                                     r  student_top_inst/Mem_IROM/U0/spo[6]_INST_0/I3
    SLICE_X51Y101        LUT6 (Prop_lut6_I3_O)        0.122     0.613 r  student_top_inst/Mem_IROM/U0/spo[6]_INST_0/O
                         net (fo=2, routed)           0.555     1.168    student_top_inst/u_KLDJ_top/ifu0/spo[6]
    SLICE_X57Y94                                                      r  student_top_inst/u_KLDJ_top/ifu0/pc_reg[31]_i_24/I4
    SLICE_X57Y94         LUT5 (Prop_lut5_I4_O)        0.043     1.211 r  student_top_inst/u_KLDJ_top/ifu0/pc_reg[31]_i_24/O
                         net (fo=1, routed)           0.098     1.309    student_top_inst/u_KLDJ_top/ifu0/if_static_jal00_in
    SLICE_X57Y94                                                      r  student_top_inst/u_KLDJ_top/ifu0/pc_reg[31]_i_15/I0
    SLICE_X57Y94         LUT2 (Prop_lut2_I0_O)        0.043     1.352 r  student_top_inst/u_KLDJ_top/ifu0/pc_reg[31]_i_15/O
                         net (fo=33, routed)          0.329     1.681    student_top_inst/u_KLDJ_top/u_bpu/u_gshare_btb_core/if_static_jal
    SLICE_X68Y94                                                      r  student_top_inst/u_KLDJ_top/u_bpu/u_gshare_btb_core/if_id_pred_taken_i_2/I0
    SLICE_X68Y94         LUT5 (Prop_lut5_I0_O)        0.043     1.724 r  student_top_inst/u_KLDJ_top/u_bpu/u_gshare_btb_core/if_id_pred_taken_i_2/O
                         net (fo=33, routed)          0.458     2.182    student_top_inst/u_KLDJ_top/ifu0/if_pred_taken
    SLICE_X69Y88                                                      r  student_top_inst/u_KLDJ_top/ifu0/pc_reg[5]_i_4/I3
    SLICE_X69Y88         LUT5 (Prop_lut5_I3_O)        0.043     2.225 r  student_top_inst/u_KLDJ_top/ifu0/pc_reg[5]_i_4/O
                         net (fo=1, routed)           0.329     2.554    student_top_inst/u_KLDJ_top/u_pipe_id_ex/dnpc[5]
    SLICE_X69Y90                                                      r  student_top_inst/u_KLDJ_top/u_pipe_id_ex/pc_reg[5]_i_1/I5
    SLICE_X69Y90         LUT6 (Prop_lut6_I5_O)        0.043     2.597 r  student_top_inst/u_KLDJ_top/u_pipe_id_ex/pc_reg[5]_i_1/O
                         net (fo=7, routed)           0.466     3.063    student_top_inst/u_KLDJ_top/ifu0/pc_reg_reg[31]_1[5]
    SLICE_X68Y95         FDRE                                         r  student_top_inst/u_KLDJ_top/ifu0/pc_reg_reg[5]_replica_4/D
  -------------------------------------------------------------------    -------------------

                         (clock clk_out2_pll rise edge)
                                                      5.714     5.714 r  
    AD12                                              0.000     5.714 r  i_sys_clk_p (IN)
                         net (fo=0)                   0.000     5.714    pll_inst/inst/clk_in1_p
    AD12                                                              r  pll_inst/inst/clkin1_ibufgds/I
    AD12                 IBUFDS (Prop_ibufds_I_O)     0.803     6.518 r  pll_inst/inst/clkin1_ibufgds/O
                         net (fo=1, routed)           1.001     7.519    pll_inst/inst/clk_in1_pll
    PLLE2_ADV_X1Y1                                                    r  pll_inst/inst/plle2_adv_inst/CLKIN1
    PLLE2_ADV_X1Y1       PLLE2_ADV (Prop_plle2_adv_CLKIN1_CLKOUT1)
                                                     -7.261     0.258 r  pll_inst/inst/plle2_adv_inst/CLKOUT1
                         net (fo=1, routed)           2.003     2.261    pll_inst/inst/clk_out2_pll
    BUFGCTRL_X0Y0                                                     r  pll_inst/inst/clkout2_buf/I
    BUFGCTRL_X0Y0        BUFG (Prop_bufg_I_O)         0.083     2.344 r  pll_inst/inst/clkout2_buf/O
                         net (fo=5889, routed)        1.429     3.773    student_top_inst/u_KLDJ_top/ifu0/clk_out2
    SLICE_X68Y95         FDRE                                         r  student_top_inst/u_KLDJ_top/ifu0/pc_reg_reg[5]_replica_4/C
                         clock pessimism             -0.352     3.421    
                         clock uncertainty           -0.077     3.344    
    SLICE_X68Y95         FDRE (Setup_fdre_C_D)       -0.019     3.325    student_top_inst/u_KLDJ_top/ifu0/pc_reg_reg[5]_replica_4
  -------------------------------------------------------------------
                         required time                          3.325    
                         arrival time                          -3.063    
  -------------------------------------------------------------------
                         slack                                  0.262    

Slack (MET) :             0.262ns  (required time - arrival time)
  Source:                 student_top_inst/u_KLDJ_top/ifu0/pc_reg_reg[5]_replica/C
                            (rising edge-triggered cell FDRE clocked by clk_out2_pll  {rise@0.000ns fall@2.857ns period=5.714ns})
  Destination:            student_top_inst/u_KLDJ_top/ifu0/pc_reg_reg[5]_replica_4/D
                            (rising edge-triggered cell FDRE clocked by clk_out2_pll  {rise@0.000ns fall@2.857ns period=5.714ns})
  Path Group:             clk_out2_pll
  Path Type:              Setup (Max at Slow Process Corner)
  Requirement:            5.714ns  (clk_out2_pll rise@5.714ns - clk_out2_pll rise@0.000ns)
  Data Path Delay:        5.335ns  (logic 0.954ns (17.883%)  route 4.381ns (82.117%))
  Logic Levels:           10  (LUT2=1 LUT5=3 LUT6=4 MUXF7=2)
  Clock Path Skew:        -0.022ns (DCD - SCD + CPR)
    Destination Clock Delay (DCD):    -1.942ns = ( 3.773 - 5.714 ) 
    Source Clock Delay      (SCD):    -2.271ns
    Clock Pessimism Removal (CPR):    -0.352ns
  Clock Uncertainty:      0.077ns  ((TSJ^2 + DJ^2)^1/2) / 2 + PE
    Total System Jitter     (TSJ):    0.071ns
    Discrete Jitter          (DJ):    0.137ns
    Phase Error              (PE):    0.000ns

    Location             Delay type                Incr(ns)  Path(ns)    Netlist Resource(s)
  -------------------------------------------------------------------    -------------------
                         (clock clk_out2_pll rise edge)
                                                      0.000     0.000 r  
    AD12                                              0.000     0.000 r  i_sys_clk_p (IN)
                         net (fo=0)                   0.000     0.000    pll_inst/inst/clk_in1_p
    AD12                                                              r  pll_inst/inst/clkin1_ibufgds/I
    AD12                 IBUFDS (Prop_ibufds_I_O)     0.906     0.906 r  pll_inst/inst/clkin1_ibufgds/O
                         net (fo=1, routed)           1.098     2.004    pll_inst/inst/clk_in1_pll
    PLLE2_ADV_X1Y1                                                    r  pll_inst/inst/plle2_adv_inst/CLKIN1
    PLLE2_ADV_X1Y1       PLLE2_ADV (Prop_plle2_adv_CLKIN1_CLKOUT1)
                                                     -8.058    -6.054 r  pll_inst/inst/plle2_adv_inst/CLKOUT1
                         net (fo=1, routed)           2.128    -3.926    pll_inst/inst/clk_out2_pll
    BUFGCTRL_X0Y0                                                     r  pll_inst/inst/clkout2_buf/I
    BUFGCTRL_X0Y0        BUFG (Prop_bufg_I_O)         0.093    -3.833 r  pll_inst/inst/clkout2_buf/O
                         net (fo=5889, routed)        1.562    -2.271    student_top_inst/u_KLDJ_top/ifu0/clk_out2
    SLICE_X69Y89         FDRE                                         r  student_top_inst/u_KLDJ_top/ifu0/pc_reg_reg[5]_replica/C
  -------------------------------------------------------------------    -------------------
    SLICE_X69Y89         FDRE (Prop_fdre_C_Q)         0.223    -2.048 f  student_top_inst/u_KLDJ_top/ifu0/pc_reg_reg[5]_replica/Q
                         net (fo=144, routed)         1.139    -0.910    student_top_inst/Mem_IROM/U0/Q[5]_repN_alias
    SLICE_X48Y100                                                     f  student_top_inst/Mem_IROM/U0/g18_b5/I3
    SLICE_X48Y100        LUT6 (Prop_lut6_I3_O)        0.043    -0.867 r  student_top_inst/Mem_IROM/U0/g18_b5/O
                         net (fo=1, routed)           0.000    -0.867    student_top_inst/Mem_IROM/U0/g18_b5_n_0
    SLICE_X48Y100                                                     r  student_top_inst/Mem_IROM/U0/spo[6]_INST_0_i_10/I0
    SLICE_X48Y100        MUXF7 (Prop_muxf7_I0_O)      0.107    -0.760 r  student_top_inst/Mem_IROM/U0/spo[6]_INST_0_i_10/O
                         net (fo=1, routed)           0.442    -0.318    student_top_inst/Mem_IROM/U0/spo[6]_INST_0_i_10_n_0
    SLICE_X47Y101                                                     r  student_top_inst/Mem_IROM/U0/spo[6]_INST_0_i_4/I3
    SLICE_X47Y101        LUT6 (Prop_lut6_I3_O)        0.124    -0.194 r  student_top_inst/Mem_IROM/U0/spo[6]_INST_0_i_4/O
                         net (fo=1, routed)           0.000    -0.194    student_top_inst/Mem_IROM/U0/spo[6]_INST_0_i_4_n_0
    SLICE_X47Y101                                                     r  student_top_inst/Mem_IROM/U0/spo[6]_INST_0_i_2/I0
    SLICE_X47Y101        MUXF7 (Prop_muxf7_I0_O)      0.120    -0.074 r  student_top_inst/Mem_IROM/U0/spo[6]_INST_0_i_2/O
                         net (fo=1, routed)           0.565     0.491    student_top_inst/Mem_IROM/U0/spo[6]_INST_0_i_2_n_0
    SLICE_X51Y101                                                     r  student_top_inst/Mem_IROM/U0/spo[6]_INST_0/I3
    SLICE_X51Y101        LUT6 (Prop_lut6_I3_O)        0.122     0.613 r  student_top_inst/Mem_IROM/U0/spo[6]_INST_0/O
                         net (fo=2, routed)           0.555     1.168    student_top_inst/u_KLDJ_top/ifu0/spo[6]
    SLICE_X57Y94                                                      r  student_top_inst/u_KLDJ_top/ifu0/pc_reg[31]_i_24/I4
    SLICE_X57Y94         LUT5 (Prop_lut5_I4_O)        0.043     1.211 r  student_top_inst/u_KLDJ_top/ifu0/pc_reg[31]_i_24/O
                         net (fo=1, routed)           0.098     1.309    student_top_inst/u_KLDJ_top/ifu0/if_static_jal00_in
    SLICE_X57Y94                                                      r  student_top_inst/u_KLDJ_top/ifu0/pc_reg[31]_i_15/I0
    SLICE_X57Y94         LUT2 (Prop_lut2_I0_O)        0.043     1.352 r  student_top_inst/u_KLDJ_top/ifu0/pc_reg[31]_i_15/O
                         net (fo=33, routed)          0.329     1.681    student_top_inst/u_KLDJ_top/u_bpu/u_gshare_btb_core/if_static_jal
    SLICE_X68Y94                                                      r  student_top_inst/u_KLDJ_top/u_bpu/u_gshare_btb_core/if_id_pred_taken_i_2/I0
    SLICE_X68Y94         LUT5 (Prop_lut5_I0_O)        0.043     1.724 r  student_top_inst/u_KLDJ_top/u_bpu/u_gshare_btb_core/if_id_pred_taken_i_2/O
                         net (fo=33, routed)          0.458     2.182    student_top_inst/u_KLDJ_top/ifu0/if_pred_taken
    SLICE_X69Y88                                                      r  student_top_inst/u_KLDJ_top/ifu0/pc_reg[5]_i_4/I3
    SLICE_X69Y88         LUT5 (Prop_lut5_I3_O)        0.043     2.225 r  student_top_inst/u_KLDJ_top/ifu0/pc_reg[5]_i_4/O
                         net (fo=1, routed)           0.329     2.554    student_top_inst/u_KLDJ_top/u_pipe_id_ex/dnpc[5]
    SLICE_X69Y90                                                      r  student_top_inst/u_KLDJ_top/u_pipe_id_ex/pc_reg[5]_i_1/I5
    SLICE_X69Y90         LUT6 (Prop_lut6_I5_O)        0.043     2.597 r  student_top_inst/u_KLDJ_top/u_pipe_id_ex/pc_reg[5]_i_1/O
                         net (fo=7, routed)           0.466     3.063    student_top_inst/u_KLDJ_top/ifu0/pc_reg_reg[31]_1[5]
    SLICE_X68Y95         FDRE                                         r  student_top_inst/u_KLDJ_top/ifu0/pc_reg_reg[5]_replica_4/D
  -------------------------------------------------------------------    -------------------

                         (clock clk_out2_pll rise edge)
                                                      5.714     5.714 r  
    AD12                                              0.000     5.714 r  i_sys_clk_p (IN)
                         net (fo=0)                   0.000     5.714    pll_inst/inst/clk_in1_p
    AD12                                                              r  pll_inst/inst/clkin1_ibufgds/I
    AD12                 IBUFDS (Prop_ibufds_I_O)     0.803     6.518 r  pll_inst/inst/clkin1_ibufgds/O
                         net (fo=1, routed)           1.001     7.519    pll_inst/inst/clk_in1_pll
    PLLE2_ADV_X1Y1                                                    r  pll_inst/inst/plle2_adv_inst/CLKIN1
    PLLE2_ADV_X1Y1       PLLE2_ADV (Prop_plle2_adv_CLKIN1_CLKOUT1)
                                                     -7.261     0.258 r  pll_inst/inst/plle2_adv_inst/CLKOUT1
                         net (fo=1, routed)           2.003     2.261    pll_inst/inst/clk_out2_pll
    BUFGCTRL_X0Y0                                                     r  pll_inst/inst/clkout2_buf/I
    BUFGCTRL_X0Y0        BUFG (Prop_bufg_I_O)         0.083     2.344 r  pll_inst/inst/clkout2_buf/O
                         net (fo=5889, routed)        1.429     3.773    student_top_inst/u_KLDJ_top/ifu0/clk_out2
    SLICE_X68Y95         FDRE                                         r  student_top_inst/u_KLDJ_top/ifu0/pc_reg_reg[5]_replica_4/C
                         clock pessimism             -0.352     3.421    
                         clock uncertainty           -0.077     3.344    
    SLICE_X68Y95         FDRE (Setup_fdre_C_D)       -0.019     3.325    student_top_inst/u_KLDJ_top/ifu0/pc_reg_reg[5]_replica_4
  -------------------------------------------------------------------
                         required time                          3.325    
                         arrival time                          -3.063    
  -------------------------------------------------------------------
                         slack                                  0.262    

Slack (MET) :             0.262ns  (required time - arrival time)
  Source:                 student_top_inst/u_KLDJ_top/ifu0/pc_reg_reg[5]_replica/C
                            (rising edge-triggered cell FDRE clocked by clk_out2_pll  {rise@0.000ns fall@2.857ns period=5.714ns})
  Destination:            student_top_inst/u_KLDJ_top/ifu0/pc_reg_reg[5]_replica_4/D
                            (rising edge-triggered cell FDRE clocked by clk_out2_pll  {rise@0.000ns fall@2.857ns period=5.714ns})
  Path Group:             clk_out2_pll
  Path Type:              Setup (Max at Slow Process Corner)
  Requirement:            5.714ns  (clk_out2_pll rise@5.714ns - clk_out2_pll rise@0.000ns)
  Data Path Delay:        5.335ns  (logic 0.954ns (17.883%)  route 4.381ns (82.117%))
  Logic Levels:           10  (LUT2=1 LUT5=3 LUT6=4 MUXF7=2)
  Clock Path Skew:        -0.022ns (DCD - SCD + CPR)
    Destination Clock Delay (DCD):    -1.942ns = ( 3.773 - 5.714 ) 
    Source Clock Delay      (SCD):    -2.271ns
    Clock Pessimism Removal (CPR):    -0.352ns
  Clock Uncertainty:      0.077ns  ((TSJ^2 + DJ^2)^1/2) / 2 + PE
    Total System Jitter     (TSJ):    0.071ns
    Discrete Jitter          (DJ):    0.137ns
    Phase Error              (PE):    0.000ns

    Location             Delay type                Incr(ns)  Path(ns)    Netlist Resource(s)
  -------------------------------------------------------------------    -------------------
                         (clock clk_out2_pll rise edge)
                                                      0.000     0.000 r  
    AD12                                              0.000     0.000 r  i_sys_clk_p (IN)
                         net (fo=0)                   0.000     0.000    pll_inst/inst/clk_in1_p
    AD12                                                              r  pll_inst/inst/clkin1_ibufgds/I
    AD12                 IBUFDS (Prop_ibufds_I_O)     0.906     0.906 r  pll_inst/inst/clkin1_ibufgds/O
                         net (fo=1, routed)           1.098     2.004    pll_inst/inst/clk_in1_pll
    PLLE2_ADV_X1Y1                                                    r  pll_inst/inst/plle2_adv_inst/CLKIN1
    PLLE2_ADV_X1Y1       PLLE2_ADV (Prop_plle2_adv_CLKIN1_CLKOUT1)
                                                     -8.058    -6.054 r  pll_inst/inst/plle2_adv_inst/CLKOUT1
                         net (fo=1, routed)           2.128    -3.926    pll_inst/inst/clk_out2_pll
    BUFGCTRL_X0Y0                                                     r  pll_inst/inst/clkout2_buf/I
    BUFGCTRL_X0Y0        BUFG (Prop_bufg_I_O)         0.093    -3.833 r  pll_inst/inst/clkout2_buf/O
                         net (fo=5889, routed)        1.562    -2.271    student_top_inst/u_KLDJ_top/ifu0/clk_out2
    SLICE_X69Y89         FDRE                                         r  student_top_inst/u_KLDJ_top/ifu0/pc_reg_reg[5]_replica/C
  -------------------------------------------------------------------    -------------------
    SLICE_X69Y89         FDRE (Prop_fdre_C_Q)         0.223    -2.048 r  student_top_inst/u_KLDJ_top/ifu0/pc_reg_reg[5]_replica/Q
                         net (fo=144, routed)         1.139    -0.910    student_top_inst/Mem_IROM/U0/Q[5]_repN_alias
    SLICE_X48Y100                                                     r  student_top_inst/Mem_IROM/U0/g18_b5/I3
    SLICE_X48Y100        LUT6 (Prop_lut6_I3_O)        0.043    -0.867 f  student_top_inst/Mem_IROM/U0/g18_b5/O
                         net (fo=1, routed)           0.000    -0.867    student_top_inst/Mem_IROM/U0/g18_b5_n_0
    SLICE_X48Y100                                                     f  student_top_inst/Mem_IROM/U0/spo[6]_INST_0_i_10/I0
    SLICE_X48Y100        MUXF7 (Prop_muxf7_I0_O)      0.107    -0.760 f  student_top_inst/Mem_IROM/U0/spo[6]_INST_0_i_10/O
                         net (fo=1, routed)           0.442    -0.318    student_top_inst/Mem_IROM/U0/spo[6]_INST_0_i_10_n_0
    SLICE_X47Y101                                                     f  student_top_inst/Mem_IROM/U0/spo[6]_INST_0_i_4/I3
    SLICE_X47Y101        LUT6 (Prop_lut6_I3_O)        0.124    -0.194 f  student_top_inst/Mem_IROM/U0/spo[6]_INST_0_i_4/O
                         net (fo=1, routed)           0.000    -0.194    student_top_inst/Mem_IROM/U0/spo[6]_INST_0_i_4_n_0
    SLICE_X47Y101                                                     f  student_top_inst/Mem_IROM/U0/spo[6]_INST_0_i_2/I0
    SLICE_X47Y101        MUXF7 (Prop_muxf7_I0_O)      0.120    -0.074 f  student_top_inst/Mem_IROM/U0/spo[6]_INST_0_i_2/O
                         net (fo=1, routed)           0.565     0.491    student_top_inst/Mem_IROM/U0/spo[6]_INST_0_i_2_n_0
    SLICE_X51Y101                                                     f  student_top_inst/Mem_IROM/U0/spo[6]_INST_0/I3
    SLICE_X51Y101        LUT6 (Prop_lut6_I3_O)        0.122     0.613 f  student_top_inst/Mem_IROM/U0/spo[6]_INST_0/O
                         net (fo=2, routed)           0.555     1.168    student_top_inst/u_KLDJ_top/ifu0/spo[6]
    SLICE_X57Y94                                                      f  student_top_inst/u_KLDJ_top/ifu0/pc_reg[31]_i_24/I4
    SLICE_X57Y94         LUT5 (Prop_lut5_I4_O)        0.043     1.211 f  student_top_inst/u_KLDJ_top/ifu0/pc_reg[31]_i_24/O
                         net (fo=1, routed)           0.098     1.309    student_top_inst/u_KLDJ_top/ifu0/if_static_jal00_in
    SLICE_X57Y94                                                      f  student_top_inst/u_KLDJ_top/ifu0/pc_reg[31]_i_15/I0
    SLICE_X57Y94         LUT2 (Prop_lut2_I0_O)        0.043     1.352 f  student_top_inst/u_KLDJ_top/ifu0/pc_reg[31]_i_15/O
                         net (fo=33, routed)          0.329     1.681    student_top_inst/u_KLDJ_top/u_bpu/u_gshare_btb_core/if_static_jal
    SLICE_X68Y94                                                      f  student_top_inst/u_KLDJ_top/u_bpu/u_gshare_btb_core/if_id_pred_taken_i_2/I0
    SLICE_X68Y94         LUT5 (Prop_lut5_I0_O)        0.043     1.724 f  student_top_inst/u_KLDJ_top/u_bpu/u_gshare_btb_core/if_id_pred_taken_i_2/O
                         net (fo=33, routed)          0.458     2.182    student_top_inst/u_KLDJ_top/ifu0/if_pred_taken
    SLICE_X69Y88                                                      f  student_top_inst/u_KLDJ_top/ifu0/pc_reg[5]_i_4/I3
    SLICE_X69Y88         LUT5 (Prop_lut5_I3_O)        0.043     2.225 r  student_top_inst/u_KLDJ_top/ifu0/pc_reg[5]_i_4/O
                         net (fo=1, routed)           0.329     2.554    student_top_inst/u_KLDJ_top/u_pipe_id_ex/dnpc[5]
    SLICE_X69Y90                                                      r  student_top_inst/u_KLDJ_top/u_pipe_id_ex/pc_reg[5]_i_1/I5
    SLICE_X69Y90         LUT6 (Prop_lut6_I5_O)        0.043     2.597 r  student_top_inst/u_KLDJ_top/u_pipe_id_ex/pc_reg[5]_i_1/O
                         net (fo=7, routed)           0.466     3.063    student_top_inst/u_KLDJ_top/ifu0/pc_reg_reg[31]_1[5]
    SLICE_X68Y95         FDRE                                         r  student_top_inst/u_KLDJ_top/ifu0/pc_reg_reg[5]_replica_4/D
  -------------------------------------------------------------------    -------------------

                         (clock clk_out2_pll rise edge)
                                                      5.714     5.714 r  
    AD12                                              0.000     5.714 r  i_sys_clk_p (IN)
                         net (fo=0)                   0.000     5.714    pll_inst/inst/clk_in1_p
    AD12                                                              r  pll_inst/inst/clkin1_ibufgds/I
    AD12                 IBUFDS (Prop_ibufds_I_O)     0.803     6.518 r  pll_inst/inst/clkin1_ibufgds/O
                         net (fo=1, routed)           1.001     7.519    pll_inst/inst/clk_in1_pll
    PLLE2_ADV_X1Y1                                                    r  pll_inst/inst/plle2_adv_inst/CLKIN1
    PLLE2_ADV_X1Y1       PLLE2_ADV (Prop_plle2_adv_CLKIN1_CLKOUT1)
                                                     -7.261     0.258 r  pll_inst/inst/plle2_adv_inst/CLKOUT1
                         net (fo=1, routed)           2.003     2.261    pll_inst/inst/clk_out2_pll
    BUFGCTRL_X0Y0                                                     r  pll_inst/inst/clkout2_buf/I
    BUFGCTRL_X0Y0        BUFG (Prop_bufg_I_O)         0.083     2.344 r  pll_inst/inst/clkout2_buf/O
                         net (fo=5889, routed)        1.429     3.773    student_top_inst/u_KLDJ_top/ifu0/clk_out2
    SLICE_X68Y95         FDRE                                         r  student_top_inst/u_KLDJ_top/ifu0/pc_reg_reg[5]_replica_4/C
                         clock pessimism             -0.352     3.421    
                         clock uncertainty           -0.077     3.344    
    SLICE_X68Y95         FDRE (Setup_fdre_C_D)       -0.019     3.325    student_top_inst/u_KLDJ_top/ifu0/pc_reg_reg[5]_replica_4
  -------------------------------------------------------------------
                         required time                          3.325    
                         arrival time                          -3.063    
  -------------------------------------------------------------------
                         slack                                  0.262    

Slack (MET) :             0.262ns  (required time - arrival time)
  Source:                 student_top_inst/u_KLDJ_top/ifu0/pc_reg_reg[5]_replica/C
                            (rising edge-triggered cell FDRE clocked by clk_out2_pll  {rise@0.000ns fall@2.857ns period=5.714ns})
  Destination:            student_top_inst/u_KLDJ_top/ifu0/pc_reg_reg[5]_replica_4/D
                            (rising edge-triggered cell FDRE clocked by clk_out2_pll  {rise@0.000ns fall@2.857ns period=5.714ns})
  Path Group:             clk_out2_pll
  Path Type:              Setup (Max at Slow Process Corner)
  Requirement:            5.714ns  (clk_out2_pll rise@5.714ns - clk_out2_pll rise@0.000ns)
  Data Path Delay:        5.335ns  (logic 0.954ns (17.883%)  route 4.381ns (82.117%))
  Logic Levels:           10  (LUT2=1 LUT5=3 LUT6=4 MUXF7=2)
  Clock Path Skew:        -0.022ns (DCD - SCD + CPR)
    Destination Clock Delay (DCD):    -1.942ns = ( 3.773 - 5.714 ) 
    Source Clock Delay      (SCD):    -2.271ns
    Clock Pessimism Removal (CPR):    -0.352ns
  Clock Uncertainty:      0.077ns  ((TSJ^2 + DJ^2)^1/2) / 2 + PE
    Total System Jitter     (TSJ):    0.071ns
    Discrete Jitter          (DJ):    0.137ns
    Phase Error              (PE):    0.000ns

    Location             Delay type                Incr(ns)  Path(ns)    Netlist Resource(s)
  -------------------------------------------------------------------    -------------------
                         (clock clk_out2_pll rise edge)
                                                      0.000     0.000 r  
    AD12                                              0.000     0.000 r  i_sys_clk_p (IN)
                         net (fo=0)                   0.000     0.000    pll_inst/inst/clk_in1_p
    AD12                                                              r  pll_inst/inst/clkin1_ibufgds/I
    AD12                 IBUFDS (Prop_ibufds_I_O)     0.906     0.906 r  pll_inst/inst/clkin1_ibufgds/O
                         net (fo=1, routed)           1.098     2.004    pll_inst/inst/clk_in1_pll
    PLLE2_ADV_X1Y1                                                    r  pll_inst/inst/plle2_adv_inst/CLKIN1
    PLLE2_ADV_X1Y1       PLLE2_ADV (Prop_plle2_adv_CLKIN1_CLKOUT1)
                                                     -8.058    -6.054 r  pll_inst/inst/plle2_adv_inst/CLKOUT1
                         net (fo=1, routed)           2.128    -3.926    pll_inst/inst/clk_out2_pll
    BUFGCTRL_X0Y0                                                     r  pll_inst/inst/clkout2_buf/I
    BUFGCTRL_X0Y0        BUFG (Prop_bufg_I_O)         0.093    -3.833 r  pll_inst/inst/clkout2_buf/O
                         net (fo=5889, routed)        1.562    -2.271    student_top_inst/u_KLDJ_top/ifu0/clk_out2
    SLICE_X69Y89         FDRE                                         r  student_top_inst/u_KLDJ_top/ifu0/pc_reg_reg[5]_replica/C
  -------------------------------------------------------------------    -------------------
    SLICE_X69Y89         FDRE (Prop_fdre_C_Q)         0.223    -2.048 f  student_top_inst/u_KLDJ_top/ifu0/pc_reg_reg[5]_replica/Q
                         net (fo=144, routed)         1.139    -0.910    student_top_inst/Mem_IROM/U0/Q[5]_repN_alias
    SLICE_X48Y100                                                     f  student_top_inst/Mem_IROM/U0/g18_b5/I3
    SLICE_X48Y100        LUT6 (Prop_lut6_I3_O)        0.043    -0.867 f  student_top_inst/Mem_IROM/U0/g18_b5/O
                         net (fo=1, routed)           0.000    -0.867    student_top_inst/Mem_IROM/U0/g18_b5_n_0
    SLICE_X48Y100                                                     f  student_top_inst/Mem_IROM/U0/spo[6]_INST_0_i_10/I0
    SLICE_X48Y100        MUXF7 (Prop_muxf7_I0_O)      0.107    -0.760 f  student_top_inst/Mem_IROM/U0/spo[6]_INST_0_i_10/O
                         net (fo=1, routed)           0.442    -0.318    student_top_inst/Mem_IROM/U0/spo[6]_INST_0_i_10_n_0
    SLICE_X47Y101                                                     f  student_top_inst/Mem_IROM/U0/spo[6]_INST_0_i_4/I3
    SLICE_X47Y101        LUT6 (Prop_lut6_I3_O)        0.124    -0.194 f  student_top_inst/Mem_IROM/U0/spo[6]_INST_0_i_4/O
                         net (fo=1, routed)           0.000    -0.194    student_top_inst/Mem_IROM/U0/spo[6]_INST_0_i_4_n_0
    SLICE_X47Y101                                                     f  student_top_inst/Mem_IROM/U0/spo[6]_INST_0_i_2/I0
    SLICE_X47Y101        MUXF7 (Prop_muxf7_I0_O)      0.120    -0.074 f  student_top_inst/Mem_IROM/U0/spo[6]_INST_0_i_2/O
                         net (fo=1, routed)           0.565     0.491    student_top_inst/Mem_IROM/U0/spo[6]_INST_0_i_2_n_0
    SLICE_X51Y101                                                     f  student_top_inst/Mem_IROM/U0/spo[6]_INST_0/I3
    SLICE_X51Y101        LUT6 (Prop_lut6_I3_O)        0.122     0.613 f  student_top_inst/Mem_IROM/U0/spo[6]_INST_0/O
                         net (fo=2, routed)           0.555     1.168    student_top_inst/u_KLDJ_top/ifu0/spo[6]
    SLICE_X57Y94                                                      f  student_top_inst/u_KLDJ_top/ifu0/pc_reg[31]_i_24/I4
    SLICE_X57Y94         LUT5 (Prop_lut5_I4_O)        0.043     1.211 f  student_top_inst/u_KLDJ_top/ifu0/pc_reg[31]_i_24/O
                         net (fo=1, routed)           0.098     1.309    student_top_inst/u_KLDJ_top/ifu0/if_static_jal00_in
    SLICE_X57Y94                                                      f  student_top_inst/u_KLDJ_top/ifu0/pc_reg[31]_i_15/I0
    SLICE_X57Y94         LUT2 (Prop_lut2_I0_O)        0.043     1.352 f  student_top_inst/u_KLDJ_top/ifu0/pc_reg[31]_i_15/O
                         net (fo=33, routed)          0.329     1.681    student_top_inst/u_KLDJ_top/u_bpu/u_gshare_btb_core/if_static_jal
    SLICE_X68Y94                                                      f  student_top_inst/u_KLDJ_top/u_bpu/u_gshare_btb_core/if_id_pred_taken_i_2/I0
    SLICE_X68Y94         LUT5 (Prop_lut5_I0_O)        0.043     1.724 f  student_top_inst/u_KLDJ_top/u_bpu/u_gshare_btb_core/if_id_pred_taken_i_2/O
                         net (fo=33, routed)          0.458     2.182    student_top_inst/u_KLDJ_top/ifu0/if_pred_taken
    SLICE_X69Y88                                                      f  student_top_inst/u_KLDJ_top/ifu0/pc_reg[5]_i_4/I3
    SLICE_X69Y88         LUT5 (Prop_lut5_I3_O)        0.043     2.225 r  student_top_inst/u_KLDJ_top/ifu0/pc_reg[5]_i_4/O
                         net (fo=1, routed)           0.329     2.554    student_top_inst/u_KLDJ_top/u_pipe_id_ex/dnpc[5]
    SLICE_X69Y90                                                      r  student_top_inst/u_KLDJ_top/u_pipe_id_ex/pc_reg[5]_i_1/I5
    SLICE_X69Y90         LUT6 (Prop_lut6_I5_O)        0.043     2.597 r  student_top_inst/u_KLDJ_top/u_pipe_id_ex/pc_reg[5]_i_1/O
                         net (fo=7, routed)           0.466     3.063    student_top_inst/u_KLDJ_top/ifu0/pc_reg_reg[31]_1[5]
    SLICE_X68Y95         FDRE                                         r  student_top_inst/u_KLDJ_top/ifu0/pc_reg_reg[5]_replica_4/D
  -------------------------------------------------------------------    -------------------

                         (clock clk_out2_pll rise edge)
                                                      5.714     5.714 r  
    AD12                                              0.000     5.714 r  i_sys_clk_p (IN)
                         net (fo=0)                   0.000     5.714    pll_inst/inst/clk_in1_p
    AD12                                                              r  pll_inst/inst/clkin1_ibufgds/I
    AD12                 IBUFDS (Prop_ibufds_I_O)     0.803     6.518 r  pll_inst/inst/clkin1_ibufgds/O
                         net (fo=1, routed)           1.001     7.519    pll_inst/inst/clk_in1_pll
    PLLE2_ADV_X1Y1                                                    r  pll_inst/inst/plle2_adv_inst/CLKIN1
    PLLE2_ADV_X1Y1       PLLE2_ADV (Prop_plle2_adv_CLKIN1_CLKOUT1)
                                                     -7.261     0.258 r  pll_inst/inst/plle2_adv_inst/CLKOUT1
                         net (fo=1, routed)           2.003     2.261    pll_inst/inst/clk_out2_pll
    BUFGCTRL_X0Y0                                                     r  pll_inst/inst/clkout2_buf/I
    BUFGCTRL_X0Y0        BUFG (Prop_bufg_I_O)         0.083     2.344 r  pll_inst/inst/clkout2_buf/O
                         net (fo=5889, routed)        1.429     3.773    student_top_inst/u_KLDJ_top/ifu0/clk_out2
    SLICE_X68Y95         FDRE                                         r  student_top_inst/u_KLDJ_top/ifu0/pc_reg_reg[5]_replica_4/C
                         clock pessimism             -0.352     3.421    
                         clock uncertainty           -0.077     3.344    
    SLICE_X68Y95         FDRE (Setup_fdre_C_D)       -0.019     3.325    student_top_inst/u_KLDJ_top/ifu0/pc_reg_reg[5]_replica_4
  -------------------------------------------------------------------
                         required time                          3.325    
                         arrival time                          -3.063    
  -------------------------------------------------------------------
                         slack                                  0.262    

Slack (MET) :             0.262ns  (required time - arrival time)
  Source:                 student_top_inst/u_KLDJ_top/ifu0/pc_reg_reg[5]_replica/C
                            (rising edge-triggered cell FDRE clocked by clk_out2_pll  {rise@0.000ns fall@2.857ns period=5.714ns})
  Destination:            student_top_inst/u_KLDJ_top/ifu0/pc_reg_reg[5]_replica_4/D
                            (rising edge-triggered cell FDRE clocked by clk_out2_pll  {rise@0.000ns fall@2.857ns period=5.714ns})
  Path Group:             clk_out2_pll
  Path Type:              Setup (Max at Slow Process Corner)
  Requirement:            5.714ns  (clk_out2_pll rise@5.714ns - clk_out2_pll rise@0.000ns)
  Data Path Delay:        5.335ns  (logic 0.954ns (17.883%)  route 4.381ns (82.117%))
  Logic Levels:           10  (LUT2=1 LUT5=3 LUT6=4 MUXF7=2)
  Clock Path Skew:        -0.022ns (DCD - SCD + CPR)
    Destination Clock Delay (DCD):    -1.942ns = ( 3.773 - 5.714 ) 
    Source Clock Delay      (SCD):    -2.271ns
    Clock Pessimism Removal (CPR):    -0.352ns
  Clock Uncertainty:      0.077ns  ((TSJ^2 + DJ^2)^1/2) / 2 + PE
    Total System Jitter     (TSJ):    0.071ns
    Discrete Jitter          (DJ):    0.137ns
    Phase Error              (PE):    0.000ns

    Location             Delay type                Incr(ns)  Path(ns)    Netlist Resource(s)
  -------------------------------------------------------------------    -------------------
                         (clock clk_out2_pll rise edge)
                                                      0.000     0.000 r  
    AD12                                              0.000     0.000 r  i_sys_clk_p (IN)
                         net (fo=0)                   0.000     0.000    pll_inst/inst/clk_in1_p
    AD12                                                              r  pll_inst/inst/clkin1_ibufgds/I
    AD12                 IBUFDS (Prop_ibufds_I_O)     0.906     0.906 r  pll_inst/inst/clkin1_ibufgds/O
                         net (fo=1, routed)           1.098     2.004    pll_inst/inst/clk_in1_pll
    PLLE2_ADV_X1Y1                                                    r  pll_inst/inst/plle2_adv_inst/CLKIN1
    PLLE2_ADV_X1Y1       PLLE2_ADV (Prop_plle2_adv_CLKIN1_CLKOUT1)
                                                     -8.058    -6.054 r  pll_inst/inst/plle2_adv_inst/CLKOUT1
                         net (fo=1, routed)           2.128    -3.926    pll_inst/inst/clk_out2_pll
    BUFGCTRL_X0Y0                                                     r  pll_inst/inst/clkout2_buf/I
    BUFGCTRL_X0Y0        BUFG (Prop_bufg_I_O)         0.093    -3.833 r  pll_inst/inst/clkout2_buf/O
                         net (fo=5889, routed)        1.562    -2.271    student_top_inst/u_KLDJ_top/ifu0/clk_out2
    SLICE_X69Y89         FDRE                                         r  student_top_inst/u_KLDJ_top/ifu0/pc_reg_reg[5]_replica/C
  -------------------------------------------------------------------    -------------------
    SLICE_X69Y89         FDRE (Prop_fdre_C_Q)         0.223    -2.048 r  student_top_inst/u_KLDJ_top/ifu0/pc_reg_reg[5]_replica/Q
                         net (fo=144, routed)         1.139    -0.910    student_top_inst/Mem_IROM/U0/Q[5]_repN_alias
    SLICE_X48Y100                                                     r  student_top_inst/Mem_IROM/U0/g18_b5/I3
    SLICE_X48Y100        LUT6 (Prop_lut6_I3_O)        0.043    -0.867 r  student_top_inst/Mem_IROM/U0/g18_b5/O
                         net (fo=1, routed)           0.000    -0.867    student_top_inst/Mem_IROM/U0/g18_b5_n_0
    SLICE_X48Y100                                                     r  student_top_inst/Mem_IROM/U0/spo[6]_INST_0_i_10/I0
    SLICE_X48Y100        MUXF7 (Prop_muxf7_I0_O)      0.107    -0.760 r  student_top_inst/Mem_IROM/U0/spo[6]_INST_0_i_10/O
                         net (fo=1, routed)           0.442    -0.318    student_top_inst/Mem_IROM/U0/spo[6]_INST_0_i_10_n_0
    SLICE_X47Y101                                                     r  student_top_inst/Mem_IROM/U0/spo[6]_INST_0_i_4/I3
    SLICE_X47Y101        LUT6 (Prop_lut6_I3_O)        0.124    -0.194 r  student_top_inst/Mem_IROM/U0/spo[6]_INST_0_i_4/O
                         net (fo=1, routed)           0.000    -0.194    student_top_inst/Mem_IROM/U0/spo[6]_INST_0_i_4_n_0
    SLICE_X47Y101                                                     r  student_top_inst/Mem_IROM/U0/spo[6]_INST_0_i_2/I0
    SLICE_X47Y101        MUXF7 (Prop_muxf7_I0_O)      0.120    -0.074 r  student_top_inst/Mem_IROM/U0/spo[6]_INST_0_i_2/O
                         net (fo=1, routed)           0.565     0.491    student_top_inst/Mem_IROM/U0/spo[6]_INST_0_i_2_n_0
    SLICE_X51Y101                                                     r  student_top_inst/Mem_IROM/U0/spo[6]_INST_0/I3
    SLICE_X51Y101        LUT6 (Prop_lut6_I3_O)        0.122     0.613 r  student_top_inst/Mem_IROM/U0/spo[6]_INST_0/O
                         net (fo=2, routed)           0.555     1.168    student_top_inst/u_KLDJ_top/ifu0/spo[6]
    SLICE_X57Y94                                                      r  student_top_inst/u_KLDJ_top/ifu0/pc_reg[31]_i_24/I4
    SLICE_X57Y94         LUT5 (Prop_lut5_I4_O)        0.043     1.211 r  student_top_inst/u_KLDJ_top/ifu0/pc_reg[31]_i_24/O
                         net (fo=1, routed)           0.098     1.309    student_top_inst/u_KLDJ_top/ifu0/if_static_jal00_in
    SLICE_X57Y94                                                      r  student_top_inst/u_KLDJ_top/ifu0/pc_reg[31]_i_15/I0
    SLICE_X57Y94         LUT2 (Prop_lut2_I0_O)        0.043     1.352 r  student_top_inst/u_KLDJ_top/ifu0/pc_reg[31]_i_15/O
                         net (fo=33, routed)          0.329     1.681    student_top_inst/u_KLDJ_top/u_bpu/u_gshare_btb_core/if_static_jal
    SLICE_X68Y94                                                      r  student_top_inst/u_KLDJ_top/u_bpu/u_gshare_btb_core/if_id_pred_taken_i_2/I0
    SLICE_X68Y94         LUT5 (Prop_lut5_I0_O)        0.043     1.724 r  student_top_inst/u_KLDJ_top/u_bpu/u_gshare_btb_core/if_id_pred_taken_i_2/O
                         net (fo=33, routed)          0.458     2.182    student_top_inst/u_KLDJ_top/ifu0/if_pred_taken
    SLICE_X69Y88                                                      r  student_top_inst/u_KLDJ_top/ifu0/pc_reg[5]_i_4/I3
    SLICE_X69Y88         LUT5 (Prop_lut5_I3_O)        0.043     2.225 f  student_top_inst/u_KLDJ_top/ifu0/pc_reg[5]_i_4/O
                         net (fo=1, routed)           0.329     2.554    student_top_inst/u_KLDJ_top/u_pipe_id_ex/dnpc[5]
    SLICE_X69Y90                                                      f  student_top_inst/u_KLDJ_top/u_pipe_id_ex/pc_reg[5]_i_1/I5
    SLICE_X69Y90         LUT6 (Prop_lut6_I5_O)        0.043     2.597 f  student_top_inst/u_KLDJ_top/u_pipe_id_ex/pc_reg[5]_i_1/O
                         net (fo=7, routed)           0.466     3.063    student_top_inst/u_KLDJ_top/ifu0/pc_reg_reg[31]_1[5]
    SLICE_X68Y95         FDRE                                         f  student_top_inst/u_KLDJ_top/ifu0/pc_reg_reg[5]_replica_4/D
  -------------------------------------------------------------------    -------------------

                         (clock clk_out2_pll rise edge)
                                                      5.714     5.714 r  
    AD12                                              0.000     5.714 r  i_sys_clk_p (IN)
                         net (fo=0)                   0.000     5.714    pll_inst/inst/clk_in1_p
    AD12                                                              r  pll_inst/inst/clkin1_ibufgds/I
    AD12                 IBUFDS (Prop_ibufds_I_O)     0.803     6.518 r  pll_inst/inst/clkin1_ibufgds/O
                         net (fo=1, routed)           1.001     7.519    pll_inst/inst/clk_in1_pll
    PLLE2_ADV_X1Y1                                                    r  pll_inst/inst/plle2_adv_inst/CLKIN1
    PLLE2_ADV_X1Y1       PLLE2_ADV (Prop_plle2_adv_CLKIN1_CLKOUT1)
                                                     -7.261     0.258 r  pll_inst/inst/plle2_adv_inst/CLKOUT1
                         net (fo=1, routed)           2.003     2.261    pll_inst/inst/clk_out2_pll
    BUFGCTRL_X0Y0                                                     r  pll_inst/inst/clkout2_buf/I
    BUFGCTRL_X0Y0        BUFG (Prop_bufg_I_O)         0.083     2.344 r  pll_inst/inst/clkout2_buf/O
                         net (fo=5889, routed)        1.429     3.773    student_top_inst/u_KLDJ_top/ifu0/clk_out2
    SLICE_X68Y95         FDRE                                         r  student_top_inst/u_KLDJ_top/ifu0/pc_reg_reg[5]_replica_4/C
                         clock pessimism             -0.352     3.421    
                         clock uncertainty           -0.077     3.344    
    SLICE_X68Y95         FDRE (Setup_fdre_C_D)       -0.019     3.325    student_top_inst/u_KLDJ_top/ifu0/pc_reg_reg[5]_replica_4
  -------------------------------------------------------------------
                         required time                          3.325    
                         arrival time                          -3.063    
  -------------------------------------------------------------------
                         slack                                  0.262    

Slack (MET) :             0.262ns  (required time - arrival time)
  Source:                 student_top_inst/u_KLDJ_top/ifu0/pc_reg_reg[5]_replica/C
                            (rising edge-triggered cell FDRE clocked by clk_out2_pll  {rise@0.000ns fall@2.857ns period=5.714ns})
  Destination:            student_top_inst/u_KLDJ_top/ifu0/pc_reg_reg[5]_replica_4/D
                            (rising edge-triggered cell FDRE clocked by clk_out2_pll  {rise@0.000ns fall@2.857ns period=5.714ns})
  Path Group:             clk_out2_pll
  Path Type:              Setup (Max at Slow Process Corner)
  Requirement:            5.714ns  (clk_out2_pll rise@5.714ns - clk_out2_pll rise@0.000ns)
  Data Path Delay:        5.335ns  (logic 0.954ns (17.883%)  route 4.381ns (82.117%))
  Logic Levels:           10  (LUT2=1 LUT5=3 LUT6=4 MUXF7=2)
  Clock Path Skew:        -0.022ns (DCD - SCD + CPR)
    Destination Clock Delay (DCD):    -1.942ns = ( 3.773 - 5.714 ) 
    Source Clock Delay      (SCD):    -2.271ns
    Clock Pessimism Removal (CPR):    -0.352ns
  Clock Uncertainty:      0.077ns  ((TSJ^2 + DJ^2)^1/2) / 2 + PE
    Total System Jitter     (TSJ):    0.071ns
    Discrete Jitter          (DJ):    0.137ns
    Phase Error              (PE):    0.000ns

    Location             Delay type                Incr(ns)  Path(ns)    Netlist Resource(s)
  -------------------------------------------------------------------    -------------------
                         (clock clk_out2_pll rise edge)
                                                      0.000     0.000 r  
    AD12                                              0.000     0.000 r  i_sys_clk_p (IN)
                         net (fo=0)                   0.000     0.000    pll_inst/inst/clk_in1_p
    AD12                                                              r  pll_inst/inst/clkin1_ibufgds/I
    AD12                 IBUFDS (Prop_ibufds_I_O)     0.906     0.906 r  pll_inst/inst/clkin1_ibufgds/O
                         net (fo=1, routed)           1.098     2.004    pll_inst/inst/clk_in1_pll
    PLLE2_ADV_X1Y1                                                    r  pll_inst/inst/plle2_adv_inst/CLKIN1
    PLLE2_ADV_X1Y1       PLLE2_ADV (Prop_plle2_adv_CLKIN1_CLKOUT1)
                                                     -8.058    -6.054 r  pll_inst/inst/plle2_adv_inst/CLKOUT1
                         net (fo=1, routed)           2.128    -3.926    pll_inst/inst/clk_out2_pll
    BUFGCTRL_X0Y0                                                     r  pll_inst/inst/clkout2_buf/I
    BUFGCTRL_X0Y0        BUFG (Prop_bufg_I_O)         0.093    -3.833 r  pll_inst/inst/clkout2_buf/O
                         net (fo=5889, routed)        1.562    -2.271    student_top_inst/u_KLDJ_top/ifu0/clk_out2
    SLICE_X69Y89         FDRE                                         r  student_top_inst/u_KLDJ_top/ifu0/pc_reg_reg[5]_replica/C
  -------------------------------------------------------------------    -------------------
    SLICE_X69Y89         FDRE (Prop_fdre_C_Q)         0.223    -2.048 f  student_top_inst/u_KLDJ_top/ifu0/pc_reg_reg[5]_replica/Q
                         net (fo=144, routed)         1.139    -0.910    student_top_inst/Mem_IROM/U0/Q[5]_repN_alias
    SLICE_X48Y100                                                     f  student_top_inst/Mem_IROM/U0/g18_b5/I3
    SLICE_X48Y100        LUT6 (Prop_lut6_I3_O)        0.043    -0.867 r  student_top_inst/Mem_IROM/U0/g18_b5/O
                         net (fo=1, routed)           0.000    -0.867    student_top_inst/Mem_IROM/U0/g18_b5_n_0
    SLICE_X48Y100                                                     r  student_top_inst/Mem_IROM/U0/spo[6]_INST_0_i_10/I0
    SLICE_X48Y100        MUXF7 (Prop_muxf7_I0_O)      0.107    -0.760 r  student_top_inst/Mem_IROM/U0/spo[6]_INST_0_i_10/O
                         net (fo=1, routed)           0.442    -0.318    student_top_inst/Mem_IROM/U0/spo[6]_INST_0_i_10_n_0
    SLICE_X47Y101                                                     r  student_top_inst/Mem_IROM/U0/spo[6]_INST_0_i_4/I3
    SLICE_X47Y101        LUT6 (Prop_lut6_I3_O)        0.124    -0.194 r  student_top_inst/Mem_IROM/U0/spo[6]_INST_0_i_4/O
                         net (fo=1, routed)           0.000    -0.194    student_top_inst/Mem_IROM/U0/spo[6]_INST_0_i_4_n_0
    SLICE_X47Y101                                                     r  student_top_inst/Mem_IROM/U0/spo[6]_INST_0_i_2/I0
    SLICE_X47Y101        MUXF7 (Prop_muxf7_I0_O)      0.120    -0.074 r  student_top_inst/Mem_IROM/U0/spo[6]_INST_0_i_2/O
                         net (fo=1, routed)           0.565     0.491    student_top_inst/Mem_IROM/U0/spo[6]_INST_0_i_2_n_0
    SLICE_X51Y101                                                     r  student_top_inst/Mem_IROM/U0/spo[6]_INST_0/I3
    SLICE_X51Y101        LUT6 (Prop_lut6_I3_O)        0.122     0.613 r  student_top_inst/Mem_IROM/U0/spo[6]_INST_0/O
                         net (fo=2, routed)           0.555     1.168    student_top_inst/u_KLDJ_top/ifu0/spo[6]
    SLICE_X57Y94                                                      r  student_top_inst/u_KLDJ_top/ifu0/pc_reg[31]_i_24/I4
    SLICE_X57Y94         LUT5 (Prop_lut5_I4_O)        0.043     1.211 r  student_top_inst/u_KLDJ_top/ifu0/pc_reg[31]_i_24/O
                         net (fo=1, routed)           0.098     1.309    student_top_inst/u_KLDJ_top/ifu0/if_static_jal00_in
    SLICE_X57Y94                                                      r  student_top_inst/u_KLDJ_top/ifu0/pc_reg[31]_i_15/I0
    SLICE_X57Y94         LUT2 (Prop_lut2_I0_O)        0.043     1.352 r  student_top_inst/u_KLDJ_top/ifu0/pc_reg[31]_i_15/O
                         net (fo=33, routed)          0.329     1.681    student_top_inst/u_KLDJ_top/u_bpu/u_gshare_btb_core/if_static_jal
    SLICE_X68Y94                                                      r  student_top_inst/u_KLDJ_top/u_bpu/u_gshare_btb_core/if_id_pred_taken_i_2/I0
    SLICE_X68Y94         LUT5 (Prop_lut5_I0_O)        0.043     1.724 r  student_top_inst/u_KLDJ_top/u_bpu/u_gshare_btb_core/if_id_pred_taken_i_2/O
                         net (fo=33, routed)          0.458     2.182    student_top_inst/u_KLDJ_top/ifu0/if_pred_taken
    SLICE_X69Y88                                                      r  student_top_inst/u_KLDJ_top/ifu0/pc_reg[5]_i_4/I3
    SLICE_X69Y88         LUT5 (Prop_lut5_I3_O)        0.043     2.225 f  student_top_inst/u_KLDJ_top/ifu0/pc_reg[5]_i_4/O
                         net (fo=1, routed)           0.329     2.554    student_top_inst/u_KLDJ_top/u_pipe_id_ex/dnpc[5]
    SLICE_X69Y90                                                      f  student_top_inst/u_KLDJ_top/u_pipe_id_ex/pc_reg[5]_i_1/I5
    SLICE_X69Y90         LUT6 (Prop_lut6_I5_O)        0.043     2.597 f  student_top_inst/u_KLDJ_top/u_pipe_id_ex/pc_reg[5]_i_1/O
                         net (fo=7, routed)           0.466     3.063    student_top_inst/u_KLDJ_top/ifu0/pc_reg_reg[31]_1[5]
    SLICE_X68Y95         FDRE                                         f  student_top_inst/u_KLDJ_top/ifu0/pc_reg_reg[5]_replica_4/D
  -------------------------------------------------------------------    -------------------

                         (clock clk_out2_pll rise edge)
                                                      5.714     5.714 r  
    AD12                                              0.000     5.714 r  i_sys_clk_p (IN)
                         net (fo=0)                   0.000     5.714    pll_inst/inst/clk_in1_p
    AD12                                                              r  pll_inst/inst/clkin1_ibufgds/I
    AD12                 IBUFDS (Prop_ibufds_I_O)     0.803     6.518 r  pll_inst/inst/clkin1_ibufgds/O
                         net (fo=1, routed)           1.001     7.519    pll_inst/inst/clk_in1_pll
    PLLE2_ADV_X1Y1                                                    r  pll_inst/inst/plle2_adv_inst/CLKIN1
    PLLE2_ADV_X1Y1       PLLE2_ADV (Prop_plle2_adv_CLKIN1_CLKOUT1)
                                                     -7.261     0.258 r  pll_inst/inst/plle2_adv_inst/CLKOUT1
                         net (fo=1, routed)           2.003     2.261    pll_inst/inst/clk_out2_pll
    BUFGCTRL_X0Y0                                                     r  pll_inst/inst/clkout2_buf/I
    BUFGCTRL_X0Y0        BUFG (Prop_bufg_I_O)         0.083     2.344 r  pll_inst/inst/clkout2_buf/O
                         net (fo=5889, routed)        1.429     3.773    student_top_inst/u_KLDJ_top/ifu0/clk_out2
    SLICE_X68Y95         FDRE                                         r  student_top_inst/u_KLDJ_top/ifu0/pc_reg_reg[5]_replica_4/C
                         clock pessimism             -0.352     3.421    
                         clock uncertainty           -0.077     3.344    
    SLICE_X68Y95         FDRE (Setup_fdre_C_D)       -0.019     3.325    student_top_inst/u_KLDJ_top/ifu0/pc_reg_reg[5]_replica_4
  -------------------------------------------------------------------
                         required time                          3.325    
                         arrival time                          -3.063    
  -------------------------------------------------------------------
                         slack                                  0.262    

Slack (MET) :             0.262ns  (required time - arrival time)
  Source:                 student_top_inst/u_KLDJ_top/ifu0/pc_reg_reg[5]_replica/C
                            (rising edge-triggered cell FDRE clocked by clk_out2_pll  {rise@0.000ns fall@2.857ns period=5.714ns})
  Destination:            student_top_inst/u_KLDJ_top/ifu0/pc_reg_reg[5]_replica_4/D
                            (rising edge-triggered cell FDRE clocked by clk_out2_pll  {rise@0.000ns fall@2.857ns period=5.714ns})
  Path Group:             clk_out2_pll
  Path Type:              Setup (Max at Slow Process Corner)
  Requirement:            5.714ns  (clk_out2_pll rise@5.714ns - clk_out2_pll rise@0.000ns)
  Data Path Delay:        5.335ns  (logic 0.954ns (17.883%)  route 4.381ns (82.117%))
  Logic Levels:           10  (LUT2=1 LUT5=3 LUT6=4 MUXF7=2)
  Clock Path Skew:        -0.022ns (DCD - SCD + CPR)
    Destination Clock Delay (DCD):    -1.942ns = ( 3.773 - 5.714 ) 
    Source Clock Delay      (SCD):    -2.271ns
    Clock Pessimism Removal (CPR):    -0.352ns
  Clock Uncertainty:      0.077ns  ((TSJ^2 + DJ^2)^1/2) / 2 + PE
    Total System Jitter     (TSJ):    0.071ns
    Discrete Jitter          (DJ):    0.137ns
    Phase Error              (PE):    0.000ns

    Location             Delay type                Incr(ns)  Path(ns)    Netlist Resource(s)
  -------------------------------------------------------------------    -------------------
                         (clock clk_out2_pll rise edge)
                                                      0.000     0.000 r  
    AD12                                              0.000     0.000 r  i_sys_clk_p (IN)
                         net (fo=0)                   0.000     0.000    pll_inst/inst/clk_in1_p
    AD12                                                              r  pll_inst/inst/clkin1_ibufgds/I
    AD12                 IBUFDS (Prop_ibufds_I_O)     0.906     0.906 r  pll_inst/inst/clkin1_ibufgds/O
                         net (fo=1, routed)           1.098     2.004    pll_inst/inst/clk_in1_pll
    PLLE2_ADV_X1Y1                                                    r  pll_inst/inst/plle2_adv_inst/CLKIN1
    PLLE2_ADV_X1Y1       PLLE2_ADV (Prop_plle2_adv_CLKIN1_CLKOUT1)
                                                     -8.058    -6.054 r  pll_inst/inst/plle2_adv_inst/CLKOUT1
                         net (fo=1, routed)           2.128    -3.926    pll_inst/inst/clk_out2_pll
    BUFGCTRL_X0Y0                                                     r  pll_inst/inst/clkout2_buf/I
    BUFGCTRL_X0Y0        BUFG (Prop_bufg_I_O)         0.093    -3.833 r  pll_inst/inst/clkout2_buf/O
                         net (fo=5889, routed)        1.562    -2.271    student_top_inst/u_KLDJ_top/ifu0/clk_out2
    SLICE_X69Y89         FDRE                                         r  student_top_inst/u_KLDJ_top/ifu0/pc_reg_reg[5]_replica/C
  -------------------------------------------------------------------    -------------------
    SLICE_X69Y89         FDRE (Prop_fdre_C_Q)         0.223    -2.048 r  student_top_inst/u_KLDJ_top/ifu0/pc_reg_reg[5]_replica/Q
                         net (fo=144, routed)         1.139    -0.910    student_top_inst/Mem_IROM/U0/Q[5]_repN_alias
    SLICE_X48Y100                                                     r  student_top_inst/Mem_IROM/U0/g18_b5/I3
    SLICE_X48Y100        LUT6 (Prop_lut6_I3_O)        0.043    -0.867 f  student_top_inst/Mem_IROM/U0/g18_b5/O
                         net (fo=1, routed)           0.000    -0.867    student_top_inst/Mem_IROM/U0/g18_b5_n_0
    SLICE_X48Y100                                                     f  student_top_inst/Mem_IROM/U0/spo[6]_INST_0_i_10/I0
    SLICE_X48Y100        MUXF7 (Prop_muxf7_I0_O)      0.107    -0.760 f  student_top_inst/Mem_IROM/U0/spo[6]_INST_0_i_10/O
                         net (fo=1, routed)           0.442    -0.318    student_top_inst/Mem_IROM/U0/spo[6]_INST_0_i_10_n_0
    SLICE_X47Y101                                                     f  student_top_inst/Mem_IROM/U0/spo[6]_INST_0_i_4/I3
    SLICE_X47Y101        LUT6 (Prop_lut6_I3_O)        0.124    -0.194 f  student_top_inst/Mem_IROM/U0/spo[6]_INST_0_i_4/O
                         net (fo=1, routed)           0.000    -0.194    student_top_inst/Mem_IROM/U0/spo[6]_INST_0_i_4_n_0
    SLICE_X47Y101                                                     f  student_top_inst/Mem_IROM/U0/spo[6]_INST_0_i_2/I0
    SLICE_X47Y101        MUXF7 (Prop_muxf7_I0_O)      0.120    -0.074 f  student_top_inst/Mem_IROM/U0/spo[6]_INST_0_i_2/O
                         net (fo=1, routed)           0.565     0.491    student_top_inst/Mem_IROM/U0/spo[6]_INST_0_i_2_n_0
    SLICE_X51Y101                                                     f  student_top_inst/Mem_IROM/U0/spo[6]_INST_0/I3
    SLICE_X51Y101        LUT6 (Prop_lut6_I3_O)        0.122     0.613 f  student_top_inst/Mem_IROM/U0/spo[6]_INST_0/O
                         net (fo=2, routed)           0.555     1.168    student_top_inst/u_KLDJ_top/ifu0/spo[6]
    SLICE_X57Y94                                                      f  student_top_inst/u_KLDJ_top/ifu0/pc_reg[31]_i_24/I4
    SLICE_X57Y94         LUT5 (Prop_lut5_I4_O)        0.043     1.211 f  student_top_inst/u_KLDJ_top/ifu0/pc_reg[31]_i_24/O
                         net (fo=1, routed)           0.098     1.309    student_top_inst/u_KLDJ_top/ifu0/if_static_jal00_in
    SLICE_X57Y94                                                      f  student_top_inst/u_KLDJ_top/ifu0/pc_reg[31]_i_15/I0
    SLICE_X57Y94         LUT2 (Prop_lut2_I0_O)        0.043     1.352 f  student_top_inst/u_KLDJ_top/ifu0/pc_reg[31]_i_15/O
                         net (fo=33, routed)          0.329     1.681    student_top_inst/u_KLDJ_top/u_bpu/u_gshare_btb_core/if_static_jal
    SLICE_X68Y94                                                      f  student_top_inst/u_KLDJ_top/u_bpu/u_gshare_btb_core/if_id_pred_taken_i_2/I0
    SLICE_X68Y94         LUT5 (Prop_lut5_I0_O)        0.043     1.724 f  student_top_inst/u_KLDJ_top/u_bpu/u_gshare_btb_core/if_id_pred_taken_i_2/O
                         net (fo=33, routed)          0.458     2.182    student_top_inst/u_KLDJ_top/ifu0/if_pred_taken
    SLICE_X69Y88                                                      f  student_top_inst/u_KLDJ_top/ifu0/pc_reg[5]_i_4/I3
    SLICE_X69Y88         LUT5 (Prop_lut5_I3_O)        0.043     2.225 f  student_top_inst/u_KLDJ_top/ifu0/pc_reg[5]_i_4/O
                         net (fo=1, routed)           0.329     2.554    student_top_inst/u_KLDJ_top/u_pipe_id_ex/dnpc[5]
    SLICE_X69Y90                                                      f  student_top_inst/u_KLDJ_top/u_pipe_id_ex/pc_reg[5]_i_1/I5
    SLICE_X69Y90         LUT6 (Prop_lut6_I5_O)        0.043     2.597 f  student_top_inst/u_KLDJ_top/u_pipe_id_ex/pc_reg[5]_i_1/O
                         net (fo=7, routed)           0.466     3.063    student_top_inst/u_KLDJ_top/ifu0/pc_reg_reg[31]_1[5]
    SLICE_X68Y95         FDRE                                         f  student_top_inst/u_KLDJ_top/ifu0/pc_reg_reg[5]_replica_4/D
  -------------------------------------------------------------------    -------------------

                         (clock clk_out2_pll rise edge)
                                                      5.714     5.714 r  
    AD12                                              0.000     5.714 r  i_sys_clk_p (IN)
                         net (fo=0)                   0.000     5.714    pll_inst/inst/clk_in1_p
    AD12                                                              r  pll_inst/inst/clkin1_ibufgds/I
    AD12                 IBUFDS (Prop_ibufds_I_O)     0.803     6.518 r  pll_inst/inst/clkin1_ibufgds/O
                         net (fo=1, routed)           1.001     7.519    pll_inst/inst/clk_in1_pll
    PLLE2_ADV_X1Y1                                                    r  pll_inst/inst/plle2_adv_inst/CLKIN1
    PLLE2_ADV_X1Y1       PLLE2_ADV (Prop_plle2_adv_CLKIN1_CLKOUT1)
                                                     -7.261     0.258 r  pll_inst/inst/plle2_adv_inst/CLKOUT1
                         net (fo=1, routed)           2.003     2.261    pll_inst/inst/clk_out2_pll
    BUFGCTRL_X0Y0                                                     r  pll_inst/inst/clkout2_buf/I
    BUFGCTRL_X0Y0        BUFG (Prop_bufg_I_O)         0.083     2.344 r  pll_inst/inst/clkout2_buf/O
                         net (fo=5889, routed)        1.429     3.773    student_top_inst/u_KLDJ_top/ifu0/clk_out2
    SLICE_X68Y95         FDRE                                         r  student_top_inst/u_KLDJ_top/ifu0/pc_reg_reg[5]_replica_4/C
                         clock pessimism             -0.352     3.421    
                         clock uncertainty           -0.077     3.344    
    SLICE_X68Y95         FDRE (Setup_fdre_C_D)       -0.019     3.325    student_top_inst/u_KLDJ_top/ifu0/pc_reg_reg[5]_replica_4
  -------------------------------------------------------------------
                         required time                          3.325    
                         arrival time                          -3.063    
  -------------------------------------------------------------------
                         slack                                  0.262    

Slack (MET) :             0.262ns  (required time - arrival time)
  Source:                 student_top_inst/u_KLDJ_top/ifu0/pc_reg_reg[5]_replica/C
                            (rising edge-triggered cell FDRE clocked by clk_out2_pll  {rise@0.000ns fall@2.857ns period=5.714ns})
  Destination:            student_top_inst/u_KLDJ_top/ifu0/pc_reg_reg[5]_replica_4/D
                            (rising edge-triggered cell FDRE clocked by clk_out2_pll  {rise@0.000ns fall@2.857ns period=5.714ns})
  Path Group:             clk_out2_pll
  Path Type:              Setup (Max at Slow Process Corner)
  Requirement:            5.714ns  (clk_out2_pll rise@5.714ns - clk_out2_pll rise@0.000ns)
  Data Path Delay:        5.335ns  (logic 0.954ns (17.883%)  route 4.381ns (82.117%))
  Logic Levels:           10  (LUT2=1 LUT5=3 LUT6=4 MUXF7=2)
  Clock Path Skew:        -0.022ns (DCD - SCD + CPR)
    Destination Clock Delay (DCD):    -1.942ns = ( 3.773 - 5.714 ) 
    Source Clock Delay      (SCD):    -2.271ns
    Clock Pessimism Removal (CPR):    -0.352ns
  Clock Uncertainty:      0.077ns  ((TSJ^2 + DJ^2)^1/2) / 2 + PE
    Total System Jitter     (TSJ):    0.071ns
    Discrete Jitter          (DJ):    0.137ns
    Phase Error              (PE):    0.000ns

    Location             Delay type                Incr(ns)  Path(ns)    Netlist Resource(s)
  -------------------------------------------------------------------    -------------------
                         (clock clk_out2_pll rise edge)
                                                      0.000     0.000 r  
    AD12                                              0.000     0.000 r  i_sys_clk_p (IN)
                         net (fo=0)                   0.000     0.000    pll_inst/inst/clk_in1_p
    AD12                                                              r  pll_inst/inst/clkin1_ibufgds/I
    AD12                 IBUFDS (Prop_ibufds_I_O)     0.906     0.906 r  pll_inst/inst/clkin1_ibufgds/O
                         net (fo=1, routed)           1.098     2.004    pll_inst/inst/clk_in1_pll
    PLLE2_ADV_X1Y1                                                    r  pll_inst/inst/plle2_adv_inst/CLKIN1
    PLLE2_ADV_X1Y1       PLLE2_ADV (Prop_plle2_adv_CLKIN1_CLKOUT1)
                                                     -8.058    -6.054 r  pll_inst/inst/plle2_adv_inst/CLKOUT1
                         net (fo=1, routed)           2.128    -3.926    pll_inst/inst/clk_out2_pll
    BUFGCTRL_X0Y0                                                     r  pll_inst/inst/clkout2_buf/I
    BUFGCTRL_X0Y0        BUFG (Prop_bufg_I_O)         0.093    -3.833 r  pll_inst/inst/clkout2_buf/O
                         net (fo=5889, routed)        1.562    -2.271    student_top_inst/u_KLDJ_top/ifu0/clk_out2
    SLICE_X69Y89         FDRE                                         r  student_top_inst/u_KLDJ_top/ifu0/pc_reg_reg[5]_replica/C
  -------------------------------------------------------------------    -------------------
    SLICE_X69Y89         FDRE (Prop_fdre_C_Q)         0.223    -2.048 f  student_top_inst/u_KLDJ_top/ifu0/pc_reg_reg[5]_replica/Q
                         net (fo=144, routed)         1.139    -0.910    student_top_inst/Mem_IROM/U0/Q[5]_repN_alias
    SLICE_X48Y100                                                     f  student_top_inst/Mem_IROM/U0/g18_b5/I3
    SLICE_X48Y100        LUT6 (Prop_lut6_I3_O)        0.043    -0.867 f  student_top_inst/Mem_IROM/U0/g18_b5/O
                         net (fo=1, routed)           0.000    -0.867    student_top_inst/Mem_IROM/U0/g18_b5_n_0
    SLICE_X48Y100                                                     f  student_top_inst/Mem_IROM/U0/spo[6]_INST_0_i_10/I0
    SLICE_X48Y100        MUXF7 (Prop_muxf7_I0_O)      0.107    -0.760 f  student_top_inst/Mem_IROM/U0/spo[6]_INST_0_i_10/O
                         net (fo=1, routed)           0.442    -0.318    student_top_inst/Mem_IROM/U0/spo[6]_INST_0_i_10_n_0
    SLICE_X47Y101                                                     f  student_top_inst/Mem_IROM/U0/spo[6]_INST_0_i_4/I3
    SLICE_X47Y101        LUT6 (Prop_lut6_I3_O)        0.124    -0.194 f  student_top_inst/Mem_IROM/U0/spo[6]_INST_0_i_4/O
                         net (fo=1, routed)           0.000    -0.194    student_top_inst/Mem_IROM/U0/spo[6]_INST_0_i_4_n_0
    SLICE_X47Y101                                                     f  student_top_inst/Mem_IROM/U0/spo[6]_INST_0_i_2/I0
    SLICE_X47Y101        MUXF7 (Prop_muxf7_I0_O)      0.120    -0.074 f  student_top_inst/Mem_IROM/U0/spo[6]_INST_0_i_2/O
                         net (fo=1, routed)           0.565     0.491    student_top_inst/Mem_IROM/U0/spo[6]_INST_0_i_2_n_0
    SLICE_X51Y101                                                     f  student_top_inst/Mem_IROM/U0/spo[6]_INST_0/I3
    SLICE_X51Y101        LUT6 (Prop_lut6_I3_O)        0.122     0.613 f  student_top_inst/Mem_IROM/U0/spo[6]_INST_0/O
                         net (fo=2, routed)           0.555     1.168    student_top_inst/u_KLDJ_top/ifu0/spo[6]
    SLICE_X57Y94                                                      f  student_top_inst/u_KLDJ_top/ifu0/pc_reg[31]_i_24/I4
    SLICE_X57Y94         LUT5 (Prop_lut5_I4_O)        0.043     1.211 f  student_top_inst/u_KLDJ_top/ifu0/pc_reg[31]_i_24/O
                         net (fo=1, routed)           0.098     1.309    student_top_inst/u_KLDJ_top/ifu0/if_static_jal00_in
    SLICE_X57Y94                                                      f  student_top_inst/u_KLDJ_top/ifu0/pc_reg[31]_i_15/I0
    SLICE_X57Y94         LUT2 (Prop_lut2_I0_O)        0.043     1.352 f  student_top_inst/u_KLDJ_top/ifu0/pc_reg[31]_i_15/O
                         net (fo=33, routed)          0.329     1.681    student_top_inst/u_KLDJ_top/u_bpu/u_gshare_btb_core/if_static_jal
    SLICE_X68Y94                                                      f  student_top_inst/u_KLDJ_top/u_bpu/u_gshare_btb_core/if_id_pred_taken_i_2/I0
    SLICE_X68Y94         LUT5 (Prop_lut5_I0_O)        0.043     1.724 f  student_top_inst/u_KLDJ_top/u_bpu/u_gshare_btb_core/if_id_pred_taken_i_2/O
                         net (fo=33, routed)          0.458     2.182    student_top_inst/u_KLDJ_top/ifu0/if_pred_taken
    SLICE_X69Y88                                                      f  student_top_inst/u_KLDJ_top/ifu0/pc_reg[5]_i_4/I3
    SLICE_X69Y88         LUT5 (Prop_lut5_I3_O)        0.043     2.225 f  student_top_inst/u_KLDJ_top/ifu0/pc_reg[5]_i_4/O
                         net (fo=1, routed)           0.329     2.554    student_top_inst/u_KLDJ_top/u_pipe_id_ex/dnpc[5]
    SLICE_X69Y90                                                      f  student_top_inst/u_KLDJ_top/u_pipe_id_ex/pc_reg[5]_i_1/I5
    SLICE_X69Y90         LUT6 (Prop_lut6_I5_O)        0.043     2.597 f  student_top_inst/u_KLDJ_top/u_pipe_id_ex/pc_reg[5]_i_1/O
                         net (fo=7, routed)           0.466     3.063    student_top_inst/u_KLDJ_top/ifu0/pc_reg_reg[31]_1[5]
    SLICE_X68Y95         FDRE                                         f  student_top_inst/u_KLDJ_top/ifu0/pc_reg_reg[5]_replica_4/D
  -------------------------------------------------------------------    -------------------

                         (clock clk_out2_pll rise edge)
                                                      5.714     5.714 r  
    AD12                                              0.000     5.714 r  i_sys_clk_p (IN)
                         net (fo=0)                   0.000     5.714    pll_inst/inst/clk_in1_p
    AD12                                                              r  pll_inst/inst/clkin1_ibufgds/I
    AD12                 IBUFDS (Prop_ibufds_I_O)     0.803     6.518 r  pll_inst/inst/clkin1_ibufgds/O
                         net (fo=1, routed)           1.001     7.519    pll_inst/inst/clk_in1_pll
    PLLE2_ADV_X1Y1                                                    r  pll_inst/inst/plle2_adv_inst/CLKIN1
    PLLE2_ADV_X1Y1       PLLE2_ADV (Prop_plle2_adv_CLKIN1_CLKOUT1)
                                                     -7.261     0.258 r  pll_inst/inst/plle2_adv_inst/CLKOUT1
                         net (fo=1, routed)           2.003     2.261    pll_inst/inst/clk_out2_pll
    BUFGCTRL_X0Y0                                                     r  pll_inst/inst/clkout2_buf/I
    BUFGCTRL_X0Y0        BUFG (Prop_bufg_I_O)         0.083     2.344 r  pll_inst/inst/clkout2_buf/O
                         net (fo=5889, routed)        1.429     3.773    student_top_inst/u_KLDJ_top/ifu0/clk_out2
    SLICE_X68Y95         FDRE                                         r  student_top_inst/u_KLDJ_top/ifu0/pc_reg_reg[5]_replica_4/C
                         clock pessimism             -0.352     3.421    
                         clock uncertainty           -0.077     3.344    
    SLICE_X68Y95         FDRE (Setup_fdre_C_D)       -0.019     3.325    student_top_inst/u_KLDJ_top/ifu0/pc_reg_reg[5]_replica_4
  -------------------------------------------------------------------
                         required time                          3.325    
                         arrival time                          -3.063    
  -------------------------------------------------------------------
                         slack                                  0.262    

Slack (MET) :             0.264ns  (required time - arrival time)
  Source:                 student_top_inst/u_KLDJ_top/ifu0/pc_reg_reg[2]_replica/C
                            (rising edge-triggered cell FDRE clocked by clk_out2_pll  {rise@0.000ns fall@2.857ns period=5.714ns})
  Destination:            student_top_inst/u_KLDJ_top/ifu0/pc_reg_reg[7]_replica_1/D
                            (rising edge-triggered cell FDRE clocked by clk_out2_pll  {rise@0.000ns fall@2.857ns period=5.714ns})
  Path Group:             clk_out2_pll
  Path Type:              Setup (Max at Slow Process Corner)
  Requirement:            5.714ns  (clk_out2_pll rise@5.714ns - clk_out2_pll rise@0.000ns)
  Data Path Delay:        5.296ns  (logic 0.962ns (18.165%)  route 4.334ns (81.835%))
  Logic Levels:           10  (LUT2=1 LUT5=3 LUT6=4 MUXF7=2)
  Clock Path Skew:        -0.046ns (DCD - SCD + CPR)
    Destination Clock Delay (DCD):    -1.943ns = ( 3.772 - 5.714 ) 
    Source Clock Delay      (SCD):    -2.269ns
    Clock Pessimism Removal (CPR):    -0.373ns
  Clock Uncertainty:      0.077ns  ((TSJ^2 + DJ^2)^1/2) / 2 + PE
    Total System Jitter     (TSJ):    0.071ns
    Discrete Jitter          (DJ):    0.137ns
    Phase Error              (PE):    0.000ns

    Location             Delay type                Incr(ns)  Path(ns)    Netlist Resource(s)
  -------------------------------------------------------------------    -------------------
                         (clock clk_out2_pll rise edge)
                                                      0.000     0.000 r  
    AD12                                              0.000     0.000 r  i_sys_clk_p (IN)
                         net (fo=0)                   0.000     0.000    pll_inst/inst/clk_in1_p
    AD12                                                              r  pll_inst/inst/clkin1_ibufgds/I
    AD12                 IBUFDS (Prop_ibufds_I_O)     0.906     0.906 r  pll_inst/inst/clkin1_ibufgds/O
                         net (fo=1, routed)           1.098     2.004    pll_inst/inst/clk_in1_pll
    PLLE2_ADV_X1Y1                                                    r  pll_inst/inst/plle2_adv_inst/CLKIN1
    PLLE2_ADV_X1Y1       PLLE2_ADV (Prop_plle2_adv_CLKIN1_CLKOUT1)
                                                     -8.058    -6.054 r  pll_inst/inst/plle2_adv_inst/CLKOUT1
                         net (fo=1, routed)           2.128    -3.926    pll_inst/inst/clk_out2_pll
    BUFGCTRL_X0Y0                                                     r  pll_inst/inst/clkout2_buf/I
    BUFGCTRL_X0Y0        BUFG (Prop_bufg_I_O)         0.093    -3.833 r  pll_inst/inst/clkout2_buf/O
                         net (fo=5889, routed)        1.564    -2.269    student_top_inst/u_KLDJ_top/ifu0/clk_out2
    SLICE_X63Y92         FDRE                                         r  student_top_inst/u_KLDJ_top/ifu0/pc_reg_reg[2]_replica/C
  -------------------------------------------------------------------    -------------------
    SLICE_X63Y92         FDRE (Prop_fdre_C_Q)         0.223    -2.046 r  student_top_inst/u_KLDJ_top/ifu0/pc_reg_reg[2]_replica/Q
                         net (fo=144, routed)         1.196    -0.851    student_top_inst/Mem_IROM/U0/Q[2]_repN_alias
    SLICE_X46Y101                                                     r  student_top_inst/Mem_IROM/U0/g30_b5/I0
    SLICE_X46Y101        LUT6 (Prop_lut6_I0_O)        0.043    -0.808 r  student_top_inst/Mem_IROM/U0/g30_b5/O
                         net (fo=1, routed)           0.000    -0.808    student_top_inst/Mem_IROM/U0/g30_b5_n_0
    SLICE_X46Y101                                                     r  student_top_inst/Mem_IROM/U0/spo[6]_INST_0_i_12/I0
    SLICE_X46Y101        MUXF7 (Prop_muxf7_I0_O)      0.115    -0.693 r  student_top_inst/Mem_IROM/U0/spo[6]_INST_0_i_12/O
                         net (fo=1, routed)           0.314    -0.378    student_top_inst/Mem_IROM/U0/spo[6]_INST_0_i_12_n_0
    SLICE_X47Y101                                                     r  student_top_inst/Mem_IROM/U0/spo[6]_INST_0_i_5/I0
    SLICE_X47Y101        LUT6 (Prop_lut6_I0_O)        0.122    -0.256 r  student_top_inst/Mem_IROM/U0/spo[6]_INST_0_i_5/O
                         net (fo=1, routed)           0.000    -0.256    student_top_inst/Mem_IROM/U0/spo[6]_INST_0_i_5_n_0
    SLICE_X47Y101                                                     r  student_top_inst/Mem_IROM/U0/spo[6]_INST_0_i_2/I1
    SLICE_X47Y101        MUXF7 (Prop_muxf7_I1_O)      0.122    -0.134 r  student_top_inst/Mem_IROM/U0/spo[6]_INST_0_i_2/O
                         net (fo=1, routed)           0.565     0.431    student_top_inst/Mem_IROM/U0/spo[6]_INST_0_i_2_n_0
    SLICE_X51Y101                                                     r  student_top_inst/Mem_IROM/U0/spo[6]_INST_0/I3
    SLICE_X51Y101        LUT6 (Prop_lut6_I3_O)        0.122     0.553 r  student_top_inst/Mem_IROM/U0/spo[6]_INST_0/O
                         net (fo=2, routed)           0.555     1.108    student_top_inst/u_KLDJ_top/ifu0/spo[6]
    SLICE_X57Y94                                                      r  student_top_inst/u_KLDJ_top/ifu0/pc_reg[31]_i_24/I4
    SLICE_X57Y94         LUT5 (Prop_lut5_I4_O)        0.043     1.151 r  student_top_inst/u_KLDJ_top/ifu0/pc_reg[31]_i_24/O
                         net (fo=1, routed)           0.098     1.249    student_top_inst/u_KLDJ_top/ifu0/if_static_jal00_in
    SLICE_X57Y94                                                      r  student_top_inst/u_KLDJ_top/ifu0/pc_reg[31]_i_15/I0
    SLICE_X57Y94         LUT2 (Prop_lut2_I0_O)        0.043     1.292 r  student_top_inst/u_KLDJ_top/ifu0/pc_reg[31]_i_15/O
                         net (fo=33, routed)          0.329     1.621    student_top_inst/u_KLDJ_top/u_bpu/u_gshare_btb_core/if_static_jal
    SLICE_X68Y94                                                      r  student_top_inst/u_KLDJ_top/u_bpu/u_gshare_btb_core/if_id_pred_taken_i_2/I0
    SLICE_X68Y94         LUT5 (Prop_lut5_I0_O)        0.043     1.664 r  student_top_inst/u_KLDJ_top/u_bpu/u_gshare_btb_core/if_id_pred_taken_i_2/O
                         net (fo=33, routed)          0.606     2.270    student_top_inst/u_KLDJ_top/ifu0/if_pred_taken
    SLICE_X68Y88                                                      r  student_top_inst/u_KLDJ_top/ifu0/pc_reg[7]_i_4/I3
    SLICE_X68Y88         LUT5 (Prop_lut5_I3_O)        0.043     2.313 r  student_top_inst/u_KLDJ_top/ifu0/pc_reg[7]_i_4/O
                         net (fo=1, routed)           0.242     2.555    student_top_inst/u_KLDJ_top/u_pipe_id_ex/dnpc[7]
    SLICE_X68Y88                                                      r  student_top_inst/u_KLDJ_top/u_pipe_id_ex/pc_reg[7]_i_1/I5
    SLICE_X68Y88         LUT6 (Prop_lut6_I5_O)        0.043     2.598 r  student_top_inst/u_KLDJ_top/u_pipe_id_ex/pc_reg[7]_i_1/O
                         net (fo=7, routed)           0.429     3.027    student_top_inst/u_KLDJ_top/ifu0/pc_reg_reg[31]_1[7]
    SLICE_X69Y92         FDRE                                         r  student_top_inst/u_KLDJ_top/ifu0/pc_reg_reg[7]_replica_1/D
  -------------------------------------------------------------------    -------------------

                         (clock clk_out2_pll rise edge)
                                                      5.714     5.714 r  
    AD12                                              0.000     5.714 r  i_sys_clk_p (IN)
                         net (fo=0)                   0.000     5.714    pll_inst/inst/clk_in1_p
    AD12                                                              r  pll_inst/inst/clkin1_ibufgds/I
    AD12                 IBUFDS (Prop_ibufds_I_O)     0.803     6.518 r  pll_inst/inst/clkin1_ibufgds/O
                         net (fo=1, routed)           1.001     7.519    pll_inst/inst/clk_in1_pll
    PLLE2_ADV_X1Y1                                                    r  pll_inst/inst/plle2_adv_inst/CLKIN1
    PLLE2_ADV_X1Y1       PLLE2_ADV (Prop_plle2_adv_CLKIN1_CLKOUT1)
                                                     -7.261     0.258 r  pll_inst/inst/plle2_adv_inst/CLKOUT1
                         net (fo=1, routed)           2.003     2.261    pll_inst/inst/clk_out2_pll
    BUFGCTRL_X0Y0                                                     r  pll_inst/inst/clkout2_buf/I
    BUFGCTRL_X0Y0        BUFG (Prop_bufg_I_O)         0.083     2.344 r  pll_inst/inst/clkout2_buf/O
                         net (fo=5889, routed)        1.428     3.772    student_top_inst/u_KLDJ_top/ifu0/clk_out2
    SLICE_X69Y92         FDRE                                         r  student_top_inst/u_KLDJ_top/ifu0/pc_reg_reg[7]_replica_1/C
                         clock pessimism             -0.373     3.399    
                         clock uncertainty           -0.077     3.322    
    SLICE_X69Y92         FDRE (Setup_fdre_C_D)       -0.031     3.291    student_top_inst/u_KLDJ_top/ifu0/pc_reg_reg[7]_replica_1
  -------------------------------------------------------------------
                         required time                          3.291    
                         arrival time                          -3.027    
  -------------------------------------------------------------------
                         slack                                  0.264    

Slack (MET) :             0.264ns  (required time - arrival time)
  Source:                 student_top_inst/u_KLDJ_top/ifu0/pc_reg_reg[2]_replica/C
                            (rising edge-triggered cell FDRE clocked by clk_out2_pll  {rise@0.000ns fall@2.857ns period=5.714ns})
  Destination:            student_top_inst/u_KLDJ_top/ifu0/pc_reg_reg[7]_replica_1/D
                            (rising edge-triggered cell FDRE clocked by clk_out2_pll  {rise@0.000ns fall@2.857ns period=5.714ns})
  Path Group:             clk_out2_pll
  Path Type:              Setup (Max at Slow Process Corner)
  Requirement:            5.714ns  (clk_out2_pll rise@5.714ns - clk_out2_pll rise@0.000ns)
  Data Path Delay:        5.296ns  (logic 0.962ns (18.165%)  route 4.334ns (81.835%))
  Logic Levels:           10  (LUT2=1 LUT5=3 LUT6=4 MUXF7=2)
  Clock Path Skew:        -0.046ns (DCD - SCD + CPR)
    Destination Clock Delay (DCD):    -1.943ns = ( 3.772 - 5.714 ) 
    Source Clock Delay      (SCD):    -2.269ns
    Clock Pessimism Removal (CPR):    -0.373ns
  Clock Uncertainty:      0.077ns  ((TSJ^2 + DJ^2)^1/2) / 2 + PE
    Total System Jitter     (TSJ):    0.071ns
    Discrete Jitter          (DJ):    0.137ns
    Phase Error              (PE):    0.000ns

    Location             Delay type                Incr(ns)  Path(ns)    Netlist Resource(s)
  -------------------------------------------------------------------    -------------------
                         (clock clk_out2_pll rise edge)
                                                      0.000     0.000 r  
    AD12                                              0.000     0.000 r  i_sys_clk_p (IN)
                         net (fo=0)                   0.000     0.000    pll_inst/inst/clk_in1_p
    AD12                                                              r  pll_inst/inst/clkin1_ibufgds/I
    AD12                 IBUFDS (Prop_ibufds_I_O)     0.906     0.906 r  pll_inst/inst/clkin1_ibufgds/O
                         net (fo=1, routed)           1.098     2.004    pll_inst/inst/clk_in1_pll
    PLLE2_ADV_X1Y1                                                    r  pll_inst/inst/plle2_adv_inst/CLKIN1
    PLLE2_ADV_X1Y1       PLLE2_ADV (Prop_plle2_adv_CLKIN1_CLKOUT1)
                                                     -8.058    -6.054 r  pll_inst/inst/plle2_adv_inst/CLKOUT1
                         net (fo=1, routed)           2.128    -3.926    pll_inst/inst/clk_out2_pll
    BUFGCTRL_X0Y0                                                     r  pll_inst/inst/clkout2_buf/I
    BUFGCTRL_X0Y0        BUFG (Prop_bufg_I_O)         0.093    -3.833 r  pll_inst/inst/clkout2_buf/O
                         net (fo=5889, routed)        1.564    -2.269    student_top_inst/u_KLDJ_top/ifu0/clk_out2
    SLICE_X63Y92         FDRE                                         r  student_top_inst/u_KLDJ_top/ifu0/pc_reg_reg[2]_replica/C
  -------------------------------------------------------------------    -------------------
    SLICE_X63Y92         FDRE (Prop_fdre_C_Q)         0.223    -2.046 f  student_top_inst/u_KLDJ_top/ifu0/pc_reg_reg[2]_replica/Q
                         net (fo=144, routed)         1.196    -0.851    student_top_inst/Mem_IROM/U0/Q[2]_repN_alias
    SLICE_X46Y101                                                     f  student_top_inst/Mem_IROM/U0/g30_b5/I0
    SLICE_X46Y101        LUT6 (Prop_lut6_I0_O)        0.043    -0.808 r  student_top_inst/Mem_IROM/U0/g30_b5/O
                         net (fo=1, routed)           0.000    -0.808    student_top_inst/Mem_IROM/U0/g30_b5_n_0
    SLICE_X46Y101                                                     r  student_top_inst/Mem_IROM/U0/spo[6]_INST_0_i_12/I0
    SLICE_X46Y101        MUXF7 (Prop_muxf7_I0_O)      0.115    -0.693 r  student_top_inst/Mem_IROM/U0/spo[6]_INST_0_i_12/O
                         net (fo=1, routed)           0.314    -0.378    student_top_inst/Mem_IROM/U0/spo[6]_INST_0_i_12_n_0
    SLICE_X47Y101                                                     r  student_top_inst/Mem_IROM/U0/spo[6]_INST_0_i_5/I0
    SLICE_X47Y101        LUT6 (Prop_lut6_I0_O)        0.122    -0.256 r  student_top_inst/Mem_IROM/U0/spo[6]_INST_0_i_5/O
                         net (fo=1, routed)           0.000    -0.256    student_top_inst/Mem_IROM/U0/spo[6]_INST_0_i_5_n_0
    SLICE_X47Y101                                                     r  student_top_inst/Mem_IROM/U0/spo[6]_INST_0_i_2/I1
    SLICE_X47Y101        MUXF7 (Prop_muxf7_I1_O)      0.122    -0.134 r  student_top_inst/Mem_IROM/U0/spo[6]_INST_0_i_2/O
                         net (fo=1, routed)           0.565     0.431    student_top_inst/Mem_IROM/U0/spo[6]_INST_0_i_2_n_0
    SLICE_X51Y101                                                     r  student_top_inst/Mem_IROM/U0/spo[6]_INST_0/I3
    SLICE_X51Y101        LUT6 (Prop_lut6_I3_O)        0.122     0.553 r  student_top_inst/Mem_IROM/U0/spo[6]_INST_0/O
                         net (fo=2, routed)           0.555     1.108    student_top_inst/u_KLDJ_top/ifu0/spo[6]
    SLICE_X57Y94                                                      r  student_top_inst/u_KLDJ_top/ifu0/pc_reg[31]_i_24/I4
    SLICE_X57Y94         LUT5 (Prop_lut5_I4_O)        0.043     1.151 r  student_top_inst/u_KLDJ_top/ifu0/pc_reg[31]_i_24/O
                         net (fo=1, routed)           0.098     1.249    student_top_inst/u_KLDJ_top/ifu0/if_static_jal00_in
    SLICE_X57Y94                                                      r  student_top_inst/u_KLDJ_top/ifu0/pc_reg[31]_i_15/I0
    SLICE_X57Y94         LUT2 (Prop_lut2_I0_O)        0.043     1.292 r  student_top_inst/u_KLDJ_top/ifu0/pc_reg[31]_i_15/O
                         net (fo=33, routed)          0.329     1.621    student_top_inst/u_KLDJ_top/u_bpu/u_gshare_btb_core/if_static_jal
    SLICE_X68Y94                                                      r  student_top_inst/u_KLDJ_top/u_bpu/u_gshare_btb_core/if_id_pred_taken_i_2/I0
    SLICE_X68Y94         LUT5 (Prop_lut5_I0_O)        0.043     1.664 r  student_top_inst/u_KLDJ_top/u_bpu/u_gshare_btb_core/if_id_pred_taken_i_2/O
                         net (fo=33, routed)          0.606     2.270    student_top_inst/u_KLDJ_top/ifu0/if_pred_taken
    SLICE_X68Y88                                                      r  student_top_inst/u_KLDJ_top/ifu0/pc_reg[7]_i_4/I3
    SLICE_X68Y88         LUT5 (Prop_lut5_I3_O)        0.043     2.313 r  student_top_inst/u_KLDJ_top/ifu0/pc_reg[7]_i_4/O
                         net (fo=1, routed)           0.242     2.555    student_top_inst/u_KLDJ_top/u_pipe_id_ex/dnpc[7]
    SLICE_X68Y88                                                      r  student_top_inst/u_KLDJ_top/u_pipe_id_ex/pc_reg[7]_i_1/I5
    SLICE_X68Y88         LUT6 (Prop_lut6_I5_O)        0.043     2.598 r  student_top_inst/u_KLDJ_top/u_pipe_id_ex/pc_reg[7]_i_1/O
                         net (fo=7, routed)           0.429     3.027    student_top_inst/u_KLDJ_top/ifu0/pc_reg_reg[31]_1[7]
    SLICE_X69Y92         FDRE                                         r  student_top_inst/u_KLDJ_top/ifu0/pc_reg_reg[7]_replica_1/D
  -------------------------------------------------------------------    -------------------

                         (clock clk_out2_pll rise edge)
                                                      5.714     5.714 r  
    AD12                                              0.000     5.714 r  i_sys_clk_p (IN)
                         net (fo=0)                   0.000     5.714    pll_inst/inst/clk_in1_p
    AD12                                                              r  pll_inst/inst/clkin1_ibufgds/I
    AD12                 IBUFDS (Prop_ibufds_I_O)     0.803     6.518 r  pll_inst/inst/clkin1_ibufgds/O
                         net (fo=1, routed)           1.001     7.519    pll_inst/inst/clk_in1_pll
    PLLE2_ADV_X1Y1                                                    r  pll_inst/inst/plle2_adv_inst/CLKIN1
    PLLE2_ADV_X1Y1       PLLE2_ADV (Prop_plle2_adv_CLKIN1_CLKOUT1)
                                                     -7.261     0.258 r  pll_inst/inst/plle2_adv_inst/CLKOUT1
                         net (fo=1, routed)           2.003     2.261    pll_inst/inst/clk_out2_pll
    BUFGCTRL_X0Y0                                                     r  pll_inst/inst/clkout2_buf/I
    BUFGCTRL_X0Y0        BUFG (Prop_bufg_I_O)         0.083     2.344 r  pll_inst/inst/clkout2_buf/O
                         net (fo=5889, routed)        1.428     3.772    student_top_inst/u_KLDJ_top/ifu0/clk_out2
    SLICE_X69Y92         FDRE                                         r  student_top_inst/u_KLDJ_top/ifu0/pc_reg_reg[7]_replica_1/C
                         clock pessimism             -0.373     3.399    
                         clock uncertainty           -0.077     3.322    
    SLICE_X69Y92         FDRE (Setup_fdre_C_D)       -0.031     3.291    student_top_inst/u_KLDJ_top/ifu0/pc_reg_reg[7]_replica_1
  -------------------------------------------------------------------
                         required time                          3.291    
                         arrival time                          -3.027    
  -------------------------------------------------------------------
                         slack                                  0.264    

Slack (MET) :             0.264ns  (required time - arrival time)
  Source:                 student_top_inst/u_KLDJ_top/ifu0/pc_reg_reg[2]_replica/C
                            (rising edge-triggered cell FDRE clocked by clk_out2_pll  {rise@0.000ns fall@2.857ns period=5.714ns})
  Destination:            student_top_inst/u_KLDJ_top/ifu0/pc_reg_reg[7]_replica_1/D
                            (rising edge-triggered cell FDRE clocked by clk_out2_pll  {rise@0.000ns fall@2.857ns period=5.714ns})
  Path Group:             clk_out2_pll
  Path Type:              Setup (Max at Slow Process Corner)
  Requirement:            5.714ns  (clk_out2_pll rise@5.714ns - clk_out2_pll rise@0.000ns)
  Data Path Delay:        5.296ns  (logic 0.962ns (18.165%)  route 4.334ns (81.835%))
  Logic Levels:           10  (LUT2=1 LUT5=3 LUT6=4 MUXF7=2)
  Clock Path Skew:        -0.046ns (DCD - SCD + CPR)
    Destination Clock Delay (DCD):    -1.943ns = ( 3.772 - 5.714 ) 
    Source Clock Delay      (SCD):    -2.269ns
    Clock Pessimism Removal (CPR):    -0.373ns
  Clock Uncertainty:      0.077ns  ((TSJ^2 + DJ^2)^1/2) / 2 + PE
    Total System Jitter     (TSJ):    0.071ns
    Discrete Jitter          (DJ):    0.137ns
    Phase Error              (PE):    0.000ns

    Location             Delay type                Incr(ns)  Path(ns)    Netlist Resource(s)
  -------------------------------------------------------------------    -------------------
                         (clock clk_out2_pll rise edge)
                                                      0.000     0.000 r  
    AD12                                              0.000     0.000 r  i_sys_clk_p (IN)
                         net (fo=0)                   0.000     0.000    pll_inst/inst/clk_in1_p
    AD12                                                              r  pll_inst/inst/clkin1_ibufgds/I
    AD12                 IBUFDS (Prop_ibufds_I_O)     0.906     0.906 r  pll_inst/inst/clkin1_ibufgds/O
                         net (fo=1, routed)           1.098     2.004    pll_inst/inst/clk_in1_pll
    PLLE2_ADV_X1Y1                                                    r  pll_inst/inst/plle2_adv_inst/CLKIN1
    PLLE2_ADV_X1Y1       PLLE2_ADV (Prop_plle2_adv_CLKIN1_CLKOUT1)
                                                     -8.058    -6.054 r  pll_inst/inst/plle2_adv_inst/CLKOUT1
                         net (fo=1, routed)           2.128    -3.926    pll_inst/inst/clk_out2_pll
    BUFGCTRL_X0Y0                                                     r  pll_inst/inst/clkout2_buf/I
    BUFGCTRL_X0Y0        BUFG (Prop_bufg_I_O)         0.093    -3.833 r  pll_inst/inst/clkout2_buf/O
                         net (fo=5889, routed)        1.564    -2.269    student_top_inst/u_KLDJ_top/ifu0/clk_out2
    SLICE_X63Y92         FDRE                                         r  student_top_inst/u_KLDJ_top/ifu0/pc_reg_reg[2]_replica/C
  -------------------------------------------------------------------    -------------------
    SLICE_X63Y92         FDRE (Prop_fdre_C_Q)         0.223    -2.046 r  student_top_inst/u_KLDJ_top/ifu0/pc_reg_reg[2]_replica/Q
                         net (fo=144, routed)         1.196    -0.851    student_top_inst/Mem_IROM/U0/Q[2]_repN_alias
    SLICE_X46Y101                                                     r  student_top_inst/Mem_IROM/U0/g30_b5/I0
    SLICE_X46Y101        LUT6 (Prop_lut6_I0_O)        0.043    -0.808 f  student_top_inst/Mem_IROM/U0/g30_b5/O
                         net (fo=1, routed)           0.000    -0.808    student_top_inst/Mem_IROM/U0/g30_b5_n_0
    SLICE_X46Y101                                                     f  student_top_inst/Mem_IROM/U0/spo[6]_INST_0_i_12/I0
    SLICE_X46Y101        MUXF7 (Prop_muxf7_I0_O)      0.115    -0.693 f  student_top_inst/Mem_IROM/U0/spo[6]_INST_0_i_12/O
                         net (fo=1, routed)           0.314    -0.378    student_top_inst/Mem_IROM/U0/spo[6]_INST_0_i_12_n_0
    SLICE_X47Y101                                                     f  student_top_inst/Mem_IROM/U0/spo[6]_INST_0_i_5/I0
    SLICE_X47Y101        LUT6 (Prop_lut6_I0_O)        0.122    -0.256 f  student_top_inst/Mem_IROM/U0/spo[6]_INST_0_i_5/O
                         net (fo=1, routed)           0.000    -0.256    student_top_inst/Mem_IROM/U0/spo[6]_INST_0_i_5_n_0
    SLICE_X47Y101                                                     f  student_top_inst/Mem_IROM/U0/spo[6]_INST_0_i_2/I1
    SLICE_X47Y101        MUXF7 (Prop_muxf7_I1_O)      0.122    -0.134 f  student_top_inst/Mem_IROM/U0/spo[6]_INST_0_i_2/O
                         net (fo=1, routed)           0.565     0.431    student_top_inst/Mem_IROM/U0/spo[6]_INST_0_i_2_n_0
    SLICE_X51Y101                                                     f  student_top_inst/Mem_IROM/U0/spo[6]_INST_0/I3
    SLICE_X51Y101        LUT6 (Prop_lut6_I3_O)        0.122     0.553 f  student_top_inst/Mem_IROM/U0/spo[6]_INST_0/O
                         net (fo=2, routed)           0.555     1.108    student_top_inst/u_KLDJ_top/ifu0/spo[6]
    SLICE_X57Y94                                                      f  student_top_inst/u_KLDJ_top/ifu0/pc_reg[31]_i_24/I4
    SLICE_X57Y94         LUT5 (Prop_lut5_I4_O)        0.043     1.151 f  student_top_inst/u_KLDJ_top/ifu0/pc_reg[31]_i_24/O
                         net (fo=1, routed)           0.098     1.249    student_top_inst/u_KLDJ_top/ifu0/if_static_jal00_in
    SLICE_X57Y94                                                      f  student_top_inst/u_KLDJ_top/ifu0/pc_reg[31]_i_15/I0
    SLICE_X57Y94         LUT2 (Prop_lut2_I0_O)        0.043     1.292 f  student_top_inst/u_KLDJ_top/ifu0/pc_reg[31]_i_15/O
                         net (fo=33, routed)          0.329     1.621    student_top_inst/u_KLDJ_top/u_bpu/u_gshare_btb_core/if_static_jal
    SLICE_X68Y94                                                      f  student_top_inst/u_KLDJ_top/u_bpu/u_gshare_btb_core/if_id_pred_taken_i_2/I0
    SLICE_X68Y94         LUT5 (Prop_lut5_I0_O)        0.043     1.664 f  student_top_inst/u_KLDJ_top/u_bpu/u_gshare_btb_core/if_id_pred_taken_i_2/O
                         net (fo=33, routed)          0.606     2.270    student_top_inst/u_KLDJ_top/ifu0/if_pred_taken
    SLICE_X68Y88                                                      f  student_top_inst/u_KLDJ_top/ifu0/pc_reg[7]_i_4/I3
    SLICE_X68Y88         LUT5 (Prop_lut5_I3_O)        0.043     2.313 r  student_top_inst/u_KLDJ_top/ifu0/pc_reg[7]_i_4/O
                         net (fo=1, routed)           0.242     2.555    student_top_inst/u_KLDJ_top/u_pipe_id_ex/dnpc[7]
    SLICE_X68Y88                                                      r  student_top_inst/u_KLDJ_top/u_pipe_id_ex/pc_reg[7]_i_1/I5
    SLICE_X68Y88         LUT6 (Prop_lut6_I5_O)        0.043     2.598 r  student_top_inst/u_KLDJ_top/u_pipe_id_ex/pc_reg[7]_i_1/O
                         net (fo=7, routed)           0.429     3.027    student_top_inst/u_KLDJ_top/ifu0/pc_reg_reg[31]_1[7]
    SLICE_X69Y92         FDRE                                         r  student_top_inst/u_KLDJ_top/ifu0/pc_reg_reg[7]_replica_1/D
  -------------------------------------------------------------------    -------------------

                         (clock clk_out2_pll rise edge)
                                                      5.714     5.714 r  
    AD12                                              0.000     5.714 r  i_sys_clk_p (IN)
                         net (fo=0)                   0.000     5.714    pll_inst/inst/clk_in1_p
    AD12                                                              r  pll_inst/inst/clkin1_ibufgds/I
    AD12                 IBUFDS (Prop_ibufds_I_O)     0.803     6.518 r  pll_inst/inst/clkin1_ibufgds/O
                         net (fo=1, routed)           1.001     7.519    pll_inst/inst/clk_in1_pll
    PLLE2_ADV_X1Y1                                                    r  pll_inst/inst/plle2_adv_inst/CLKIN1
    PLLE2_ADV_X1Y1       PLLE2_ADV (Prop_plle2_adv_CLKIN1_CLKOUT1)
                                                     -7.261     0.258 r  pll_inst/inst/plle2_adv_inst/CLKOUT1
                         net (fo=1, routed)           2.003     2.261    pll_inst/inst/clk_out2_pll
    BUFGCTRL_X0Y0                                                     r  pll_inst/inst/clkout2_buf/I
    BUFGCTRL_X0Y0        BUFG (Prop_bufg_I_O)         0.083     2.344 r  pll_inst/inst/clkout2_buf/O
                         net (fo=5889, routed)        1.428     3.772    student_top_inst/u_KLDJ_top/ifu0/clk_out2
    SLICE_X69Y92         FDRE                                         r  student_top_inst/u_KLDJ_top/ifu0/pc_reg_reg[7]_replica_1/C
                         clock pessimism             -0.373     3.399    
                         clock uncertainty           -0.077     3.322    
    SLICE_X69Y92         FDRE (Setup_fdre_C_D)       -0.031     3.291    student_top_inst/u_KLDJ_top/ifu0/pc_reg_reg[7]_replica_1
  -------------------------------------------------------------------
                         required time                          3.291    
                         arrival time                          -3.027    
  -------------------------------------------------------------------
                         slack                                  0.264    

Slack (MET) :             0.264ns  (required time - arrival time)
  Source:                 student_top_inst/u_KLDJ_top/ifu0/pc_reg_reg[2]_replica/C
                            (rising edge-triggered cell FDRE clocked by clk_out2_pll  {rise@0.000ns fall@2.857ns period=5.714ns})
  Destination:            student_top_inst/u_KLDJ_top/ifu0/pc_reg_reg[7]_replica_1/D
                            (rising edge-triggered cell FDRE clocked by clk_out2_pll  {rise@0.000ns fall@2.857ns period=5.714ns})
  Path Group:             clk_out2_pll
  Path Type:              Setup (Max at Slow Process Corner)
  Requirement:            5.714ns  (clk_out2_pll rise@5.714ns - clk_out2_pll rise@0.000ns)
  Data Path Delay:        5.296ns  (logic 0.962ns (18.165%)  route 4.334ns (81.835%))
  Logic Levels:           10  (LUT2=1 LUT5=3 LUT6=4 MUXF7=2)
  Clock Path Skew:        -0.046ns (DCD - SCD + CPR)
    Destination Clock Delay (DCD):    -1.943ns = ( 3.772 - 5.714 ) 
    Source Clock Delay      (SCD):    -2.269ns
    Clock Pessimism Removal (CPR):    -0.373ns
  Clock Uncertainty:      0.077ns  ((TSJ^2 + DJ^2)^1/2) / 2 + PE
    Total System Jitter     (TSJ):    0.071ns
    Discrete Jitter          (DJ):    0.137ns
    Phase Error              (PE):    0.000ns

    Location             Delay type                Incr(ns)  Path(ns)    Netlist Resource(s)
  -------------------------------------------------------------------    -------------------
                         (clock clk_out2_pll rise edge)
                                                      0.000     0.000 r  
    AD12                                              0.000     0.000 r  i_sys_clk_p (IN)
                         net (fo=0)                   0.000     0.000    pll_inst/inst/clk_in1_p
    AD12                                                              r  pll_inst/inst/clkin1_ibufgds/I
    AD12                 IBUFDS (Prop_ibufds_I_O)     0.906     0.906 r  pll_inst/inst/clkin1_ibufgds/O
                         net (fo=1, routed)           1.098     2.004    pll_inst/inst/clk_in1_pll
    PLLE2_ADV_X1Y1                                                    r  pll_inst/inst/plle2_adv_inst/CLKIN1
    PLLE2_ADV_X1Y1       PLLE2_ADV (Prop_plle2_adv_CLKIN1_CLKOUT1)
                                                     -8.058    -6.054 r  pll_inst/inst/plle2_adv_inst/CLKOUT1
                         net (fo=1, routed)           2.128    -3.926    pll_inst/inst/clk_out2_pll
    BUFGCTRL_X0Y0                                                     r  pll_inst/inst/clkout2_buf/I
    BUFGCTRL_X0Y0        BUFG (Prop_bufg_I_O)         0.093    -3.833 r  pll_inst/inst/clkout2_buf/O
                         net (fo=5889, routed)        1.564    -2.269    student_top_inst/u_KLDJ_top/ifu0/clk_out2
    SLICE_X63Y92         FDRE                                         r  student_top_inst/u_KLDJ_top/ifu0/pc_reg_reg[2]_replica/C
  -------------------------------------------------------------------    -------------------
    SLICE_X63Y92         FDRE (Prop_fdre_C_Q)         0.223    -2.046 f  student_top_inst/u_KLDJ_top/ifu0/pc_reg_reg[2]_replica/Q
                         net (fo=144, routed)         1.196    -0.851    student_top_inst/Mem_IROM/U0/Q[2]_repN_alias
    SLICE_X46Y101                                                     f  student_top_inst/Mem_IROM/U0/g30_b5/I0
    SLICE_X46Y101        LUT6 (Prop_lut6_I0_O)        0.043    -0.808 f  student_top_inst/Mem_IROM/U0/g30_b5/O
                         net (fo=1, routed)           0.000    -0.808    student_top_inst/Mem_IROM/U0/g30_b5_n_0
    SLICE_X46Y101                                                     f  student_top_inst/Mem_IROM/U0/spo[6]_INST_0_i_12/I0
    SLICE_X46Y101        MUXF7 (Prop_muxf7_I0_O)      0.115    -0.693 f  student_top_inst/Mem_IROM/U0/spo[6]_INST_0_i_12/O
                         net (fo=1, routed)           0.314    -0.378    student_top_inst/Mem_IROM/U0/spo[6]_INST_0_i_12_n_0
    SLICE_X47Y101                                                     f  student_top_inst/Mem_IROM/U0/spo[6]_INST_0_i_5/I0
    SLICE_X47Y101        LUT6 (Prop_lut6_I0_O)        0.122    -0.256 f  student_top_inst/Mem_IROM/U0/spo[6]_INST_0_i_5/O
                         net (fo=1, routed)           0.000    -0.256    student_top_inst/Mem_IROM/U0/spo[6]_INST_0_i_5_n_0
    SLICE_X47Y101                                                     f  student_top_inst/Mem_IROM/U0/spo[6]_INST_0_i_2/I1
    SLICE_X47Y101        MUXF7 (Prop_muxf7_I1_O)      0.122    -0.134 f  student_top_inst/Mem_IROM/U0/spo[6]_INST_0_i_2/O
                         net (fo=1, routed)           0.565     0.431    student_top_inst/Mem_IROM/U0/spo[6]_INST_0_i_2_n_0
    SLICE_X51Y101                                                     f  student_top_inst/Mem_IROM/U0/spo[6]_INST_0/I3
    SLICE_X51Y101        LUT6 (Prop_lut6_I3_O)        0.122     0.553 f  student_top_inst/Mem_IROM/U0/spo[6]_INST_0/O
                         net (fo=2, routed)           0.555     1.108    student_top_inst/u_KLDJ_top/ifu0/spo[6]
    SLICE_X57Y94                                                      f  student_top_inst/u_KLDJ_top/ifu0/pc_reg[31]_i_24/I4
    SLICE_X57Y94         LUT5 (Prop_lut5_I4_O)        0.043     1.151 f  student_top_inst/u_KLDJ_top/ifu0/pc_reg[31]_i_24/O
                         net (fo=1, routed)           0.098     1.249    student_top_inst/u_KLDJ_top/ifu0/if_static_jal00_in
    SLICE_X57Y94                                                      f  student_top_inst/u_KLDJ_top/ifu0/pc_reg[31]_i_15/I0
    SLICE_X57Y94         LUT2 (Prop_lut2_I0_O)        0.043     1.292 f  student_top_inst/u_KLDJ_top/ifu0/pc_reg[31]_i_15/O
                         net (fo=33, routed)          0.329     1.621    student_top_inst/u_KLDJ_top/u_bpu/u_gshare_btb_core/if_static_jal
    SLICE_X68Y94                                                      f  student_top_inst/u_KLDJ_top/u_bpu/u_gshare_btb_core/if_id_pred_taken_i_2/I0
    SLICE_X68Y94         LUT5 (Prop_lut5_I0_O)        0.043     1.664 f  student_top_inst/u_KLDJ_top/u_bpu/u_gshare_btb_core/if_id_pred_taken_i_2/O
                         net (fo=33, routed)          0.606     2.270    student_top_inst/u_KLDJ_top/ifu0/if_pred_taken
    SLICE_X68Y88                                                      f  student_top_inst/u_KLDJ_top/ifu0/pc_reg[7]_i_4/I3
    SLICE_X68Y88         LUT5 (Prop_lut5_I3_O)        0.043     2.313 r  student_top_inst/u_KLDJ_top/ifu0/pc_reg[7]_i_4/O
                         net (fo=1, routed)           0.242     2.555    student_top_inst/u_KLDJ_top/u_pipe_id_ex/dnpc[7]
    SLICE_X68Y88                                                      r  student_top_inst/u_KLDJ_top/u_pipe_id_ex/pc_reg[7]_i_1/I5
    SLICE_X68Y88         LUT6 (Prop_lut6_I5_O)        0.043     2.598 r  student_top_inst/u_KLDJ_top/u_pipe_id_ex/pc_reg[7]_i_1/O
                         net (fo=7, routed)           0.429     3.027    student_top_inst/u_KLDJ_top/ifu0/pc_reg_reg[31]_1[7]
    SLICE_X69Y92         FDRE                                         r  student_top_inst/u_KLDJ_top/ifu0/pc_reg_reg[7]_replica_1/D
  -------------------------------------------------------------------    -------------------

                         (clock clk_out2_pll rise edge)
                                                      5.714     5.714 r  
    AD12                                              0.000     5.714 r  i_sys_clk_p (IN)
                         net (fo=0)                   0.000     5.714    pll_inst/inst/clk_in1_p
    AD12                                                              r  pll_inst/inst/clkin1_ibufgds/I
    AD12                 IBUFDS (Prop_ibufds_I_O)     0.803     6.518 r  pll_inst/inst/clkin1_ibufgds/O
                         net (fo=1, routed)           1.001     7.519    pll_inst/inst/clk_in1_pll
    PLLE2_ADV_X1Y1                                                    r  pll_inst/inst/plle2_adv_inst/CLKIN1
    PLLE2_ADV_X1Y1       PLLE2_ADV (Prop_plle2_adv_CLKIN1_CLKOUT1)
                                                     -7.261     0.258 r  pll_inst/inst/plle2_adv_inst/CLKOUT1
                         net (fo=1, routed)           2.003     2.261    pll_inst/inst/clk_out2_pll
    BUFGCTRL_X0Y0                                                     r  pll_inst/inst/clkout2_buf/I
    BUFGCTRL_X0Y0        BUFG (Prop_bufg_I_O)         0.083     2.344 r  pll_inst/inst/clkout2_buf/O
                         net (fo=5889, routed)        1.428     3.772    student_top_inst/u_KLDJ_top/ifu0/clk_out2
    SLICE_X69Y92         FDRE                                         r  student_top_inst/u_KLDJ_top/ifu0/pc_reg_reg[7]_replica_1/C
                         clock pessimism             -0.373     3.399    
                         clock uncertainty           -0.077     3.322    
    SLICE_X69Y92         FDRE (Setup_fdre_C_D)       -0.031     3.291    student_top_inst/u_KLDJ_top/ifu0/pc_reg_reg[7]_replica_1
  -------------------------------------------------------------------
                         required time                          3.291    
                         arrival time                          -3.027    
  -------------------------------------------------------------------
                         slack                                  0.264    




