Copyright 1986-2022 Xilinx, Inc. All Rights Reserved. Copyright 2022-2023 Advanced Micro Devices, Inc. All Rights Reserved.
---------------------------------------------------------------------------------------------------------------------------------------------------------------------------------------------------------------------------
| Tool Version : Vivado v.2023.2 (win64) Build 4029153 Fri Oct 13 20:14:34 MDT 2023
| Date         : Thu Jul 16 12:09:06 2026
| Host         : DESKTOP-MO7L2KR running 64-bit major release  (build 9200)
| Command      : report_timing_summary -delay_type max -report_unconstrained -check_timing_verbose -max_paths 20 -file D:/Desktop/JYD/Source_code/BPU_FixTiming3/jyd/pipilined5/Timing_info/fixtiming8F/timing_summary.rpt
| Design       : top
| Device       : 7k325t-ffg900
| Speed File   : -2  PRODUCTION 1.12 2017-02-17
| Design State : Routed
---------------------------------------------------------------------------------------------------------------------------------------------------------------------------------------------------------------------------

Timing Summary Report

------------------------------------------------------------------------------------------------
| Timer Settings
| --------------
------------------------------------------------------------------------------------------------

  Enable Multi Corner Analysis               :  Yes
  Enable Pessimism Removal                   :  Yes
  Pessimism Removal Resolution               :  Nearest Common Node
  Enable Input Delay Default Clock           :  No
  Enable Preset / Clear Arcs                 :  No
  Disable Flight Delays                      :  No
  Ignore I/O Paths                           :  No
  Timing Early Launch at Borrowing Latches   :  No
  Borrow Time for Max Delay Exceptions       :  Yes
  Merge Timing Exceptions                    :  Yes
  Inter-SLR Compensation                     :  Conservative

  Corner  Analyze    Analyze    
  Name    Max Paths  Min Paths  
  ------  ---------  ---------  
  Slow    Yes        Yes        
  Fast    Yes        Yes        


------------------------------------------------------------------------------------------------
| Report Methodology
| ------------------
------------------------------------------------------------------------------------------------

No report available as report_methodology has not been run prior. Run report_methodology on the current design for the summary of methodology violations.



check_timing report

Table of Contents
-----------------
1. checking no_clock (0)
2. checking constant_clock (0)
3. checking pulse_width_clock (0)
4. checking unconstrained_internal_endpoints (0)
5. checking no_input_delay (1)
6. checking no_output_delay (69)
7. checking multiple_clock (0)
8. checking generated_clocks (0)
9. checking loops (0)
10. checking partial_input_delay (0)
11. checking partial_output_delay (0)
12. checking latch_loops (0)

1. checking no_clock (0)
------------------------
 There are 0 register/latch pins with no clock.


2. checking constant_clock (0)
------------------------------
 There are 0 register/latch pins with constant_clock.


3. checking pulse_width_clock (0)
---------------------------------
 There are 0 register/latch pins which need pulse_width check


4. checking unconstrained_internal_endpoints (0)
------------------------------------------------
 There are 0 pins that are not constrained for maximum delay.

 There are 0 pins that are not constrained for maximum delay due to constant clock.


5. checking no_input_delay (1)
------------------------------
 There is 1 input port with no input delay specified. (HIGH)

i_uart_rx

 There are 0 input ports with no input delay but user has a false path constraint.


6. checking no_output_delay (69)
--------------------------------
 There are 69 ports with no output delay specified. (HIGH)

o_uart_tx
virtual_led[0]
virtual_led[10]
virtual_led[11]
virtual_led[12]
virtual_led[13]
virtual_led[14]
virtual_led[15]
virtual_led[16]
virtual_led[17]
virtual_led[18]
virtual_led[19]
virtual_led[1]
virtual_led[20]
virtual_led[21]
virtual_led[22]
virtual_led[23]
virtual_led[24]
virtual_led[25]
virtual_led[26]
virtual_led[27]
virtual_led[28]
virtual_led[29]
virtual_led[2]
virtual_led[30]
virtual_led[31]
virtual_led[3]
virtual_led[4]
virtual_led[5]
virtual_led[6]
virtual_led[7]
virtual_led[8]
virtual_led[9]
virtual_seg[0]
virtual_seg[10]
virtual_seg[11]
virtual_seg[12]
virtual_seg[13]
virtual_seg[14]
virtual_seg[15]
virtual_seg[16]
virtual_seg[18]
virtual_seg[19]
virtual_seg[1]
virtual_seg[20]
virtual_seg[21]
virtual_seg[22]
virtual_seg[23]
virtual_seg[24]
virtual_seg[25]
virtual_seg[26]
virtual_seg[28]
virtual_seg[29]
virtual_seg[2]
virtual_seg[30]
virtual_seg[31]
virtual_seg[32]
virtual_seg[33]
virtual_seg[34]
virtual_seg[35]
virtual_seg[36]
virtual_seg[38]
virtual_seg[39]
virtual_seg[3]
virtual_seg[4]
virtual_seg[5]
virtual_seg[6]
virtual_seg[8]
virtual_seg[9]

 There are 0 ports with no output delay but user has a false path constraint

 There are 0 ports with no output delay but with a timing clock defined on it or propagating through it


7. checking multiple_clock (0)
------------------------------
 There are 0 register/latch pins with multiple clocks.


8. checking generated_clocks (0)
--------------------------------
 There are 0 generated clocks that are not connected to a clock source.


9. checking loops (0)
---------------------
 There are 0 combinational loops in the design.


10. checking partial_input_delay (0)
------------------------------------
 There are 0 input ports with partial input delay specified.


11. checking partial_output_delay (0)
-------------------------------------
 There are 0 ports with partial output delay specified.


12. checking latch_loops (0)
----------------------------
 There are 0 combinational latch loops in the design through latch input



------------------------------------------------------------------------------------------------
| Design Timing Summary
| ---------------------
------------------------------------------------------------------------------------------------

    WNS(ns)      TNS(ns)  TNS Failing Endpoints  TNS Total Endpoints     WPWS(ns)     TPWS(ns)  TPWS Failing Endpoints  TPWS Total Endpoints  
    -------      -------  ---------------------  -------------------     --------     --------  ----------------------  --------------------  
      0.072        0.000                      0                11823        1.100        0.000                       0                  6429  


All user specified timing constraints are met.


------------------------------------------------------------------------------------------------
| Clock Summary
| -------------
------------------------------------------------------------------------------------------------

Clock           Waveform(ns)         Period(ns)      Frequency(MHz)
-----           ------------         ----------      --------------
i_sys_clk_p     {0.000 2.500}        5.000           200.000         
  clk_out1_pll  {0.000 10.000}       20.000          50.000          
  clk_out2_pll  {0.000 2.857}        5.714           175.000         
  clkfbout_pll  {0.000 10.000}       20.000          50.000          


------------------------------------------------------------------------------------------------
| Intra Clock Table
| -----------------
------------------------------------------------------------------------------------------------

Clock               WNS(ns)      TNS(ns)  TNS Failing Endpoints  TNS Total Endpoints     WPWS(ns)     TPWS(ns)  TPWS Failing Endpoints  TPWS Total Endpoints  
-----               -------      -------  ---------------------  -------------------     --------     --------  ----------------------  --------------------  
i_sys_clk_p                                                                                 1.100        0.000                       0                     1  
  clk_out1_pll       15.524        0.000                      0                  590        9.600        0.000                       0                   388  
  clk_out2_pll        0.112        0.000                      0                11138        2.089        0.000                       0                  6037  
  clkfbout_pll                                                                             18.591        0.000                       0                     3  


------------------------------------------------------------------------------------------------
| Inter Clock Table
| -----------------
------------------------------------------------------------------------------------------------

From Clock    To Clock          WNS(ns)      TNS(ns)  TNS Failing Endpoints  TNS Total Endpoints  
----------    --------          -------      -------  ---------------------  -------------------  
clk_out2_pll  clk_out1_pll        0.072        0.000                      0                   63  
clk_out1_pll  clk_out2_pll        0.369        0.000                      0                   64  


------------------------------------------------------------------------------------------------
| Other Path Groups Table
| -----------------------
------------------------------------------------------------------------------------------------

Path Group    From Clock    To Clock          WNS(ns)      TNS(ns)  TNS Failing Endpoints  TNS Total Endpoints  
----------    ----------    --------          -------      -------  ---------------------  -------------------  


------------------------------------------------------------------------------------------------
| User Ignored Path Table
| -----------------------
------------------------------------------------------------------------------------------------

Path Group    From Clock    To Clock    
----------    ----------    --------    


------------------------------------------------------------------------------------------------
| Unconstrained Path Table
| ------------------------
------------------------------------------------------------------------------------------------

Path Group    From Clock    To Clock    
----------    ----------    --------    
(none)        clk_out1_pll                
(none)        clk_out2_pll                
(none)        clkfbout_pll                
(none)                      clk_out1_pll  


------------------------------------------------------------------------------------------------
| Timing Details
| --------------
------------------------------------------------------------------------------------------------


---------------------------------------------------------------------------------------------------
From Clock:  i_sys_clk_p
  To Clock:  i_sys_clk_p

Setup :           NA  Failing Endpoints,  Worst Slack           NA  ,  Total Violation           NA
Hold  :           NA  Failing Endpoints,  Worst Slack           NA  ,  Total Violation           NA
PW    :            0  Failing Endpoints,  Worst Slack        1.100ns,  Total Violation        0.000ns
---------------------------------------------------------------------------------------------------


Pulse Width Checks
--------------------------------------------------------------------------------------
Clock Name:         i_sys_clk_p
Waveform(ns):       { 0.000 2.500 }
Period(ns):         5.000
Sources:            { i_sys_clk_p }

Check Type        Corner  Lib Pin           Reference Pin  Required(ns)  Actual(ns)  Slack(ns)  Location        Pin
Min Period        n/a     PLLE2_ADV/CLKIN1  n/a            1.071         5.000       3.929      PLLE2_ADV_X1Y1  pll_inst/inst/plle2_adv_inst/CLKIN1
Max Period        n/a     PLLE2_ADV/CLKIN1  n/a            52.633        5.000       47.633     PLLE2_ADV_X1Y1  pll_inst/inst/plle2_adv_inst/CLKIN1
Low Pulse Width   Slow    PLLE2_ADV/CLKIN1  n/a            1.400         2.500       1.100      PLLE2_ADV_X1Y1  pll_inst/inst/plle2_adv_inst/CLKIN1
Low Pulse Width   Fast    PLLE2_ADV/CLKIN1  n/a            1.400         2.500       1.100      PLLE2_ADV_X1Y1  pll_inst/inst/plle2_adv_inst/CLKIN1
High Pulse Width  Slow    PLLE2_ADV/CLKIN1  n/a            1.400         2.500       1.100      PLLE2_ADV_X1Y1  pll_inst/inst/plle2_adv_inst/CLKIN1
High Pulse Width  Fast    PLLE2_ADV/CLKIN1  n/a            1.400         2.500       1.100      PLLE2_ADV_X1Y1  pll_inst/inst/plle2_adv_inst/CLKIN1



---------------------------------------------------------------------------------------------------
From Clock:  clk_out1_pll
  To Clock:  clk_out1_pll

Setup :            0  Failing Endpoints,  Worst Slack       15.524ns,  Total Violation        0.000ns
Hold  :           NA  Failing Endpoints,  Worst Slack           NA  ,  Total Violation           NA
PW    :            0  Failing Endpoints,  Worst Slack        9.600ns,  Total Violation        0.000ns
---------------------------------------------------------------------------------------------------


Max Delay Paths
--------------------------------------------------------------------------------------
Slack (MET) :             15.524ns  (required time - arrival time)
  Source:                 uart_inst/rx_data_reg[2]/C
                            (rising edge-triggered cell FDCE clocked by clk_out1_pll  {rise@0.000ns fall@10.000ns period=20.000ns})
  Destination:            twin_controller_inst/sw_reg[14]/D
                            (rising edge-triggered cell FDCE clocked by clk_out1_pll  {rise@0.000ns fall@10.000ns period=20.000ns})
  Path Group:             clk_out1_pll
  Path Type:              Setup (Max at Slow Process Corner)
  Requirement:            20.000ns  (clk_out1_pll rise@20.000ns - clk_out1_pll rise@0.000ns)
  Data Path Delay:        4.364ns  (logic 0.526ns (12.054%)  route 3.838ns (87.946%))
  Logic Levels:           4  (LUT2=1 LUT3=1 LUT6=2)
  Clock Path Skew:        -0.053ns (DCD - SCD + CPR)
    Destination Clock Delay (DCD):    -2.052ns = ( 17.948 - 20.000 ) 
    Source Clock Delay      (SCD):    -2.373ns
    Clock Pessimism Removal (CPR):    -0.375ns
  Clock Uncertainty:      0.094ns  ((TSJ^2 + DJ^2)^1/2) / 2 + PE
    Total System Jitter     (TSJ):    0.071ns
    Discrete Jitter          (DJ):    0.174ns
    Phase Error              (PE):    0.000ns

    Location             Delay type                Incr(ns)  Path(ns)    Netlist Resource(s)
  -------------------------------------------------------------------    -------------------
                         (clock clk_out1_pll rise edge)
                                                      0.000     0.000 r  
    AD12                                              0.000     0.000 r  i_sys_clk_p (IN)
                         net (fo=0)                   0.000     0.000    pll_inst/inst/clk_in1_p
    AD12                 IBUFDS (Prop_ibufds_I_O)     0.906     0.906 r  pll_inst/inst/clkin1_ibufgds/O
                         net (fo=1, routed)           1.098     2.004    pll_inst/inst/clk_in1_pll
    PLLE2_ADV_X1Y1       PLLE2_ADV (Prop_plle2_adv_CLKIN1_CLKOUT0)
                                                     -8.058    -6.054 r  pll_inst/inst/plle2_adv_inst/CLKOUT0
                         net (fo=1, routed)           2.128    -3.926    pll_inst/inst/clk_out1_pll
    BUFGCTRL_X0Y1        BUFG (Prop_bufg_I_O)         0.093    -3.833 r  pll_inst/inst/clkout1_buf/O
                         net (fo=386, routed)         1.460    -2.373    uart_inst/clk_out1
    SLICE_X22Y133        FDCE                                         r  uart_inst/rx_data_reg[2]/C
  -------------------------------------------------------------------    -------------------
    SLICE_X22Y133        FDCE (Prop_fdce_C_Q)         0.259    -2.114 f  uart_inst/rx_data_reg[2]/Q
                         net (fo=17, routed)          1.195    -0.920    uart_inst/rx_data[2]
    SLICE_X38Y130        LUT3 (Prop_lut3_I0_O)        0.047    -0.873 r  uart_inst/sw[63]_i_4/O
                         net (fo=3, routed)           0.658    -0.215    uart_inst/sw[63]_i_4_n_0
    SLICE_X38Y132        LUT6 (Prop_lut6_I2_O)        0.134    -0.081 r  uart_inst/sw[62]_i_3/O
                         net (fo=4, routed)           0.368     0.287    uart_inst/sw[62]_i_3_n_0
    SLICE_X37Y131        LUT2 (Prop_lut2_I0_O)        0.043     0.330 r  uart_inst/sw[62]_i_2/O
                         net (fo=32, routed)          1.618     1.947    uart_inst/sw[62]_i_2_n_0
    SLICE_X39Y114        LUT6 (Prop_lut6_I2_O)        0.043     1.990 r  uart_inst/sw[14]_i_1/O
                         net (fo=1, routed)           0.000     1.990    twin_controller_inst/sw_reg[14]_0
    SLICE_X39Y114        FDCE                                         r  twin_controller_inst/sw_reg[14]/D
  -------------------------------------------------------------------    -------------------

                         (clock clk_out1_pll rise edge)
                                                     20.000    20.000 r  
    AD12                                              0.000    20.000 r  i_sys_clk_p (IN)
                         net (fo=0)                   0.000    20.000    pll_inst/inst/clk_in1_p
    AD12                 IBUFDS (Prop_ibufds_I_O)     0.803    20.803 r  pll_inst/inst/clkin1_ibufgds/O
                         net (fo=1, routed)           1.001    21.804    pll_inst/inst/clk_in1_pll
    PLLE2_ADV_X1Y1       PLLE2_ADV (Prop_plle2_adv_CLKIN1_CLKOUT0)
                                                     -7.261    14.543 r  pll_inst/inst/plle2_adv_inst/CLKOUT0
                         net (fo=1, routed)           2.003    16.546    pll_inst/inst/clk_out1_pll
    BUFGCTRL_X0Y1        BUFG (Prop_bufg_I_O)         0.083    16.629 r  pll_inst/inst/clkout1_buf/O
                         net (fo=386, routed)         1.319    17.948    twin_controller_inst/clk_out1
    SLICE_X39Y114        FDCE                                         r  twin_controller_inst/sw_reg[14]/C
                         clock pessimism             -0.375    17.574    
                         clock uncertainty           -0.094    17.480    
    SLICE_X39Y114        FDCE (Setup_fdce_C_D)        0.034    17.514    twin_controller_inst/sw_reg[14]
  -------------------------------------------------------------------
                         required time                         17.514    
                         arrival time                          -1.990    
  -------------------------------------------------------------------
                         slack                                 15.524    

Slack (MET) :             15.634ns  (required time - arrival time)
  Source:                 uart_inst/rx_data_reg[2]/C
                            (rising edge-triggered cell FDCE clocked by clk_out1_pll  {rise@0.000ns fall@10.000ns period=20.000ns})
  Destination:            twin_controller_inst/sw_reg[30]/D
                            (rising edge-triggered cell FDCE clocked by clk_out1_pll  {rise@0.000ns fall@10.000ns period=20.000ns})
  Path Group:             clk_out1_pll
  Path Type:              Setup (Max at Slow Process Corner)
  Requirement:            20.000ns  (clk_out1_pll rise@20.000ns - clk_out1_pll rise@0.000ns)
  Data Path Delay:        4.286ns  (logic 0.526ns (12.274%)  route 3.760ns (87.726%))
  Logic Levels:           4  (LUT2=1 LUT3=1 LUT6=2)
  Clock Path Skew:        -0.053ns (DCD - SCD + CPR)
    Destination Clock Delay (DCD):    -2.052ns = ( 17.948 - 20.000 ) 
    Source Clock Delay      (SCD):    -2.373ns
    Clock Pessimism Removal (CPR):    -0.375ns
  Clock Uncertainty:      0.094ns  ((TSJ^2 + DJ^2)^1/2) / 2 + PE
    Total System Jitter     (TSJ):    0.071ns
    Discrete Jitter          (DJ):    0.174ns
    Phase Error              (PE):    0.000ns

    Location             Delay type                Incr(ns)  Path(ns)    Netlist Resource(s)
  -------------------------------------------------------------------    -------------------
                         (clock clk_out1_pll rise edge)
                                                      0.000     0.000 r  
    AD12                                              0.000     0.000 r  i_sys_clk_p (IN)
                         net (fo=0)                   0.000     0.000    pll_inst/inst/clk_in1_p
    AD12                 IBUFDS (Prop_ibufds_I_O)     0.906     0.906 r  pll_inst/inst/clkin1_ibufgds/O
                         net (fo=1, routed)           1.098     2.004    pll_inst/inst/clk_in1_pll
    PLLE2_ADV_X1Y1       PLLE2_ADV (Prop_plle2_adv_CLKIN1_CLKOUT0)
                                                     -8.058    -6.054 r  pll_inst/inst/plle2_adv_inst/CLKOUT0
                         net (fo=1, routed)           2.128    -3.926    pll_inst/inst/clk_out1_pll
    BUFGCTRL_X0Y1        BUFG (Prop_bufg_I_O)         0.093    -3.833 r  pll_inst/inst/clkout1_buf/O
                         net (fo=386, routed)         1.460    -2.373    uart_inst/clk_out1
    SLICE_X22Y133        FDCE                                         r  uart_inst/rx_data_reg[2]/C
  -------------------------------------------------------------------    -------------------
    SLICE_X22Y133        FDCE (Prop_fdce_C_Q)         0.259    -2.114 f  uart_inst/rx_data_reg[2]/Q
                         net (fo=17, routed)          1.195    -0.920    uart_inst/rx_data[2]
    SLICE_X38Y130        LUT3 (Prop_lut3_I0_O)        0.047    -0.873 r  uart_inst/sw[63]_i_4/O
                         net (fo=3, routed)           0.658    -0.215    uart_inst/sw[63]_i_4_n_0
    SLICE_X38Y132        LUT6 (Prop_lut6_I2_O)        0.134    -0.081 r  uart_inst/sw[62]_i_3/O
                         net (fo=4, routed)           0.368     0.287    uart_inst/sw[62]_i_3_n_0
    SLICE_X37Y131        LUT2 (Prop_lut2_I0_O)        0.043     0.330 r  uart_inst/sw[62]_i_2/O
                         net (fo=32, routed)          1.540     1.869    uart_inst/sw[62]_i_2_n_0
    SLICE_X38Y114        LUT6 (Prop_lut6_I2_O)        0.043     1.912 r  uart_inst/sw[30]_i_1/O
                         net (fo=1, routed)           0.000     1.912    twin_controller_inst/sw_reg[30]_0
    SLICE_X38Y114        FDCE                                         r  twin_controller_inst/sw_reg[30]/D
  -------------------------------------------------------------------    -------------------

                         (clock clk_out1_pll rise edge)
                                                     20.000    20.000 r  
    AD12                                              0.000    20.000 r  i_sys_clk_p (IN)
                         net (fo=0)                   0.000    20.000    pll_inst/inst/clk_in1_p
    AD12                 IBUFDS (Prop_ibufds_I_O)     0.803    20.803 r  pll_inst/inst/clkin1_ibufgds/O
                         net (fo=1, routed)           1.001    21.804    pll_inst/inst/clk_in1_pll
    PLLE2_ADV_X1Y1       PLLE2_ADV (Prop_plle2_adv_CLKIN1_CLKOUT0)
                                                     -7.261    14.543 r  pll_inst/inst/plle2_adv_inst/CLKOUT0
                         net (fo=1, routed)           2.003    16.546    pll_inst/inst/clk_out1_pll
    BUFGCTRL_X0Y1        BUFG (Prop_bufg_I_O)         0.083    16.629 r  pll_inst/inst/clkout1_buf/O
                         net (fo=386, routed)         1.319    17.948    twin_controller_inst/clk_out1
    SLICE_X38Y114        FDCE                                         r  twin_controller_inst/sw_reg[30]/C
                         clock pessimism             -0.375    17.574    
                         clock uncertainty           -0.094    17.480    
    SLICE_X38Y114        FDCE (Setup_fdce_C_D)        0.066    17.546    twin_controller_inst/sw_reg[30]
  -------------------------------------------------------------------
                         required time                         17.546    
                         arrival time                          -1.912    
  -------------------------------------------------------------------
                         slack                                 15.634    

Slack (MET) :             15.697ns  (required time - arrival time)
  Source:                 uart_inst/rx_data_reg[2]/C
                            (rising edge-triggered cell FDCE clocked by clk_out1_pll  {rise@0.000ns fall@10.000ns period=20.000ns})
  Destination:            twin_controller_inst/sw_reg[13]/D
                            (rising edge-triggered cell FDCE clocked by clk_out1_pll  {rise@0.000ns fall@10.000ns period=20.000ns})
  Path Group:             clk_out1_pll
  Path Type:              Setup (Max at Slow Process Corner)
  Requirement:            20.000ns  (clk_out1_pll rise@20.000ns - clk_out1_pll rise@0.000ns)
  Data Path Delay:        4.188ns  (logic 0.526ns (12.561%)  route 3.662ns (87.439%))
  Logic Levels:           4  (LUT2=1 LUT3=1 LUT6=2)
  Clock Path Skew:        -0.055ns (DCD - SCD + CPR)
    Destination Clock Delay (DCD):    -2.054ns = ( 17.946 - 20.000 ) 
    Source Clock Delay      (SCD):    -2.373ns
    Clock Pessimism Removal (CPR):    -0.375ns
  Clock Uncertainty:      0.094ns  ((TSJ^2 + DJ^2)^1/2) / 2 + PE
    Total System Jitter     (TSJ):    0.071ns
    Discrete Jitter          (DJ):    0.174ns
    Phase Error              (PE):    0.000ns

    Location             Delay type                Incr(ns)  Path(ns)    Netlist Resource(s)
  -------------------------------------------------------------------    -------------------
                         (clock clk_out1_pll rise edge)
                                                      0.000     0.000 r  
    AD12                                              0.000     0.000 r  i_sys_clk_p (IN)
                         net (fo=0)                   0.000     0.000    pll_inst/inst/clk_in1_p
    AD12                 IBUFDS (Prop_ibufds_I_O)     0.906     0.906 r  pll_inst/inst/clkin1_ibufgds/O
                         net (fo=1, routed)           1.098     2.004    pll_inst/inst/clk_in1_pll
    PLLE2_ADV_X1Y1       PLLE2_ADV (Prop_plle2_adv_CLKIN1_CLKOUT0)
                                                     -8.058    -6.054 r  pll_inst/inst/plle2_adv_inst/CLKOUT0
                         net (fo=1, routed)           2.128    -3.926    pll_inst/inst/clk_out1_pll
    BUFGCTRL_X0Y1        BUFG (Prop_bufg_I_O)         0.093    -3.833 r  pll_inst/inst/clkout1_buf/O
                         net (fo=386, routed)         1.460    -2.373    uart_inst/clk_out1
    SLICE_X22Y133        FDCE                                         r  uart_inst/rx_data_reg[2]/C
  -------------------------------------------------------------------    -------------------
    SLICE_X22Y133        FDCE (Prop_fdce_C_Q)         0.259    -2.114 f  uart_inst/rx_data_reg[2]/Q
                         net (fo=17, routed)          1.195    -0.920    uart_inst/rx_data[2]
    SLICE_X38Y130        LUT3 (Prop_lut3_I0_O)        0.047    -0.873 r  uart_inst/sw[63]_i_4/O
                         net (fo=3, routed)           0.658    -0.215    uart_inst/sw[63]_i_4_n_0
    SLICE_X38Y132        LUT6 (Prop_lut6_I2_O)        0.134    -0.081 r  uart_inst/sw[62]_i_3/O
                         net (fo=4, routed)           0.368     0.287    uart_inst/sw[62]_i_3_n_0
    SLICE_X37Y131        LUT2 (Prop_lut2_I0_O)        0.043     0.330 r  uart_inst/sw[62]_i_2/O
                         net (fo=32, routed)          1.441     1.771    uart_inst/sw[62]_i_2_n_0
    SLICE_X41Y116        LUT6 (Prop_lut6_I2_O)        0.043     1.814 r  uart_inst/sw[13]_i_1/O
                         net (fo=1, routed)           0.000     1.814    twin_controller_inst/sw_reg[13]_0
    SLICE_X41Y116        FDCE                                         r  twin_controller_inst/sw_reg[13]/D
  -------------------------------------------------------------------    -------------------

                         (clock clk_out1_pll rise edge)
                                                     20.000    20.000 r  
    AD12                                              0.000    20.000 r  i_sys_clk_p (IN)
                         net (fo=0)                   0.000    20.000    pll_inst/inst/clk_in1_p
    AD12                 IBUFDS (Prop_ibufds_I_O)     0.803    20.803 r  pll_inst/inst/clkin1_ibufgds/O
                         net (fo=1, routed)           1.001    21.804    pll_inst/inst/clk_in1_pll
    PLLE2_ADV_X1Y1       PLLE2_ADV (Prop_plle2_adv_CLKIN1_CLKOUT0)
                                                     -7.261    14.543 r  pll_inst/inst/plle2_adv_inst/CLKOUT0
                         net (fo=1, routed)           2.003    16.546    pll_inst/inst/clk_out1_pll
    BUFGCTRL_X0Y1        BUFG (Prop_bufg_I_O)         0.083    16.629 r  pll_inst/inst/clkout1_buf/O
                         net (fo=386, routed)         1.317    17.946    twin_controller_inst/clk_out1
    SLICE_X41Y116        FDCE                                         r  twin_controller_inst/sw_reg[13]/C
                         clock pessimism             -0.375    17.572    
                         clock uncertainty           -0.094    17.478    
    SLICE_X41Y116        FDCE (Setup_fdce_C_D)        0.033    17.511    twin_controller_inst/sw_reg[13]
  -------------------------------------------------------------------
                         required time                         17.511    
                         arrival time                          -1.814    
  -------------------------------------------------------------------
                         slack                                 15.697    

Slack (MET) :             15.892ns  (required time - arrival time)
  Source:                 uart_inst/rx_data_reg[2]/C
                            (rising edge-triggered cell FDCE clocked by clk_out1_pll  {rise@0.000ns fall@10.000ns period=20.000ns})
  Destination:            twin_controller_inst/sw_reg[62]/D
                            (rising edge-triggered cell FDCE clocked by clk_out1_pll  {rise@0.000ns fall@10.000ns period=20.000ns})
  Path Group:             clk_out1_pll
  Path Type:              Setup (Max at Slow Process Corner)
  Requirement:            20.000ns  (clk_out1_pll rise@20.000ns - clk_out1_pll rise@0.000ns)
  Data Path Delay:        3.987ns  (logic 0.526ns (13.192%)  route 3.461ns (86.808%))
  Logic Levels:           4  (LUT2=1 LUT3=1 LUT6=2)
  Clock Path Skew:        -0.061ns (DCD - SCD + CPR)
    Destination Clock Delay (DCD):    -2.060ns = ( 17.940 - 20.000 ) 
    Source Clock Delay      (SCD):    -2.373ns
    Clock Pessimism Removal (CPR):    -0.375ns
  Clock Uncertainty:      0.094ns  ((TSJ^2 + DJ^2)^1/2) / 2 + PE
    Total System Jitter     (TSJ):    0.071ns
    Discrete Jitter          (DJ):    0.174ns
    Phase Error              (PE):    0.000ns

    Location             Delay type                Incr(ns)  Path(ns)    Netlist Resource(s)
  -------------------------------------------------------------------    -------------------
                         (clock clk_out1_pll rise edge)
                                                      0.000     0.000 r  
    AD12                                              0.000     0.000 r  i_sys_clk_p (IN)
                         net (fo=0)                   0.000     0.000    pll_inst/inst/clk_in1_p
    AD12                 IBUFDS (Prop_ibufds_I_O)     0.906     0.906 r  pll_inst/inst/clkin1_ibufgds/O
                         net (fo=1, routed)           1.098     2.004    pll_inst/inst/clk_in1_pll
    PLLE2_ADV_X1Y1       PLLE2_ADV (Prop_plle2_adv_CLKIN1_CLKOUT0)
                                                     -8.058    -6.054 r  pll_inst/inst/plle2_adv_inst/CLKOUT0
                         net (fo=1, routed)           2.128    -3.926    pll_inst/inst/clk_out1_pll
    BUFGCTRL_X0Y1        BUFG (Prop_bufg_I_O)         0.093    -3.833 r  pll_inst/inst/clkout1_buf/O
                         net (fo=386, routed)         1.460    -2.373    uart_inst/clk_out1
    SLICE_X22Y133        FDCE                                         r  uart_inst/rx_data_reg[2]/C
  -------------------------------------------------------------------    -------------------
    SLICE_X22Y133        FDCE (Prop_fdce_C_Q)         0.259    -2.114 f  uart_inst/rx_data_reg[2]/Q
                         net (fo=17, routed)          1.195    -0.920    uart_inst/rx_data[2]
    SLICE_X38Y130        LUT3 (Prop_lut3_I0_O)        0.047    -0.873 r  uart_inst/sw[63]_i_4/O
                         net (fo=3, routed)           0.658    -0.215    uart_inst/sw[63]_i_4_n_0
    SLICE_X38Y132        LUT6 (Prop_lut6_I2_O)        0.134    -0.081 r  uart_inst/sw[62]_i_3/O
                         net (fo=4, routed)           0.368     0.287    uart_inst/sw[62]_i_3_n_0
    SLICE_X37Y131        LUT2 (Prop_lut2_I0_O)        0.043     0.330 r  uart_inst/sw[62]_i_2/O
                         net (fo=32, routed)          1.241     1.571    uart_inst/sw[62]_i_2_n_0
    SLICE_X37Y125        LUT6 (Prop_lut6_I2_O)        0.043     1.614 r  uart_inst/sw[62]_i_1/O
                         net (fo=1, routed)           0.000     1.614    twin_controller_inst/sw_reg[62]_0
    SLICE_X37Y125        FDCE                                         r  twin_controller_inst/sw_reg[62]/D
  -------------------------------------------------------------------    -------------------

                         (clock clk_out1_pll rise edge)
                                                     20.000    20.000 r  
    AD12                                              0.000    20.000 r  i_sys_clk_p (IN)
                         net (fo=0)                   0.000    20.000    pll_inst/inst/clk_in1_p
    AD12                 IBUFDS (Prop_ibufds_I_O)     0.803    20.803 r  pll_inst/inst/clkin1_ibufgds/O
                         net (fo=1, routed)           1.001    21.804    pll_inst/inst/clk_in1_pll
    PLLE2_ADV_X1Y1       PLLE2_ADV (Prop_plle2_adv_CLKIN1_CLKOUT0)
                                                     -7.261    14.543 r  pll_inst/inst/plle2_adv_inst/CLKOUT0
                         net (fo=1, routed)           2.003    16.546    pll_inst/inst/clk_out1_pll
    BUFGCTRL_X0Y1        BUFG (Prop_bufg_I_O)         0.083    16.629 r  pll_inst/inst/clkout1_buf/O
                         net (fo=386, routed)         1.311    17.940    twin_controller_inst/clk_out1
    SLICE_X37Y125        FDCE                                         r  twin_controller_inst/sw_reg[62]/C
                         clock pessimism             -0.375    17.566    
                         clock uncertainty           -0.094    17.472    
    SLICE_X37Y125        FDCE (Setup_fdce_C_D)        0.034    17.506    twin_controller_inst/sw_reg[62]
  -------------------------------------------------------------------
                         required time                         17.506    
                         arrival time                          -1.614    
  -------------------------------------------------------------------
                         slack                                 15.892    

Slack (MET) :             15.903ns  (required time - arrival time)
  Source:                 uart_inst/rx_data_reg[2]/C
                            (rising edge-triggered cell FDCE clocked by clk_out1_pll  {rise@0.000ns fall@10.000ns period=20.000ns})
  Destination:            twin_controller_inst/sw_reg[29]/D
                            (rising edge-triggered cell FDCE clocked by clk_out1_pll  {rise@0.000ns fall@10.000ns period=20.000ns})
  Path Group:             clk_out1_pll
  Path Type:              Setup (Max at Slow Process Corner)
  Requirement:            20.000ns  (clk_out1_pll rise@20.000ns - clk_out1_pll rise@0.000ns)
  Data Path Delay:        3.983ns  (logic 0.526ns (13.208%)  route 3.457ns (86.792%))
  Logic Levels:           4  (LUT2=1 LUT3=1 LUT6=2)
  Clock Path Skew:        -0.055ns (DCD - SCD + CPR)
    Destination Clock Delay (DCD):    -2.054ns = ( 17.946 - 20.000 ) 
    Source Clock Delay      (SCD):    -2.373ns
    Clock Pessimism Removal (CPR):    -0.375ns
  Clock Uncertainty:      0.094ns  ((TSJ^2 + DJ^2)^1/2) / 2 + PE
    Total System Jitter     (TSJ):    0.071ns
    Discrete Jitter          (DJ):    0.174ns
    Phase Error              (PE):    0.000ns

    Location             Delay type                Incr(ns)  Path(ns)    Netlist Resource(s)
  -------------------------------------------------------------------    -------------------
                         (clock clk_out1_pll rise edge)
                                                      0.000     0.000 r  
    AD12                                              0.000     0.000 r  i_sys_clk_p (IN)
                         net (fo=0)                   0.000     0.000    pll_inst/inst/clk_in1_p
    AD12                 IBUFDS (Prop_ibufds_I_O)     0.906     0.906 r  pll_inst/inst/clkin1_ibufgds/O
                         net (fo=1, routed)           1.098     2.004    pll_inst/inst/clk_in1_pll
    PLLE2_ADV_X1Y1       PLLE2_ADV (Prop_plle2_adv_CLKIN1_CLKOUT0)
                                                     -8.058    -6.054 r  pll_inst/inst/plle2_adv_inst/CLKOUT0
                         net (fo=1, routed)           2.128    -3.926    pll_inst/inst/clk_out1_pll
    BUFGCTRL_X0Y1        BUFG (Prop_bufg_I_O)         0.093    -3.833 r  pll_inst/inst/clkout1_buf/O
                         net (fo=386, routed)         1.460    -2.373    uart_inst/clk_out1
    SLICE_X22Y133        FDCE                                         r  uart_inst/rx_data_reg[2]/C
  -------------------------------------------------------------------    -------------------
    SLICE_X22Y133        FDCE (Prop_fdce_C_Q)         0.259    -2.114 f  uart_inst/rx_data_reg[2]/Q
                         net (fo=17, routed)          1.195    -0.920    uart_inst/rx_data[2]
    SLICE_X38Y130        LUT3 (Prop_lut3_I0_O)        0.047    -0.873 r  uart_inst/sw[63]_i_4/O
                         net (fo=3, routed)           0.658    -0.215    uart_inst/sw[63]_i_4_n_0
    SLICE_X38Y132        LUT6 (Prop_lut6_I2_O)        0.134    -0.081 r  uart_inst/sw[62]_i_3/O
                         net (fo=4, routed)           0.368     0.287    uart_inst/sw[62]_i_3_n_0
    SLICE_X37Y131        LUT2 (Prop_lut2_I0_O)        0.043     0.330 r  uart_inst/sw[62]_i_2/O
                         net (fo=32, routed)          1.236     1.566    uart_inst/sw[62]_i_2_n_0
    SLICE_X41Y116        LUT6 (Prop_lut6_I2_O)        0.043     1.609 r  uart_inst/sw[29]_i_1/O
                         net (fo=1, routed)           0.000     1.609    twin_controller_inst/sw_reg[29]_0
    SLICE_X41Y116        FDCE                                         r  twin_controller_inst/sw_reg[29]/D
  -------------------------------------------------------------------    -------------------

                         (clock clk_out1_pll rise edge)
                                                     20.000    20.000 r  
    AD12                                              0.000    20.000 r  i_sys_clk_p (IN)
                         net (fo=0)                   0.000    20.000    pll_inst/inst/clk_in1_p
    AD12                 IBUFDS (Prop_ibufds_I_O)     0.803    20.803 r  pll_inst/inst/clkin1_ibufgds/O
                         net (fo=1, routed)           1.001    21.804    pll_inst/inst/clk_in1_pll
    PLLE2_ADV_X1Y1       PLLE2_ADV (Prop_plle2_adv_CLKIN1_CLKOUT0)
                                                     -7.261    14.543 r  pll_inst/inst/plle2_adv_inst/CLKOUT0
                         net (fo=1, routed)           2.003    16.546    pll_inst/inst/clk_out1_pll
    BUFGCTRL_X0Y1        BUFG (Prop_bufg_I_O)         0.083    16.629 r  pll_inst/inst/clkout1_buf/O
                         net (fo=386, routed)         1.317    17.946    twin_controller_inst/clk_out1
    SLICE_X41Y116        FDCE                                         r  twin_controller_inst/sw_reg[29]/C
                         clock pessimism             -0.375    17.572    
                         clock uncertainty           -0.094    17.478    
    SLICE_X41Y116        FDCE (Setup_fdce_C_D)        0.034    17.512    twin_controller_inst/sw_reg[29]
  -------------------------------------------------------------------
                         required time                         17.512    
                         arrival time                          -1.609    
  -------------------------------------------------------------------
                         slack                                 15.903    

Slack (MET) :             15.915ns  (required time - arrival time)
  Source:                 uart_inst/rx_data_reg[2]/C
                            (rising edge-triggered cell FDCE clocked by clk_out1_pll  {rise@0.000ns fall@10.000ns period=20.000ns})
  Destination:            twin_controller_inst/sw_reg[38]/D
                            (rising edge-triggered cell FDCE clocked by clk_out1_pll  {rise@0.000ns fall@10.000ns period=20.000ns})
  Path Group:             clk_out1_pll
  Path Type:              Setup (Max at Slow Process Corner)
  Requirement:            20.000ns  (clk_out1_pll rise@20.000ns - clk_out1_pll rise@0.000ns)
  Data Path Delay:        3.969ns  (logic 0.526ns (13.252%)  route 3.443ns (86.748%))
  Logic Levels:           4  (LUT2=1 LUT3=1 LUT6=2)
  Clock Path Skew:        -0.056ns (DCD - SCD + CPR)
    Destination Clock Delay (DCD):    -2.055ns = ( 17.945 - 20.000 ) 
    Source Clock Delay      (SCD):    -2.373ns
    Clock Pessimism Removal (CPR):    -0.375ns
  Clock Uncertainty:      0.094ns  ((TSJ^2 + DJ^2)^1/2) / 2 + PE
    Total System Jitter     (TSJ):    0.071ns
    Discrete Jitter          (DJ):    0.174ns
    Phase Error              (PE):    0.000ns

    Location             Delay type                Incr(ns)  Path(ns)    Netlist Resource(s)
  -------------------------------------------------------------------    -------------------
                         (clock clk_out1_pll rise edge)
                                                      0.000     0.000 r  
    AD12                                              0.000     0.000 r  i_sys_clk_p (IN)
                         net (fo=0)                   0.000     0.000    pll_inst/inst/clk_in1_p
    AD12                 IBUFDS (Prop_ibufds_I_O)     0.906     0.906 r  pll_inst/inst/clkin1_ibufgds/O
                         net (fo=1, routed)           1.098     2.004    pll_inst/inst/clk_in1_pll
    PLLE2_ADV_X1Y1       PLLE2_ADV (Prop_plle2_adv_CLKIN1_CLKOUT0)
                                                     -8.058    -6.054 r  pll_inst/inst/plle2_adv_inst/CLKOUT0
                         net (fo=1, routed)           2.128    -3.926    pll_inst/inst/clk_out1_pll
    BUFGCTRL_X0Y1        BUFG (Prop_bufg_I_O)         0.093    -3.833 r  pll_inst/inst/clkout1_buf/O
                         net (fo=386, routed)         1.460    -2.373    uart_inst/clk_out1
    SLICE_X22Y133        FDCE                                         r  uart_inst/rx_data_reg[2]/C
  -------------------------------------------------------------------    -------------------
    SLICE_X22Y133        FDCE (Prop_fdce_C_Q)         0.259    -2.114 f  uart_inst/rx_data_reg[2]/Q
                         net (fo=17, routed)          1.195    -0.920    uart_inst/rx_data[2]
    SLICE_X38Y130        LUT3 (Prop_lut3_I0_O)        0.047    -0.873 r  uart_inst/sw[63]_i_4/O
                         net (fo=3, routed)           0.658    -0.215    uart_inst/sw[63]_i_4_n_0
    SLICE_X38Y132        LUT6 (Prop_lut6_I2_O)        0.134    -0.081 r  uart_inst/sw[62]_i_3/O
                         net (fo=4, routed)           0.368     0.287    uart_inst/sw[62]_i_3_n_0
    SLICE_X37Y131        LUT2 (Prop_lut2_I0_O)        0.043     0.330 r  uart_inst/sw[62]_i_2/O
                         net (fo=32, routed)          1.223     1.553    uart_inst/sw[62]_i_2_n_0
    SLICE_X36Y120        LUT6 (Prop_lut6_I2_O)        0.043     1.596 r  uart_inst/sw[38]_i_1/O
                         net (fo=1, routed)           0.000     1.596    twin_controller_inst/sw_reg[38]_0
    SLICE_X36Y120        FDCE                                         r  twin_controller_inst/sw_reg[38]/D
  -------------------------------------------------------------------    -------------------

                         (clock clk_out1_pll rise edge)
                                                     20.000    20.000 r  
    AD12                                              0.000    20.000 r  i_sys_clk_p (IN)
                         net (fo=0)                   0.000    20.000    pll_inst/inst/clk_in1_p
    AD12                 IBUFDS (Prop_ibufds_I_O)     0.803    20.803 r  pll_inst/inst/clkin1_ibufgds/O
                         net (fo=1, routed)           1.001    21.804    pll_inst/inst/clk_in1_pll
    PLLE2_ADV_X1Y1       PLLE2_ADV (Prop_plle2_adv_CLKIN1_CLKOUT0)
                                                     -7.261    14.543 r  pll_inst/inst/plle2_adv_inst/CLKOUT0
                         net (fo=1, routed)           2.003    16.546    pll_inst/inst/clk_out1_pll
    BUFGCTRL_X0Y1        BUFG (Prop_bufg_I_O)         0.083    16.629 r  pll_inst/inst/clkout1_buf/O
                         net (fo=386, routed)         1.316    17.945    twin_controller_inst/clk_out1
    SLICE_X36Y120        FDCE                                         r  twin_controller_inst/sw_reg[38]/C
                         clock pessimism             -0.375    17.571    
                         clock uncertainty           -0.094    17.477    
    SLICE_X36Y120        FDCE (Setup_fdce_C_D)        0.034    17.511    twin_controller_inst/sw_reg[38]
  -------------------------------------------------------------------
                         required time                         17.511    
                         arrival time                          -1.596    
  -------------------------------------------------------------------
                         slack                                 15.915    

Slack (MET) :             15.917ns  (required time - arrival time)
  Source:                 uart_inst/rx_data_reg[2]/C
                            (rising edge-triggered cell FDCE clocked by clk_out1_pll  {rise@0.000ns fall@10.000ns period=20.000ns})
  Destination:            twin_controller_inst/sw_reg[6]/D
                            (rising edge-triggered cell FDCE clocked by clk_out1_pll  {rise@0.000ns fall@10.000ns period=20.000ns})
  Path Group:             clk_out1_pll
  Path Type:              Setup (Max at Slow Process Corner)
  Requirement:            20.000ns  (clk_out1_pll rise@20.000ns - clk_out1_pll rise@0.000ns)
  Data Path Delay:        3.967ns  (logic 0.526ns (13.260%)  route 3.441ns (86.740%))
  Logic Levels:           4  (LUT2=1 LUT3=1 LUT6=2)
  Clock Path Skew:        -0.056ns (DCD - SCD + CPR)
    Destination Clock Delay (DCD):    -2.055ns = ( 17.945 - 20.000 ) 
    Source Clock Delay      (SCD):    -2.373ns
    Clock Pessimism Removal (CPR):    -0.375ns
  Clock Uncertainty:      0.094ns  ((TSJ^2 + DJ^2)^1/2) / 2 + PE
    Total System Jitter     (TSJ):    0.071ns
    Discrete Jitter          (DJ):    0.174ns
    Phase Error              (PE):    0.000ns

    Location             Delay type                Incr(ns)  Path(ns)    Netlist Resource(s)
  -------------------------------------------------------------------    -------------------
                         (clock clk_out1_pll rise edge)
                                                      0.000     0.000 r  
    AD12                                              0.000     0.000 r  i_sys_clk_p (IN)
                         net (fo=0)                   0.000     0.000    pll_inst/inst/clk_in1_p
    AD12                 IBUFDS (Prop_ibufds_I_O)     0.906     0.906 r  pll_inst/inst/clkin1_ibufgds/O
                         net (fo=1, routed)           1.098     2.004    pll_inst/inst/clk_in1_pll
    PLLE2_ADV_X1Y1       PLLE2_ADV (Prop_plle2_adv_CLKIN1_CLKOUT0)
                                                     -8.058    -6.054 r  pll_inst/inst/plle2_adv_inst/CLKOUT0
                         net (fo=1, routed)           2.128    -3.926    pll_inst/inst/clk_out1_pll
    BUFGCTRL_X0Y1        BUFG (Prop_bufg_I_O)         0.093    -3.833 r  pll_inst/inst/clkout1_buf/O
                         net (fo=386, routed)         1.460    -2.373    uart_inst/clk_out1
    SLICE_X22Y133        FDCE                                         r  uart_inst/rx_data_reg[2]/C
  -------------------------------------------------------------------    -------------------
    SLICE_X22Y133        FDCE (Prop_fdce_C_Q)         0.259    -2.114 f  uart_inst/rx_data_reg[2]/Q
                         net (fo=17, routed)          1.195    -0.920    uart_inst/rx_data[2]
    SLICE_X38Y130        LUT3 (Prop_lut3_I0_O)        0.047    -0.873 r  uart_inst/sw[63]_i_4/O
                         net (fo=3, routed)           0.658    -0.215    uart_inst/sw[63]_i_4_n_0
    SLICE_X38Y132        LUT6 (Prop_lut6_I2_O)        0.134    -0.081 r  uart_inst/sw[62]_i_3/O
                         net (fo=4, routed)           0.368     0.287    uart_inst/sw[62]_i_3_n_0
    SLICE_X37Y131        LUT2 (Prop_lut2_I0_O)        0.043     0.330 r  uart_inst/sw[62]_i_2/O
                         net (fo=32, routed)          1.221     1.551    uart_inst/sw[62]_i_2_n_0
    SLICE_X36Y120        LUT6 (Prop_lut6_I2_O)        0.043     1.594 r  uart_inst/sw[6]_i_1/O
                         net (fo=1, routed)           0.000     1.594    twin_controller_inst/sw_reg[6]_0
    SLICE_X36Y120        FDCE                                         r  twin_controller_inst/sw_reg[6]/D
  -------------------------------------------------------------------    -------------------

                         (clock clk_out1_pll rise edge)
                                                     20.000    20.000 r  
    AD12                                              0.000    20.000 r  i_sys_clk_p (IN)
                         net (fo=0)                   0.000    20.000    pll_inst/inst/clk_in1_p
    AD12                 IBUFDS (Prop_ibufds_I_O)     0.803    20.803 r  pll_inst/inst/clkin1_ibufgds/O
                         net (fo=1, routed)           1.001    21.804    pll_inst/inst/clk_in1_pll
    PLLE2_ADV_X1Y1       PLLE2_ADV (Prop_plle2_adv_CLKIN1_CLKOUT0)
                                                     -7.261    14.543 r  pll_inst/inst/plle2_adv_inst/CLKOUT0
                         net (fo=1, routed)           2.003    16.546    pll_inst/inst/clk_out1_pll
    BUFGCTRL_X0Y1        BUFG (Prop_bufg_I_O)         0.083    16.629 r  pll_inst/inst/clkout1_buf/O
                         net (fo=386, routed)         1.316    17.945    twin_controller_inst/clk_out1
    SLICE_X36Y120        FDCE                                         r  twin_controller_inst/sw_reg[6]/C
                         clock pessimism             -0.375    17.571    
                         clock uncertainty           -0.094    17.477    
    SLICE_X36Y120        FDCE (Setup_fdce_C_D)        0.034    17.511    twin_controller_inst/sw_reg[6]
  -------------------------------------------------------------------
                         required time                         17.511    
                         arrival time                          -1.594    
  -------------------------------------------------------------------
                         slack                                 15.917    

Slack (MET) :             15.929ns  (required time - arrival time)
  Source:                 uart_inst/rx_data_reg[2]/C
                            (rising edge-triggered cell FDCE clocked by clk_out1_pll  {rise@0.000ns fall@10.000ns period=20.000ns})
  Destination:            twin_controller_inst/sw_reg[10]/D
                            (rising edge-triggered cell FDCE clocked by clk_out1_pll  {rise@0.000ns fall@10.000ns period=20.000ns})
  Path Group:             clk_out1_pll
  Path Type:              Setup (Max at Slow Process Corner)
  Requirement:            20.000ns  (clk_out1_pll rise@20.000ns - clk_out1_pll rise@0.000ns)
  Data Path Delay:        3.959ns  (logic 0.526ns (13.286%)  route 3.433ns (86.714%))
  Logic Levels:           4  (LUT3=1 LUT4=2 LUT6=1)
  Clock Path Skew:        -0.052ns (DCD - SCD + CPR)
    Destination Clock Delay (DCD):    -2.051ns = ( 17.949 - 20.000 ) 
    Source Clock Delay      (SCD):    -2.373ns
    Clock Pessimism Removal (CPR):    -0.375ns
  Clock Uncertainty:      0.094ns  ((TSJ^2 + DJ^2)^1/2) / 2 + PE
    Total System Jitter     (TSJ):    0.071ns
    Discrete Jitter          (DJ):    0.174ns
    Phase Error              (PE):    0.000ns

    Location             Delay type                Incr(ns)  Path(ns)    Netlist Resource(s)
  -------------------------------------------------------------------    -------------------
                         (clock clk_out1_pll rise edge)
                                                      0.000     0.000 r  
    AD12                                              0.000     0.000 r  i_sys_clk_p (IN)
                         net (fo=0)                   0.000     0.000    pll_inst/inst/clk_in1_p
    AD12                 IBUFDS (Prop_ibufds_I_O)     0.906     0.906 r  pll_inst/inst/clkin1_ibufgds/O
                         net (fo=1, routed)           1.098     2.004    pll_inst/inst/clk_in1_pll
    PLLE2_ADV_X1Y1       PLLE2_ADV (Prop_plle2_adv_CLKIN1_CLKOUT0)
                                                     -8.058    -6.054 r  pll_inst/inst/plle2_adv_inst/CLKOUT0
                         net (fo=1, routed)           2.128    -3.926    pll_inst/inst/clk_out1_pll
    BUFGCTRL_X0Y1        BUFG (Prop_bufg_I_O)         0.093    -3.833 r  pll_inst/inst/clkout1_buf/O
                         net (fo=386, routed)         1.460    -2.373    uart_inst/clk_out1
    SLICE_X22Y133        FDCE                                         r  uart_inst/rx_data_reg[2]/C
  -------------------------------------------------------------------    -------------------
    SLICE_X22Y133        FDCE (Prop_fdce_C_Q)         0.259    -2.114 f  uart_inst/rx_data_reg[2]/Q
                         net (fo=17, routed)          1.195    -0.920    uart_inst/rx_data[2]
    SLICE_X38Y130        LUT3 (Prop_lut3_I0_O)        0.047    -0.873 r  uart_inst/sw[63]_i_4/O
                         net (fo=3, routed)           0.658    -0.215    uart_inst/sw[63]_i_4_n_0
    SLICE_X38Y132        LUT6 (Prop_lut6_I2_O)        0.134    -0.081 f  uart_inst/sw[62]_i_3/O
                         net (fo=4, routed)           0.639     0.558    uart_inst/sw[62]_i_3_n_0
    SLICE_X38Y130        LUT4 (Prop_lut4_I2_O)        0.043     0.601 r  uart_inst/sw[58]_i_2/O
                         net (fo=8, routed)           0.942     1.543    twin_controller_inst/sw_reg[58]_0
    SLICE_X39Y113        LUT4 (Prop_lut4_I1_O)        0.043     1.586 r  twin_controller_inst/sw[10]_i_1/O
                         net (fo=1, routed)           0.000     1.586    twin_controller_inst/sw[10]_i_1_n_0
    SLICE_X39Y113        FDCE                                         r  twin_controller_inst/sw_reg[10]/D
  -------------------------------------------------------------------    -------------------

                         (clock clk_out1_pll rise edge)
                                                     20.000    20.000 r  
    AD12                                              0.000    20.000 r  i_sys_clk_p (IN)
                         net (fo=0)                   0.000    20.000    pll_inst/inst/clk_in1_p
    AD12                 IBUFDS (Prop_ibufds_I_O)     0.803    20.803 r  pll_inst/inst/clkin1_ibufgds/O
                         net (fo=1, routed)           1.001    21.804    pll_inst/inst/clk_in1_pll
    PLLE2_ADV_X1Y1       PLLE2_ADV (Prop_plle2_adv_CLKIN1_CLKOUT0)
                                                     -7.261    14.543 r  pll_inst/inst/plle2_adv_inst/CLKOUT0
                         net (fo=1, routed)           2.003    16.546    pll_inst/inst/clk_out1_pll
    BUFGCTRL_X0Y1        BUFG (Prop_bufg_I_O)         0.083    16.629 r  pll_inst/inst/clkout1_buf/O
                         net (fo=386, routed)         1.320    17.949    twin_controller_inst/clk_out1
    SLICE_X39Y113        FDCE                                         r  twin_controller_inst/sw_reg[10]/C
                         clock pessimism             -0.375    17.575    
                         clock uncertainty           -0.094    17.481    
    SLICE_X39Y113        FDCE (Setup_fdce_C_D)        0.034    17.515    twin_controller_inst/sw_reg[10]
  -------------------------------------------------------------------
                         required time                         17.515    
                         arrival time                          -1.586    
  -------------------------------------------------------------------
                         slack                                 15.929    

Slack (MET) :             15.981ns  (required time - arrival time)
  Source:                 uart_inst/rx_data_reg[2]/C
                            (rising edge-triggered cell FDCE clocked by clk_out1_pll  {rise@0.000ns fall@10.000ns period=20.000ns})
  Destination:            twin_controller_inst/sw_reg[61]/D
                            (rising edge-triggered cell FDCE clocked by clk_out1_pll  {rise@0.000ns fall@10.000ns period=20.000ns})
  Path Group:             clk_out1_pll
  Path Type:              Setup (Max at Slow Process Corner)
  Requirement:            20.000ns  (clk_out1_pll rise@20.000ns - clk_out1_pll rise@0.000ns)
  Data Path Delay:        3.896ns  (logic 0.526ns (13.502%)  route 3.370ns (86.498%))
  Logic Levels:           4  (LUT2=1 LUT3=1 LUT6=2)
  Clock Path Skew:        -0.063ns (DCD - SCD + CPR)
    Destination Clock Delay (DCD):    -2.062ns = ( 17.938 - 20.000 ) 
    Source Clock Delay      (SCD):    -2.373ns
    Clock Pessimism Removal (CPR):    -0.375ns
  Clock Uncertainty:      0.094ns  ((TSJ^2 + DJ^2)^1/2) / 2 + PE
    Total System Jitter     (TSJ):    0.071ns
    Discrete Jitter          (DJ):    0.174ns
    Phase Error              (PE):    0.000ns

    Location             Delay type                Incr(ns)  Path(ns)    Netlist Resource(s)
  -------------------------------------------------------------------    -------------------
                         (clock clk_out1_pll rise edge)
                                                      0.000     0.000 r  
    AD12                                              0.000     0.000 r  i_sys_clk_p (IN)
                         net (fo=0)                   0.000     0.000    pll_inst/inst/clk_in1_p
    AD12                 IBUFDS (Prop_ibufds_I_O)     0.906     0.906 r  pll_inst/inst/clkin1_ibufgds/O
                         net (fo=1, routed)           1.098     2.004    pll_inst/inst/clk_in1_pll
    PLLE2_ADV_X1Y1       PLLE2_ADV (Prop_plle2_adv_CLKIN1_CLKOUT0)
                                                     -8.058    -6.054 r  pll_inst/inst/plle2_adv_inst/CLKOUT0
                         net (fo=1, routed)           2.128    -3.926    pll_inst/inst/clk_out1_pll
    BUFGCTRL_X0Y1        BUFG (Prop_bufg_I_O)         0.093    -3.833 r  pll_inst/inst/clkout1_buf/O
                         net (fo=386, routed)         1.460    -2.373    uart_inst/clk_out1
    SLICE_X22Y133        FDCE                                         r  uart_inst/rx_data_reg[2]/C
  -------------------------------------------------------------------    -------------------
    SLICE_X22Y133        FDCE (Prop_fdce_C_Q)         0.259    -2.114 f  uart_inst/rx_data_reg[2]/Q
                         net (fo=17, routed)          1.195    -0.920    uart_inst/rx_data[2]
    SLICE_X38Y130        LUT3 (Prop_lut3_I0_O)        0.047    -0.873 r  uart_inst/sw[63]_i_4/O
                         net (fo=3, routed)           0.658    -0.215    uart_inst/sw[63]_i_4_n_0
    SLICE_X38Y132        LUT6 (Prop_lut6_I2_O)        0.134    -0.081 r  uart_inst/sw[62]_i_3/O
                         net (fo=4, routed)           0.368     0.287    uart_inst/sw[62]_i_3_n_0
    SLICE_X37Y131        LUT2 (Prop_lut2_I0_O)        0.043     0.330 r  uart_inst/sw[62]_i_2/O
                         net (fo=32, routed)          1.150     1.479    uart_inst/sw[62]_i_2_n_0
    SLICE_X39Y125        LUT6 (Prop_lut6_I2_O)        0.043     1.522 r  uart_inst/sw[61]_i_1/O
                         net (fo=1, routed)           0.000     1.522    twin_controller_inst/sw_reg[61]_0
    SLICE_X39Y125        FDCE                                         r  twin_controller_inst/sw_reg[61]/D
  -------------------------------------------------------------------    -------------------

                         (clock clk_out1_pll rise edge)
                                                     20.000    20.000 r  
    AD12                                              0.000    20.000 r  i_sys_clk_p (IN)
                         net (fo=0)                   0.000    20.000    pll_inst/inst/clk_in1_p
    AD12                 IBUFDS (Prop_ibufds_I_O)     0.803    20.803 r  pll_inst/inst/clkin1_ibufgds/O
                         net (fo=1, routed)           1.001    21.804    pll_inst/inst/clk_in1_pll
    PLLE2_ADV_X1Y1       PLLE2_ADV (Prop_plle2_adv_CLKIN1_CLKOUT0)
                                                     -7.261    14.543 r  pll_inst/inst/plle2_adv_inst/CLKOUT0
                         net (fo=1, routed)           2.003    16.546    pll_inst/inst/clk_out1_pll
    BUFGCTRL_X0Y1        BUFG (Prop_bufg_I_O)         0.083    16.629 r  pll_inst/inst/clkout1_buf/O
                         net (fo=386, routed)         1.309    17.938    twin_controller_inst/clk_out1
    SLICE_X39Y125        FDCE                                         r  twin_controller_inst/sw_reg[61]/C
                         clock pessimism             -0.375    17.564    
                         clock uncertainty           -0.094    17.470    
    SLICE_X39Y125        FDCE (Setup_fdce_C_D)        0.034    17.504    twin_controller_inst/sw_reg[61]
  -------------------------------------------------------------------
                         required time                         17.504    
                         arrival time                          -1.522    
  -------------------------------------------------------------------
                         slack                                 15.981    

Slack (MET) :             16.036ns  (required time - arrival time)
  Source:                 uart_inst/rx_data_reg[2]/C
                            (rising edge-triggered cell FDCE clocked by clk_out1_pll  {rise@0.000ns fall@10.000ns period=20.000ns})
  Destination:            twin_controller_inst/sw_reg[34]/D
                            (rising edge-triggered cell FDCE clocked by clk_out1_pll  {rise@0.000ns fall@10.000ns period=20.000ns})
  Path Group:             clk_out1_pll
  Path Type:              Setup (Max at Slow Process Corner)
  Requirement:            20.000ns  (clk_out1_pll rise@20.000ns - clk_out1_pll rise@0.000ns)
  Data Path Delay:        3.853ns  (logic 0.526ns (13.651%)  route 3.327ns (86.349%))
  Logic Levels:           4  (LUT3=1 LUT4=2 LUT6=1)
  Clock Path Skew:        -0.050ns (DCD - SCD + CPR)
    Destination Clock Delay (DCD):    -2.049ns = ( 17.951 - 20.000 ) 
    Source Clock Delay      (SCD):    -2.373ns
    Clock Pessimism Removal (CPR):    -0.375ns
  Clock Uncertainty:      0.094ns  ((TSJ^2 + DJ^2)^1/2) / 2 + PE
    Total System Jitter     (TSJ):    0.071ns
    Discrete Jitter          (DJ):    0.174ns
    Phase Error              (PE):    0.000ns

    Location             Delay type                Incr(ns)  Path(ns)    Netlist Resource(s)
  -------------------------------------------------------------------    -------------------
                         (clock clk_out1_pll rise edge)
                                                      0.000     0.000 r  
    AD12                                              0.000     0.000 r  i_sys_clk_p (IN)
                         net (fo=0)                   0.000     0.000    pll_inst/inst/clk_in1_p
    AD12                 IBUFDS (Prop_ibufds_I_O)     0.906     0.906 r  pll_inst/inst/clkin1_ibufgds/O
                         net (fo=1, routed)           1.098     2.004    pll_inst/inst/clk_in1_pll
    PLLE2_ADV_X1Y1       PLLE2_ADV (Prop_plle2_adv_CLKIN1_CLKOUT0)
                                                     -8.058    -6.054 r  pll_inst/inst/plle2_adv_inst/CLKOUT0
                         net (fo=1, routed)           2.128    -3.926    pll_inst/inst/clk_out1_pll
    BUFGCTRL_X0Y1        BUFG (Prop_bufg_I_O)         0.093    -3.833 r  pll_inst/inst/clkout1_buf/O
                         net (fo=386, routed)         1.460    -2.373    uart_inst/clk_out1
    SLICE_X22Y133        FDCE                                         r  uart_inst/rx_data_reg[2]/C
  -------------------------------------------------------------------    -------------------
    SLICE_X22Y133        FDCE (Prop_fdce_C_Q)         0.259    -2.114 f  uart_inst/rx_data_reg[2]/Q
                         net (fo=17, routed)          1.195    -0.920    uart_inst/rx_data[2]
    SLICE_X38Y130        LUT3 (Prop_lut3_I0_O)        0.047    -0.873 r  uart_inst/sw[63]_i_4/O
                         net (fo=3, routed)           0.658    -0.215    uart_inst/sw[63]_i_4_n_0
    SLICE_X38Y132        LUT6 (Prop_lut6_I2_O)        0.134    -0.081 f  uart_inst/sw[62]_i_3/O
                         net (fo=4, routed)           0.639     0.558    uart_inst/sw[62]_i_3_n_0
    SLICE_X38Y130        LUT4 (Prop_lut4_I2_O)        0.043     0.601 r  uart_inst/sw[58]_i_2/O
                         net (fo=8, routed)           0.836     1.437    twin_controller_inst/sw_reg[58]_0
    SLICE_X37Y113        LUT4 (Prop_lut4_I1_O)        0.043     1.480 r  twin_controller_inst/sw[34]_i_1/O
                         net (fo=1, routed)           0.000     1.480    twin_controller_inst/sw[34]_i_1_n_0
    SLICE_X37Y113        FDCE                                         r  twin_controller_inst/sw_reg[34]/D
  -------------------------------------------------------------------    -------------------

                         (clock clk_out1_pll rise edge)
                                                     20.000    20.000 r  
    AD12                                              0.000    20.000 r  i_sys_clk_p (IN)
                         net (fo=0)                   0.000    20.000    pll_inst/inst/clk_in1_p
    AD12                 IBUFDS (Prop_ibufds_I_O)     0.803    20.803 r  pll_inst/inst/clkin1_ibufgds/O
                         net (fo=1, routed)           1.001    21.804    pll_inst/inst/clk_in1_pll
    PLLE2_ADV_X1Y1       PLLE2_ADV (Prop_plle2_adv_CLKIN1_CLKOUT0)
                                                     -7.261    14.543 r  pll_inst/inst/plle2_adv_inst/CLKOUT0
                         net (fo=1, routed)           2.003    16.546    pll_inst/inst/clk_out1_pll
    BUFGCTRL_X0Y1        BUFG (Prop_bufg_I_O)         0.083    16.629 r  pll_inst/inst/clkout1_buf/O
                         net (fo=386, routed)         1.322    17.951    twin_controller_inst/clk_out1
    SLICE_X37Y113        FDCE                                         r  twin_controller_inst/sw_reg[34]/C
                         clock pessimism             -0.375    17.577    
                         clock uncertainty           -0.094    17.483    
    SLICE_X37Y113        FDCE (Setup_fdce_C_D)        0.033    17.516    twin_controller_inst/sw_reg[34]
  -------------------------------------------------------------------
                         required time                         17.516    
                         arrival time                          -1.480    
  -------------------------------------------------------------------
                         slack                                 16.036    

Slack (MET) :             16.038ns  (required time - arrival time)
  Source:                 uart_inst/rx_data_reg[2]/C
                            (rising edge-triggered cell FDCE clocked by clk_out1_pll  {rise@0.000ns fall@10.000ns period=20.000ns})
  Destination:            twin_controller_inst/sw_reg[26]/D
                            (rising edge-triggered cell FDCE clocked by clk_out1_pll  {rise@0.000ns fall@10.000ns period=20.000ns})
  Path Group:             clk_out1_pll
  Path Type:              Setup (Max at Slow Process Corner)
  Requirement:            20.000ns  (clk_out1_pll rise@20.000ns - clk_out1_pll rise@0.000ns)
  Data Path Delay:        3.847ns  (logic 0.526ns (13.671%)  route 3.321ns (86.329%))
  Logic Levels:           4  (LUT3=1 LUT4=2 LUT6=1)
  Clock Path Skew:        -0.055ns (DCD - SCD + CPR)
    Destination Clock Delay (DCD):    -2.054ns = ( 17.946 - 20.000 ) 
    Source Clock Delay      (SCD):    -2.373ns
    Clock Pessimism Removal (CPR):    -0.375ns
  Clock Uncertainty:      0.094ns  ((TSJ^2 + DJ^2)^1/2) / 2 + PE
    Total System Jitter     (TSJ):    0.071ns
    Discrete Jitter          (DJ):    0.174ns
    Phase Error              (PE):    0.000ns

    Location             Delay type                Incr(ns)  Path(ns)    Netlist Resource(s)
  -------------------------------------------------------------------    -------------------
                         (clock clk_out1_pll rise edge)
                                                      0.000     0.000 r  
    AD12                                              0.000     0.000 r  i_sys_clk_p (IN)
                         net (fo=0)                   0.000     0.000    pll_inst/inst/clk_in1_p
    AD12                 IBUFDS (Prop_ibufds_I_O)     0.906     0.906 r  pll_inst/inst/clkin1_ibufgds/O
                         net (fo=1, routed)           1.098     2.004    pll_inst/inst/clk_in1_pll
    PLLE2_ADV_X1Y1       PLLE2_ADV (Prop_plle2_adv_CLKIN1_CLKOUT0)
                                                     -8.058    -6.054 r  pll_inst/inst/plle2_adv_inst/CLKOUT0
                         net (fo=1, routed)           2.128    -3.926    pll_inst/inst/clk_out1_pll
    BUFGCTRL_X0Y1        BUFG (Prop_bufg_I_O)         0.093    -3.833 r  pll_inst/inst/clkout1_buf/O
                         net (fo=386, routed)         1.460    -2.373    uart_inst/clk_out1
    SLICE_X22Y133        FDCE                                         r  uart_inst/rx_data_reg[2]/C
  -------------------------------------------------------------------    -------------------
    SLICE_X22Y133        FDCE (Prop_fdce_C_Q)         0.259    -2.114 f  uart_inst/rx_data_reg[2]/Q
                         net (fo=17, routed)          1.195    -0.920    uart_inst/rx_data[2]
    SLICE_X38Y130        LUT3 (Prop_lut3_I0_O)        0.047    -0.873 r  uart_inst/sw[63]_i_4/O
                         net (fo=3, routed)           0.658    -0.215    uart_inst/sw[63]_i_4_n_0
    SLICE_X38Y132        LUT6 (Prop_lut6_I2_O)        0.134    -0.081 f  uart_inst/sw[62]_i_3/O
                         net (fo=4, routed)           0.639     0.558    uart_inst/sw[62]_i_3_n_0
    SLICE_X38Y130        LUT4 (Prop_lut4_I2_O)        0.043     0.601 r  uart_inst/sw[58]_i_2/O
                         net (fo=8, routed)           0.830     1.431    twin_controller_inst/sw_reg[58]_0
    SLICE_X41Y116        LUT4 (Prop_lut4_I1_O)        0.043     1.474 r  twin_controller_inst/sw[26]_i_1/O
                         net (fo=1, routed)           0.000     1.474    twin_controller_inst/sw[26]_i_1_n_0
    SLICE_X41Y116        FDCE                                         r  twin_controller_inst/sw_reg[26]/D
  -------------------------------------------------------------------    -------------------

                         (clock clk_out1_pll rise edge)
                                                     20.000    20.000 r  
    AD12                                              0.000    20.000 r  i_sys_clk_p (IN)
                         net (fo=0)                   0.000    20.000    pll_inst/inst/clk_in1_p
    AD12                 IBUFDS (Prop_ibufds_I_O)     0.803    20.803 r  pll_inst/inst/clkin1_ibufgds/O
                         net (fo=1, routed)           1.001    21.804    pll_inst/inst/clk_in1_pll
    PLLE2_ADV_X1Y1       PLLE2_ADV (Prop_plle2_adv_CLKIN1_CLKOUT0)
                                                     -7.261    14.543 r  pll_inst/inst/plle2_adv_inst/CLKOUT0
                         net (fo=1, routed)           2.003    16.546    pll_inst/inst/clk_out1_pll
    BUFGCTRL_X0Y1        BUFG (Prop_bufg_I_O)         0.083    16.629 r  pll_inst/inst/clkout1_buf/O
                         net (fo=386, routed)         1.317    17.946    twin_controller_inst/clk_out1
    SLICE_X41Y116        FDCE                                         r  twin_controller_inst/sw_reg[26]/C
                         clock pessimism             -0.375    17.572    
                         clock uncertainty           -0.094    17.478    
    SLICE_X41Y116        FDCE (Setup_fdce_C_D)        0.034    17.512    twin_controller_inst/sw_reg[26]
  -------------------------------------------------------------------
                         required time                         17.512    
                         arrival time                          -1.474    
  -------------------------------------------------------------------
                         slack                                 16.038    

Slack (MET) :             16.038ns  (required time - arrival time)
  Source:                 uart_inst/rx_data_reg[2]/C
                            (rising edge-triggered cell FDCE clocked by clk_out1_pll  {rise@0.000ns fall@10.000ns period=20.000ns})
  Destination:            twin_controller_inst/sw_reg[2]/D
                            (rising edge-triggered cell FDCE clocked by clk_out1_pll  {rise@0.000ns fall@10.000ns period=20.000ns})
  Path Group:             clk_out1_pll
  Path Type:              Setup (Max at Slow Process Corner)
  Requirement:            20.000ns  (clk_out1_pll rise@20.000ns - clk_out1_pll rise@0.000ns)
  Data Path Delay:        3.852ns  (logic 0.526ns (13.654%)  route 3.326ns (86.346%))
  Logic Levels:           4  (LUT3=1 LUT4=2 LUT6=1)
  Clock Path Skew:        -0.050ns (DCD - SCD + CPR)
    Destination Clock Delay (DCD):    -2.049ns = ( 17.951 - 20.000 ) 
    Source Clock Delay      (SCD):    -2.373ns
    Clock Pessimism Removal (CPR):    -0.375ns
  Clock Uncertainty:      0.094ns  ((TSJ^2 + DJ^2)^1/2) / 2 + PE
    Total System Jitter     (TSJ):    0.071ns
    Discrete Jitter          (DJ):    0.174ns
    Phase Error              (PE):    0.000ns

    Location             Delay type                Incr(ns)  Path(ns)    Netlist Resource(s)
  -------------------------------------------------------------------    -------------------
                         (clock clk_out1_pll rise edge)
                                                      0.000     0.000 r  
    AD12                                              0.000     0.000 r  i_sys_clk_p (IN)
                         net (fo=0)                   0.000     0.000    pll_inst/inst/clk_in1_p
    AD12                 IBUFDS (Prop_ibufds_I_O)     0.906     0.906 r  pll_inst/inst/clkin1_ibufgds/O
                         net (fo=1, routed)           1.098     2.004    pll_inst/inst/clk_in1_pll
    PLLE2_ADV_X1Y1       PLLE2_ADV (Prop_plle2_adv_CLKIN1_CLKOUT0)
                                                     -8.058    -6.054 r  pll_inst/inst/plle2_adv_inst/CLKOUT0
                         net (fo=1, routed)           2.128    -3.926    pll_inst/inst/clk_out1_pll
    BUFGCTRL_X0Y1        BUFG (Prop_bufg_I_O)         0.093    -3.833 r  pll_inst/inst/clkout1_buf/O
                         net (fo=386, routed)         1.460    -2.373    uart_inst/clk_out1
    SLICE_X22Y133        FDCE                                         r  uart_inst/rx_data_reg[2]/C
  -------------------------------------------------------------------    -------------------
    SLICE_X22Y133        FDCE (Prop_fdce_C_Q)         0.259    -2.114 f  uart_inst/rx_data_reg[2]/Q
                         net (fo=17, routed)          1.195    -0.920    uart_inst/rx_data[2]
    SLICE_X38Y130        LUT3 (Prop_lut3_I0_O)        0.047    -0.873 r  uart_inst/sw[63]_i_4/O
                         net (fo=3, routed)           0.658    -0.215    uart_inst/sw[63]_i_4_n_0
    SLICE_X38Y132        LUT6 (Prop_lut6_I2_O)        0.134    -0.081 f  uart_inst/sw[62]_i_3/O
                         net (fo=4, routed)           0.639     0.558    uart_inst/sw[62]_i_3_n_0
    SLICE_X38Y130        LUT4 (Prop_lut4_I2_O)        0.043     0.601 r  uart_inst/sw[58]_i_2/O
                         net (fo=8, routed)           0.835     1.436    twin_controller_inst/sw_reg[58]_0
    SLICE_X37Y113        LUT4 (Prop_lut4_I1_O)        0.043     1.479 r  twin_controller_inst/sw[2]_i_1/O
                         net (fo=1, routed)           0.000     1.479    twin_controller_inst/sw[2]_i_1_n_0
    SLICE_X37Y113        FDCE                                         r  twin_controller_inst/sw_reg[2]/D
  -------------------------------------------------------------------    -------------------

                         (clock clk_out1_pll rise edge)
                                                     20.000    20.000 r  
    AD12                                              0.000    20.000 r  i_sys_clk_p (IN)
                         net (fo=0)                   0.000    20.000    pll_inst/inst/clk_in1_p
    AD12                 IBUFDS (Prop_ibufds_I_O)     0.803    20.803 r  pll_inst/inst/clkin1_ibufgds/O
                         net (fo=1, routed)           1.001    21.804    pll_inst/inst/clk_in1_pll
    PLLE2_ADV_X1Y1       PLLE2_ADV (Prop_plle2_adv_CLKIN1_CLKOUT0)
                                                     -7.261    14.543 r  pll_inst/inst/plle2_adv_inst/CLKOUT0
                         net (fo=1, routed)           2.003    16.546    pll_inst/inst/clk_out1_pll
    BUFGCTRL_X0Y1        BUFG (Prop_bufg_I_O)         0.083    16.629 r  pll_inst/inst/clkout1_buf/O
                         net (fo=386, routed)         1.322    17.951    twin_controller_inst/clk_out1
    SLICE_X37Y113        FDCE                                         r  twin_controller_inst/sw_reg[2]/C
                         clock pessimism             -0.375    17.577    
                         clock uncertainty           -0.094    17.483    
    SLICE_X37Y113        FDCE (Setup_fdce_C_D)        0.034    17.517    twin_controller_inst/sw_reg[2]
  -------------------------------------------------------------------
                         required time                         17.517    
                         arrival time                          -1.479    
  -------------------------------------------------------------------
                         slack                                 16.038    

Slack (MET) :             16.112ns  (required time - arrival time)
  Source:                 uart_inst/rx_data_reg[2]/C
                            (rising edge-triggered cell FDCE clocked by clk_out1_pll  {rise@0.000ns fall@10.000ns period=20.000ns})
  Destination:            twin_controller_inst/sw_reg[1]/D
                            (rising edge-triggered cell FDCE clocked by clk_out1_pll  {rise@0.000ns fall@10.000ns period=20.000ns})
  Path Group:             clk_out1_pll
  Path Type:              Setup (Max at Slow Process Corner)
  Requirement:            20.000ns  (clk_out1_pll rise@20.000ns - clk_out1_pll rise@0.000ns)
  Data Path Delay:        3.768ns  (logic 0.625ns (16.589%)  route 3.143ns (83.411%))
  Logic Levels:           4  (LUT3=1 LUT4=2 LUT6=1)
  Clock Path Skew:        -0.061ns (DCD - SCD + CPR)
    Destination Clock Delay (DCD):    -2.060ns = ( 17.940 - 20.000 ) 
    Source Clock Delay      (SCD):    -2.373ns
    Clock Pessimism Removal (CPR):    -0.375ns
  Clock Uncertainty:      0.094ns  ((TSJ^2 + DJ^2)^1/2) / 2 + PE
    Total System Jitter     (TSJ):    0.071ns
    Discrete Jitter          (DJ):    0.174ns
    Phase Error              (PE):    0.000ns

    Location             Delay type                Incr(ns)  Path(ns)    Netlist Resource(s)
  -------------------------------------------------------------------    -------------------
                         (clock clk_out1_pll rise edge)
                                                      0.000     0.000 r  
    AD12                                              0.000     0.000 r  i_sys_clk_p (IN)
                         net (fo=0)                   0.000     0.000    pll_inst/inst/clk_in1_p
    AD12                 IBUFDS (Prop_ibufds_I_O)     0.906     0.906 r  pll_inst/inst/clkin1_ibufgds/O
                         net (fo=1, routed)           1.098     2.004    pll_inst/inst/clk_in1_pll
    PLLE2_ADV_X1Y1       PLLE2_ADV (Prop_plle2_adv_CLKIN1_CLKOUT0)
                                                     -8.058    -6.054 r  pll_inst/inst/plle2_adv_inst/CLKOUT0
                         net (fo=1, routed)           2.128    -3.926    pll_inst/inst/clk_out1_pll
    BUFGCTRL_X0Y1        BUFG (Prop_bufg_I_O)         0.093    -3.833 r  pll_inst/inst/clkout1_buf/O
                         net (fo=386, routed)         1.460    -2.373    uart_inst/clk_out1
    SLICE_X22Y133        FDCE                                         r  uart_inst/rx_data_reg[2]/C
  -------------------------------------------------------------------    -------------------
    SLICE_X22Y133        FDCE (Prop_fdce_C_Q)         0.259    -2.114 f  uart_inst/rx_data_reg[2]/Q
                         net (fo=17, routed)          1.195    -0.920    uart_inst/rx_data[2]
    SLICE_X38Y130        LUT3 (Prop_lut3_I0_O)        0.047    -0.873 r  uart_inst/sw[63]_i_4/O
                         net (fo=3, routed)           0.658    -0.215    uart_inst/sw[63]_i_4_n_0
    SLICE_X38Y132        LUT6 (Prop_lut6_I2_O)        0.134    -0.081 f  uart_inst/sw[62]_i_3/O
                         net (fo=4, routed)           0.544     0.463    uart_inst/sw[62]_i_3_n_0
    SLICE_X37Y130        LUT4 (Prop_lut4_I2_O)        0.049     0.512 r  uart_inst/sw[57]_i_2/O
                         net (fo=8, routed)           0.746     1.258    twin_controller_inst/sw_reg[57]_0
    SLICE_X37Y125        LUT4 (Prop_lut4_I1_O)        0.136     1.394 r  twin_controller_inst/sw[1]_i_1/O
                         net (fo=1, routed)           0.000     1.394    twin_controller_inst/sw[1]_i_1_n_0
    SLICE_X37Y125        FDCE                                         r  twin_controller_inst/sw_reg[1]/D
  -------------------------------------------------------------------    -------------------

                         (clock clk_out1_pll rise edge)
                                                     20.000    20.000 r  
    AD12                                              0.000    20.000 r  i_sys_clk_p (IN)
                         net (fo=0)                   0.000    20.000    pll_inst/inst/clk_in1_p
    AD12                 IBUFDS (Prop_ibufds_I_O)     0.803    20.803 r  pll_inst/inst/clkin1_ibufgds/O
                         net (fo=1, routed)           1.001    21.804    pll_inst/inst/clk_in1_pll
    PLLE2_ADV_X1Y1       PLLE2_ADV (Prop_plle2_adv_CLKIN1_CLKOUT0)
                                                     -7.261    14.543 r  pll_inst/inst/plle2_adv_inst/CLKOUT0
                         net (fo=1, routed)           2.003    16.546    pll_inst/inst/clk_out1_pll
    BUFGCTRL_X0Y1        BUFG (Prop_bufg_I_O)         0.083    16.629 r  pll_inst/inst/clkout1_buf/O
                         net (fo=386, routed)         1.311    17.940    twin_controller_inst/clk_out1
    SLICE_X37Y125        FDCE                                         r  twin_controller_inst/sw_reg[1]/C
                         clock pessimism             -0.375    17.566    
                         clock uncertainty           -0.094    17.472    
    SLICE_X37Y125        FDCE (Setup_fdce_C_D)        0.034    17.506    twin_controller_inst/sw_reg[1]
  -------------------------------------------------------------------
                         required time                         17.506    
                         arrival time                          -1.394    
  -------------------------------------------------------------------
                         slack                                 16.112    

Slack (MET) :             16.114ns  (required time - arrival time)
  Source:                 uart_inst/rx_data_reg[2]/C
                            (rising edge-triggered cell FDCE clocked by clk_out1_pll  {rise@0.000ns fall@10.000ns period=20.000ns})
  Destination:            twin_controller_inst/sw_reg[57]/D
                            (rising edge-triggered cell FDCE clocked by clk_out1_pll  {rise@0.000ns fall@10.000ns period=20.000ns})
  Path Group:             clk_out1_pll
  Path Type:              Setup (Max at Slow Process Corner)
  Requirement:            20.000ns  (clk_out1_pll rise@20.000ns - clk_out1_pll rise@0.000ns)
  Data Path Delay:        3.767ns  (logic 0.625ns (16.593%)  route 3.142ns (83.407%))
  Logic Levels:           4  (LUT3=1 LUT4=2 LUT6=1)
  Clock Path Skew:        -0.060ns (DCD - SCD + CPR)
    Destination Clock Delay (DCD):    -2.059ns = ( 17.941 - 20.000 ) 
    Source Clock Delay      (SCD):    -2.373ns
    Clock Pessimism Removal (CPR):    -0.375ns
  Clock Uncertainty:      0.094ns  ((TSJ^2 + DJ^2)^1/2) / 2 + PE
    Total System Jitter     (TSJ):    0.071ns
    Discrete Jitter          (DJ):    0.174ns
    Phase Error              (PE):    0.000ns

    Location             Delay type                Incr(ns)  Path(ns)    Netlist Resource(s)
  -------------------------------------------------------------------    -------------------
                         (clock clk_out1_pll rise edge)
                                                      0.000     0.000 r  
    AD12                                              0.000     0.000 r  i_sys_clk_p (IN)
                         net (fo=0)                   0.000     0.000    pll_inst/inst/clk_in1_p
    AD12                 IBUFDS (Prop_ibufds_I_O)     0.906     0.906 r  pll_inst/inst/clkin1_ibufgds/O
                         net (fo=1, routed)           1.098     2.004    pll_inst/inst/clk_in1_pll
    PLLE2_ADV_X1Y1       PLLE2_ADV (Prop_plle2_adv_CLKIN1_CLKOUT0)
                                                     -8.058    -6.054 r  pll_inst/inst/plle2_adv_inst/CLKOUT0
                         net (fo=1, routed)           2.128    -3.926    pll_inst/inst/clk_out1_pll
    BUFGCTRL_X0Y1        BUFG (Prop_bufg_I_O)         0.093    -3.833 r  pll_inst/inst/clkout1_buf/O
                         net (fo=386, routed)         1.460    -2.373    uart_inst/clk_out1
    SLICE_X22Y133        FDCE                                         r  uart_inst/rx_data_reg[2]/C
  -------------------------------------------------------------------    -------------------
    SLICE_X22Y133        FDCE (Prop_fdce_C_Q)         0.259    -2.114 f  uart_inst/rx_data_reg[2]/Q
                         net (fo=17, routed)          1.195    -0.920    uart_inst/rx_data[2]
    SLICE_X38Y130        LUT3 (Prop_lut3_I0_O)        0.047    -0.873 r  uart_inst/sw[63]_i_4/O
                         net (fo=3, routed)           0.658    -0.215    uart_inst/sw[63]_i_4_n_0
    SLICE_X38Y132        LUT6 (Prop_lut6_I2_O)        0.134    -0.081 f  uart_inst/sw[62]_i_3/O
                         net (fo=4, routed)           0.544     0.463    uart_inst/sw[62]_i_3_n_0
    SLICE_X37Y130        LUT4 (Prop_lut4_I2_O)        0.049     0.512 r  uart_inst/sw[57]_i_2/O
                         net (fo=8, routed)           0.745     1.257    twin_controller_inst/sw_reg[57]_0
    SLICE_X37Y126        LUT4 (Prop_lut4_I2_O)        0.136     1.393 r  twin_controller_inst/sw[57]_i_1/O
                         net (fo=1, routed)           0.000     1.393    twin_controller_inst/sw[57]_i_1_n_0
    SLICE_X37Y126        FDCE                                         r  twin_controller_inst/sw_reg[57]/D
  -------------------------------------------------------------------    -------------------

                         (clock clk_out1_pll rise edge)
                                                     20.000    20.000 r  
    AD12                                              0.000    20.000 r  i_sys_clk_p (IN)
                         net (fo=0)                   0.000    20.000    pll_inst/inst/clk_in1_p
    AD12                 IBUFDS (Prop_ibufds_I_O)     0.803    20.803 r  pll_inst/inst/clkin1_ibufgds/O
                         net (fo=1, routed)           1.001    21.804    pll_inst/inst/clk_in1_pll
    PLLE2_ADV_X1Y1       PLLE2_ADV (Prop_plle2_adv_CLKIN1_CLKOUT0)
                                                     -7.261    14.543 r  pll_inst/inst/plle2_adv_inst/CLKOUT0
                         net (fo=1, routed)           2.003    16.546    pll_inst/inst/clk_out1_pll
    BUFGCTRL_X0Y1        BUFG (Prop_bufg_I_O)         0.083    16.629 r  pll_inst/inst/clkout1_buf/O
                         net (fo=386, routed)         1.312    17.941    twin_controller_inst/clk_out1
    SLICE_X37Y126        FDCE                                         r  twin_controller_inst/sw_reg[57]/C
                         clock pessimism             -0.375    17.567    
                         clock uncertainty           -0.094    17.473    
    SLICE_X37Y126        FDCE (Setup_fdce_C_D)        0.034    17.507    twin_controller_inst/sw_reg[57]
  -------------------------------------------------------------------
                         required time                         17.507    
                         arrival time                          -1.393    
  -------------------------------------------------------------------
                         slack                                 16.114    

Slack (MET) :             16.152ns  (required time - arrival time)
  Source:                 uart_inst/rx_data_reg[2]/C
                            (rising edge-triggered cell FDCE clocked by clk_out1_pll  {rise@0.000ns fall@10.000ns period=20.000ns})
  Destination:            twin_controller_inst/sw_reg[5]/D
                            (rising edge-triggered cell FDCE clocked by clk_out1_pll  {rise@0.000ns fall@10.000ns period=20.000ns})
  Path Group:             clk_out1_pll
  Path Type:              Setup (Max at Slow Process Corner)
  Requirement:            20.000ns  (clk_out1_pll rise@20.000ns - clk_out1_pll rise@0.000ns)
  Data Path Delay:        3.725ns  (logic 0.526ns (14.120%)  route 3.199ns (85.880%))
  Logic Levels:           4  (LUT2=1 LUT3=1 LUT6=2)
  Clock Path Skew:        -0.063ns (DCD - SCD + CPR)
    Destination Clock Delay (DCD):    -2.062ns = ( 17.938 - 20.000 ) 
    Source Clock Delay      (SCD):    -2.373ns
    Clock Pessimism Removal (CPR):    -0.375ns
  Clock Uncertainty:      0.094ns  ((TSJ^2 + DJ^2)^1/2) / 2 + PE
    Total System Jitter     (TSJ):    0.071ns
    Discrete Jitter          (DJ):    0.174ns
    Phase Error              (PE):    0.000ns

    Location             Delay type                Incr(ns)  Path(ns)    Netlist Resource(s)
  -------------------------------------------------------------------    -------------------
                         (clock clk_out1_pll rise edge)
                                                      0.000     0.000 r  
    AD12                                              0.000     0.000 r  i_sys_clk_p (IN)
                         net (fo=0)                   0.000     0.000    pll_inst/inst/clk_in1_p
    AD12                 IBUFDS (Prop_ibufds_I_O)     0.906     0.906 r  pll_inst/inst/clkin1_ibufgds/O
                         net (fo=1, routed)           1.098     2.004    pll_inst/inst/clk_in1_pll
    PLLE2_ADV_X1Y1       PLLE2_ADV (Prop_plle2_adv_CLKIN1_CLKOUT0)
                                                     -8.058    -6.054 r  pll_inst/inst/plle2_adv_inst/CLKOUT0
                         net (fo=1, routed)           2.128    -3.926    pll_inst/inst/clk_out1_pll
    BUFGCTRL_X0Y1        BUFG (Prop_bufg_I_O)         0.093    -3.833 r  pll_inst/inst/clkout1_buf/O
                         net (fo=386, routed)         1.460    -2.373    uart_inst/clk_out1
    SLICE_X22Y133        FDCE                                         r  uart_inst/rx_data_reg[2]/C
  -------------------------------------------------------------------    -------------------
    SLICE_X22Y133        FDCE (Prop_fdce_C_Q)         0.259    -2.114 f  uart_inst/rx_data_reg[2]/Q
                         net (fo=17, routed)          1.195    -0.920    uart_inst/rx_data[2]
    SLICE_X38Y130        LUT3 (Prop_lut3_I0_O)        0.047    -0.873 r  uart_inst/sw[63]_i_4/O
                         net (fo=3, routed)           0.658    -0.215    uart_inst/sw[63]_i_4_n_0
    SLICE_X38Y132        LUT6 (Prop_lut6_I2_O)        0.134    -0.081 r  uart_inst/sw[62]_i_3/O
                         net (fo=4, routed)           0.368     0.287    uart_inst/sw[62]_i_3_n_0
    SLICE_X37Y131        LUT2 (Prop_lut2_I0_O)        0.043     0.330 r  uart_inst/sw[62]_i_2/O
                         net (fo=32, routed)          0.979     1.309    uart_inst/sw[62]_i_2_n_0
    SLICE_X39Y125        LUT6 (Prop_lut6_I2_O)        0.043     1.352 r  uart_inst/sw[5]_i_1/O
                         net (fo=1, routed)           0.000     1.352    twin_controller_inst/sw_reg[5]_0
    SLICE_X39Y125        FDCE                                         r  twin_controller_inst/sw_reg[5]/D
  -------------------------------------------------------------------    -------------------

                         (clock clk_out1_pll rise edge)
                                                     20.000    20.000 r  
    AD12                                              0.000    20.000 r  i_sys_clk_p (IN)
                         net (fo=0)                   0.000    20.000    pll_inst/inst/clk_in1_p
    AD12                 IBUFDS (Prop_ibufds_I_O)     0.803    20.803 r  pll_inst/inst/clkin1_ibufgds/O
                         net (fo=1, routed)           1.001    21.804    pll_inst/inst/clk_in1_pll
    PLLE2_ADV_X1Y1       PLLE2_ADV (Prop_plle2_adv_CLKIN1_CLKOUT0)
                                                     -7.261    14.543 r  pll_inst/inst/plle2_adv_inst/CLKOUT0
                         net (fo=1, routed)           2.003    16.546    pll_inst/inst/clk_out1_pll
    BUFGCTRL_X0Y1        BUFG (Prop_bufg_I_O)         0.083    16.629 r  pll_inst/inst/clkout1_buf/O
                         net (fo=386, routed)         1.309    17.938    twin_controller_inst/clk_out1
    SLICE_X39Y125        FDCE                                         r  twin_controller_inst/sw_reg[5]/C
                         clock pessimism             -0.375    17.564    
                         clock uncertainty           -0.094    17.470    
    SLICE_X39Y125        FDCE (Setup_fdce_C_D)        0.034    17.504    twin_controller_inst/sw_reg[5]
  -------------------------------------------------------------------
                         required time                         17.504    
                         arrival time                          -1.352    
  -------------------------------------------------------------------
                         slack                                 16.152    

Slack (MET) :             16.231ns  (required time - arrival time)
  Source:                 uart_inst/rx_data_reg[2]/C
                            (rising edge-triggered cell FDCE clocked by clk_out1_pll  {rise@0.000ns fall@10.000ns period=20.000ns})
  Destination:            twin_controller_inst/sw_reg[49]/D
                            (rising edge-triggered cell FDCE clocked by clk_out1_pll  {rise@0.000ns fall@10.000ns period=20.000ns})
  Path Group:             clk_out1_pll
  Path Type:              Setup (Max at Slow Process Corner)
  Requirement:            20.000ns  (clk_out1_pll rise@20.000ns - clk_out1_pll rise@0.000ns)
  Data Path Delay:        3.650ns  (logic 0.625ns (17.125%)  route 3.025ns (82.875%))
  Logic Levels:           4  (LUT3=1 LUT4=2 LUT6=1)
  Clock Path Skew:        -0.060ns (DCD - SCD + CPR)
    Destination Clock Delay (DCD):    -2.059ns = ( 17.941 - 20.000 ) 
    Source Clock Delay      (SCD):    -2.373ns
    Clock Pessimism Removal (CPR):    -0.375ns
  Clock Uncertainty:      0.094ns  ((TSJ^2 + DJ^2)^1/2) / 2 + PE
    Total System Jitter     (TSJ):    0.071ns
    Discrete Jitter          (DJ):    0.174ns
    Phase Error              (PE):    0.000ns

    Location             Delay type                Incr(ns)  Path(ns)    Netlist Resource(s)
  -------------------------------------------------------------------    -------------------
                         (clock clk_out1_pll rise edge)
                                                      0.000     0.000 r  
    AD12                                              0.000     0.000 r  i_sys_clk_p (IN)
                         net (fo=0)                   0.000     0.000    pll_inst/inst/clk_in1_p
    AD12                 IBUFDS (Prop_ibufds_I_O)     0.906     0.906 r  pll_inst/inst/clkin1_ibufgds/O
                         net (fo=1, routed)           1.098     2.004    pll_inst/inst/clk_in1_pll
    PLLE2_ADV_X1Y1       PLLE2_ADV (Prop_plle2_adv_CLKIN1_CLKOUT0)
                                                     -8.058    -6.054 r  pll_inst/inst/plle2_adv_inst/CLKOUT0
                         net (fo=1, routed)           2.128    -3.926    pll_inst/inst/clk_out1_pll
    BUFGCTRL_X0Y1        BUFG (Prop_bufg_I_O)         0.093    -3.833 r  pll_inst/inst/clkout1_buf/O
                         net (fo=386, routed)         1.460    -2.373    uart_inst/clk_out1
    SLICE_X22Y133        FDCE                                         r  uart_inst/rx_data_reg[2]/C
  -------------------------------------------------------------------    -------------------
    SLICE_X22Y133        FDCE (Prop_fdce_C_Q)         0.259    -2.114 f  uart_inst/rx_data_reg[2]/Q
                         net (fo=17, routed)          1.195    -0.920    uart_inst/rx_data[2]
    SLICE_X38Y130        LUT3 (Prop_lut3_I0_O)        0.047    -0.873 r  uart_inst/sw[63]_i_4/O
                         net (fo=3, routed)           0.658    -0.215    uart_inst/sw[63]_i_4_n_0
    SLICE_X38Y132        LUT6 (Prop_lut6_I2_O)        0.134    -0.081 f  uart_inst/sw[62]_i_3/O
                         net (fo=4, routed)           0.544     0.463    uart_inst/sw[62]_i_3_n_0
    SLICE_X37Y130        LUT4 (Prop_lut4_I2_O)        0.049     0.512 r  uart_inst/sw[57]_i_2/O
                         net (fo=8, routed)           0.628     1.140    twin_controller_inst/sw_reg[57]_0
    SLICE_X37Y126        LUT4 (Prop_lut4_I1_O)        0.136     1.276 r  twin_controller_inst/sw[49]_i_1/O
                         net (fo=1, routed)           0.000     1.276    twin_controller_inst/sw[49]_i_1_n_0
    SLICE_X37Y126        FDCE                                         r  twin_controller_inst/sw_reg[49]/D
  -------------------------------------------------------------------    -------------------

                         (clock clk_out1_pll rise edge)
                                                     20.000    20.000 r  
    AD12                                              0.000    20.000 r  i_sys_clk_p (IN)
                         net (fo=0)                   0.000    20.000    pll_inst/inst/clk_in1_p
    AD12                 IBUFDS (Prop_ibufds_I_O)     0.803    20.803 r  pll_inst/inst/clkin1_ibufgds/O
                         net (fo=1, routed)           1.001    21.804    pll_inst/inst/clk_in1_pll
    PLLE2_ADV_X1Y1       PLLE2_ADV (Prop_plle2_adv_CLKIN1_CLKOUT0)
                                                     -7.261    14.543 r  pll_inst/inst/plle2_adv_inst/CLKOUT0
                         net (fo=1, routed)           2.003    16.546    pll_inst/inst/clk_out1_pll
    BUFGCTRL_X0Y1        BUFG (Prop_bufg_I_O)         0.083    16.629 r  pll_inst/inst/clkout1_buf/O
                         net (fo=386, routed)         1.312    17.941    twin_controller_inst/clk_out1
    SLICE_X37Y126        FDCE                                         r  twin_controller_inst/sw_reg[49]/C
                         clock pessimism             -0.375    17.567    
                         clock uncertainty           -0.094    17.473    
    SLICE_X37Y126        FDCE (Setup_fdce_C_D)        0.034    17.507    twin_controller_inst/sw_reg[49]
  -------------------------------------------------------------------
                         required time                         17.507    
                         arrival time                          -1.276    
  -------------------------------------------------------------------
                         slack                                 16.231    

Slack (MET) :             16.233ns  (required time - arrival time)
  Source:                 uart_inst/rx_data_reg[2]/C
                            (rising edge-triggered cell FDCE clocked by clk_out1_pll  {rise@0.000ns fall@10.000ns period=20.000ns})
  Destination:            twin_controller_inst/sw_reg[42]/D
                            (rising edge-triggered cell FDCE clocked by clk_out1_pll  {rise@0.000ns fall@10.000ns period=20.000ns})
  Path Group:             clk_out1_pll
  Path Type:              Setup (Max at Slow Process Corner)
  Requirement:            20.000ns  (clk_out1_pll rise@20.000ns - clk_out1_pll rise@0.000ns)
  Data Path Delay:        3.649ns  (logic 0.526ns (14.415%)  route 3.123ns (85.585%))
  Logic Levels:           4  (LUT3=1 LUT4=2 LUT6=1)
  Clock Path Skew:        -0.058ns (DCD - SCD + CPR)
    Destination Clock Delay (DCD):    -2.057ns = ( 17.943 - 20.000 ) 
    Source Clock Delay      (SCD):    -2.373ns
    Clock Pessimism Removal (CPR):    -0.375ns
  Clock Uncertainty:      0.094ns  ((TSJ^2 + DJ^2)^1/2) / 2 + PE
    Total System Jitter     (TSJ):    0.071ns
    Discrete Jitter          (DJ):    0.174ns
    Phase Error              (PE):    0.000ns

    Location             Delay type                Incr(ns)  Path(ns)    Netlist Resource(s)
  -------------------------------------------------------------------    -------------------
                         (clock clk_out1_pll rise edge)
                                                      0.000     0.000 r  
    AD12                                              0.000     0.000 r  i_sys_clk_p (IN)
                         net (fo=0)                   0.000     0.000    pll_inst/inst/clk_in1_p
    AD12                 IBUFDS (Prop_ibufds_I_O)     0.906     0.906 r  pll_inst/inst/clkin1_ibufgds/O
                         net (fo=1, routed)           1.098     2.004    pll_inst/inst/clk_in1_pll
    PLLE2_ADV_X1Y1       PLLE2_ADV (Prop_plle2_adv_CLKIN1_CLKOUT0)
                                                     -8.058    -6.054 r  pll_inst/inst/plle2_adv_inst/CLKOUT0
                         net (fo=1, routed)           2.128    -3.926    pll_inst/inst/clk_out1_pll
    BUFGCTRL_X0Y1        BUFG (Prop_bufg_I_O)         0.093    -3.833 r  pll_inst/inst/clkout1_buf/O
                         net (fo=386, routed)         1.460    -2.373    uart_inst/clk_out1
    SLICE_X22Y133        FDCE                                         r  uart_inst/rx_data_reg[2]/C
  -------------------------------------------------------------------    -------------------
    SLICE_X22Y133        FDCE (Prop_fdce_C_Q)         0.259    -2.114 f  uart_inst/rx_data_reg[2]/Q
                         net (fo=17, routed)          1.195    -0.920    uart_inst/rx_data[2]
    SLICE_X38Y130        LUT3 (Prop_lut3_I0_O)        0.047    -0.873 r  uart_inst/sw[63]_i_4/O
                         net (fo=3, routed)           0.658    -0.215    uart_inst/sw[63]_i_4_n_0
    SLICE_X38Y132        LUT6 (Prop_lut6_I2_O)        0.134    -0.081 f  uart_inst/sw[62]_i_3/O
                         net (fo=4, routed)           0.639     0.558    uart_inst/sw[62]_i_3_n_0
    SLICE_X38Y130        LUT4 (Prop_lut4_I2_O)        0.043     0.601 r  uart_inst/sw[58]_i_2/O
                         net (fo=8, routed)           0.631     1.233    twin_controller_inst/sw_reg[58]_0
    SLICE_X36Y121        LUT4 (Prop_lut4_I1_O)        0.043     1.276 r  twin_controller_inst/sw[42]_i_1/O
                         net (fo=1, routed)           0.000     1.276    twin_controller_inst/sw[42]_i_1_n_0
    SLICE_X36Y121        FDCE                                         r  twin_controller_inst/sw_reg[42]/D
  -------------------------------------------------------------------    -------------------

                         (clock clk_out1_pll rise edge)
                                                     20.000    20.000 r  
    AD12                                              0.000    20.000 r  i_sys_clk_p (IN)
                         net (fo=0)                   0.000    20.000    pll_inst/inst/clk_in1_p
    AD12                 IBUFDS (Prop_ibufds_I_O)     0.803    20.803 r  pll_inst/inst/clkin1_ibufgds/O
                         net (fo=1, routed)           1.001    21.804    pll_inst/inst/clk_in1_pll
    PLLE2_ADV_X1Y1       PLLE2_ADV (Prop_plle2_adv_CLKIN1_CLKOUT0)
                                                     -7.261    14.543 r  pll_inst/inst/plle2_adv_inst/CLKOUT0
                         net (fo=1, routed)           2.003    16.546    pll_inst/inst/clk_out1_pll
    BUFGCTRL_X0Y1        BUFG (Prop_bufg_I_O)         0.083    16.629 r  pll_inst/inst/clkout1_buf/O
                         net (fo=386, routed)         1.314    17.943    twin_controller_inst/clk_out1
    SLICE_X36Y121        FDCE                                         r  twin_controller_inst/sw_reg[42]/C
                         clock pessimism             -0.375    17.569    
                         clock uncertainty           -0.094    17.475    
    SLICE_X36Y121        FDCE (Setup_fdce_C_D)        0.034    17.509    twin_controller_inst/sw_reg[42]
  -------------------------------------------------------------------
                         required time                         17.509    
                         arrival time                          -1.276    
  -------------------------------------------------------------------
                         slack                                 16.233    

Slack (MET) :             16.273ns  (required time - arrival time)
  Source:                 uart_inst/rx_data_reg[2]/C
                            (rising edge-triggered cell FDCE clocked by clk_out1_pll  {rise@0.000ns fall@10.000ns period=20.000ns})
  Destination:            twin_controller_inst/sw_reg[51]/D
                            (rising edge-triggered cell FDCE clocked by clk_out1_pll  {rise@0.000ns fall@10.000ns period=20.000ns})
  Path Group:             clk_out1_pll
  Path Type:              Setup (Max at Slow Process Corner)
  Requirement:            20.000ns  (clk_out1_pll rise@20.000ns - clk_out1_pll rise@0.000ns)
  Data Path Delay:        3.634ns  (logic 0.526ns (14.474%)  route 3.108ns (85.526%))
  Logic Levels:           4  (LUT2=1 LUT3=1 LUT6=2)
  Clock Path Skew:        -0.064ns (DCD - SCD + CPR)
    Destination Clock Delay (DCD):    -2.063ns = ( 17.937 - 20.000 ) 
    Source Clock Delay      (SCD):    -2.373ns
    Clock Pessimism Removal (CPR):    -0.375ns
  Clock Uncertainty:      0.094ns  ((TSJ^2 + DJ^2)^1/2) / 2 + PE
    Total System Jitter     (TSJ):    0.071ns
    Discrete Jitter          (DJ):    0.174ns
    Phase Error              (PE):    0.000ns

    Location             Delay type                Incr(ns)  Path(ns)    Netlist Resource(s)
  -------------------------------------------------------------------    -------------------
                         (clock clk_out1_pll rise edge)
                                                      0.000     0.000 r  
    AD12                                              0.000     0.000 r  i_sys_clk_p (IN)
                         net (fo=0)                   0.000     0.000    pll_inst/inst/clk_in1_p
    AD12                 IBUFDS (Prop_ibufds_I_O)     0.906     0.906 r  pll_inst/inst/clkin1_ibufgds/O
                         net (fo=1, routed)           1.098     2.004    pll_inst/inst/clk_in1_pll
    PLLE2_ADV_X1Y1       PLLE2_ADV (Prop_plle2_adv_CLKIN1_CLKOUT0)
                                                     -8.058    -6.054 r  pll_inst/inst/plle2_adv_inst/CLKOUT0
                         net (fo=1, routed)           2.128    -3.926    pll_inst/inst/clk_out1_pll
    BUFGCTRL_X0Y1        BUFG (Prop_bufg_I_O)         0.093    -3.833 r  pll_inst/inst/clkout1_buf/O
                         net (fo=386, routed)         1.460    -2.373    uart_inst/clk_out1
    SLICE_X22Y133        FDCE                                         r  uart_inst/rx_data_reg[2]/C
  -------------------------------------------------------------------    -------------------
    SLICE_X22Y133        FDCE (Prop_fdce_C_Q)         0.259    -2.114 f  uart_inst/rx_data_reg[2]/Q
                         net (fo=17, routed)          1.195    -0.920    uart_inst/rx_data[2]
    SLICE_X38Y130        LUT3 (Prop_lut3_I0_O)        0.047    -0.873 r  uart_inst/sw[63]_i_4/O
                         net (fo=3, routed)           0.658    -0.215    uart_inst/sw[63]_i_4_n_0
    SLICE_X38Y132        LUT6 (Prop_lut6_I2_O)        0.134    -0.081 r  uart_inst/sw[62]_i_3/O
                         net (fo=4, routed)           0.368     0.287    uart_inst/sw[62]_i_3_n_0
    SLICE_X37Y131        LUT2 (Prop_lut2_I0_O)        0.043     0.330 r  uart_inst/sw[62]_i_2/O
                         net (fo=32, routed)          0.888     1.218    uart_inst/sw[62]_i_2_n_0
    SLICE_X42Y126        LUT6 (Prop_lut6_I2_O)        0.043     1.261 r  uart_inst/sw[51]_i_1/O
                         net (fo=1, routed)           0.000     1.261    twin_controller_inst/sw_reg[51]_0
    SLICE_X42Y126        FDCE                                         r  twin_controller_inst/sw_reg[51]/D
  -------------------------------------------------------------------    -------------------

                         (clock clk_out1_pll rise edge)
                                                     20.000    20.000 r  
    AD12                                              0.000    20.000 r  i_sys_clk_p (IN)
                         net (fo=0)                   0.000    20.000    pll_inst/inst/clk_in1_p
    AD12                 IBUFDS (Prop_ibufds_I_O)     0.803    20.803 r  pll_inst/inst/clkin1_ibufgds/O
                         net (fo=1, routed)           1.001    21.804    pll_inst/inst/clk_in1_pll
    PLLE2_ADV_X1Y1       PLLE2_ADV (Prop_plle2_adv_CLKIN1_CLKOUT0)
                                                     -7.261    14.543 r  pll_inst/inst/plle2_adv_inst/CLKOUT0
                         net (fo=1, routed)           2.003    16.546    pll_inst/inst/clk_out1_pll
    BUFGCTRL_X0Y1        BUFG (Prop_bufg_I_O)         0.083    16.629 r  pll_inst/inst/clkout1_buf/O
                         net (fo=386, routed)         1.308    17.937    twin_controller_inst/clk_out1
    SLICE_X42Y126        FDCE                                         r  twin_controller_inst/sw_reg[51]/C
                         clock pessimism             -0.375    17.563    
                         clock uncertainty           -0.094    17.469    
    SLICE_X42Y126        FDCE (Setup_fdce_C_D)        0.065    17.534    twin_controller_inst/sw_reg[51]
  -------------------------------------------------------------------
                         required time                         17.534    
                         arrival time                          -1.261    
  -------------------------------------------------------------------
                         slack                                 16.273    

Slack (MET) :             16.277ns  (required time - arrival time)
  Source:                 uart_inst/rx_data_reg[2]/C
                            (rising edge-triggered cell FDCE clocked by clk_out1_pll  {rise@0.000ns fall@10.000ns period=20.000ns})
  Destination:            twin_controller_inst/sw_reg[50]/D
                            (rising edge-triggered cell FDCE clocked by clk_out1_pll  {rise@0.000ns fall@10.000ns period=20.000ns})
  Path Group:             clk_out1_pll
  Path Type:              Setup (Max at Slow Process Corner)
  Requirement:            20.000ns  (clk_out1_pll rise@20.000ns - clk_out1_pll rise@0.000ns)
  Data Path Delay:        3.602ns  (logic 0.526ns (14.604%)  route 3.076ns (85.396%))
  Logic Levels:           4  (LUT3=1 LUT4=2 LUT6=1)
  Clock Path Skew:        -0.061ns (DCD - SCD + CPR)
    Destination Clock Delay (DCD):    -2.060ns = ( 17.940 - 20.000 ) 
    Source Clock Delay      (SCD):    -2.373ns
    Clock Pessimism Removal (CPR):    -0.375ns
  Clock Uncertainty:      0.094ns  ((TSJ^2 + DJ^2)^1/2) / 2 + PE
    Total System Jitter     (TSJ):    0.071ns
    Discrete Jitter          (DJ):    0.174ns
    Phase Error              (PE):    0.000ns

    Location             Delay type                Incr(ns)  Path(ns)    Netlist Resource(s)
  -------------------------------------------------------------------    -------------------
                         (clock clk_out1_pll rise edge)
                                                      0.000     0.000 r  
    AD12                                              0.000     0.000 r  i_sys_clk_p (IN)
                         net (fo=0)                   0.000     0.000    pll_inst/inst/clk_in1_p
    AD12                 IBUFDS (Prop_ibufds_I_O)     0.906     0.906 r  pll_inst/inst/clkin1_ibufgds/O
                         net (fo=1, routed)           1.098     2.004    pll_inst/inst/clk_in1_pll
    PLLE2_ADV_X1Y1       PLLE2_ADV (Prop_plle2_adv_CLKIN1_CLKOUT0)
                                                     -8.058    -6.054 r  pll_inst/inst/plle2_adv_inst/CLKOUT0
                         net (fo=1, routed)           2.128    -3.926    pll_inst/inst/clk_out1_pll
    BUFGCTRL_X0Y1        BUFG (Prop_bufg_I_O)         0.093    -3.833 r  pll_inst/inst/clkout1_buf/O
                         net (fo=386, routed)         1.460    -2.373    uart_inst/clk_out1
    SLICE_X22Y133        FDCE                                         r  uart_inst/rx_data_reg[2]/C
  -------------------------------------------------------------------    -------------------
    SLICE_X22Y133        FDCE (Prop_fdce_C_Q)         0.259    -2.114 f  uart_inst/rx_data_reg[2]/Q
                         net (fo=17, routed)          1.195    -0.920    uart_inst/rx_data[2]
    SLICE_X38Y130        LUT3 (Prop_lut3_I0_O)        0.047    -0.873 r  uart_inst/sw[63]_i_4/O
                         net (fo=3, routed)           0.658    -0.215    uart_inst/sw[63]_i_4_n_0
    SLICE_X38Y132        LUT6 (Prop_lut6_I2_O)        0.134    -0.081 f  uart_inst/sw[62]_i_3/O
                         net (fo=4, routed)           0.639     0.558    uart_inst/sw[62]_i_3_n_0
    SLICE_X38Y130        LUT4 (Prop_lut4_I2_O)        0.043     0.601 r  uart_inst/sw[58]_i_2/O
                         net (fo=8, routed)           0.584     1.185    twin_controller_inst/sw_reg[58]_0
    SLICE_X36Y124        LUT4 (Prop_lut4_I1_O)        0.043     1.228 r  twin_controller_inst/sw[50]_i_1/O
                         net (fo=1, routed)           0.000     1.228    twin_controller_inst/sw[50]_i_1_n_0
    SLICE_X36Y124        FDCE                                         r  twin_controller_inst/sw_reg[50]/D
  -------------------------------------------------------------------    -------------------

                         (clock clk_out1_pll rise edge)
                                                     20.000    20.000 r  
    AD12                                              0.000    20.000 r  i_sys_clk_p (IN)
                         net (fo=0)                   0.000    20.000    pll_inst/inst/clk_in1_p
    AD12                 IBUFDS (Prop_ibufds_I_O)     0.803    20.803 r  pll_inst/inst/clkin1_ibufgds/O
                         net (fo=1, routed)           1.001    21.804    pll_inst/inst/clk_in1_pll
    PLLE2_ADV_X1Y1       PLLE2_ADV (Prop_plle2_adv_CLKIN1_CLKOUT0)
                                                     -7.261    14.543 r  pll_inst/inst/plle2_adv_inst/CLKOUT0
                         net (fo=1, routed)           2.003    16.546    pll_inst/inst/clk_out1_pll
    BUFGCTRL_X0Y1        BUFG (Prop_bufg_I_O)         0.083    16.629 r  pll_inst/inst/clkout1_buf/O
                         net (fo=386, routed)         1.311    17.940    twin_controller_inst/clk_out1
    SLICE_X36Y124        FDCE                                         r  twin_controller_inst/sw_reg[50]/C
                         clock pessimism             -0.375    17.566    
                         clock uncertainty           -0.094    17.472    
    SLICE_X36Y124        FDCE (Setup_fdce_C_D)        0.033    17.505    twin_controller_inst/sw_reg[50]
  -------------------------------------------------------------------
                         required time                         17.505    
                         arrival time                          -1.228    
  -------------------------------------------------------------------
                         slack                                 16.277    

Slack (MET) :             16.309ns  (required time - arrival time)
  Source:                 uart_inst/tx_cnt_reg[11]/C
                            (rising edge-triggered cell FDCE clocked by clk_out1_pll  {rise@0.000ns fall@10.000ns period=20.000ns})
  Destination:            uart_inst/tx_bit_cnt_reg[0]/CE
                            (rising edge-triggered cell FDCE clocked by clk_out1_pll  {rise@0.000ns fall@10.000ns period=20.000ns})
  Path Group:             clk_out1_pll
  Path Type:              Setup (Max at Slow Process Corner)
  Requirement:            20.000ns  (clk_out1_pll rise@20.000ns - clk_out1_pll rise@0.000ns)
  Data Path Delay:        3.415ns  (logic 0.496ns (14.522%)  route 2.919ns (85.478%))
  Logic Levels:           4  (LUT3=1 LUT4=1 LUT6=2)
  Clock Path Skew:        0.019ns (DCD - SCD + CPR)
    Destination Clock Delay (DCD):    -2.048ns = ( 17.952 - 20.000 ) 
    Source Clock Delay      (SCD):    -2.441ns
    Clock Pessimism Removal (CPR):    -0.375ns
  Clock Uncertainty:      0.094ns  ((TSJ^2 + DJ^2)^1/2) / 2 + PE
    Total System Jitter     (TSJ):    0.071ns
    Discrete Jitter          (DJ):    0.174ns
    Phase Error              (PE):    0.000ns

    Location             Delay type                Incr(ns)  Path(ns)    Netlist Resource(s)
  -------------------------------------------------------------------    -------------------
                         (clock clk_out1_pll rise edge)
                                                      0.000     0.000 r  
    AD12                                              0.000     0.000 r  i_sys_clk_p (IN)
                         net (fo=0)                   0.000     0.000    pll_inst/inst/clk_in1_p
    AD12                 IBUFDS (Prop_ibufds_I_O)     0.906     0.906 r  pll_inst/inst/clkin1_ibufgds/O
                         net (fo=1, routed)           1.098     2.004    pll_inst/inst/clk_in1_pll
    PLLE2_ADV_X1Y1       PLLE2_ADV (Prop_plle2_adv_CLKIN1_CLKOUT0)
                                                     -8.058    -6.054 r  pll_inst/inst/plle2_adv_inst/CLKOUT0
                         net (fo=1, routed)           2.128    -3.926    pll_inst/inst/clk_out1_pll
    BUFGCTRL_X0Y1        BUFG (Prop_bufg_I_O)         0.093    -3.833 r  pll_inst/inst/clkout1_buf/O
                         net (fo=386, routed)         1.392    -2.441    uart_inst/clk_out1
    SLICE_X51Y140        FDCE                                         r  uart_inst/tx_cnt_reg[11]/C
  -------------------------------------------------------------------    -------------------
    SLICE_X51Y140        FDCE (Prop_fdce_C_Q)         0.223    -2.218 f  uart_inst/tx_cnt_reg[11]/Q
                         net (fo=2, routed)           0.657    -1.561    uart_inst/tx_cnt_reg_n_0_[11]
    SLICE_X51Y143        LUT4 (Prop_lut4_I0_O)        0.043    -1.518 f  uart_inst/tx_i_3/O
                         net (fo=2, routed)           0.363    -1.155    uart_inst/tx_i_3_n_0
    SLICE_X51Y143        LUT6 (Prop_lut6_I1_O)        0.043    -1.112 r  uart_inst/tx_cnt[12]_i_3/O
                         net (fo=13, routed)          1.073    -0.040    uart_inst/tx_cnt[12]_i_3_n_0
    SLICE_X41Y138        LUT3 (Prop_lut3_I2_O)        0.051     0.011 r  uart_inst/tx_shift[8]_i_1/O
                         net (fo=11, routed)          0.466     0.478    uart_inst/tx_shift
    SLICE_X37Y139        LUT6 (Prop_lut6_I0_O)        0.136     0.614 r  uart_inst/tx_bit_cnt[3]_i_1/O
                         net (fo=4, routed)           0.360     0.974    uart_inst/tx_bit_cnt
    SLICE_X37Y139        FDCE                                         r  uart_inst/tx_bit_cnt_reg[0]/CE
  -------------------------------------------------------------------    -------------------

                         (clock clk_out1_pll rise edge)
                                                     20.000    20.000 r  
    AD12                                              0.000    20.000 r  i_sys_clk_p (IN)
                         net (fo=0)                   0.000    20.000    pll_inst/inst/clk_in1_p
    AD12                 IBUFDS (Prop_ibufds_I_O)     0.803    20.803 r  pll_inst/inst/clkin1_ibufgds/O
                         net (fo=1, routed)           1.001    21.804    pll_inst/inst/clk_in1_pll
    PLLE2_ADV_X1Y1       PLLE2_ADV (Prop_plle2_adv_CLKIN1_CLKOUT0)
                                                     -7.261    14.543 r  pll_inst/inst/plle2_adv_inst/CLKOUT0
                         net (fo=1, routed)           2.003    16.546    pll_inst/inst/clk_out1_pll
    BUFGCTRL_X0Y1        BUFG (Prop_bufg_I_O)         0.083    16.629 r  pll_inst/inst/clkout1_buf/O
                         net (fo=386, routed)         1.323    17.952    uart_inst/clk_out1
    SLICE_X37Y139        FDCE                                         r  uart_inst/tx_bit_cnt_reg[0]/C
                         clock pessimism             -0.375    17.578    
                         clock uncertainty           -0.094    17.484    
    SLICE_X37Y139        FDCE (Setup_fdce_C_CE)      -0.201    17.283    uart_inst/tx_bit_cnt_reg[0]
  -------------------------------------------------------------------
                         required time                         17.283    
                         arrival time                          -0.974    
  -------------------------------------------------------------------
                         slack                                 16.309    





Pulse Width Checks
--------------------------------------------------------------------------------------
Clock Name:         clk_out1_pll
Waveform(ns):       { 0.000 10.000 }
Period(ns):         20.000
Sources:            { pll_inst/inst/plle2_adv_inst/CLKOUT0 }

Check Type        Corner  Lib Pin            Reference Pin  Required(ns)  Actual(ns)  Slack(ns)  Location        Pin
Min Period        n/a     BUFG/I             n/a            1.408         20.000      18.591     BUFGCTRL_X0Y1   pll_inst/inst/clkout1_buf/I
Min Period        n/a     PLLE2_ADV/CLKOUT0  n/a            1.071         20.000      18.929     PLLE2_ADV_X1Y1  pll_inst/inst/plle2_adv_inst/CLKOUT0
Min Period        n/a     FDRE/C             n/a            0.750         20.000      19.250     SLICE_X36Y132   student_top_inst/bridge_inst/counter_inst/cnt_enable_cnt_d2_reg/C
Min Period        n/a     FDRE/C             n/a            0.750         20.000      19.250     SLICE_X64Y104   student_top_inst/bridge_inst/counter_inst/cnt_ms_gray_cnt_reg[12]/C
Min Period        n/a     FDRE/C             n/a            0.750         20.000      19.250     SLICE_X64Y106   student_top_inst/bridge_inst/counter_inst/cnt_ms_gray_cnt_reg[14]/C
Min Period        n/a     FDRE/C             n/a            0.750         20.000      19.250     SLICE_X64Y106   student_top_inst/bridge_inst/counter_inst/cnt_ms_gray_cnt_reg[16]/C
Min Period        n/a     FDRE/C             n/a            0.750         20.000      19.250     SLICE_X64Y106   student_top_inst/bridge_inst/counter_inst/cnt_ms_gray_cnt_reg[18]/C
Min Period        n/a     FDRE/C             n/a            0.750         20.000      19.250     SLICE_X64Y107   student_top_inst/bridge_inst/counter_inst/cnt_ms_gray_cnt_reg[20]/C
Min Period        n/a     FDRE/C             n/a            0.750         20.000      19.250     SLICE_X64Y107   student_top_inst/bridge_inst/counter_inst/cnt_ms_gray_cnt_reg[22]/C
Min Period        n/a     FDRE/C             n/a            0.750         20.000      19.250     SLICE_X66Y108   student_top_inst/bridge_inst/counter_inst/cnt_ms_gray_cnt_reg[24]/C
Min Period        n/a     FDRE/C             n/a            0.750         20.000      19.250     SLICE_X64Y107   student_top_inst/bridge_inst/counter_inst/cnt_ms_gray_cnt_reg[26]/C
Min Period        n/a     FDRE/C             n/a            0.750         20.000      19.250     SLICE_X64Y107   student_top_inst/bridge_inst/counter_inst/cnt_ms_gray_cnt_reg[28]/C
Min Period        n/a     FDRE/C             n/a            0.750         20.000      19.250     SLICE_X64Y103   student_top_inst/bridge_inst/counter_inst/cnt_ms_gray_cnt_reg[2]/C
Min Period        n/a     FDRE/C             n/a            0.750         20.000      19.250     SLICE_X66Y108   student_top_inst/bridge_inst/counter_inst/cnt_ms_gray_cnt_reg[30]/C
Min Period        n/a     FDRE/C             n/a            0.750         20.000      19.250     SLICE_X64Y103   student_top_inst/bridge_inst/counter_inst/cnt_ms_gray_cnt_reg[4]/C
Min Period        n/a     FDRE/C             n/a            0.750         20.000      19.250     SLICE_X64Y103   student_top_inst/bridge_inst/counter_inst/cnt_ms_gray_cnt_reg[6]/C
Min Period        n/a     FDRE/C             n/a            0.750         20.000      19.250     SLICE_X64Y104   student_top_inst/bridge_inst/counter_inst/cnt_ms_gray_cnt_reg[8]/C
Min Period        n/a     FDRE/C             n/a            0.750         20.000      19.250     SLICE_X64Y104   student_top_inst/bridge_inst/counter_inst/cnt_ms_gray_cnt_reg[9]/C
Min Period        n/a     FDCE/C             n/a            0.750         20.000      19.250     SLICE_X40Y130   twin_controller_inst/send_cnt_reg[1]/C
Min Period        n/a     FDCE/C             n/a            0.750         20.000      19.250     SLICE_X40Y128   twin_controller_inst/send_cnt_reg[3]/C
Max Period        n/a     PLLE2_ADV/CLKOUT0  n/a            160.000       20.000      140.000    PLLE2_ADV_X1Y1  pll_inst/inst/plle2_adv_inst/CLKOUT0
Low Pulse Width   Slow    FDRE/C             n/a            0.400         10.000      9.600      SLICE_X36Y132   student_top_inst/bridge_inst/counter_inst/cnt_enable_cnt_d2_reg/C
Low Pulse Width   Fast    FDRE/C             n/a            0.400         10.000      9.600      SLICE_X36Y132   student_top_inst/bridge_inst/counter_inst/cnt_enable_cnt_d2_reg/C
Low Pulse Width   Slow    FDRE/C             n/a            0.400         10.000      9.600      SLICE_X64Y104   student_top_inst/bridge_inst/counter_inst/cnt_ms_gray_cnt_reg[12]/C
Low Pulse Width   Fast    FDRE/C             n/a            0.400         10.000      9.600      SLICE_X64Y104   student_top_inst/bridge_inst/counter_inst/cnt_ms_gray_cnt_reg[12]/C
Low Pulse Width   Slow    FDRE/C             n/a            0.400         10.000      9.600      SLICE_X64Y106   student_top_inst/bridge_inst/counter_inst/cnt_ms_gray_cnt_reg[14]/C
Low Pulse Width   Fast    FDRE/C             n/a            0.400         10.000      9.600      SLICE_X64Y106   student_top_inst/bridge_inst/counter_inst/cnt_ms_gray_cnt_reg[14]/C
Low Pulse Width   Slow    FDRE/C             n/a            0.400         10.000      9.600      SLICE_X64Y106   student_top_inst/bridge_inst/counter_inst/cnt_ms_gray_cnt_reg[16]/C
Low Pulse Width   Fast    FDRE/C             n/a            0.400         10.000      9.600      SLICE_X64Y106   student_top_inst/bridge_inst/counter_inst/cnt_ms_gray_cnt_reg[16]/C
Low Pulse Width   Slow    FDRE/C             n/a            0.400         10.000      9.600      SLICE_X64Y106   student_top_inst/bridge_inst/counter_inst/cnt_ms_gray_cnt_reg[18]/C
Low Pulse Width   Fast    FDRE/C             n/a            0.400         10.000      9.600      SLICE_X64Y106   student_top_inst/bridge_inst/counter_inst/cnt_ms_gray_cnt_reg[18]/C
Low Pulse Width   Slow    FDRE/C             n/a            0.400         10.000      9.600      SLICE_X64Y107   student_top_inst/bridge_inst/counter_inst/cnt_ms_gray_cnt_reg[20]/C
Low Pulse Width   Fast    FDRE/C             n/a            0.400         10.000      9.600      SLICE_X64Y107   student_top_inst/bridge_inst/counter_inst/cnt_ms_gray_cnt_reg[20]/C
Low Pulse Width   Slow    FDRE/C             n/a            0.400         10.000      9.600      SLICE_X64Y107   student_top_inst/bridge_inst/counter_inst/cnt_ms_gray_cnt_reg[22]/C
Low Pulse Width   Fast    FDRE/C             n/a            0.400         10.000      9.600      SLICE_X64Y107   student_top_inst/bridge_inst/counter_inst/cnt_ms_gray_cnt_reg[22]/C
Low Pulse Width   Slow    FDRE/C             n/a            0.400         10.000      9.600      SLICE_X66Y108   student_top_inst/bridge_inst/counter_inst/cnt_ms_gray_cnt_reg[24]/C
Low Pulse Width   Fast    FDRE/C             n/a            0.400         10.000      9.600      SLICE_X66Y108   student_top_inst/bridge_inst/counter_inst/cnt_ms_gray_cnt_reg[24]/C
Low Pulse Width   Slow    FDRE/C             n/a            0.400         10.000      9.600      SLICE_X64Y107   student_top_inst/bridge_inst/counter_inst/cnt_ms_gray_cnt_reg[26]/C
Low Pulse Width   Fast    FDRE/C             n/a            0.400         10.000      9.600      SLICE_X64Y107   student_top_inst/bridge_inst/counter_inst/cnt_ms_gray_cnt_reg[26]/C
Low Pulse Width   Slow    FDRE/C             n/a            0.400         10.000      9.600      SLICE_X64Y107   student_top_inst/bridge_inst/counter_inst/cnt_ms_gray_cnt_reg[28]/C
Low Pulse Width   Fast    FDRE/C             n/a            0.400         10.000      9.600      SLICE_X64Y107   student_top_inst/bridge_inst/counter_inst/cnt_ms_gray_cnt_reg[28]/C
High Pulse Width  Slow    FDRE/C             n/a            0.350         10.000      9.650      SLICE_X45Y134   student_top_inst/bridge_inst/counter_inst/cnt_1ms_reg[0]/C
High Pulse Width  Fast    FDRE/C             n/a            0.350         10.000      9.650      SLICE_X45Y134   student_top_inst/bridge_inst/counter_inst/cnt_1ms_reg[0]/C
High Pulse Width  Slow    FDRE/C             n/a            0.350         10.000      9.650      SLICE_X45Y136   student_top_inst/bridge_inst/counter_inst/cnt_1ms_reg[10]/C
High Pulse Width  Fast    FDRE/C             n/a            0.350         10.000      9.650      SLICE_X45Y136   student_top_inst/bridge_inst/counter_inst/cnt_1ms_reg[10]/C
High Pulse Width  Slow    FDRE/C             n/a            0.350         10.000      9.650      SLICE_X45Y136   student_top_inst/bridge_inst/counter_inst/cnt_1ms_reg[11]/C
High Pulse Width  Fast    FDRE/C             n/a            0.350         10.000      9.650      SLICE_X45Y136   student_top_inst/bridge_inst/counter_inst/cnt_1ms_reg[11]/C
High Pulse Width  Slow    FDRE/C             n/a            0.350         10.000      9.650      SLICE_X45Y137   student_top_inst/bridge_inst/counter_inst/cnt_1ms_reg[12]/C
High Pulse Width  Fast    FDRE/C             n/a            0.350         10.000      9.650      SLICE_X45Y137   student_top_inst/bridge_inst/counter_inst/cnt_1ms_reg[12]/C
High Pulse Width  Slow    FDRE/C             n/a            0.350         10.000      9.650      SLICE_X45Y137   student_top_inst/bridge_inst/counter_inst/cnt_1ms_reg[13]/C
High Pulse Width  Fast    FDRE/C             n/a            0.350         10.000      9.650      SLICE_X45Y137   student_top_inst/bridge_inst/counter_inst/cnt_1ms_reg[13]/C
High Pulse Width  Slow    FDRE/C             n/a            0.350         10.000      9.650      SLICE_X45Y137   student_top_inst/bridge_inst/counter_inst/cnt_1ms_reg[14]/C
High Pulse Width  Fast    FDRE/C             n/a            0.350         10.000      9.650      SLICE_X45Y137   student_top_inst/bridge_inst/counter_inst/cnt_1ms_reg[14]/C
High Pulse Width  Slow    FDRE/C             n/a            0.350         10.000      9.650      SLICE_X45Y137   student_top_inst/bridge_inst/counter_inst/cnt_1ms_reg[15]/C
High Pulse Width  Fast    FDRE/C             n/a            0.350         10.000      9.650      SLICE_X45Y137   student_top_inst/bridge_inst/counter_inst/cnt_1ms_reg[15]/C
High Pulse Width  Slow    FDRE/C             n/a            0.350         10.000      9.650      SLICE_X45Y134   student_top_inst/bridge_inst/counter_inst/cnt_1ms_reg[1]/C
High Pulse Width  Fast    FDRE/C             n/a            0.350         10.000      9.650      SLICE_X45Y134   student_top_inst/bridge_inst/counter_inst/cnt_1ms_reg[1]/C
High Pulse Width  Slow    FDRE/C             n/a            0.350         10.000      9.650      SLICE_X45Y134   student_top_inst/bridge_inst/counter_inst/cnt_1ms_reg[2]/C
High Pulse Width  Fast    FDRE/C             n/a            0.350         10.000      9.650      SLICE_X45Y134   student_top_inst/bridge_inst/counter_inst/cnt_1ms_reg[2]/C
High Pulse Width  Slow    FDRE/C             n/a            0.350         10.000      9.650      SLICE_X45Y134   student_top_inst/bridge_inst/counter_inst/cnt_1ms_reg[3]/C
High Pulse Width  Fast    FDRE/C             n/a            0.350         10.000      9.650      SLICE_X45Y134   student_top_inst/bridge_inst/counter_inst/cnt_1ms_reg[3]/C



---------------------------------------------------------------------------------------------------
From Clock:  clk_out2_pll
  To Clock:  clk_out2_pll

Setup :            0  Failing Endpoints,  Worst Slack        0.112ns,  Total Violation        0.000ns
Hold  :           NA  Failing Endpoints,  Worst Slack           NA  ,  Total Violation           NA
PW    :            0  Failing Endpoints,  Worst Slack        2.089ns,  Total Violation        0.000ns
---------------------------------------------------------------------------------------------------


Max Delay Paths
--------------------------------------------------------------------------------------
Slack (MET) :             0.112ns  (required time - arrival time)
  Source:                 student_top_inst/u_KLDJ_top/u_pipe_id_ex/id_ex_rs2_addr_reg[2]/C
                            (rising edge-triggered cell FDRE clocked by clk_out2_pll  {rise@0.000ns fall@2.857ns period=5.714ns})
  Destination:            student_top_inst/bridge_inst/dram_driver_inst/u_dram_tdp/U0/inst_blk_mem_gen/gnbram.gnativebmg.native_blk_mem_gen/valid.cstr/ramloop[32].ram.r/prim_init.ram/DEVICE_7SERIES.NO_BMM_INFO.TRUE_DP.SIMPLE_PRIM36.ram/ENBWREN
                            (rising edge-triggered cell RAMB36E1 clocked by clk_out2_pll  {rise@0.000ns fall@2.857ns period=5.714ns})
  Path Group:             clk_out2_pll
  Path Type:              Setup (Max at Slow Process Corner)
  Requirement:            5.714ns  (clk_out2_pll rise@5.714ns - clk_out2_pll rise@0.000ns)
  Data Path Delay:        4.953ns  (logic 1.032ns (20.838%)  route 3.921ns (79.162%))
  Logic Levels:           10  (CARRY4=3 LUT2=1 LUT3=2 LUT4=2 LUT5=1 LUT6=1)
  Clock Path Skew:        -0.244ns (DCD - SCD + CPR)
    Destination Clock Delay (DCD):    -2.189ns = ( 3.525 - 5.714 ) 
    Source Clock Delay      (SCD):    -2.394ns
    Clock Pessimism Removal (CPR):    -0.450ns
  Clock Uncertainty:      0.077ns  ((TSJ^2 + DJ^2)^1/2) / 2 + PE
    Total System Jitter     (TSJ):    0.071ns
    Discrete Jitter          (DJ):    0.137ns
    Phase Error              (PE):    0.000ns

    Location             Delay type                Incr(ns)  Path(ns)    Netlist Resource(s)
  -------------------------------------------------------------------    -------------------
                         (clock clk_out2_pll rise edge)
                                                      0.000     0.000 r  
    AD12                                              0.000     0.000 r  i_sys_clk_p (IN)
                         net (fo=0)                   0.000     0.000    pll_inst/inst/clk_in1_p
    AD12                 IBUFDS (Prop_ibufds_I_O)     0.906     0.906 r  pll_inst/inst/clkin1_ibufgds/O
                         net (fo=1, routed)           1.098     2.004    pll_inst/inst/clk_in1_pll
    PLLE2_ADV_X1Y1       PLLE2_ADV (Prop_plle2_adv_CLKIN1_CLKOUT1)
                                                     -8.058    -6.054 r  pll_inst/inst/plle2_adv_inst/CLKOUT1
                         net (fo=1, routed)           2.128    -3.926    pll_inst/inst/clk_out2_pll
    BUFGCTRL_X0Y0        BUFG (Prop_bufg_I_O)         0.093    -3.833 r  pll_inst/inst/clkout2_buf/O
                         net (fo=6035, routed)        1.439    -2.394    student_top_inst/u_KLDJ_top/u_pipe_id_ex/clk_out2
    SLICE_X46Y121        FDRE                                         r  student_top_inst/u_KLDJ_top/u_pipe_id_ex/id_ex_rs2_addr_reg[2]/C
  -------------------------------------------------------------------    -------------------
    SLICE_X46Y121        FDRE (Prop_fdre_C_Q)         0.259    -2.135 r  student_top_inst/u_KLDJ_top/u_pipe_id_ex/id_ex_rs2_addr_reg[2]/Q
                         net (fo=3, routed)           0.378    -1.757    student_top_inst/u_KLDJ_top/u_pipe_id_ex/id_ex_rs2_addr_reg[4]_0[2]
    SLICE_X44Y122        LUT4 (Prop_lut4_I0_O)        0.043    -1.714 f  student_top_inst/u_KLDJ_top/u_pipe_id_ex/rs2_q[4]_i_5/O
                         net (fo=1, routed)           0.440    -1.274    student_top_inst/u_KLDJ_top/u_pipe_id_ex/rs2_q[4]_i_5_n_0
    SLICE_X49Y122        LUT4 (Prop_lut4_I1_O)        0.043    -1.231 r  student_top_inst/u_KLDJ_top/u_pipe_id_ex/rs2_q[4]_i_2/O
                         net (fo=40, routed)          0.441    -0.791    student_top_inst/u_KLDJ_top/u_pipe_id_ex/rs2_q[4]_i_2_n_0
    SLICE_X47Y120        LUT5 (Prop_lut5_I1_O)        0.043    -0.748 r  student_top_inst/u_KLDJ_top/u_pipe_id_ex/rs2_q[7]_i_2/O
                         net (fo=2, routed)           0.203    -0.545    student_top_inst/u_KLDJ_top/u_pipe_id_ex/rs2_q[7]_i_2_n_0
    SLICE_X47Y122        LUT3 (Prop_lut3_I0_O)        0.043    -0.502 r  student_top_inst/u_KLDJ_top/u_pipe_id_ex/rs2_q[7]_i_1/O
                         net (fo=12, routed)          0.335    -0.167    student_top_inst/u_KLDJ_top/u_pipe_id_ex/ex_data2[7]
    SLICE_X48Y122        LUT2 (Prop_lut2_I1_O)        0.043    -0.124 r  student_top_inst/u_KLDJ_top/u_pipe_id_ex/ex_mem_mem_addr[7]_i_3/O
                         net (fo=1, routed)           0.000    -0.124    student_top_inst/u_KLDJ_top/u_pipe_id_ex/ex_mem_mem_addr[7]_i_3_n_0
    SLICE_X48Y122        CARRY4 (Prop_carry4_S[3]_CO[3])
                                                      0.193     0.069 r  student_top_inst/u_KLDJ_top/u_pipe_id_ex/ex_mem_mem_addr_reg[7]_i_2/CO[3]
                         net (fo=1, routed)           0.000     0.069    student_top_inst/u_KLDJ_top/u_pipe_id_ex/ex_mem_mem_addr_reg[7]_i_2_n_0
    SLICE_X48Y123        CARRY4 (Prop_carry4_CI_CO[3])
                                                      0.053     0.122 r  student_top_inst/u_KLDJ_top/u_pipe_id_ex/ex_mem_mem_addr_reg[11]_i_2/CO[3]
                         net (fo=1, routed)           0.000     0.122    student_top_inst/u_KLDJ_top/u_pipe_id_ex/ex_mem_mem_addr_reg[11]_i_2_n_0
    SLICE_X48Y124        CARRY4 (Prop_carry4_CI_O[3])
                                                      0.149     0.271 f  student_top_inst/u_KLDJ_top/u_pipe_id_ex/ex_mem_mem_addr_reg[15]_i_2/O[3]
                         net (fo=7, routed)           0.219     0.489    student_top_inst/u_KLDJ_top/u_pipe_id_ex/ex_mem_mem_addr_reg[15]_i_2_n_4
    SLICE_X49Y125        LUT3 (Prop_lut3_I1_O)        0.120     0.609 f  student_top_inst/u_KLDJ_top/u_pipe_id_ex/u_dram_tdp_i_3/O
                         net (fo=15, routed)          0.622     1.231    student_top_inst/bridge_inst/dram_driver_inst/u_dram_tdp/U0/inst_blk_mem_gen/gnbram.gnativebmg.native_blk_mem_gen/valid.cstr/ramloop[48].ram.r/prim_init.ram/addrb[13]
    SLICE_X42Y129        LUT6 (Prop_lut6_I3_O)        0.043     1.274 r  student_top_inst/bridge_inst/dram_driver_inst/u_dram_tdp/U0/inst_blk_mem_gen/gnbram.gnativebmg.native_blk_mem_gen/valid.cstr/ramloop[48].ram.r/prim_init.ram/DEVICE_7SERIES.NO_BMM_INFO.TRUE_DP.SIMPLE_PRIM36.ram_i_2__2_comp/O
                         net (fo=4, routed)           1.284     2.558    student_top_inst/bridge_inst/dram_driver_inst/u_dram_tdp/U0/inst_blk_mem_gen/gnbram.gnativebmg.native_blk_mem_gen/valid.cstr/ramloop[32].ram.r/prim_init.ram/ramloop[0].ram.ram_enb
    RAMB36_X1Y34         RAMB36E1                                     r  student_top_inst/bridge_inst/dram_driver_inst/u_dram_tdp/U0/inst_blk_mem_gen/gnbram.gnativebmg.native_blk_mem_gen/valid.cstr/ramloop[32].ram.r/prim_init.ram/DEVICE_7SERIES.NO_BMM_INFO.TRUE_DP.SIMPLE_PRIM36.ram/ENBWREN
  -------------------------------------------------------------------    -------------------

                         (clock clk_out2_pll rise edge)
                                                      5.714     5.714 r  
    AD12                                              0.000     5.714 r  i_sys_clk_p (IN)
                         net (fo=0)                   0.000     5.714    pll_inst/inst/clk_in1_p
    AD12                 IBUFDS (Prop_ibufds_I_O)     0.803     6.518 r  pll_inst/inst/clkin1_ibufgds/O
                         net (fo=1, routed)           1.001     7.519    pll_inst/inst/clk_in1_pll
    PLLE2_ADV_X1Y1       PLLE2_ADV (Prop_plle2_adv_CLKIN1_CLKOUT1)
                                                     -7.261     0.258 r  pll_inst/inst/plle2_adv_inst/CLKOUT1
                         net (fo=1, routed)           2.003     2.261    pll_inst/inst/clk_out2_pll
    BUFGCTRL_X0Y0        BUFG (Prop_bufg_I_O)         0.083     2.344 r  pll_inst/inst/clkout2_buf/O
                         net (fo=6035, routed)        1.182     3.525    student_top_inst/bridge_inst/dram_driver_inst/u_dram_tdp/U0/inst_blk_mem_gen/gnbram.gnativebmg.native_blk_mem_gen/valid.cstr/ramloop[32].ram.r/prim_init.ram/clka
    RAMB36_X1Y34         RAMB36E1                                     r  student_top_inst/bridge_inst/dram_driver_inst/u_dram_tdp/U0/inst_blk_mem_gen/gnbram.gnativebmg.native_blk_mem_gen/valid.cstr/ramloop[32].ram.r/prim_init.ram/DEVICE_7SERIES.NO_BMM_INFO.TRUE_DP.SIMPLE_PRIM36.ram/CLKBWRCLK
                         clock pessimism             -0.450     3.075    
                         clock uncertainty           -0.077     2.999    
    RAMB36_X1Y34         RAMB36E1 (Setup_ramb36e1_CLKBWRCLK_ENBWREN)
                                                     -0.328     2.671    student_top_inst/bridge_inst/dram_driver_inst/u_dram_tdp/U0/inst_blk_mem_gen/gnbram.gnativebmg.native_blk_mem_gen/valid.cstr/ramloop[32].ram.r/prim_init.ram/DEVICE_7SERIES.NO_BMM_INFO.TRUE_DP.SIMPLE_PRIM36.ram
  -------------------------------------------------------------------
                         required time                          2.671    
                         arrival time                          -2.558    
  -------------------------------------------------------------------
                         slack                                  0.112    

Slack (MET) :             0.138ns  (required time - arrival time)
  Source:                 student_top_inst/bridge_inst/dram_driver_inst/u_dram_tdp/U0/inst_blk_mem_gen/gnbram.gnativebmg.native_blk_mem_gen/valid.cstr/ramloop[6].ram.r/prim_init.ram/DEVICE_7SERIES.NO_BMM_INFO.TRUE_DP.SIMPLE_PRIM36.ram/CLKBWRCLK
                            (rising edge-triggered cell RAMB36E1 clocked by clk_out2_pll  {rise@0.000ns fall@2.857ns period=5.714ns})
  Destination:            student_top_inst/u_KLDJ_top/u_pipe_mem_wb/mem_wb_wb_data_reg[13]/D
                            (rising edge-triggered cell FDRE clocked by clk_out2_pll  {rise@0.000ns fall@2.857ns period=5.714ns})
  Path Group:             clk_out2_pll
  Path Type:              Setup (Max at Slow Process Corner)
  Requirement:            5.714ns  (clk_out2_pll rise@5.714ns - clk_out2_pll rise@0.000ns)
  Data Path Delay:        5.439ns  (logic 2.274ns (41.810%)  route 3.165ns (58.190%))
  Logic Levels:           7  (LUT3=1 LUT4=1 LUT5=1 LUT6=2 MUXF7=1 MUXF8=1)
  Clock Path Skew:        -0.119ns (DCD - SCD + CPR)
    Destination Clock Delay (DCD):    -2.061ns = ( 3.654 - 5.714 ) 
    Source Clock Delay      (SCD):    -2.390ns
    Clock Pessimism Removal (CPR):    -0.448ns
  Clock Uncertainty:      0.077ns  ((TSJ^2 + DJ^2)^1/2) / 2 + PE
    Total System Jitter     (TSJ):    0.071ns
    Discrete Jitter          (DJ):    0.137ns
    Phase Error              (PE):    0.000ns

    Location             Delay type                Incr(ns)  Path(ns)    Netlist Resource(s)
  -------------------------------------------------------------------    -------------------
                         (clock clk_out2_pll rise edge)
                                                      0.000     0.000 r  
    AD12                                              0.000     0.000 r  i_sys_clk_p (IN)
                         net (fo=0)                   0.000     0.000    pll_inst/inst/clk_in1_p
    AD12                 IBUFDS (Prop_ibufds_I_O)     0.906     0.906 r  pll_inst/inst/clkin1_ibufgds/O
                         net (fo=1, routed)           1.098     2.004    pll_inst/inst/clk_in1_pll
    PLLE2_ADV_X1Y1       PLLE2_ADV (Prop_plle2_adv_CLKIN1_CLKOUT1)
                                                     -8.058    -6.054 r  pll_inst/inst/plle2_adv_inst/CLKOUT1
                         net (fo=1, routed)           2.128    -3.926    pll_inst/inst/clk_out2_pll
    BUFGCTRL_X0Y0        BUFG (Prop_bufg_I_O)         0.093    -3.833 r  pll_inst/inst/clkout2_buf/O
                         net (fo=6035, routed)        1.444    -2.390    student_top_inst/bridge_inst/dram_driver_inst/u_dram_tdp/U0/inst_blk_mem_gen/gnbram.gnativebmg.native_blk_mem_gen/valid.cstr/ramloop[6].ram.r/prim_init.ram/clka
    RAMB36_X3Y28         RAMB36E1                                     r  student_top_inst/bridge_inst/dram_driver_inst/u_dram_tdp/U0/inst_blk_mem_gen/gnbram.gnativebmg.native_blk_mem_gen/valid.cstr/ramloop[6].ram.r/prim_init.ram/DEVICE_7SERIES.NO_BMM_INFO.TRUE_DP.SIMPLE_PRIM36.ram/CLKBWRCLK
  -------------------------------------------------------------------    -------------------
    RAMB36_X3Y28         RAMB36E1 (Prop_ramb36e1_CLKBWRCLK_DOBDO[7])
                                                      1.800    -0.590 r  student_top_inst/bridge_inst/dram_driver_inst/u_dram_tdp/U0/inst_blk_mem_gen/gnbram.gnativebmg.native_blk_mem_gen/valid.cstr/ramloop[6].ram.r/prim_init.ram/DEVICE_7SERIES.NO_BMM_INFO.TRUE_DP.SIMPLE_PRIM36.ram/DOBDO[7]
                         net (fo=1, routed)           1.760     1.171    student_top_inst/bridge_inst/dram_driver_inst/u_dram_tdp/U0/inst_blk_mem_gen/gnbram.gnativebmg.native_blk_mem_gen/valid.cstr/has_mux_b.B/doutb[7]_INST_0_i_1_4[7]
    SLICE_X47Y126        LUT6 (Prop_lut6_I1_O)        0.043     1.214 r  student_top_inst/bridge_inst/dram_driver_inst/u_dram_tdp/U0/inst_blk_mem_gen/gnbram.gnativebmg.native_blk_mem_gen/valid.cstr/has_mux_b.B/doutb[7]_INST_0_i_4/O
                         net (fo=1, routed)           0.000     1.214    student_top_inst/bridge_inst/dram_driver_inst/u_dram_tdp/U0/inst_blk_mem_gen/gnbram.gnativebmg.native_blk_mem_gen/valid.cstr/has_mux_b.B/doutb[7]_INST_0_i_4_n_0
    SLICE_X47Y126        MUXF7 (Prop_muxf7_I1_O)      0.122     1.336 r  student_top_inst/bridge_inst/dram_driver_inst/u_dram_tdp/U0/inst_blk_mem_gen/gnbram.gnativebmg.native_blk_mem_gen/valid.cstr/has_mux_b.B/doutb[7]_INST_0_i_1/O
                         net (fo=1, routed)           0.000     1.336    student_top_inst/bridge_inst/dram_driver_inst/u_dram_tdp/U0/inst_blk_mem_gen/gnbram.gnativebmg.native_blk_mem_gen/valid.cstr/has_mux_b.B/doutb[7]_INST_0_i_1_n_0
    SLICE_X47Y126        MUXF8 (Prop_muxf8_I0_O)      0.045     1.381 r  student_top_inst/bridge_inst/dram_driver_inst/u_dram_tdp/U0/inst_blk_mem_gen/gnbram.gnativebmg.native_blk_mem_gen/valid.cstr/has_mux_b.B/doutb[7]_INST_0/O
                         net (fo=1, routed)           0.293     1.674    student_top_inst/bridge_inst/dram_driver_inst/bram_dout[7]
    SLICE_X41Y127        LUT5 (Prop_lut5_I4_O)        0.126     1.800 r  student_top_inst/bridge_inst/dram_driver_inst/mem_wb_wb_data[7]_i_4_comp/O
                         net (fo=3, routed)           0.439     2.239    student_top_inst/u_KLDJ_top/u_pipe_ex_mem/perip_rdata[7]
    SLICE_X40Y123        LUT4 (Prop_lut4_I1_O)        0.043     2.282 r  student_top_inst/u_KLDJ_top/u_pipe_ex_mem/mem_wb_wb_data[15]_i_2_comp_1/O
                         net (fo=8, routed)           0.355     2.637    student_top_inst/u_KLDJ_top/u_pipe_ex_mem/mem_wb_wb_data[15]_i_2_n_0
    SLICE_X41Y122        LUT6 (Prop_lut6_I0_O)        0.043     2.680 r  student_top_inst/u_KLDJ_top/u_pipe_ex_mem/mem_wb_wb_data[13]_i_2/O
                         net (fo=1, routed)           0.317     2.997    student_top_inst/u_KLDJ_top/u_pipe_ex_mem/u_mem_stage_top/lsu_res[13]
    SLICE_X41Y123        LUT3 (Prop_lut3_I0_O)        0.052     3.049 r  student_top_inst/u_KLDJ_top/u_pipe_ex_mem/mem_wb_wb_data[13]_i_1/O
                         net (fo=1, routed)           0.000     3.049    student_top_inst/u_KLDJ_top/u_pipe_mem_wb/D[13]
    SLICE_X41Y123        FDRE                                         r  student_top_inst/u_KLDJ_top/u_pipe_mem_wb/mem_wb_wb_data_reg[13]/D
  -------------------------------------------------------------------    -------------------

                         (clock clk_out2_pll rise edge)
                                                      5.714     5.714 r  
    AD12                                              0.000     5.714 r  i_sys_clk_p (IN)
                         net (fo=0)                   0.000     5.714    pll_inst/inst/clk_in1_p
    AD12                 IBUFDS (Prop_ibufds_I_O)     0.803     6.518 r  pll_inst/inst/clkin1_ibufgds/O
                         net (fo=1, routed)           1.001     7.519    pll_inst/inst/clk_in1_pll
    PLLE2_ADV_X1Y1       PLLE2_ADV (Prop_plle2_adv_CLKIN1_CLKOUT1)
                                                     -7.261     0.258 r  pll_inst/inst/plle2_adv_inst/CLKOUT1
                         net (fo=1, routed)           2.003     2.261    pll_inst/inst/clk_out2_pll
    BUFGCTRL_X0Y0        BUFG (Prop_bufg_I_O)         0.083     2.344 r  pll_inst/inst/clkout2_buf/O
                         net (fo=6035, routed)        1.310     3.654    student_top_inst/u_KLDJ_top/u_pipe_mem_wb/clk_out2
    SLICE_X41Y123        FDRE                                         r  student_top_inst/u_KLDJ_top/u_pipe_mem_wb/mem_wb_wb_data_reg[13]/C
                         clock pessimism             -0.448     3.206    
                         clock uncertainty           -0.077     3.129    
    SLICE_X41Y123        FDRE (Setup_fdre_C_D)        0.058     3.187    student_top_inst/u_KLDJ_top/u_pipe_mem_wb/mem_wb_wb_data_reg[13]
  -------------------------------------------------------------------
                         required time                          3.187    
                         arrival time                          -3.049    
  -------------------------------------------------------------------
                         slack                                  0.138    

Slack (MET) :             0.145ns  (required time - arrival time)
  Source:                 student_top_inst/u_KLDJ_top/u_pipe_id_ex/id_ex_rs2_addr_reg[2]/C
                            (rising edge-triggered cell FDRE clocked by clk_out2_pll  {rise@0.000ns fall@2.857ns period=5.714ns})
  Destination:            student_top_inst/bridge_inst/dram_driver_inst/u_dram_tdp/U0/inst_blk_mem_gen/gnbram.gnativebmg.native_blk_mem_gen/valid.cstr/ramloop[41].ram.r/prim_init.ram/DEVICE_7SERIES.NO_BMM_INFO.TRUE_DP.SIMPLE_PRIM36.ram/ADDRBWRADDR[14]
                            (rising edge-triggered cell RAMB36E1 clocked by clk_out2_pll  {rise@0.000ns fall@2.857ns period=5.714ns})
  Path Group:             clk_out2_pll
  Path Type:              Setup (Max at Slow Process Corner)
  Requirement:            5.714ns  (clk_out2_pll rise@5.714ns - clk_out2_pll rise@0.000ns)
  Data Path Delay:        4.841ns  (logic 1.009ns (20.841%)  route 3.832ns (79.159%))
  Logic Levels:           9  (CARRY4=3 LUT2=1 LUT3=2 LUT4=2 LUT5=1)
  Clock Path Skew:        -0.234ns (DCD - SCD + CPR)
    Destination Clock Delay (DCD):    -2.179ns = ( 3.535 - 5.714 ) 
    Source Clock Delay      (SCD):    -2.394ns
    Clock Pessimism Removal (CPR):    -0.450ns
  Clock Uncertainty:      0.077ns  ((TSJ^2 + DJ^2)^1/2) / 2 + PE
    Total System Jitter     (TSJ):    0.071ns
    Discrete Jitter          (DJ):    0.137ns
    Phase Error              (PE):    0.000ns

    Location             Delay type                Incr(ns)  Path(ns)    Netlist Resource(s)
  -------------------------------------------------------------------    -------------------
                         (clock clk_out2_pll rise edge)
                                                      0.000     0.000 r  
    AD12                                              0.000     0.000 r  i_sys_clk_p (IN)
                         net (fo=0)                   0.000     0.000    pll_inst/inst/clk_in1_p
    AD12                 IBUFDS (Prop_ibufds_I_O)     0.906     0.906 r  pll_inst/inst/clkin1_ibufgds/O
                         net (fo=1, routed)           1.098     2.004    pll_inst/inst/clk_in1_pll
    PLLE2_ADV_X1Y1       PLLE2_ADV (Prop_plle2_adv_CLKIN1_CLKOUT1)
                                                     -8.058    -6.054 r  pll_inst/inst/plle2_adv_inst/CLKOUT1
                         net (fo=1, routed)           2.128    -3.926    pll_inst/inst/clk_out2_pll
    BUFGCTRL_X0Y0        BUFG (Prop_bufg_I_O)         0.093    -3.833 r  pll_inst/inst/clkout2_buf/O
                         net (fo=6035, routed)        1.439    -2.394    student_top_inst/u_KLDJ_top/u_pipe_id_ex/clk_out2
    SLICE_X46Y121        FDRE                                         r  student_top_inst/u_KLDJ_top/u_pipe_id_ex/id_ex_rs2_addr_reg[2]/C
  -------------------------------------------------------------------    -------------------
    SLICE_X46Y121        FDRE (Prop_fdre_C_Q)         0.259    -2.135 r  student_top_inst/u_KLDJ_top/u_pipe_id_ex/id_ex_rs2_addr_reg[2]/Q
                         net (fo=3, routed)           0.378    -1.757    student_top_inst/u_KLDJ_top/u_pipe_id_ex/id_ex_rs2_addr_reg[4]_0[2]
    SLICE_X44Y122        LUT4 (Prop_lut4_I0_O)        0.043    -1.714 f  student_top_inst/u_KLDJ_top/u_pipe_id_ex/rs2_q[4]_i_5/O
                         net (fo=1, routed)           0.440    -1.274    student_top_inst/u_KLDJ_top/u_pipe_id_ex/rs2_q[4]_i_5_n_0
    SLICE_X49Y122        LUT4 (Prop_lut4_I1_O)        0.043    -1.231 r  student_top_inst/u_KLDJ_top/u_pipe_id_ex/rs2_q[4]_i_2/O
                         net (fo=40, routed)          0.441    -0.791    student_top_inst/u_KLDJ_top/u_pipe_id_ex/rs2_q[4]_i_2_n_0
    SLICE_X47Y120        LUT5 (Prop_lut5_I1_O)        0.043    -0.748 r  student_top_inst/u_KLDJ_top/u_pipe_id_ex/rs2_q[7]_i_2/O
                         net (fo=2, routed)           0.203    -0.545    student_top_inst/u_KLDJ_top/u_pipe_id_ex/rs2_q[7]_i_2_n_0
    SLICE_X47Y122        LUT3 (Prop_lut3_I0_O)        0.043    -0.502 r  student_top_inst/u_KLDJ_top/u_pipe_id_ex/rs2_q[7]_i_1/O
                         net (fo=12, routed)          0.335    -0.167    student_top_inst/u_KLDJ_top/u_pipe_id_ex/ex_data2[7]
    SLICE_X48Y122        LUT2 (Prop_lut2_I1_O)        0.043    -0.124 r  student_top_inst/u_KLDJ_top/u_pipe_id_ex/ex_mem_mem_addr[7]_i_3/O
                         net (fo=1, routed)           0.000    -0.124    student_top_inst/u_KLDJ_top/u_pipe_id_ex/ex_mem_mem_addr[7]_i_3_n_0
    SLICE_X48Y122        CARRY4 (Prop_carry4_S[3]_CO[3])
                                                      0.193     0.069 r  student_top_inst/u_KLDJ_top/u_pipe_id_ex/ex_mem_mem_addr_reg[7]_i_2/CO[3]
                         net (fo=1, routed)           0.000     0.069    student_top_inst/u_KLDJ_top/u_pipe_id_ex/ex_mem_mem_addr_reg[7]_i_2_n_0
    SLICE_X48Y123        CARRY4 (Prop_carry4_CI_CO[3])
                                                      0.053     0.122 r  student_top_inst/u_KLDJ_top/u_pipe_id_ex/ex_mem_mem_addr_reg[11]_i_2/CO[3]
                         net (fo=1, routed)           0.000     0.122    student_top_inst/u_KLDJ_top/u_pipe_id_ex/ex_mem_mem_addr_reg[11]_i_2_n_0
    SLICE_X48Y124        CARRY4 (Prop_carry4_CI_O[1])
                                                      0.166     0.288 r  student_top_inst/u_KLDJ_top/u_pipe_id_ex/ex_mem_mem_addr_reg[15]_i_2/O[1]
                         net (fo=5, routed)           0.342     0.630    student_top_inst/u_KLDJ_top/u_pipe_id_ex/ex_mem_mem_addr_reg[15]_i_2_n_6
    SLICE_X43Y128        LUT3 (Prop_lut3_I1_O)        0.123     0.753 r  student_top_inst/u_KLDJ_top/u_pipe_id_ex/u_dram_tdp_i_5/O
                         net (fo=64, routed)          1.695     2.447    student_top_inst/bridge_inst/dram_driver_inst/u_dram_tdp/U0/inst_blk_mem_gen/gnbram.gnativebmg.native_blk_mem_gen/valid.cstr/ramloop[41].ram.r/prim_init.ram/addrb[11]
    RAMB36_X0Y32         RAMB36E1                                     r  student_top_inst/bridge_inst/dram_driver_inst/u_dram_tdp/U0/inst_blk_mem_gen/gnbram.gnativebmg.native_blk_mem_gen/valid.cstr/ramloop[41].ram.r/prim_init.ram/DEVICE_7SERIES.NO_BMM_INFO.TRUE_DP.SIMPLE_PRIM36.ram/ADDRBWRADDR[14]
  -------------------------------------------------------------------    -------------------

                         (clock clk_out2_pll rise edge)
                                                      5.714     5.714 r  
    AD12                                              0.000     5.714 r  i_sys_clk_p (IN)
                         net (fo=0)                   0.000     5.714    pll_inst/inst/clk_in1_p
    AD12                 IBUFDS (Prop_ibufds_I_O)     0.803     6.518 r  pll_inst/inst/clkin1_ibufgds/O
                         net (fo=1, routed)           1.001     7.519    pll_inst/inst/clk_in1_pll
    PLLE2_ADV_X1Y1       PLLE2_ADV (Prop_plle2_adv_CLKIN1_CLKOUT1)
                                                     -7.261     0.258 r  pll_inst/inst/plle2_adv_inst/CLKOUT1
                         net (fo=1, routed)           2.003     2.261    pll_inst/inst/clk_out2_pll
    BUFGCTRL_X0Y0        BUFG (Prop_bufg_I_O)         0.083     2.344 r  pll_inst/inst/clkout2_buf/O
                         net (fo=6035, routed)        1.192     3.535    student_top_inst/bridge_inst/dram_driver_inst/u_dram_tdp/U0/inst_blk_mem_gen/gnbram.gnativebmg.native_blk_mem_gen/valid.cstr/ramloop[41].ram.r/prim_init.ram/clka
    RAMB36_X0Y32         RAMB36E1                                     r  student_top_inst/bridge_inst/dram_driver_inst/u_dram_tdp/U0/inst_blk_mem_gen/gnbram.gnativebmg.native_blk_mem_gen/valid.cstr/ramloop[41].ram.r/prim_init.ram/DEVICE_7SERIES.NO_BMM_INFO.TRUE_DP.SIMPLE_PRIM36.ram/CLKBWRCLK
                         clock pessimism             -0.450     3.085    
                         clock uncertainty           -0.077     3.009    
    RAMB36_X0Y32         RAMB36E1 (Setup_ramb36e1_CLKBWRCLK_ADDRBWRADDR[14])
                                                     -0.416     2.593    student_top_inst/bridge_inst/dram_driver_inst/u_dram_tdp/U0/inst_blk_mem_gen/gnbram.gnativebmg.native_blk_mem_gen/valid.cstr/ramloop[41].ram.r/prim_init.ram/DEVICE_7SERIES.NO_BMM_INFO.TRUE_DP.SIMPLE_PRIM36.ram
  -------------------------------------------------------------------
                         required time                          2.593    
                         arrival time                          -2.447    
  -------------------------------------------------------------------
                         slack                                  0.145    

Slack (MET) :             0.156ns  (required time - arrival time)
  Source:                 student_top_inst/u_KLDJ_top/u_pipe_id_ex/id_ex_rs2_addr_reg[2]/C
                            (rising edge-triggered cell FDRE clocked by clk_out2_pll  {rise@0.000ns fall@2.857ns period=5.714ns})
  Destination:            student_top_inst/bridge_inst/dram_driver_inst/u_dram_tdp/U0/inst_blk_mem_gen/gnbram.gnativebmg.native_blk_mem_gen/valid.cstr/ramloop[41].ram.r/prim_init.ram/DEVICE_7SERIES.NO_BMM_INFO.TRUE_DP.SIMPLE_PRIM36.ram/ADDRBWRADDR[10]
                            (rising edge-triggered cell RAMB36E1 clocked by clk_out2_pll  {rise@0.000ns fall@2.857ns period=5.714ns})
  Path Group:             clk_out2_pll
  Path Type:              Setup (Max at Slow Process Corner)
  Requirement:            5.714ns  (clk_out2_pll rise@5.714ns - clk_out2_pll rise@0.000ns)
  Data Path Delay:        4.831ns  (logic 0.956ns (19.787%)  route 3.875ns (80.213%))
  Logic Levels:           8  (CARRY4=2 LUT2=1 LUT3=2 LUT4=2 LUT5=1)
  Clock Path Skew:        -0.234ns (DCD - SCD + CPR)
    Destination Clock Delay (DCD):    -2.179ns = ( 3.535 - 5.714 ) 
    Source Clock Delay      (SCD):    -2.394ns
    Clock Pessimism Removal (CPR):    -0.450ns
  Clock Uncertainty:      0.077ns  ((TSJ^2 + DJ^2)^1/2) / 2 + PE
    Total System Jitter     (TSJ):    0.071ns
    Discrete Jitter          (DJ):    0.137ns
    Phase Error              (PE):    0.000ns

    Location             Delay type                Incr(ns)  Path(ns)    Netlist Resource(s)
  -------------------------------------------------------------------    -------------------
                         (clock clk_out2_pll rise edge)
                                                      0.000     0.000 r  
    AD12                                              0.000     0.000 r  i_sys_clk_p (IN)
                         net (fo=0)                   0.000     0.000    pll_inst/inst/clk_in1_p
    AD12                 IBUFDS (Prop_ibufds_I_O)     0.906     0.906 r  pll_inst/inst/clkin1_ibufgds/O
                         net (fo=1, routed)           1.098     2.004    pll_inst/inst/clk_in1_pll
    PLLE2_ADV_X1Y1       PLLE2_ADV (Prop_plle2_adv_CLKIN1_CLKOUT1)
                                                     -8.058    -6.054 r  pll_inst/inst/plle2_adv_inst/CLKOUT1
                         net (fo=1, routed)           2.128    -3.926    pll_inst/inst/clk_out2_pll
    BUFGCTRL_X0Y0        BUFG (Prop_bufg_I_O)         0.093    -3.833 r  pll_inst/inst/clkout2_buf/O
                         net (fo=6035, routed)        1.439    -2.394    student_top_inst/u_KLDJ_top/u_pipe_id_ex/clk_out2
    SLICE_X46Y121        FDRE                                         r  student_top_inst/u_KLDJ_top/u_pipe_id_ex/id_ex_rs2_addr_reg[2]/C
  -------------------------------------------------------------------    -------------------
    SLICE_X46Y121        FDRE (Prop_fdre_C_Q)         0.259    -2.135 r  student_top_inst/u_KLDJ_top/u_pipe_id_ex/id_ex_rs2_addr_reg[2]/Q
                         net (fo=3, routed)           0.378    -1.757    student_top_inst/u_KLDJ_top/u_pipe_id_ex/id_ex_rs2_addr_reg[4]_0[2]
    SLICE_X44Y122        LUT4 (Prop_lut4_I0_O)        0.043    -1.714 f  student_top_inst/u_KLDJ_top/u_pipe_id_ex/rs2_q[4]_i_5/O
                         net (fo=1, routed)           0.440    -1.274    student_top_inst/u_KLDJ_top/u_pipe_id_ex/rs2_q[4]_i_5_n_0
    SLICE_X49Y122        LUT4 (Prop_lut4_I1_O)        0.043    -1.231 r  student_top_inst/u_KLDJ_top/u_pipe_id_ex/rs2_q[4]_i_2/O
                         net (fo=40, routed)          0.441    -0.791    student_top_inst/u_KLDJ_top/u_pipe_id_ex/rs2_q[4]_i_2_n_0
    SLICE_X47Y120        LUT5 (Prop_lut5_I1_O)        0.043    -0.748 r  student_top_inst/u_KLDJ_top/u_pipe_id_ex/rs2_q[7]_i_2/O
                         net (fo=2, routed)           0.203    -0.545    student_top_inst/u_KLDJ_top/u_pipe_id_ex/rs2_q[7]_i_2_n_0
    SLICE_X47Y122        LUT3 (Prop_lut3_I0_O)        0.043    -0.502 r  student_top_inst/u_KLDJ_top/u_pipe_id_ex/rs2_q[7]_i_1/O
                         net (fo=12, routed)          0.335    -0.167    student_top_inst/u_KLDJ_top/u_pipe_id_ex/ex_data2[7]
    SLICE_X48Y122        LUT2 (Prop_lut2_I1_O)        0.043    -0.124 r  student_top_inst/u_KLDJ_top/u_pipe_id_ex/ex_mem_mem_addr[7]_i_3/O
                         net (fo=1, routed)           0.000    -0.124    student_top_inst/u_KLDJ_top/u_pipe_id_ex/ex_mem_mem_addr[7]_i_3_n_0
    SLICE_X48Y122        CARRY4 (Prop_carry4_S[3]_CO[3])
                                                      0.193     0.069 r  student_top_inst/u_KLDJ_top/u_pipe_id_ex/ex_mem_mem_addr_reg[7]_i_2/CO[3]
                         net (fo=1, routed)           0.000     0.069    student_top_inst/u_KLDJ_top/u_pipe_id_ex/ex_mem_mem_addr_reg[7]_i_2_n_0
    SLICE_X48Y123        CARRY4 (Prop_carry4_CI_O[1])
                                                      0.166     0.235 r  student_top_inst/u_KLDJ_top/u_pipe_id_ex/ex_mem_mem_addr_reg[11]_i_2/O[1]
                         net (fo=4, routed)           0.471     0.706    student_top_inst/u_KLDJ_top/u_pipe_id_ex/ex_mem_mem_addr_reg[11]_i_2_n_6
    SLICE_X40Y132        LUT3 (Prop_lut3_I1_O)        0.123     0.829 r  student_top_inst/u_KLDJ_top/u_pipe_id_ex/u_dram_tdp_i_9/O
                         net (fo=65, routed)          1.608     2.437    student_top_inst/bridge_inst/dram_driver_inst/u_dram_tdp/U0/inst_blk_mem_gen/gnbram.gnativebmg.native_blk_mem_gen/valid.cstr/ramloop[41].ram.r/prim_init.ram/addrb[7]
    RAMB36_X0Y32         RAMB36E1                                     r  student_top_inst/bridge_inst/dram_driver_inst/u_dram_tdp/U0/inst_blk_mem_gen/gnbram.gnativebmg.native_blk_mem_gen/valid.cstr/ramloop[41].ram.r/prim_init.ram/DEVICE_7SERIES.NO_BMM_INFO.TRUE_DP.SIMPLE_PRIM36.ram/ADDRBWRADDR[10]
  -------------------------------------------------------------------    -------------------

                         (clock clk_out2_pll rise edge)
                                                      5.714     5.714 r  
    AD12                                              0.000     5.714 r  i_sys_clk_p (IN)
                         net (fo=0)                   0.000     5.714    pll_inst/inst/clk_in1_p
    AD12                 IBUFDS (Prop_ibufds_I_O)     0.803     6.518 r  pll_inst/inst/clkin1_ibufgds/O
                         net (fo=1, routed)           1.001     7.519    pll_inst/inst/clk_in1_pll
    PLLE2_ADV_X1Y1       PLLE2_ADV (Prop_plle2_adv_CLKIN1_CLKOUT1)
                                                     -7.261     0.258 r  pll_inst/inst/plle2_adv_inst/CLKOUT1
                         net (fo=1, routed)           2.003     2.261    pll_inst/inst/clk_out2_pll
    BUFGCTRL_X0Y0        BUFG (Prop_bufg_I_O)         0.083     2.344 r  pll_inst/inst/clkout2_buf/O
                         net (fo=6035, routed)        1.192     3.535    student_top_inst/bridge_inst/dram_driver_inst/u_dram_tdp/U0/inst_blk_mem_gen/gnbram.gnativebmg.native_blk_mem_gen/valid.cstr/ramloop[41].ram.r/prim_init.ram/clka
    RAMB36_X0Y32         RAMB36E1                                     r  student_top_inst/bridge_inst/dram_driver_inst/u_dram_tdp/U0/inst_blk_mem_gen/gnbram.gnativebmg.native_blk_mem_gen/valid.cstr/ramloop[41].ram.r/prim_init.ram/DEVICE_7SERIES.NO_BMM_INFO.TRUE_DP.SIMPLE_PRIM36.ram/CLKBWRCLK
                         clock pessimism             -0.450     3.085    
                         clock uncertainty           -0.077     3.009    
    RAMB36_X0Y32         RAMB36E1 (Setup_ramb36e1_CLKBWRCLK_ADDRBWRADDR[10])
                                                     -0.416     2.593    student_top_inst/bridge_inst/dram_driver_inst/u_dram_tdp/U0/inst_blk_mem_gen/gnbram.gnativebmg.native_blk_mem_gen/valid.cstr/ramloop[41].ram.r/prim_init.ram/DEVICE_7SERIES.NO_BMM_INFO.TRUE_DP.SIMPLE_PRIM36.ram
  -------------------------------------------------------------------
                         required time                          2.593    
                         arrival time                          -2.437    
  -------------------------------------------------------------------
                         slack                                  0.156    

Slack (MET) :             0.163ns  (required time - arrival time)
  Source:                 student_top_inst/u_KLDJ_top/u_pipe_id_ex/id_ex_rs2_addr_reg[2]/C
                            (rising edge-triggered cell FDRE clocked by clk_out2_pll  {rise@0.000ns fall@2.857ns period=5.714ns})
  Destination:            student_top_inst/bridge_inst/dram_driver_inst/u_dram_tdp/U0/inst_blk_mem_gen/gnbram.gnativebmg.native_blk_mem_gen/valid.cstr/ramloop[0].ram.r/prim_init.ram/DEVICE_7SERIES.NO_BMM_INFO.TRUE_DP.SIMPLE_PRIM36.ram/ENBWREN
                            (rising edge-triggered cell RAMB36E1 clocked by clk_out2_pll  {rise@0.000ns fall@2.857ns period=5.714ns})
  Path Group:             clk_out2_pll
  Path Type:              Setup (Max at Slow Process Corner)
  Requirement:            5.714ns  (clk_out2_pll rise@5.714ns - clk_out2_pll rise@0.000ns)
  Data Path Delay:        5.029ns  (logic 1.032ns (20.520%)  route 3.997ns (79.480%))
  Logic Levels:           10  (CARRY4=3 LUT2=1 LUT3=2 LUT4=2 LUT5=1 LUT6=1)
  Clock Path Skew:        -0.117ns (DCD - SCD + CPR)
    Destination Clock Delay (DCD):    -2.064ns = ( 3.650 - 5.714 ) 
    Source Clock Delay      (SCD):    -2.394ns
    Clock Pessimism Removal (CPR):    -0.448ns
  Clock Uncertainty:      0.077ns  ((TSJ^2 + DJ^2)^1/2) / 2 + PE
    Total System Jitter     (TSJ):    0.071ns
    Discrete Jitter          (DJ):    0.137ns
    Phase Error              (PE):    0.000ns

    Location             Delay type                Incr(ns)  Path(ns)    Netlist Resource(s)
  -------------------------------------------------------------------    -------------------
                         (clock clk_out2_pll rise edge)
                                                      0.000     0.000 r  
    AD12                                              0.000     0.000 r  i_sys_clk_p (IN)
                         net (fo=0)                   0.000     0.000    pll_inst/inst/clk_in1_p
    AD12                 IBUFDS (Prop_ibufds_I_O)     0.906     0.906 r  pll_inst/inst/clkin1_ibufgds/O
                         net (fo=1, routed)           1.098     2.004    pll_inst/inst/clk_in1_pll
    PLLE2_ADV_X1Y1       PLLE2_ADV (Prop_plle2_adv_CLKIN1_CLKOUT1)
                                                     -8.058    -6.054 r  pll_inst/inst/plle2_adv_inst/CLKOUT1
                         net (fo=1, routed)           2.128    -3.926    pll_inst/inst/clk_out2_pll
    BUFGCTRL_X0Y0        BUFG (Prop_bufg_I_O)         0.093    -3.833 r  pll_inst/inst/clkout2_buf/O
                         net (fo=6035, routed)        1.439    -2.394    student_top_inst/u_KLDJ_top/u_pipe_id_ex/clk_out2
    SLICE_X46Y121        FDRE                                         r  student_top_inst/u_KLDJ_top/u_pipe_id_ex/id_ex_rs2_addr_reg[2]/C
  -------------------------------------------------------------------    -------------------
    SLICE_X46Y121        FDRE (Prop_fdre_C_Q)         0.259    -2.135 r  student_top_inst/u_KLDJ_top/u_pipe_id_ex/id_ex_rs2_addr_reg[2]/Q
                         net (fo=3, routed)           0.378    -1.757    student_top_inst/u_KLDJ_top/u_pipe_id_ex/id_ex_rs2_addr_reg[4]_0[2]
    SLICE_X44Y122        LUT4 (Prop_lut4_I0_O)        0.043    -1.714 f  student_top_inst/u_KLDJ_top/u_pipe_id_ex/rs2_q[4]_i_5/O
                         net (fo=1, routed)           0.440    -1.274    student_top_inst/u_KLDJ_top/u_pipe_id_ex/rs2_q[4]_i_5_n_0
    SLICE_X49Y122        LUT4 (Prop_lut4_I1_O)        0.043    -1.231 r  student_top_inst/u_KLDJ_top/u_pipe_id_ex/rs2_q[4]_i_2/O
                         net (fo=40, routed)          0.441    -0.791    student_top_inst/u_KLDJ_top/u_pipe_id_ex/rs2_q[4]_i_2_n_0
    SLICE_X47Y120        LUT5 (Prop_lut5_I1_O)        0.043    -0.748 r  student_top_inst/u_KLDJ_top/u_pipe_id_ex/rs2_q[7]_i_2/O
                         net (fo=2, routed)           0.203    -0.545    student_top_inst/u_KLDJ_top/u_pipe_id_ex/rs2_q[7]_i_2_n_0
    SLICE_X47Y122        LUT3 (Prop_lut3_I0_O)        0.043    -0.502 r  student_top_inst/u_KLDJ_top/u_pipe_id_ex/rs2_q[7]_i_1/O
                         net (fo=12, routed)          0.335    -0.167    student_top_inst/u_KLDJ_top/u_pipe_id_ex/ex_data2[7]
    SLICE_X48Y122        LUT2 (Prop_lut2_I1_O)        0.043    -0.124 r  student_top_inst/u_KLDJ_top/u_pipe_id_ex/ex_mem_mem_addr[7]_i_3/O
                         net (fo=1, routed)           0.000    -0.124    student_top_inst/u_KLDJ_top/u_pipe_id_ex/ex_mem_mem_addr[7]_i_3_n_0
    SLICE_X48Y122        CARRY4 (Prop_carry4_S[3]_CO[3])
                                                      0.193     0.069 r  student_top_inst/u_KLDJ_top/u_pipe_id_ex/ex_mem_mem_addr_reg[7]_i_2/CO[3]
                         net (fo=1, routed)           0.000     0.069    student_top_inst/u_KLDJ_top/u_pipe_id_ex/ex_mem_mem_addr_reg[7]_i_2_n_0
    SLICE_X48Y123        CARRY4 (Prop_carry4_CI_CO[3])
                                                      0.053     0.122 r  student_top_inst/u_KLDJ_top/u_pipe_id_ex/ex_mem_mem_addr_reg[11]_i_2/CO[3]
                         net (fo=1, routed)           0.000     0.122    student_top_inst/u_KLDJ_top/u_pipe_id_ex/ex_mem_mem_addr_reg[11]_i_2_n_0
    SLICE_X48Y124        CARRY4 (Prop_carry4_CI_O[3])
                                                      0.149     0.271 f  student_top_inst/u_KLDJ_top/u_pipe_id_ex/ex_mem_mem_addr_reg[15]_i_2/O[3]
                         net (fo=7, routed)           0.219     0.489    student_top_inst/u_KLDJ_top/u_pipe_id_ex/ex_mem_mem_addr_reg[15]_i_2_n_4
    SLICE_X49Y125        LUT3 (Prop_lut3_I1_O)        0.120     0.609 f  student_top_inst/u_KLDJ_top/u_pipe_id_ex/u_dram_tdp_i_3/O
                         net (fo=15, routed)          0.622     1.231    student_top_inst/bridge_inst/dram_driver_inst/u_dram_tdp/U0/inst_blk_mem_gen/gnbram.gnativebmg.native_blk_mem_gen/valid.cstr/ramloop[48].ram.r/prim_init.ram/addrb[13]
    SLICE_X42Y129        LUT6 (Prop_lut6_I3_O)        0.043     1.274 r  student_top_inst/bridge_inst/dram_driver_inst/u_dram_tdp/U0/inst_blk_mem_gen/gnbram.gnativebmg.native_blk_mem_gen/valid.cstr/ramloop[48].ram.r/prim_init.ram/DEVICE_7SERIES.NO_BMM_INFO.TRUE_DP.SIMPLE_PRIM36.ram_i_2__2_comp/O
                         net (fo=4, routed)           1.361     2.635    student_top_inst/bridge_inst/dram_driver_inst/u_dram_tdp/U0/inst_blk_mem_gen/gnbram.gnativebmg.native_blk_mem_gen/valid.cstr/ramloop[0].ram.r/prim_init.ram/ramloop[0].ram.ram_enb
    RAMB36_X3Y27         RAMB36E1                                     r  student_top_inst/bridge_inst/dram_driver_inst/u_dram_tdp/U0/inst_blk_mem_gen/gnbram.gnativebmg.native_blk_mem_gen/valid.cstr/ramloop[0].ram.r/prim_init.ram/DEVICE_7SERIES.NO_BMM_INFO.TRUE_DP.SIMPLE_PRIM36.ram/ENBWREN
  -------------------------------------------------------------------    -------------------

                         (clock clk_out2_pll rise edge)
                                                      5.714     5.714 r  
    AD12                                              0.000     5.714 r  i_sys_clk_p (IN)
                         net (fo=0)                   0.000     5.714    pll_inst/inst/clk_in1_p
    AD12                 IBUFDS (Prop_ibufds_I_O)     0.803     6.518 r  pll_inst/inst/clkin1_ibufgds/O
                         net (fo=1, routed)           1.001     7.519    pll_inst/inst/clk_in1_pll
    PLLE2_ADV_X1Y1       PLLE2_ADV (Prop_plle2_adv_CLKIN1_CLKOUT1)
                                                     -7.261     0.258 r  pll_inst/inst/plle2_adv_inst/CLKOUT1
                         net (fo=1, routed)           2.003     2.261    pll_inst/inst/clk_out2_pll
    BUFGCTRL_X0Y0        BUFG (Prop_bufg_I_O)         0.083     2.344 r  pll_inst/inst/clkout2_buf/O
                         net (fo=6035, routed)        1.307     3.650    student_top_inst/bridge_inst/dram_driver_inst/u_dram_tdp/U0/inst_blk_mem_gen/gnbram.gnativebmg.native_blk_mem_gen/valid.cstr/ramloop[0].ram.r/prim_init.ram/clka
    RAMB36_X3Y27         RAMB36E1                                     r  student_top_inst/bridge_inst/dram_driver_inst/u_dram_tdp/U0/inst_blk_mem_gen/gnbram.gnativebmg.native_blk_mem_gen/valid.cstr/ramloop[0].ram.r/prim_init.ram/DEVICE_7SERIES.NO_BMM_INFO.TRUE_DP.SIMPLE_PRIM36.ram/CLKBWRCLK
                         clock pessimism             -0.448     3.202    
                         clock uncertainty           -0.077     3.126    
    RAMB36_X3Y27         RAMB36E1 (Setup_ramb36e1_CLKBWRCLK_ENBWREN)
                                                     -0.328     2.798    student_top_inst/bridge_inst/dram_driver_inst/u_dram_tdp/U0/inst_blk_mem_gen/gnbram.gnativebmg.native_blk_mem_gen/valid.cstr/ramloop[0].ram.r/prim_init.ram/DEVICE_7SERIES.NO_BMM_INFO.TRUE_DP.SIMPLE_PRIM36.ram
  -------------------------------------------------------------------
                         required time                          2.798    
                         arrival time                          -2.635    
  -------------------------------------------------------------------
                         slack                                  0.163    

Slack (MET) :             0.166ns  (required time - arrival time)
  Source:                 student_top_inst/u_KLDJ_top/u_pipe_id_ex/id_ex_rs2_addr_reg[2]/C
                            (rising edge-triggered cell FDRE clocked by clk_out2_pll  {rise@0.000ns fall@2.857ns period=5.714ns})
  Destination:            student_top_inst/bridge_inst/dram_driver_inst/u_dram_tdp/U0/inst_blk_mem_gen/gnbram.gnativebmg.native_blk_mem_gen/valid.cstr/ramloop[46].ram.r/prim_init.ram/DEVICE_7SERIES.NO_BMM_INFO.TRUE_DP.SIMPLE_PRIM36.ram/ENBWREN
                            (rising edge-triggered cell RAMB36E1 clocked by clk_out2_pll  {rise@0.000ns fall@2.857ns period=5.714ns})
  Path Group:             clk_out2_pll
  Path Type:              Setup (Max at Slow Process Corner)
  Requirement:            5.714ns  (clk_out2_pll rise@5.714ns - clk_out2_pll rise@0.000ns)
  Data Path Delay:        4.912ns  (logic 0.996ns (20.279%)  route 3.916ns (79.721%))
  Logic Levels:           10  (CARRY4=3 LUT2=1 LUT3=2 LUT4=3 LUT5=1)
  Clock Path Skew:        -0.231ns (DCD - SCD + CPR)
    Destination Clock Delay (DCD):    -2.176ns = ( 3.538 - 5.714 ) 
    Source Clock Delay      (SCD):    -2.394ns
    Clock Pessimism Removal (CPR):    -0.450ns
  Clock Uncertainty:      0.077ns  ((TSJ^2 + DJ^2)^1/2) / 2 + PE
    Total System Jitter     (TSJ):    0.071ns
    Discrete Jitter          (DJ):    0.137ns
    Phase Error              (PE):    0.000ns

    Location             Delay type                Incr(ns)  Path(ns)    Netlist Resource(s)
  -------------------------------------------------------------------    -------------------
                         (clock clk_out2_pll rise edge)
                                                      0.000     0.000 r  
    AD12                                              0.000     0.000 r  i_sys_clk_p (IN)
                         net (fo=0)                   0.000     0.000    pll_inst/inst/clk_in1_p
    AD12                 IBUFDS (Prop_ibufds_I_O)     0.906     0.906 r  pll_inst/inst/clkin1_ibufgds/O
                         net (fo=1, routed)           1.098     2.004    pll_inst/inst/clk_in1_pll
    PLLE2_ADV_X1Y1       PLLE2_ADV (Prop_plle2_adv_CLKIN1_CLKOUT1)
                                                     -8.058    -6.054 r  pll_inst/inst/plle2_adv_inst/CLKOUT1
                         net (fo=1, routed)           2.128    -3.926    pll_inst/inst/clk_out2_pll
    BUFGCTRL_X0Y0        BUFG (Prop_bufg_I_O)         0.093    -3.833 r  pll_inst/inst/clkout2_buf/O
                         net (fo=6035, routed)        1.439    -2.394    student_top_inst/u_KLDJ_top/u_pipe_id_ex/clk_out2
    SLICE_X46Y121        FDRE                                         r  student_top_inst/u_KLDJ_top/u_pipe_id_ex/id_ex_rs2_addr_reg[2]/C
  -------------------------------------------------------------------    -------------------
    SLICE_X46Y121        FDRE (Prop_fdre_C_Q)         0.259    -2.135 r  student_top_inst/u_KLDJ_top/u_pipe_id_ex/id_ex_rs2_addr_reg[2]/Q
                         net (fo=3, routed)           0.378    -1.757    student_top_inst/u_KLDJ_top/u_pipe_id_ex/id_ex_rs2_addr_reg[4]_0[2]
    SLICE_X44Y122        LUT4 (Prop_lut4_I0_O)        0.043    -1.714 f  student_top_inst/u_KLDJ_top/u_pipe_id_ex/rs2_q[4]_i_5/O
                         net (fo=1, routed)           0.440    -1.274    student_top_inst/u_KLDJ_top/u_pipe_id_ex/rs2_q[4]_i_5_n_0
    SLICE_X49Y122        LUT4 (Prop_lut4_I1_O)        0.043    -1.231 r  student_top_inst/u_KLDJ_top/u_pipe_id_ex/rs2_q[4]_i_2/O
                         net (fo=40, routed)          0.441    -0.791    student_top_inst/u_KLDJ_top/u_pipe_id_ex/rs2_q[4]_i_2_n_0
    SLICE_X47Y120        LUT5 (Prop_lut5_I1_O)        0.043    -0.748 r  student_top_inst/u_KLDJ_top/u_pipe_id_ex/rs2_q[7]_i_2/O
                         net (fo=2, routed)           0.203    -0.545    student_top_inst/u_KLDJ_top/u_pipe_id_ex/rs2_q[7]_i_2_n_0
    SLICE_X47Y122        LUT3 (Prop_lut3_I0_O)        0.043    -0.502 r  student_top_inst/u_KLDJ_top/u_pipe_id_ex/rs2_q[7]_i_1/O
                         net (fo=12, routed)          0.335    -0.167    student_top_inst/u_KLDJ_top/u_pipe_id_ex/ex_data2[7]
    SLICE_X48Y122        LUT2 (Prop_lut2_I1_O)        0.043    -0.124 r  student_top_inst/u_KLDJ_top/u_pipe_id_ex/ex_mem_mem_addr[7]_i_3/O
                         net (fo=1, routed)           0.000    -0.124    student_top_inst/u_KLDJ_top/u_pipe_id_ex/ex_mem_mem_addr[7]_i_3_n_0
    SLICE_X48Y122        CARRY4 (Prop_carry4_S[3]_CO[3])
                                                      0.193     0.069 r  student_top_inst/u_KLDJ_top/u_pipe_id_ex/ex_mem_mem_addr_reg[7]_i_2/CO[3]
                         net (fo=1, routed)           0.000     0.069    student_top_inst/u_KLDJ_top/u_pipe_id_ex/ex_mem_mem_addr_reg[7]_i_2_n_0
    SLICE_X48Y123        CARRY4 (Prop_carry4_CI_CO[3])
                                                      0.053     0.122 r  student_top_inst/u_KLDJ_top/u_pipe_id_ex/ex_mem_mem_addr_reg[11]_i_2/CO[3]
                         net (fo=1, routed)           0.000     0.122    student_top_inst/u_KLDJ_top/u_pipe_id_ex/ex_mem_mem_addr_reg[11]_i_2_n_0
    SLICE_X48Y124        CARRY4 (Prop_carry4_CI_O[2])
                                                      0.111     0.233 f  student_top_inst/u_KLDJ_top/u_pipe_id_ex/ex_mem_mem_addr_reg[15]_i_2/O[2]
                         net (fo=10, routed)          0.334     0.567    student_top_inst/u_KLDJ_top/u_pipe_id_ex/ex_mem_mem_addr_reg[15]_i_2_n_5
    SLICE_X49Y125        LUT3 (Prop_lut3_I1_O)        0.122     0.689 f  student_top_inst/u_KLDJ_top/u_pipe_id_ex/u_dram_tdp_i_4_replica/O
                         net (fo=9, routed)           0.679     1.368    student_top_inst/bridge_inst/dram_driver_inst/u_dram_tdp/U0/inst_blk_mem_gen/gnbram.gnativebmg.native_blk_mem_gen/valid.cstr/ramloop[62].ram.r/prim_init.ram/addrb[9]_repN_alias
    SLICE_X36Y132        LUT4 (Prop_lut4_I3_O)        0.043     1.411 r  student_top_inst/bridge_inst/dram_driver_inst/u_dram_tdp/U0/inst_blk_mem_gen/gnbram.gnativebmg.native_blk_mem_gen/valid.cstr/ramloop[62].ram.r/prim_init.ram/DEVICE_7SERIES.NO_BMM_INFO.TRUE_DP.SIMPLE_PRIM36.ram_i_2__12/O
                         net (fo=4, routed)           1.107     2.517    student_top_inst/bridge_inst/dram_driver_inst/u_dram_tdp/U0/inst_blk_mem_gen/gnbram.gnativebmg.native_blk_mem_gen/valid.cstr/ramloop[46].ram.r/prim_init.ram/ramloop[14].ram.ram_enb
    RAMB36_X0Y31         RAMB36E1                                     r  student_top_inst/bridge_inst/dram_driver_inst/u_dram_tdp/U0/inst_blk_mem_gen/gnbram.gnativebmg.native_blk_mem_gen/valid.cstr/ramloop[46].ram.r/prim_init.ram/DEVICE_7SERIES.NO_BMM_INFO.TRUE_DP.SIMPLE_PRIM36.ram/ENBWREN
  -------------------------------------------------------------------    -------------------

                         (clock clk_out2_pll rise edge)
                                                      5.714     5.714 r  
    AD12                                              0.000     5.714 r  i_sys_clk_p (IN)
                         net (fo=0)                   0.000     5.714    pll_inst/inst/clk_in1_p
    AD12                 IBUFDS (Prop_ibufds_I_O)     0.803     6.518 r  pll_inst/inst/clkin1_ibufgds/O
                         net (fo=1, routed)           1.001     7.519    pll_inst/inst/clk_in1_pll
    PLLE2_ADV_X1Y1       PLLE2_ADV (Prop_plle2_adv_CLKIN1_CLKOUT1)
                                                     -7.261     0.258 r  pll_inst/inst/plle2_adv_inst/CLKOUT1
                         net (fo=1, routed)           2.003     2.261    pll_inst/inst/clk_out2_pll
    BUFGCTRL_X0Y0        BUFG (Prop_bufg_I_O)         0.083     2.344 r  pll_inst/inst/clkout2_buf/O
                         net (fo=6035, routed)        1.195     3.538    student_top_inst/bridge_inst/dram_driver_inst/u_dram_tdp/U0/inst_blk_mem_gen/gnbram.gnativebmg.native_blk_mem_gen/valid.cstr/ramloop[46].ram.r/prim_init.ram/clka
    RAMB36_X0Y31         RAMB36E1                                     r  student_top_inst/bridge_inst/dram_driver_inst/u_dram_tdp/U0/inst_blk_mem_gen/gnbram.gnativebmg.native_blk_mem_gen/valid.cstr/ramloop[46].ram.r/prim_init.ram/DEVICE_7SERIES.NO_BMM_INFO.TRUE_DP.SIMPLE_PRIM36.ram/CLKBWRCLK
                         clock pessimism             -0.450     3.088    
                         clock uncertainty           -0.077     3.012    
    RAMB36_X0Y31         RAMB36E1 (Setup_ramb36e1_CLKBWRCLK_ENBWREN)
                                                     -0.328     2.684    student_top_inst/bridge_inst/dram_driver_inst/u_dram_tdp/U0/inst_blk_mem_gen/gnbram.gnativebmg.native_blk_mem_gen/valid.cstr/ramloop[46].ram.r/prim_init.ram/DEVICE_7SERIES.NO_BMM_INFO.TRUE_DP.SIMPLE_PRIM36.ram
  -------------------------------------------------------------------
                         required time                          2.684    
                         arrival time                          -2.517    
  -------------------------------------------------------------------
                         slack                                  0.166    

Slack (MET) :             0.168ns  (required time - arrival time)
  Source:                 student_top_inst/u_KLDJ_top/u_pipe_id_ex/id_ex_rs2_addr_reg[2]/C
                            (rising edge-triggered cell FDRE clocked by clk_out2_pll  {rise@0.000ns fall@2.857ns period=5.714ns})
  Destination:            student_top_inst/bridge_inst/dram_driver_inst/u_dram_tdp/U0/inst_blk_mem_gen/gnbram.gnativebmg.native_blk_mem_gen/valid.cstr/ramloop[23].ram.r/prim_init.ram/DEVICE_7SERIES.NO_BMM_INFO.TRUE_DP.SIMPLE_PRIM36.ram/ENBWREN
                            (rising edge-triggered cell RAMB36E1 clocked by clk_out2_pll  {rise@0.000ns fall@2.857ns period=5.714ns})
  Path Group:             clk_out2_pll
  Path Type:              Setup (Max at Slow Process Corner)
  Requirement:            5.714ns  (clk_out2_pll rise@5.714ns - clk_out2_pll rise@0.000ns)
  Data Path Delay:        4.828ns  (logic 1.105ns (22.885%)  route 3.723ns (77.115%))
  Logic Levels:           11  (CARRY4=4 LUT2=1 LUT3=2 LUT4=3 LUT5=1)
  Clock Path Skew:        -0.312ns (DCD - SCD + CPR)
    Destination Clock Delay (DCD):    -2.257ns = ( 3.457 - 5.714 ) 
    Source Clock Delay      (SCD):    -2.394ns
    Clock Pessimism Removal (CPR):    -0.450ns
  Clock Uncertainty:      0.077ns  ((TSJ^2 + DJ^2)^1/2) / 2 + PE
    Total System Jitter     (TSJ):    0.071ns
    Discrete Jitter          (DJ):    0.137ns
    Phase Error              (PE):    0.000ns

    Location             Delay type                Incr(ns)  Path(ns)    Netlist Resource(s)
  -------------------------------------------------------------------    -------------------
                         (clock clk_out2_pll rise edge)
                                                      0.000     0.000 r  
    AD12                                              0.000     0.000 r  i_sys_clk_p (IN)
                         net (fo=0)                   0.000     0.000    pll_inst/inst/clk_in1_p
    AD12                 IBUFDS (Prop_ibufds_I_O)     0.906     0.906 r  pll_inst/inst/clkin1_ibufgds/O
                         net (fo=1, routed)           1.098     2.004    pll_inst/inst/clk_in1_pll
    PLLE2_ADV_X1Y1       PLLE2_ADV (Prop_plle2_adv_CLKIN1_CLKOUT1)
                                                     -8.058    -6.054 r  pll_inst/inst/plle2_adv_inst/CLKOUT1
                         net (fo=1, routed)           2.128    -3.926    pll_inst/inst/clk_out2_pll
    BUFGCTRL_X0Y0        BUFG (Prop_bufg_I_O)         0.093    -3.833 r  pll_inst/inst/clkout2_buf/O
                         net (fo=6035, routed)        1.439    -2.394    student_top_inst/u_KLDJ_top/u_pipe_id_ex/clk_out2
    SLICE_X46Y121        FDRE                                         r  student_top_inst/u_KLDJ_top/u_pipe_id_ex/id_ex_rs2_addr_reg[2]/C
  -------------------------------------------------------------------    -------------------
    SLICE_X46Y121        FDRE (Prop_fdre_C_Q)         0.259    -2.135 r  student_top_inst/u_KLDJ_top/u_pipe_id_ex/id_ex_rs2_addr_reg[2]/Q
                         net (fo=3, routed)           0.378    -1.757    student_top_inst/u_KLDJ_top/u_pipe_id_ex/id_ex_rs2_addr_reg[4]_0[2]
    SLICE_X44Y122        LUT4 (Prop_lut4_I0_O)        0.043    -1.714 f  student_top_inst/u_KLDJ_top/u_pipe_id_ex/rs2_q[4]_i_5/O
                         net (fo=1, routed)           0.440    -1.274    student_top_inst/u_KLDJ_top/u_pipe_id_ex/rs2_q[4]_i_5_n_0
    SLICE_X49Y122        LUT4 (Prop_lut4_I1_O)        0.043    -1.231 r  student_top_inst/u_KLDJ_top/u_pipe_id_ex/rs2_q[4]_i_2/O
                         net (fo=40, routed)          0.441    -0.791    student_top_inst/u_KLDJ_top/u_pipe_id_ex/rs2_q[4]_i_2_n_0
    SLICE_X47Y120        LUT5 (Prop_lut5_I1_O)        0.043    -0.748 r  student_top_inst/u_KLDJ_top/u_pipe_id_ex/rs2_q[7]_i_2/O
                         net (fo=2, routed)           0.203    -0.545    student_top_inst/u_KLDJ_top/u_pipe_id_ex/rs2_q[7]_i_2_n_0
    SLICE_X47Y122        LUT3 (Prop_lut3_I0_O)        0.043    -0.502 r  student_top_inst/u_KLDJ_top/u_pipe_id_ex/rs2_q[7]_i_1/O
                         net (fo=12, routed)          0.335    -0.167    student_top_inst/u_KLDJ_top/u_pipe_id_ex/ex_data2[7]
    SLICE_X48Y122        LUT2 (Prop_lut2_I1_O)        0.043    -0.124 r  student_top_inst/u_KLDJ_top/u_pipe_id_ex/ex_mem_mem_addr[7]_i_3/O
                         net (fo=1, routed)           0.000    -0.124    student_top_inst/u_KLDJ_top/u_pipe_id_ex/ex_mem_mem_addr[7]_i_3_n_0
    SLICE_X48Y122        CARRY4 (Prop_carry4_S[3]_CO[3])
                                                      0.193     0.069 r  student_top_inst/u_KLDJ_top/u_pipe_id_ex/ex_mem_mem_addr_reg[7]_i_2/CO[3]
                         net (fo=1, routed)           0.000     0.069    student_top_inst/u_KLDJ_top/u_pipe_id_ex/ex_mem_mem_addr_reg[7]_i_2_n_0
    SLICE_X48Y123        CARRY4 (Prop_carry4_CI_CO[3])
                                                      0.053     0.122 r  student_top_inst/u_KLDJ_top/u_pipe_id_ex/ex_mem_mem_addr_reg[11]_i_2/CO[3]
                         net (fo=1, routed)           0.000     0.122    student_top_inst/u_KLDJ_top/u_pipe_id_ex/ex_mem_mem_addr_reg[11]_i_2_n_0
    SLICE_X48Y124        CARRY4 (Prop_carry4_CI_CO[3])
                                                      0.053     0.175 r  student_top_inst/u_KLDJ_top/u_pipe_id_ex/ex_mem_mem_addr_reg[15]_i_2/CO[3]
                         net (fo=1, routed)           0.007     0.182    student_top_inst/u_KLDJ_top/u_pipe_id_ex/ex_mem_mem_addr_reg[15]_i_2_n_0
    SLICE_X48Y125        CARRY4 (Prop_carry4_CI_O[1])
                                                      0.166     0.348 f  student_top_inst/u_KLDJ_top/u_pipe_id_ex/ex_mem_mem_addr_reg[19]_i_2/O[1]
                         net (fo=9, routed)           0.338     0.686    student_top_inst/u_KLDJ_top/u_pipe_id_ex/ex_mem_mem_addr_reg[19]_i_2_n_6
    SLICE_X46Y125        LUT3 (Prop_lut3_I1_O)        0.123     0.809 f  student_top_inst/u_KLDJ_top/u_pipe_id_ex/u_dram_tdp_i_1/O
                         net (fo=13, routed)          0.458     1.267    student_top_inst/bridge_inst/dram_driver_inst/u_dram_tdp/U0/inst_blk_mem_gen/gnbram.gnativebmg.native_blk_mem_gen/valid.cstr/ramloop[55].ram.r/prim_init.ram/addrb[15]
    SLICE_X49Y126        LUT4 (Prop_lut4_I3_O)        0.043     1.310 r  student_top_inst/bridge_inst/dram_driver_inst/u_dram_tdp/U0/inst_blk_mem_gen/gnbram.gnativebmg.native_blk_mem_gen/valid.cstr/ramloop[55].ram.r/prim_init.ram/DEVICE_7SERIES.NO_BMM_INFO.TRUE_DP.SIMPLE_PRIM36.ram_i_2__3/O
                         net (fo=4, routed)           1.124     2.434    student_top_inst/bridge_inst/dram_driver_inst/u_dram_tdp/U0/inst_blk_mem_gen/gnbram.gnativebmg.native_blk_mem_gen/valid.cstr/ramloop[23].ram.r/prim_init.ram/ramloop[7].ram.ram_enb
    RAMB36_X2Y33         RAMB36E1                                     r  student_top_inst/bridge_inst/dram_driver_inst/u_dram_tdp/U0/inst_blk_mem_gen/gnbram.gnativebmg.native_blk_mem_gen/valid.cstr/ramloop[23].ram.r/prim_init.ram/DEVICE_7SERIES.NO_BMM_INFO.TRUE_DP.SIMPLE_PRIM36.ram/ENBWREN
  -------------------------------------------------------------------    -------------------

                         (clock clk_out2_pll rise edge)
                                                      5.714     5.714 r  
    AD12                                              0.000     5.714 r  i_sys_clk_p (IN)
                         net (fo=0)                   0.000     5.714    pll_inst/inst/clk_in1_p
    AD12                 IBUFDS (Prop_ibufds_I_O)     0.803     6.518 r  pll_inst/inst/clkin1_ibufgds/O
                         net (fo=1, routed)           1.001     7.519    pll_inst/inst/clk_in1_pll
    PLLE2_ADV_X1Y1       PLLE2_ADV (Prop_plle2_adv_CLKIN1_CLKOUT1)
                                                     -7.261     0.258 r  pll_inst/inst/plle2_adv_inst/CLKOUT1
                         net (fo=1, routed)           2.003     2.261    pll_inst/inst/clk_out2_pll
    BUFGCTRL_X0Y0        BUFG (Prop_bufg_I_O)         0.083     2.344 r  pll_inst/inst/clkout2_buf/O
                         net (fo=6035, routed)        1.114     3.457    student_top_inst/bridge_inst/dram_driver_inst/u_dram_tdp/U0/inst_blk_mem_gen/gnbram.gnativebmg.native_blk_mem_gen/valid.cstr/ramloop[23].ram.r/prim_init.ram/clka
    RAMB36_X2Y33         RAMB36E1                                     r  student_top_inst/bridge_inst/dram_driver_inst/u_dram_tdp/U0/inst_blk_mem_gen/gnbram.gnativebmg.native_blk_mem_gen/valid.cstr/ramloop[23].ram.r/prim_init.ram/DEVICE_7SERIES.NO_BMM_INFO.TRUE_DP.SIMPLE_PRIM36.ram/CLKBWRCLK
                         clock pessimism             -0.450     3.007    
                         clock uncertainty           -0.077     2.931    
    RAMB36_X2Y33         RAMB36E1 (Setup_ramb36e1_CLKBWRCLK_ENBWREN)
                                                     -0.328     2.603    student_top_inst/bridge_inst/dram_driver_inst/u_dram_tdp/U0/inst_blk_mem_gen/gnbram.gnativebmg.native_blk_mem_gen/valid.cstr/ramloop[23].ram.r/prim_init.ram/DEVICE_7SERIES.NO_BMM_INFO.TRUE_DP.SIMPLE_PRIM36.ram
  -------------------------------------------------------------------
                         required time                          2.603    
                         arrival time                          -2.434    
  -------------------------------------------------------------------
                         slack                                  0.168    

Slack (MET) :             0.171ns  (required time - arrival time)
  Source:                 student_top_inst/u_KLDJ_top/ifu0/pc_reg_reg[3]_replica_4/C
                            (rising edge-triggered cell FDRE clocked by clk_out2_pll  {rise@0.000ns fall@2.857ns period=5.714ns})
  Destination:            student_top_inst/u_KLDJ_top/ifu0/pc_reg_reg[7]_replica/D
                            (rising edge-triggered cell FDRE clocked by clk_out2_pll  {rise@0.000ns fall@2.857ns period=5.714ns})
  Path Group:             clk_out2_pll
  Path Type:              Setup (Max at Slow Process Corner)
  Requirement:            5.714ns  (clk_out2_pll rise@5.714ns - clk_out2_pll rise@0.000ns)
  Data Path Delay:        5.320ns  (logic 1.061ns (19.945%)  route 4.259ns (80.055%))
  Logic Levels:           10  (LUT2=1 LUT5=2 LUT6=4 MUXF7=3)
  Clock Path Skew:        -0.045ns (DCD - SCD + CPR)
    Destination Clock Delay (DCD):    -2.114ns = ( 3.601 - 5.714 ) 
    Source Clock Delay      (SCD):    -2.443ns
    Clock Pessimism Removal (CPR):    -0.375ns
  Clock Uncertainty:      0.077ns  ((TSJ^2 + DJ^2)^1/2) / 2 + PE
    Total System Jitter     (TSJ):    0.071ns
    Discrete Jitter          (DJ):    0.137ns
    Phase Error              (PE):    0.000ns

    Location             Delay type                Incr(ns)  Path(ns)    Netlist Resource(s)
  -------------------------------------------------------------------    -------------------
                         (clock clk_out2_pll rise edge)
                                                      0.000     0.000 r  
    AD12                                              0.000     0.000 r  i_sys_clk_p (IN)
                         net (fo=0)                   0.000     0.000    pll_inst/inst/clk_in1_p
    AD12                 IBUFDS (Prop_ibufds_I_O)     0.906     0.906 r  pll_inst/inst/clkin1_ibufgds/O
                         net (fo=1, routed)           1.098     2.004    pll_inst/inst/clk_in1_pll
    PLLE2_ADV_X1Y1       PLLE2_ADV (Prop_plle2_adv_CLKIN1_CLKOUT1)
                                                     -8.058    -6.054 r  pll_inst/inst/plle2_adv_inst/CLKOUT1
                         net (fo=1, routed)           2.128    -3.926    pll_inst/inst/clk_out2_pll
    BUFGCTRL_X0Y0        BUFG (Prop_bufg_I_O)         0.093    -3.833 r  pll_inst/inst/clkout2_buf/O
                         net (fo=6035, routed)        1.390    -2.443    student_top_inst/u_KLDJ_top/ifu0/clk_out2
    SLICE_X56Y111        FDRE                                         r  student_top_inst/u_KLDJ_top/ifu0/pc_reg_reg[3]_replica_4/C
  -------------------------------------------------------------------    -------------------
    SLICE_X56Y111        FDRE (Prop_fdre_C_Q)         0.259    -2.184 r  student_top_inst/u_KLDJ_top/ifu0/pc_reg_reg[3]_replica_4/Q
                         net (fo=204, routed)         0.862    -1.323    student_top_inst/Mem_IROM/U0/Q[3]_repN_4_alias
    SLICE_X67Y107        LUT6 (Prop_lut6_I1_O)        0.043    -1.280 r  student_top_inst/Mem_IROM/U0/g24_b5/O
                         net (fo=1, routed)           0.000    -1.280    student_top_inst/Mem_IROM/U0/g24_b5_n_0
    SLICE_X67Y107        MUXF7 (Prop_muxf7_I0_O)      0.120    -1.160 r  student_top_inst/Mem_IROM/U0/spo[6]_INST_0_i_15/O
                         net (fo=1, routed)           0.433    -0.727    student_top_inst/Mem_IROM/U0/spo[6]_INST_0_i_15_n_0
    SLICE_X67Y108        LUT6 (Prop_lut6_I5_O)        0.122    -0.605 r  student_top_inst/Mem_IROM/U0/spo[6]_INST_0_i_5/O
                         net (fo=1, routed)           0.000    -0.605    student_top_inst/Mem_IROM/U0/spo[6]_INST_0_i_5_n_0
    SLICE_X67Y108        MUXF7 (Prop_muxf7_I1_O)      0.122    -0.483 r  student_top_inst/Mem_IROM/U0/spo[6]_INST_0_i_2/O
                         net (fo=1, routed)           0.495     0.012    student_top_inst/Mem_IROM/U0/spo[6]_INST_0_i_2_n_0
    SLICE_X66Y114        LUT6 (Prop_lut6_I3_O)        0.122     0.134 r  student_top_inst/Mem_IROM/U0/spo[6]_INST_0/O
                         net (fo=2, routed)           0.446     0.580    student_top_inst/u_KLDJ_top/ifu0/spo[6]
    SLICE_X67Y116        LUT5 (Prop_lut5_I4_O)        0.043     0.623 r  student_top_inst/u_KLDJ_top/ifu0/if_id_pred_target[31]_i_8/O
                         net (fo=1, routed)           0.181     0.804    student_top_inst/u_KLDJ_top/ifu0/if_static_jal02_in
    SLICE_X67Y117        LUT2 (Prop_lut2_I0_O)        0.043     0.847 r  student_top_inst/u_KLDJ_top/ifu0/if_id_pred_target[31]_i_3/O
                         net (fo=65, routed)          0.632     1.479    student_top_inst/u_KLDJ_top/u_bpu/u_gshare_btb_core/if_static_jal
    SLICE_X55Y120        LUT6 (Prop_lut6_I5_O)        0.043     1.522 r  student_top_inst/u_KLDJ_top/u_bpu/u_gshare_btb_core/if_id_pred_taken_i_2/O
                         net (fo=33, routed)          0.601     2.123    student_top_inst/u_KLDJ_top/ifu0/if_pred_taken
    SLICE_X54Y110        LUT5 (Prop_lut5_I3_O)        0.043     2.166 r  student_top_inst/u_KLDJ_top/ifu0/pc_reg[7]_i_2/O
                         net (fo=1, routed)           0.000     2.166    student_top_inst/u_KLDJ_top/u_pipe_id_ex/dnpc[7]
    SLICE_X54Y110        MUXF7 (Prop_muxf7_I0_O)      0.101     2.267 r  student_top_inst/u_KLDJ_top/u_pipe_id_ex/pc_reg_reg[7]_i_1/O
                         net (fo=6, routed)           0.610     2.876    student_top_inst/u_KLDJ_top/ifu0/pc_reg_reg[31]_2[7]
    SLICE_X65Y110        FDRE                                         r  student_top_inst/u_KLDJ_top/ifu0/pc_reg_reg[7]_replica/D
  -------------------------------------------------------------------    -------------------

                         (clock clk_out2_pll rise edge)
                                                      5.714     5.714 r  
    AD12                                              0.000     5.714 r  i_sys_clk_p (IN)
                         net (fo=0)                   0.000     5.714    pll_inst/inst/clk_in1_p
    AD12                 IBUFDS (Prop_ibufds_I_O)     0.803     6.518 r  pll_inst/inst/clkin1_ibufgds/O
                         net (fo=1, routed)           1.001     7.519    pll_inst/inst/clk_in1_pll
    PLLE2_ADV_X1Y1       PLLE2_ADV (Prop_plle2_adv_CLKIN1_CLKOUT1)
                                                     -7.261     0.258 r  pll_inst/inst/plle2_adv_inst/CLKOUT1
                         net (fo=1, routed)           2.003     2.261    pll_inst/inst/clk_out2_pll
    BUFGCTRL_X0Y0        BUFG (Prop_bufg_I_O)         0.083     2.344 r  pll_inst/inst/clkout2_buf/O
                         net (fo=6035, routed)        1.257     3.601    student_top_inst/u_KLDJ_top/ifu0/clk_out2
    SLICE_X65Y110        FDRE                                         r  student_top_inst/u_KLDJ_top/ifu0/pc_reg_reg[7]_replica/C
                         clock pessimism             -0.375     3.226    
                         clock uncertainty           -0.077     3.149    
    SLICE_X65Y110        FDRE (Setup_fdre_C_D)       -0.102     3.047    student_top_inst/u_KLDJ_top/ifu0/pc_reg_reg[7]_replica
  -------------------------------------------------------------------
                         required time                          3.047    
                         arrival time                          -2.876    
  -------------------------------------------------------------------
                         slack                                  0.171    

Slack (MET) :             0.174ns  (required time - arrival time)
  Source:                 student_top_inst/bridge_inst/dram_driver_inst/u_dram_tdp/U0/inst_blk_mem_gen/gnbram.gnativebmg.native_blk_mem_gen/valid.cstr/ramloop[6].ram.r/prim_init.ram/DEVICE_7SERIES.NO_BMM_INFO.TRUE_DP.SIMPLE_PRIM36.ram/CLKBWRCLK
                            (rising edge-triggered cell RAMB36E1 clocked by clk_out2_pll  {rise@0.000ns fall@2.857ns period=5.714ns})
  Destination:            student_top_inst/u_KLDJ_top/u_pipe_mem_wb/mem_wb_wb_data_reg[9]/D
                            (rising edge-triggered cell FDRE clocked by clk_out2_pll  {rise@0.000ns fall@2.857ns period=5.714ns})
  Path Group:             clk_out2_pll
  Path Type:              Setup (Max at Slow Process Corner)
  Requirement:            5.714ns  (clk_out2_pll rise@5.714ns - clk_out2_pll rise@0.000ns)
  Data Path Delay:        5.404ns  (logic 2.273ns (42.061%)  route 3.131ns (57.939%))
  Logic Levels:           7  (LUT3=1 LUT4=1 LUT5=1 LUT6=2 MUXF7=1 MUXF8=1)
  Clock Path Skew:        -0.118ns (DCD - SCD + CPR)
    Destination Clock Delay (DCD):    -2.060ns = ( 3.655 - 5.714 ) 
    Source Clock Delay      (SCD):    -2.390ns
    Clock Pessimism Removal (CPR):    -0.448ns
  Clock Uncertainty:      0.077ns  ((TSJ^2 + DJ^2)^1/2) / 2 + PE
    Total System Jitter     (TSJ):    0.071ns
    Discrete Jitter          (DJ):    0.137ns
    Phase Error              (PE):    0.000ns

    Location             Delay type                Incr(ns)  Path(ns)    Netlist Resource(s)
  -------------------------------------------------------------------    -------------------
                         (clock clk_out2_pll rise edge)
                                                      0.000     0.000 r  
    AD12                                              0.000     0.000 r  i_sys_clk_p (IN)
                         net (fo=0)                   0.000     0.000    pll_inst/inst/clk_in1_p
    AD12                 IBUFDS (Prop_ibufds_I_O)     0.906     0.906 r  pll_inst/inst/clkin1_ibufgds/O
                         net (fo=1, routed)           1.098     2.004    pll_inst/inst/clk_in1_pll
    PLLE2_ADV_X1Y1       PLLE2_ADV (Prop_plle2_adv_CLKIN1_CLKOUT1)
                                                     -8.058    -6.054 r  pll_inst/inst/plle2_adv_inst/CLKOUT1
                         net (fo=1, routed)           2.128    -3.926    pll_inst/inst/clk_out2_pll
    BUFGCTRL_X0Y0        BUFG (Prop_bufg_I_O)         0.093    -3.833 r  pll_inst/inst/clkout2_buf/O
                         net (fo=6035, routed)        1.444    -2.390    student_top_inst/bridge_inst/dram_driver_inst/u_dram_tdp/U0/inst_blk_mem_gen/gnbram.gnativebmg.native_blk_mem_gen/valid.cstr/ramloop[6].ram.r/prim_init.ram/clka
    RAMB36_X3Y28         RAMB36E1                                     r  student_top_inst/bridge_inst/dram_driver_inst/u_dram_tdp/U0/inst_blk_mem_gen/gnbram.gnativebmg.native_blk_mem_gen/valid.cstr/ramloop[6].ram.r/prim_init.ram/DEVICE_7SERIES.NO_BMM_INFO.TRUE_DP.SIMPLE_PRIM36.ram/CLKBWRCLK
  -------------------------------------------------------------------    -------------------
    RAMB36_X3Y28         RAMB36E1 (Prop_ramb36e1_CLKBWRCLK_DOBDO[7])
                                                      1.800    -0.590 r  student_top_inst/bridge_inst/dram_driver_inst/u_dram_tdp/U0/inst_blk_mem_gen/gnbram.gnativebmg.native_blk_mem_gen/valid.cstr/ramloop[6].ram.r/prim_init.ram/DEVICE_7SERIES.NO_BMM_INFO.TRUE_DP.SIMPLE_PRIM36.ram/DOBDO[7]
                         net (fo=1, routed)           1.760     1.171    student_top_inst/bridge_inst/dram_driver_inst/u_dram_tdp/U0/inst_blk_mem_gen/gnbram.gnativebmg.native_blk_mem_gen/valid.cstr/has_mux_b.B/doutb[7]_INST_0_i_1_4[7]
    SLICE_X47Y126        LUT6 (Prop_lut6_I1_O)        0.043     1.214 r  student_top_inst/bridge_inst/dram_driver_inst/u_dram_tdp/U0/inst_blk_mem_gen/gnbram.gnativebmg.native_blk_mem_gen/valid.cstr/has_mux_b.B/doutb[7]_INST_0_i_4/O
                         net (fo=1, routed)           0.000     1.214    student_top_inst/bridge_inst/dram_driver_inst/u_dram_tdp/U0/inst_blk_mem_gen/gnbram.gnativebmg.native_blk_mem_gen/valid.cstr/has_mux_b.B/doutb[7]_INST_0_i_4_n_0
    SLICE_X47Y126        MUXF7 (Prop_muxf7_I1_O)      0.122     1.336 r  student_top_inst/bridge_inst/dram_driver_inst/u_dram_tdp/U0/inst_blk_mem_gen/gnbram.gnativebmg.native_blk_mem_gen/valid.cstr/has_mux_b.B/doutb[7]_INST_0_i_1/O
                         net (fo=1, routed)           0.000     1.336    student_top_inst/bridge_inst/dram_driver_inst/u_dram_tdp/U0/inst_blk_mem_gen/gnbram.gnativebmg.native_blk_mem_gen/valid.cstr/has_mux_b.B/doutb[7]_INST_0_i_1_n_0
    SLICE_X47Y126        MUXF8 (Prop_muxf8_I0_O)      0.045     1.381 r  student_top_inst/bridge_inst/dram_driver_inst/u_dram_tdp/U0/inst_blk_mem_gen/gnbram.gnativebmg.native_blk_mem_gen/valid.cstr/has_mux_b.B/doutb[7]_INST_0/O
                         net (fo=1, routed)           0.293     1.674    student_top_inst/bridge_inst/dram_driver_inst/bram_dout[7]
    SLICE_X41Y127        LUT5 (Prop_lut5_I4_O)        0.126     1.800 r  student_top_inst/bridge_inst/dram_driver_inst/mem_wb_wb_data[7]_i_4_comp/O
                         net (fo=3, routed)           0.439     2.239    student_top_inst/u_KLDJ_top/u_pipe_ex_mem/perip_rdata[7]
    SLICE_X40Y123        LUT4 (Prop_lut4_I1_O)        0.043     2.282 r  student_top_inst/u_KLDJ_top/u_pipe_ex_mem/mem_wb_wb_data[15]_i_2_comp_1/O
                         net (fo=8, routed)           0.293     2.575    student_top_inst/u_KLDJ_top/u_pipe_ex_mem/mem_wb_wb_data[15]_i_2_n_0
    SLICE_X41Y121        LUT6 (Prop_lut6_I0_O)        0.043     2.618 r  student_top_inst/u_KLDJ_top/u_pipe_ex_mem/mem_wb_wb_data[9]_i_2/O
                         net (fo=1, routed)           0.346     2.963    student_top_inst/u_KLDJ_top/u_pipe_ex_mem/u_mem_stage_top/lsu_res[9]
    SLICE_X40Y122        LUT3 (Prop_lut3_I0_O)        0.051     3.014 r  student_top_inst/u_KLDJ_top/u_pipe_ex_mem/mem_wb_wb_data[9]_i_1/O
                         net (fo=1, routed)           0.000     3.014    student_top_inst/u_KLDJ_top/u_pipe_mem_wb/D[9]
    SLICE_X40Y122        FDRE                                         r  student_top_inst/u_KLDJ_top/u_pipe_mem_wb/mem_wb_wb_data_reg[9]/D
  -------------------------------------------------------------------    -------------------

                         (clock clk_out2_pll rise edge)
                                                      5.714     5.714 r  
    AD12                                              0.000     5.714 r  i_sys_clk_p (IN)
                         net (fo=0)                   0.000     5.714    pll_inst/inst/clk_in1_p
    AD12                 IBUFDS (Prop_ibufds_I_O)     0.803     6.518 r  pll_inst/inst/clkin1_ibufgds/O
                         net (fo=1, routed)           1.001     7.519    pll_inst/inst/clk_in1_pll
    PLLE2_ADV_X1Y1       PLLE2_ADV (Prop_plle2_adv_CLKIN1_CLKOUT1)
                                                     -7.261     0.258 r  pll_inst/inst/plle2_adv_inst/CLKOUT1
                         net (fo=1, routed)           2.003     2.261    pll_inst/inst/clk_out2_pll
    BUFGCTRL_X0Y0        BUFG (Prop_bufg_I_O)         0.083     2.344 r  pll_inst/inst/clkout2_buf/O
                         net (fo=6035, routed)        1.311     3.655    student_top_inst/u_KLDJ_top/u_pipe_mem_wb/clk_out2
    SLICE_X40Y122        FDRE                                         r  student_top_inst/u_KLDJ_top/u_pipe_mem_wb/mem_wb_wb_data_reg[9]/C
                         clock pessimism             -0.448     3.207    
                         clock uncertainty           -0.077     3.130    
    SLICE_X40Y122        FDRE (Setup_fdre_C_D)        0.058     3.188    student_top_inst/u_KLDJ_top/u_pipe_mem_wb/mem_wb_wb_data_reg[9]
  -------------------------------------------------------------------
                         required time                          3.188    
                         arrival time                          -3.014    
  -------------------------------------------------------------------
                         slack                                  0.174    

Slack (MET) :             0.174ns  (required time - arrival time)
  Source:                 student_top_inst/u_KLDJ_top/u_pipe_id_ex/id_ex_rs2_addr_reg[2]/C
                            (rising edge-triggered cell FDRE clocked by clk_out2_pll  {rise@0.000ns fall@2.857ns period=5.714ns})
  Destination:            student_top_inst/bridge_inst/dram_driver_inst/u_dram_tdp/U0/inst_blk_mem_gen/gnbram.gnativebmg.native_blk_mem_gen/valid.cstr/ramloop[41].ram.r/prim_init.ram/DEVICE_7SERIES.NO_BMM_INFO.TRUE_DP.SIMPLE_PRIM36.ram/ENBWREN
                            (rising edge-triggered cell RAMB36E1 clocked by clk_out2_pll  {rise@0.000ns fall@2.857ns period=5.714ns})
  Path Group:             clk_out2_pll
  Path Type:              Setup (Max at Slow Process Corner)
  Requirement:            5.714ns  (clk_out2_pll rise@5.714ns - clk_out2_pll rise@0.000ns)
  Data Path Delay:        4.901ns  (logic 0.996ns (20.324%)  route 3.905ns (79.676%))
  Logic Levels:           10  (CARRY4=3 LUT2=1 LUT3=2 LUT4=3 LUT5=1)
  Clock Path Skew:        -0.234ns (DCD - SCD + CPR)
    Destination Clock Delay (DCD):    -2.179ns = ( 3.535 - 5.714 ) 
    Source Clock Delay      (SCD):    -2.394ns
    Clock Pessimism Removal (CPR):    -0.450ns
  Clock Uncertainty:      0.077ns  ((TSJ^2 + DJ^2)^1/2) / 2 + PE
    Total System Jitter     (TSJ):    0.071ns
    Discrete Jitter          (DJ):    0.137ns
    Phase Error              (PE):    0.000ns

    Location             Delay type                Incr(ns)  Path(ns)    Netlist Resource(s)
  -------------------------------------------------------------------    -------------------
                         (clock clk_out2_pll rise edge)
                                                      0.000     0.000 r  
    AD12                                              0.000     0.000 r  i_sys_clk_p (IN)
                         net (fo=0)                   0.000     0.000    pll_inst/inst/clk_in1_p
    AD12                 IBUFDS (Prop_ibufds_I_O)     0.906     0.906 r  pll_inst/inst/clkin1_ibufgds/O
                         net (fo=1, routed)           1.098     2.004    pll_inst/inst/clk_in1_pll
    PLLE2_ADV_X1Y1       PLLE2_ADV (Prop_plle2_adv_CLKIN1_CLKOUT1)
                                                     -8.058    -6.054 r  pll_inst/inst/plle2_adv_inst/CLKOUT1
                         net (fo=1, routed)           2.128    -3.926    pll_inst/inst/clk_out2_pll
    BUFGCTRL_X0Y0        BUFG (Prop_bufg_I_O)         0.093    -3.833 r  pll_inst/inst/clkout2_buf/O
                         net (fo=6035, routed)        1.439    -2.394    student_top_inst/u_KLDJ_top/u_pipe_id_ex/clk_out2
    SLICE_X46Y121        FDRE                                         r  student_top_inst/u_KLDJ_top/u_pipe_id_ex/id_ex_rs2_addr_reg[2]/C
  -------------------------------------------------------------------    -------------------
    SLICE_X46Y121        FDRE (Prop_fdre_C_Q)         0.259    -2.135 r  student_top_inst/u_KLDJ_top/u_pipe_id_ex/id_ex_rs2_addr_reg[2]/Q
                         net (fo=3, routed)           0.378    -1.757    student_top_inst/u_KLDJ_top/u_pipe_id_ex/id_ex_rs2_addr_reg[4]_0[2]
    SLICE_X44Y122        LUT4 (Prop_lut4_I0_O)        0.043    -1.714 f  student_top_inst/u_KLDJ_top/u_pipe_id_ex/rs2_q[4]_i_5/O
                         net (fo=1, routed)           0.440    -1.274    student_top_inst/u_KLDJ_top/u_pipe_id_ex/rs2_q[4]_i_5_n_0
    SLICE_X49Y122        LUT4 (Prop_lut4_I1_O)        0.043    -1.231 r  student_top_inst/u_KLDJ_top/u_pipe_id_ex/rs2_q[4]_i_2/O
                         net (fo=40, routed)          0.441    -0.791    student_top_inst/u_KLDJ_top/u_pipe_id_ex/rs2_q[4]_i_2_n_0
    SLICE_X47Y120        LUT5 (Prop_lut5_I1_O)        0.043    -0.748 r  student_top_inst/u_KLDJ_top/u_pipe_id_ex/rs2_q[7]_i_2/O
                         net (fo=2, routed)           0.203    -0.545    student_top_inst/u_KLDJ_top/u_pipe_id_ex/rs2_q[7]_i_2_n_0
    SLICE_X47Y122        LUT3 (Prop_lut3_I0_O)        0.043    -0.502 r  student_top_inst/u_KLDJ_top/u_pipe_id_ex/rs2_q[7]_i_1/O
                         net (fo=12, routed)          0.335    -0.167    student_top_inst/u_KLDJ_top/u_pipe_id_ex/ex_data2[7]
    SLICE_X48Y122        LUT2 (Prop_lut2_I1_O)        0.043    -0.124 r  student_top_inst/u_KLDJ_top/u_pipe_id_ex/ex_mem_mem_addr[7]_i_3/O
                         net (fo=1, routed)           0.000    -0.124    student_top_inst/u_KLDJ_top/u_pipe_id_ex/ex_mem_mem_addr[7]_i_3_n_0
    SLICE_X48Y122        CARRY4 (Prop_carry4_S[3]_CO[3])
                                                      0.193     0.069 r  student_top_inst/u_KLDJ_top/u_pipe_id_ex/ex_mem_mem_addr_reg[7]_i_2/CO[3]
                         net (fo=1, routed)           0.000     0.069    student_top_inst/u_KLDJ_top/u_pipe_id_ex/ex_mem_mem_addr_reg[7]_i_2_n_0
    SLICE_X48Y123        CARRY4 (Prop_carry4_CI_CO[3])
                                                      0.053     0.122 r  student_top_inst/u_KLDJ_top/u_pipe_id_ex/ex_mem_mem_addr_reg[11]_i_2/CO[3]
                         net (fo=1, routed)           0.000     0.122    student_top_inst/u_KLDJ_top/u_pipe_id_ex/ex_mem_mem_addr_reg[11]_i_2_n_0
    SLICE_X48Y124        CARRY4 (Prop_carry4_CI_O[2])
                                                      0.111     0.233 r  student_top_inst/u_KLDJ_top/u_pipe_id_ex/ex_mem_mem_addr_reg[15]_i_2/O[2]
                         net (fo=10, routed)          0.382     0.615    student_top_inst/u_KLDJ_top/u_pipe_id_ex/ex_mem_mem_addr_reg[15]_i_2_n_5
    SLICE_X49Y125        LUT3 (Prop_lut3_I1_O)        0.122     0.737 r  student_top_inst/u_KLDJ_top/u_pipe_id_ex/u_dram_tdp_i_4/O
                         net (fo=4, routed)           0.731     1.467    student_top_inst/bridge_inst/dram_driver_inst/u_dram_tdp/U0/inst_blk_mem_gen/gnbram.gnativebmg.native_blk_mem_gen/valid.cstr/ramloop[57].ram.r/prim_init.ram/addrb[12]
    SLICE_X37Y138        LUT4 (Prop_lut4_I0_O)        0.043     1.510 r  student_top_inst/bridge_inst/dram_driver_inst/u_dram_tdp/U0/inst_blk_mem_gen/gnbram.gnativebmg.native_blk_mem_gen/valid.cstr/ramloop[57].ram.r/prim_init.ram/DEVICE_7SERIES.NO_BMM_INFO.TRUE_DP.SIMPLE_PRIM36.ram_i_2__9/O
                         net (fo=4, routed)           0.996     2.506    student_top_inst/bridge_inst/dram_driver_inst/u_dram_tdp/U0/inst_blk_mem_gen/gnbram.gnativebmg.native_blk_mem_gen/valid.cstr/ramloop[41].ram.r/prim_init.ram/ramloop[9].ram.ram_enb
    RAMB36_X0Y32         RAMB36E1                                     r  student_top_inst/bridge_inst/dram_driver_inst/u_dram_tdp/U0/inst_blk_mem_gen/gnbram.gnativebmg.native_blk_mem_gen/valid.cstr/ramloop[41].ram.r/prim_init.ram/DEVICE_7SERIES.NO_BMM_INFO.TRUE_DP.SIMPLE_PRIM36.ram/ENBWREN
  -------------------------------------------------------------------    -------------------

                         (clock clk_out2_pll rise edge)
                                                      5.714     5.714 r  
    AD12                                              0.000     5.714 r  i_sys_clk_p (IN)
                         net (fo=0)                   0.000     5.714    pll_inst/inst/clk_in1_p
    AD12                 IBUFDS (Prop_ibufds_I_O)     0.803     6.518 r  pll_inst/inst/clkin1_ibufgds/O
                         net (fo=1, routed)           1.001     7.519    pll_inst/inst/clk_in1_pll
    PLLE2_ADV_X1Y1       PLLE2_ADV (Prop_plle2_adv_CLKIN1_CLKOUT1)
                                                     -7.261     0.258 r  pll_inst/inst/plle2_adv_inst/CLKOUT1
                         net (fo=1, routed)           2.003     2.261    pll_inst/inst/clk_out2_pll
    BUFGCTRL_X0Y0        BUFG (Prop_bufg_I_O)         0.083     2.344 r  pll_inst/inst/clkout2_buf/O
                         net (fo=6035, routed)        1.192     3.535    student_top_inst/bridge_inst/dram_driver_inst/u_dram_tdp/U0/inst_blk_mem_gen/gnbram.gnativebmg.native_blk_mem_gen/valid.cstr/ramloop[41].ram.r/prim_init.ram/clka
    RAMB36_X0Y32         RAMB36E1                                     r  student_top_inst/bridge_inst/dram_driver_inst/u_dram_tdp/U0/inst_blk_mem_gen/gnbram.gnativebmg.native_blk_mem_gen/valid.cstr/ramloop[41].ram.r/prim_init.ram/DEVICE_7SERIES.NO_BMM_INFO.TRUE_DP.SIMPLE_PRIM36.ram/CLKBWRCLK
                         clock pessimism             -0.450     3.085    
                         clock uncertainty           -0.077     3.009    
    RAMB36_X0Y32         RAMB36E1 (Setup_ramb36e1_CLKBWRCLK_ENBWREN)
                                                     -0.328     2.681    student_top_inst/bridge_inst/dram_driver_inst/u_dram_tdp/U0/inst_blk_mem_gen/gnbram.gnativebmg.native_blk_mem_gen/valid.cstr/ramloop[41].ram.r/prim_init.ram/DEVICE_7SERIES.NO_BMM_INFO.TRUE_DP.SIMPLE_PRIM36.ram
  -------------------------------------------------------------------
                         required time                          2.681    
                         arrival time                          -2.506    
  -------------------------------------------------------------------
                         slack                                  0.174    

Slack (MET) :             0.180ns  (required time - arrival time)
  Source:                 student_top_inst/u_KLDJ_top/u_pipe_id_ex/id_ex_rs2_addr_reg[2]/C
                            (rising edge-triggered cell FDRE clocked by clk_out2_pll  {rise@0.000ns fall@2.857ns period=5.714ns})
  Destination:            student_top_inst/bridge_inst/dram_driver_inst/u_dram_tdp/U0/inst_blk_mem_gen/gnbram.gnativebmg.native_blk_mem_gen/valid.cstr/ramloop[7].ram.r/prim_init.ram/DEVICE_7SERIES.NO_BMM_INFO.TRUE_DP.SIMPLE_PRIM36.ram/ENBWREN
                            (rising edge-triggered cell RAMB36E1 clocked by clk_out2_pll  {rise@0.000ns fall@2.857ns period=5.714ns})
  Path Group:             clk_out2_pll
  Path Type:              Setup (Max at Slow Process Corner)
  Requirement:            5.714ns  (clk_out2_pll rise@5.714ns - clk_out2_pll rise@0.000ns)
  Data Path Delay:        5.012ns  (logic 1.105ns (22.047%)  route 3.907ns (77.953%))
  Logic Levels:           11  (CARRY4=4 LUT2=1 LUT3=2 LUT4=3 LUT5=1)
  Clock Path Skew:        -0.117ns (DCD - SCD + CPR)
    Destination Clock Delay (DCD):    -2.064ns = ( 3.650 - 5.714 ) 
    Source Clock Delay      (SCD):    -2.394ns
    Clock Pessimism Removal (CPR):    -0.448ns
  Clock Uncertainty:      0.077ns  ((TSJ^2 + DJ^2)^1/2) / 2 + PE
    Total System Jitter     (TSJ):    0.071ns
    Discrete Jitter          (DJ):    0.137ns
    Phase Error              (PE):    0.000ns

    Location             Delay type                Incr(ns)  Path(ns)    Netlist Resource(s)
  -------------------------------------------------------------------    -------------------
                         (clock clk_out2_pll rise edge)
                                                      0.000     0.000 r  
    AD12                                              0.000     0.000 r  i_sys_clk_p (IN)
                         net (fo=0)                   0.000     0.000    pll_inst/inst/clk_in1_p
    AD12                 IBUFDS (Prop_ibufds_I_O)     0.906     0.906 r  pll_inst/inst/clkin1_ibufgds/O
                         net (fo=1, routed)           1.098     2.004    pll_inst/inst/clk_in1_pll
    PLLE2_ADV_X1Y1       PLLE2_ADV (Prop_plle2_adv_CLKIN1_CLKOUT1)
                                                     -8.058    -6.054 r  pll_inst/inst/plle2_adv_inst/CLKOUT1
                         net (fo=1, routed)           2.128    -3.926    pll_inst/inst/clk_out2_pll
    BUFGCTRL_X0Y0        BUFG (Prop_bufg_I_O)         0.093    -3.833 r  pll_inst/inst/clkout2_buf/O
                         net (fo=6035, routed)        1.439    -2.394    student_top_inst/u_KLDJ_top/u_pipe_id_ex/clk_out2
    SLICE_X46Y121        FDRE                                         r  student_top_inst/u_KLDJ_top/u_pipe_id_ex/id_ex_rs2_addr_reg[2]/C
  -------------------------------------------------------------------    -------------------
    SLICE_X46Y121        FDRE (Prop_fdre_C_Q)         0.259    -2.135 r  student_top_inst/u_KLDJ_top/u_pipe_id_ex/id_ex_rs2_addr_reg[2]/Q
                         net (fo=3, routed)           0.378    -1.757    student_top_inst/u_KLDJ_top/u_pipe_id_ex/id_ex_rs2_addr_reg[4]_0[2]
    SLICE_X44Y122        LUT4 (Prop_lut4_I0_O)        0.043    -1.714 f  student_top_inst/u_KLDJ_top/u_pipe_id_ex/rs2_q[4]_i_5/O
                         net (fo=1, routed)           0.440    -1.274    student_top_inst/u_KLDJ_top/u_pipe_id_ex/rs2_q[4]_i_5_n_0
    SLICE_X49Y122        LUT4 (Prop_lut4_I1_O)        0.043    -1.231 r  student_top_inst/u_KLDJ_top/u_pipe_id_ex/rs2_q[4]_i_2/O
                         net (fo=40, routed)          0.441    -0.791    student_top_inst/u_KLDJ_top/u_pipe_id_ex/rs2_q[4]_i_2_n_0
    SLICE_X47Y120        LUT5 (Prop_lut5_I1_O)        0.043    -0.748 r  student_top_inst/u_KLDJ_top/u_pipe_id_ex/rs2_q[7]_i_2/O
                         net (fo=2, routed)           0.203    -0.545    student_top_inst/u_KLDJ_top/u_pipe_id_ex/rs2_q[7]_i_2_n_0
    SLICE_X47Y122        LUT3 (Prop_lut3_I0_O)        0.043    -0.502 r  student_top_inst/u_KLDJ_top/u_pipe_id_ex/rs2_q[7]_i_1/O
                         net (fo=12, routed)          0.335    -0.167    student_top_inst/u_KLDJ_top/u_pipe_id_ex/ex_data2[7]
    SLICE_X48Y122        LUT2 (Prop_lut2_I1_O)        0.043    -0.124 r  student_top_inst/u_KLDJ_top/u_pipe_id_ex/ex_mem_mem_addr[7]_i_3/O
                         net (fo=1, routed)           0.000    -0.124    student_top_inst/u_KLDJ_top/u_pipe_id_ex/ex_mem_mem_addr[7]_i_3_n_0
    SLICE_X48Y122        CARRY4 (Prop_carry4_S[3]_CO[3])
                                                      0.193     0.069 r  student_top_inst/u_KLDJ_top/u_pipe_id_ex/ex_mem_mem_addr_reg[7]_i_2/CO[3]
                         net (fo=1, routed)           0.000     0.069    student_top_inst/u_KLDJ_top/u_pipe_id_ex/ex_mem_mem_addr_reg[7]_i_2_n_0
    SLICE_X48Y123        CARRY4 (Prop_carry4_CI_CO[3])
                                                      0.053     0.122 r  student_top_inst/u_KLDJ_top/u_pipe_id_ex/ex_mem_mem_addr_reg[11]_i_2/CO[3]
                         net (fo=1, routed)           0.000     0.122    student_top_inst/u_KLDJ_top/u_pipe_id_ex/ex_mem_mem_addr_reg[11]_i_2_n_0
    SLICE_X48Y124        CARRY4 (Prop_carry4_CI_CO[3])
                                                      0.053     0.175 r  student_top_inst/u_KLDJ_top/u_pipe_id_ex/ex_mem_mem_addr_reg[15]_i_2/CO[3]
                         net (fo=1, routed)           0.007     0.182    student_top_inst/u_KLDJ_top/u_pipe_id_ex/ex_mem_mem_addr_reg[15]_i_2_n_0
    SLICE_X48Y125        CARRY4 (Prop_carry4_CI_O[1])
                                                      0.166     0.348 f  student_top_inst/u_KLDJ_top/u_pipe_id_ex/ex_mem_mem_addr_reg[19]_i_2/O[1]
                         net (fo=9, routed)           0.338     0.686    student_top_inst/u_KLDJ_top/u_pipe_id_ex/ex_mem_mem_addr_reg[19]_i_2_n_6
    SLICE_X46Y125        LUT3 (Prop_lut3_I1_O)        0.123     0.809 f  student_top_inst/u_KLDJ_top/u_pipe_id_ex/u_dram_tdp_i_1/O
                         net (fo=13, routed)          0.458     1.267    student_top_inst/bridge_inst/dram_driver_inst/u_dram_tdp/U0/inst_blk_mem_gen/gnbram.gnativebmg.native_blk_mem_gen/valid.cstr/ramloop[55].ram.r/prim_init.ram/addrb[15]
    SLICE_X49Y126        LUT4 (Prop_lut4_I3_O)        0.043     1.310 r  student_top_inst/bridge_inst/dram_driver_inst/u_dram_tdp/U0/inst_blk_mem_gen/gnbram.gnativebmg.native_blk_mem_gen/valid.cstr/ramloop[55].ram.r/prim_init.ram/DEVICE_7SERIES.NO_BMM_INFO.TRUE_DP.SIMPLE_PRIM36.ram_i_2__3/O
                         net (fo=4, routed)           1.308     2.618    student_top_inst/bridge_inst/dram_driver_inst/u_dram_tdp/U0/inst_blk_mem_gen/gnbram.gnativebmg.native_blk_mem_gen/valid.cstr/ramloop[7].ram.r/prim_init.ram/ramloop[7].ram.ram_enb
    RAMB36_X3Y22         RAMB36E1                                     r  student_top_inst/bridge_inst/dram_driver_inst/u_dram_tdp/U0/inst_blk_mem_gen/gnbram.gnativebmg.native_blk_mem_gen/valid.cstr/ramloop[7].ram.r/prim_init.ram/DEVICE_7SERIES.NO_BMM_INFO.TRUE_DP.SIMPLE_PRIM36.ram/ENBWREN
  -------------------------------------------------------------------    -------------------

                         (clock clk_out2_pll rise edge)
                                                      5.714     5.714 r  
    AD12                                              0.000     5.714 r  i_sys_clk_p (IN)
                         net (fo=0)                   0.000     5.714    pll_inst/inst/clk_in1_p
    AD12                 IBUFDS (Prop_ibufds_I_O)     0.803     6.518 r  pll_inst/inst/clkin1_ibufgds/O
                         net (fo=1, routed)           1.001     7.519    pll_inst/inst/clk_in1_pll
    PLLE2_ADV_X1Y1       PLLE2_ADV (Prop_plle2_adv_CLKIN1_CLKOUT1)
                                                     -7.261     0.258 r  pll_inst/inst/plle2_adv_inst/CLKOUT1
                         net (fo=1, routed)           2.003     2.261    pll_inst/inst/clk_out2_pll
    BUFGCTRL_X0Y0        BUFG (Prop_bufg_I_O)         0.083     2.344 r  pll_inst/inst/clkout2_buf/O
                         net (fo=6035, routed)        1.307     3.650    student_top_inst/bridge_inst/dram_driver_inst/u_dram_tdp/U0/inst_blk_mem_gen/gnbram.gnativebmg.native_blk_mem_gen/valid.cstr/ramloop[7].ram.r/prim_init.ram/clka
    RAMB36_X3Y22         RAMB36E1                                     r  student_top_inst/bridge_inst/dram_driver_inst/u_dram_tdp/U0/inst_blk_mem_gen/gnbram.gnativebmg.native_blk_mem_gen/valid.cstr/ramloop[7].ram.r/prim_init.ram/DEVICE_7SERIES.NO_BMM_INFO.TRUE_DP.SIMPLE_PRIM36.ram/CLKBWRCLK
                         clock pessimism             -0.448     3.202    
                         clock uncertainty           -0.077     3.126    
    RAMB36_X3Y22         RAMB36E1 (Setup_ramb36e1_CLKBWRCLK_ENBWREN)
                                                     -0.328     2.798    student_top_inst/bridge_inst/dram_driver_inst/u_dram_tdp/U0/inst_blk_mem_gen/gnbram.gnativebmg.native_blk_mem_gen/valid.cstr/ramloop[7].ram.r/prim_init.ram/DEVICE_7SERIES.NO_BMM_INFO.TRUE_DP.SIMPLE_PRIM36.ram
  -------------------------------------------------------------------
                         required time                          2.798    
                         arrival time                          -2.618    
  -------------------------------------------------------------------
                         slack                                  0.180    

Slack (MET) :             0.183ns  (required time - arrival time)
  Source:                 student_top_inst/u_KLDJ_top/u_pipe_id_ex/id_ex_rs2_addr_reg[2]/C
                            (rising edge-triggered cell FDRE clocked by clk_out2_pll  {rise@0.000ns fall@2.857ns period=5.714ns})
  Destination:            student_top_inst/bridge_inst/dram_driver_inst/u_dram_tdp/U0/inst_blk_mem_gen/gnbram.gnativebmg.native_blk_mem_gen/valid.cstr/ramloop[46].ram.r/prim_init.ram/DEVICE_7SERIES.NO_BMM_INFO.TRUE_DP.SIMPLE_PRIM36.ram/ADDRBWRADDR[10]
                            (rising edge-triggered cell RAMB36E1 clocked by clk_out2_pll  {rise@0.000ns fall@2.857ns period=5.714ns})
  Path Group:             clk_out2_pll
  Path Type:              Setup (Max at Slow Process Corner)
  Requirement:            5.714ns  (clk_out2_pll rise@5.714ns - clk_out2_pll rise@0.000ns)
  Data Path Delay:        4.807ns  (logic 0.956ns (19.888%)  route 3.851ns (80.112%))
  Logic Levels:           8  (CARRY4=2 LUT2=1 LUT3=2 LUT4=2 LUT5=1)
  Clock Path Skew:        -0.231ns (DCD - SCD + CPR)
    Destination Clock Delay (DCD):    -2.176ns = ( 3.538 - 5.714 ) 
    Source Clock Delay      (SCD):    -2.394ns
    Clock Pessimism Removal (CPR):    -0.450ns
  Clock Uncertainty:      0.077ns  ((TSJ^2 + DJ^2)^1/2) / 2 + PE
    Total System Jitter     (TSJ):    0.071ns
    Discrete Jitter          (DJ):    0.137ns
    Phase Error              (PE):    0.000ns

    Location             Delay type                Incr(ns)  Path(ns)    Netlist Resource(s)
  -------------------------------------------------------------------    -------------------
                         (clock clk_out2_pll rise edge)
                                                      0.000     0.000 r  
    AD12                                              0.000     0.000 r  i_sys_clk_p (IN)
                         net (fo=0)                   0.000     0.000    pll_inst/inst/clk_in1_p
    AD12                 IBUFDS (Prop_ibufds_I_O)     0.906     0.906 r  pll_inst/inst/clkin1_ibufgds/O
                         net (fo=1, routed)           1.098     2.004    pll_inst/inst/clk_in1_pll
    PLLE2_ADV_X1Y1       PLLE2_ADV (Prop_plle2_adv_CLKIN1_CLKOUT1)
                                                     -8.058    -6.054 r  pll_inst/inst/plle2_adv_inst/CLKOUT1
                         net (fo=1, routed)           2.128    -3.926    pll_inst/inst/clk_out2_pll
    BUFGCTRL_X0Y0        BUFG (Prop_bufg_I_O)         0.093    -3.833 r  pll_inst/inst/clkout2_buf/O
                         net (fo=6035, routed)        1.439    -2.394    student_top_inst/u_KLDJ_top/u_pipe_id_ex/clk_out2
    SLICE_X46Y121        FDRE                                         r  student_top_inst/u_KLDJ_top/u_pipe_id_ex/id_ex_rs2_addr_reg[2]/C
  -------------------------------------------------------------------    -------------------
    SLICE_X46Y121        FDRE (Prop_fdre_C_Q)         0.259    -2.135 r  student_top_inst/u_KLDJ_top/u_pipe_id_ex/id_ex_rs2_addr_reg[2]/Q
                         net (fo=3, routed)           0.378    -1.757    student_top_inst/u_KLDJ_top/u_pipe_id_ex/id_ex_rs2_addr_reg[4]_0[2]
    SLICE_X44Y122        LUT4 (Prop_lut4_I0_O)        0.043    -1.714 f  student_top_inst/u_KLDJ_top/u_pipe_id_ex/rs2_q[4]_i_5/O
                         net (fo=1, routed)           0.440    -1.274    student_top_inst/u_KLDJ_top/u_pipe_id_ex/rs2_q[4]_i_5_n_0
    SLICE_X49Y122        LUT4 (Prop_lut4_I1_O)        0.043    -1.231 r  student_top_inst/u_KLDJ_top/u_pipe_id_ex/rs2_q[4]_i_2/O
                         net (fo=40, routed)          0.441    -0.791    student_top_inst/u_KLDJ_top/u_pipe_id_ex/rs2_q[4]_i_2_n_0
    SLICE_X47Y120        LUT5 (Prop_lut5_I1_O)        0.043    -0.748 r  student_top_inst/u_KLDJ_top/u_pipe_id_ex/rs2_q[7]_i_2/O
                         net (fo=2, routed)           0.203    -0.545    student_top_inst/u_KLDJ_top/u_pipe_id_ex/rs2_q[7]_i_2_n_0
    SLICE_X47Y122        LUT3 (Prop_lut3_I0_O)        0.043    -0.502 r  student_top_inst/u_KLDJ_top/u_pipe_id_ex/rs2_q[7]_i_1/O
                         net (fo=12, routed)          0.335    -0.167    student_top_inst/u_KLDJ_top/u_pipe_id_ex/ex_data2[7]
    SLICE_X48Y122        LUT2 (Prop_lut2_I1_O)        0.043    -0.124 r  student_top_inst/u_KLDJ_top/u_pipe_id_ex/ex_mem_mem_addr[7]_i_3/O
                         net (fo=1, routed)           0.000    -0.124    student_top_inst/u_KLDJ_top/u_pipe_id_ex/ex_mem_mem_addr[7]_i_3_n_0
    SLICE_X48Y122        CARRY4 (Prop_carry4_S[3]_CO[3])
                                                      0.193     0.069 r  student_top_inst/u_KLDJ_top/u_pipe_id_ex/ex_mem_mem_addr_reg[7]_i_2/CO[3]
                         net (fo=1, routed)           0.000     0.069    student_top_inst/u_KLDJ_top/u_pipe_id_ex/ex_mem_mem_addr_reg[7]_i_2_n_0
    SLICE_X48Y123        CARRY4 (Prop_carry4_CI_O[1])
                                                      0.166     0.235 r  student_top_inst/u_KLDJ_top/u_pipe_id_ex/ex_mem_mem_addr_reg[11]_i_2/O[1]
                         net (fo=4, routed)           0.471     0.706    student_top_inst/u_KLDJ_top/u_pipe_id_ex/ex_mem_mem_addr_reg[11]_i_2_n_6
    SLICE_X40Y132        LUT3 (Prop_lut3_I1_O)        0.123     0.829 r  student_top_inst/u_KLDJ_top/u_pipe_id_ex/u_dram_tdp_i_9/O
                         net (fo=65, routed)          1.583     2.412    student_top_inst/bridge_inst/dram_driver_inst/u_dram_tdp/U0/inst_blk_mem_gen/gnbram.gnativebmg.native_blk_mem_gen/valid.cstr/ramloop[46].ram.r/prim_init.ram/addrb[7]
    RAMB36_X0Y31         RAMB36E1                                     r  student_top_inst/bridge_inst/dram_driver_inst/u_dram_tdp/U0/inst_blk_mem_gen/gnbram.gnativebmg.native_blk_mem_gen/valid.cstr/ramloop[46].ram.r/prim_init.ram/DEVICE_7SERIES.NO_BMM_INFO.TRUE_DP.SIMPLE_PRIM36.ram/ADDRBWRADDR[10]
  -------------------------------------------------------------------    -------------------

                         (clock clk_out2_pll rise edge)
                                                      5.714     5.714 r  
    AD12                                              0.000     5.714 r  i_sys_clk_p (IN)
                         net (fo=0)                   0.000     5.714    pll_inst/inst/clk_in1_p
    AD12                 IBUFDS (Prop_ibufds_I_O)     0.803     6.518 r  pll_inst/inst/clkin1_ibufgds/O
                         net (fo=1, routed)           1.001     7.519    pll_inst/inst/clk_in1_pll
    PLLE2_ADV_X1Y1       PLLE2_ADV (Prop_plle2_adv_CLKIN1_CLKOUT1)
                                                     -7.261     0.258 r  pll_inst/inst/plle2_adv_inst/CLKOUT1
                         net (fo=1, routed)           2.003     2.261    pll_inst/inst/clk_out2_pll
    BUFGCTRL_X0Y0        BUFG (Prop_bufg_I_O)         0.083     2.344 r  pll_inst/inst/clkout2_buf/O
                         net (fo=6035, routed)        1.195     3.538    student_top_inst/bridge_inst/dram_driver_inst/u_dram_tdp/U0/inst_blk_mem_gen/gnbram.gnativebmg.native_blk_mem_gen/valid.cstr/ramloop[46].ram.r/prim_init.ram/clka
    RAMB36_X0Y31         RAMB36E1                                     r  student_top_inst/bridge_inst/dram_driver_inst/u_dram_tdp/U0/inst_blk_mem_gen/gnbram.gnativebmg.native_blk_mem_gen/valid.cstr/ramloop[46].ram.r/prim_init.ram/DEVICE_7SERIES.NO_BMM_INFO.TRUE_DP.SIMPLE_PRIM36.ram/CLKBWRCLK
                         clock pessimism             -0.450     3.088    
                         clock uncertainty           -0.077     3.012    
    RAMB36_X0Y31         RAMB36E1 (Setup_ramb36e1_CLKBWRCLK_ADDRBWRADDR[10])
                                                     -0.416     2.596    student_top_inst/bridge_inst/dram_driver_inst/u_dram_tdp/U0/inst_blk_mem_gen/gnbram.gnativebmg.native_blk_mem_gen/valid.cstr/ramloop[46].ram.r/prim_init.ram/DEVICE_7SERIES.NO_BMM_INFO.TRUE_DP.SIMPLE_PRIM36.ram
  -------------------------------------------------------------------
                         required time                          2.596    
                         arrival time                          -2.412    
  -------------------------------------------------------------------
                         slack                                  0.183    

Slack (MET) :             0.184ns  (required time - arrival time)
  Source:                 student_top_inst/u_KLDJ_top/u_pipe_id_ex/id_ex_rs2_addr_reg[2]/C
                            (rising edge-triggered cell FDRE clocked by clk_out2_pll  {rise@0.000ns fall@2.857ns period=5.714ns})
  Destination:            student_top_inst/bridge_inst/dram_driver_inst/u_dram_tdp/U0/inst_blk_mem_gen/gnbram.gnativebmg.native_blk_mem_gen/valid.cstr/ramloop[35].ram.r/prim_init.ram/DEVICE_7SERIES.NO_BMM_INFO.TRUE_DP.SIMPLE_PRIM36.ram/ADDRBWRADDR[10]
                            (rising edge-triggered cell RAMB36E1 clocked by clk_out2_pll  {rise@0.000ns fall@2.857ns period=5.714ns})
  Path Group:             clk_out2_pll
  Path Type:              Setup (Max at Slow Process Corner)
  Requirement:            5.714ns  (clk_out2_pll rise@5.714ns - clk_out2_pll rise@0.000ns)
  Data Path Delay:        4.800ns  (logic 0.956ns (19.917%)  route 3.844ns (80.083%))
  Logic Levels:           8  (CARRY4=2 LUT2=1 LUT3=2 LUT4=2 LUT5=1)
  Clock Path Skew:        -0.237ns (DCD - SCD + CPR)
    Destination Clock Delay (DCD):    -2.182ns = ( 3.532 - 5.714 ) 
    Source Clock Delay      (SCD):    -2.394ns
    Clock Pessimism Removal (CPR):    -0.450ns
  Clock Uncertainty:      0.077ns  ((TSJ^2 + DJ^2)^1/2) / 2 + PE
    Total System Jitter     (TSJ):    0.071ns
    Discrete Jitter          (DJ):    0.137ns
    Phase Error              (PE):    0.000ns

    Location             Delay type                Incr(ns)  Path(ns)    Netlist Resource(s)
  -------------------------------------------------------------------    -------------------
                         (clock clk_out2_pll rise edge)
                                                      0.000     0.000 r  
    AD12                                              0.000     0.000 r  i_sys_clk_p (IN)
                         net (fo=0)                   0.000     0.000    pll_inst/inst/clk_in1_p
    AD12                 IBUFDS (Prop_ibufds_I_O)     0.906     0.906 r  pll_inst/inst/clkin1_ibufgds/O
                         net (fo=1, routed)           1.098     2.004    pll_inst/inst/clk_in1_pll
    PLLE2_ADV_X1Y1       PLLE2_ADV (Prop_plle2_adv_CLKIN1_CLKOUT1)
                                                     -8.058    -6.054 r  pll_inst/inst/plle2_adv_inst/CLKOUT1
                         net (fo=1, routed)           2.128    -3.926    pll_inst/inst/clk_out2_pll
    BUFGCTRL_X0Y0        BUFG (Prop_bufg_I_O)         0.093    -3.833 r  pll_inst/inst/clkout2_buf/O
                         net (fo=6035, routed)        1.439    -2.394    student_top_inst/u_KLDJ_top/u_pipe_id_ex/clk_out2
    SLICE_X46Y121        FDRE                                         r  student_top_inst/u_KLDJ_top/u_pipe_id_ex/id_ex_rs2_addr_reg[2]/C
  -------------------------------------------------------------------    -------------------
    SLICE_X46Y121        FDRE (Prop_fdre_C_Q)         0.259    -2.135 r  student_top_inst/u_KLDJ_top/u_pipe_id_ex/id_ex_rs2_addr_reg[2]/Q
                         net (fo=3, routed)           0.378    -1.757    student_top_inst/u_KLDJ_top/u_pipe_id_ex/id_ex_rs2_addr_reg[4]_0[2]
    SLICE_X44Y122        LUT4 (Prop_lut4_I0_O)        0.043    -1.714 f  student_top_inst/u_KLDJ_top/u_pipe_id_ex/rs2_q[4]_i_5/O
                         net (fo=1, routed)           0.440    -1.274    student_top_inst/u_KLDJ_top/u_pipe_id_ex/rs2_q[4]_i_5_n_0
    SLICE_X49Y122        LUT4 (Prop_lut4_I1_O)        0.043    -1.231 r  student_top_inst/u_KLDJ_top/u_pipe_id_ex/rs2_q[4]_i_2/O
                         net (fo=40, routed)          0.441    -0.791    student_top_inst/u_KLDJ_top/u_pipe_id_ex/rs2_q[4]_i_2_n_0
    SLICE_X47Y120        LUT5 (Prop_lut5_I1_O)        0.043    -0.748 r  student_top_inst/u_KLDJ_top/u_pipe_id_ex/rs2_q[7]_i_2/O
                         net (fo=2, routed)           0.203    -0.545    student_top_inst/u_KLDJ_top/u_pipe_id_ex/rs2_q[7]_i_2_n_0
    SLICE_X47Y122        LUT3 (Prop_lut3_I0_O)        0.043    -0.502 r  student_top_inst/u_KLDJ_top/u_pipe_id_ex/rs2_q[7]_i_1/O
                         net (fo=12, routed)          0.335    -0.167    student_top_inst/u_KLDJ_top/u_pipe_id_ex/ex_data2[7]
    SLICE_X48Y122        LUT2 (Prop_lut2_I1_O)        0.043    -0.124 r  student_top_inst/u_KLDJ_top/u_pipe_id_ex/ex_mem_mem_addr[7]_i_3/O
                         net (fo=1, routed)           0.000    -0.124    student_top_inst/u_KLDJ_top/u_pipe_id_ex/ex_mem_mem_addr[7]_i_3_n_0
    SLICE_X48Y122        CARRY4 (Prop_carry4_S[3]_CO[3])
                                                      0.193     0.069 r  student_top_inst/u_KLDJ_top/u_pipe_id_ex/ex_mem_mem_addr_reg[7]_i_2/CO[3]
                         net (fo=1, routed)           0.000     0.069    student_top_inst/u_KLDJ_top/u_pipe_id_ex/ex_mem_mem_addr_reg[7]_i_2_n_0
    SLICE_X48Y123        CARRY4 (Prop_carry4_CI_O[1])
                                                      0.166     0.235 r  student_top_inst/u_KLDJ_top/u_pipe_id_ex/ex_mem_mem_addr_reg[11]_i_2/O[1]
                         net (fo=4, routed)           0.471     0.706    student_top_inst/u_KLDJ_top/u_pipe_id_ex/ex_mem_mem_addr_reg[11]_i_2_n_6
    SLICE_X40Y132        LUT3 (Prop_lut3_I1_O)        0.123     0.829 r  student_top_inst/u_KLDJ_top/u_pipe_id_ex/u_dram_tdp_i_9/O
                         net (fo=65, routed)          1.576     2.405    student_top_inst/bridge_inst/dram_driver_inst/u_dram_tdp/U0/inst_blk_mem_gen/gnbram.gnativebmg.native_blk_mem_gen/valid.cstr/ramloop[35].ram.r/prim_init.ram/addrb[7]
    RAMB36_X0Y33         RAMB36E1                                     r  student_top_inst/bridge_inst/dram_driver_inst/u_dram_tdp/U0/inst_blk_mem_gen/gnbram.gnativebmg.native_blk_mem_gen/valid.cstr/ramloop[35].ram.r/prim_init.ram/DEVICE_7SERIES.NO_BMM_INFO.TRUE_DP.SIMPLE_PRIM36.ram/ADDRBWRADDR[10]
  -------------------------------------------------------------------    -------------------

                         (clock clk_out2_pll rise edge)
                                                      5.714     5.714 r  
    AD12                                              0.000     5.714 r  i_sys_clk_p (IN)
                         net (fo=0)                   0.000     5.714    pll_inst/inst/clk_in1_p
    AD12                 IBUFDS (Prop_ibufds_I_O)     0.803     6.518 r  pll_inst/inst/clkin1_ibufgds/O
                         net (fo=1, routed)           1.001     7.519    pll_inst/inst/clk_in1_pll
    PLLE2_ADV_X1Y1       PLLE2_ADV (Prop_plle2_adv_CLKIN1_CLKOUT1)
                                                     -7.261     0.258 r  pll_inst/inst/plle2_adv_inst/CLKOUT1
                         net (fo=1, routed)           2.003     2.261    pll_inst/inst/clk_out2_pll
    BUFGCTRL_X0Y0        BUFG (Prop_bufg_I_O)         0.083     2.344 r  pll_inst/inst/clkout2_buf/O
                         net (fo=6035, routed)        1.189     3.532    student_top_inst/bridge_inst/dram_driver_inst/u_dram_tdp/U0/inst_blk_mem_gen/gnbram.gnativebmg.native_blk_mem_gen/valid.cstr/ramloop[35].ram.r/prim_init.ram/clka
    RAMB36_X0Y33         RAMB36E1                                     r  student_top_inst/bridge_inst/dram_driver_inst/u_dram_tdp/U0/inst_blk_mem_gen/gnbram.gnativebmg.native_blk_mem_gen/valid.cstr/ramloop[35].ram.r/prim_init.ram/DEVICE_7SERIES.NO_BMM_INFO.TRUE_DP.SIMPLE_PRIM36.ram/CLKBWRCLK
                         clock pessimism             -0.450     3.082    
                         clock uncertainty           -0.077     3.006    
    RAMB36_X0Y33         RAMB36E1 (Setup_ramb36e1_CLKBWRCLK_ADDRBWRADDR[10])
                                                     -0.416     2.590    student_top_inst/bridge_inst/dram_driver_inst/u_dram_tdp/U0/inst_blk_mem_gen/gnbram.gnativebmg.native_blk_mem_gen/valid.cstr/ramloop[35].ram.r/prim_init.ram/DEVICE_7SERIES.NO_BMM_INFO.TRUE_DP.SIMPLE_PRIM36.ram
  -------------------------------------------------------------------
                         required time                          2.590    
                         arrival time                          -2.405    
  -------------------------------------------------------------------
                         slack                                  0.184    

Slack (MET) :             0.185ns  (required time - arrival time)
  Source:                 student_top_inst/bridge_inst/dram_driver_inst/u_dram_tdp/U0/inst_blk_mem_gen/gnbram.gnativebmg.native_blk_mem_gen/valid.cstr/ramloop[6].ram.r/prim_init.ram/DEVICE_7SERIES.NO_BMM_INFO.TRUE_DP.SIMPLE_PRIM36.ram/CLKBWRCLK
                            (rising edge-triggered cell RAMB36E1 clocked by clk_out2_pll  {rise@0.000ns fall@2.857ns period=5.714ns})
  Destination:            student_top_inst/u_KLDJ_top/u_pipe_mem_wb/mem_wb_wb_data_reg[24]/D
                            (rising edge-triggered cell FDRE clocked by clk_out2_pll  {rise@0.000ns fall@2.857ns period=5.714ns})
  Path Group:             clk_out2_pll
  Path Type:              Setup (Max at Slow Process Corner)
  Requirement:            5.714ns  (clk_out2_pll rise@5.714ns - clk_out2_pll rise@0.000ns)
  Data Path Delay:        5.397ns  (logic 2.265ns (41.967%)  route 3.132ns (58.033%))
  Logic Levels:           7  (LUT3=1 LUT5=2 LUT6=2 MUXF7=1 MUXF8=1)
  Clock Path Skew:        -0.122ns (DCD - SCD + CPR)
    Destination Clock Delay (DCD):    -2.064ns = ( 3.651 - 5.714 ) 
    Source Clock Delay      (SCD):    -2.390ns
    Clock Pessimism Removal (CPR):    -0.448ns
  Clock Uncertainty:      0.077ns  ((TSJ^2 + DJ^2)^1/2) / 2 + PE
    Total System Jitter     (TSJ):    0.071ns
    Discrete Jitter          (DJ):    0.137ns
    Phase Error              (PE):    0.000ns

    Location             Delay type                Incr(ns)  Path(ns)    Netlist Resource(s)
  -------------------------------------------------------------------    -------------------
                         (clock clk_out2_pll rise edge)
                                                      0.000     0.000 r  
    AD12                                              0.000     0.000 r  i_sys_clk_p (IN)
                         net (fo=0)                   0.000     0.000    pll_inst/inst/clk_in1_p
    AD12                 IBUFDS (Prop_ibufds_I_O)     0.906     0.906 r  pll_inst/inst/clkin1_ibufgds/O
                         net (fo=1, routed)           1.098     2.004    pll_inst/inst/clk_in1_pll
    PLLE2_ADV_X1Y1       PLLE2_ADV (Prop_plle2_adv_CLKIN1_CLKOUT1)
                                                     -8.058    -6.054 r  pll_inst/inst/plle2_adv_inst/CLKOUT1
                         net (fo=1, routed)           2.128    -3.926    pll_inst/inst/clk_out2_pll
    BUFGCTRL_X0Y0        BUFG (Prop_bufg_I_O)         0.093    -3.833 r  pll_inst/inst/clkout2_buf/O
                         net (fo=6035, routed)        1.444    -2.390    student_top_inst/bridge_inst/dram_driver_inst/u_dram_tdp/U0/inst_blk_mem_gen/gnbram.gnativebmg.native_blk_mem_gen/valid.cstr/ramloop[6].ram.r/prim_init.ram/clka
    RAMB36_X3Y28         RAMB36E1                                     r  student_top_inst/bridge_inst/dram_driver_inst/u_dram_tdp/U0/inst_blk_mem_gen/gnbram.gnativebmg.native_blk_mem_gen/valid.cstr/ramloop[6].ram.r/prim_init.ram/DEVICE_7SERIES.NO_BMM_INFO.TRUE_DP.SIMPLE_PRIM36.ram/CLKBWRCLK
  -------------------------------------------------------------------    -------------------
    RAMB36_X3Y28         RAMB36E1 (Prop_ramb36e1_CLKBWRCLK_DOBDO[7])
                                                      1.800    -0.590 r  student_top_inst/bridge_inst/dram_driver_inst/u_dram_tdp/U0/inst_blk_mem_gen/gnbram.gnativebmg.native_blk_mem_gen/valid.cstr/ramloop[6].ram.r/prim_init.ram/DEVICE_7SERIES.NO_BMM_INFO.TRUE_DP.SIMPLE_PRIM36.ram/DOBDO[7]
                         net (fo=1, routed)           1.760     1.171    student_top_inst/bridge_inst/dram_driver_inst/u_dram_tdp/U0/inst_blk_mem_gen/gnbram.gnativebmg.native_blk_mem_gen/valid.cstr/has_mux_b.B/doutb[7]_INST_0_i_1_4[7]
    SLICE_X47Y126        LUT6 (Prop_lut6_I1_O)        0.043     1.214 r  student_top_inst/bridge_inst/dram_driver_inst/u_dram_tdp/U0/inst_blk_mem_gen/gnbram.gnativebmg.native_blk_mem_gen/valid.cstr/has_mux_b.B/doutb[7]_INST_0_i_4/O
                         net (fo=1, routed)           0.000     1.214    student_top_inst/bridge_inst/dram_driver_inst/u_dram_tdp/U0/inst_blk_mem_gen/gnbram.gnativebmg.native_blk_mem_gen/valid.cstr/has_mux_b.B/doutb[7]_INST_0_i_4_n_0
    SLICE_X47Y126        MUXF7 (Prop_muxf7_I1_O)      0.122     1.336 r  student_top_inst/bridge_inst/dram_driver_inst/u_dram_tdp/U0/inst_blk_mem_gen/gnbram.gnativebmg.native_blk_mem_gen/valid.cstr/has_mux_b.B/doutb[7]_INST_0_i_1/O
                         net (fo=1, routed)           0.000     1.336    student_top_inst/bridge_inst/dram_driver_inst/u_dram_tdp/U0/inst_blk_mem_gen/gnbram.gnativebmg.native_blk_mem_gen/valid.cstr/has_mux_b.B/doutb[7]_INST_0_i_1_n_0
    SLICE_X47Y126        MUXF8 (Prop_muxf8_I0_O)      0.045     1.381 r  student_top_inst/bridge_inst/dram_driver_inst/u_dram_tdp/U0/inst_blk_mem_gen/gnbram.gnativebmg.native_blk_mem_gen/valid.cstr/has_mux_b.B/doutb[7]_INST_0/O
                         net (fo=1, routed)           0.293     1.674    student_top_inst/bridge_inst/dram_driver_inst/bram_dout[7]
    SLICE_X41Y127        LUT5 (Prop_lut5_I4_O)        0.126     1.800 r  student_top_inst/bridge_inst/dram_driver_inst/mem_wb_wb_data[7]_i_4_comp/O
                         net (fo=3, routed)           0.311     2.111    student_top_inst/bridge_inst/dram_driver_inst/perip_rdata[7]
    SLICE_X41Y125        LUT3 (Prop_lut3_I2_O)        0.043     2.154 r  student_top_inst/bridge_inst/dram_driver_inst/mem_wb_wb_data[7]_i_3/O
                         net (fo=2, routed)           0.356     2.510    student_top_inst/u_KLDJ_top/u_pipe_ex_mem/mem_wb_wb_data_reg[7]
    SLICE_X42Y123        LUT6 (Prop_lut6_I5_O)        0.043     2.553 r  student_top_inst/u_KLDJ_top/u_pipe_ex_mem/mem_wb_wb_data[31]_i_2_comp/O
                         net (fo=16, routed)          0.411     2.964    student_top_inst/u_KLDJ_top/u_pipe_ex_mem/mem_wb_wb_data[31]_i_2_n_0
    SLICE_X42Y125        LUT5 (Prop_lut5_I0_O)        0.043     3.007 r  student_top_inst/u_KLDJ_top/u_pipe_ex_mem/mem_wb_wb_data[24]_i_1/O
                         net (fo=1, routed)           0.000     3.007    student_top_inst/u_KLDJ_top/u_pipe_mem_wb/D[24]
    SLICE_X42Y125        FDRE                                         r  student_top_inst/u_KLDJ_top/u_pipe_mem_wb/mem_wb_wb_data_reg[24]/D
  -------------------------------------------------------------------    -------------------

                         (clock clk_out2_pll rise edge)
                                                      5.714     5.714 r  
    AD12                                              0.000     5.714 r  i_sys_clk_p (IN)
                         net (fo=0)                   0.000     5.714    pll_inst/inst/clk_in1_p
    AD12                 IBUFDS (Prop_ibufds_I_O)     0.803     6.518 r  pll_inst/inst/clkin1_ibufgds/O
                         net (fo=1, routed)           1.001     7.519    pll_inst/inst/clk_in1_pll
    PLLE2_ADV_X1Y1       PLLE2_ADV (Prop_plle2_adv_CLKIN1_CLKOUT1)
                                                     -7.261     0.258 r  pll_inst/inst/plle2_adv_inst/CLKOUT1
                         net (fo=1, routed)           2.003     2.261    pll_inst/inst/clk_out2_pll
    BUFGCTRL_X0Y0        BUFG (Prop_bufg_I_O)         0.083     2.344 r  pll_inst/inst/clkout2_buf/O
                         net (fo=6035, routed)        1.307     3.651    student_top_inst/u_KLDJ_top/u_pipe_mem_wb/clk_out2
    SLICE_X42Y125        FDRE                                         r  student_top_inst/u_KLDJ_top/u_pipe_mem_wb/mem_wb_wb_data_reg[24]/C
                         clock pessimism             -0.448     3.203    
                         clock uncertainty           -0.077     3.126    
    SLICE_X42Y125        FDRE (Setup_fdre_C_D)        0.066     3.192    student_top_inst/u_KLDJ_top/u_pipe_mem_wb/mem_wb_wb_data_reg[24]
  -------------------------------------------------------------------
                         required time                          3.192    
                         arrival time                          -3.007    
  -------------------------------------------------------------------
                         slack                                  0.185    

Slack (MET) :             0.191ns  (required time - arrival time)
  Source:                 student_top_inst/u_KLDJ_top/u_pipe_id_ex/id_ex_rs2_addr_reg[2]/C
                            (rising edge-triggered cell FDRE clocked by clk_out2_pll  {rise@0.000ns fall@2.857ns period=5.714ns})
  Destination:            student_top_inst/bridge_inst/dram_driver_inst/u_dram_tdp/U0/inst_blk_mem_gen/gnbram.gnativebmg.native_blk_mem_gen/valid.cstr/ramloop[38].ram.r/prim_init.ram/DEVICE_7SERIES.NO_BMM_INFO.TRUE_DP.SIMPLE_PRIM36.ram/ADDRBWRADDR[14]
                            (rising edge-triggered cell RAMB36E1 clocked by clk_out2_pll  {rise@0.000ns fall@2.857ns period=5.714ns})
  Path Group:             clk_out2_pll
  Path Type:              Setup (Max at Slow Process Corner)
  Requirement:            5.714ns  (clk_out2_pll rise@5.714ns - clk_out2_pll rise@0.000ns)
  Data Path Delay:        4.791ns  (logic 1.009ns (21.061%)  route 3.782ns (78.939%))
  Logic Levels:           9  (CARRY4=3 LUT2=1 LUT3=2 LUT4=2 LUT5=1)
  Clock Path Skew:        -0.239ns (DCD - SCD + CPR)
    Destination Clock Delay (DCD):    -2.184ns = ( 3.530 - 5.714 ) 
    Source Clock Delay      (SCD):    -2.394ns
    Clock Pessimism Removal (CPR):    -0.450ns
  Clock Uncertainty:      0.077ns  ((TSJ^2 + DJ^2)^1/2) / 2 + PE
    Total System Jitter     (TSJ):    0.071ns
    Discrete Jitter          (DJ):    0.137ns
    Phase Error              (PE):    0.000ns

    Location             Delay type                Incr(ns)  Path(ns)    Netlist Resource(s)
  -------------------------------------------------------------------    -------------------
                         (clock clk_out2_pll rise edge)
                                                      0.000     0.000 r  
    AD12                                              0.000     0.000 r  i_sys_clk_p (IN)
                         net (fo=0)                   0.000     0.000    pll_inst/inst/clk_in1_p
    AD12                 IBUFDS (Prop_ibufds_I_O)     0.906     0.906 r  pll_inst/inst/clkin1_ibufgds/O
                         net (fo=1, routed)           1.098     2.004    pll_inst/inst/clk_in1_pll
    PLLE2_ADV_X1Y1       PLLE2_ADV (Prop_plle2_adv_CLKIN1_CLKOUT1)
                                                     -8.058    -6.054 r  pll_inst/inst/plle2_adv_inst/CLKOUT1
                         net (fo=1, routed)           2.128    -3.926    pll_inst/inst/clk_out2_pll
    BUFGCTRL_X0Y0        BUFG (Prop_bufg_I_O)         0.093    -3.833 r  pll_inst/inst/clkout2_buf/O
                         net (fo=6035, routed)        1.439    -2.394    student_top_inst/u_KLDJ_top/u_pipe_id_ex/clk_out2
    SLICE_X46Y121        FDRE                                         r  student_top_inst/u_KLDJ_top/u_pipe_id_ex/id_ex_rs2_addr_reg[2]/C
  -------------------------------------------------------------------    -------------------
    SLICE_X46Y121        FDRE (Prop_fdre_C_Q)         0.259    -2.135 r  student_top_inst/u_KLDJ_top/u_pipe_id_ex/id_ex_rs2_addr_reg[2]/Q
                         net (fo=3, routed)           0.378    -1.757    student_top_inst/u_KLDJ_top/u_pipe_id_ex/id_ex_rs2_addr_reg[4]_0[2]
    SLICE_X44Y122        LUT4 (Prop_lut4_I0_O)        0.043    -1.714 f  student_top_inst/u_KLDJ_top/u_pipe_id_ex/rs2_q[4]_i_5/O
                         net (fo=1, routed)           0.440    -1.274    student_top_inst/u_KLDJ_top/u_pipe_id_ex/rs2_q[4]_i_5_n_0
    SLICE_X49Y122        LUT4 (Prop_lut4_I1_O)        0.043    -1.231 r  student_top_inst/u_KLDJ_top/u_pipe_id_ex/rs2_q[4]_i_2/O
                         net (fo=40, routed)          0.441    -0.791    student_top_inst/u_KLDJ_top/u_pipe_id_ex/rs2_q[4]_i_2_n_0
    SLICE_X47Y120        LUT5 (Prop_lut5_I1_O)        0.043    -0.748 r  student_top_inst/u_KLDJ_top/u_pipe_id_ex/rs2_q[7]_i_2/O
                         net (fo=2, routed)           0.203    -0.545    student_top_inst/u_KLDJ_top/u_pipe_id_ex/rs2_q[7]_i_2_n_0
    SLICE_X47Y122        LUT3 (Prop_lut3_I0_O)        0.043    -0.502 r  student_top_inst/u_KLDJ_top/u_pipe_id_ex/rs2_q[7]_i_1/O
                         net (fo=12, routed)          0.335    -0.167    student_top_inst/u_KLDJ_top/u_pipe_id_ex/ex_data2[7]
    SLICE_X48Y122        LUT2 (Prop_lut2_I1_O)        0.043    -0.124 r  student_top_inst/u_KLDJ_top/u_pipe_id_ex/ex_mem_mem_addr[7]_i_3/O
                         net (fo=1, routed)           0.000    -0.124    student_top_inst/u_KLDJ_top/u_pipe_id_ex/ex_mem_mem_addr[7]_i_3_n_0
    SLICE_X48Y122        CARRY4 (Prop_carry4_S[3]_CO[3])
                                                      0.193     0.069 r  student_top_inst/u_KLDJ_top/u_pipe_id_ex/ex_mem_mem_addr_reg[7]_i_2/CO[3]
                         net (fo=1, routed)           0.000     0.069    student_top_inst/u_KLDJ_top/u_pipe_id_ex/ex_mem_mem_addr_reg[7]_i_2_n_0
    SLICE_X48Y123        CARRY4 (Prop_carry4_CI_CO[3])
                                                      0.053     0.122 r  student_top_inst/u_KLDJ_top/u_pipe_id_ex/ex_mem_mem_addr_reg[11]_i_2/CO[3]
                         net (fo=1, routed)           0.000     0.122    student_top_inst/u_KLDJ_top/u_pipe_id_ex/ex_mem_mem_addr_reg[11]_i_2_n_0
    SLICE_X48Y124        CARRY4 (Prop_carry4_CI_O[1])
                                                      0.166     0.288 r  student_top_inst/u_KLDJ_top/u_pipe_id_ex/ex_mem_mem_addr_reg[15]_i_2/O[1]
                         net (fo=5, routed)           0.342     0.630    student_top_inst/u_KLDJ_top/u_pipe_id_ex/ex_mem_mem_addr_reg[15]_i_2_n_6
    SLICE_X43Y128        LUT3 (Prop_lut3_I1_O)        0.123     0.753 r  student_top_inst/u_KLDJ_top/u_pipe_id_ex/u_dram_tdp_i_5/O
                         net (fo=64, routed)          1.644     2.397    student_top_inst/bridge_inst/dram_driver_inst/u_dram_tdp/U0/inst_blk_mem_gen/gnbram.gnativebmg.native_blk_mem_gen/valid.cstr/ramloop[38].ram.r/prim_init.ram/addrb[11]
    RAMB36_X1Y33         RAMB36E1                                     r  student_top_inst/bridge_inst/dram_driver_inst/u_dram_tdp/U0/inst_blk_mem_gen/gnbram.gnativebmg.native_blk_mem_gen/valid.cstr/ramloop[38].ram.r/prim_init.ram/DEVICE_7SERIES.NO_BMM_INFO.TRUE_DP.SIMPLE_PRIM36.ram/ADDRBWRADDR[14]
  -------------------------------------------------------------------    -------------------

                         (clock clk_out2_pll rise edge)
                                                      5.714     5.714 r  
    AD12                                              0.000     5.714 r  i_sys_clk_p (IN)
                         net (fo=0)                   0.000     5.714    pll_inst/inst/clk_in1_p
    AD12                 IBUFDS (Prop_ibufds_I_O)     0.803     6.518 r  pll_inst/inst/clkin1_ibufgds/O
                         net (fo=1, routed)           1.001     7.519    pll_inst/inst/clk_in1_pll
    PLLE2_ADV_X1Y1       PLLE2_ADV (Prop_plle2_adv_CLKIN1_CLKOUT1)
                                                     -7.261     0.258 r  pll_inst/inst/plle2_adv_inst/CLKOUT1
                         net (fo=1, routed)           2.003     2.261    pll_inst/inst/clk_out2_pll
    BUFGCTRL_X0Y0        BUFG (Prop_bufg_I_O)         0.083     2.344 r  pll_inst/inst/clkout2_buf/O
                         net (fo=6035, routed)        1.187     3.530    student_top_inst/bridge_inst/dram_driver_inst/u_dram_tdp/U0/inst_blk_mem_gen/gnbram.gnativebmg.native_blk_mem_gen/valid.cstr/ramloop[38].ram.r/prim_init.ram/clka
    RAMB36_X1Y33         RAMB36E1                                     r  student_top_inst/bridge_inst/dram_driver_inst/u_dram_tdp/U0/inst_blk_mem_gen/gnbram.gnativebmg.native_blk_mem_gen/valid.cstr/ramloop[38].ram.r/prim_init.ram/DEVICE_7SERIES.NO_BMM_INFO.TRUE_DP.SIMPLE_PRIM36.ram/CLKBWRCLK
                         clock pessimism             -0.450     3.080    
                         clock uncertainty           -0.077     3.004    
    RAMB36_X1Y33         RAMB36E1 (Setup_ramb36e1_CLKBWRCLK_ADDRBWRADDR[14])
                                                     -0.416     2.588    student_top_inst/bridge_inst/dram_driver_inst/u_dram_tdp/U0/inst_blk_mem_gen/gnbram.gnativebmg.native_blk_mem_gen/valid.cstr/ramloop[38].ram.r/prim_init.ram/DEVICE_7SERIES.NO_BMM_INFO.TRUE_DP.SIMPLE_PRIM36.ram
  -------------------------------------------------------------------
                         required time                          2.588    
                         arrival time                          -2.397    
  -------------------------------------------------------------------
                         slack                                  0.191    

Slack (MET) :             0.198ns  (required time - arrival time)
  Source:                 student_top_inst/bridge_inst/dram_driver_inst/u_dram_tdp/U0/inst_blk_mem_gen/gnbram.gnativebmg.native_blk_mem_gen/valid.cstr/ramloop[6].ram.r/prim_init.ram/DEVICE_7SERIES.NO_BMM_INFO.TRUE_DP.SIMPLE_PRIM36.ram/CLKBWRCLK
                            (rising edge-triggered cell RAMB36E1 clocked by clk_out2_pll  {rise@0.000ns fall@2.857ns period=5.714ns})
  Destination:            student_top_inst/u_KLDJ_top/u_pipe_mem_wb/mem_wb_wb_data_reg[28]/D
                            (rising edge-triggered cell FDRE clocked by clk_out2_pll  {rise@0.000ns fall@2.857ns period=5.714ns})
  Path Group:             clk_out2_pll
  Path Type:              Setup (Max at Slow Process Corner)
  Requirement:            5.714ns  (clk_out2_pll rise@5.714ns - clk_out2_pll rise@0.000ns)
  Data Path Delay:        5.383ns  (logic 2.265ns (42.075%)  route 3.118ns (57.925%))
  Logic Levels:           7  (LUT3=1 LUT5=2 LUT6=2 MUXF7=1 MUXF8=1)
  Clock Path Skew:        -0.122ns (DCD - SCD + CPR)
    Destination Clock Delay (DCD):    -2.064ns = ( 3.651 - 5.714 ) 
    Source Clock Delay      (SCD):    -2.390ns
    Clock Pessimism Removal (CPR):    -0.448ns
  Clock Uncertainty:      0.077ns  ((TSJ^2 + DJ^2)^1/2) / 2 + PE
    Total System Jitter     (TSJ):    0.071ns
    Discrete Jitter          (DJ):    0.137ns
    Phase Error              (PE):    0.000ns

    Location             Delay type                Incr(ns)  Path(ns)    Netlist Resource(s)
  -------------------------------------------------------------------    -------------------
                         (clock clk_out2_pll rise edge)
                                                      0.000     0.000 r  
    AD12                                              0.000     0.000 r  i_sys_clk_p (IN)
                         net (fo=0)                   0.000     0.000    pll_inst/inst/clk_in1_p
    AD12                 IBUFDS (Prop_ibufds_I_O)     0.906     0.906 r  pll_inst/inst/clkin1_ibufgds/O
                         net (fo=1, routed)           1.098     2.004    pll_inst/inst/clk_in1_pll
    PLLE2_ADV_X1Y1       PLLE2_ADV (Prop_plle2_adv_CLKIN1_CLKOUT1)
                                                     -8.058    -6.054 r  pll_inst/inst/plle2_adv_inst/CLKOUT1
                         net (fo=1, routed)           2.128    -3.926    pll_inst/inst/clk_out2_pll
    BUFGCTRL_X0Y0        BUFG (Prop_bufg_I_O)         0.093    -3.833 r  pll_inst/inst/clkout2_buf/O
                         net (fo=6035, routed)        1.444    -2.390    student_top_inst/bridge_inst/dram_driver_inst/u_dram_tdp/U0/inst_blk_mem_gen/gnbram.gnativebmg.native_blk_mem_gen/valid.cstr/ramloop[6].ram.r/prim_init.ram/clka
    RAMB36_X3Y28         RAMB36E1                                     r  student_top_inst/bridge_inst/dram_driver_inst/u_dram_tdp/U0/inst_blk_mem_gen/gnbram.gnativebmg.native_blk_mem_gen/valid.cstr/ramloop[6].ram.r/prim_init.ram/DEVICE_7SERIES.NO_BMM_INFO.TRUE_DP.SIMPLE_PRIM36.ram/CLKBWRCLK
  -------------------------------------------------------------------    -------------------
    RAMB36_X3Y28         RAMB36E1 (Prop_ramb36e1_CLKBWRCLK_DOBDO[7])
                                                      1.800    -0.590 r  student_top_inst/bridge_inst/dram_driver_inst/u_dram_tdp/U0/inst_blk_mem_gen/gnbram.gnativebmg.native_blk_mem_gen/valid.cstr/ramloop[6].ram.r/prim_init.ram/DEVICE_7SERIES.NO_BMM_INFO.TRUE_DP.SIMPLE_PRIM36.ram/DOBDO[7]
                         net (fo=1, routed)           1.760     1.171    student_top_inst/bridge_inst/dram_driver_inst/u_dram_tdp/U0/inst_blk_mem_gen/gnbram.gnativebmg.native_blk_mem_gen/valid.cstr/has_mux_b.B/doutb[7]_INST_0_i_1_4[7]
    SLICE_X47Y126        LUT6 (Prop_lut6_I1_O)        0.043     1.214 r  student_top_inst/bridge_inst/dram_driver_inst/u_dram_tdp/U0/inst_blk_mem_gen/gnbram.gnativebmg.native_blk_mem_gen/valid.cstr/has_mux_b.B/doutb[7]_INST_0_i_4/O
                         net (fo=1, routed)           0.000     1.214    student_top_inst/bridge_inst/dram_driver_inst/u_dram_tdp/U0/inst_blk_mem_gen/gnbram.gnativebmg.native_blk_mem_gen/valid.cstr/has_mux_b.B/doutb[7]_INST_0_i_4_n_0
    SLICE_X47Y126        MUXF7 (Prop_muxf7_I1_O)      0.122     1.336 r  student_top_inst/bridge_inst/dram_driver_inst/u_dram_tdp/U0/inst_blk_mem_gen/gnbram.gnativebmg.native_blk_mem_gen/valid.cstr/has_mux_b.B/doutb[7]_INST_0_i_1/O
                         net (fo=1, routed)           0.000     1.336    student_top_inst/bridge_inst/dram_driver_inst/u_dram_tdp/U0/inst_blk_mem_gen/gnbram.gnativebmg.native_blk_mem_gen/valid.cstr/has_mux_b.B/doutb[7]_INST_0_i_1_n_0
    SLICE_X47Y126        MUXF8 (Prop_muxf8_I0_O)      0.045     1.381 r  student_top_inst/bridge_inst/dram_driver_inst/u_dram_tdp/U0/inst_blk_mem_gen/gnbram.gnativebmg.native_blk_mem_gen/valid.cstr/has_mux_b.B/doutb[7]_INST_0/O
                         net (fo=1, routed)           0.293     1.674    student_top_inst/bridge_inst/dram_driver_inst/bram_dout[7]
    SLICE_X41Y127        LUT5 (Prop_lut5_I4_O)        0.126     1.800 r  student_top_inst/bridge_inst/dram_driver_inst/mem_wb_wb_data[7]_i_4_comp/O
                         net (fo=3, routed)           0.311     2.111    student_top_inst/bridge_inst/dram_driver_inst/perip_rdata[7]
    SLICE_X41Y125        LUT3 (Prop_lut3_I2_O)        0.043     2.154 r  student_top_inst/bridge_inst/dram_driver_inst/mem_wb_wb_data[7]_i_3/O
                         net (fo=2, routed)           0.356     2.510    student_top_inst/u_KLDJ_top/u_pipe_ex_mem/mem_wb_wb_data_reg[7]
    SLICE_X42Y123        LUT6 (Prop_lut6_I5_O)        0.043     2.553 r  student_top_inst/u_KLDJ_top/u_pipe_ex_mem/mem_wb_wb_data[31]_i_2_comp/O
                         net (fo=16, routed)          0.398     2.950    student_top_inst/u_KLDJ_top/u_pipe_ex_mem/mem_wb_wb_data[31]_i_2_n_0
    SLICE_X42Y125        LUT5 (Prop_lut5_I0_O)        0.043     2.993 r  student_top_inst/u_KLDJ_top/u_pipe_ex_mem/mem_wb_wb_data[28]_i_1/O
                         net (fo=1, routed)           0.000     2.993    student_top_inst/u_KLDJ_top/u_pipe_mem_wb/D[28]
    SLICE_X42Y125        FDRE                                         r  student_top_inst/u_KLDJ_top/u_pipe_mem_wb/mem_wb_wb_data_reg[28]/D
  -------------------------------------------------------------------    -------------------

                         (clock clk_out2_pll rise edge)
                                                      5.714     5.714 r  
    AD12                                              0.000     5.714 r  i_sys_clk_p (IN)
                         net (fo=0)                   0.000     5.714    pll_inst/inst/clk_in1_p
    AD12                 IBUFDS (Prop_ibufds_I_O)     0.803     6.518 r  pll_inst/inst/clkin1_ibufgds/O
                         net (fo=1, routed)           1.001     7.519    pll_inst/inst/clk_in1_pll
    PLLE2_ADV_X1Y1       PLLE2_ADV (Prop_plle2_adv_CLKIN1_CLKOUT1)
                                                     -7.261     0.258 r  pll_inst/inst/plle2_adv_inst/CLKOUT1
                         net (fo=1, routed)           2.003     2.261    pll_inst/inst/clk_out2_pll
    BUFGCTRL_X0Y0        BUFG (Prop_bufg_I_O)         0.083     2.344 r  pll_inst/inst/clkout2_buf/O
                         net (fo=6035, routed)        1.307     3.651    student_top_inst/u_KLDJ_top/u_pipe_mem_wb/clk_out2
    SLICE_X42Y125        FDRE                                         r  student_top_inst/u_KLDJ_top/u_pipe_mem_wb/mem_wb_wb_data_reg[28]/C
                         clock pessimism             -0.448     3.203    
                         clock uncertainty           -0.077     3.126    
    SLICE_X42Y125        FDRE (Setup_fdre_C_D)        0.065     3.191    student_top_inst/u_KLDJ_top/u_pipe_mem_wb/mem_wb_wb_data_reg[28]
  -------------------------------------------------------------------
                         required time                          3.191    
                         arrival time                          -2.993    
  -------------------------------------------------------------------
                         slack                                  0.198    

Slack (MET) :             0.198ns  (required time - arrival time)
  Source:                 student_top_inst/u_KLDJ_top/u_pipe_ex_mem/ex_mem_rd_addr_reg[1]/C
                            (rising edge-triggered cell FDRE clocked by clk_out2_pll  {rise@0.000ns fall@2.857ns period=5.714ns})
  Destination:            student_top_inst/bridge_inst/dram_driver_inst/u_dram_tdp/U0/inst_blk_mem_gen/gnbram.gnativebmg.native_blk_mem_gen/valid.cstr/ramloop[33].ram.r/prim_init.ram/DEVICE_7SERIES.NO_BMM_INFO.TRUE_DP.SIMPLE_PRIM36.ram/ADDRBWRADDR[5]
                            (rising edge-triggered cell RAMB36E1 clocked by clk_out2_pll  {rise@0.000ns fall@2.857ns period=5.714ns})
  Path Group:             clk_out2_pll
  Path Type:              Setup (Max at Slow Process Corner)
  Requirement:            5.714ns  (clk_out2_pll rise@5.714ns - clk_out2_pll rise@0.000ns)
  Data Path Delay:        4.710ns  (logic 0.823ns (17.474%)  route 3.887ns (82.526%))
  Logic Levels:           7  (CARRY4=2 LUT3=1 LUT4=2 LUT5=2)
  Clock Path Skew:        -0.313ns (DCD - SCD + CPR)
    Destination Clock Delay (DCD):    -2.259ns = ( 3.455 - 5.714 ) 
    Source Clock Delay      (SCD):    -2.395ns
    Clock Pessimism Removal (CPR):    -0.450ns
  Clock Uncertainty:      0.077ns  ((TSJ^2 + DJ^2)^1/2) / 2 + PE
    Total System Jitter     (TSJ):    0.071ns
    Discrete Jitter          (DJ):    0.137ns
    Phase Error              (PE):    0.000ns

    Location             Delay type                Incr(ns)  Path(ns)    Netlist Resource(s)
  -------------------------------------------------------------------    -------------------
                         (clock clk_out2_pll rise edge)
                                                      0.000     0.000 r  
    AD12                                              0.000     0.000 r  i_sys_clk_p (IN)
                         net (fo=0)                   0.000     0.000    pll_inst/inst/clk_in1_p
    AD12                 IBUFDS (Prop_ibufds_I_O)     0.906     0.906 r  pll_inst/inst/clkin1_ibufgds/O
                         net (fo=1, routed)           1.098     2.004    pll_inst/inst/clk_in1_pll
    PLLE2_ADV_X1Y1       PLLE2_ADV (Prop_plle2_adv_CLKIN1_CLKOUT1)
                                                     -8.058    -6.054 r  pll_inst/inst/plle2_adv_inst/CLKOUT1
                         net (fo=1, routed)           2.128    -3.926    pll_inst/inst/clk_out2_pll
    BUFGCTRL_X0Y0        BUFG (Prop_bufg_I_O)         0.093    -3.833 r  pll_inst/inst/clkout2_buf/O
                         net (fo=6035, routed)        1.438    -2.395    student_top_inst/u_KLDJ_top/u_pipe_ex_mem/clk_out2
    SLICE_X48Y122        FDRE                                         r  student_top_inst/u_KLDJ_top/u_pipe_ex_mem/ex_mem_rd_addr_reg[1]/C
  -------------------------------------------------------------------    -------------------
    SLICE_X48Y122        FDRE (Prop_fdre_C_Q)         0.223    -2.172 f  student_top_inst/u_KLDJ_top/u_pipe_ex_mem/ex_mem_rd_addr_reg[1]/Q
                         net (fo=9, routed)           0.488    -1.685    student_top_inst/u_KLDJ_top/u_pipe_id_ex/rs2_q[4]_i_2_0[1]
    SLICE_X53Y122        LUT4 (Prop_lut4_I1_O)        0.043    -1.642 f  student_top_inst/u_KLDJ_top/u_pipe_id_ex/out_carry_i_25/O
                         net (fo=3, routed)           0.379    -1.263    student_top_inst/u_KLDJ_top/u_pipe_id_ex/out_carry_i_25_n_0
    SLICE_X53Y122        LUT5 (Prop_lut5_I2_O)        0.043    -1.220 r  student_top_inst/u_KLDJ_top/u_pipe_id_ex/out_carry_i_13/O
                         net (fo=64, routed)          0.599    -0.620    student_top_inst/u_KLDJ_top/u_pipe_id_ex/out_carry_i_13_n_0
    SLICE_X49Y119        LUT5 (Prop_lut5_I1_O)        0.043    -0.577 r  student_top_inst/u_KLDJ_top/u_pipe_id_ex/rs1_q[3]_i_1/O
                         net (fo=8, routed)           0.349    -0.228    student_top_inst/u_KLDJ_top/u_pipe_id_ex/ex_data1[3]
    SLICE_X48Y121        LUT4 (Prop_lut4_I0_O)        0.043    -0.185 r  student_top_inst/u_KLDJ_top/u_pipe_id_ex/ex_mem_mem_addr[3]_i_3/O
                         net (fo=1, routed)           0.000    -0.185    student_top_inst/u_KLDJ_top/u_pipe_id_ex/ex_mem_mem_addr[3]_i_3_n_0
    SLICE_X48Y121        CARRY4 (Prop_carry4_S[3]_CO[3])
                                                      0.193     0.008 r  student_top_inst/u_KLDJ_top/u_pipe_id_ex/ex_mem_mem_addr_reg[3]_i_2/CO[3]
                         net (fo=1, routed)           0.000     0.008    student_top_inst/u_KLDJ_top/u_pipe_id_ex/ex_mem_mem_addr_reg[3]_i_2_n_0
    SLICE_X48Y122        CARRY4 (Prop_carry4_CI_O[0])
                                                      0.111     0.119 r  student_top_inst/u_KLDJ_top/u_pipe_id_ex/ex_mem_mem_addr_reg[7]_i_2/O[0]
                         net (fo=5, routed)           0.442     0.561    student_top_inst/u_KLDJ_top/u_pipe_id_ex/ex_mem_mem_addr_reg[7]_i_2_n_7
    SLICE_X41Y127        LUT3 (Prop_lut3_I1_O)        0.124     0.685 r  student_top_inst/u_KLDJ_top/u_pipe_id_ex/u_dram_tdp_i_14/O
                         net (fo=104, routed)         1.630     2.315    student_top_inst/bridge_inst/dram_driver_inst/u_dram_tdp/U0/inst_blk_mem_gen/gnbram.gnativebmg.native_blk_mem_gen/valid.cstr/ramloop[33].ram.r/prim_init.ram/addrb[2]
    RAMB36_X2Y36         RAMB36E1                                     r  student_top_inst/bridge_inst/dram_driver_inst/u_dram_tdp/U0/inst_blk_mem_gen/gnbram.gnativebmg.native_blk_mem_gen/valid.cstr/ramloop[33].ram.r/prim_init.ram/DEVICE_7SERIES.NO_BMM_INFO.TRUE_DP.SIMPLE_PRIM36.ram/ADDRBWRADDR[5]
  -------------------------------------------------------------------    -------------------

                         (clock clk_out2_pll rise edge)
                                                      5.714     5.714 r  
    AD12                                              0.000     5.714 r  i_sys_clk_p (IN)
                         net (fo=0)                   0.000     5.714    pll_inst/inst/clk_in1_p
    AD12                 IBUFDS (Prop_ibufds_I_O)     0.803     6.518 r  pll_inst/inst/clkin1_ibufgds/O
                         net (fo=1, routed)           1.001     7.519    pll_inst/inst/clk_in1_pll
    PLLE2_ADV_X1Y1       PLLE2_ADV (Prop_plle2_adv_CLKIN1_CLKOUT1)
                                                     -7.261     0.258 r  pll_inst/inst/plle2_adv_inst/CLKOUT1
                         net (fo=1, routed)           2.003     2.261    pll_inst/inst/clk_out2_pll
    BUFGCTRL_X0Y0        BUFG (Prop_bufg_I_O)         0.083     2.344 r  pll_inst/inst/clkout2_buf/O
                         net (fo=6035, routed)        1.112     3.455    student_top_inst/bridge_inst/dram_driver_inst/u_dram_tdp/U0/inst_blk_mem_gen/gnbram.gnativebmg.native_blk_mem_gen/valid.cstr/ramloop[33].ram.r/prim_init.ram/clka
    RAMB36_X2Y36         RAMB36E1                                     r  student_top_inst/bridge_inst/dram_driver_inst/u_dram_tdp/U0/inst_blk_mem_gen/gnbram.gnativebmg.native_blk_mem_gen/valid.cstr/ramloop[33].ram.r/prim_init.ram/DEVICE_7SERIES.NO_BMM_INFO.TRUE_DP.SIMPLE_PRIM36.ram/CLKBWRCLK
                         clock pessimism             -0.450     3.005    
                         clock uncertainty           -0.077     2.929    
    RAMB36_X2Y36         RAMB36E1 (Setup_ramb36e1_CLKBWRCLK_ADDRBWRADDR[5])
                                                     -0.416     2.513    student_top_inst/bridge_inst/dram_driver_inst/u_dram_tdp/U0/inst_blk_mem_gen/gnbram.gnativebmg.native_blk_mem_gen/valid.cstr/ramloop[33].ram.r/prim_init.ram/DEVICE_7SERIES.NO_BMM_INFO.TRUE_DP.SIMPLE_PRIM36.ram
  -------------------------------------------------------------------
                         required time                          2.513    
                         arrival time                          -2.315    
  -------------------------------------------------------------------
                         slack                                  0.198    

Slack (MET) :             0.201ns  (required time - arrival time)
  Source:                 student_top_inst/u_KLDJ_top/u_pipe_id_ex/id_ex_rs2_addr_reg[2]/C
                            (rising edge-triggered cell FDRE clocked by clk_out2_pll  {rise@0.000ns fall@2.857ns period=5.714ns})
  Destination:            student_top_inst/u_KLDJ_top/ifu0/pc_reg_reg[4]_replica/D
                            (rising edge-triggered cell FDRE clocked by clk_out2_pll  {rise@0.000ns fall@2.857ns period=5.714ns})
  Path Group:             clk_out2_pll
  Path Type:              Setup (Max at Slow Process Corner)
  Requirement:            5.714ns  (clk_out2_pll rise@5.714ns - clk_out2_pll rise@0.000ns)
  Data Path Delay:        5.226ns  (logic 1.233ns (23.595%)  route 3.993ns (76.405%))
  Logic Levels:           12  (CARRY4=2 LUT2=1 LUT3=1 LUT4=3 LUT5=2 LUT6=2 MUXF7=1)
  Clock Path Skew:        -0.099ns (DCD - SCD + CPR)
    Destination Clock Delay (DCD):    -2.119ns = ( 3.596 - 5.714 ) 
    Source Clock Delay      (SCD):    -2.394ns
    Clock Pessimism Removal (CPR):    -0.375ns
  Clock Uncertainty:      0.077ns  ((TSJ^2 + DJ^2)^1/2) / 2 + PE
    Total System Jitter     (TSJ):    0.071ns
    Discrete Jitter          (DJ):    0.137ns
    Phase Error              (PE):    0.000ns

    Location             Delay type                Incr(ns)  Path(ns)    Netlist Resource(s)
  -------------------------------------------------------------------    -------------------
                         (clock clk_out2_pll rise edge)
                                                      0.000     0.000 r  
    AD12                                              0.000     0.000 r  i_sys_clk_p (IN)
                         net (fo=0)                   0.000     0.000    pll_inst/inst/clk_in1_p
    AD12                 IBUFDS (Prop_ibufds_I_O)     0.906     0.906 r  pll_inst/inst/clkin1_ibufgds/O
                         net (fo=1, routed)           1.098     2.004    pll_inst/inst/clk_in1_pll
    PLLE2_ADV_X1Y1       PLLE2_ADV (Prop_plle2_adv_CLKIN1_CLKOUT1)
                                                     -8.058    -6.054 r  pll_inst/inst/plle2_adv_inst/CLKOUT1
                         net (fo=1, routed)           2.128    -3.926    pll_inst/inst/clk_out2_pll
    BUFGCTRL_X0Y0        BUFG (Prop_bufg_I_O)         0.093    -3.833 r  pll_inst/inst/clkout2_buf/O
                         net (fo=6035, routed)        1.439    -2.394    student_top_inst/u_KLDJ_top/u_pipe_id_ex/clk_out2
    SLICE_X46Y121        FDRE                                         r  student_top_inst/u_KLDJ_top/u_pipe_id_ex/id_ex_rs2_addr_reg[2]/C
  -------------------------------------------------------------------    -------------------
    SLICE_X46Y121        FDRE (Prop_fdre_C_Q)         0.259    -2.135 r  student_top_inst/u_KLDJ_top/u_pipe_id_ex/id_ex_rs2_addr_reg[2]/Q
                         net (fo=3, routed)           0.378    -1.757    student_top_inst/u_KLDJ_top/u_pipe_id_ex/id_ex_rs2_addr_reg[4]_0[2]
    SLICE_X44Y122        LUT4 (Prop_lut4_I0_O)        0.043    -1.714 f  student_top_inst/u_KLDJ_top/u_pipe_id_ex/rs2_q[4]_i_5/O
                         net (fo=1, routed)           0.440    -1.274    student_top_inst/u_KLDJ_top/u_pipe_id_ex/rs2_q[4]_i_5_n_0
    SLICE_X49Y122        LUT4 (Prop_lut4_I1_O)        0.043    -1.231 r  student_top_inst/u_KLDJ_top/u_pipe_id_ex/rs2_q[4]_i_2/O
                         net (fo=40, routed)          0.299    -0.932    student_top_inst/u_KLDJ_top/u_pipe_id_ex/rs2_q[4]_i_2_n_0
    SLICE_X47Y121        LUT5 (Prop_lut5_I1_O)        0.043    -0.889 r  student_top_inst/u_KLDJ_top/u_pipe_id_ex/rs2_q[0]_i_2/O
                         net (fo=3, routed)           0.458    -0.432    student_top_inst/u_KLDJ_top/u_pipe_id_ex/rs2_q[0]_i_2_n_0
    SLICE_X55Y123        LUT4 (Prop_lut4_I3_O)        0.043    -0.389 r  student_top_inst/u_KLDJ_top/u_pipe_id_ex/out_carry_i_10/O
                         net (fo=76, routed)          0.112    -0.276    student_top_inst/u_KLDJ_top/u_pipe_id_ex/exu2/generic_alu_data2[0]
    SLICE_X55Y123        LUT2 (Prop_lut2_I1_O)        0.043    -0.233 r  student_top_inst/u_KLDJ_top/u_pipe_id_ex/out_carry_i_1/O
                         net (fo=1, routed)           0.575     0.342    student_top_inst/u_KLDJ_top/exu2/u_KLDJ_alu/u_alu_add/complement[0]
    SLICE_X64Y111        CARRY4 (Prop_carry4_CYINIT_CO[3])
                                                      0.287     0.629 r  student_top_inst/u_KLDJ_top/exu2/u_KLDJ_alu/u_alu_add/out_carry/CO[3]
                         net (fo=1, routed)           0.000     0.629    student_top_inst/u_KLDJ_top/exu2/u_KLDJ_alu/u_alu_add/out_carry_n_0
    SLICE_X64Y112        CARRY4 (Prop_carry4_CI_O[0])
                                                      0.111     0.740 r  student_top_inst/u_KLDJ_top/exu2/u_KLDJ_alu/u_alu_add/out_carry__0/O[0]
                         net (fo=1, routed)           0.261     1.001    student_top_inst/u_KLDJ_top/u_pipe_id_ex/adder_alu_res[4]
    SLICE_X65Y112        LUT3 (Prop_lut3_I0_O)        0.124     1.125 r  student_top_inst/u_KLDJ_top/u_pipe_id_ex/ex_mem_exu_res[4]_i_7/O
                         net (fo=2, routed)           0.435     1.560    student_top_inst/u_KLDJ_top/u_pipe_id_ex/ex_mem_exu_res[4]_i_7_n_0
    SLICE_X57Y111        LUT6 (Prop_lut6_I1_O)        0.043     1.603 r  student_top_inst/u_KLDJ_top/u_pipe_id_ex/pc_reg[4]_i_6/O
                         net (fo=1, routed)           0.236     1.839    student_top_inst/u_KLDJ_top/u_pipe_id_ex/pc_reg[4]_i_6_n_0
    SLICE_X57Y111        LUT6 (Prop_lut6_I2_O)        0.043     1.882 r  student_top_inst/u_KLDJ_top/u_pipe_id_ex/pc_reg[4]_i_4/O
                         net (fo=1, routed)           0.281     2.163    student_top_inst/u_KLDJ_top/u_pipe_id_ex/pc_reg[4]_i_4_n_0
    SLICE_X60Y112        LUT5 (Prop_lut5_I4_O)        0.043     2.206 r  student_top_inst/u_KLDJ_top/u_pipe_id_ex/pc_reg[4]_i_3/O
                         net (fo=1, routed)           0.000     2.206    student_top_inst/u_KLDJ_top/u_pipe_id_ex/redirect_pc[4]
    SLICE_X60Y112        MUXF7 (Prop_muxf7_I1_O)      0.108     2.314 r  student_top_inst/u_KLDJ_top/u_pipe_id_ex/pc_reg_reg[4]_i_1/O
                         net (fo=6, routed)           0.517     2.831    student_top_inst/u_KLDJ_top/ifu0/pc_reg_reg[31]_2[4]
    SLICE_X69Y116        FDRE                                         r  student_top_inst/u_KLDJ_top/ifu0/pc_reg_reg[4]_replica/D
  -------------------------------------------------------------------    -------------------

                         (clock clk_out2_pll rise edge)
                                                      5.714     5.714 r  
    AD12                                              0.000     5.714 r  i_sys_clk_p (IN)
                         net (fo=0)                   0.000     5.714    pll_inst/inst/clk_in1_p
    AD12                 IBUFDS (Prop_ibufds_I_O)     0.803     6.518 r  pll_inst/inst/clkin1_ibufgds/O
                         net (fo=1, routed)           1.001     7.519    pll_inst/inst/clk_in1_pll
    PLLE2_ADV_X1Y1       PLLE2_ADV (Prop_plle2_adv_CLKIN1_CLKOUT1)
                                                     -7.261     0.258 r  pll_inst/inst/plle2_adv_inst/CLKOUT1
                         net (fo=1, routed)           2.003     2.261    pll_inst/inst/clk_out2_pll
    BUFGCTRL_X0Y0        BUFG (Prop_bufg_I_O)         0.083     2.344 r  pll_inst/inst/clkout2_buf/O
                         net (fo=6035, routed)        1.252     3.596    student_top_inst/u_KLDJ_top/ifu0/clk_out2
    SLICE_X69Y116        FDRE                                         r  student_top_inst/u_KLDJ_top/ifu0/pc_reg_reg[4]_replica/C
                         clock pessimism             -0.375     3.221    
                         clock uncertainty           -0.077     3.144    
    SLICE_X69Y116        FDRE (Setup_fdre_C_D)       -0.112     3.032    student_top_inst/u_KLDJ_top/ifu0/pc_reg_reg[4]_replica
  -------------------------------------------------------------------
                         required time                          3.032    
                         arrival time                          -2.831    
  -------------------------------------------------------------------
                         slack                                  0.201    

Slack (MET) :             0.203ns  (required time - arrival time)
  Source:                 student_top_inst/bridge_inst/dram_driver_inst/u_dram_tdp/U0/inst_blk_mem_gen/gnbram.gnativebmg.native_blk_mem_gen/valid.cstr/ramloop[6].ram.r/prim_init.ram/DEVICE_7SERIES.NO_BMM_INFO.TRUE_DP.SIMPLE_PRIM36.ram/CLKBWRCLK
                            (rising edge-triggered cell RAMB36E1 clocked by clk_out2_pll  {rise@0.000ns fall@2.857ns period=5.714ns})
  Destination:            student_top_inst/u_KLDJ_top/u_pipe_mem_wb/mem_wb_wb_data_reg[11]/D
                            (rising edge-triggered cell FDRE clocked by clk_out2_pll  {rise@0.000ns fall@2.857ns period=5.714ns})
  Path Group:             clk_out2_pll
  Path Type:              Setup (Max at Slow Process Corner)
  Requirement:            5.714ns  (clk_out2_pll rise@5.714ns - clk_out2_pll rise@0.000ns)
  Data Path Delay:        5.378ns  (logic 2.274ns (42.283%)  route 3.104ns (57.717%))
  Logic Levels:           7  (LUT3=1 LUT4=1 LUT5=1 LUT6=2 MUXF7=1 MUXF8=1)
  Clock Path Skew:        -0.115ns (DCD - SCD + CPR)
    Destination Clock Delay (DCD):    -2.057ns = ( 3.658 - 5.714 ) 
    Source Clock Delay      (SCD):    -2.390ns
    Clock Pessimism Removal (CPR):    -0.448ns
  Clock Uncertainty:      0.077ns  ((TSJ^2 + DJ^2)^1/2) / 2 + PE
    Total System Jitter     (TSJ):    0.071ns
    Discrete Jitter          (DJ):    0.137ns
    Phase Error              (PE):    0.000ns

    Location             Delay type                Incr(ns)  Path(ns)    Netlist Resource(s)
  -------------------------------------------------------------------    -------------------
                         (clock clk_out2_pll rise edge)
                                                      0.000     0.000 r  
    AD12                                              0.000     0.000 r  i_sys_clk_p (IN)
                         net (fo=0)                   0.000     0.000    pll_inst/inst/clk_in1_p
    AD12                 IBUFDS (Prop_ibufds_I_O)     0.906     0.906 r  pll_inst/inst/clkin1_ibufgds/O
                         net (fo=1, routed)           1.098     2.004    pll_inst/inst/clk_in1_pll
    PLLE2_ADV_X1Y1       PLLE2_ADV (Prop_plle2_adv_CLKIN1_CLKOUT1)
                                                     -8.058    -6.054 r  pll_inst/inst/plle2_adv_inst/CLKOUT1
                         net (fo=1, routed)           2.128    -3.926    pll_inst/inst/clk_out2_pll
    BUFGCTRL_X0Y0        BUFG (Prop_bufg_I_O)         0.093    -3.833 r  pll_inst/inst/clkout2_buf/O
                         net (fo=6035, routed)        1.444    -2.390    student_top_inst/bridge_inst/dram_driver_inst/u_dram_tdp/U0/inst_blk_mem_gen/gnbram.gnativebmg.native_blk_mem_gen/valid.cstr/ramloop[6].ram.r/prim_init.ram/clka
    RAMB36_X3Y28         RAMB36E1                                     r  student_top_inst/bridge_inst/dram_driver_inst/u_dram_tdp/U0/inst_blk_mem_gen/gnbram.gnativebmg.native_blk_mem_gen/valid.cstr/ramloop[6].ram.r/prim_init.ram/DEVICE_7SERIES.NO_BMM_INFO.TRUE_DP.SIMPLE_PRIM36.ram/CLKBWRCLK
  -------------------------------------------------------------------    -------------------
    RAMB36_X3Y28         RAMB36E1 (Prop_ramb36e1_CLKBWRCLK_DOBDO[7])
                                                      1.800    -0.590 r  student_top_inst/bridge_inst/dram_driver_inst/u_dram_tdp/U0/inst_blk_mem_gen/gnbram.gnativebmg.native_blk_mem_gen/valid.cstr/ramloop[6].ram.r/prim_init.ram/DEVICE_7SERIES.NO_BMM_INFO.TRUE_DP.SIMPLE_PRIM36.ram/DOBDO[7]
                         net (fo=1, routed)           1.760     1.171    student_top_inst/bridge_inst/dram_driver_inst/u_dram_tdp/U0/inst_blk_mem_gen/gnbram.gnativebmg.native_blk_mem_gen/valid.cstr/has_mux_b.B/doutb[7]_INST_0_i_1_4[7]
    SLICE_X47Y126        LUT6 (Prop_lut6_I1_O)        0.043     1.214 r  student_top_inst/bridge_inst/dram_driver_inst/u_dram_tdp/U0/inst_blk_mem_gen/gnbram.gnativebmg.native_blk_mem_gen/valid.cstr/has_mux_b.B/doutb[7]_INST_0_i_4/O
                         net (fo=1, routed)           0.000     1.214    student_top_inst/bridge_inst/dram_driver_inst/u_dram_tdp/U0/inst_blk_mem_gen/gnbram.gnativebmg.native_blk_mem_gen/valid.cstr/has_mux_b.B/doutb[7]_INST_0_i_4_n_0
    SLICE_X47Y126        MUXF7 (Prop_muxf7_I1_O)      0.122     1.336 r  student_top_inst/bridge_inst/dram_driver_inst/u_dram_tdp/U0/inst_blk_mem_gen/gnbram.gnativebmg.native_blk_mem_gen/valid.cstr/has_mux_b.B/doutb[7]_INST_0_i_1/O
                         net (fo=1, routed)           0.000     1.336    student_top_inst/bridge_inst/dram_driver_inst/u_dram_tdp/U0/inst_blk_mem_gen/gnbram.gnativebmg.native_blk_mem_gen/valid.cstr/has_mux_b.B/doutb[7]_INST_0_i_1_n_0
    SLICE_X47Y126        MUXF8 (Prop_muxf8_I0_O)      0.045     1.381 r  student_top_inst/bridge_inst/dram_driver_inst/u_dram_tdp/U0/inst_blk_mem_gen/gnbram.gnativebmg.native_blk_mem_gen/valid.cstr/has_mux_b.B/doutb[7]_INST_0/O
                         net (fo=1, routed)           0.293     1.674    student_top_inst/bridge_inst/dram_driver_inst/bram_dout[7]
    SLICE_X41Y127        LUT5 (Prop_lut5_I4_O)        0.126     1.800 r  student_top_inst/bridge_inst/dram_driver_inst/mem_wb_wb_data[7]_i_4_comp/O
                         net (fo=3, routed)           0.439     2.239    student_top_inst/u_KLDJ_top/u_pipe_ex_mem/perip_rdata[7]
    SLICE_X40Y123        LUT4 (Prop_lut4_I1_O)        0.043     2.282 r  student_top_inst/u_KLDJ_top/u_pipe_ex_mem/mem_wb_wb_data[15]_i_2_comp_1/O
                         net (fo=8, routed)           0.298     2.580    student_top_inst/u_KLDJ_top/u_pipe_ex_mem/mem_wb_wb_data[15]_i_2_n_0
    SLICE_X40Y121        LUT6 (Prop_lut6_I0_O)        0.043     2.623 r  student_top_inst/u_KLDJ_top/u_pipe_ex_mem/mem_wb_wb_data[11]_i_2/O
                         net (fo=1, routed)           0.313     2.936    student_top_inst/u_KLDJ_top/u_pipe_ex_mem/u_mem_stage_top/lsu_res[11]
    SLICE_X41Y120        LUT3 (Prop_lut3_I0_O)        0.052     2.988 r  student_top_inst/u_KLDJ_top/u_pipe_ex_mem/mem_wb_wb_data[11]_i_1/O
                         net (fo=1, routed)           0.000     2.988    student_top_inst/u_KLDJ_top/u_pipe_mem_wb/D[11]
    SLICE_X41Y120        FDRE                                         r  student_top_inst/u_KLDJ_top/u_pipe_mem_wb/mem_wb_wb_data_reg[11]/D
  -------------------------------------------------------------------    -------------------

                         (clock clk_out2_pll rise edge)
                                                      5.714     5.714 r  
    AD12                                              0.000     5.714 r  i_sys_clk_p (IN)
                         net (fo=0)                   0.000     5.714    pll_inst/inst/clk_in1_p
    AD12                 IBUFDS (Prop_ibufds_I_O)     0.803     6.518 r  pll_inst/inst/clkin1_ibufgds/O
                         net (fo=1, routed)           1.001     7.519    pll_inst/inst/clk_in1_pll
    PLLE2_ADV_X1Y1       PLLE2_ADV (Prop_plle2_adv_CLKIN1_CLKOUT1)
                                                     -7.261     0.258 r  pll_inst/inst/plle2_adv_inst/CLKOUT1
                         net (fo=1, routed)           2.003     2.261    pll_inst/inst/clk_out2_pll
    BUFGCTRL_X0Y0        BUFG (Prop_bufg_I_O)         0.083     2.344 r  pll_inst/inst/clkout2_buf/O
                         net (fo=6035, routed)        1.314     3.658    student_top_inst/u_KLDJ_top/u_pipe_mem_wb/clk_out2
    SLICE_X41Y120        FDRE                                         r  student_top_inst/u_KLDJ_top/u_pipe_mem_wb/mem_wb_wb_data_reg[11]/C
                         clock pessimism             -0.448     3.210    
                         clock uncertainty           -0.077     3.133    
    SLICE_X41Y120        FDRE (Setup_fdre_C_D)        0.058     3.191    student_top_inst/u_KLDJ_top/u_pipe_mem_wb/mem_wb_wb_data_reg[11]
  -------------------------------------------------------------------
                         required time                          3.191    
                         arrival time                          -2.988    
  -------------------------------------------------------------------
                         slack                                  0.203    

Slack (MET) :             0.207ns  (required time - arrival time)
  Source:                 student_top_inst/bridge_inst/dram_driver_inst/u_dram_tdp/U0/inst_blk_mem_gen/gnbram.gnativebmg.native_blk_mem_gen/valid.cstr/ramloop[56].ram.r/prim_init.ram/DEVICE_7SERIES.NO_BMM_INFO.TRUE_DP.SIMPLE_PRIM36.ram/CLKBWRCLK
                            (rising edge-triggered cell RAMB36E1 clocked by clk_out2_pll  {rise@0.000ns fall@2.857ns period=5.714ns})
  Destination:            student_top_inst/u_KLDJ_top/u_pipe_mem_wb/mem_wb_wb_data_reg[0]/D
                            (rising edge-triggered cell FDRE clocked by clk_out2_pll  {rise@0.000ns fall@2.857ns period=5.714ns})
  Path Group:             clk_out2_pll
  Path Type:              Setup (Max at Slow Process Corner)
  Requirement:            5.714ns  (clk_out2_pll rise@5.714ns - clk_out2_pll rise@0.000ns)
  Data Path Delay:        5.113ns  (logic 2.291ns (44.806%)  route 2.822ns (55.194%))
  Logic Levels:           8  (LUT3=2 LUT5=1 LUT6=3 MUXF7=1 MUXF8=1)
  Clock Path Skew:        -0.352ns (DCD - SCD + CPR)
    Destination Clock Delay (DCD):    -2.066ns = ( 3.649 - 5.714 ) 
    Source Clock Delay      (SCD):    -2.162ns
    Clock Pessimism Removal (CPR):    -0.448ns
  Clock Uncertainty:      0.077ns  ((TSJ^2 + DJ^2)^1/2) / 2 + PE
    Total System Jitter     (TSJ):    0.071ns
    Discrete Jitter          (DJ):    0.137ns
    Phase Error              (PE):    0.000ns

    Location             Delay type                Incr(ns)  Path(ns)    Netlist Resource(s)
  -------------------------------------------------------------------    -------------------
                         (clock clk_out2_pll rise edge)
                                                      0.000     0.000 r  
    AD12                                              0.000     0.000 r  i_sys_clk_p (IN)
                         net (fo=0)                   0.000     0.000    pll_inst/inst/clk_in1_p
    AD12                 IBUFDS (Prop_ibufds_I_O)     0.906     0.906 r  pll_inst/inst/clkin1_ibufgds/O
                         net (fo=1, routed)           1.098     2.004    pll_inst/inst/clk_in1_pll
    PLLE2_ADV_X1Y1       PLLE2_ADV (Prop_plle2_adv_CLKIN1_CLKOUT1)
                                                     -8.058    -6.054 r  pll_inst/inst/plle2_adv_inst/CLKOUT1
                         net (fo=1, routed)           2.128    -3.926    pll_inst/inst/clk_out2_pll
    BUFGCTRL_X0Y0        BUFG (Prop_bufg_I_O)         0.093    -3.833 r  pll_inst/inst/clkout2_buf/O
                         net (fo=6035, routed)        1.672    -2.162    student_top_inst/bridge_inst/dram_driver_inst/u_dram_tdp/U0/inst_blk_mem_gen/gnbram.gnativebmg.native_blk_mem_gen/valid.cstr/ramloop[56].ram.r/prim_init.ram/clka
    RAMB36_X0Y18         RAMB36E1                                     r  student_top_inst/bridge_inst/dram_driver_inst/u_dram_tdp/U0/inst_blk_mem_gen/gnbram.gnativebmg.native_blk_mem_gen/valid.cstr/ramloop[56].ram.r/prim_init.ram/DEVICE_7SERIES.NO_BMM_INFO.TRUE_DP.SIMPLE_PRIM36.ram/CLKBWRCLK
  -------------------------------------------------------------------    -------------------
    RAMB36_X0Y18         RAMB36E1 (Prop_ramb36e1_CLKBWRCLK_DOBDO[0])
                                                      1.800    -0.362 r  student_top_inst/bridge_inst/dram_driver_inst/u_dram_tdp/U0/inst_blk_mem_gen/gnbram.gnativebmg.native_blk_mem_gen/valid.cstr/ramloop[56].ram.r/prim_init.ram/DEVICE_7SERIES.NO_BMM_INFO.TRUE_DP.SIMPLE_PRIM36.ram/DOBDO[0]
                         net (fo=1, routed)           1.205     0.844    student_top_inst/bridge_inst/dram_driver_inst/u_dram_tdp/U0/inst_blk_mem_gen/gnbram.gnativebmg.native_blk_mem_gen/valid.cstr/has_mux_b.B/doutb[31]_INST_0_i_2_3[0]
    SLICE_X37Y106        LUT6 (Prop_lut6_I5_O)        0.043     0.887 r  student_top_inst/bridge_inst/dram_driver_inst/u_dram_tdp/U0/inst_blk_mem_gen/gnbram.gnativebmg.native_blk_mem_gen/valid.cstr/has_mux_b.B/doutb[24]_INST_0_i_5/O
                         net (fo=1, routed)           0.000     0.887    student_top_inst/bridge_inst/dram_driver_inst/u_dram_tdp/U0/inst_blk_mem_gen/gnbram.gnativebmg.native_blk_mem_gen/valid.cstr/has_mux_b.B/doutb[24]_INST_0_i_5_n_0
    SLICE_X37Y106        MUXF7 (Prop_muxf7_I0_O)      0.107     0.994 r  student_top_inst/bridge_inst/dram_driver_inst/u_dram_tdp/U0/inst_blk_mem_gen/gnbram.gnativebmg.native_blk_mem_gen/valid.cstr/has_mux_b.B/doutb[24]_INST_0_i_2/O
                         net (fo=1, routed)           0.000     0.994    student_top_inst/bridge_inst/dram_driver_inst/u_dram_tdp/U0/inst_blk_mem_gen/gnbram.gnativebmg.native_blk_mem_gen/valid.cstr/has_mux_b.B/doutb[24]_INST_0_i_2_n_0
    SLICE_X37Y106        MUXF8 (Prop_muxf8_I1_O)      0.043     1.037 r  student_top_inst/bridge_inst/dram_driver_inst/u_dram_tdp/U0/inst_blk_mem_gen/gnbram.gnativebmg.native_blk_mem_gen/valid.cstr/has_mux_b.B/doutb[24]_INST_0/O
                         net (fo=1, routed)           0.188     1.224    student_top_inst/bridge_inst/dram_driver_inst/bram_dout[24]
    SLICE_X39Y106        LUT3 (Prop_lut3_I2_O)        0.126     1.350 r  student_top_inst/bridge_inst/dram_driver_inst/mem_wb_wb_data[24]_i_3/O
                         net (fo=1, routed)           0.239     1.589    student_top_inst/bridge_inst/dram_driver_inst/dram_rdata[24]
    SLICE_X43Y106        LUT6 (Prop_lut6_I0_O)        0.043     1.632 r  student_top_inst/bridge_inst/dram_driver_inst/mem_wb_wb_data[24]_i_2/O
                         net (fo=3, routed)           0.710     2.342    student_top_inst/bridge_inst/dram_driver_inst/perip_rdata[24]
    SLICE_X47Y125        LUT3 (Prop_lut3_I0_O)        0.043     2.385 r  student_top_inst/bridge_inst/dram_driver_inst/mem_wb_wb_data[0]_i_4/O
                         net (fo=1, routed)           0.286     2.671    student_top_inst/bridge_inst/dram_driver_inst/mem_wb_wb_data[0]_i_4_n_0
    SLICE_X45Y125        LUT6 (Prop_lut6_I5_O)        0.043     2.714 r  student_top_inst/bridge_inst/dram_driver_inst/mem_wb_wb_data[0]_i_2/O
                         net (fo=1, routed)           0.194     2.908    student_top_inst/u_KLDJ_top/u_pipe_ex_mem/mem_wb_wb_data_reg[0]
    SLICE_X47Y125        LUT5 (Prop_lut5_I1_O)        0.043     2.951 r  student_top_inst/u_KLDJ_top/u_pipe_ex_mem/mem_wb_wb_data[0]_i_1/O
                         net (fo=1, routed)           0.000     2.951    student_top_inst/u_KLDJ_top/u_pipe_mem_wb/D[0]
    SLICE_X47Y125        FDRE                                         r  student_top_inst/u_KLDJ_top/u_pipe_mem_wb/mem_wb_wb_data_reg[0]/D
  -------------------------------------------------------------------    -------------------

                         (clock clk_out2_pll rise edge)
                                                      5.714     5.714 r  
    AD12                                              0.000     5.714 r  i_sys_clk_p (IN)
                         net (fo=0)                   0.000     5.714    pll_inst/inst/clk_in1_p
    AD12                 IBUFDS (Prop_ibufds_I_O)     0.803     6.518 r  pll_inst/inst/clkin1_ibufgds/O
                         net (fo=1, routed)           1.001     7.519    pll_inst/inst/clk_in1_pll
    PLLE2_ADV_X1Y1       PLLE2_ADV (Prop_plle2_adv_CLKIN1_CLKOUT1)
                                                     -7.261     0.258 r  pll_inst/inst/plle2_adv_inst/CLKOUT1
                         net (fo=1, routed)           2.003     2.261    pll_inst/inst/clk_out2_pll
    BUFGCTRL_X0Y0        BUFG (Prop_bufg_I_O)         0.083     2.344 r  pll_inst/inst/clkout2_buf/O
                         net (fo=6035, routed)        1.305     3.649    student_top_inst/u_KLDJ_top/u_pipe_mem_wb/clk_out2
    SLICE_X47Y125        FDRE                                         r  student_top_inst/u_KLDJ_top/u_pipe_mem_wb/mem_wb_wb_data_reg[0]/C
                         clock pessimism             -0.448     3.201    
                         clock uncertainty           -0.077     3.124    
    SLICE_X47Y125        FDRE (Setup_fdre_C_D)        0.034     3.158    student_top_inst/u_KLDJ_top/u_pipe_mem_wb/mem_wb_wb_data_reg[0]
  -------------------------------------------------------------------
                         required time                          3.158    
                         arrival time                          -2.951    
  -------------------------------------------------------------------
                         slack                                  0.207    





Pulse Width Checks
--------------------------------------------------------------------------------------
Clock Name:         clk_out2_pll
Waveform(ns):       { 0.000 2.857 }
Period(ns):         5.714
Sources:            { pll_inst/inst/plle2_adv_inst/CLKOUT1 }

Check Type        Corner  Lib Pin             Reference Pin  Required(ns)  Actual(ns)  Slack(ns)  Location        Pin
Min Period        n/a     DSP48E1/CLK         n/a            2.772         5.714       2.942      DSP48_X2Y55     student_top_inst/u_KLDJ_top/exu2/u_mul_ip_wrapper/u_mult_gen_u33/U0/i_mult/gDSP.gDSP_only.iDSP/use_prim.appDSP[0].bppDSP[1].use_dsp.use_dsp48e1.iDSP48E1/CLK
Min Period        n/a     DSP48E1/CLK         n/a            2.772         5.714       2.942      DSP48_X2Y57     student_top_inst/u_KLDJ_top/exu2/u_mul_ip_wrapper/u_mult_gen_u33/U0/i_mult/gDSP.gDSP_only.iDSP/use_prim.appDSP[1].bppDSP[1].use_dsp.use_dsp48e1.iDSP48E1/CLK
Min Period        n/a     RAMB36E1/CLKBWRCLK  n/a            2.095         5.714       3.619      RAMB36_X3Y27    student_top_inst/bridge_inst/dram_driver_inst/u_dram_tdp/U0/inst_blk_mem_gen/gnbram.gnativebmg.native_blk_mem_gen/valid.cstr/ramloop[0].ram.r/prim_init.ram/DEVICE_7SERIES.NO_BMM_INFO.TRUE_DP.SIMPLE_PRIM36.ram/CLKBWRCLK
Min Period        n/a     RAMB36E1/CLKBWRCLK  n/a            2.095         5.714       3.619      RAMB36_X1Y28    student_top_inst/bridge_inst/dram_driver_inst/u_dram_tdp/U0/inst_blk_mem_gen/gnbram.gnativebmg.native_blk_mem_gen/valid.cstr/ramloop[10].ram.r/prim_init.ram/DEVICE_7SERIES.NO_BMM_INFO.TRUE_DP.SIMPLE_PRIM36.ram/CLKBWRCLK
Min Period        n/a     RAMB36E1/CLKBWRCLK  n/a            2.095         5.714       3.619      RAMB36_X2Y17    student_top_inst/bridge_inst/dram_driver_inst/u_dram_tdp/U0/inst_blk_mem_gen/gnbram.gnativebmg.native_blk_mem_gen/valid.cstr/ramloop[11].ram.r/prim_init.ram/DEVICE_7SERIES.NO_BMM_INFO.TRUE_DP.SIMPLE_PRIM36.ram/CLKBWRCLK
Min Period        n/a     RAMB36E1/CLKBWRCLK  n/a            2.095         5.714       3.619      RAMB36_X2Y32    student_top_inst/bridge_inst/dram_driver_inst/u_dram_tdp/U0/inst_blk_mem_gen/gnbram.gnativebmg.native_blk_mem_gen/valid.cstr/ramloop[12].ram.r/prim_init.ram/DEVICE_7SERIES.NO_BMM_INFO.TRUE_DP.SIMPLE_PRIM36.ram/CLKBWRCLK
Min Period        n/a     RAMB36E1/CLKBWRCLK  n/a            2.095         5.714       3.619      RAMB36_X2Y34    student_top_inst/bridge_inst/dram_driver_inst/u_dram_tdp/U0/inst_blk_mem_gen/gnbram.gnativebmg.native_blk_mem_gen/valid.cstr/ramloop[13].ram.r/prim_init.ram/DEVICE_7SERIES.NO_BMM_INFO.TRUE_DP.SIMPLE_PRIM36.ram/CLKBWRCLK
Min Period        n/a     RAMB36E1/CLKBWRCLK  n/a            2.095         5.714       3.619      RAMB36_X1Y27    student_top_inst/bridge_inst/dram_driver_inst/u_dram_tdp/U0/inst_blk_mem_gen/gnbram.gnativebmg.native_blk_mem_gen/valid.cstr/ramloop[14].ram.r/prim_init.ram/DEVICE_7SERIES.NO_BMM_INFO.TRUE_DP.SIMPLE_PRIM36.ram/CLKBWRCLK
Min Period        n/a     RAMB36E1/CLKBWRCLK  n/a            2.095         5.714       3.619      RAMB36_X2Y28    student_top_inst/bridge_inst/dram_driver_inst/u_dram_tdp/U0/inst_blk_mem_gen/gnbram.gnativebmg.native_blk_mem_gen/valid.cstr/ramloop[15].ram.r/prim_init.ram/DEVICE_7SERIES.NO_BMM_INFO.TRUE_DP.SIMPLE_PRIM36.ram/CLKBWRCLK
Min Period        n/a     RAMB36E1/CLKBWRCLK  n/a            2.095         5.714       3.619      RAMB36_X2Y29    student_top_inst/bridge_inst/dram_driver_inst/u_dram_tdp/U0/inst_blk_mem_gen/gnbram.gnativebmg.native_blk_mem_gen/valid.cstr/ramloop[16].ram.r/prim_init.ram/DEVICE_7SERIES.NO_BMM_INFO.TRUE_DP.SIMPLE_PRIM36.ram/CLKBWRCLK
Min Period        n/a     RAMB36E1/CLKBWRCLK  n/a            2.095         5.714       3.619      RAMB36_X2Y30    student_top_inst/bridge_inst/dram_driver_inst/u_dram_tdp/U0/inst_blk_mem_gen/gnbram.gnativebmg.native_blk_mem_gen/valid.cstr/ramloop[17].ram.r/prim_init.ram/DEVICE_7SERIES.NO_BMM_INFO.TRUE_DP.SIMPLE_PRIM36.ram/CLKBWRCLK
Min Period        n/a     RAMB36E1/CLKBWRCLK  n/a            2.095         5.714       3.619      RAMB36_X3Y25    student_top_inst/bridge_inst/dram_driver_inst/u_dram_tdp/U0/inst_blk_mem_gen/gnbram.gnativebmg.native_blk_mem_gen/valid.cstr/ramloop[18].ram.r/prim_init.ram/DEVICE_7SERIES.NO_BMM_INFO.TRUE_DP.SIMPLE_PRIM36.ram/CLKBWRCLK
Min Period        n/a     RAMB36E1/CLKBWRCLK  n/a            2.095         5.714       3.619      RAMB36_X2Y25    student_top_inst/bridge_inst/dram_driver_inst/u_dram_tdp/U0/inst_blk_mem_gen/gnbram.gnativebmg.native_blk_mem_gen/valid.cstr/ramloop[19].ram.r/prim_init.ram/DEVICE_7SERIES.NO_BMM_INFO.TRUE_DP.SIMPLE_PRIM36.ram/CLKBWRCLK
Min Period        n/a     RAMB36E1/CLKBWRCLK  n/a            2.095         5.714       3.619      RAMB36_X3Y23    student_top_inst/bridge_inst/dram_driver_inst/u_dram_tdp/U0/inst_blk_mem_gen/gnbram.gnativebmg.native_blk_mem_gen/valid.cstr/ramloop[1].ram.r/prim_init.ram/DEVICE_7SERIES.NO_BMM_INFO.TRUE_DP.SIMPLE_PRIM36.ram/CLKBWRCLK
Min Period        n/a     RAMB36E1/CLKBWRCLK  n/a            2.095         5.714       3.619      RAMB36_X1Y29    student_top_inst/bridge_inst/dram_driver_inst/u_dram_tdp/U0/inst_blk_mem_gen/gnbram.gnativebmg.native_blk_mem_gen/valid.cstr/ramloop[20].ram.r/prim_init.ram/DEVICE_7SERIES.NO_BMM_INFO.TRUE_DP.SIMPLE_PRIM36.ram/CLKBWRCLK
Min Period        n/a     RAMB36E1/CLKBWRCLK  n/a            2.095         5.714       3.619      RAMB36_X2Y21    student_top_inst/bridge_inst/dram_driver_inst/u_dram_tdp/U0/inst_blk_mem_gen/gnbram.gnativebmg.native_blk_mem_gen/valid.cstr/ramloop[21].ram.r/prim_init.ram/DEVICE_7SERIES.NO_BMM_INFO.TRUE_DP.SIMPLE_PRIM36.ram/CLKBWRCLK
Min Period        n/a     RAMB36E1/CLKBWRCLK  n/a            2.095         5.714       3.619      RAMB36_X3Y24    student_top_inst/bridge_inst/dram_driver_inst/u_dram_tdp/U0/inst_blk_mem_gen/gnbram.gnativebmg.native_blk_mem_gen/valid.cstr/ramloop[22].ram.r/prim_init.ram/DEVICE_7SERIES.NO_BMM_INFO.TRUE_DP.SIMPLE_PRIM36.ram/CLKBWRCLK
Min Period        n/a     RAMB36E1/CLKBWRCLK  n/a            2.095         5.714       3.619      RAMB36_X2Y33    student_top_inst/bridge_inst/dram_driver_inst/u_dram_tdp/U0/inst_blk_mem_gen/gnbram.gnativebmg.native_blk_mem_gen/valid.cstr/ramloop[23].ram.r/prim_init.ram/DEVICE_7SERIES.NO_BMM_INFO.TRUE_DP.SIMPLE_PRIM36.ram/CLKBWRCLK
Min Period        n/a     RAMB36E1/CLKBWRCLK  n/a            2.095         5.714       3.619      RAMB36_X2Y19    student_top_inst/bridge_inst/dram_driver_inst/u_dram_tdp/U0/inst_blk_mem_gen/gnbram.gnativebmg.native_blk_mem_gen/valid.cstr/ramloop[24].ram.r/prim_init.ram/DEVICE_7SERIES.NO_BMM_INFO.TRUE_DP.SIMPLE_PRIM36.ram/CLKBWRCLK
Min Period        n/a     RAMB36E1/CLKBWRCLK  n/a            2.095         5.714       3.619      RAMB36_X1Y24    student_top_inst/bridge_inst/dram_driver_inst/u_dram_tdp/U0/inst_blk_mem_gen/gnbram.gnativebmg.native_blk_mem_gen/valid.cstr/ramloop[25].ram.r/prim_init.ram/DEVICE_7SERIES.NO_BMM_INFO.TRUE_DP.SIMPLE_PRIM36.ram/CLKBWRCLK
Max Period        n/a     PLLE2_ADV/CLKOUT1   n/a            160.000       5.714       154.286    PLLE2_ADV_X1Y1  pll_inst/inst/plle2_adv_inst/CLKOUT1
Low Pulse Width   Slow    RAMD64E/CLK         n/a            0.768         2.857       2.089      SLICE_X58Y111   student_top_inst/u_KLDJ_top/u_bpu/u_gshare_btb_core/btb_data_reg_0_63_0_2/RAMA/CLK
Low Pulse Width   Fast    RAMD64E/CLK         n/a            0.768         2.857       2.089      SLICE_X58Y111   student_top_inst/u_KLDJ_top/u_bpu/u_gshare_btb_core/btb_data_reg_0_63_0_2/RAMA/CLK
Low Pulse Width   Slow    RAMD64E/CLK         n/a            0.768         2.857       2.089      SLICE_X58Y111   student_top_inst/u_KLDJ_top/u_bpu/u_gshare_btb_core/btb_data_reg_0_63_0_2/RAMB/CLK
Low Pulse Width   Fast    RAMD64E/CLK         n/a            0.768         2.857       2.089      SLICE_X58Y111   student_top_inst/u_KLDJ_top/u_bpu/u_gshare_btb_core/btb_data_reg_0_63_0_2/RAMB/CLK
Low Pulse Width   Slow    RAMD64E/CLK         n/a            0.768         2.857       2.089      SLICE_X58Y111   student_top_inst/u_KLDJ_top/u_bpu/u_gshare_btb_core/btb_data_reg_0_63_0_2/RAMC/CLK
Low Pulse Width   Fast    RAMD64E/CLK         n/a            0.768         2.857       2.089      SLICE_X58Y111   student_top_inst/u_KLDJ_top/u_bpu/u_gshare_btb_core/btb_data_reg_0_63_0_2/RAMC/CLK
Low Pulse Width   Slow    RAMD64E/CLK         n/a            0.768         2.857       2.089      SLICE_X58Y111   student_top_inst/u_KLDJ_top/u_bpu/u_gshare_btb_core/btb_data_reg_0_63_0_2/RAMD/CLK
Low Pulse Width   Fast    RAMD64E/CLK         n/a            0.768         2.857       2.089      SLICE_X58Y111   student_top_inst/u_KLDJ_top/u_bpu/u_gshare_btb_core/btb_data_reg_0_63_0_2/RAMD/CLK
Low Pulse Width   Slow    RAMD64E/CLK         n/a            0.768         2.857       2.089      SLICE_X56Y113   student_top_inst/u_KLDJ_top/u_bpu/u_gshare_btb_core/btb_data_reg_0_63_12_14/RAMA/CLK
Low Pulse Width   Fast    RAMD64E/CLK         n/a            0.768         2.857       2.089      SLICE_X56Y113   student_top_inst/u_KLDJ_top/u_bpu/u_gshare_btb_core/btb_data_reg_0_63_12_14/RAMA/CLK
Low Pulse Width   Slow    RAMD64E/CLK         n/a            0.768         2.857       2.089      SLICE_X56Y113   student_top_inst/u_KLDJ_top/u_bpu/u_gshare_btb_core/btb_data_reg_0_63_12_14/RAMB/CLK
Low Pulse Width   Fast    RAMD64E/CLK         n/a            0.768         2.857       2.089      SLICE_X56Y113   student_top_inst/u_KLDJ_top/u_bpu/u_gshare_btb_core/btb_data_reg_0_63_12_14/RAMB/CLK
Low Pulse Width   Slow    RAMD64E/CLK         n/a            0.768         2.857       2.089      SLICE_X56Y113   student_top_inst/u_KLDJ_top/u_bpu/u_gshare_btb_core/btb_data_reg_0_63_12_14/RAMC/CLK
Low Pulse Width   Fast    RAMD64E/CLK         n/a            0.768         2.857       2.089      SLICE_X56Y113   student_top_inst/u_KLDJ_top/u_bpu/u_gshare_btb_core/btb_data_reg_0_63_12_14/RAMC/CLK
Low Pulse Width   Slow    RAMD64E/CLK         n/a            0.768         2.857       2.089      SLICE_X56Y113   student_top_inst/u_KLDJ_top/u_bpu/u_gshare_btb_core/btb_data_reg_0_63_12_14/RAMD/CLK
Low Pulse Width   Fast    RAMD64E/CLK         n/a            0.768         2.857       2.089      SLICE_X56Y113   student_top_inst/u_KLDJ_top/u_bpu/u_gshare_btb_core/btb_data_reg_0_63_12_14/RAMD/CLK
Low Pulse Width   Slow    RAMD64E/CLK         n/a            0.768         2.857       2.089      SLICE_X62Y114   student_top_inst/u_KLDJ_top/u_bpu/u_gshare_btb_core/btb_data_reg_0_63_15_17/RAMA/CLK
Low Pulse Width   Fast    RAMD64E/CLK         n/a            0.768         2.857       2.089      SLICE_X62Y114   student_top_inst/u_KLDJ_top/u_bpu/u_gshare_btb_core/btb_data_reg_0_63_15_17/RAMA/CLK
Low Pulse Width   Slow    RAMD64E/CLK         n/a            0.768         2.857       2.089      SLICE_X62Y114   student_top_inst/u_KLDJ_top/u_bpu/u_gshare_btb_core/btb_data_reg_0_63_15_17/RAMB/CLK
Low Pulse Width   Fast    RAMD64E/CLK         n/a            0.768         2.857       2.089      SLICE_X62Y114   student_top_inst/u_KLDJ_top/u_bpu/u_gshare_btb_core/btb_data_reg_0_63_15_17/RAMB/CLK
High Pulse Width  Slow    RAMD64E/CLK         n/a            0.768         2.857       2.089      SLICE_X58Y111   student_top_inst/u_KLDJ_top/u_bpu/u_gshare_btb_core/btb_data_reg_0_63_0_2/RAMA/CLK
High Pulse Width  Fast    RAMD64E/CLK         n/a            0.768         2.857       2.089      SLICE_X58Y111   student_top_inst/u_KLDJ_top/u_bpu/u_gshare_btb_core/btb_data_reg_0_63_0_2/RAMA/CLK
High Pulse Width  Slow    RAMD64E/CLK         n/a            0.768         2.857       2.089      SLICE_X58Y111   student_top_inst/u_KLDJ_top/u_bpu/u_gshare_btb_core/btb_data_reg_0_63_0_2/RAMB/CLK
High Pulse Width  Fast    RAMD64E/CLK         n/a            0.768         2.857       2.089      SLICE_X58Y111   student_top_inst/u_KLDJ_top/u_bpu/u_gshare_btb_core/btb_data_reg_0_63_0_2/RAMB/CLK
High Pulse Width  Slow    RAMD64E/CLK         n/a            0.768         2.857       2.089      SLICE_X58Y111   student_top_inst/u_KLDJ_top/u_bpu/u_gshare_btb_core/btb_data_reg_0_63_0_2/RAMC/CLK
High Pulse Width  Fast    RAMD64E/CLK         n/a            0.768         2.857       2.089      SLICE_X58Y111   student_top_inst/u_KLDJ_top/u_bpu/u_gshare_btb_core/btb_data_reg_0_63_0_2/RAMC/CLK
High Pulse Width  Slow    RAMD64E/CLK         n/a            0.768         2.857       2.089      SLICE_X58Y111   student_top_inst/u_KLDJ_top/u_bpu/u_gshare_btb_core/btb_data_reg_0_63_0_2/RAMD/CLK
High Pulse Width  Fast    RAMD64E/CLK         n/a            0.768         2.857       2.089      SLICE_X58Y111   student_top_inst/u_KLDJ_top/u_bpu/u_gshare_btb_core/btb_data_reg_0_63_0_2/RAMD/CLK
High Pulse Width  Slow    RAMD64E/CLK         n/a            0.768         2.857       2.089      SLICE_X56Y113   student_top_inst/u_KLDJ_top/u_bpu/u_gshare_btb_core/btb_data_reg_0_63_12_14/RAMA/CLK
High Pulse Width  Fast    RAMD64E/CLK         n/a            0.768         2.857       2.089      SLICE_X56Y113   student_top_inst/u_KLDJ_top/u_bpu/u_gshare_btb_core/btb_data_reg_0_63_12_14/RAMA/CLK
High Pulse Width  Slow    RAMD64E/CLK         n/a            0.768         2.857       2.089      SLICE_X56Y113   student_top_inst/u_KLDJ_top/u_bpu/u_gshare_btb_core/btb_data_reg_0_63_12_14/RAMB/CLK
High Pulse Width  Fast    RAMD64E/CLK         n/a            0.768         2.857       2.089      SLICE_X56Y113   student_top_inst/u_KLDJ_top/u_bpu/u_gshare_btb_core/btb_data_reg_0_63_12_14/RAMB/CLK
High Pulse Width  Slow    RAMD64E/CLK         n/a            0.768         2.857       2.089      SLICE_X56Y113   student_top_inst/u_KLDJ_top/u_bpu/u_gshare_btb_core/btb_data_reg_0_63_12_14/RAMC/CLK
High Pulse Width  Fast    RAMD64E/CLK         n/a            0.768         2.857       2.089      SLICE_X56Y113   student_top_inst/u_KLDJ_top/u_bpu/u_gshare_btb_core/btb_data_reg_0_63_12_14/RAMC/CLK
High Pulse Width  Slow    RAMD64E/CLK         n/a            0.768         2.857       2.089      SLICE_X56Y113   student_top_inst/u_KLDJ_top/u_bpu/u_gshare_btb_core/btb_data_reg_0_63_12_14/RAMD/CLK
High Pulse Width  Fast    RAMD64E/CLK         n/a            0.768         2.857       2.089      SLICE_X56Y113   student_top_inst/u_KLDJ_top/u_bpu/u_gshare_btb_core/btb_data_reg_0_63_12_14/RAMD/CLK
High Pulse Width  Slow    RAMD64E/CLK         n/a            0.768         2.857       2.089      SLICE_X62Y114   student_top_inst/u_KLDJ_top/u_bpu/u_gshare_btb_core/btb_data_reg_0_63_15_17/RAMA/CLK
High Pulse Width  Fast    RAMD64E/CLK         n/a            0.768         2.857       2.089      SLICE_X62Y114   student_top_inst/u_KLDJ_top/u_bpu/u_gshare_btb_core/btb_data_reg_0_63_15_17/RAMA/CLK
High Pulse Width  Slow    RAMD64E/CLK         n/a            0.768         2.857       2.089      SLICE_X62Y114   student_top_inst/u_KLDJ_top/u_bpu/u_gshare_btb_core/btb_data_reg_0_63_15_17/RAMB/CLK
High Pulse Width  Fast    RAMD64E/CLK         n/a            0.768         2.857       2.089      SLICE_X62Y114   student_top_inst/u_KLDJ_top/u_bpu/u_gshare_btb_core/btb_data_reg_0_63_15_17/RAMB/CLK



---------------------------------------------------------------------------------------------------
From Clock:  clkfbout_pll
  To Clock:  clkfbout_pll

Setup :           NA  Failing Endpoints,  Worst Slack           NA  ,  Total Violation           NA
Hold  :           NA  Failing Endpoints,  Worst Slack           NA  ,  Total Violation           NA
PW    :            0  Failing Endpoints,  Worst Slack       18.591ns,  Total Violation        0.000ns
---------------------------------------------------------------------------------------------------


Pulse Width Checks
--------------------------------------------------------------------------------------
Clock Name:         clkfbout_pll
Waveform(ns):       { 0.000 10.000 }
Period(ns):         20.000
Sources:            { pll_inst/inst/plle2_adv_inst/CLKFBOUT }

Check Type  Corner  Lib Pin             Reference Pin  Required(ns)  Actual(ns)  Slack(ns)  Location        Pin
Min Period  n/a     BUFG/I              n/a            1.408         20.000      18.591     BUFGCTRL_X0Y2   pll_inst/inst/clkf_buf/I
Min Period  n/a     PLLE2_ADV/CLKFBOUT  n/a            1.071         20.000      18.929     PLLE2_ADV_X1Y1  pll_inst/inst/plle2_adv_inst/CLKFBOUT
Min Period  n/a     PLLE2_ADV/CLKFBIN   n/a            1.071         20.000      18.929     PLLE2_ADV_X1Y1  pll_inst/inst/plle2_adv_inst/CLKFBIN
Max Period  n/a     PLLE2_ADV/CLKFBIN   n/a            52.633        20.000      32.633     PLLE2_ADV_X1Y1  pll_inst/inst/plle2_adv_inst/CLKFBIN
Max Period  n/a     PLLE2_ADV/CLKFBOUT  n/a            160.000       20.000      140.000    PLLE2_ADV_X1Y1  pll_inst/inst/plle2_adv_inst/CLKFBOUT



---------------------------------------------------------------------------------------------------
From Clock:  clk_out2_pll
  To Clock:  clk_out1_pll

Setup :            0  Failing Endpoints,  Worst Slack        0.072ns,  Total Violation        0.000ns
Hold  :           NA  Failing Endpoints,  Worst Slack           NA  ,  Total Violation           NA
---------------------------------------------------------------------------------------------------


Max Delay Paths
--------------------------------------------------------------------------------------
Slack (MET) :             0.072ns  (required time - arrival time)
  Source:                 student_top_inst/bridge_inst/seg_wdata_reg[3]/C
                            (rising edge-triggered cell FDRE clocked by clk_out2_pll  {rise@0.000ns fall@2.857ns period=5.714ns})
  Destination:            twin_controller_inst/status_buffer_reg[0][3]/D
                            (rising edge-triggered cell FDCE clocked by clk_out1_pll  {rise@0.000ns fall@10.000ns period=20.000ns})
  Path Group:             clk_out1_pll
  Path Type:              Setup (Max at Slow Process Corner)
  Requirement:            2.857ns  (clk_out1_pll rise@20.000ns - clk_out2_pll rise@17.143ns)
  Data Path Delay:        2.297ns  (logic 0.473ns (20.596%)  route 1.824ns (79.404%))
  Logic Levels:           2  (LUT3=1 LUT6=1)
  Clock Path Skew:        -0.266ns (DCD - SCD + CPR)
    Destination Clock Delay (DCD):    -2.055ns = ( 17.945 - 20.000 ) 
    Source Clock Delay      (SCD):    -2.386ns = ( 14.756 - 17.143 ) 
    Clock Pessimism Removal (CPR):    -0.598ns
  Clock Uncertainty:      0.214ns  ((TSJ^2 + DJ^2)^1/2) / 2 + PE
    Total System Jitter     (TSJ):    0.071ns
    Discrete Jitter          (DJ):    0.174ns
    Phase Error              (PE):    0.120ns

    Location             Delay type                Incr(ns)  Path(ns)    Netlist Resource(s)
  -------------------------------------------------------------------    -------------------
                         (clock clk_out2_pll rise edge)
                                                     17.143    17.143 r  
    AD12                                              0.000    17.143 r  i_sys_clk_p (IN)
                         net (fo=0)                   0.000    17.143    pll_inst/inst/clk_in1_p
    AD12                 IBUFDS (Prop_ibufds_I_O)     0.906    18.048 r  pll_inst/inst/clkin1_ibufgds/O
                         net (fo=1, routed)           1.098    19.146    pll_inst/inst/clk_in1_pll
    PLLE2_ADV_X1Y1       PLLE2_ADV (Prop_plle2_adv_CLKIN1_CLKOUT1)
                                                     -8.058    11.088 r  pll_inst/inst/plle2_adv_inst/CLKOUT1
                         net (fo=1, routed)           2.128    13.216    pll_inst/inst/clk_out2_pll
    BUFGCTRL_X0Y0        BUFG (Prop_bufg_I_O)         0.093    13.309 r  pll_inst/inst/clkout2_buf/O
                         net (fo=6035, routed)        1.447    14.756    student_top_inst/bridge_inst/clk_out2
    SLICE_X37Y120        FDRE                                         r  student_top_inst/bridge_inst/seg_wdata_reg[3]/C
  -------------------------------------------------------------------    -------------------
    SLICE_X37Y120        FDRE (Prop_fdre_C_Q)         0.204    14.960 r  student_top_inst/bridge_inst/seg_wdata_reg[3]/Q
                         net (fo=2, routed)           0.768    15.728    student_top_inst/bridge_inst/seg_driver/status_buffer_reg[4][4][3]
    SLICE_X41Y125        LUT3 (Prop_lut3_I0_O)        0.134    15.862 r  student_top_inst/bridge_inst/seg_driver/virtual_seg_OBUF[6]_inst_i_2/O
                         net (fo=7, routed)           0.471    16.334    student_top_inst/bridge_inst/seg_driver/virtual_seg_OBUF[6]_inst_i_2_n_0
    SLICE_X36Y125        LUT6 (Prop_lut6_I0_O)        0.135    16.469 r  student_top_inst/bridge_inst/seg_driver/virtual_seg_OBUF[3]_inst_i_1/O
                         net (fo=2, routed)           0.584    17.053    twin_controller_inst/virtual_seg_OBUF[3]
    SLICE_X36Y129        FDCE                                         r  twin_controller_inst/status_buffer_reg[0][3]/D
  -------------------------------------------------------------------    -------------------

                         (clock clk_out1_pll rise edge)
                                                     20.000    20.000 r  
    AD12                                              0.000    20.000 r  i_sys_clk_p (IN)
                         net (fo=0)                   0.000    20.000    pll_inst/inst/clk_in1_p
    AD12                 IBUFDS (Prop_ibufds_I_O)     0.803    20.803 r  pll_inst/inst/clkin1_ibufgds/O
                         net (fo=1, routed)           1.001    21.804    pll_inst/inst/clk_in1_pll
    PLLE2_ADV_X1Y1       PLLE2_ADV (Prop_plle2_adv_CLKIN1_CLKOUT0)
                                                     -7.261    14.543 r  pll_inst/inst/plle2_adv_inst/CLKOUT0
                         net (fo=1, routed)           2.003    16.546    pll_inst/inst/clk_out1_pll
    BUFGCTRL_X0Y1        BUFG (Prop_bufg_I_O)         0.083    16.629 r  pll_inst/inst/clkout1_buf/O
                         net (fo=386, routed)         1.316    17.945    twin_controller_inst/clk_out1
    SLICE_X36Y129        FDCE                                         r  twin_controller_inst/status_buffer_reg[0][3]/C
                         clock pessimism             -0.598    17.348    
                         clock uncertainty           -0.214    17.134    
    SLICE_X36Y129        FDCE (Setup_fdce_C_D)       -0.009    17.125    twin_controller_inst/status_buffer_reg[0][3]
  -------------------------------------------------------------------
                         required time                         17.125    
                         arrival time                         -17.053    
  -------------------------------------------------------------------
                         slack                                  0.072    

Slack (MET) :             0.114ns  (required time - arrival time)
  Source:                 student_top_inst/bridge_inst/seg_driver/count_reg[4]/C
                            (rising edge-triggered cell FDCE clocked by clk_out2_pll  {rise@0.000ns fall@2.857ns period=5.714ns})
  Destination:            twin_controller_inst/status_buffer_reg[1][6]/D
                            (rising edge-triggered cell FDCE clocked by clk_out1_pll  {rise@0.000ns fall@10.000ns period=20.000ns})
  Path Group:             clk_out1_pll
  Path Type:              Setup (Max at Slow Process Corner)
  Requirement:            2.857ns  (clk_out1_pll rise@20.000ns - clk_out2_pll rise@17.143ns)
  Data Path Delay:        2.239ns  (logic 0.473ns (21.129%)  route 1.766ns (78.871%))
  Logic Levels:           2  (LUT3=1 LUT6=1)
  Clock Path Skew:        -0.272ns (DCD - SCD + CPR)
    Destination Clock Delay (DCD):    -2.055ns = ( 17.945 - 20.000 ) 
    Source Clock Delay      (SCD):    -2.380ns = ( 14.762 - 17.143 ) 
    Clock Pessimism Removal (CPR):    -0.598ns
  Clock Uncertainty:      0.214ns  ((TSJ^2 + DJ^2)^1/2) / 2 + PE
    Total System Jitter     (TSJ):    0.071ns
    Discrete Jitter          (DJ):    0.174ns
    Phase Error              (PE):    0.120ns

    Location             Delay type                Incr(ns)  Path(ns)    Netlist Resource(s)
  -------------------------------------------------------------------    -------------------
                         (clock clk_out2_pll rise edge)
                                                     17.143    17.143 r  
    AD12                                              0.000    17.143 r  i_sys_clk_p (IN)
                         net (fo=0)                   0.000    17.143    pll_inst/inst/clk_in1_p
    AD12                 IBUFDS (Prop_ibufds_I_O)     0.906    18.048 r  pll_inst/inst/clkin1_ibufgds/O
                         net (fo=1, routed)           1.098    19.146    pll_inst/inst/clk_in1_pll
    PLLE2_ADV_X1Y1       PLLE2_ADV (Prop_plle2_adv_CLKIN1_CLKOUT1)
                                                     -8.058    11.088 r  pll_inst/inst/plle2_adv_inst/CLKOUT1
                         net (fo=1, routed)           2.128    13.216    pll_inst/inst/clk_out2_pll
    BUFGCTRL_X0Y0        BUFG (Prop_bufg_I_O)         0.093    13.309 r  pll_inst/inst/clkout2_buf/O
                         net (fo=6035, routed)        1.453    14.762    student_top_inst/bridge_inst/seg_driver/clk_out2
    SLICE_X36Y114        FDCE                                         r  student_top_inst/bridge_inst/seg_driver/count_reg[4]/C
  -------------------------------------------------------------------    -------------------
    SLICE_X36Y114        FDCE (Prop_fdce_C_Q)         0.204    14.966 r  student_top_inst/bridge_inst/seg_driver/count_reg[4]/Q
                         net (fo=49, routed)          0.658    15.624    student_top_inst/bridge_inst/seg_driver/Q[0]
    SLICE_X37Y120        LUT3 (Prop_lut3_I1_O)        0.133    15.757 r  student_top_inst/bridge_inst/seg_driver/virtual_seg_OBUF[16]_inst_i_3/O
                         net (fo=7, routed)           0.591    16.348    student_top_inst/bridge_inst/seg_driver/virtual_seg_OBUF[16]_inst_i_3_n_0
    SLICE_X36Y129        LUT6 (Prop_lut6_I3_O)        0.136    16.484 r  student_top_inst/bridge_inst/seg_driver/virtual_seg_OBUF[14]_inst_i_1/O
                         net (fo=2, routed)           0.517    17.001    twin_controller_inst/virtual_seg_OBUF[13]
    SLICE_X36Y129        FDCE                                         r  twin_controller_inst/status_buffer_reg[1][6]/D
  -------------------------------------------------------------------    -------------------

                         (clock clk_out1_pll rise edge)
                                                     20.000    20.000 r  
    AD12                                              0.000    20.000 r  i_sys_clk_p (IN)
                         net (fo=0)                   0.000    20.000    pll_inst/inst/clk_in1_p
    AD12                 IBUFDS (Prop_ibufds_I_O)     0.803    20.803 r  pll_inst/inst/clkin1_ibufgds/O
                         net (fo=1, routed)           1.001    21.804    pll_inst/inst/clk_in1_pll
    PLLE2_ADV_X1Y1       PLLE2_ADV (Prop_plle2_adv_CLKIN1_CLKOUT0)
                                                     -7.261    14.543 r  pll_inst/inst/plle2_adv_inst/CLKOUT0
                         net (fo=1, routed)           2.003    16.546    pll_inst/inst/clk_out1_pll
    BUFGCTRL_X0Y1        BUFG (Prop_bufg_I_O)         0.083    16.629 r  pll_inst/inst/clkout1_buf/O
                         net (fo=386, routed)         1.316    17.945    twin_controller_inst/clk_out1
    SLICE_X36Y129        FDCE                                         r  twin_controller_inst/status_buffer_reg[1][6]/C
                         clock pessimism             -0.598    17.348    
                         clock uncertainty           -0.214    17.134    
    SLICE_X36Y129        FDCE (Setup_fdce_C_D)       -0.019    17.115    twin_controller_inst/status_buffer_reg[1][6]
  -------------------------------------------------------------------
                         required time                         17.115    
                         arrival time                         -17.001    
  -------------------------------------------------------------------
                         slack                                  0.114    

Slack (MET) :             0.142ns  (required time - arrival time)
  Source:                 student_top_inst/bridge_inst/seg_driver/count_reg[4]/C
                            (rising edge-triggered cell FDCE clocked by clk_out2_pll  {rise@0.000ns fall@2.857ns period=5.714ns})
  Destination:            twin_controller_inst/status_buffer_reg[1][2]/D
                            (rising edge-triggered cell FDCE clocked by clk_out1_pll  {rise@0.000ns fall@10.000ns period=20.000ns})
  Path Group:             clk_out1_pll
  Path Type:              Setup (Max at Slow Process Corner)
  Requirement:            2.857ns  (clk_out1_pll rise@20.000ns - clk_out2_pll rise@17.143ns)
  Data Path Delay:        2.206ns  (logic 0.473ns (21.437%)  route 1.733ns (78.563%))
  Logic Levels:           2  (LUT3=1 LUT6=1)
  Clock Path Skew:        -0.276ns (DCD - SCD + CPR)
    Destination Clock Delay (DCD):    -2.059ns = ( 17.941 - 20.000 ) 
    Source Clock Delay      (SCD):    -2.380ns = ( 14.762 - 17.143 ) 
    Clock Pessimism Removal (CPR):    -0.598ns
  Clock Uncertainty:      0.214ns  ((TSJ^2 + DJ^2)^1/2) / 2 + PE
    Total System Jitter     (TSJ):    0.071ns
    Discrete Jitter          (DJ):    0.174ns
    Phase Error              (PE):    0.120ns

    Location             Delay type                Incr(ns)  Path(ns)    Netlist Resource(s)
  -------------------------------------------------------------------    -------------------
                         (clock clk_out2_pll rise edge)
                                                     17.143    17.143 r  
    AD12                                              0.000    17.143 r  i_sys_clk_p (IN)
                         net (fo=0)                   0.000    17.143    pll_inst/inst/clk_in1_p
    AD12                 IBUFDS (Prop_ibufds_I_O)     0.906    18.048 r  pll_inst/inst/clkin1_ibufgds/O
                         net (fo=1, routed)           1.098    19.146    pll_inst/inst/clk_in1_pll
    PLLE2_ADV_X1Y1       PLLE2_ADV (Prop_plle2_adv_CLKIN1_CLKOUT1)
                                                     -8.058    11.088 r  pll_inst/inst/plle2_adv_inst/CLKOUT1
                         net (fo=1, routed)           2.128    13.216    pll_inst/inst/clk_out2_pll
    BUFGCTRL_X0Y0        BUFG (Prop_bufg_I_O)         0.093    13.309 r  pll_inst/inst/clkout2_buf/O
                         net (fo=6035, routed)        1.453    14.762    student_top_inst/bridge_inst/seg_driver/clk_out2
    SLICE_X36Y114        FDCE                                         r  student_top_inst/bridge_inst/seg_driver/count_reg[4]/C
  -------------------------------------------------------------------    -------------------
    SLICE_X36Y114        FDCE (Prop_fdce_C_Q)         0.204    14.966 r  student_top_inst/bridge_inst/seg_driver/count_reg[4]/Q
                         net (fo=49, routed)          0.658    15.624    student_top_inst/bridge_inst/seg_driver/Q[0]
    SLICE_X37Y120        LUT3 (Prop_lut3_I1_O)        0.133    15.757 r  student_top_inst/bridge_inst/seg_driver/virtual_seg_OBUF[16]_inst_i_3/O
                         net (fo=7, routed)           0.603    16.360    student_top_inst/bridge_inst/seg_driver/virtual_seg_OBUF[16]_inst_i_3_n_0
    SLICE_X45Y127        LUT6 (Prop_lut6_I5_O)        0.136    16.496 r  student_top_inst/bridge_inst/seg_driver/virtual_seg_OBUF[10]_inst_i_1/O
                         net (fo=2, routed)           0.473    16.969    twin_controller_inst/virtual_seg_OBUF[9]
    SLICE_X36Y126        FDCE                                         r  twin_controller_inst/status_buffer_reg[1][2]/D
  -------------------------------------------------------------------    -------------------

                         (clock clk_out1_pll rise edge)
                                                     20.000    20.000 r  
    AD12                                              0.000    20.000 r  i_sys_clk_p (IN)
                         net (fo=0)                   0.000    20.000    pll_inst/inst/clk_in1_p
    AD12                 IBUFDS (Prop_ibufds_I_O)     0.803    20.803 r  pll_inst/inst/clkin1_ibufgds/O
                         net (fo=1, routed)           1.001    21.804    pll_inst/inst/clk_in1_pll
    PLLE2_ADV_X1Y1       PLLE2_ADV (Prop_plle2_adv_CLKIN1_CLKOUT0)
                                                     -7.261    14.543 r  pll_inst/inst/plle2_adv_inst/CLKOUT0
                         net (fo=1, routed)           2.003    16.546    pll_inst/inst/clk_out1_pll
    BUFGCTRL_X0Y1        BUFG (Prop_bufg_I_O)         0.083    16.629 r  pll_inst/inst/clkout1_buf/O
                         net (fo=386, routed)         1.312    17.941    twin_controller_inst/clk_out1
    SLICE_X36Y126        FDCE                                         r  twin_controller_inst/status_buffer_reg[1][2]/C
                         clock pessimism             -0.598    17.344    
                         clock uncertainty           -0.214    17.130    
    SLICE_X36Y126        FDCE (Setup_fdce_C_D)       -0.019    17.111    twin_controller_inst/status_buffer_reg[1][2]
  -------------------------------------------------------------------
                         required time                         17.111    
                         arrival time                         -16.969    
  -------------------------------------------------------------------
                         slack                                  0.142    

Slack (MET) :             0.176ns  (required time - arrival time)
  Source:                 student_top_inst/bridge_inst/seg_driver/count_reg[4]/C
                            (rising edge-triggered cell FDCE clocked by clk_out2_pll  {rise@0.000ns fall@2.857ns period=5.714ns})
  Destination:            twin_controller_inst/status_buffer_reg[1][5]/D
                            (rising edge-triggered cell FDCE clocked by clk_out1_pll  {rise@0.000ns fall@10.000ns period=20.000ns})
  Path Group:             clk_out1_pll
  Path Type:              Setup (Max at Slow Process Corner)
  Requirement:            2.857ns  (clk_out1_pll rise@20.000ns - clk_out2_pll rise@17.143ns)
  Data Path Delay:        2.176ns  (logic 0.473ns (21.733%)  route 1.703ns (78.267%))
  Logic Levels:           2  (LUT3=1 LUT6=1)
  Clock Path Skew:        -0.272ns (DCD - SCD + CPR)
    Destination Clock Delay (DCD):    -2.055ns = ( 17.945 - 20.000 ) 
    Source Clock Delay      (SCD):    -2.380ns = ( 14.762 - 17.143 ) 
    Clock Pessimism Removal (CPR):    -0.598ns
  Clock Uncertainty:      0.214ns  ((TSJ^2 + DJ^2)^1/2) / 2 + PE
    Total System Jitter     (TSJ):    0.071ns
    Discrete Jitter          (DJ):    0.174ns
    Phase Error              (PE):    0.120ns

    Location             Delay type                Incr(ns)  Path(ns)    Netlist Resource(s)
  -------------------------------------------------------------------    -------------------
                         (clock clk_out2_pll rise edge)
                                                     17.143    17.143 r  
    AD12                                              0.000    17.143 r  i_sys_clk_p (IN)
                         net (fo=0)                   0.000    17.143    pll_inst/inst/clk_in1_p
    AD12                 IBUFDS (Prop_ibufds_I_O)     0.906    18.048 r  pll_inst/inst/clkin1_ibufgds/O
                         net (fo=1, routed)           1.098    19.146    pll_inst/inst/clk_in1_pll
    PLLE2_ADV_X1Y1       PLLE2_ADV (Prop_plle2_adv_CLKIN1_CLKOUT1)
                                                     -8.058    11.088 r  pll_inst/inst/plle2_adv_inst/CLKOUT1
                         net (fo=1, routed)           2.128    13.216    pll_inst/inst/clk_out2_pll
    BUFGCTRL_X0Y0        BUFG (Prop_bufg_I_O)         0.093    13.309 r  pll_inst/inst/clkout2_buf/O
                         net (fo=6035, routed)        1.453    14.762    student_top_inst/bridge_inst/seg_driver/clk_out2
    SLICE_X36Y114        FDCE                                         r  student_top_inst/bridge_inst/seg_driver/count_reg[4]/C
  -------------------------------------------------------------------    -------------------
    SLICE_X36Y114        FDCE (Prop_fdce_C_Q)         0.204    14.966 r  student_top_inst/bridge_inst/seg_driver/count_reg[4]/Q
                         net (fo=49, routed)          0.658    15.624    student_top_inst/bridge_inst/seg_driver/Q[0]
    SLICE_X37Y120        LUT3 (Prop_lut3_I1_O)        0.133    15.757 r  student_top_inst/bridge_inst/seg_driver/virtual_seg_OBUF[16]_inst_i_3/O
                         net (fo=7, routed)           0.553    16.310    student_top_inst/bridge_inst/seg_driver/virtual_seg_OBUF[16]_inst_i_3_n_0
    SLICE_X36Y129        LUT6 (Prop_lut6_I1_O)        0.136    16.446 r  student_top_inst/bridge_inst/seg_driver/virtual_seg_OBUF[13]_inst_i_1/O
                         net (fo=2, routed)           0.493    16.939    twin_controller_inst/virtual_seg_OBUF[12]
    SLICE_X36Y129        FDCE                                         r  twin_controller_inst/status_buffer_reg[1][5]/D
  -------------------------------------------------------------------    -------------------

                         (clock clk_out1_pll rise edge)
                                                     20.000    20.000 r  
    AD12                                              0.000    20.000 r  i_sys_clk_p (IN)
                         net (fo=0)                   0.000    20.000    pll_inst/inst/clk_in1_p
    AD12                 IBUFDS (Prop_ibufds_I_O)     0.803    20.803 r  pll_inst/inst/clkin1_ibufgds/O
                         net (fo=1, routed)           1.001    21.804    pll_inst/inst/clk_in1_pll
    PLLE2_ADV_X1Y1       PLLE2_ADV (Prop_plle2_adv_CLKIN1_CLKOUT0)
                                                     -7.261    14.543 r  pll_inst/inst/plle2_adv_inst/CLKOUT0
                         net (fo=1, routed)           2.003    16.546    pll_inst/inst/clk_out1_pll
    BUFGCTRL_X0Y1        BUFG (Prop_bufg_I_O)         0.083    16.629 r  pll_inst/inst/clkout1_buf/O
                         net (fo=386, routed)         1.316    17.945    twin_controller_inst/clk_out1
    SLICE_X36Y129        FDCE                                         r  twin_controller_inst/status_buffer_reg[1][5]/C
                         clock pessimism             -0.598    17.348    
                         clock uncertainty           -0.214    17.134    
    SLICE_X36Y129        FDCE (Setup_fdce_C_D)       -0.019    17.115    twin_controller_inst/status_buffer_reg[1][5]
  -------------------------------------------------------------------
                         required time                         17.115    
                         arrival time                         -16.939    
  -------------------------------------------------------------------
                         slack                                  0.176    

Slack (MET) :             0.183ns  (required time - arrival time)
  Source:                 student_top_inst/bridge_inst/seg_driver/count_reg[4]/C
                            (rising edge-triggered cell FDCE clocked by clk_out2_pll  {rise@0.000ns fall@2.857ns period=5.714ns})
  Destination:            twin_controller_inst/status_buffer_reg[0][4]/D
                            (rising edge-triggered cell FDCE clocked by clk_out1_pll  {rise@0.000ns fall@10.000ns period=20.000ns})
  Path Group:             clk_out1_pll
  Path Type:              Setup (Max at Slow Process Corner)
  Requirement:            2.857ns  (clk_out1_pll rise@20.000ns - clk_out2_pll rise@17.143ns)
  Data Path Delay:        2.157ns  (logic 0.471ns (21.832%)  route 1.686ns (78.168%))
  Logic Levels:           2  (LUT3=1 LUT6=1)
  Clock Path Skew:        -0.272ns (DCD - SCD + CPR)
    Destination Clock Delay (DCD):    -2.055ns = ( 17.945 - 20.000 ) 
    Source Clock Delay      (SCD):    -2.380ns = ( 14.762 - 17.143 ) 
    Clock Pessimism Removal (CPR):    -0.598ns
  Clock Uncertainty:      0.214ns  ((TSJ^2 + DJ^2)^1/2) / 2 + PE
    Total System Jitter     (TSJ):    0.071ns
    Discrete Jitter          (DJ):    0.174ns
    Phase Error              (PE):    0.120ns

    Location             Delay type                Incr(ns)  Path(ns)    Netlist Resource(s)
  -------------------------------------------------------------------    -------------------
                         (clock clk_out2_pll rise edge)
                                                     17.143    17.143 r  
    AD12                                              0.000    17.143 r  i_sys_clk_p (IN)
                         net (fo=0)                   0.000    17.143    pll_inst/inst/clk_in1_p
    AD12                 IBUFDS (Prop_ibufds_I_O)     0.906    18.048 r  pll_inst/inst/clkin1_ibufgds/O
                         net (fo=1, routed)           1.098    19.146    pll_inst/inst/clk_in1_pll
    PLLE2_ADV_X1Y1       PLLE2_ADV (Prop_plle2_adv_CLKIN1_CLKOUT1)
                                                     -8.058    11.088 r  pll_inst/inst/plle2_adv_inst/CLKOUT1
                         net (fo=1, routed)           2.128    13.216    pll_inst/inst/clk_out2_pll
    BUFGCTRL_X0Y0        BUFG (Prop_bufg_I_O)         0.093    13.309 r  pll_inst/inst/clkout2_buf/O
                         net (fo=6035, routed)        1.453    14.762    student_top_inst/bridge_inst/seg_driver/clk_out2
    SLICE_X36Y114        FDCE                                         r  student_top_inst/bridge_inst/seg_driver/count_reg[4]/C
  -------------------------------------------------------------------    -------------------
    SLICE_X36Y114        FDCE (Prop_fdce_C_Q)         0.204    14.966 r  student_top_inst/bridge_inst/seg_driver/count_reg[4]/Q
                         net (fo=49, routed)          0.761    15.727    student_top_inst/bridge_inst/seg_driver/Q[0]
    SLICE_X36Y125        LUT3 (Prop_lut3_I1_O)        0.131    15.858 r  student_top_inst/bridge_inst/seg_driver/virtual_seg_OBUF[6]_inst_i_3/O
                         net (fo=4, routed)           0.362    16.220    student_top_inst/bridge_inst/seg_driver/virtual_seg_OBUF[6]_inst_i_3_n_0
    SLICE_X36Y126        LUT6 (Prop_lut6_I3_O)        0.136    16.356 r  student_top_inst/bridge_inst/seg_driver/virtual_seg_OBUF[4]_inst_i_1/O
                         net (fo=2, routed)           0.564    16.920    twin_controller_inst/virtual_seg_OBUF[4]
    SLICE_X36Y129        FDCE                                         r  twin_controller_inst/status_buffer_reg[0][4]/D
  -------------------------------------------------------------------    -------------------

                         (clock clk_out1_pll rise edge)
                                                     20.000    20.000 r  
    AD12                                              0.000    20.000 r  i_sys_clk_p (IN)
                         net (fo=0)                   0.000    20.000    pll_inst/inst/clk_in1_p
    AD12                 IBUFDS (Prop_ibufds_I_O)     0.803    20.803 r  pll_inst/inst/clkin1_ibufgds/O
                         net (fo=1, routed)           1.001    21.804    pll_inst/inst/clk_in1_pll
    PLLE2_ADV_X1Y1       PLLE2_ADV (Prop_plle2_adv_CLKIN1_CLKOUT0)
                                                     -7.261    14.543 r  pll_inst/inst/plle2_adv_inst/CLKOUT0
                         net (fo=1, routed)           2.003    16.546    pll_inst/inst/clk_out1_pll
    BUFGCTRL_X0Y1        BUFG (Prop_bufg_I_O)         0.083    16.629 r  pll_inst/inst/clkout1_buf/O
                         net (fo=386, routed)         1.316    17.945    twin_controller_inst/clk_out1
    SLICE_X36Y129        FDCE                                         r  twin_controller_inst/status_buffer_reg[0][4]/C
                         clock pessimism             -0.598    17.348    
                         clock uncertainty           -0.214    17.134    
    SLICE_X36Y129        FDCE (Setup_fdce_C_D)       -0.031    17.103    twin_controller_inst/status_buffer_reg[0][4]
  -------------------------------------------------------------------
                         required time                         17.103    
                         arrival time                         -16.920    
  -------------------------------------------------------------------
                         slack                                  0.183    

Slack (MET) :             0.190ns  (required time - arrival time)
  Source:                 student_top_inst/bridge_inst/seg_wdata_reg[3]/C
                            (rising edge-triggered cell FDRE clocked by clk_out2_pll  {rise@0.000ns fall@2.857ns period=5.714ns})
  Destination:            twin_controller_inst/status_buffer_reg[0][1]/D
                            (rising edge-triggered cell FDCE clocked by clk_out1_pll  {rise@0.000ns fall@10.000ns period=20.000ns})
  Path Group:             clk_out1_pll
  Path Type:              Setup (Max at Slow Process Corner)
  Requirement:            2.857ns  (clk_out1_pll rise@20.000ns - clk_out2_pll rise@17.143ns)
  Data Path Delay:        2.161ns  (logic 0.473ns (21.886%)  route 1.688ns (78.114%))
  Logic Levels:           2  (LUT3=1 LUT6=1)
  Clock Path Skew:        -0.270ns (DCD - SCD + CPR)
    Destination Clock Delay (DCD):    -2.059ns = ( 17.941 - 20.000 ) 
    Source Clock Delay      (SCD):    -2.386ns = ( 14.756 - 17.143 ) 
    Clock Pessimism Removal (CPR):    -0.598ns
  Clock Uncertainty:      0.214ns  ((TSJ^2 + DJ^2)^1/2) / 2 + PE
    Total System Jitter     (TSJ):    0.071ns
    Discrete Jitter          (DJ):    0.174ns
    Phase Error              (PE):    0.120ns

    Location             Delay type                Incr(ns)  Path(ns)    Netlist Resource(s)
  -------------------------------------------------------------------    -------------------
                         (clock clk_out2_pll rise edge)
                                                     17.143    17.143 r  
    AD12                                              0.000    17.143 r  i_sys_clk_p (IN)
                         net (fo=0)                   0.000    17.143    pll_inst/inst/clk_in1_p
    AD12                 IBUFDS (Prop_ibufds_I_O)     0.906    18.048 r  pll_inst/inst/clkin1_ibufgds/O
                         net (fo=1, routed)           1.098    19.146    pll_inst/inst/clk_in1_pll
    PLLE2_ADV_X1Y1       PLLE2_ADV (Prop_plle2_adv_CLKIN1_CLKOUT1)
                                                     -8.058    11.088 r  pll_inst/inst/plle2_adv_inst/CLKOUT1
                         net (fo=1, routed)           2.128    13.216    pll_inst/inst/clk_out2_pll
    BUFGCTRL_X0Y0        BUFG (Prop_bufg_I_O)         0.093    13.309 r  pll_inst/inst/clkout2_buf/O
                         net (fo=6035, routed)        1.447    14.756    student_top_inst/bridge_inst/clk_out2
    SLICE_X37Y120        FDRE                                         r  student_top_inst/bridge_inst/seg_wdata_reg[3]/C
  -------------------------------------------------------------------    -------------------
    SLICE_X37Y120        FDRE (Prop_fdre_C_Q)         0.204    14.960 r  student_top_inst/bridge_inst/seg_wdata_reg[3]/Q
                         net (fo=2, routed)           0.768    15.728    student_top_inst/bridge_inst/seg_driver/status_buffer_reg[4][4][3]
    SLICE_X41Y125        LUT3 (Prop_lut3_I0_O)        0.134    15.862 r  student_top_inst/bridge_inst/seg_driver/virtual_seg_OBUF[6]_inst_i_2/O
                         net (fo=7, routed)           0.446    16.308    student_top_inst/bridge_inst/seg_driver/virtual_seg_OBUF[6]_inst_i_2_n_0
    SLICE_X36Y125        LUT6 (Prop_lut6_I0_O)        0.135    16.443 r  student_top_inst/bridge_inst/seg_driver/virtual_seg_OBUF[1]_inst_i_1/O
                         net (fo=2, routed)           0.474    16.918    twin_controller_inst/virtual_seg_OBUF[1]
    SLICE_X36Y126        FDCE                                         r  twin_controller_inst/status_buffer_reg[0][1]/D
  -------------------------------------------------------------------    -------------------

                         (clock clk_out1_pll rise edge)
                                                     20.000    20.000 r  
    AD12                                              0.000    20.000 r  i_sys_clk_p (IN)
                         net (fo=0)                   0.000    20.000    pll_inst/inst/clk_in1_p
    AD12                 IBUFDS (Prop_ibufds_I_O)     0.803    20.803 r  pll_inst/inst/clkin1_ibufgds/O
                         net (fo=1, routed)           1.001    21.804    pll_inst/inst/clk_in1_pll
    PLLE2_ADV_X1Y1       PLLE2_ADV (Prop_plle2_adv_CLKIN1_CLKOUT0)
                                                     -7.261    14.543 r  pll_inst/inst/plle2_adv_inst/CLKOUT0
                         net (fo=1, routed)           2.003    16.546    pll_inst/inst/clk_out1_pll
    BUFGCTRL_X0Y1        BUFG (Prop_bufg_I_O)         0.083    16.629 r  pll_inst/inst/clkout1_buf/O
                         net (fo=386, routed)         1.312    17.941    twin_controller_inst/clk_out1
    SLICE_X36Y126        FDCE                                         r  twin_controller_inst/status_buffer_reg[0][1]/C
                         clock pessimism             -0.598    17.344    
                         clock uncertainty           -0.214    17.130    
    SLICE_X36Y126        FDCE (Setup_fdce_C_D)       -0.022    17.108    twin_controller_inst/status_buffer_reg[0][1]
  -------------------------------------------------------------------
                         required time                         17.108    
                         arrival time                         -16.918    
  -------------------------------------------------------------------
                         slack                                  0.190    

Slack (MET) :             0.199ns  (required time - arrival time)
  Source:                 student_top_inst/bridge_inst/seg_wdata_reg[27]/C
                            (rising edge-triggered cell FDRE clocked by clk_out2_pll  {rise@0.000ns fall@2.857ns period=5.714ns})
  Destination:            twin_controller_inst/status_buffer_reg[4][1]/D
                            (rising edge-triggered cell FDCE clocked by clk_out1_pll  {rise@0.000ns fall@10.000ns period=20.000ns})
  Path Group:             clk_out1_pll
  Path Type:              Setup (Max at Slow Process Corner)
  Requirement:            2.857ns  (clk_out1_pll rise@20.000ns - clk_out2_pll rise@17.143ns)
  Data Path Delay:        2.160ns  (logic 0.371ns (17.179%)  route 1.789ns (82.821%))
  Logic Levels:           2  (LUT3=1 LUT6=1)
  Clock Path Skew:        -0.263ns (DCD - SCD + CPR)
    Destination Clock Delay (DCD):    -2.051ns = ( 17.949 - 20.000 ) 
    Source Clock Delay      (SCD):    -2.385ns = ( 14.757 - 17.143 ) 
    Clock Pessimism Removal (CPR):    -0.598ns
  Clock Uncertainty:      0.214ns  ((TSJ^2 + DJ^2)^1/2) / 2 + PE
    Total System Jitter     (TSJ):    0.071ns
    Discrete Jitter          (DJ):    0.174ns
    Phase Error              (PE):    0.120ns

    Location             Delay type                Incr(ns)  Path(ns)    Netlist Resource(s)
  -------------------------------------------------------------------    -------------------
                         (clock clk_out2_pll rise edge)
                                                     17.143    17.143 r  
    AD12                                              0.000    17.143 r  i_sys_clk_p (IN)
                         net (fo=0)                   0.000    17.143    pll_inst/inst/clk_in1_p
    AD12                 IBUFDS (Prop_ibufds_I_O)     0.906    18.048 r  pll_inst/inst/clkin1_ibufgds/O
                         net (fo=1, routed)           1.098    19.146    pll_inst/inst/clk_in1_pll
    PLLE2_ADV_X1Y1       PLLE2_ADV (Prop_plle2_adv_CLKIN1_CLKOUT1)
                                                     -8.058    11.088 r  pll_inst/inst/plle2_adv_inst/CLKOUT1
                         net (fo=1, routed)           2.128    13.216    pll_inst/inst/clk_out2_pll
    BUFGCTRL_X0Y0        BUFG (Prop_bufg_I_O)         0.093    13.309 r  pll_inst/inst/clkout2_buf/O
                         net (fo=6035, routed)        1.448    14.757    student_top_inst/bridge_inst/clk_out2
    SLICE_X39Y117        FDRE                                         r  student_top_inst/bridge_inst/seg_wdata_reg[27]/C
  -------------------------------------------------------------------    -------------------
    SLICE_X39Y117        FDRE (Prop_fdre_C_Q)         0.204    14.961 r  student_top_inst/bridge_inst/seg_wdata_reg[27]/Q
                         net (fo=2, routed)           0.543    15.504    student_top_inst/bridge_inst/seg_driver/status_buffer_reg[4][4][27]
    SLICE_X38Y117        LUT3 (Prop_lut3_I0_O)        0.124    15.628 r  student_top_inst/bridge_inst/seg_driver/virtual_seg_OBUF[36]_inst_i_2/O
                         net (fo=7, routed)           0.636    16.264    student_top_inst/bridge_inst/seg_driver/virtual_seg_OBUF[36]_inst_i_2_n_0
    SLICE_X37Y116        LUT6 (Prop_lut6_I0_O)        0.043    16.307 r  student_top_inst/bridge_inst/seg_driver/virtual_seg_OBUF[33]_inst_i_1/O
                         net (fo=2, routed)           0.610    16.917    twin_controller_inst/virtual_seg_OBUF[26]
    SLICE_X37Y115        FDCE                                         r  twin_controller_inst/status_buffer_reg[4][1]/D
  -------------------------------------------------------------------    -------------------

                         (clock clk_out1_pll rise edge)
                                                     20.000    20.000 r  
    AD12                                              0.000    20.000 r  i_sys_clk_p (IN)
                         net (fo=0)                   0.000    20.000    pll_inst/inst/clk_in1_p
    AD12                 IBUFDS (Prop_ibufds_I_O)     0.803    20.803 r  pll_inst/inst/clkin1_ibufgds/O
                         net (fo=1, routed)           1.001    21.804    pll_inst/inst/clk_in1_pll
    PLLE2_ADV_X1Y1       PLLE2_ADV (Prop_plle2_adv_CLKIN1_CLKOUT0)
                                                     -7.261    14.543 r  pll_inst/inst/plle2_adv_inst/CLKOUT0
                         net (fo=1, routed)           2.003    16.546    pll_inst/inst/clk_out1_pll
    BUFGCTRL_X0Y1        BUFG (Prop_bufg_I_O)         0.083    16.629 r  pll_inst/inst/clkout1_buf/O
                         net (fo=386, routed)         1.320    17.949    twin_controller_inst/clk_out1
    SLICE_X37Y115        FDCE                                         r  twin_controller_inst/status_buffer_reg[4][1]/C
                         clock pessimism             -0.598    17.352    
                         clock uncertainty           -0.214    17.138    
    SLICE_X37Y115        FDCE (Setup_fdce_C_D)       -0.022    17.116    twin_controller_inst/status_buffer_reg[4][1]
  -------------------------------------------------------------------
                         required time                         17.116    
                         arrival time                         -16.917    
  -------------------------------------------------------------------
                         slack                                  0.199    

Slack (MET) :             0.199ns  (required time - arrival time)
  Source:                 student_top_inst/bridge_inst/seg_wdata_reg[29]/C
                            (rising edge-triggered cell FDRE clocked by clk_out2_pll  {rise@0.000ns fall@2.857ns period=5.714ns})
  Destination:            twin_controller_inst/status_buffer_reg[3][7]/D
                            (rising edge-triggered cell FDCE clocked by clk_out1_pll  {rise@0.000ns fall@10.000ns period=20.000ns})
  Path Group:             clk_out1_pll
  Path Type:              Setup (Max at Slow Process Corner)
  Requirement:            2.857ns  (clk_out1_pll rise@20.000ns - clk_out2_pll rise@17.143ns)
  Data Path Delay:        2.165ns  (logic 0.266ns (12.285%)  route 1.899ns (87.715%))
  Logic Levels:           1  (LUT6=1)
  Clock Path Skew:        -0.269ns (DCD - SCD + CPR)
    Destination Clock Delay (DCD):    -2.054ns = ( 17.946 - 20.000 ) 
    Source Clock Delay      (SCD):    -2.382ns = ( 14.760 - 17.143 ) 
    Clock Pessimism Removal (CPR):    -0.598ns
  Clock Uncertainty:      0.214ns  ((TSJ^2 + DJ^2)^1/2) / 2 + PE
    Total System Jitter     (TSJ):    0.071ns
    Discrete Jitter          (DJ):    0.174ns
    Phase Error              (PE):    0.120ns

    Location             Delay type                Incr(ns)  Path(ns)    Netlist Resource(s)
  -------------------------------------------------------------------    -------------------
                         (clock clk_out2_pll rise edge)
                                                     17.143    17.143 r  
    AD12                                              0.000    17.143 r  i_sys_clk_p (IN)
                         net (fo=0)                   0.000    17.143    pll_inst/inst/clk_in1_p
    AD12                 IBUFDS (Prop_ibufds_I_O)     0.906    18.048 r  pll_inst/inst/clkin1_ibufgds/O
                         net (fo=1, routed)           1.098    19.146    pll_inst/inst/clk_in1_pll
    PLLE2_ADV_X1Y1       PLLE2_ADV (Prop_plle2_adv_CLKIN1_CLKOUT1)
                                                     -8.058    11.088 r  pll_inst/inst/plle2_adv_inst/CLKOUT1
                         net (fo=1, routed)           2.128    13.216    pll_inst/inst/clk_out2_pll
    BUFGCTRL_X0Y0        BUFG (Prop_bufg_I_O)         0.093    13.309 r  pll_inst/inst/clkout2_buf/O
                         net (fo=6035, routed)        1.451    14.760    student_top_inst/bridge_inst/clk_out2
    SLICE_X37Y116        FDRE                                         r  student_top_inst/bridge_inst/seg_wdata_reg[29]/C
  -------------------------------------------------------------------    -------------------
    SLICE_X37Y116        FDRE (Prop_fdre_C_Q)         0.223    14.983 r  student_top_inst/bridge_inst/seg_wdata_reg[29]/Q
                         net (fo=5, routed)           1.215    16.198    student_top_inst/bridge_inst/seg_driver/status_buffer_reg[4][4][29]
    SLICE_X36Y116        LUT6 (Prop_lut6_I2_O)        0.043    16.241 r  student_top_inst/bridge_inst/seg_driver/virtual_seg_OBUF[31]_inst_i_1/O
                         net (fo=2, routed)           0.684    16.926    twin_controller_inst/virtual_seg_OBUF[24]
    SLICE_X36Y118        FDCE                                         r  twin_controller_inst/status_buffer_reg[3][7]/D
  -------------------------------------------------------------------    -------------------

                         (clock clk_out1_pll rise edge)
                                                     20.000    20.000 r  
    AD12                                              0.000    20.000 r  i_sys_clk_p (IN)
                         net (fo=0)                   0.000    20.000    pll_inst/inst/clk_in1_p
    AD12                 IBUFDS (Prop_ibufds_I_O)     0.803    20.803 r  pll_inst/inst/clkin1_ibufgds/O
                         net (fo=1, routed)           1.001    21.804    pll_inst/inst/clk_in1_pll
    PLLE2_ADV_X1Y1       PLLE2_ADV (Prop_plle2_adv_CLKIN1_CLKOUT0)
                                                     -7.261    14.543 r  pll_inst/inst/plle2_adv_inst/CLKOUT0
                         net (fo=1, routed)           2.003    16.546    pll_inst/inst/clk_out1_pll
    BUFGCTRL_X0Y1        BUFG (Prop_bufg_I_O)         0.083    16.629 r  pll_inst/inst/clkout1_buf/O
                         net (fo=386, routed)         1.317    17.946    twin_controller_inst/clk_out1
    SLICE_X36Y118        FDCE                                         r  twin_controller_inst/status_buffer_reg[3][7]/C
                         clock pessimism             -0.598    17.349    
                         clock uncertainty           -0.214    17.135    
    SLICE_X36Y118        FDCE (Setup_fdce_C_D)       -0.010    17.125    twin_controller_inst/status_buffer_reg[3][7]
  -------------------------------------------------------------------
                         required time                         17.125    
                         arrival time                         -16.926    
  -------------------------------------------------------------------
                         slack                                  0.199    

Slack (MET) :             0.217ns  (required time - arrival time)
  Source:                 student_top_inst/bridge_inst/seg_driver/count_reg[4]/C
                            (rising edge-triggered cell FDCE clocked by clk_out2_pll  {rise@0.000ns fall@2.857ns period=5.714ns})
  Destination:            twin_controller_inst/status_buffer_reg[2][0]/D
                            (rising edge-triggered cell FDCE clocked by clk_out1_pll  {rise@0.000ns fall@10.000ns period=20.000ns})
  Path Group:             clk_out1_pll
  Path Type:              Setup (Max at Slow Process Corner)
  Requirement:            2.857ns  (clk_out1_pll rise@20.000ns - clk_out2_pll rise@17.143ns)
  Data Path Delay:        2.145ns  (logic 0.473ns (22.055%)  route 1.672ns (77.945%))
  Logic Levels:           2  (LUT3=1 LUT6=1)
  Clock Path Skew:        -0.272ns (DCD - SCD + CPR)
    Destination Clock Delay (DCD):    -2.055ns = ( 17.945 - 20.000 ) 
    Source Clock Delay      (SCD):    -2.380ns = ( 14.762 - 17.143 ) 
    Clock Pessimism Removal (CPR):    -0.598ns
  Clock Uncertainty:      0.214ns  ((TSJ^2 + DJ^2)^1/2) / 2 + PE
    Total System Jitter     (TSJ):    0.071ns
    Discrete Jitter          (DJ):    0.174ns
    Phase Error              (PE):    0.120ns

    Location             Delay type                Incr(ns)  Path(ns)    Netlist Resource(s)
  -------------------------------------------------------------------    -------------------
                         (clock clk_out2_pll rise edge)
                                                     17.143    17.143 r  
    AD12                                              0.000    17.143 r  i_sys_clk_p (IN)
                         net (fo=0)                   0.000    17.143    pll_inst/inst/clk_in1_p
    AD12                 IBUFDS (Prop_ibufds_I_O)     0.906    18.048 r  pll_inst/inst/clkin1_ibufgds/O
                         net (fo=1, routed)           1.098    19.146    pll_inst/inst/clk_in1_pll
    PLLE2_ADV_X1Y1       PLLE2_ADV (Prop_plle2_adv_CLKIN1_CLKOUT1)
                                                     -8.058    11.088 r  pll_inst/inst/plle2_adv_inst/CLKOUT1
                         net (fo=1, routed)           2.128    13.216    pll_inst/inst/clk_out2_pll
    BUFGCTRL_X0Y0        BUFG (Prop_bufg_I_O)         0.093    13.309 r  pll_inst/inst/clkout2_buf/O
                         net (fo=6035, routed)        1.453    14.762    student_top_inst/bridge_inst/seg_driver/clk_out2
    SLICE_X36Y114        FDCE                                         r  student_top_inst/bridge_inst/seg_driver/count_reg[4]/C
  -------------------------------------------------------------------    -------------------
    SLICE_X36Y114        FDCE (Prop_fdce_C_Q)         0.204    14.966 r  student_top_inst/bridge_inst/seg_driver/count_reg[4]/Q
                         net (fo=49, routed)          0.658    15.624    student_top_inst/bridge_inst/seg_driver/Q[0]
    SLICE_X37Y120        LUT3 (Prop_lut3_I1_O)        0.133    15.757 r  student_top_inst/bridge_inst/seg_driver/virtual_seg_OBUF[16]_inst_i_3/O
                         net (fo=7, routed)           0.556    16.313    student_top_inst/bridge_inst/seg_driver/virtual_seg_OBUF[16]_inst_i_3_n_0
    SLICE_X36Y129        LUT6 (Prop_lut6_I4_O)        0.136    16.449 r  student_top_inst/bridge_inst/seg_driver/virtual_seg_OBUF[16]_inst_i_1/O
                         net (fo=2, routed)           0.458    16.907    twin_controller_inst/virtual_seg_OBUF[15]
    SLICE_X36Y129        FDCE                                         r  twin_controller_inst/status_buffer_reg[2][0]/D
  -------------------------------------------------------------------    -------------------

                         (clock clk_out1_pll rise edge)
                                                     20.000    20.000 r  
    AD12                                              0.000    20.000 r  i_sys_clk_p (IN)
                         net (fo=0)                   0.000    20.000    pll_inst/inst/clk_in1_p
    AD12                 IBUFDS (Prop_ibufds_I_O)     0.803    20.803 r  pll_inst/inst/clkin1_ibufgds/O
                         net (fo=1, routed)           1.001    21.804    pll_inst/inst/clk_in1_pll
    PLLE2_ADV_X1Y1       PLLE2_ADV (Prop_plle2_adv_CLKIN1_CLKOUT0)
                                                     -7.261    14.543 r  pll_inst/inst/plle2_adv_inst/CLKOUT0
                         net (fo=1, routed)           2.003    16.546    pll_inst/inst/clk_out1_pll
    BUFGCTRL_X0Y1        BUFG (Prop_bufg_I_O)         0.083    16.629 r  pll_inst/inst/clkout1_buf/O
                         net (fo=386, routed)         1.316    17.945    twin_controller_inst/clk_out1
    SLICE_X36Y129        FDCE                                         r  twin_controller_inst/status_buffer_reg[2][0]/C
                         clock pessimism             -0.598    17.348    
                         clock uncertainty           -0.214    17.134    
    SLICE_X36Y129        FDCE (Setup_fdce_C_D)       -0.010    17.124    twin_controller_inst/status_buffer_reg[2][0]
  -------------------------------------------------------------------
                         required time                         17.124    
                         arrival time                         -16.907    
  -------------------------------------------------------------------
                         slack                                  0.217    

Slack (MET) :             0.217ns  (required time - arrival time)
  Source:                 student_top_inst/bridge_inst/seg_wdata_reg[3]/C
                            (rising edge-triggered cell FDRE clocked by clk_out2_pll  {rise@0.000ns fall@2.857ns period=5.714ns})
  Destination:            twin_controller_inst/status_buffer_reg[0][2]/D
                            (rising edge-triggered cell FDCE clocked by clk_out1_pll  {rise@0.000ns fall@10.000ns period=20.000ns})
  Path Group:             clk_out1_pll
  Path Type:              Setup (Max at Slow Process Corner)
  Requirement:            2.857ns  (clk_out1_pll rise@20.000ns - clk_out2_pll rise@17.143ns)
  Data Path Delay:        2.133ns  (logic 0.473ns (22.172%)  route 1.660ns (77.828%))
  Logic Levels:           2  (LUT3=1 LUT6=1)
  Clock Path Skew:        -0.271ns (DCD - SCD + CPR)
    Destination Clock Delay (DCD):    -2.060ns = ( 17.940 - 20.000 ) 
    Source Clock Delay      (SCD):    -2.386ns = ( 14.756 - 17.143 ) 
    Clock Pessimism Removal (CPR):    -0.598ns
  Clock Uncertainty:      0.214ns  ((TSJ^2 + DJ^2)^1/2) / 2 + PE
    Total System Jitter     (TSJ):    0.071ns
    Discrete Jitter          (DJ):    0.174ns
    Phase Error              (PE):    0.120ns

    Location             Delay type                Incr(ns)  Path(ns)    Netlist Resource(s)
  -------------------------------------------------------------------    -------------------
                         (clock clk_out2_pll rise edge)
                                                     17.143    17.143 r  
    AD12                                              0.000    17.143 r  i_sys_clk_p (IN)
                         net (fo=0)                   0.000    17.143    pll_inst/inst/clk_in1_p
    AD12                 IBUFDS (Prop_ibufds_I_O)     0.906    18.048 r  pll_inst/inst/clkin1_ibufgds/O
                         net (fo=1, routed)           1.098    19.146    pll_inst/inst/clk_in1_pll
    PLLE2_ADV_X1Y1       PLLE2_ADV (Prop_plle2_adv_CLKIN1_CLKOUT1)
                                                     -8.058    11.088 r  pll_inst/inst/plle2_adv_inst/CLKOUT1
                         net (fo=1, routed)           2.128    13.216    pll_inst/inst/clk_out2_pll
    BUFGCTRL_X0Y0        BUFG (Prop_bufg_I_O)         0.093    13.309 r  pll_inst/inst/clkout2_buf/O
                         net (fo=6035, routed)        1.447    14.756    student_top_inst/bridge_inst/clk_out2
    SLICE_X37Y120        FDRE                                         r  student_top_inst/bridge_inst/seg_wdata_reg[3]/C
  -------------------------------------------------------------------    -------------------
    SLICE_X37Y120        FDRE (Prop_fdre_C_Q)         0.204    14.960 r  student_top_inst/bridge_inst/seg_wdata_reg[3]/Q
                         net (fo=2, routed)           0.768    15.728    student_top_inst/bridge_inst/seg_driver/status_buffer_reg[4][4][3]
    SLICE_X41Y125        LUT3 (Prop_lut3_I0_O)        0.134    15.862 r  student_top_inst/bridge_inst/seg_driver/virtual_seg_OBUF[6]_inst_i_2/O
                         net (fo=7, routed)           0.339    16.201    student_top_inst/bridge_inst/seg_driver/virtual_seg_OBUF[6]_inst_i_2_n_0
    SLICE_X36Y125        LUT6 (Prop_lut6_I0_O)        0.135    16.336 r  student_top_inst/bridge_inst/seg_driver/virtual_seg_OBUF[2]_inst_i_1/O
                         net (fo=2, routed)           0.554    16.890    twin_controller_inst/virtual_seg_OBUF[2]
    SLICE_X36Y125        FDCE                                         r  twin_controller_inst/status_buffer_reg[0][2]/D
  -------------------------------------------------------------------    -------------------

                         (clock clk_out1_pll rise edge)
                                                     20.000    20.000 r  
    AD12                                              0.000    20.000 r  i_sys_clk_p (IN)
                         net (fo=0)                   0.000    20.000    pll_inst/inst/clk_in1_p
    AD12                 IBUFDS (Prop_ibufds_I_O)     0.803    20.803 r  pll_inst/inst/clkin1_ibufgds/O
                         net (fo=1, routed)           1.001    21.804    pll_inst/inst/clk_in1_pll
    PLLE2_ADV_X1Y1       PLLE2_ADV (Prop_plle2_adv_CLKIN1_CLKOUT0)
                                                     -7.261    14.543 r  pll_inst/inst/plle2_adv_inst/CLKOUT0
                         net (fo=1, routed)           2.003    16.546    pll_inst/inst/clk_out1_pll
    BUFGCTRL_X0Y1        BUFG (Prop_bufg_I_O)         0.083    16.629 r  pll_inst/inst/clkout1_buf/O
                         net (fo=386, routed)         1.311    17.940    twin_controller_inst/clk_out1
    SLICE_X36Y125        FDCE                                         r  twin_controller_inst/status_buffer_reg[0][2]/C
                         clock pessimism             -0.598    17.343    
                         clock uncertainty           -0.214    17.129    
    SLICE_X36Y125        FDCE (Setup_fdce_C_D)       -0.022    17.107    twin_controller_inst/status_buffer_reg[0][2]
  -------------------------------------------------------------------
                         required time                         17.107    
                         arrival time                         -16.890    
  -------------------------------------------------------------------
                         slack                                  0.217    

Slack (MET) :             0.269ns  (required time - arrival time)
  Source:                 student_top_inst/bridge_inst/seg_wdata_reg[25]/C
                            (rising edge-triggered cell FDRE clocked by clk_out2_pll  {rise@0.000ns fall@2.857ns period=5.714ns})
  Destination:            twin_controller_inst/status_buffer_reg[3][6]/D
                            (rising edge-triggered cell FDCE clocked by clk_out1_pll  {rise@0.000ns fall@10.000ns period=20.000ns})
  Path Group:             clk_out1_pll
  Path Type:              Setup (Max at Slow Process Corner)
  Requirement:            2.857ns  (clk_out1_pll rise@20.000ns - clk_out2_pll rise@17.143ns)
  Data Path Delay:        2.086ns  (logic 0.266ns (12.752%)  route 1.820ns (87.248%))
  Logic Levels:           1  (LUT6=1)
  Clock Path Skew:        -0.269ns (DCD - SCD + CPR)
    Destination Clock Delay (DCD):    -2.054ns = ( 17.946 - 20.000 ) 
    Source Clock Delay      (SCD):    -2.382ns = ( 14.760 - 17.143 ) 
    Clock Pessimism Removal (CPR):    -0.598ns
  Clock Uncertainty:      0.214ns  ((TSJ^2 + DJ^2)^1/2) / 2 + PE
    Total System Jitter     (TSJ):    0.071ns
    Discrete Jitter          (DJ):    0.174ns
    Phase Error              (PE):    0.120ns

    Location             Delay type                Incr(ns)  Path(ns)    Netlist Resource(s)
  -------------------------------------------------------------------    -------------------
                         (clock clk_out2_pll rise edge)
                                                     17.143    17.143 r  
    AD12                                              0.000    17.143 r  i_sys_clk_p (IN)
                         net (fo=0)                   0.000    17.143    pll_inst/inst/clk_in1_p
    AD12                 IBUFDS (Prop_ibufds_I_O)     0.906    18.048 r  pll_inst/inst/clkin1_ibufgds/O
                         net (fo=1, routed)           1.098    19.146    pll_inst/inst/clk_in1_pll
    PLLE2_ADV_X1Y1       PLLE2_ADV (Prop_plle2_adv_CLKIN1_CLKOUT1)
                                                     -8.058    11.088 r  pll_inst/inst/plle2_adv_inst/CLKOUT1
                         net (fo=1, routed)           2.128    13.216    pll_inst/inst/clk_out2_pll
    BUFGCTRL_X0Y0        BUFG (Prop_bufg_I_O)         0.093    13.309 r  pll_inst/inst/clkout2_buf/O
                         net (fo=6035, routed)        1.451    14.760    student_top_inst/bridge_inst/clk_out2
    SLICE_X37Y116        FDRE                                         r  student_top_inst/bridge_inst/seg_wdata_reg[25]/C
  -------------------------------------------------------------------    -------------------
    SLICE_X37Y116        FDRE (Prop_fdre_C_Q)         0.223    14.983 r  student_top_inst/bridge_inst/seg_wdata_reg[25]/Q
                         net (fo=5, routed)           1.204    16.187    student_top_inst/bridge_inst/seg_driver/status_buffer_reg[4][4][25]
    SLICE_X36Y116        LUT6 (Prop_lut6_I4_O)        0.043    16.230 r  student_top_inst/bridge_inst/seg_driver/virtual_seg_OBUF[30]_inst_i_1/O
                         net (fo=2, routed)           0.616    16.846    twin_controller_inst/virtual_seg_OBUF[23]
    SLICE_X36Y118        FDCE                                         r  twin_controller_inst/status_buffer_reg[3][6]/D
  -------------------------------------------------------------------    -------------------

                         (clock clk_out1_pll rise edge)
                                                     20.000    20.000 r  
    AD12                                              0.000    20.000 r  i_sys_clk_p (IN)
                         net (fo=0)                   0.000    20.000    pll_inst/inst/clk_in1_p
    AD12                 IBUFDS (Prop_ibufds_I_O)     0.803    20.803 r  pll_inst/inst/clkin1_ibufgds/O
                         net (fo=1, routed)           1.001    21.804    pll_inst/inst/clk_in1_pll
    PLLE2_ADV_X1Y1       PLLE2_ADV (Prop_plle2_adv_CLKIN1_CLKOUT0)
                                                     -7.261    14.543 r  pll_inst/inst/plle2_adv_inst/CLKOUT0
                         net (fo=1, routed)           2.003    16.546    pll_inst/inst/clk_out1_pll
    BUFGCTRL_X0Y1        BUFG (Prop_bufg_I_O)         0.083    16.629 r  pll_inst/inst/clkout1_buf/O
                         net (fo=386, routed)         1.317    17.946    twin_controller_inst/clk_out1
    SLICE_X36Y118        FDCE                                         r  twin_controller_inst/status_buffer_reg[3][6]/C
                         clock pessimism             -0.598    17.349    
                         clock uncertainty           -0.214    17.135    
    SLICE_X36Y118        FDCE (Setup_fdce_C_D)       -0.019    17.116    twin_controller_inst/status_buffer_reg[3][6]
  -------------------------------------------------------------------
                         required time                         17.116    
                         arrival time                         -16.846    
  -------------------------------------------------------------------
                         slack                                  0.269    

Slack (MET) :             0.302ns  (required time - arrival time)
  Source:                 student_top_inst/bridge_inst/seg_wdata_reg[25]/C
                            (rising edge-triggered cell FDRE clocked by clk_out2_pll  {rise@0.000ns fall@2.857ns period=5.714ns})
  Destination:            twin_controller_inst/status_buffer_reg[4][0]/D
                            (rising edge-triggered cell FDCE clocked by clk_out1_pll  {rise@0.000ns fall@10.000ns period=20.000ns})
  Path Group:             clk_out1_pll
  Path Type:              Setup (Max at Slow Process Corner)
  Requirement:            2.857ns  (clk_out1_pll rise@20.000ns - clk_out2_pll rise@17.143ns)
  Data Path Delay:        2.055ns  (logic 0.410ns (19.956%)  route 1.645ns (80.044%))
  Logic Levels:           2  (LUT3=1 LUT6=1)
  Clock Path Skew:        -0.265ns (DCD - SCD + CPR)
    Destination Clock Delay (DCD):    -2.050ns = ( 17.950 - 20.000 ) 
    Source Clock Delay      (SCD):    -2.382ns = ( 14.760 - 17.143 ) 
    Clock Pessimism Removal (CPR):    -0.598ns
  Clock Uncertainty:      0.214ns  ((TSJ^2 + DJ^2)^1/2) / 2 + PE
    Total System Jitter     (TSJ):    0.071ns
    Discrete Jitter          (DJ):    0.174ns
    Phase Error              (PE):    0.120ns

    Location             Delay type                Incr(ns)  Path(ns)    Netlist Resource(s)
  -------------------------------------------------------------------    -------------------
                         (clock clk_out2_pll rise edge)
                                                     17.143    17.143 r  
    AD12                                              0.000    17.143 r  i_sys_clk_p (IN)
                         net (fo=0)                   0.000    17.143    pll_inst/inst/clk_in1_p
    AD12                 IBUFDS (Prop_ibufds_I_O)     0.906    18.048 r  pll_inst/inst/clkin1_ibufgds/O
                         net (fo=1, routed)           1.098    19.146    pll_inst/inst/clk_in1_pll
    PLLE2_ADV_X1Y1       PLLE2_ADV (Prop_plle2_adv_CLKIN1_CLKOUT1)
                                                     -8.058    11.088 r  pll_inst/inst/plle2_adv_inst/CLKOUT1
                         net (fo=1, routed)           2.128    13.216    pll_inst/inst/clk_out2_pll
    BUFGCTRL_X0Y0        BUFG (Prop_bufg_I_O)         0.093    13.309 r  pll_inst/inst/clkout2_buf/O
                         net (fo=6035, routed)        1.451    14.760    student_top_inst/bridge_inst/clk_out2
    SLICE_X37Y116        FDRE                                         r  student_top_inst/bridge_inst/seg_wdata_reg[25]/C
  -------------------------------------------------------------------    -------------------
    SLICE_X37Y116        FDRE (Prop_fdre_C_Q)         0.223    14.983 f  student_top_inst/bridge_inst/seg_wdata_reg[25]/Q
                         net (fo=5, routed)           0.872    15.856    student_top_inst/bridge_inst/seg_driver/status_buffer_reg[4][4][25]
    SLICE_X37Y116        LUT3 (Prop_lut3_I0_O)        0.051    15.907 f  student_top_inst/bridge_inst/seg_driver/virtual_seg_OBUF[36]_inst_i_3/O
                         net (fo=4, routed)           0.323    16.229    student_top_inst/bridge_inst/seg_driver/virtual_seg_OBUF[36]_inst_i_3_n_0
    SLICE_X37Y115        LUT6 (Prop_lut6_I5_O)        0.136    16.365 r  student_top_inst/bridge_inst/seg_driver/virtual_seg_OBUF[32]_inst_i_1/O
                         net (fo=2, routed)           0.450    16.815    twin_controller_inst/virtual_seg_OBUF[25]
    SLICE_X37Y114        FDCE                                         r  twin_controller_inst/status_buffer_reg[4][0]/D
  -------------------------------------------------------------------    -------------------

                         (clock clk_out1_pll rise edge)
                                                     20.000    20.000 r  
    AD12                                              0.000    20.000 r  i_sys_clk_p (IN)
                         net (fo=0)                   0.000    20.000    pll_inst/inst/clk_in1_p
    AD12                 IBUFDS (Prop_ibufds_I_O)     0.803    20.803 r  pll_inst/inst/clkin1_ibufgds/O
                         net (fo=1, routed)           1.001    21.804    pll_inst/inst/clk_in1_pll
    PLLE2_ADV_X1Y1       PLLE2_ADV (Prop_plle2_adv_CLKIN1_CLKOUT0)
                                                     -7.261    14.543 r  pll_inst/inst/plle2_adv_inst/CLKOUT0
                         net (fo=1, routed)           2.003    16.546    pll_inst/inst/clk_out1_pll
    BUFGCTRL_X0Y1        BUFG (Prop_bufg_I_O)         0.083    16.629 r  pll_inst/inst/clkout1_buf/O
                         net (fo=386, routed)         1.321    17.950    twin_controller_inst/clk_out1
    SLICE_X37Y114        FDCE                                         r  twin_controller_inst/status_buffer_reg[4][0]/C
                         clock pessimism             -0.598    17.353    
                         clock uncertainty           -0.214    17.139    
    SLICE_X37Y114        FDCE (Setup_fdce_C_D)       -0.022    17.117    twin_controller_inst/status_buffer_reg[4][0]
  -------------------------------------------------------------------
                         required time                         17.117    
                         arrival time                         -16.815    
  -------------------------------------------------------------------
                         slack                                  0.302    

Slack (MET) :             0.333ns  (required time - arrival time)
  Source:                 student_top_inst/bridge_inst/seg_wdata_reg[20]/C
                            (rising edge-triggered cell FDRE clocked by clk_out2_pll  {rise@0.000ns fall@2.857ns period=5.714ns})
  Destination:            twin_controller_inst/status_buffer_reg[2][4]/D
                            (rising edge-triggered cell FDCE clocked by clk_out1_pll  {rise@0.000ns fall@10.000ns period=20.000ns})
  Path Group:             clk_out1_pll
  Path Type:              Setup (Max at Slow Process Corner)
  Requirement:            2.857ns  (clk_out1_pll rise@20.000ns - clk_out2_pll rise@17.143ns)
  Data Path Delay:        2.080ns  (logic 0.266ns (12.790%)  route 1.814ns (87.210%))
  Logic Levels:           1  (LUT6=1)
  Clock Path Skew:        -0.265ns (DCD - SCD + CPR)
    Destination Clock Delay (DCD):    -2.053ns = ( 17.947 - 20.000 ) 
    Source Clock Delay      (SCD):    -2.385ns = ( 14.757 - 17.143 ) 
    Clock Pessimism Removal (CPR):    -0.598ns
  Clock Uncertainty:      0.214ns  ((TSJ^2 + DJ^2)^1/2) / 2 + PE
    Total System Jitter     (TSJ):    0.071ns
    Discrete Jitter          (DJ):    0.174ns
    Phase Error              (PE):    0.120ns

    Location             Delay type                Incr(ns)  Path(ns)    Netlist Resource(s)
  -------------------------------------------------------------------    -------------------
                         (clock clk_out2_pll rise edge)
                                                     17.143    17.143 r  
    AD12                                              0.000    17.143 r  i_sys_clk_p (IN)
                         net (fo=0)                   0.000    17.143    pll_inst/inst/clk_in1_p
    AD12                 IBUFDS (Prop_ibufds_I_O)     0.906    18.048 r  pll_inst/inst/clkin1_ibufgds/O
                         net (fo=1, routed)           1.098    19.146    pll_inst/inst/clk_in1_pll
    PLLE2_ADV_X1Y1       PLLE2_ADV (Prop_plle2_adv_CLKIN1_CLKOUT1)
                                                     -8.058    11.088 r  pll_inst/inst/plle2_adv_inst/CLKOUT1
                         net (fo=1, routed)           2.128    13.216    pll_inst/inst/clk_out2_pll
    BUFGCTRL_X0Y0        BUFG (Prop_bufg_I_O)         0.093    13.309 r  pll_inst/inst/clkout2_buf/O
                         net (fo=6035, routed)        1.448    14.757    student_top_inst/bridge_inst/clk_out2
    SLICE_X39Y117        FDRE                                         r  student_top_inst/bridge_inst/seg_wdata_reg[20]/C
  -------------------------------------------------------------------    -------------------
    SLICE_X39Y117        FDRE (Prop_fdre_C_Q)         0.223    14.980 r  student_top_inst/bridge_inst/seg_wdata_reg[20]/Q
                         net (fo=8, routed)           1.814    16.794    student_top_inst/bridge_inst/seg_driver/status_buffer_reg[4][4][20]
    SLICE_X36Y117        LUT6 (Prop_lut6_I4_O)        0.043    16.837 r  student_top_inst/bridge_inst/seg_driver/virtual_seg_OBUF[20]_inst_i_1/O
                         net (fo=2, routed)           0.000    16.837    twin_controller_inst/virtual_seg_OBUF[16]
    SLICE_X36Y117        FDCE                                         r  twin_controller_inst/status_buffer_reg[2][4]/D
  -------------------------------------------------------------------    -------------------

                         (clock clk_out1_pll rise edge)
                                                     20.000    20.000 r  
    AD12                                              0.000    20.000 r  i_sys_clk_p (IN)
                         net (fo=0)                   0.000    20.000    pll_inst/inst/clk_in1_p
    AD12                 IBUFDS (Prop_ibufds_I_O)     0.803    20.803 r  pll_inst/inst/clkin1_ibufgds/O
                         net (fo=1, routed)           1.001    21.804    pll_inst/inst/clk_in1_pll
    PLLE2_ADV_X1Y1       PLLE2_ADV (Prop_plle2_adv_CLKIN1_CLKOUT0)
                                                     -7.261    14.543 r  pll_inst/inst/plle2_adv_inst/CLKOUT0
                         net (fo=1, routed)           2.003    16.546    pll_inst/inst/clk_out1_pll
    BUFGCTRL_X0Y1        BUFG (Prop_bufg_I_O)         0.083    16.629 r  pll_inst/inst/clkout1_buf/O
                         net (fo=386, routed)         1.318    17.947    twin_controller_inst/clk_out1
    SLICE_X36Y117        FDCE                                         r  twin_controller_inst/status_buffer_reg[2][4]/C
                         clock pessimism             -0.598    17.350    
                         clock uncertainty           -0.214    17.136    
    SLICE_X36Y117        FDCE (Setup_fdce_C_D)        0.034    17.170    twin_controller_inst/status_buffer_reg[2][4]
  -------------------------------------------------------------------
                         required time                         17.170    
                         arrival time                         -16.837    
  -------------------------------------------------------------------
                         slack                                  0.333    

Slack (MET) :             0.352ns  (required time - arrival time)
  Source:                 student_top_inst/bridge_inst/seg_driver/count_reg[4]/C
                            (rising edge-triggered cell FDCE clocked by clk_out2_pll  {rise@0.000ns fall@2.857ns period=5.714ns})
  Destination:            twin_controller_inst/status_buffer_reg[4][3]/D
                            (rising edge-triggered cell FDCE clocked by clk_out1_pll  {rise@0.000ns fall@10.000ns period=20.000ns})
  Path Group:             clk_out1_pll
  Path Type:              Setup (Max at Slow Process Corner)
  Requirement:            2.857ns  (clk_out1_pll rise@20.000ns - clk_out2_pll rise@17.143ns)
  Data Path Delay:        2.057ns  (logic 0.329ns (15.994%)  route 1.728ns (84.006%))
  Logic Levels:           1  (LUT6=1)
  Clock Path Skew:        -0.268ns (DCD - SCD + CPR)
    Destination Clock Delay (DCD):    -2.051ns = ( 17.949 - 20.000 ) 
    Source Clock Delay      (SCD):    -2.380ns = ( 14.762 - 17.143 ) 
    Clock Pessimism Removal (CPR):    -0.598ns
  Clock Uncertainty:      0.214ns  ((TSJ^2 + DJ^2)^1/2) / 2 + PE
    Total System Jitter     (TSJ):    0.071ns
    Discrete Jitter          (DJ):    0.174ns
    Phase Error              (PE):    0.120ns

    Location             Delay type                Incr(ns)  Path(ns)    Netlist Resource(s)
  -------------------------------------------------------------------    -------------------
                         (clock clk_out2_pll rise edge)
                                                     17.143    17.143 r  
    AD12                                              0.000    17.143 r  i_sys_clk_p (IN)
                         net (fo=0)                   0.000    17.143    pll_inst/inst/clk_in1_p
    AD12                 IBUFDS (Prop_ibufds_I_O)     0.906    18.048 r  pll_inst/inst/clkin1_ibufgds/O
                         net (fo=1, routed)           1.098    19.146    pll_inst/inst/clk_in1_pll
    PLLE2_ADV_X1Y1       PLLE2_ADV (Prop_plle2_adv_CLKIN1_CLKOUT1)
                                                     -8.058    11.088 r  pll_inst/inst/plle2_adv_inst/CLKOUT1
                         net (fo=1, routed)           2.128    13.216    pll_inst/inst/clk_out2_pll
    BUFGCTRL_X0Y0        BUFG (Prop_bufg_I_O)         0.093    13.309 r  pll_inst/inst/clkout2_buf/O
                         net (fo=6035, routed)        1.453    14.762    student_top_inst/bridge_inst/seg_driver/clk_out2
    SLICE_X36Y114        FDCE                                         r  student_top_inst/bridge_inst/seg_driver/count_reg[4]/C
  -------------------------------------------------------------------    -------------------
    SLICE_X36Y114        FDCE (Prop_fdce_C_Q)         0.204    14.966 r  student_top_inst/bridge_inst/seg_driver/count_reg[4]/Q
                         net (fo=49, routed)          1.728    16.694    student_top_inst/bridge_inst/seg_driver/Q[0]
    SLICE_X37Y115        LUT6 (Prop_lut6_I1_O)        0.125    16.819 r  student_top_inst/bridge_inst/seg_driver/virtual_seg_OBUF[35]_inst_i_1/O
                         net (fo=2, routed)           0.000    16.819    twin_controller_inst/virtual_seg_OBUF[28]
    SLICE_X37Y115        FDCE                                         r  twin_controller_inst/status_buffer_reg[4][3]/D
  -------------------------------------------------------------------    -------------------

                         (clock clk_out1_pll rise edge)
                                                     20.000    20.000 r  
    AD12                                              0.000    20.000 r  i_sys_clk_p (IN)
                         net (fo=0)                   0.000    20.000    pll_inst/inst/clk_in1_p
    AD12                 IBUFDS (Prop_ibufds_I_O)     0.803    20.803 r  pll_inst/inst/clkin1_ibufgds/O
                         net (fo=1, routed)           1.001    21.804    pll_inst/inst/clk_in1_pll
    PLLE2_ADV_X1Y1       PLLE2_ADV (Prop_plle2_adv_CLKIN1_CLKOUT0)
                                                     -7.261    14.543 r  pll_inst/inst/plle2_adv_inst/CLKOUT0
                         net (fo=1, routed)           2.003    16.546    pll_inst/inst/clk_out1_pll
    BUFGCTRL_X0Y1        BUFG (Prop_bufg_I_O)         0.083    16.629 r  pll_inst/inst/clkout1_buf/O
                         net (fo=386, routed)         1.320    17.949    twin_controller_inst/clk_out1
    SLICE_X37Y115        FDCE                                         r  twin_controller_inst/status_buffer_reg[4][3]/C
                         clock pessimism             -0.598    17.352    
                         clock uncertainty           -0.214    17.138    
    SLICE_X37Y115        FDCE (Setup_fdce_C_D)        0.034    17.172    twin_controller_inst/status_buffer_reg[4][3]
  -------------------------------------------------------------------
                         required time                         17.172    
                         arrival time                         -16.819    
  -------------------------------------------------------------------
                         slack                                  0.352    

Slack (MET) :             0.366ns  (required time - arrival time)
  Source:                 student_top_inst/bridge_inst/seg_wdata_reg[4]/C
                            (rising edge-triggered cell FDRE clocked by clk_out2_pll  {rise@0.000ns fall@2.857ns period=5.714ns})
  Destination:            twin_controller_inst/status_buffer_reg[0][5]/D
                            (rising edge-triggered cell FDCE clocked by clk_out1_pll  {rise@0.000ns fall@10.000ns period=20.000ns})
  Path Group:             clk_out1_pll
  Path Type:              Setup (Max at Slow Process Corner)
  Requirement:            2.857ns  (clk_out1_pll rise@20.000ns - clk_out2_pll rise@17.143ns)
  Data Path Delay:        2.040ns  (logic 0.330ns (16.180%)  route 1.710ns (83.820%))
  Logic Levels:           1  (LUT6=1)
  Clock Path Skew:        -0.271ns (DCD - SCD + CPR)
    Destination Clock Delay (DCD):    -2.059ns = ( 17.941 - 20.000 ) 
    Source Clock Delay      (SCD):    -2.385ns = ( 14.757 - 17.143 ) 
    Clock Pessimism Removal (CPR):    -0.598ns
  Clock Uncertainty:      0.214ns  ((TSJ^2 + DJ^2)^1/2) / 2 + PE
    Total System Jitter     (TSJ):    0.071ns
    Discrete Jitter          (DJ):    0.174ns
    Phase Error              (PE):    0.120ns

    Location             Delay type                Incr(ns)  Path(ns)    Netlist Resource(s)
  -------------------------------------------------------------------    -------------------
                         (clock clk_out2_pll rise edge)
                                                     17.143    17.143 r  
    AD12                                              0.000    17.143 r  i_sys_clk_p (IN)
                         net (fo=0)                   0.000    17.143    pll_inst/inst/clk_in1_p
    AD12                 IBUFDS (Prop_ibufds_I_O)     0.906    18.048 r  pll_inst/inst/clkin1_ibufgds/O
                         net (fo=1, routed)           1.098    19.146    pll_inst/inst/clk_in1_pll
    PLLE2_ADV_X1Y1       PLLE2_ADV (Prop_plle2_adv_CLKIN1_CLKOUT1)
                                                     -8.058    11.088 r  pll_inst/inst/plle2_adv_inst/CLKOUT1
                         net (fo=1, routed)           2.128    13.216    pll_inst/inst/clk_out2_pll
    BUFGCTRL_X0Y0        BUFG (Prop_bufg_I_O)         0.093    13.309 r  pll_inst/inst/clkout2_buf/O
                         net (fo=6035, routed)        1.448    14.757    student_top_inst/bridge_inst/clk_out2
    SLICE_X37Y119        FDRE                                         r  student_top_inst/bridge_inst/seg_wdata_reg[4]/C
  -------------------------------------------------------------------    -------------------
    SLICE_X37Y119        FDRE (Prop_fdre_C_Q)         0.204    14.961 f  student_top_inst/bridge_inst/seg_wdata_reg[4]/Q
                         net (fo=6, routed)           1.710    16.671    student_top_inst/bridge_inst/seg_driver/status_buffer_reg[4][4][4]
    SLICE_X36Y126        LUT6 (Prop_lut6_I0_O)        0.126    16.797 r  student_top_inst/bridge_inst/seg_driver/virtual_seg_OBUF[5]_inst_i_1/O
                         net (fo=2, routed)           0.000    16.797    twin_controller_inst/virtual_seg_OBUF[5]
    SLICE_X36Y126        FDCE                                         r  twin_controller_inst/status_buffer_reg[0][5]/D
  -------------------------------------------------------------------    -------------------

                         (clock clk_out1_pll rise edge)
                                                     20.000    20.000 r  
    AD12                                              0.000    20.000 r  i_sys_clk_p (IN)
                         net (fo=0)                   0.000    20.000    pll_inst/inst/clk_in1_p
    AD12                 IBUFDS (Prop_ibufds_I_O)     0.803    20.803 r  pll_inst/inst/clkin1_ibufgds/O
                         net (fo=1, routed)           1.001    21.804    pll_inst/inst/clk_in1_pll
    PLLE2_ADV_X1Y1       PLLE2_ADV (Prop_plle2_adv_CLKIN1_CLKOUT0)
                                                     -7.261    14.543 r  pll_inst/inst/plle2_adv_inst/CLKOUT0
                         net (fo=1, routed)           2.003    16.546    pll_inst/inst/clk_out1_pll
    BUFGCTRL_X0Y1        BUFG (Prop_bufg_I_O)         0.083    16.629 r  pll_inst/inst/clkout1_buf/O
                         net (fo=386, routed)         1.312    17.941    twin_controller_inst/clk_out1
    SLICE_X36Y126        FDCE                                         r  twin_controller_inst/status_buffer_reg[0][5]/C
                         clock pessimism             -0.598    17.344    
                         clock uncertainty           -0.214    17.130    
    SLICE_X36Y126        FDCE (Setup_fdce_C_D)        0.033    17.163    twin_controller_inst/status_buffer_reg[0][5]
  -------------------------------------------------------------------
                         required time                         17.163    
                         arrival time                         -16.797    
  -------------------------------------------------------------------
                         slack                                  0.366    

Slack (MET) :             0.417ns  (required time - arrival time)
  Source:                 student_top_inst/bridge_inst/seg_wdata_reg[19]/C
                            (rising edge-triggered cell FDRE clocked by clk_out2_pll  {rise@0.000ns fall@2.857ns period=5.714ns})
  Destination:            twin_controller_inst/status_buffer_reg[2][6]/D
                            (rising edge-triggered cell FDCE clocked by clk_out1_pll  {rise@0.000ns fall@10.000ns period=20.000ns})
  Path Group:             clk_out1_pll
  Path Type:              Setup (Max at Slow Process Corner)
  Requirement:            2.857ns  (clk_out1_pll rise@20.000ns - clk_out2_pll rise@17.143ns)
  Data Path Delay:        1.993ns  (logic 0.410ns (20.571%)  route 1.583ns (79.429%))
  Logic Levels:           2  (LUT3=1 LUT6=1)
  Clock Path Skew:        -0.266ns (DCD - SCD + CPR)
    Destination Clock Delay (DCD):    -2.053ns = ( 17.947 - 20.000 ) 
    Source Clock Delay      (SCD):    -2.384ns = ( 14.758 - 17.143 ) 
    Clock Pessimism Removal (CPR):    -0.598ns
  Clock Uncertainty:      0.214ns  ((TSJ^2 + DJ^2)^1/2) / 2 + PE
    Total System Jitter     (TSJ):    0.071ns
    Discrete Jitter          (DJ):    0.174ns
    Phase Error              (PE):    0.120ns

    Location             Delay type                Incr(ns)  Path(ns)    Netlist Resource(s)
  -------------------------------------------------------------------    -------------------
                         (clock clk_out2_pll rise edge)
                                                     17.143    17.143 r  
    AD12                                              0.000    17.143 r  i_sys_clk_p (IN)
                         net (fo=0)                   0.000    17.143    pll_inst/inst/clk_in1_p
    AD12                 IBUFDS (Prop_ibufds_I_O)     0.906    18.048 r  pll_inst/inst/clkin1_ibufgds/O
                         net (fo=1, routed)           1.098    19.146    pll_inst/inst/clk_in1_pll
    PLLE2_ADV_X1Y1       PLLE2_ADV (Prop_plle2_adv_CLKIN1_CLKOUT1)
                                                     -8.058    11.088 r  pll_inst/inst/plle2_adv_inst/CLKOUT1
                         net (fo=1, routed)           2.128    13.216    pll_inst/inst/clk_out2_pll
    BUFGCTRL_X0Y0        BUFG (Prop_bufg_I_O)         0.093    13.309 r  pll_inst/inst/clkout2_buf/O
                         net (fo=6035, routed)        1.449    14.758    student_top_inst/bridge_inst/clk_out2
    SLICE_X37Y118        FDRE                                         r  student_top_inst/bridge_inst/seg_wdata_reg[19]/C
  -------------------------------------------------------------------    -------------------
    SLICE_X37Y118        FDRE (Prop_fdre_C_Q)         0.223    14.981 r  student_top_inst/bridge_inst/seg_wdata_reg[19]/Q
                         net (fo=2, routed)           0.968    15.950    student_top_inst/bridge_inst/seg_driver/status_buffer_reg[4][4][19]
    SLICE_X37Y118        LUT3 (Prop_lut3_I0_O)        0.051    16.001 r  student_top_inst/bridge_inst/seg_driver/virtual_seg_OBUF[26]_inst_i_4/O
                         net (fo=7, routed)           0.615    16.616    student_top_inst/bridge_inst/seg_driver/virtual_seg_OBUF[26]_inst_i_4_n_0
    SLICE_X36Y117        LUT6 (Prop_lut6_I4_O)        0.136    16.752 r  student_top_inst/bridge_inst/seg_driver/virtual_seg_OBUF[22]_inst_i_1/O
                         net (fo=2, routed)           0.000    16.752    twin_controller_inst/virtual_seg_OBUF[18]
    SLICE_X36Y117        FDCE                                         r  twin_controller_inst/status_buffer_reg[2][6]/D
  -------------------------------------------------------------------    -------------------

                         (clock clk_out1_pll rise edge)
                                                     20.000    20.000 r  
    AD12                                              0.000    20.000 r  i_sys_clk_p (IN)
                         net (fo=0)                   0.000    20.000    pll_inst/inst/clk_in1_p
    AD12                 IBUFDS (Prop_ibufds_I_O)     0.803    20.803 r  pll_inst/inst/clkin1_ibufgds/O
                         net (fo=1, routed)           1.001    21.804    pll_inst/inst/clk_in1_pll
    PLLE2_ADV_X1Y1       PLLE2_ADV (Prop_plle2_adv_CLKIN1_CLKOUT0)
                                                     -7.261    14.543 r  pll_inst/inst/plle2_adv_inst/CLKOUT0
                         net (fo=1, routed)           2.003    16.546    pll_inst/inst/clk_out1_pll
    BUFGCTRL_X0Y1        BUFG (Prop_bufg_I_O)         0.083    16.629 r  pll_inst/inst/clkout1_buf/O
                         net (fo=386, routed)         1.318    17.947    twin_controller_inst/clk_out1
    SLICE_X36Y117        FDCE                                         r  twin_controller_inst/status_buffer_reg[2][6]/C
                         clock pessimism             -0.598    17.350    
                         clock uncertainty           -0.214    17.136    
    SLICE_X36Y117        FDCE (Setup_fdce_C_D)        0.033    17.169    twin_controller_inst/status_buffer_reg[2][6]
  -------------------------------------------------------------------
                         required time                         17.169    
                         arrival time                         -16.752    
  -------------------------------------------------------------------
                         slack                                  0.417    

Slack (MET) :             0.435ns  (required time - arrival time)
  Source:                 student_top_inst/bridge_inst/seg_wdata_reg[19]/C
                            (rising edge-triggered cell FDRE clocked by clk_out2_pll  {rise@0.000ns fall@2.857ns period=5.714ns})
  Destination:            twin_controller_inst/status_buffer_reg[3][2]/D
                            (rising edge-triggered cell FDCE clocked by clk_out1_pll  {rise@0.000ns fall@10.000ns period=20.000ns})
  Path Group:             clk_out1_pll
  Path Type:              Setup (Max at Slow Process Corner)
  Requirement:            2.857ns  (clk_out1_pll rise@20.000ns - clk_out2_pll rise@17.143ns)
  Data Path Delay:        1.975ns  (logic 0.410ns (20.759%)  route 1.565ns (79.241%))
  Logic Levels:           2  (LUT3=1 LUT6=1)
  Clock Path Skew:        -0.267ns (DCD - SCD + CPR)
    Destination Clock Delay (DCD):    -2.054ns = ( 17.946 - 20.000 ) 
    Source Clock Delay      (SCD):    -2.384ns = ( 14.758 - 17.143 ) 
    Clock Pessimism Removal (CPR):    -0.598ns
  Clock Uncertainty:      0.214ns  ((TSJ^2 + DJ^2)^1/2) / 2 + PE
    Total System Jitter     (TSJ):    0.071ns
    Discrete Jitter          (DJ):    0.174ns
    Phase Error              (PE):    0.120ns

    Location             Delay type                Incr(ns)  Path(ns)    Netlist Resource(s)
  -------------------------------------------------------------------    -------------------
                         (clock clk_out2_pll rise edge)
                                                     17.143    17.143 r  
    AD12                                              0.000    17.143 r  i_sys_clk_p (IN)
                         net (fo=0)                   0.000    17.143    pll_inst/inst/clk_in1_p
    AD12                 IBUFDS (Prop_ibufds_I_O)     0.906    18.048 r  pll_inst/inst/clkin1_ibufgds/O
                         net (fo=1, routed)           1.098    19.146    pll_inst/inst/clk_in1_pll
    PLLE2_ADV_X1Y1       PLLE2_ADV (Prop_plle2_adv_CLKIN1_CLKOUT1)
                                                     -8.058    11.088 r  pll_inst/inst/plle2_adv_inst/CLKOUT1
                         net (fo=1, routed)           2.128    13.216    pll_inst/inst/clk_out2_pll
    BUFGCTRL_X0Y0        BUFG (Prop_bufg_I_O)         0.093    13.309 r  pll_inst/inst/clkout2_buf/O
                         net (fo=6035, routed)        1.449    14.758    student_top_inst/bridge_inst/clk_out2
    SLICE_X37Y118        FDRE                                         r  student_top_inst/bridge_inst/seg_wdata_reg[19]/C
  -------------------------------------------------------------------    -------------------
    SLICE_X37Y118        FDRE (Prop_fdre_C_Q)         0.223    14.981 r  student_top_inst/bridge_inst/seg_wdata_reg[19]/Q
                         net (fo=2, routed)           0.968    15.950    student_top_inst/bridge_inst/seg_driver/status_buffer_reg[4][4][19]
    SLICE_X37Y118        LUT3 (Prop_lut3_I0_O)        0.051    16.001 r  student_top_inst/bridge_inst/seg_driver/virtual_seg_OBUF[26]_inst_i_4/O
                         net (fo=7, routed)           0.597    16.598    student_top_inst/bridge_inst/seg_driver/virtual_seg_OBUF[26]_inst_i_4_n_0
    SLICE_X36Y118        LUT6 (Prop_lut6_I5_O)        0.136    16.734 r  student_top_inst/bridge_inst/seg_driver/virtual_seg_OBUF[26]_inst_i_1/O
                         net (fo=2, routed)           0.000    16.734    twin_controller_inst/virtual_seg_OBUF[22]
    SLICE_X36Y118        FDCE                                         r  twin_controller_inst/status_buffer_reg[3][2]/D
  -------------------------------------------------------------------    -------------------

                         (clock clk_out1_pll rise edge)
                                                     20.000    20.000 r  
    AD12                                              0.000    20.000 r  i_sys_clk_p (IN)
                         net (fo=0)                   0.000    20.000    pll_inst/inst/clk_in1_p
    AD12                 IBUFDS (Prop_ibufds_I_O)     0.803    20.803 r  pll_inst/inst/clkin1_ibufgds/O
                         net (fo=1, routed)           1.001    21.804    pll_inst/inst/clk_in1_pll
    PLLE2_ADV_X1Y1       PLLE2_ADV (Prop_plle2_adv_CLKIN1_CLKOUT0)
                                                     -7.261    14.543 r  pll_inst/inst/plle2_adv_inst/CLKOUT0
                         net (fo=1, routed)           2.003    16.546    pll_inst/inst/clk_out1_pll
    BUFGCTRL_X0Y1        BUFG (Prop_bufg_I_O)         0.083    16.629 r  pll_inst/inst/clkout1_buf/O
                         net (fo=386, routed)         1.317    17.946    twin_controller_inst/clk_out1
    SLICE_X36Y118        FDCE                                         r  twin_controller_inst/status_buffer_reg[3][2]/C
                         clock pessimism             -0.598    17.349    
                         clock uncertainty           -0.214    17.135    
    SLICE_X36Y118        FDCE (Setup_fdce_C_D)        0.034    17.169    twin_controller_inst/status_buffer_reg[3][2]
  -------------------------------------------------------------------
                         required time                         17.169    
                         arrival time                         -16.734    
  -------------------------------------------------------------------
                         slack                                  0.435    

Slack (MET) :             0.436ns  (required time - arrival time)
  Source:                 student_top_inst/bridge_inst/seg_wdata_reg[19]/C
                            (rising edge-triggered cell FDRE clocked by clk_out2_pll  {rise@0.000ns fall@2.857ns period=5.714ns})
  Destination:            twin_controller_inst/status_buffer_reg[2][5]/D
                            (rising edge-triggered cell FDCE clocked by clk_out1_pll  {rise@0.000ns fall@10.000ns period=20.000ns})
  Path Group:             clk_out1_pll
  Path Type:              Setup (Max at Slow Process Corner)
  Requirement:            2.857ns  (clk_out1_pll rise@20.000ns - clk_out2_pll rise@17.143ns)
  Data Path Delay:        1.974ns  (logic 0.410ns (20.767%)  route 1.564ns (79.233%))
  Logic Levels:           2  (LUT3=1 LUT6=1)
  Clock Path Skew:        -0.267ns (DCD - SCD + CPR)
    Destination Clock Delay (DCD):    -2.054ns = ( 17.946 - 20.000 ) 
    Source Clock Delay      (SCD):    -2.384ns = ( 14.758 - 17.143 ) 
    Clock Pessimism Removal (CPR):    -0.598ns
  Clock Uncertainty:      0.214ns  ((TSJ^2 + DJ^2)^1/2) / 2 + PE
    Total System Jitter     (TSJ):    0.071ns
    Discrete Jitter          (DJ):    0.174ns
    Phase Error              (PE):    0.120ns

    Location             Delay type                Incr(ns)  Path(ns)    Netlist Resource(s)
  -------------------------------------------------------------------    -------------------
                         (clock clk_out2_pll rise edge)
                                                     17.143    17.143 r  
    AD12                                              0.000    17.143 r  i_sys_clk_p (IN)
                         net (fo=0)                   0.000    17.143    pll_inst/inst/clk_in1_p
    AD12                 IBUFDS (Prop_ibufds_I_O)     0.906    18.048 r  pll_inst/inst/clkin1_ibufgds/O
                         net (fo=1, routed)           1.098    19.146    pll_inst/inst/clk_in1_pll
    PLLE2_ADV_X1Y1       PLLE2_ADV (Prop_plle2_adv_CLKIN1_CLKOUT1)
                                                     -8.058    11.088 r  pll_inst/inst/plle2_adv_inst/CLKOUT1
                         net (fo=1, routed)           2.128    13.216    pll_inst/inst/clk_out2_pll
    BUFGCTRL_X0Y0        BUFG (Prop_bufg_I_O)         0.093    13.309 r  pll_inst/inst/clkout2_buf/O
                         net (fo=6035, routed)        1.449    14.758    student_top_inst/bridge_inst/clk_out2
    SLICE_X37Y118        FDRE                                         r  student_top_inst/bridge_inst/seg_wdata_reg[19]/C
  -------------------------------------------------------------------    -------------------
    SLICE_X37Y118        FDRE (Prop_fdre_C_Q)         0.223    14.981 r  student_top_inst/bridge_inst/seg_wdata_reg[19]/Q
                         net (fo=2, routed)           0.968    15.950    student_top_inst/bridge_inst/seg_driver/status_buffer_reg[4][4][19]
    SLICE_X37Y118        LUT3 (Prop_lut3_I0_O)        0.051    16.001 r  student_top_inst/bridge_inst/seg_driver/virtual_seg_OBUF[26]_inst_i_4/O
                         net (fo=7, routed)           0.596    16.597    student_top_inst/bridge_inst/seg_driver/virtual_seg_OBUF[26]_inst_i_4_n_0
    SLICE_X36Y118        LUT6 (Prop_lut6_I1_O)        0.136    16.733 r  student_top_inst/bridge_inst/seg_driver/virtual_seg_OBUF[21]_inst_i_1/O
                         net (fo=2, routed)           0.000    16.733    twin_controller_inst/virtual_seg_OBUF[17]
    SLICE_X36Y118        FDCE                                         r  twin_controller_inst/status_buffer_reg[2][5]/D
  -------------------------------------------------------------------    -------------------

                         (clock clk_out1_pll rise edge)
                                                     20.000    20.000 r  
    AD12                                              0.000    20.000 r  i_sys_clk_p (IN)
                         net (fo=0)                   0.000    20.000    pll_inst/inst/clk_in1_p
    AD12                 IBUFDS (Prop_ibufds_I_O)     0.803    20.803 r  pll_inst/inst/clkin1_ibufgds/O
                         net (fo=1, routed)           1.001    21.804    pll_inst/inst/clk_in1_pll
    PLLE2_ADV_X1Y1       PLLE2_ADV (Prop_plle2_adv_CLKIN1_CLKOUT0)
                                                     -7.261    14.543 r  pll_inst/inst/plle2_adv_inst/CLKOUT0
                         net (fo=1, routed)           2.003    16.546    pll_inst/inst/clk_out1_pll
    BUFGCTRL_X0Y1        BUFG (Prop_bufg_I_O)         0.083    16.629 r  pll_inst/inst/clkout1_buf/O
                         net (fo=386, routed)         1.317    17.946    twin_controller_inst/clk_out1
    SLICE_X36Y118        FDCE                                         r  twin_controller_inst/status_buffer_reg[2][5]/C
                         clock pessimism             -0.598    17.349    
                         clock uncertainty           -0.214    17.135    
    SLICE_X36Y118        FDCE (Setup_fdce_C_D)        0.034    17.169    twin_controller_inst/status_buffer_reg[2][5]
  -------------------------------------------------------------------
                         required time                         17.169    
                         arrival time                         -16.733    
  -------------------------------------------------------------------
                         slack                                  0.436    

Slack (MET) :             0.446ns  (required time - arrival time)
  Source:                 student_top_inst/bridge_inst/seg_wdata_reg[16]/C
                            (rising edge-triggered cell FDRE clocked by clk_out2_pll  {rise@0.000ns fall@2.857ns period=5.714ns})
  Destination:            twin_controller_inst/status_buffer_reg[3][0]/D
                            (rising edge-triggered cell FDCE clocked by clk_out1_pll  {rise@0.000ns fall@10.000ns period=20.000ns})
  Path Group:             clk_out1_pll
  Path Type:              Setup (Max at Slow Process Corner)
  Requirement:            2.857ns  (clk_out1_pll rise@20.000ns - clk_out2_pll rise@17.143ns)
  Data Path Delay:        1.966ns  (logic 0.266ns (13.528%)  route 1.700ns (86.472%))
  Logic Levels:           1  (LUT6=1)
  Clock Path Skew:        -0.265ns (DCD - SCD + CPR)
    Destination Clock Delay (DCD):    -2.053ns = ( 17.947 - 20.000 ) 
    Source Clock Delay      (SCD):    -2.385ns = ( 14.757 - 17.143 ) 
    Clock Pessimism Removal (CPR):    -0.598ns
  Clock Uncertainty:      0.214ns  ((TSJ^2 + DJ^2)^1/2) / 2 + PE
    Total System Jitter     (TSJ):    0.071ns
    Discrete Jitter          (DJ):    0.174ns
    Phase Error              (PE):    0.120ns

    Location             Delay type                Incr(ns)  Path(ns)    Netlist Resource(s)
  -------------------------------------------------------------------    -------------------
                         (clock clk_out2_pll rise edge)
                                                     17.143    17.143 r  
    AD12                                              0.000    17.143 r  i_sys_clk_p (IN)
                         net (fo=0)                   0.000    17.143    pll_inst/inst/clk_in1_p
    AD12                 IBUFDS (Prop_ibufds_I_O)     0.906    18.048 r  pll_inst/inst/clkin1_ibufgds/O
                         net (fo=1, routed)           1.098    19.146    pll_inst/inst/clk_in1_pll
    PLLE2_ADV_X1Y1       PLLE2_ADV (Prop_plle2_adv_CLKIN1_CLKOUT1)
                                                     -8.058    11.088 r  pll_inst/inst/plle2_adv_inst/CLKOUT1
                         net (fo=1, routed)           2.128    13.216    pll_inst/inst/clk_out2_pll
    BUFGCTRL_X0Y0        BUFG (Prop_bufg_I_O)         0.093    13.309 r  pll_inst/inst/clkout2_buf/O
                         net (fo=6035, routed)        1.448    14.757    student_top_inst/bridge_inst/clk_out2
    SLICE_X39Y117        FDRE                                         r  student_top_inst/bridge_inst/seg_wdata_reg[16]/C
  -------------------------------------------------------------------    -------------------
    SLICE_X39Y117        FDRE (Prop_fdre_C_Q)         0.223    14.980 f  student_top_inst/bridge_inst/seg_wdata_reg[16]/Q
                         net (fo=8, routed)           1.700    16.681    student_top_inst/bridge_inst/seg_driver/status_buffer_reg[4][4][16]
    SLICE_X36Y117        LUT6 (Prop_lut6_I0_O)        0.043    16.724 r  student_top_inst/bridge_inst/seg_driver/virtual_seg_OBUF[24]_inst_i_1/O
                         net (fo=2, routed)           0.000    16.724    twin_controller_inst/virtual_seg_OBUF[20]
    SLICE_X36Y117        FDCE                                         r  twin_controller_inst/status_buffer_reg[3][0]/D
  -------------------------------------------------------------------    -------------------

                         (clock clk_out1_pll rise edge)
                                                     20.000    20.000 r  
    AD12                                              0.000    20.000 r  i_sys_clk_p (IN)
                         net (fo=0)                   0.000    20.000    pll_inst/inst/clk_in1_p
    AD12                 IBUFDS (Prop_ibufds_I_O)     0.803    20.803 r  pll_inst/inst/clkin1_ibufgds/O
                         net (fo=1, routed)           1.001    21.804    pll_inst/inst/clk_in1_pll
    PLLE2_ADV_X1Y1       PLLE2_ADV (Prop_plle2_adv_CLKIN1_CLKOUT0)
                                                     -7.261    14.543 r  pll_inst/inst/plle2_adv_inst/CLKOUT0
                         net (fo=1, routed)           2.003    16.546    pll_inst/inst/clk_out1_pll
    BUFGCTRL_X0Y1        BUFG (Prop_bufg_I_O)         0.083    16.629 r  pll_inst/inst/clkout1_buf/O
                         net (fo=386, routed)         1.318    17.947    twin_controller_inst/clk_out1
    SLICE_X36Y117        FDCE                                         r  twin_controller_inst/status_buffer_reg[3][0]/C
                         clock pessimism             -0.598    17.350    
                         clock uncertainty           -0.214    17.136    
    SLICE_X36Y117        FDCE (Setup_fdce_C_D)        0.034    17.170    twin_controller_inst/status_buffer_reg[3][0]
  -------------------------------------------------------------------
                         required time                         17.170    
                         arrival time                         -16.724    
  -------------------------------------------------------------------
                         slack                                  0.446    

Slack (MET) :             0.448ns  (required time - arrival time)
  Source:                 student_top_inst/bridge_inst/seg_wdata_reg[16]/C
                            (rising edge-triggered cell FDRE clocked by clk_out2_pll  {rise@0.000ns fall@2.857ns period=5.714ns})
  Destination:            twin_controller_inst/status_buffer_reg[3][1]/D
                            (rising edge-triggered cell FDCE clocked by clk_out1_pll  {rise@0.000ns fall@10.000ns period=20.000ns})
  Path Group:             clk_out1_pll
  Path Type:              Setup (Max at Slow Process Corner)
  Requirement:            2.857ns  (clk_out1_pll rise@20.000ns - clk_out2_pll rise@17.143ns)
  Data Path Delay:        1.964ns  (logic 0.266ns (13.541%)  route 1.698ns (86.459%))
  Logic Levels:           1  (LUT6=1)
  Clock Path Skew:        -0.265ns (DCD - SCD + CPR)
    Destination Clock Delay (DCD):    -2.053ns = ( 17.947 - 20.000 ) 
    Source Clock Delay      (SCD):    -2.385ns = ( 14.757 - 17.143 ) 
    Clock Pessimism Removal (CPR):    -0.598ns
  Clock Uncertainty:      0.214ns  ((TSJ^2 + DJ^2)^1/2) / 2 + PE
    Total System Jitter     (TSJ):    0.071ns
    Discrete Jitter          (DJ):    0.174ns
    Phase Error              (PE):    0.120ns

    Location             Delay type                Incr(ns)  Path(ns)    Netlist Resource(s)
  -------------------------------------------------------------------    -------------------
                         (clock clk_out2_pll rise edge)
                                                     17.143    17.143 r  
    AD12                                              0.000    17.143 r  i_sys_clk_p (IN)
                         net (fo=0)                   0.000    17.143    pll_inst/inst/clk_in1_p
    AD12                 IBUFDS (Prop_ibufds_I_O)     0.906    18.048 r  pll_inst/inst/clkin1_ibufgds/O
                         net (fo=1, routed)           1.098    19.146    pll_inst/inst/clk_in1_pll
    PLLE2_ADV_X1Y1       PLLE2_ADV (Prop_plle2_adv_CLKIN1_CLKOUT1)
                                                     -8.058    11.088 r  pll_inst/inst/plle2_adv_inst/CLKOUT1
                         net (fo=1, routed)           2.128    13.216    pll_inst/inst/clk_out2_pll
    BUFGCTRL_X0Y0        BUFG (Prop_bufg_I_O)         0.093    13.309 r  pll_inst/inst/clkout2_buf/O
                         net (fo=6035, routed)        1.448    14.757    student_top_inst/bridge_inst/clk_out2
    SLICE_X39Y117        FDRE                                         r  student_top_inst/bridge_inst/seg_wdata_reg[16]/C
  -------------------------------------------------------------------    -------------------
    SLICE_X39Y117        FDRE (Prop_fdre_C_Q)         0.223    14.980 f  student_top_inst/bridge_inst/seg_wdata_reg[16]/Q
                         net (fo=8, routed)           1.698    16.679    student_top_inst/bridge_inst/seg_driver/status_buffer_reg[4][4][16]
    SLICE_X36Y117        LUT6 (Prop_lut6_I1_O)        0.043    16.722 r  student_top_inst/bridge_inst/seg_driver/virtual_seg_OBUF[25]_inst_i_1/O
                         net (fo=2, routed)           0.000    16.722    twin_controller_inst/virtual_seg_OBUF[21]
    SLICE_X36Y117        FDCE                                         r  twin_controller_inst/status_buffer_reg[3][1]/D
  -------------------------------------------------------------------    -------------------

                         (clock clk_out1_pll rise edge)
                                                     20.000    20.000 r  
    AD12                                              0.000    20.000 r  i_sys_clk_p (IN)
                         net (fo=0)                   0.000    20.000    pll_inst/inst/clk_in1_p
    AD12                 IBUFDS (Prop_ibufds_I_O)     0.803    20.803 r  pll_inst/inst/clkin1_ibufgds/O
                         net (fo=1, routed)           1.001    21.804    pll_inst/inst/clk_in1_pll
    PLLE2_ADV_X1Y1       PLLE2_ADV (Prop_plle2_adv_CLKIN1_CLKOUT0)
                                                     -7.261    14.543 r  pll_inst/inst/plle2_adv_inst/CLKOUT0
                         net (fo=1, routed)           2.003    16.546    pll_inst/inst/clk_out1_pll
    BUFGCTRL_X0Y1        BUFG (Prop_bufg_I_O)         0.083    16.629 r  pll_inst/inst/clkout1_buf/O
                         net (fo=386, routed)         1.318    17.947    twin_controller_inst/clk_out1
    SLICE_X36Y117        FDCE                                         r  twin_controller_inst/status_buffer_reg[3][1]/C
                         clock pessimism             -0.598    17.350    
                         clock uncertainty           -0.214    17.136    
    SLICE_X36Y117        FDCE (Setup_fdce_C_D)        0.034    17.170    twin_controller_inst/status_buffer_reg[3][1]
  -------------------------------------------------------------------
                         required time                         17.170    
                         arrival time                         -16.722    
  -------------------------------------------------------------------
                         slack                                  0.448    





---------------------------------------------------------------------------------------------------
From Clock:  clk_out1_pll
  To Clock:  clk_out2_pll

Setup :            0  Failing Endpoints,  Worst Slack        0.369ns,  Total Violation        0.000ns
Hold  :           NA  Failing Endpoints,  Worst Slack           NA  ,  Total Violation           NA
---------------------------------------------------------------------------------------------------


Max Delay Paths
--------------------------------------------------------------------------------------
Slack (MET) :             0.369ns  (required time - arrival time)
  Source:                 twin_controller_inst/sw_reg[10]/C
                            (rising edge-triggered cell FDCE clocked by clk_out1_pll  {rise@0.000ns fall@10.000ns period=20.000ns})
  Destination:            student_top_inst/bridge_inst/mmio_rdata_q_reg[10]/D
                            (rising edge-triggered cell FDRE clocked by clk_out2_pll  {rise@0.000ns fall@2.857ns period=5.714ns})
  Path Group:             clk_out2_pll
  Path Type:              Setup (Max at Slow Process Corner)
  Requirement:            2.857ns  (clk_out2_pll rise@22.857ns - clk_out1_pll rise@20.000ns)
  Data Path Delay:        2.034ns  (logic 0.266ns (13.076%)  route 1.768ns (86.924%))
  Logic Levels:           1  (LUT6=1)
  Clock Path Skew:        -0.274ns (DCD - SCD + CPR)
    Destination Clock Delay (DCD):    -2.057ns = ( 20.801 - 22.857 ) 
    Source Clock Delay      (SCD):    -2.380ns = ( 17.620 - 20.000 ) 
    Clock Pessimism Removal (CPR):    -0.598ns
  Clock Uncertainty:      0.214ns  ((TSJ^2 + DJ^2)^1/2) / 2 + PE
    Total System Jitter     (TSJ):    0.071ns
    Discrete Jitter          (DJ):    0.174ns
    Phase Error              (PE):    0.120ns

    Location             Delay type                Incr(ns)  Path(ns)    Netlist Resource(s)
  -------------------------------------------------------------------    -------------------
                         (clock clk_out1_pll rise edge)
                                                     20.000    20.000 r  
    AD12                                              0.000    20.000 r  i_sys_clk_p (IN)
                         net (fo=0)                   0.000    20.000    pll_inst/inst/clk_in1_p
    AD12                 IBUFDS (Prop_ibufds_I_O)     0.906    20.906 r  pll_inst/inst/clkin1_ibufgds/O
                         net (fo=1, routed)           1.098    22.004    pll_inst/inst/clk_in1_pll
    PLLE2_ADV_X1Y1       PLLE2_ADV (Prop_plle2_adv_CLKIN1_CLKOUT0)
                                                     -8.058    13.946 r  pll_inst/inst/plle2_adv_inst/CLKOUT0
                         net (fo=1, routed)           2.128    16.074    pll_inst/inst/clk_out1_pll
    BUFGCTRL_X0Y1        BUFG (Prop_bufg_I_O)         0.093    16.167 r  pll_inst/inst/clkout1_buf/O
                         net (fo=386, routed)         1.453    17.620    twin_controller_inst/clk_out1
    SLICE_X39Y113        FDCE                                         r  twin_controller_inst/sw_reg[10]/C
  -------------------------------------------------------------------    -------------------
    SLICE_X39Y113        FDCE (Prop_fdce_C_Q)         0.223    17.843 r  twin_controller_inst/sw_reg[10]/Q
                         net (fo=3, routed)           1.768    19.611    student_top_inst/bridge_inst/mmio_rdata_q_reg[15]_0[0]
    SLICE_X37Y121        LUT6 (Prop_lut6_I1_O)        0.043    19.654 r  student_top_inst/bridge_inst/mmio_rdata_q[10]_i_1/O
                         net (fo=1, routed)           0.000    19.654    student_top_inst/bridge_inst/mmio_rdata_q[10]_i_1_n_0
    SLICE_X37Y121        FDRE                                         r  student_top_inst/bridge_inst/mmio_rdata_q_reg[10]/D
  -------------------------------------------------------------------    -------------------

                         (clock clk_out2_pll rise edge)
                                                     22.857    22.857 r  
    AD12                                              0.000    22.857 r  i_sys_clk_p (IN)
                         net (fo=0)                   0.000    22.857    pll_inst/inst/clk_in1_p
    AD12                 IBUFDS (Prop_ibufds_I_O)     0.803    23.661 r  pll_inst/inst/clkin1_ibufgds/O
                         net (fo=1, routed)           1.001    24.662    pll_inst/inst/clk_in1_pll
    PLLE2_ADV_X1Y1       PLLE2_ADV (Prop_plle2_adv_CLKIN1_CLKOUT1)
                                                     -7.261    17.401 r  pll_inst/inst/plle2_adv_inst/CLKOUT1
                         net (fo=1, routed)           2.003    19.404    pll_inst/inst/clk_out2_pll
    BUFGCTRL_X0Y0        BUFG (Prop_bufg_I_O)         0.083    19.487 r  pll_inst/inst/clkout2_buf/O
                         net (fo=6035, routed)        1.314    20.801    student_top_inst/bridge_inst/clk_out2
    SLICE_X37Y121        FDRE                                         r  student_top_inst/bridge_inst/mmio_rdata_q_reg[10]/C
                         clock pessimism             -0.598    20.203    
                         clock uncertainty           -0.214    19.989    
    SLICE_X37Y121        FDRE (Setup_fdre_C_D)        0.034    20.023    student_top_inst/bridge_inst/mmio_rdata_q_reg[10]
  -------------------------------------------------------------------
                         required time                         20.023    
                         arrival time                         -19.654    
  -------------------------------------------------------------------
                         slack                                  0.369    

Slack (MET) :             0.393ns  (required time - arrival time)
  Source:                 twin_controller_inst/sw_reg[11]/C
                            (rising edge-triggered cell FDCE clocked by clk_out1_pll  {rise@0.000ns fall@10.000ns period=20.000ns})
  Destination:            student_top_inst/bridge_inst/mmio_rdata_q_reg[11]/D
                            (rising edge-triggered cell FDRE clocked by clk_out2_pll  {rise@0.000ns fall@2.857ns period=5.714ns})
  Path Group:             clk_out2_pll
  Path Type:              Setup (Max at Slow Process Corner)
  Requirement:            2.857ns  (clk_out2_pll rise@22.857ns - clk_out1_pll rise@20.000ns)
  Data Path Delay:        2.018ns  (logic 0.302ns (14.966%)  route 1.716ns (85.034%))
  Logic Levels:           1  (LUT6=1)
  Clock Path Skew:        -0.266ns (DCD - SCD + CPR)
    Destination Clock Delay (DCD):    -2.064ns = ( 20.794 - 22.857 ) 
    Source Clock Delay      (SCD):    -2.395ns = ( 17.605 - 20.000 ) 
    Clock Pessimism Removal (CPR):    -0.598ns
  Clock Uncertainty:      0.214ns  ((TSJ^2 + DJ^2)^1/2) / 2 + PE
    Total System Jitter     (TSJ):    0.071ns
    Discrete Jitter          (DJ):    0.174ns
    Phase Error              (PE):    0.120ns

    Location             Delay type                Incr(ns)  Path(ns)    Netlist Resource(s)
  -------------------------------------------------------------------    -------------------
                         (clock clk_out1_pll rise edge)
                                                     20.000    20.000 r  
    AD12                                              0.000    20.000 r  i_sys_clk_p (IN)
                         net (fo=0)                   0.000    20.000    pll_inst/inst/clk_in1_p
    AD12                 IBUFDS (Prop_ibufds_I_O)     0.906    20.906 r  pll_inst/inst/clkin1_ibufgds/O
                         net (fo=1, routed)           1.098    22.004    pll_inst/inst/clk_in1_pll
    PLLE2_ADV_X1Y1       PLLE2_ADV (Prop_plle2_adv_CLKIN1_CLKOUT0)
                                                     -8.058    13.946 r  pll_inst/inst/plle2_adv_inst/CLKOUT0
                         net (fo=1, routed)           2.128    16.074    pll_inst/inst/clk_out1_pll
    BUFGCTRL_X0Y1        BUFG (Prop_bufg_I_O)         0.093    16.167 r  pll_inst/inst/clkout1_buf/O
                         net (fo=386, routed)         1.438    17.605    twin_controller_inst/clk_out1
    SLICE_X42Y126        FDCE                                         r  twin_controller_inst/sw_reg[11]/C
  -------------------------------------------------------------------    -------------------
    SLICE_X42Y126        FDCE (Prop_fdce_C_Q)         0.259    17.864 r  twin_controller_inst/sw_reg[11]/Q
                         net (fo=3, routed)           1.716    19.580    student_top_inst/bridge_inst/mmio_rdata_q_reg[15]_0[1]
    SLICE_X43Y124        LUT6 (Prop_lut6_I1_O)        0.043    19.623 r  student_top_inst/bridge_inst/mmio_rdata_q[11]_i_1/O
                         net (fo=1, routed)           0.000    19.623    student_top_inst/bridge_inst/mmio_rdata_q[11]_i_1_n_0
    SLICE_X43Y124        FDRE                                         r  student_top_inst/bridge_inst/mmio_rdata_q_reg[11]/D
  -------------------------------------------------------------------    -------------------

                         (clock clk_out2_pll rise edge)
                                                     22.857    22.857 r  
    AD12                                              0.000    22.857 r  i_sys_clk_p (IN)
                         net (fo=0)                   0.000    22.857    pll_inst/inst/clk_in1_p
    AD12                 IBUFDS (Prop_ibufds_I_O)     0.803    23.661 r  pll_inst/inst/clkin1_ibufgds/O
                         net (fo=1, routed)           1.001    24.662    pll_inst/inst/clk_in1_pll
    PLLE2_ADV_X1Y1       PLLE2_ADV (Prop_plle2_adv_CLKIN1_CLKOUT1)
                                                     -7.261    17.401 r  pll_inst/inst/plle2_adv_inst/CLKOUT1
                         net (fo=1, routed)           2.003    19.404    pll_inst/inst/clk_out2_pll
    BUFGCTRL_X0Y0        BUFG (Prop_bufg_I_O)         0.083    19.487 r  pll_inst/inst/clkout2_buf/O
                         net (fo=6035, routed)        1.307    20.794    student_top_inst/bridge_inst/clk_out2
    SLICE_X43Y124        FDRE                                         r  student_top_inst/bridge_inst/mmio_rdata_q_reg[11]/C
                         clock pessimism             -0.598    20.196    
                         clock uncertainty           -0.214    19.982    
    SLICE_X43Y124        FDRE (Setup_fdre_C_D)        0.034    20.016    student_top_inst/bridge_inst/mmio_rdata_q_reg[11]
  -------------------------------------------------------------------
                         required time                         20.016    
                         arrival time                         -19.623    
  -------------------------------------------------------------------
                         slack                                  0.393    

Slack (MET) :             0.475ns  (required time - arrival time)
  Source:                 twin_controller_inst/sw_reg[2]/C
                            (rising edge-triggered cell FDCE clocked by clk_out1_pll  {rise@0.000ns fall@10.000ns period=20.000ns})
  Destination:            student_top_inst/bridge_inst/mmio_rdata_q_reg[2]/D
                            (rising edge-triggered cell FDRE clocked by clk_out2_pll  {rise@0.000ns fall@2.857ns period=5.714ns})
  Path Group:             clk_out2_pll
  Path Type:              Setup (Max at Slow Process Corner)
  Requirement:            2.857ns  (clk_out2_pll rise@22.857ns - clk_out1_pll rise@20.000ns)
  Data Path Delay:        1.962ns  (logic 0.309ns (15.748%)  route 1.653ns (84.252%))
  Logic Levels:           2  (LUT6=2)
  Clock Path Skew:        -0.270ns (DCD - SCD + CPR)
    Destination Clock Delay (DCD):    -2.051ns = ( 20.807 - 22.857 ) 
    Source Clock Delay      (SCD):    -2.378ns = ( 17.622 - 20.000 ) 
    Clock Pessimism Removal (CPR):    -0.598ns
  Clock Uncertainty:      0.214ns  ((TSJ^2 + DJ^2)^1/2) / 2 + PE
    Total System Jitter     (TSJ):    0.071ns
    Discrete Jitter          (DJ):    0.174ns
    Phase Error              (PE):    0.120ns

    Location             Delay type                Incr(ns)  Path(ns)    Netlist Resource(s)
  -------------------------------------------------------------------    -------------------
                         (clock clk_out1_pll rise edge)
                                                     20.000    20.000 r  
    AD12                                              0.000    20.000 r  i_sys_clk_p (IN)
                         net (fo=0)                   0.000    20.000    pll_inst/inst/clk_in1_p
    AD12                 IBUFDS (Prop_ibufds_I_O)     0.906    20.906 r  pll_inst/inst/clkin1_ibufgds/O
                         net (fo=1, routed)           1.098    22.004    pll_inst/inst/clk_in1_pll
    PLLE2_ADV_X1Y1       PLLE2_ADV (Prop_plle2_adv_CLKIN1_CLKOUT0)
                                                     -8.058    13.946 r  pll_inst/inst/plle2_adv_inst/CLKOUT0
                         net (fo=1, routed)           2.128    16.074    pll_inst/inst/clk_out1_pll
    BUFGCTRL_X0Y1        BUFG (Prop_bufg_I_O)         0.093    16.167 r  pll_inst/inst/clkout1_buf/O
                         net (fo=386, routed)         1.455    17.622    twin_controller_inst/clk_out1
    SLICE_X37Y113        FDCE                                         r  twin_controller_inst/sw_reg[2]/C
  -------------------------------------------------------------------    -------------------
    SLICE_X37Y113        FDCE (Prop_fdce_C_Q)         0.223    17.845 r  twin_controller_inst/sw_reg[2]/Q
                         net (fo=3, routed)           1.123    18.968    student_top_inst/u_KLDJ_top/u_pipe_id_ex/mmio_rdata_q_reg[7][1]
    SLICE_X37Y113        LUT6 (Prop_lut6_I1_O)        0.043    19.011 f  student_top_inst/u_KLDJ_top/u_pipe_id_ex/mmio_rdata_q[2]_i_2/O
                         net (fo=1, routed)           0.530    19.541    student_top_inst/bridge_inst/mmio_rdata_q_reg[2]_0
    SLICE_X38Y113        LUT6 (Prop_lut6_I3_O)        0.043    19.584 r  student_top_inst/bridge_inst/mmio_rdata_q[2]_i_1/O
                         net (fo=1, routed)           0.000    19.584    student_top_inst/bridge_inst/mmio_rdata_q[2]_i_1_n_0
    SLICE_X38Y113        FDRE                                         r  student_top_inst/bridge_inst/mmio_rdata_q_reg[2]/D
  -------------------------------------------------------------------    -------------------

                         (clock clk_out2_pll rise edge)
                                                     22.857    22.857 r  
    AD12                                              0.000    22.857 r  i_sys_clk_p (IN)
                         net (fo=0)                   0.000    22.857    pll_inst/inst/clk_in1_p
    AD12                 IBUFDS (Prop_ibufds_I_O)     0.803    23.661 r  pll_inst/inst/clkin1_ibufgds/O
                         net (fo=1, routed)           1.001    24.662    pll_inst/inst/clk_in1_pll
    PLLE2_ADV_X1Y1       PLLE2_ADV (Prop_plle2_adv_CLKIN1_CLKOUT1)
                                                     -7.261    17.401 r  pll_inst/inst/plle2_adv_inst/CLKOUT1
                         net (fo=1, routed)           2.003    19.404    pll_inst/inst/clk_out2_pll
    BUFGCTRL_X0Y0        BUFG (Prop_bufg_I_O)         0.083    19.487 r  pll_inst/inst/clkout2_buf/O
                         net (fo=6035, routed)        1.320    20.807    student_top_inst/bridge_inst/clk_out2
    SLICE_X38Y113        FDRE                                         r  student_top_inst/bridge_inst/mmio_rdata_q_reg[2]/C
                         clock pessimism             -0.598    20.209    
                         clock uncertainty           -0.214    19.995    
    SLICE_X38Y113        FDRE (Setup_fdre_C_D)        0.064    20.059    student_top_inst/bridge_inst/mmio_rdata_q_reg[2]
  -------------------------------------------------------------------
                         required time                         20.059    
                         arrival time                         -19.584    
  -------------------------------------------------------------------
                         slack                                  0.475    

Slack (MET) :             0.559ns  (required time - arrival time)
  Source:                 twin_controller_inst/sw_reg[59]/C
                            (rising edge-triggered cell FDCE clocked by clk_out1_pll  {rise@0.000ns fall@10.000ns period=20.000ns})
  Destination:            student_top_inst/bridge_inst/mmio_rdata_q_reg[27]/D
                            (rising edge-triggered cell FDRE clocked by clk_out2_pll  {rise@0.000ns fall@2.857ns period=5.714ns})
  Path Group:             clk_out2_pll
  Path Type:              Setup (Max at Slow Process Corner)
  Requirement:            2.857ns  (clk_out2_pll rise@22.857ns - clk_out1_pll rise@20.000ns)
  Data Path Delay:        1.889ns  (logic 0.345ns (18.265%)  route 1.544ns (81.735%))
  Logic Levels:           2  (LUT4=1 LUT6=1)
  Clock Path Skew:        -0.261ns (DCD - SCD + CPR)
    Destination Clock Delay (DCD):    -2.056ns = ( 20.802 - 22.857 ) 
    Source Clock Delay      (SCD):    -2.392ns = ( 17.608 - 20.000 ) 
    Clock Pessimism Removal (CPR):    -0.598ns
  Clock Uncertainty:      0.214ns  ((TSJ^2 + DJ^2)^1/2) / 2 + PE
    Total System Jitter     (TSJ):    0.071ns
    Discrete Jitter          (DJ):    0.174ns
    Phase Error              (PE):    0.120ns

    Location             Delay type                Incr(ns)  Path(ns)    Netlist Resource(s)
  -------------------------------------------------------------------    -------------------
                         (clock clk_out1_pll rise edge)
                                                     20.000    20.000 r  
    AD12                                              0.000    20.000 r  i_sys_clk_p (IN)
                         net (fo=0)                   0.000    20.000    pll_inst/inst/clk_in1_p
    AD12                 IBUFDS (Prop_ibufds_I_O)     0.906    20.906 r  pll_inst/inst/clkin1_ibufgds/O
                         net (fo=1, routed)           1.098    22.004    pll_inst/inst/clk_in1_pll
    PLLE2_ADV_X1Y1       PLLE2_ADV (Prop_plle2_adv_CLKIN1_CLKOUT0)
                                                     -8.058    13.946 r  pll_inst/inst/plle2_adv_inst/CLKOUT0
                         net (fo=1, routed)           2.128    16.074    pll_inst/inst/clk_out1_pll
    BUFGCTRL_X0Y1        BUFG (Prop_bufg_I_O)         0.093    16.167 r  pll_inst/inst/clkout1_buf/O
                         net (fo=386, routed)         1.441    17.608    twin_controller_inst/clk_out1
    SLICE_X42Y128        FDCE                                         r  twin_controller_inst/sw_reg[59]/C
  -------------------------------------------------------------------    -------------------
    SLICE_X42Y128        FDCE (Prop_fdce_C_Q)         0.259    17.867 r  twin_controller_inst/sw_reg[59]/Q
                         net (fo=3, routed)           0.961    18.828    student_top_inst/u_KLDJ_top/u_pipe_id_ex/mmio_rdata_q_reg[31]_0[2]
    SLICE_X49Y124        LUT6 (Prop_lut6_I3_O)        0.043    18.871 r  student_top_inst/u_KLDJ_top/u_pipe_id_ex/mmio_rdata_q[27]_i_2/O
                         net (fo=1, routed)           0.583    19.453    student_top_inst/bridge_inst/mmio_rdata_q_reg[27]_0
    SLICE_X38Y118        LUT4 (Prop_lut4_I2_O)        0.043    19.496 r  student_top_inst/bridge_inst/mmio_rdata_q[27]_i_1/O
                         net (fo=1, routed)           0.000    19.496    student_top_inst/bridge_inst/mmio_rdata_q[27]_i_1_n_0
    SLICE_X38Y118        FDRE                                         r  student_top_inst/bridge_inst/mmio_rdata_q_reg[27]/D
  -------------------------------------------------------------------    -------------------

                         (clock clk_out2_pll rise edge)
                                                     22.857    22.857 r  
    AD12                                              0.000    22.857 r  i_sys_clk_p (IN)
                         net (fo=0)                   0.000    22.857    pll_inst/inst/clk_in1_p
    AD12                 IBUFDS (Prop_ibufds_I_O)     0.803    23.661 r  pll_inst/inst/clkin1_ibufgds/O
                         net (fo=1, routed)           1.001    24.662    pll_inst/inst/clk_in1_pll
    PLLE2_ADV_X1Y1       PLLE2_ADV (Prop_plle2_adv_CLKIN1_CLKOUT1)
                                                     -7.261    17.401 r  pll_inst/inst/plle2_adv_inst/CLKOUT1
                         net (fo=1, routed)           2.003    19.404    pll_inst/inst/clk_out2_pll
    BUFGCTRL_X0Y0        BUFG (Prop_bufg_I_O)         0.083    19.487 r  pll_inst/inst/clkout2_buf/O
                         net (fo=6035, routed)        1.315    20.802    student_top_inst/bridge_inst/clk_out2
    SLICE_X38Y118        FDRE                                         r  student_top_inst/bridge_inst/mmio_rdata_q_reg[27]/C
                         clock pessimism             -0.598    20.204    
                         clock uncertainty           -0.214    19.990    
    SLICE_X38Y118        FDRE (Setup_fdre_C_D)        0.065    20.055    student_top_inst/bridge_inst/mmio_rdata_q_reg[27]
  -------------------------------------------------------------------
                         required time                         20.055    
                         arrival time                         -19.496    
  -------------------------------------------------------------------
                         slack                                  0.559    

Slack (MET) :             0.590ns  (required time - arrival time)
  Source:                 twin_controller_inst/sw_reg[26]/C
                            (rising edge-triggered cell FDCE clocked by clk_out1_pll  {rise@0.000ns fall@10.000ns period=20.000ns})
  Destination:            student_top_inst/bridge_inst/mmio_rdata_q_reg[26]/D
                            (rising edge-triggered cell FDRE clocked by clk_out2_pll  {rise@0.000ns fall@2.857ns period=5.714ns})
  Path Group:             clk_out2_pll
  Path Type:              Setup (Max at Slow Process Corner)
  Requirement:            2.857ns  (clk_out2_pll rise@22.857ns - clk_out1_pll rise@20.000ns)
  Data Path Delay:        1.848ns  (logic 0.309ns (16.718%)  route 1.539ns (83.282%))
  Logic Levels:           2  (LUT4=1 LUT5=1)
  Clock Path Skew:        -0.269ns (DCD - SCD + CPR)
    Destination Clock Delay (DCD):    -2.056ns = ( 20.802 - 22.857 ) 
    Source Clock Delay      (SCD):    -2.384ns = ( 17.616 - 20.000 ) 
    Clock Pessimism Removal (CPR):    -0.598ns
  Clock Uncertainty:      0.214ns  ((TSJ^2 + DJ^2)^1/2) / 2 + PE
    Total System Jitter     (TSJ):    0.071ns
    Discrete Jitter          (DJ):    0.174ns
    Phase Error              (PE):    0.120ns

    Location             Delay type                Incr(ns)  Path(ns)    Netlist Resource(s)
  -------------------------------------------------------------------    -------------------
                         (clock clk_out1_pll rise edge)
                                                     20.000    20.000 r  
    AD12                                              0.000    20.000 r  i_sys_clk_p (IN)
                         net (fo=0)                   0.000    20.000    pll_inst/inst/clk_in1_p
    AD12                 IBUFDS (Prop_ibufds_I_O)     0.906    20.906 r  pll_inst/inst/clkin1_ibufgds/O
                         net (fo=1, routed)           1.098    22.004    pll_inst/inst/clk_in1_pll
    PLLE2_ADV_X1Y1       PLLE2_ADV (Prop_plle2_adv_CLKIN1_CLKOUT0)
                                                     -8.058    13.946 r  pll_inst/inst/plle2_adv_inst/CLKOUT0
                         net (fo=1, routed)           2.128    16.074    pll_inst/inst/clk_out1_pll
    BUFGCTRL_X0Y1        BUFG (Prop_bufg_I_O)         0.093    16.167 r  pll_inst/inst/clkout1_buf/O
                         net (fo=386, routed)         1.449    17.616    twin_controller_inst/clk_out1
    SLICE_X41Y116        FDCE                                         r  twin_controller_inst/sw_reg[26]/C
  -------------------------------------------------------------------    -------------------
    SLICE_X41Y116        FDCE (Prop_fdce_C_Q)         0.223    17.839 r  twin_controller_inst/sw_reg[26]/Q
                         net (fo=3, routed)           1.031    18.869    twin_controller_inst/p_9_in[2]
    SLICE_X39Y118        LUT4 (Prop_lut4_I0_O)        0.043    18.912 r  twin_controller_inst/mmio_rdata_q[26]_i_2/O
                         net (fo=1, routed)           0.509    19.421    student_top_inst/bridge_inst/mmio_rdata_q_reg[26]_0
    SLICE_X38Y118        LUT5 (Prop_lut5_I1_O)        0.043    19.464 r  student_top_inst/bridge_inst/mmio_rdata_q[26]_i_1/O
                         net (fo=1, routed)           0.000    19.464    student_top_inst/bridge_inst/mmio_rdata_q[26]_i_1_n_0
    SLICE_X38Y118        FDRE                                         r  student_top_inst/bridge_inst/mmio_rdata_q_reg[26]/D
  -------------------------------------------------------------------    -------------------

                         (clock clk_out2_pll rise edge)
                                                     22.857    22.857 r  
    AD12                                              0.000    22.857 r  i_sys_clk_p (IN)
                         net (fo=0)                   0.000    22.857    pll_inst/inst/clk_in1_p
    AD12                 IBUFDS (Prop_ibufds_I_O)     0.803    23.661 r  pll_inst/inst/clkin1_ibufgds/O
                         net (fo=1, routed)           1.001    24.662    pll_inst/inst/clk_in1_pll
    PLLE2_ADV_X1Y1       PLLE2_ADV (Prop_plle2_adv_CLKIN1_CLKOUT1)
                                                     -7.261    17.401 r  pll_inst/inst/plle2_adv_inst/CLKOUT1
                         net (fo=1, routed)           2.003    19.404    pll_inst/inst/clk_out2_pll
    BUFGCTRL_X0Y0        BUFG (Prop_bufg_I_O)         0.083    19.487 r  pll_inst/inst/clkout2_buf/O
                         net (fo=6035, routed)        1.315    20.802    student_top_inst/bridge_inst/clk_out2
    SLICE_X38Y118        FDRE                                         r  student_top_inst/bridge_inst/mmio_rdata_q_reg[26]/C
                         clock pessimism             -0.598    20.204    
                         clock uncertainty           -0.214    19.990    
    SLICE_X38Y118        FDRE (Setup_fdre_C_D)        0.064    20.054    student_top_inst/bridge_inst/mmio_rdata_q_reg[26]
  -------------------------------------------------------------------
                         required time                         20.054    
                         arrival time                         -19.464    
  -------------------------------------------------------------------
                         slack                                  0.590    

Slack (MET) :             0.675ns  (required time - arrival time)
  Source:                 twin_controller_inst/sw_reg[7]/C
                            (rising edge-triggered cell FDCE clocked by clk_out1_pll  {rise@0.000ns fall@10.000ns period=20.000ns})
  Destination:            student_top_inst/bridge_inst/mmio_rdata_q_reg[7]/D
                            (rising edge-triggered cell FDRE clocked by clk_out2_pll  {rise@0.000ns fall@2.857ns period=5.714ns})
  Path Group:             clk_out2_pll
  Path Type:              Setup (Max at Slow Process Corner)
  Requirement:            2.857ns  (clk_out2_pll rise@22.857ns - clk_out1_pll rise@20.000ns)
  Data Path Delay:        1.729ns  (logic 0.309ns (17.869%)  route 1.420ns (82.131%))
  Logic Levels:           2  (LUT6=2)
  Clock Path Skew:        -0.273ns (DCD - SCD + CPR)
    Destination Clock Delay (DCD):    -2.057ns = ( 20.801 - 22.857 ) 
    Source Clock Delay      (SCD):    -2.381ns = ( 17.619 - 20.000 ) 
    Clock Pessimism Removal (CPR):    -0.598ns
  Clock Uncertainty:      0.214ns  ((TSJ^2 + DJ^2)^1/2) / 2 + PE
    Total System Jitter     (TSJ):    0.071ns
    Discrete Jitter          (DJ):    0.174ns
    Phase Error              (PE):    0.120ns

    Location             Delay type                Incr(ns)  Path(ns)    Netlist Resource(s)
  -------------------------------------------------------------------    -------------------
                         (clock clk_out1_pll rise edge)
                                                     20.000    20.000 r  
    AD12                                              0.000    20.000 r  i_sys_clk_p (IN)
                         net (fo=0)                   0.000    20.000    pll_inst/inst/clk_in1_p
    AD12                 IBUFDS (Prop_ibufds_I_O)     0.906    20.906 r  pll_inst/inst/clkin1_ibufgds/O
                         net (fo=1, routed)           1.098    22.004    pll_inst/inst/clk_in1_pll
    PLLE2_ADV_X1Y1       PLLE2_ADV (Prop_plle2_adv_CLKIN1_CLKOUT0)
                                                     -8.058    13.946 r  pll_inst/inst/plle2_adv_inst/CLKOUT0
                         net (fo=1, routed)           2.128    16.074    pll_inst/inst/clk_out1_pll
    BUFGCTRL_X0Y1        BUFG (Prop_bufg_I_O)         0.093    16.167 r  pll_inst/inst/clkout1_buf/O
                         net (fo=386, routed)         1.452    17.619    twin_controller_inst/clk_out1
    SLICE_X36Y115        FDCE                                         r  twin_controller_inst/sw_reg[7]/C
  -------------------------------------------------------------------    -------------------
    SLICE_X36Y115        FDCE (Prop_fdce_C_Q)         0.223    17.842 r  twin_controller_inst/sw_reg[7]/Q
                         net (fo=3, routed)           0.818    18.660    student_top_inst/u_KLDJ_top/u_pipe_id_ex/mmio_rdata_q_reg[7][5]
    SLICE_X36Y121        LUT6 (Prop_lut6_I1_O)        0.043    18.703 f  student_top_inst/u_KLDJ_top/u_pipe_id_ex/mmio_rdata_q[7]_i_3/O
                         net (fo=1, routed)           0.602    19.305    student_top_inst/bridge_inst/mmio_rdata_q_reg[7]_0
    SLICE_X37Y121        LUT6 (Prop_lut6_I3_O)        0.043    19.348 r  student_top_inst/bridge_inst/mmio_rdata_q[7]_i_1/O
                         net (fo=1, routed)           0.000    19.348    student_top_inst/bridge_inst/mmio_rdata_q[7]_i_1_n_0
    SLICE_X37Y121        FDRE                                         r  student_top_inst/bridge_inst/mmio_rdata_q_reg[7]/D
  -------------------------------------------------------------------    -------------------

                         (clock clk_out2_pll rise edge)
                                                     22.857    22.857 r  
    AD12                                              0.000    22.857 r  i_sys_clk_p (IN)
                         net (fo=0)                   0.000    22.857    pll_inst/inst/clk_in1_p
    AD12                 IBUFDS (Prop_ibufds_I_O)     0.803    23.661 r  pll_inst/inst/clkin1_ibufgds/O
                         net (fo=1, routed)           1.001    24.662    pll_inst/inst/clk_in1_pll
    PLLE2_ADV_X1Y1       PLLE2_ADV (Prop_plle2_adv_CLKIN1_CLKOUT1)
                                                     -7.261    17.401 r  pll_inst/inst/plle2_adv_inst/CLKOUT1
                         net (fo=1, routed)           2.003    19.404    pll_inst/inst/clk_out2_pll
    BUFGCTRL_X0Y0        BUFG (Prop_bufg_I_O)         0.083    19.487 r  pll_inst/inst/clkout2_buf/O
                         net (fo=6035, routed)        1.314    20.801    student_top_inst/bridge_inst/clk_out2
    SLICE_X37Y121        FDRE                                         r  student_top_inst/bridge_inst/mmio_rdata_q_reg[7]/C
                         clock pessimism             -0.598    20.203    
                         clock uncertainty           -0.214    19.989    
    SLICE_X37Y121        FDRE (Setup_fdre_C_D)        0.034    20.023    student_top_inst/bridge_inst/mmio_rdata_q_reg[7]
  -------------------------------------------------------------------
                         required time                         20.023    
                         arrival time                         -19.348    
  -------------------------------------------------------------------
                         slack                                  0.675    

Slack (MET) :             0.679ns  (required time - arrival time)
  Source:                 twin_controller_inst/sw_reg[24]/C
                            (rising edge-triggered cell FDCE clocked by clk_out1_pll  {rise@0.000ns fall@10.000ns period=20.000ns})
  Destination:            student_top_inst/bridge_inst/mmio_rdata_q_reg[24]/D
                            (rising edge-triggered cell FDRE clocked by clk_out2_pll  {rise@0.000ns fall@2.857ns period=5.714ns})
  Path Group:             clk_out2_pll
  Path Type:              Setup (Max at Slow Process Corner)
  Requirement:            2.857ns  (clk_out2_pll rise@22.857ns - clk_out1_pll rise@20.000ns)
  Data Path Delay:        1.730ns  (logic 0.309ns (17.857%)  route 1.421ns (82.142%))
  Logic Levels:           2  (LUT3=1 LUT5=1)
  Clock Path Skew:        -0.268ns (DCD - SCD + CPR)
    Destination Clock Delay (DCD):    -2.056ns = ( 20.802 - 22.857 ) 
    Source Clock Delay      (SCD):    -2.385ns = ( 17.615 - 20.000 ) 
    Clock Pessimism Removal (CPR):    -0.598ns
  Clock Uncertainty:      0.214ns  ((TSJ^2 + DJ^2)^1/2) / 2 + PE
    Total System Jitter     (TSJ):    0.071ns
    Discrete Jitter          (DJ):    0.174ns
    Phase Error              (PE):    0.120ns

    Location             Delay type                Incr(ns)  Path(ns)    Netlist Resource(s)
  -------------------------------------------------------------------    -------------------
                         (clock clk_out1_pll rise edge)
                                                     20.000    20.000 r  
    AD12                                              0.000    20.000 r  i_sys_clk_p (IN)
                         net (fo=0)                   0.000    20.000    pll_inst/inst/clk_in1_p
    AD12                 IBUFDS (Prop_ibufds_I_O)     0.906    20.906 r  pll_inst/inst/clkin1_ibufgds/O
                         net (fo=1, routed)           1.098    22.004    pll_inst/inst/clk_in1_pll
    PLLE2_ADV_X1Y1       PLLE2_ADV (Prop_plle2_adv_CLKIN1_CLKOUT0)
                                                     -8.058    13.946 r  pll_inst/inst/plle2_adv_inst/CLKOUT0
                         net (fo=1, routed)           2.128    16.074    pll_inst/inst/clk_out1_pll
    BUFGCTRL_X0Y1        BUFG (Prop_bufg_I_O)         0.093    16.167 r  pll_inst/inst/clkout1_buf/O
                         net (fo=386, routed)         1.448    17.615    twin_controller_inst/clk_out1
    SLICE_X36Y130        FDCE                                         r  twin_controller_inst/sw_reg[24]/C
  -------------------------------------------------------------------    -------------------
    SLICE_X36Y130        FDCE (Prop_fdce_C_Q)         0.223    17.838 r  twin_controller_inst/sw_reg[24]/Q
                         net (fo=3, routed)           0.794    18.632    student_top_inst/u_KLDJ_top/u_pipe_id_ex/mmio_rdata_q_reg[31][0]
    SLICE_X36Y127        LUT5 (Prop_lut5_I3_O)        0.043    18.675 r  student_top_inst/u_KLDJ_top/u_pipe_id_ex/mmio_rdata_q[24]_i_2/O
                         net (fo=1, routed)           0.627    19.302    student_top_inst/u_KLDJ_top/u_pipe_id_ex/mmio_rdata_q[24]_i_2_n_0
    SLICE_X39Y119        LUT3 (Prop_lut3_I0_O)        0.043    19.345 r  student_top_inst/u_KLDJ_top/u_pipe_id_ex/mmio_rdata_q[24]_i_1/O
                         net (fo=1, routed)           0.000    19.345    student_top_inst/bridge_inst/mmio_rdata_q_reg[29]_0[6]
    SLICE_X39Y119        FDRE                                         r  student_top_inst/bridge_inst/mmio_rdata_q_reg[24]/D
  -------------------------------------------------------------------    -------------------

                         (clock clk_out2_pll rise edge)
                                                     22.857    22.857 r  
    AD12                                              0.000    22.857 r  i_sys_clk_p (IN)
                         net (fo=0)                   0.000    22.857    pll_inst/inst/clk_in1_p
    AD12                 IBUFDS (Prop_ibufds_I_O)     0.803    23.661 r  pll_inst/inst/clkin1_ibufgds/O
                         net (fo=1, routed)           1.001    24.662    pll_inst/inst/clk_in1_pll
    PLLE2_ADV_X1Y1       PLLE2_ADV (Prop_plle2_adv_CLKIN1_CLKOUT1)
                                                     -7.261    17.401 r  pll_inst/inst/plle2_adv_inst/CLKOUT1
                         net (fo=1, routed)           2.003    19.404    pll_inst/inst/clk_out2_pll
    BUFGCTRL_X0Y0        BUFG (Prop_bufg_I_O)         0.083    19.487 r  pll_inst/inst/clkout2_buf/O
                         net (fo=6035, routed)        1.315    20.802    student_top_inst/bridge_inst/clk_out2
    SLICE_X39Y119        FDRE                                         r  student_top_inst/bridge_inst/mmio_rdata_q_reg[24]/C
                         clock pessimism             -0.598    20.204    
                         clock uncertainty           -0.214    19.990    
    SLICE_X39Y119        FDRE (Setup_fdre_C_D)        0.034    20.024    student_top_inst/bridge_inst/mmio_rdata_q_reg[24]
  -------------------------------------------------------------------
                         required time                         20.024    
                         arrival time                         -19.345    
  -------------------------------------------------------------------
                         slack                                  0.679    

Slack (MET) :             0.697ns  (required time - arrival time)
  Source:                 twin_controller_inst/sw_reg[22]/C
                            (rising edge-triggered cell FDCE clocked by clk_out1_pll  {rise@0.000ns fall@10.000ns period=20.000ns})
  Destination:            student_top_inst/bridge_inst/mmio_rdata_q_reg[22]/D
                            (rising edge-triggered cell FDRE clocked by clk_out2_pll  {rise@0.000ns fall@2.857ns period=5.714ns})
  Path Group:             clk_out2_pll
  Path Type:              Setup (Max at Slow Process Corner)
  Requirement:            2.857ns  (clk_out2_pll rise@22.857ns - clk_out1_pll rise@20.000ns)
  Data Path Delay:        1.721ns  (logic 0.309ns (17.950%)  route 1.412ns (82.050%))
  Logic Levels:           2  (LUT3=1 LUT5=1)
  Clock Path Skew:        -0.259ns (DCD - SCD + CPR)
    Destination Clock Delay (DCD):    -2.056ns = ( 20.802 - 22.857 ) 
    Source Clock Delay      (SCD):    -2.394ns = ( 17.606 - 20.000 ) 
    Clock Pessimism Removal (CPR):    -0.598ns
  Clock Uncertainty:      0.214ns  ((TSJ^2 + DJ^2)^1/2) / 2 + PE
    Total System Jitter     (TSJ):    0.071ns
    Discrete Jitter          (DJ):    0.174ns
    Phase Error              (PE):    0.120ns

    Location             Delay type                Incr(ns)  Path(ns)    Netlist Resource(s)
  -------------------------------------------------------------------    -------------------
                         (clock clk_out1_pll rise edge)
                                                     20.000    20.000 r  
    AD12                                              0.000    20.000 r  i_sys_clk_p (IN)
                         net (fo=0)                   0.000    20.000    pll_inst/inst/clk_in1_p
    AD12                 IBUFDS (Prop_ibufds_I_O)     0.906    20.906 r  pll_inst/inst/clkin1_ibufgds/O
                         net (fo=1, routed)           1.098    22.004    pll_inst/inst/clk_in1_pll
    PLLE2_ADV_X1Y1       PLLE2_ADV (Prop_plle2_adv_CLKIN1_CLKOUT0)
                                                     -8.058    13.946 r  pll_inst/inst/plle2_adv_inst/CLKOUT0
                         net (fo=1, routed)           2.128    16.074    pll_inst/inst/clk_out1_pll
    BUFGCTRL_X0Y1        BUFG (Prop_bufg_I_O)         0.093    16.167 r  pll_inst/inst/clkout1_buf/O
                         net (fo=386, routed)         1.439    17.606    twin_controller_inst/clk_out1
    SLICE_X39Y125        FDCE                                         r  twin_controller_inst/sw_reg[22]/C
  -------------------------------------------------------------------    -------------------
    SLICE_X39Y125        FDCE (Prop_fdce_C_Q)         0.223    17.829 r  twin_controller_inst/sw_reg[22]/Q
                         net (fo=3, routed)           0.820    18.648    student_top_inst/u_KLDJ_top/u_pipe_id_ex/mmio_rdata_q_reg[23]_0[2]
    SLICE_X38Y125        LUT5 (Prop_lut5_I3_O)        0.043    18.691 r  student_top_inst/u_KLDJ_top/u_pipe_id_ex/mmio_rdata_q[22]_i_2/O
                         net (fo=1, routed)           0.593    19.284    student_top_inst/u_KLDJ_top/u_pipe_id_ex/mmio_rdata_q[22]_i_2_n_0
    SLICE_X39Y119        LUT3 (Prop_lut3_I0_O)        0.043    19.327 r  student_top_inst/u_KLDJ_top/u_pipe_id_ex/mmio_rdata_q[22]_i_1/O
                         net (fo=1, routed)           0.000    19.327    student_top_inst/bridge_inst/mmio_rdata_q_reg[29]_0[5]
    SLICE_X39Y119        FDRE                                         r  student_top_inst/bridge_inst/mmio_rdata_q_reg[22]/D
  -------------------------------------------------------------------    -------------------

                         (clock clk_out2_pll rise edge)
                                                     22.857    22.857 r  
    AD12                                              0.000    22.857 r  i_sys_clk_p (IN)
                         net (fo=0)                   0.000    22.857    pll_inst/inst/clk_in1_p
    AD12                 IBUFDS (Prop_ibufds_I_O)     0.803    23.661 r  pll_inst/inst/clkin1_ibufgds/O
                         net (fo=1, routed)           1.001    24.662    pll_inst/inst/clk_in1_pll
    PLLE2_ADV_X1Y1       PLLE2_ADV (Prop_plle2_adv_CLKIN1_CLKOUT1)
                                                     -7.261    17.401 r  pll_inst/inst/plle2_adv_inst/CLKOUT1
                         net (fo=1, routed)           2.003    19.404    pll_inst/inst/clk_out2_pll
    BUFGCTRL_X0Y0        BUFG (Prop_bufg_I_O)         0.083    19.487 r  pll_inst/inst/clkout2_buf/O
                         net (fo=6035, routed)        1.315    20.802    student_top_inst/bridge_inst/clk_out2
    SLICE_X39Y119        FDRE                                         r  student_top_inst/bridge_inst/mmio_rdata_q_reg[22]/C
                         clock pessimism             -0.598    20.204    
                         clock uncertainty           -0.214    19.990    
    SLICE_X39Y119        FDRE (Setup_fdre_C_D)        0.034    20.024    student_top_inst/bridge_inst/mmio_rdata_q_reg[22]
  -------------------------------------------------------------------
                         required time                         20.024    
                         arrival time                         -19.327    
  -------------------------------------------------------------------
                         slack                                  0.697    

Slack (MET) :             0.704ns  (required time - arrival time)
  Source:                 student_top_inst/bridge_inst/counter_inst/cnt_ms_gray_cnt_reg[21]/C
                            (rising edge-triggered cell FDRE clocked by clk_out1_pll  {rise@0.000ns fall@10.000ns period=20.000ns})
  Destination:            student_top_inst/bridge_inst/counter_inst/cnt_gray_cpu_d1_reg[21]/D
                            (rising edge-triggered cell FDRE clocked by clk_out2_pll  {rise@0.000ns fall@2.857ns period=5.714ns})
  Path Group:             clk_out2_pll
  Path Type:              Setup (Max at Slow Process Corner)
  Requirement:            2.857ns  (clk_out2_pll rise@22.857ns - clk_out1_pll rise@20.000ns)
  Data Path Delay:        1.691ns  (logic 0.223ns (13.187%)  route 1.468ns (86.813%))
  Logic Levels:           0  
  Clock Path Skew:        -0.269ns (DCD - SCD + CPR)
    Destination Clock Delay (DCD):    -2.113ns = ( 20.745 - 22.857 ) 
    Source Clock Delay      (SCD):    -2.441ns = ( 17.559 - 20.000 ) 
    Clock Pessimism Removal (CPR):    -0.598ns
  Clock Uncertainty:      0.214ns  ((TSJ^2 + DJ^2)^1/2) / 2 + PE
    Total System Jitter     (TSJ):    0.071ns
    Discrete Jitter          (DJ):    0.174ns
    Phase Error              (PE):    0.120ns

    Location             Delay type                Incr(ns)  Path(ns)    Netlist Resource(s)
  -------------------------------------------------------------------    -------------------
                         (clock clk_out1_pll rise edge)
                                                     20.000    20.000 r  
    AD12                                              0.000    20.000 r  i_sys_clk_p (IN)
                         net (fo=0)                   0.000    20.000    pll_inst/inst/clk_in1_p
    AD12                 IBUFDS (Prop_ibufds_I_O)     0.906    20.906 r  pll_inst/inst/clkin1_ibufgds/O
                         net (fo=1, routed)           1.098    22.004    pll_inst/inst/clk_in1_pll
    PLLE2_ADV_X1Y1       PLLE2_ADV (Prop_plle2_adv_CLKIN1_CLKOUT0)
                                                     -8.058    13.946 r  pll_inst/inst/plle2_adv_inst/CLKOUT0
                         net (fo=1, routed)           2.128    16.074    pll_inst/inst/clk_out1_pll
    BUFGCTRL_X0Y1        BUFG (Prop_bufg_I_O)         0.093    16.167 r  pll_inst/inst/clkout1_buf/O
                         net (fo=386, routed)         1.392    17.559    student_top_inst/bridge_inst/counter_inst/clk_out1
    SLICE_X64Y107        FDRE                                         r  student_top_inst/bridge_inst/counter_inst/cnt_ms_gray_cnt_reg[21]/C
  -------------------------------------------------------------------    -------------------
    SLICE_X64Y107        FDRE (Prop_fdre_C_Q)         0.223    17.782 r  student_top_inst/bridge_inst/counter_inst/cnt_ms_gray_cnt_reg[21]/Q
                         net (fo=1, routed)           1.468    19.250    student_top_inst/bridge_inst/counter_inst/cnt_ms_gray_cnt[21]
    SLICE_X66Y107        FDRE                                         r  student_top_inst/bridge_inst/counter_inst/cnt_gray_cpu_d1_reg[21]/D
  -------------------------------------------------------------------    -------------------

                         (clock clk_out2_pll rise edge)
                                                     22.857    22.857 r  
    AD12                                              0.000    22.857 r  i_sys_clk_p (IN)
                         net (fo=0)                   0.000    22.857    pll_inst/inst/clk_in1_p
    AD12                 IBUFDS (Prop_ibufds_I_O)     0.803    23.661 r  pll_inst/inst/clkin1_ibufgds/O
                         net (fo=1, routed)           1.001    24.662    pll_inst/inst/clk_in1_pll
    PLLE2_ADV_X1Y1       PLLE2_ADV (Prop_plle2_adv_CLKIN1_CLKOUT1)
                                                     -7.261    17.401 r  pll_inst/inst/plle2_adv_inst/CLKOUT1
                         net (fo=1, routed)           2.003    19.404    pll_inst/inst/clk_out2_pll
    BUFGCTRL_X0Y0        BUFG (Prop_bufg_I_O)         0.083    19.487 r  pll_inst/inst/clkout2_buf/O
                         net (fo=6035, routed)        1.258    20.745    student_top_inst/bridge_inst/counter_inst/clk_out2
    SLICE_X66Y107        FDRE                                         r  student_top_inst/bridge_inst/counter_inst/cnt_gray_cpu_d1_reg[21]/C
                         clock pessimism             -0.598    20.147    
                         clock uncertainty           -0.214    19.933    
    SLICE_X66Y107        FDRE (Setup_fdre_C_D)        0.021    19.954    student_top_inst/bridge_inst/counter_inst/cnt_gray_cpu_d1_reg[21]
  -------------------------------------------------------------------
                         required time                         19.954    
                         arrival time                         -19.250    
  -------------------------------------------------------------------
                         slack                                  0.704    

Slack (MET) :             0.706ns  (required time - arrival time)
  Source:                 student_top_inst/bridge_inst/counter_inst/cnt_ms_gray_cnt_reg[15]/C
                            (rising edge-triggered cell FDRE clocked by clk_out1_pll  {rise@0.000ns fall@10.000ns period=20.000ns})
  Destination:            student_top_inst/bridge_inst/counter_inst/cnt_gray_cpu_d1_reg[15]/D
                            (rising edge-triggered cell FDRE clocked by clk_out2_pll  {rise@0.000ns fall@2.857ns period=5.714ns})
  Path Group:             clk_out2_pll
  Path Type:              Setup (Max at Slow Process Corner)
  Requirement:            2.857ns  (clk_out2_pll rise@22.857ns - clk_out1_pll rise@20.000ns)
  Data Path Delay:        1.660ns  (logic 0.223ns (13.434%)  route 1.437ns (86.566%))
  Logic Levels:           0  
  Clock Path Skew:        -0.268ns (DCD - SCD + CPR)
    Destination Clock Delay (DCD):    -2.112ns = ( 20.746 - 22.857 ) 
    Source Clock Delay      (SCD):    -2.441ns = ( 17.559 - 20.000 ) 
    Clock Pessimism Removal (CPR):    -0.598ns
  Clock Uncertainty:      0.214ns  ((TSJ^2 + DJ^2)^1/2) / 2 + PE
    Total System Jitter     (TSJ):    0.071ns
    Discrete Jitter          (DJ):    0.174ns
    Phase Error              (PE):    0.120ns

    Location             Delay type                Incr(ns)  Path(ns)    Netlist Resource(s)
  -------------------------------------------------------------------    -------------------
                         (clock clk_out1_pll rise edge)
                                                     20.000    20.000 r  
    AD12                                              0.000    20.000 r  i_sys_clk_p (IN)
                         net (fo=0)                   0.000    20.000    pll_inst/inst/clk_in1_p
    AD12                 IBUFDS (Prop_ibufds_I_O)     0.906    20.906 r  pll_inst/inst/clkin1_ibufgds/O
                         net (fo=1, routed)           1.098    22.004    pll_inst/inst/clk_in1_pll
    PLLE2_ADV_X1Y1       PLLE2_ADV (Prop_plle2_adv_CLKIN1_CLKOUT0)
                                                     -8.058    13.946 r  pll_inst/inst/plle2_adv_inst/CLKOUT0
                         net (fo=1, routed)           2.128    16.074    pll_inst/inst/clk_out1_pll
    BUFGCTRL_X0Y1        BUFG (Prop_bufg_I_O)         0.093    16.167 r  pll_inst/inst/clkout1_buf/O
                         net (fo=386, routed)         1.392    17.559    student_top_inst/bridge_inst/counter_inst/clk_out1
    SLICE_X64Y106        FDRE                                         r  student_top_inst/bridge_inst/counter_inst/cnt_ms_gray_cnt_reg[15]/C
  -------------------------------------------------------------------    -------------------
    SLICE_X64Y106        FDRE (Prop_fdre_C_Q)         0.223    17.782 r  student_top_inst/bridge_inst/counter_inst/cnt_ms_gray_cnt_reg[15]/Q
                         net (fo=1, routed)           1.437    19.219    student_top_inst/bridge_inst/counter_inst/cnt_ms_gray_cnt[15]
    SLICE_X63Y106        FDRE                                         r  student_top_inst/bridge_inst/counter_inst/cnt_gray_cpu_d1_reg[15]/D
  -------------------------------------------------------------------    -------------------

                         (clock clk_out2_pll rise edge)
                                                     22.857    22.857 r  
    AD12                                              0.000    22.857 r  i_sys_clk_p (IN)
                         net (fo=0)                   0.000    22.857    pll_inst/inst/clk_in1_p
    AD12                 IBUFDS (Prop_ibufds_I_O)     0.803    23.661 r  pll_inst/inst/clkin1_ibufgds/O
                         net (fo=1, routed)           1.001    24.662    pll_inst/inst/clk_in1_pll
    PLLE2_ADV_X1Y1       PLLE2_ADV (Prop_plle2_adv_CLKIN1_CLKOUT1)
                                                     -7.261    17.401 r  pll_inst/inst/plle2_adv_inst/CLKOUT1
                         net (fo=1, routed)           2.003    19.404    pll_inst/inst/clk_out2_pll
    BUFGCTRL_X0Y0        BUFG (Prop_bufg_I_O)         0.083    19.487 r  pll_inst/inst/clkout2_buf/O
                         net (fo=6035, routed)        1.259    20.746    student_top_inst/bridge_inst/counter_inst/clk_out2
    SLICE_X63Y106        FDRE                                         r  student_top_inst/bridge_inst/counter_inst/cnt_gray_cpu_d1_reg[15]/C
                         clock pessimism             -0.598    20.148    
                         clock uncertainty           -0.214    19.934    
    SLICE_X63Y106        FDRE (Setup_fdre_C_D)       -0.009    19.925    student_top_inst/bridge_inst/counter_inst/cnt_gray_cpu_d1_reg[15]
  -------------------------------------------------------------------
                         required time                         19.925    
                         arrival time                         -19.219    
  -------------------------------------------------------------------
                         slack                                  0.706    

Slack (MET) :             0.760ns  (required time - arrival time)
  Source:                 twin_controller_inst/sw_reg[5]/C
                            (rising edge-triggered cell FDCE clocked by clk_out1_pll  {rise@0.000ns fall@10.000ns period=20.000ns})
  Destination:            student_top_inst/bridge_inst/mmio_rdata_q_reg[5]/D
                            (rising edge-triggered cell FDRE clocked by clk_out2_pll  {rise@0.000ns fall@2.857ns period=5.714ns})
  Path Group:             clk_out2_pll
  Path Type:              Setup (Max at Slow Process Corner)
  Requirement:            2.857ns  (clk_out2_pll rise@22.857ns - clk_out1_pll rise@20.000ns)
  Data Path Delay:        1.654ns  (logic 0.309ns (18.678%)  route 1.345ns (81.322%))
  Logic Levels:           2  (LUT6=2)
  Clock Path Skew:        -0.263ns (DCD - SCD + CPR)
    Destination Clock Delay (DCD):    -2.060ns = ( 20.798 - 22.857 ) 
    Source Clock Delay      (SCD):    -2.394ns = ( 17.606 - 20.000 ) 
    Clock Pessimism Removal (CPR):    -0.598ns
  Clock Uncertainty:      0.214ns  ((TSJ^2 + DJ^2)^1/2) / 2 + PE
    Total System Jitter     (TSJ):    0.071ns
    Discrete Jitter          (DJ):    0.174ns
    Phase Error              (PE):    0.120ns

    Location             Delay type                Incr(ns)  Path(ns)    Netlist Resource(s)
  -------------------------------------------------------------------    -------------------
                         (clock clk_out1_pll rise edge)
                                                     20.000    20.000 r  
    AD12                                              0.000    20.000 r  i_sys_clk_p (IN)
                         net (fo=0)                   0.000    20.000    pll_inst/inst/clk_in1_p
    AD12                 IBUFDS (Prop_ibufds_I_O)     0.906    20.906 r  pll_inst/inst/clkin1_ibufgds/O
                         net (fo=1, routed)           1.098    22.004    pll_inst/inst/clk_in1_pll
    PLLE2_ADV_X1Y1       PLLE2_ADV (Prop_plle2_adv_CLKIN1_CLKOUT0)
                                                     -8.058    13.946 r  pll_inst/inst/plle2_adv_inst/CLKOUT0
                         net (fo=1, routed)           2.128    16.074    pll_inst/inst/clk_out1_pll
    BUFGCTRL_X0Y1        BUFG (Prop_bufg_I_O)         0.093    16.167 r  pll_inst/inst/clkout1_buf/O
                         net (fo=386, routed)         1.439    17.606    twin_controller_inst/clk_out1
    SLICE_X39Y125        FDCE                                         r  twin_controller_inst/sw_reg[5]/C
  -------------------------------------------------------------------    -------------------
    SLICE_X39Y125        FDCE (Prop_fdce_C_Q)         0.223    17.829 r  twin_controller_inst/sw_reg[5]/Q
                         net (fo=3, routed)           0.743    18.571    student_top_inst/u_KLDJ_top/u_pipe_id_ex/mmio_rdata_q_reg[7][3]
    SLICE_X39Y124        LUT6 (Prop_lut6_I1_O)        0.043    18.614 f  student_top_inst/u_KLDJ_top/u_pipe_id_ex/mmio_rdata_q[5]_i_2/O
                         net (fo=1, routed)           0.603    19.217    student_top_inst/bridge_inst/mmio_rdata_q_reg[5]_0
    SLICE_X40Y122        LUT6 (Prop_lut6_I3_O)        0.043    19.260 r  student_top_inst/bridge_inst/mmio_rdata_q[5]_i_1/O
                         net (fo=1, routed)           0.000    19.260    student_top_inst/bridge_inst/mmio_rdata_q[5]_i_1_n_0
    SLICE_X40Y122        FDRE                                         r  student_top_inst/bridge_inst/mmio_rdata_q_reg[5]/D
  -------------------------------------------------------------------    -------------------

                         (clock clk_out2_pll rise edge)
                                                     22.857    22.857 r  
    AD12                                              0.000    22.857 r  i_sys_clk_p (IN)
                         net (fo=0)                   0.000    22.857    pll_inst/inst/clk_in1_p
    AD12                 IBUFDS (Prop_ibufds_I_O)     0.803    23.661 r  pll_inst/inst/clkin1_ibufgds/O
                         net (fo=1, routed)           1.001    24.662    pll_inst/inst/clk_in1_pll
    PLLE2_ADV_X1Y1       PLLE2_ADV (Prop_plle2_adv_CLKIN1_CLKOUT1)
                                                     -7.261    17.401 r  pll_inst/inst/plle2_adv_inst/CLKOUT1
                         net (fo=1, routed)           2.003    19.404    pll_inst/inst/clk_out2_pll
    BUFGCTRL_X0Y0        BUFG (Prop_bufg_I_O)         0.083    19.487 r  pll_inst/inst/clkout2_buf/O
                         net (fo=6035, routed)        1.311    20.798    student_top_inst/bridge_inst/clk_out2
    SLICE_X40Y122        FDRE                                         r  student_top_inst/bridge_inst/mmio_rdata_q_reg[5]/C
                         clock pessimism             -0.598    20.200    
                         clock uncertainty           -0.214    19.986    
    SLICE_X40Y122        FDRE (Setup_fdre_C_D)        0.034    20.020    student_top_inst/bridge_inst/mmio_rdata_q_reg[5]
  -------------------------------------------------------------------
                         required time                         20.020    
                         arrival time                         -19.260    
  -------------------------------------------------------------------
                         slack                                  0.760    

Slack (MET) :             0.763ns  (required time - arrival time)
  Source:                 twin_controller_inst/sw_reg[23]/C
                            (rising edge-triggered cell FDCE clocked by clk_out1_pll  {rise@0.000ns fall@10.000ns period=20.000ns})
  Destination:            student_top_inst/bridge_inst/mmio_rdata_q_reg[23]/D
                            (rising edge-triggered cell FDRE clocked by clk_out2_pll  {rise@0.000ns fall@2.857ns period=5.714ns})
  Path Group:             clk_out2_pll
  Path Type:              Setup (Max at Slow Process Corner)
  Requirement:            2.857ns  (clk_out2_pll rise@22.857ns - clk_out1_pll rise@20.000ns)
  Data Path Delay:        1.651ns  (logic 0.309ns (18.720%)  route 1.342ns (81.280%))
  Logic Levels:           2  (LUT4=1 LUT6=1)
  Clock Path Skew:        -0.263ns (DCD - SCD + CPR)
    Destination Clock Delay (DCD):    -2.058ns = ( 20.800 - 22.857 ) 
    Source Clock Delay      (SCD):    -2.392ns = ( 17.608 - 20.000 ) 
    Clock Pessimism Removal (CPR):    -0.598ns
  Clock Uncertainty:      0.214ns  ((TSJ^2 + DJ^2)^1/2) / 2 + PE
    Total System Jitter     (TSJ):    0.071ns
    Discrete Jitter          (DJ):    0.174ns
    Phase Error              (PE):    0.120ns

    Location             Delay type                Incr(ns)  Path(ns)    Netlist Resource(s)
  -------------------------------------------------------------------    -------------------
                         (clock clk_out1_pll rise edge)
                                                     20.000    20.000 r  
    AD12                                              0.000    20.000 r  i_sys_clk_p (IN)
                         net (fo=0)                   0.000    20.000    pll_inst/inst/clk_in1_p
    AD12                 IBUFDS (Prop_ibufds_I_O)     0.906    20.906 r  pll_inst/inst/clkin1_ibufgds/O
                         net (fo=1, routed)           1.098    22.004    pll_inst/inst/clk_in1_pll
    PLLE2_ADV_X1Y1       PLLE2_ADV (Prop_plle2_adv_CLKIN1_CLKOUT0)
                                                     -8.058    13.946 r  pll_inst/inst/plle2_adv_inst/CLKOUT0
                         net (fo=1, routed)           2.128    16.074    pll_inst/inst/clk_out1_pll
    BUFGCTRL_X0Y1        BUFG (Prop_bufg_I_O)         0.093    16.167 r  pll_inst/inst/clkout1_buf/O
                         net (fo=386, routed)         1.441    17.608    twin_controller_inst/clk_out1
    SLICE_X36Y124        FDCE                                         r  twin_controller_inst/sw_reg[23]/C
  -------------------------------------------------------------------    -------------------
    SLICE_X36Y124        FDCE (Prop_fdce_C_Q)         0.223    17.831 r  twin_controller_inst/sw_reg[23]/Q
                         net (fo=3, routed)           0.852    18.683    student_top_inst/u_KLDJ_top/u_pipe_id_ex/mmio_rdata_q_reg[23]_0[3]
    SLICE_X36Y123        LUT6 (Prop_lut6_I1_O)        0.043    18.726 r  student_top_inst/u_KLDJ_top/u_pipe_id_ex/mmio_rdata_q[23]_i_2/O
                         net (fo=1, routed)           0.489    19.215    student_top_inst/bridge_inst/mmio_rdata_q_reg[23]_1
    SLICE_X36Y122        LUT4 (Prop_lut4_I2_O)        0.043    19.258 r  student_top_inst/bridge_inst/mmio_rdata_q[23]_i_1/O
                         net (fo=1, routed)           0.000    19.258    student_top_inst/bridge_inst/mmio_rdata_q[23]_i_1_n_0
    SLICE_X36Y122        FDRE                                         r  student_top_inst/bridge_inst/mmio_rdata_q_reg[23]/D
  -------------------------------------------------------------------    -------------------

                         (clock clk_out2_pll rise edge)
                                                     22.857    22.857 r  
    AD12                                              0.000    22.857 r  i_sys_clk_p (IN)
                         net (fo=0)                   0.000    22.857    pll_inst/inst/clk_in1_p
    AD12                 IBUFDS (Prop_ibufds_I_O)     0.803    23.661 r  pll_inst/inst/clkin1_ibufgds/O
                         net (fo=1, routed)           1.001    24.662    pll_inst/inst/clk_in1_pll
    PLLE2_ADV_X1Y1       PLLE2_ADV (Prop_plle2_adv_CLKIN1_CLKOUT1)
                                                     -7.261    17.401 r  pll_inst/inst/plle2_adv_inst/CLKOUT1
                         net (fo=1, routed)           2.003    19.404    pll_inst/inst/clk_out2_pll
    BUFGCTRL_X0Y0        BUFG (Prop_bufg_I_O)         0.083    19.487 r  pll_inst/inst/clkout2_buf/O
                         net (fo=6035, routed)        1.313    20.800    student_top_inst/bridge_inst/clk_out2
    SLICE_X36Y122        FDRE                                         r  student_top_inst/bridge_inst/mmio_rdata_q_reg[23]/C
                         clock pessimism             -0.598    20.202    
                         clock uncertainty           -0.214    19.988    
    SLICE_X36Y122        FDRE (Setup_fdre_C_D)        0.033    20.021    student_top_inst/bridge_inst/mmio_rdata_q_reg[23]
  -------------------------------------------------------------------
                         required time                         20.021    
                         arrival time                         -19.258    
  -------------------------------------------------------------------
                         slack                                  0.763    

Slack (MET) :             0.768ns  (required time - arrival time)
  Source:                 twin_controller_inst/sw_reg[53]/C
                            (rising edge-triggered cell FDCE clocked by clk_out1_pll  {rise@0.000ns fall@10.000ns period=20.000ns})
  Destination:            student_top_inst/bridge_inst/mmio_rdata_q_reg[21]/D
                            (rising edge-triggered cell FDRE clocked by clk_out2_pll  {rise@0.000ns fall@2.857ns period=5.714ns})
  Path Group:             clk_out2_pll
  Path Type:              Setup (Max at Slow Process Corner)
  Requirement:            2.857ns  (clk_out2_pll rise@22.857ns - clk_out1_pll rise@20.000ns)
  Data Path Delay:        1.681ns  (logic 0.345ns (20.527%)  route 1.336ns (79.473%))
  Logic Levels:           2  (LUT4=1 LUT5=1)
  Clock Path Skew:        -0.259ns (DCD - SCD + CPR)
    Destination Clock Delay (DCD):    -2.057ns = ( 20.801 - 22.857 ) 
    Source Clock Delay      (SCD):    -2.395ns = ( 17.605 - 20.000 ) 
    Clock Pessimism Removal (CPR):    -0.598ns
  Clock Uncertainty:      0.214ns  ((TSJ^2 + DJ^2)^1/2) / 2 + PE
    Total System Jitter     (TSJ):    0.071ns
    Discrete Jitter          (DJ):    0.174ns
    Phase Error              (PE):    0.120ns

    Location             Delay type                Incr(ns)  Path(ns)    Netlist Resource(s)
  -------------------------------------------------------------------    -------------------
                         (clock clk_out1_pll rise edge)
                                                     20.000    20.000 r  
    AD12                                              0.000    20.000 r  i_sys_clk_p (IN)
                         net (fo=0)                   0.000    20.000    pll_inst/inst/clk_in1_p
    AD12                 IBUFDS (Prop_ibufds_I_O)     0.906    20.906 r  pll_inst/inst/clkin1_ibufgds/O
                         net (fo=1, routed)           1.098    22.004    pll_inst/inst/clk_in1_pll
    PLLE2_ADV_X1Y1       PLLE2_ADV (Prop_plle2_adv_CLKIN1_CLKOUT0)
                                                     -8.058    13.946 r  pll_inst/inst/plle2_adv_inst/CLKOUT0
                         net (fo=1, routed)           2.128    16.074    pll_inst/inst/clk_out1_pll
    BUFGCTRL_X0Y1        BUFG (Prop_bufg_I_O)         0.093    16.167 r  pll_inst/inst/clkout1_buf/O
                         net (fo=386, routed)         1.438    17.605    twin_controller_inst/clk_out1
    SLICE_X42Y126        FDCE                                         r  twin_controller_inst/sw_reg[53]/C
  -------------------------------------------------------------------    -------------------
    SLICE_X42Y126        FDCE (Prop_fdce_C_Q)         0.259    17.864 r  twin_controller_inst/sw_reg[53]/Q
                         net (fo=3, routed)           0.734    18.597    twin_controller_inst/sw_reg[55]_0[4]
    SLICE_X40Y123        LUT4 (Prop_lut4_I2_O)        0.043    18.640 r  twin_controller_inst/mmio_rdata_q[21]_i_2/O
                         net (fo=1, routed)           0.602    19.242    student_top_inst/bridge_inst/mmio_rdata_q_reg[21]_0
    SLICE_X38Y120        LUT5 (Prop_lut5_I1_O)        0.043    19.285 r  student_top_inst/bridge_inst/mmio_rdata_q[21]_i_1/O
                         net (fo=1, routed)           0.000    19.285    student_top_inst/bridge_inst/mmio_rdata_q[21]_i_1_n_0
    SLICE_X38Y120        FDRE                                         r  student_top_inst/bridge_inst/mmio_rdata_q_reg[21]/D
  -------------------------------------------------------------------    -------------------

                         (clock clk_out2_pll rise edge)
                                                     22.857    22.857 r  
    AD12                                              0.000    22.857 r  i_sys_clk_p (IN)
                         net (fo=0)                   0.000    22.857    pll_inst/inst/clk_in1_p
    AD12                 IBUFDS (Prop_ibufds_I_O)     0.803    23.661 r  pll_inst/inst/clkin1_ibufgds/O
                         net (fo=1, routed)           1.001    24.662    pll_inst/inst/clk_in1_pll
    PLLE2_ADV_X1Y1       PLLE2_ADV (Prop_plle2_adv_CLKIN1_CLKOUT1)
                                                     -7.261    17.401 r  pll_inst/inst/plle2_adv_inst/CLKOUT1
                         net (fo=1, routed)           2.003    19.404    pll_inst/inst/clk_out2_pll
    BUFGCTRL_X0Y0        BUFG (Prop_bufg_I_O)         0.083    19.487 r  pll_inst/inst/clkout2_buf/O
                         net (fo=6035, routed)        1.314    20.801    student_top_inst/bridge_inst/clk_out2
    SLICE_X38Y120        FDRE                                         r  student_top_inst/bridge_inst/mmio_rdata_q_reg[21]/C
                         clock pessimism             -0.598    20.203    
                         clock uncertainty           -0.214    19.989    
    SLICE_X38Y120        FDRE (Setup_fdre_C_D)        0.064    20.053    student_top_inst/bridge_inst/mmio_rdata_q_reg[21]
  -------------------------------------------------------------------
                         required time                         20.053    
                         arrival time                         -19.285    
  -------------------------------------------------------------------
                         slack                                  0.768    

Slack (MET) :             0.777ns  (required time - arrival time)
  Source:                 student_top_inst/bridge_inst/counter_inst/cnt_ms_gray_cnt_reg[2]/C
                            (rising edge-triggered cell FDRE clocked by clk_out1_pll  {rise@0.000ns fall@10.000ns period=20.000ns})
  Destination:            student_top_inst/bridge_inst/counter_inst/cnt_gray_cpu_d1_reg[2]/D
                            (rising edge-triggered cell FDRE clocked by clk_out2_pll  {rise@0.000ns fall@2.857ns period=5.714ns})
  Path Group:             clk_out2_pll
  Path Type:              Setup (Max at Slow Process Corner)
  Requirement:            2.857ns  (clk_out2_pll rise@22.857ns - clk_out1_pll rise@20.000ns)
  Data Path Delay:        1.507ns  (logic 0.204ns (13.533%)  route 1.303ns (86.467%))
  Logic Levels:           0  
  Clock Path Skew:        -0.267ns (DCD - SCD + CPR)
    Destination Clock Delay (DCD):    -2.110ns = ( 20.748 - 22.857 ) 
    Source Clock Delay      (SCD):    -2.440ns = ( 17.560 - 20.000 ) 
    Clock Pessimism Removal (CPR):    -0.598ns
  Clock Uncertainty:      0.214ns  ((TSJ^2 + DJ^2)^1/2) / 2 + PE
    Total System Jitter     (TSJ):    0.071ns
    Discrete Jitter          (DJ):    0.174ns
    Phase Error              (PE):    0.120ns

    Location             Delay type                Incr(ns)  Path(ns)    Netlist Resource(s)
  -------------------------------------------------------------------    -------------------
                         (clock clk_out1_pll rise edge)
                                                     20.000    20.000 r  
    AD12                                              0.000    20.000 r  i_sys_clk_p (IN)
                         net (fo=0)                   0.000    20.000    pll_inst/inst/clk_in1_p
    AD12                 IBUFDS (Prop_ibufds_I_O)     0.906    20.906 r  pll_inst/inst/clkin1_ibufgds/O
                         net (fo=1, routed)           1.098    22.004    pll_inst/inst/clk_in1_pll
    PLLE2_ADV_X1Y1       PLLE2_ADV (Prop_plle2_adv_CLKIN1_CLKOUT0)
                                                     -8.058    13.946 r  pll_inst/inst/plle2_adv_inst/CLKOUT0
                         net (fo=1, routed)           2.128    16.074    pll_inst/inst/clk_out1_pll
    BUFGCTRL_X0Y1        BUFG (Prop_bufg_I_O)         0.093    16.167 r  pll_inst/inst/clkout1_buf/O
                         net (fo=386, routed)         1.393    17.560    student_top_inst/bridge_inst/counter_inst/clk_out1
    SLICE_X64Y103        FDRE                                         r  student_top_inst/bridge_inst/counter_inst/cnt_ms_gray_cnt_reg[2]/C
  -------------------------------------------------------------------    -------------------
    SLICE_X64Y103        FDRE (Prop_fdre_C_Q)         0.204    17.764 r  student_top_inst/bridge_inst/counter_inst/cnt_ms_gray_cnt_reg[2]/Q
                         net (fo=1, routed)           1.303    19.067    student_top_inst/bridge_inst/counter_inst/cnt_ms_gray_cnt[2]
    SLICE_X60Y104        FDRE                                         r  student_top_inst/bridge_inst/counter_inst/cnt_gray_cpu_d1_reg[2]/D
  -------------------------------------------------------------------    -------------------

                         (clock clk_out2_pll rise edge)
                                                     22.857    22.857 r  
    AD12                                              0.000    22.857 r  i_sys_clk_p (IN)
                         net (fo=0)                   0.000    22.857    pll_inst/inst/clk_in1_p
    AD12                 IBUFDS (Prop_ibufds_I_O)     0.803    23.661 r  pll_inst/inst/clkin1_ibufgds/O
                         net (fo=1, routed)           1.001    24.662    pll_inst/inst/clk_in1_pll
    PLLE2_ADV_X1Y1       PLLE2_ADV (Prop_plle2_adv_CLKIN1_CLKOUT1)
                                                     -7.261    17.401 r  pll_inst/inst/plle2_adv_inst/CLKOUT1
                         net (fo=1, routed)           2.003    19.404    pll_inst/inst/clk_out2_pll
    BUFGCTRL_X0Y0        BUFG (Prop_bufg_I_O)         0.083    19.487 r  pll_inst/inst/clkout2_buf/O
                         net (fo=6035, routed)        1.261    20.748    student_top_inst/bridge_inst/counter_inst/clk_out2
    SLICE_X60Y104        FDRE                                         r  student_top_inst/bridge_inst/counter_inst/cnt_gray_cpu_d1_reg[2]/C
                         clock pessimism             -0.598    20.150    
                         clock uncertainty           -0.214    19.936    
    SLICE_X60Y104        FDRE (Setup_fdre_C_D)       -0.092    19.844    student_top_inst/bridge_inst/counter_inst/cnt_gray_cpu_d1_reg[2]
  -------------------------------------------------------------------
                         required time                         19.844    
                         arrival time                         -19.067    
  -------------------------------------------------------------------
                         slack                                  0.777    

Slack (MET) :             0.781ns  (required time - arrival time)
  Source:                 twin_controller_inst/sw_reg[62]/C
                            (rising edge-triggered cell FDCE clocked by clk_out1_pll  {rise@0.000ns fall@10.000ns period=20.000ns})
  Destination:            student_top_inst/bridge_inst/mmio_rdata_q_reg[30]/D
                            (rising edge-triggered cell FDRE clocked by clk_out2_pll  {rise@0.000ns fall@2.857ns period=5.714ns})
  Path Group:             clk_out2_pll
  Path Type:              Setup (Max at Slow Process Corner)
  Requirement:            2.857ns  (clk_out2_pll rise@22.857ns - clk_out1_pll rise@20.000ns)
  Data Path Delay:        1.671ns  (logic 0.309ns (18.487%)  route 1.362ns (81.513%))
  Logic Levels:           2  (LUT5=1 LUT6=1)
  Clock Path Skew:        -0.256ns (DCD - SCD + CPR)
    Destination Clock Delay (DCD):    -2.051ns = ( 20.807 - 22.857 ) 
    Source Clock Delay      (SCD):    -2.392ns = ( 17.608 - 20.000 ) 
    Clock Pessimism Removal (CPR):    -0.598ns
  Clock Uncertainty:      0.214ns  ((TSJ^2 + DJ^2)^1/2) / 2 + PE
    Total System Jitter     (TSJ):    0.071ns
    Discrete Jitter          (DJ):    0.174ns
    Phase Error              (PE):    0.120ns

    Location             Delay type                Incr(ns)  Path(ns)    Netlist Resource(s)
  -------------------------------------------------------------------    -------------------
                         (clock clk_out1_pll rise edge)
                                                     20.000    20.000 r  
    AD12                                              0.000    20.000 r  i_sys_clk_p (IN)
                         net (fo=0)                   0.000    20.000    pll_inst/inst/clk_in1_p
    AD12                 IBUFDS (Prop_ibufds_I_O)     0.906    20.906 r  pll_inst/inst/clkin1_ibufgds/O
                         net (fo=1, routed)           1.098    22.004    pll_inst/inst/clk_in1_pll
    PLLE2_ADV_X1Y1       PLLE2_ADV (Prop_plle2_adv_CLKIN1_CLKOUT0)
                                                     -8.058    13.946 r  pll_inst/inst/plle2_adv_inst/CLKOUT0
                         net (fo=1, routed)           2.128    16.074    pll_inst/inst/clk_out1_pll
    BUFGCTRL_X0Y1        BUFG (Prop_bufg_I_O)         0.093    16.167 r  pll_inst/inst/clkout1_buf/O
                         net (fo=386, routed)         1.441    17.608    twin_controller_inst/clk_out1
    SLICE_X37Y125        FDCE                                         r  twin_controller_inst/sw_reg[62]/C
  -------------------------------------------------------------------    -------------------
    SLICE_X37Y125        FDCE (Prop_fdce_C_Q)         0.223    17.831 r  twin_controller_inst/sw_reg[62]/Q
                         net (fo=3, routed)           0.875    18.706    student_top_inst/u_KLDJ_top/u_pipe_id_ex/mmio_rdata_q_reg[31]_0[4]
    SLICE_X37Y118        LUT5 (Prop_lut5_I2_O)        0.043    18.749 r  student_top_inst/u_KLDJ_top/u_pipe_id_ex/mmio_rdata_q[30]_i_2/O
                         net (fo=1, routed)           0.487    19.236    student_top_inst/bridge_inst/mmio_rdata_q_reg[30]_0
    SLICE_X38Y113        LUT6 (Prop_lut6_I0_O)        0.043    19.279 r  student_top_inst/bridge_inst/mmio_rdata_q[30]_i_1/O
                         net (fo=1, routed)           0.000    19.279    student_top_inst/bridge_inst/mmio_rdata_q[30]_i_1_n_0
    SLICE_X38Y113        FDRE                                         r  student_top_inst/bridge_inst/mmio_rdata_q_reg[30]/D
  -------------------------------------------------------------------    -------------------

                         (clock clk_out2_pll rise edge)
                                                     22.857    22.857 r  
    AD12                                              0.000    22.857 r  i_sys_clk_p (IN)
                         net (fo=0)                   0.000    22.857    pll_inst/inst/clk_in1_p
    AD12                 IBUFDS (Prop_ibufds_I_O)     0.803    23.661 r  pll_inst/inst/clkin1_ibufgds/O
                         net (fo=1, routed)           1.001    24.662    pll_inst/inst/clk_in1_pll
    PLLE2_ADV_X1Y1       PLLE2_ADV (Prop_plle2_adv_CLKIN1_CLKOUT1)
                                                     -7.261    17.401 r  pll_inst/inst/plle2_adv_inst/CLKOUT1
                         net (fo=1, routed)           2.003    19.404    pll_inst/inst/clk_out2_pll
    BUFGCTRL_X0Y0        BUFG (Prop_bufg_I_O)         0.083    19.487 r  pll_inst/inst/clkout2_buf/O
                         net (fo=6035, routed)        1.320    20.807    student_top_inst/bridge_inst/clk_out2
    SLICE_X38Y113        FDRE                                         r  student_top_inst/bridge_inst/mmio_rdata_q_reg[30]/C
                         clock pessimism             -0.598    20.209    
                         clock uncertainty           -0.214    19.995    
    SLICE_X38Y113        FDRE (Setup_fdre_C_D)        0.065    20.060    student_top_inst/bridge_inst/mmio_rdata_q_reg[30]
  -------------------------------------------------------------------
                         required time                         20.060    
                         arrival time                         -19.279    
  -------------------------------------------------------------------
                         slack                                  0.781    

Slack (MET) :             0.784ns  (required time - arrival time)
  Source:                 twin_controller_inst/key_reg[4]/C
                            (rising edge-triggered cell FDCE clocked by clk_out1_pll  {rise@0.000ns fall@10.000ns period=20.000ns})
  Destination:            student_top_inst/bridge_inst/mmio_rdata_q_reg[4]/D
                            (rising edge-triggered cell FDRE clocked by clk_out2_pll  {rise@0.000ns fall@2.857ns period=5.714ns})
  Path Group:             clk_out2_pll
  Path Type:              Setup (Max at Slow Process Corner)
  Requirement:            2.857ns  (clk_out2_pll rise@22.857ns - clk_out1_pll rise@20.000ns)
  Data Path Delay:        1.625ns  (logic 0.309ns (19.017%)  route 1.316ns (80.983%))
  Logic Levels:           2  (LUT3=1 LUT6=1)
  Clock Path Skew:        -0.269ns (DCD - SCD + CPR)
    Destination Clock Delay (DCD):    -2.056ns = ( 20.802 - 22.857 ) 
    Source Clock Delay      (SCD):    -2.384ns = ( 17.616 - 20.000 ) 
    Clock Pessimism Removal (CPR):    -0.598ns
  Clock Uncertainty:      0.214ns  ((TSJ^2 + DJ^2)^1/2) / 2 + PE
    Total System Jitter     (TSJ):    0.071ns
    Discrete Jitter          (DJ):    0.174ns
    Phase Error              (PE):    0.120ns

    Location             Delay type                Incr(ns)  Path(ns)    Netlist Resource(s)
  -------------------------------------------------------------------    -------------------
                         (clock clk_out1_pll rise edge)
                                                     20.000    20.000 r  
    AD12                                              0.000    20.000 r  i_sys_clk_p (IN)
                         net (fo=0)                   0.000    20.000    pll_inst/inst/clk_in1_p
    AD12                 IBUFDS (Prop_ibufds_I_O)     0.906    20.906 r  pll_inst/inst/clkin1_ibufgds/O
                         net (fo=1, routed)           1.098    22.004    pll_inst/inst/clk_in1_pll
    PLLE2_ADV_X1Y1       PLLE2_ADV (Prop_plle2_adv_CLKIN1_CLKOUT0)
                                                     -8.058    13.946 r  pll_inst/inst/plle2_adv_inst/CLKOUT0
                         net (fo=1, routed)           2.128    16.074    pll_inst/inst/clk_out1_pll
    BUFGCTRL_X0Y1        BUFG (Prop_bufg_I_O)         0.093    16.167 r  pll_inst/inst/clkout1_buf/O
                         net (fo=386, routed)         1.449    17.616    twin_controller_inst/clk_out1
    SLICE_X37Y131        FDCE                                         r  twin_controller_inst/key_reg[4]/C
  -------------------------------------------------------------------    -------------------
    SLICE_X37Y131        FDCE (Prop_fdce_C_Q)         0.223    17.839 r  twin_controller_inst/key_reg[4]/Q
                         net (fo=3, routed)           0.736    18.575    student_top_inst/u_KLDJ_top/u_pipe_id_ex/mmio_rdata_q_reg[7]_1[2]
    SLICE_X42Y129        LUT6 (Prop_lut6_I5_O)        0.043    18.618 r  student_top_inst/u_KLDJ_top/u_pipe_id_ex/mmio_rdata_q[4]_i_2/O
                         net (fo=1, routed)           0.580    19.197    student_top_inst/u_KLDJ_top/u_pipe_id_ex/mmio_rdata_q[4]_i_2_n_0
    SLICE_X40Y119        LUT3 (Prop_lut3_I2_O)        0.043    19.240 r  student_top_inst/u_KLDJ_top/u_pipe_id_ex/mmio_rdata_q[4]_i_1/O
                         net (fo=1, routed)           0.000    19.240    student_top_inst/bridge_inst/mmio_rdata_q_reg[29]_0[0]
    SLICE_X40Y119        FDRE                                         r  student_top_inst/bridge_inst/mmio_rdata_q_reg[4]/D
  -------------------------------------------------------------------    -------------------

                         (clock clk_out2_pll rise edge)
                                                     22.857    22.857 r  
    AD12                                              0.000    22.857 r  i_sys_clk_p (IN)
                         net (fo=0)                   0.000    22.857    pll_inst/inst/clk_in1_p
    AD12                 IBUFDS (Prop_ibufds_I_O)     0.803    23.661 r  pll_inst/inst/clkin1_ibufgds/O
                         net (fo=1, routed)           1.001    24.662    pll_inst/inst/clk_in1_pll
    PLLE2_ADV_X1Y1       PLLE2_ADV (Prop_plle2_adv_CLKIN1_CLKOUT1)
                                                     -7.261    17.401 r  pll_inst/inst/plle2_adv_inst/CLKOUT1
                         net (fo=1, routed)           2.003    19.404    pll_inst/inst/clk_out2_pll
    BUFGCTRL_X0Y0        BUFG (Prop_bufg_I_O)         0.083    19.487 r  pll_inst/inst/clkout2_buf/O
                         net (fo=6035, routed)        1.315    20.802    student_top_inst/bridge_inst/clk_out2
    SLICE_X40Y119        FDRE                                         r  student_top_inst/bridge_inst/mmio_rdata_q_reg[4]/C
                         clock pessimism             -0.598    20.204    
                         clock uncertainty           -0.214    19.990    
    SLICE_X40Y119        FDRE (Setup_fdre_C_D)        0.034    20.024    student_top_inst/bridge_inst/mmio_rdata_q_reg[4]
  -------------------------------------------------------------------
                         required time                         20.024    
                         arrival time                         -19.240    
  -------------------------------------------------------------------
                         slack                                  0.784    

Slack (MET) :             0.785ns  (required time - arrival time)
  Source:                 twin_controller_inst/sw_reg[31]/C
                            (rising edge-triggered cell FDCE clocked by clk_out1_pll  {rise@0.000ns fall@10.000ns period=20.000ns})
  Destination:            student_top_inst/bridge_inst/mmio_rdata_q_reg[31]/D
                            (rising edge-triggered cell FDRE clocked by clk_out2_pll  {rise@0.000ns fall@2.857ns period=5.714ns})
  Path Group:             clk_out2_pll
  Path Type:              Setup (Max at Slow Process Corner)
  Requirement:            2.857ns  (clk_out2_pll rise@22.857ns - clk_out1_pll rise@20.000ns)
  Data Path Delay:        1.657ns  (logic 0.309ns (18.643%)  route 1.348ns (81.357%))
  Logic Levels:           2  (LUT4=1 LUT5=1)
  Clock Path Skew:        -0.267ns (DCD - SCD + CPR)
    Destination Clock Delay (DCD):    -2.056ns = ( 20.802 - 22.857 ) 
    Source Clock Delay      (SCD):    -2.386ns = ( 17.614 - 20.000 ) 
    Clock Pessimism Removal (CPR):    -0.598ns
  Clock Uncertainty:      0.214ns  ((TSJ^2 + DJ^2)^1/2) / 2 + PE
    Total System Jitter     (TSJ):    0.071ns
    Discrete Jitter          (DJ):    0.174ns
    Phase Error              (PE):    0.120ns

    Location             Delay type                Incr(ns)  Path(ns)    Netlist Resource(s)
  -------------------------------------------------------------------    -------------------
                         (clock clk_out1_pll rise edge)
                                                     20.000    20.000 r  
    AD12                                              0.000    20.000 r  i_sys_clk_p (IN)
                         net (fo=0)                   0.000    20.000    pll_inst/inst/clk_in1_p
    AD12                 IBUFDS (Prop_ibufds_I_O)     0.906    20.906 r  pll_inst/inst/clkin1_ibufgds/O
                         net (fo=1, routed)           1.098    22.004    pll_inst/inst/clk_in1_pll
    PLLE2_ADV_X1Y1       PLLE2_ADV (Prop_plle2_adv_CLKIN1_CLKOUT0)
                                                     -8.058    13.946 r  pll_inst/inst/plle2_adv_inst/CLKOUT0
                         net (fo=1, routed)           2.128    16.074    pll_inst/inst/clk_out1_pll
    BUFGCTRL_X0Y1        BUFG (Prop_bufg_I_O)         0.093    16.167 r  pll_inst/inst/clkout1_buf/O
                         net (fo=386, routed)         1.447    17.614    twin_controller_inst/clk_out1
    SLICE_X36Y120        FDCE                                         r  twin_controller_inst/sw_reg[31]/C
  -------------------------------------------------------------------    -------------------
    SLICE_X36Y120        FDCE (Prop_fdce_C_Q)         0.223    17.837 r  twin_controller_inst/sw_reg[31]/Q
                         net (fo=3, routed)           0.724    18.561    student_top_inst/u_KLDJ_top/u_pipe_id_ex/mmio_rdata_q_reg[31][4]
    SLICE_X38Y121        LUT4 (Prop_lut4_I1_O)        0.043    18.604 f  student_top_inst/u_KLDJ_top/u_pipe_id_ex/mmio_rdata_q[31]_i_2/O
                         net (fo=1, routed)           0.624    19.228    student_top_inst/bridge_inst/mmio_rdata_q_reg[31]_0
    SLICE_X38Y118        LUT5 (Prop_lut5_I0_O)        0.043    19.271 r  student_top_inst/bridge_inst/mmio_rdata_q[31]_i_1/O
                         net (fo=1, routed)           0.000    19.271    student_top_inst/bridge_inst/mmio_rdata_q[31]_i_1_n_0
    SLICE_X38Y118        FDRE                                         r  student_top_inst/bridge_inst/mmio_rdata_q_reg[31]/D
  -------------------------------------------------------------------    -------------------

                         (clock clk_out2_pll rise edge)
                                                     22.857    22.857 r  
    AD12                                              0.000    22.857 r  i_sys_clk_p (IN)
                         net (fo=0)                   0.000    22.857    pll_inst/inst/clk_in1_p
    AD12                 IBUFDS (Prop_ibufds_I_O)     0.803    23.661 r  pll_inst/inst/clkin1_ibufgds/O
                         net (fo=1, routed)           1.001    24.662    pll_inst/inst/clk_in1_pll
    PLLE2_ADV_X1Y1       PLLE2_ADV (Prop_plle2_adv_CLKIN1_CLKOUT1)
                                                     -7.261    17.401 r  pll_inst/inst/plle2_adv_inst/CLKOUT1
                         net (fo=1, routed)           2.003    19.404    pll_inst/inst/clk_out2_pll
    BUFGCTRL_X0Y0        BUFG (Prop_bufg_I_O)         0.083    19.487 r  pll_inst/inst/clkout2_buf/O
                         net (fo=6035, routed)        1.315    20.802    student_top_inst/bridge_inst/clk_out2
    SLICE_X38Y118        FDRE                                         r  student_top_inst/bridge_inst/mmio_rdata_q_reg[31]/C
                         clock pessimism             -0.598    20.204    
                         clock uncertainty           -0.214    19.990    
    SLICE_X38Y118        FDRE (Setup_fdre_C_D)        0.066    20.056    student_top_inst/bridge_inst/mmio_rdata_q_reg[31]
  -------------------------------------------------------------------
                         required time                         20.056    
                         arrival time                         -19.271    
  -------------------------------------------------------------------
                         slack                                  0.785    

Slack (MET) :             0.805ns  (required time - arrival time)
  Source:                 twin_controller_inst/sw_reg[60]/C
                            (rising edge-triggered cell FDCE clocked by clk_out1_pll  {rise@0.000ns fall@10.000ns period=20.000ns})
  Destination:            student_top_inst/bridge_inst/mmio_rdata_q_reg[28]/D
                            (rising edge-triggered cell FDRE clocked by clk_out2_pll  {rise@0.000ns fall@2.857ns period=5.714ns})
  Path Group:             clk_out2_pll
  Path Type:              Setup (Max at Slow Process Corner)
  Requirement:            2.857ns  (clk_out2_pll rise@22.857ns - clk_out1_pll rise@20.000ns)
  Data Path Delay:        1.640ns  (logic 0.309ns (18.847%)  route 1.331ns (81.153%))
  Logic Levels:           2  (LUT4=1 LUT5=1)
  Clock Path Skew:        -0.265ns (DCD - SCD + CPR)
    Destination Clock Delay (DCD):    -2.056ns = ( 20.802 - 22.857 ) 
    Source Clock Delay      (SCD):    -2.388ns = ( 17.612 - 20.000 ) 
    Clock Pessimism Removal (CPR):    -0.598ns
  Clock Uncertainty:      0.214ns  ((TSJ^2 + DJ^2)^1/2) / 2 + PE
    Total System Jitter     (TSJ):    0.071ns
    Discrete Jitter          (DJ):    0.174ns
    Phase Error              (PE):    0.120ns

    Location             Delay type                Incr(ns)  Path(ns)    Netlist Resource(s)
  -------------------------------------------------------------------    -------------------
                         (clock clk_out1_pll rise edge)
                                                     20.000    20.000 r  
    AD12                                              0.000    20.000 r  i_sys_clk_p (IN)
                         net (fo=0)                   0.000    20.000    pll_inst/inst/clk_in1_p
    AD12                 IBUFDS (Prop_ibufds_I_O)     0.906    20.906 r  pll_inst/inst/clkin1_ibufgds/O
                         net (fo=1, routed)           1.098    22.004    pll_inst/inst/clk_in1_pll
    PLLE2_ADV_X1Y1       PLLE2_ADV (Prop_plle2_adv_CLKIN1_CLKOUT0)
                                                     -8.058    13.946 r  pll_inst/inst/plle2_adv_inst/CLKOUT0
                         net (fo=1, routed)           2.128    16.074    pll_inst/inst/clk_out1_pll
    BUFGCTRL_X0Y1        BUFG (Prop_bufg_I_O)         0.093    16.167 r  pll_inst/inst/clkout1_buf/O
                         net (fo=386, routed)         1.445    17.612    twin_controller_inst/clk_out1
    SLICE_X41Y129        FDCE                                         r  twin_controller_inst/sw_reg[60]/C
  -------------------------------------------------------------------    -------------------
    SLICE_X41Y129        FDCE (Prop_fdce_C_Q)         0.223    17.835 r  twin_controller_inst/sw_reg[60]/Q
                         net (fo=3, routed)           0.629    18.463    twin_controller_inst/sw_reg[63]_0[3]
    SLICE_X40Y129        LUT4 (Prop_lut4_I2_O)        0.043    18.506 r  twin_controller_inst/mmio_rdata_q[28]_i_2/O
                         net (fo=1, routed)           0.702    19.208    student_top_inst/bridge_inst/mmio_rdata_q_reg[28]_0
    SLICE_X38Y118        LUT5 (Prop_lut5_I1_O)        0.043    19.251 r  student_top_inst/bridge_inst/mmio_rdata_q[28]_i_1/O
                         net (fo=1, routed)           0.000    19.251    student_top_inst/bridge_inst/mmio_rdata_q[28]_i_1_n_0
    SLICE_X38Y118        FDRE                                         r  student_top_inst/bridge_inst/mmio_rdata_q_reg[28]/D
  -------------------------------------------------------------------    -------------------

                         (clock clk_out2_pll rise edge)
                                                     22.857    22.857 r  
    AD12                                              0.000    22.857 r  i_sys_clk_p (IN)
                         net (fo=0)                   0.000    22.857    pll_inst/inst/clk_in1_p
    AD12                 IBUFDS (Prop_ibufds_I_O)     0.803    23.661 r  pll_inst/inst/clkin1_ibufgds/O
                         net (fo=1, routed)           1.001    24.662    pll_inst/inst/clk_in1_pll
    PLLE2_ADV_X1Y1       PLLE2_ADV (Prop_plle2_adv_CLKIN1_CLKOUT1)
                                                     -7.261    17.401 r  pll_inst/inst/plle2_adv_inst/CLKOUT1
                         net (fo=1, routed)           2.003    19.404    pll_inst/inst/clk_out2_pll
    BUFGCTRL_X0Y0        BUFG (Prop_bufg_I_O)         0.083    19.487 r  pll_inst/inst/clkout2_buf/O
                         net (fo=6035, routed)        1.315    20.802    student_top_inst/bridge_inst/clk_out2
    SLICE_X38Y118        FDRE                                         r  student_top_inst/bridge_inst/mmio_rdata_q_reg[28]/C
                         clock pessimism             -0.598    20.204    
                         clock uncertainty           -0.214    19.990    
    SLICE_X38Y118        FDRE (Setup_fdre_C_D)        0.066    20.056    student_top_inst/bridge_inst/mmio_rdata_q_reg[28]
  -------------------------------------------------------------------
                         required time                         20.056    
                         arrival time                         -19.251    
  -------------------------------------------------------------------
                         slack                                  0.805    

Slack (MET) :             0.832ns  (required time - arrival time)
  Source:                 twin_controller_inst/key_reg[6]/C
                            (rising edge-triggered cell FDCE clocked by clk_out1_pll  {rise@0.000ns fall@10.000ns period=20.000ns})
  Destination:            student_top_inst/bridge_inst/mmio_rdata_q_reg[6]/D
                            (rising edge-triggered cell FDRE clocked by clk_out2_pll  {rise@0.000ns fall@2.857ns period=5.714ns})
  Path Group:             clk_out2_pll
  Path Type:              Setup (Max at Slow Process Corner)
  Requirement:            2.857ns  (clk_out2_pll rise@22.857ns - clk_out1_pll rise@20.000ns)
  Data Path Delay:        1.611ns  (logic 0.309ns (19.186%)  route 1.302ns (80.814%))
  Logic Levels:           2  (LUT6=2)
  Clock Path Skew:        -0.266ns (DCD - SCD + CPR)
    Destination Clock Delay (DCD):    -2.057ns = ( 20.801 - 22.857 ) 
    Source Clock Delay      (SCD):    -2.388ns = ( 17.612 - 20.000 ) 
    Clock Pessimism Removal (CPR):    -0.598ns
  Clock Uncertainty:      0.214ns  ((TSJ^2 + DJ^2)^1/2) / 2 + PE
    Total System Jitter     (TSJ):    0.071ns
    Discrete Jitter          (DJ):    0.174ns
    Phase Error              (PE):    0.120ns

    Location             Delay type                Incr(ns)  Path(ns)    Netlist Resource(s)
  -------------------------------------------------------------------    -------------------
                         (clock clk_out1_pll rise edge)
                                                     20.000    20.000 r  
    AD12                                              0.000    20.000 r  i_sys_clk_p (IN)
                         net (fo=0)                   0.000    20.000    pll_inst/inst/clk_in1_p
    AD12                 IBUFDS (Prop_ibufds_I_O)     0.906    20.906 r  pll_inst/inst/clkin1_ibufgds/O
                         net (fo=1, routed)           1.098    22.004    pll_inst/inst/clk_in1_pll
    PLLE2_ADV_X1Y1       PLLE2_ADV (Prop_plle2_adv_CLKIN1_CLKOUT0)
                                                     -8.058    13.946 r  pll_inst/inst/plle2_adv_inst/CLKOUT0
                         net (fo=1, routed)           2.128    16.074    pll_inst/inst/clk_out1_pll
    BUFGCTRL_X0Y1        BUFG (Prop_bufg_I_O)         0.093    16.167 r  pll_inst/inst/clkout1_buf/O
                         net (fo=386, routed)         1.445    17.612    twin_controller_inst/clk_out1
    SLICE_X37Y128        FDCE                                         r  twin_controller_inst/key_reg[6]/C
  -------------------------------------------------------------------    -------------------
    SLICE_X37Y128        FDCE (Prop_fdce_C_Q)         0.223    17.835 r  twin_controller_inst/key_reg[6]/Q
                         net (fo=3, routed)           0.777    18.611    student_top_inst/u_KLDJ_top/u_pipe_id_ex/mmio_rdata_q_reg[7]_1[4]
    SLICE_X37Y120        LUT6 (Prop_lut6_I5_O)        0.043    18.654 f  student_top_inst/u_KLDJ_top/u_pipe_id_ex/mmio_rdata_q[6]_i_2/O
                         net (fo=1, routed)           0.525    19.179    student_top_inst/bridge_inst/mmio_rdata_q_reg[6]_0
    SLICE_X38Y120        LUT6 (Prop_lut6_I3_O)        0.043    19.222 r  student_top_inst/bridge_inst/mmio_rdata_q[6]_i_1/O
                         net (fo=1, routed)           0.000    19.222    student_top_inst/bridge_inst/mmio_rdata_q[6]_i_1_n_0
    SLICE_X38Y120        FDRE                                         r  student_top_inst/bridge_inst/mmio_rdata_q_reg[6]/D
  -------------------------------------------------------------------    -------------------

                         (clock clk_out2_pll rise edge)
                                                     22.857    22.857 r  
    AD12                                              0.000    22.857 r  i_sys_clk_p (IN)
                         net (fo=0)                   0.000    22.857    pll_inst/inst/clk_in1_p
    AD12                 IBUFDS (Prop_ibufds_I_O)     0.803    23.661 r  pll_inst/inst/clkin1_ibufgds/O
                         net (fo=1, routed)           1.001    24.662    pll_inst/inst/clk_in1_pll
    PLLE2_ADV_X1Y1       PLLE2_ADV (Prop_plle2_adv_CLKIN1_CLKOUT1)
                                                     -7.261    17.401 r  pll_inst/inst/plle2_adv_inst/CLKOUT1
                         net (fo=1, routed)           2.003    19.404    pll_inst/inst/clk_out2_pll
    BUFGCTRL_X0Y0        BUFG (Prop_bufg_I_O)         0.083    19.487 r  pll_inst/inst/clkout2_buf/O
                         net (fo=6035, routed)        1.314    20.801    student_top_inst/bridge_inst/clk_out2
    SLICE_X38Y120        FDRE                                         r  student_top_inst/bridge_inst/mmio_rdata_q_reg[6]/C
                         clock pessimism             -0.598    20.203    
                         clock uncertainty           -0.214    19.989    
    SLICE_X38Y120        FDRE (Setup_fdre_C_D)        0.065    20.054    student_top_inst/bridge_inst/mmio_rdata_q_reg[6]
  -------------------------------------------------------------------
                         required time                         20.054    
                         arrival time                         -19.222    
  -------------------------------------------------------------------
                         slack                                  0.832    

Slack (MET) :             0.833ns  (required time - arrival time)
  Source:                 twin_controller_inst/sw_reg[0]/C
                            (rising edge-triggered cell FDCE clocked by clk_out1_pll  {rise@0.000ns fall@10.000ns period=20.000ns})
  Destination:            student_top_inst/bridge_inst/mmio_rdata_q_reg[0]/D
                            (rising edge-triggered cell FDRE clocked by clk_out2_pll  {rise@0.000ns fall@2.857ns period=5.714ns})
  Path Group:             clk_out2_pll
  Path Type:              Setup (Max at Slow Process Corner)
  Requirement:            2.857ns  (clk_out2_pll rise@22.857ns - clk_out1_pll rise@20.000ns)
  Data Path Delay:        1.605ns  (logic 0.309ns (19.254%)  route 1.296ns (80.746%))
  Logic Levels:           2  (LUT5=2)
  Clock Path Skew:        -0.269ns (DCD - SCD + CPR)
    Destination Clock Delay (DCD):    -2.060ns = ( 20.798 - 22.857 ) 
    Source Clock Delay      (SCD):    -2.388ns = ( 17.612 - 20.000 ) 
    Clock Pessimism Removal (CPR):    -0.598ns
  Clock Uncertainty:      0.214ns  ((TSJ^2 + DJ^2)^1/2) / 2 + PE
    Total System Jitter     (TSJ):    0.071ns
    Discrete Jitter          (DJ):    0.174ns
    Phase Error              (PE):    0.120ns

    Location             Delay type                Incr(ns)  Path(ns)    Netlist Resource(s)
  -------------------------------------------------------------------    -------------------
                         (clock clk_out1_pll rise edge)
                                                     20.000    20.000 r  
    AD12                                              0.000    20.000 r  i_sys_clk_p (IN)
                         net (fo=0)                   0.000    20.000    pll_inst/inst/clk_in1_p
    AD12                 IBUFDS (Prop_ibufds_I_O)     0.906    20.906 r  pll_inst/inst/clkin1_ibufgds/O
                         net (fo=1, routed)           1.098    22.004    pll_inst/inst/clk_in1_pll
    PLLE2_ADV_X1Y1       PLLE2_ADV (Prop_plle2_adv_CLKIN1_CLKOUT0)
                                                     -8.058    13.946 r  pll_inst/inst/plle2_adv_inst/CLKOUT0
                         net (fo=1, routed)           2.128    16.074    pll_inst/inst/clk_out1_pll
    BUFGCTRL_X0Y1        BUFG (Prop_bufg_I_O)         0.093    16.167 r  pll_inst/inst/clkout1_buf/O
                         net (fo=386, routed)         1.445    17.612    twin_controller_inst/clk_out1
    SLICE_X37Y128        FDCE                                         r  twin_controller_inst/sw_reg[0]/C
  -------------------------------------------------------------------    -------------------
    SLICE_X37Y128        FDCE (Prop_fdce_C_Q)         0.223    17.835 r  twin_controller_inst/sw_reg[0]/Q
                         net (fo=3, routed)           0.686    18.521    twin_controller_inst/sw_reg_n_0_[0]
    SLICE_X38Y127        LUT5 (Prop_lut5_I0_O)        0.043    18.564 r  twin_controller_inst/mmio_rdata_q[0]_i_2/O
                         net (fo=1, routed)           0.610    19.174    student_top_inst/bridge_inst/mmio_rdata_q_reg[0]_1
    SLICE_X38Y122        LUT5 (Prop_lut5_I1_O)        0.043    19.217 r  student_top_inst/bridge_inst/mmio_rdata_q[0]_i_1/O
                         net (fo=1, routed)           0.000    19.217    student_top_inst/bridge_inst/mmio_rdata_q[0]_i_1_n_0
    SLICE_X38Y122        FDRE                                         r  student_top_inst/bridge_inst/mmio_rdata_q_reg[0]/D
  -------------------------------------------------------------------    -------------------

                         (clock clk_out2_pll rise edge)
                                                     22.857    22.857 r  
    AD12                                              0.000    22.857 r  i_sys_clk_p (IN)
                         net (fo=0)                   0.000    22.857    pll_inst/inst/clk_in1_p
    AD12                 IBUFDS (Prop_ibufds_I_O)     0.803    23.661 r  pll_inst/inst/clkin1_ibufgds/O
                         net (fo=1, routed)           1.001    24.662    pll_inst/inst/clk_in1_pll
    PLLE2_ADV_X1Y1       PLLE2_ADV (Prop_plle2_adv_CLKIN1_CLKOUT1)
                                                     -7.261    17.401 r  pll_inst/inst/plle2_adv_inst/CLKOUT1
                         net (fo=1, routed)           2.003    19.404    pll_inst/inst/clk_out2_pll
    BUFGCTRL_X0Y0        BUFG (Prop_bufg_I_O)         0.083    19.487 r  pll_inst/inst/clkout2_buf/O
                         net (fo=6035, routed)        1.311    20.798    student_top_inst/bridge_inst/clk_out2
    SLICE_X38Y122        FDRE                                         r  student_top_inst/bridge_inst/mmio_rdata_q_reg[0]/C
                         clock pessimism             -0.598    20.200    
                         clock uncertainty           -0.214    19.986    
    SLICE_X38Y122        FDRE (Setup_fdre_C_D)        0.064    20.050    student_top_inst/bridge_inst/mmio_rdata_q_reg[0]
  -------------------------------------------------------------------
                         required time                         20.050    
                         arrival time                         -19.217    
  -------------------------------------------------------------------
                         slack                                  0.833    





--------------------------------------------------------------------------------------
Path Group:  (none)
From Clock:  clk_out1_pll
  To Clock:  

Max Delay             1 Endpoint
Min Delay             0 Endpoints
--------------------------------------------------------------------------------------


Max Delay Paths
--------------------------------------------------------------------------------------
Slack:                    inf
  Source:                 uart_inst/tx_reg/C
                            (rising edge-triggered cell FDPE clocked by clk_out1_pll  {rise@0.000ns fall@10.000ns period=20.000ns})
  Destination:            o_uart_tx
                            (output port)
  Path Group:             (none)
  Path Type:              Max at Slow Process Corner
  Data Path Delay:        7.491ns  (logic 3.539ns (47.242%)  route 3.952ns (52.758%))
  Logic Levels:           1  (OBUF=1)
  Clock Uncertainty:      0.255ns  ((TSJ^2 + DJ^2)^1/2) / 2 + PE
    Total System Jitter     (TSJ):    0.050ns
    Discrete Jitter          (DJ):    0.174ns
    Phase Error              (PE):    0.164ns

    Location             Delay type                Incr(ns)  Path(ns)    Netlist Resource(s)
  -------------------------------------------------------------------    -------------------
                         (clock clk_out1_pll rise edge)
                                                      0.000     0.000 r  
    AD12                                              0.000     0.000 r  i_sys_clk_p (IN)
                         net (fo=0)                   0.000     0.000    pll_inst/inst/clk_in1_p
    AD12                 IBUFDS (Prop_ibufds_I_O)     0.906     0.906 r  pll_inst/inst/clkin1_ibufgds/O
                         net (fo=1, routed)           1.098     2.004    pll_inst/inst/clk_in1_pll
    PLLE2_ADV_X1Y1       PLLE2_ADV (Prop_plle2_adv_CLKIN1_CLKOUT0)
                                                     -8.058    -6.054 r  pll_inst/inst/plle2_adv_inst/CLKOUT0
                         net (fo=1, routed)           2.128    -3.926    pll_inst/inst/clk_out1_pll
    BUFGCTRL_X0Y1        BUFG (Prop_bufg_I_O)         0.093    -3.833 r  pll_inst/inst/clkout1_buf/O
                         net (fo=386, routed)         1.457    -2.376    uart_inst/clk_out1
    SLICE_X39Y143        FDPE                                         r  uart_inst/tx_reg/C
  -------------------------------------------------------------------    -------------------
    SLICE_X39Y143        FDPE (Prop_fdpe_C_Q)         0.223    -2.153 r  uart_inst/tx_reg/Q
                         net (fo=1, routed)           3.952     1.799    o_uart_tx_OBUF
    D17                  OBUF (Prop_obuf_I_O)         3.316     5.115 r  o_uart_tx_OBUF_inst/O
                         net (fo=0)                   0.000     5.115    o_uart_tx
    D17                                                               r  o_uart_tx (OUT)
  -------------------------------------------------------------------    -------------------





--------------------------------------------------------------------------------------
Path Group:  (none)
From Clock:  clk_out2_pll
  To Clock:  

Max Delay            68 Endpoints
Min Delay             0 Endpoints
--------------------------------------------------------------------------------------


Max Delay Paths
--------------------------------------------------------------------------------------
Slack:                    inf
  Source:                 student_top_inst/bridge_inst/seg_driver/count_reg[4]/C
                            (rising edge-triggered cell FDCE clocked by clk_out2_pll  {rise@0.000ns fall@2.857ns period=5.714ns})
  Destination:            virtual_seg[13]
                            (output port)
  Path Group:             (none)
  Path Type:              Max at Slow Process Corner
  Data Path Delay:        11.270ns  (logic 2.882ns (25.570%)  route 8.388ns (74.430%))
  Logic Levels:           3  (LUT3=1 LUT6=1 OBUF=1)
  Clock Uncertainty:      0.237ns  ((TSJ^2 + DJ^2)^1/2) / 2 + PE
    Total System Jitter     (TSJ):    0.050ns
    Discrete Jitter          (DJ):    0.137ns
    Phase Error              (PE):    0.164ns

    Location             Delay type                Incr(ns)  Path(ns)    Netlist Resource(s)
  -------------------------------------------------------------------    -------------------
                         (clock clk_out2_pll rise edge)
                                                      0.000     0.000 r  
    AD12                                              0.000     0.000 r  i_sys_clk_p (IN)
                         net (fo=0)                   0.000     0.000    pll_inst/inst/clk_in1_p
    AD12                 IBUFDS (Prop_ibufds_I_O)     0.906     0.906 r  pll_inst/inst/clkin1_ibufgds/O
                         net (fo=1, routed)           1.098     2.004    pll_inst/inst/clk_in1_pll
    PLLE2_ADV_X1Y1       PLLE2_ADV (Prop_plle2_adv_CLKIN1_CLKOUT1)
                                                     -8.058    -6.054 r  pll_inst/inst/plle2_adv_inst/CLKOUT1
                         net (fo=1, routed)           2.128    -3.926    pll_inst/inst/clk_out2_pll
    BUFGCTRL_X0Y0        BUFG (Prop_bufg_I_O)         0.093    -3.833 r  pll_inst/inst/clkout2_buf/O
                         net (fo=6035, routed)        1.453    -2.380    student_top_inst/bridge_inst/seg_driver/clk_out2
    SLICE_X36Y114        FDCE                                         r  student_top_inst/bridge_inst/seg_driver/count_reg[4]/C
  -------------------------------------------------------------------    -------------------
    SLICE_X36Y114        FDCE (Prop_fdce_C_Q)         0.204    -2.176 r  student_top_inst/bridge_inst/seg_driver/count_reg[4]/Q
                         net (fo=49, routed)          0.658    -1.519    student_top_inst/bridge_inst/seg_driver/Q[0]
    SLICE_X37Y120        LUT3 (Prop_lut3_I1_O)        0.133    -1.386 r  student_top_inst/bridge_inst/seg_driver/virtual_seg_OBUF[16]_inst_i_3/O
                         net (fo=7, routed)           0.553    -0.833    student_top_inst/bridge_inst/seg_driver/virtual_seg_OBUF[16]_inst_i_3_n_0
    SLICE_X36Y129        LUT6 (Prop_lut6_I1_O)        0.136    -0.697 r  student_top_inst/bridge_inst/seg_driver/virtual_seg_OBUF[13]_inst_i_1/O
                         net (fo=2, routed)           7.178     6.481    virtual_seg_OBUF[13]
    L11                  OBUF (Prop_obuf_I_O)         2.409     8.890 r  virtual_seg_OBUF[13]_inst/O
                         net (fo=0)                   0.000     8.890    virtual_seg[13]
    L11                                                               r  virtual_seg[13] (OUT)
  -------------------------------------------------------------------    -------------------

Slack:                    inf
  Source:                 student_top_inst/bridge_inst/seg_driver/count_reg[4]/C
                            (rising edge-triggered cell FDCE clocked by clk_out2_pll  {rise@0.000ns fall@2.857ns period=5.714ns})
  Destination:            virtual_seg[14]
                            (output port)
  Path Group:             (none)
  Path Type:              Max at Slow Process Corner
  Data Path Delay:        10.673ns  (logic 2.879ns (26.978%)  route 7.794ns (73.022%))
  Logic Levels:           3  (LUT3=1 LUT6=1 OBUF=1)
  Clock Uncertainty:      0.237ns  ((TSJ^2 + DJ^2)^1/2) / 2 + PE
    Total System Jitter     (TSJ):    0.050ns
    Discrete Jitter          (DJ):    0.137ns
    Phase Error              (PE):    0.164ns

    Location             Delay type                Incr(ns)  Path(ns)    Netlist Resource(s)
  -------------------------------------------------------------------    -------------------
                         (clock clk_out2_pll rise edge)
                                                      0.000     0.000 r  
    AD12                                              0.000     0.000 r  i_sys_clk_p (IN)
                         net (fo=0)                   0.000     0.000    pll_inst/inst/clk_in1_p
    AD12                 IBUFDS (Prop_ibufds_I_O)     0.906     0.906 r  pll_inst/inst/clkin1_ibufgds/O
                         net (fo=1, routed)           1.098     2.004    pll_inst/inst/clk_in1_pll
    PLLE2_ADV_X1Y1       PLLE2_ADV (Prop_plle2_adv_CLKIN1_CLKOUT1)
                                                     -8.058    -6.054 r  pll_inst/inst/plle2_adv_inst/CLKOUT1
                         net (fo=1, routed)           2.128    -3.926    pll_inst/inst/clk_out2_pll
    BUFGCTRL_X0Y0        BUFG (Prop_bufg_I_O)         0.093    -3.833 r  pll_inst/inst/clkout2_buf/O
                         net (fo=6035, routed)        1.453    -2.380    student_top_inst/bridge_inst/seg_driver/clk_out2
    SLICE_X36Y114        FDCE                                         r  student_top_inst/bridge_inst/seg_driver/count_reg[4]/C
  -------------------------------------------------------------------    -------------------
    SLICE_X36Y114        FDCE (Prop_fdce_C_Q)         0.204    -2.176 r  student_top_inst/bridge_inst/seg_driver/count_reg[4]/Q
                         net (fo=49, routed)          0.658    -1.519    student_top_inst/bridge_inst/seg_driver/Q[0]
    SLICE_X37Y120        LUT3 (Prop_lut3_I1_O)        0.133    -1.386 r  student_top_inst/bridge_inst/seg_driver/virtual_seg_OBUF[16]_inst_i_3/O
                         net (fo=7, routed)           0.591    -0.795    student_top_inst/bridge_inst/seg_driver/virtual_seg_OBUF[16]_inst_i_3_n_0
    SLICE_X36Y129        LUT6 (Prop_lut6_I3_O)        0.136    -0.659 r  student_top_inst/bridge_inst/seg_driver/virtual_seg_OBUF[14]_inst_i_1/O
                         net (fo=2, routed)           6.545     5.886    virtual_seg_OBUF[14]
    J11                  OBUF (Prop_obuf_I_O)         2.406     8.292 r  virtual_seg_OBUF[14]_inst/O
                         net (fo=0)                   0.000     8.292    virtual_seg[14]
    J11                                                               r  virtual_seg[14] (OUT)
  -------------------------------------------------------------------    -------------------

Slack:                    inf
  Source:                 student_top_inst/bridge_inst/seg_wdata_reg[0]/C
                            (rising edge-triggered cell FDRE clocked by clk_out2_pll  {rise@0.000ns fall@2.857ns period=5.714ns})
  Destination:            virtual_seg[6]
                            (output port)
  Path Group:             (none)
  Path Type:              Max at Slow Process Corner
  Data Path Delay:        10.563ns  (logic 2.657ns (25.150%)  route 7.906ns (74.850%))
  Logic Levels:           2  (LUT6=1 OBUF=1)
  Clock Uncertainty:      0.237ns  ((TSJ^2 + DJ^2)^1/2) / 2 + PE
    Total System Jitter     (TSJ):    0.050ns
    Discrete Jitter          (DJ):    0.137ns
    Phase Error              (PE):    0.164ns

    Location             Delay type                Incr(ns)  Path(ns)    Netlist Resource(s)
  -------------------------------------------------------------------    -------------------
                         (clock clk_out2_pll rise edge)
                                                      0.000     0.000 r  
    AD12                                              0.000     0.000 r  i_sys_clk_p (IN)
                         net (fo=0)                   0.000     0.000    pll_inst/inst/clk_in1_p
    AD12                 IBUFDS (Prop_ibufds_I_O)     0.906     0.906 r  pll_inst/inst/clkin1_ibufgds/O
                         net (fo=1, routed)           1.098     2.004    pll_inst/inst/clk_in1_pll
    PLLE2_ADV_X1Y1       PLLE2_ADV (Prop_plle2_adv_CLKIN1_CLKOUT1)
                                                     -8.058    -6.054 r  pll_inst/inst/plle2_adv_inst/CLKOUT1
                         net (fo=1, routed)           2.128    -3.926    pll_inst/inst/clk_out2_pll
    BUFGCTRL_X0Y0        BUFG (Prop_bufg_I_O)         0.093    -3.833 r  pll_inst/inst/clkout2_buf/O
                         net (fo=6035, routed)        1.449    -2.384    student_top_inst/bridge_inst/clk_out2
    SLICE_X37Y118        FDRE                                         r  student_top_inst/bridge_inst/seg_wdata_reg[0]/C
  -------------------------------------------------------------------    -------------------
    SLICE_X37Y118        FDRE (Prop_fdre_C_Q)         0.223    -2.161 r  student_top_inst/bridge_inst/seg_wdata_reg[0]/Q
                         net (fo=6, routed)           1.542    -0.620    student_top_inst/bridge_inst/seg_driver/status_buffer_reg[4][4][0]
    SLICE_X36Y126        LUT6 (Prop_lut6_I4_O)        0.043    -0.577 r  student_top_inst/bridge_inst/seg_driver/virtual_seg_OBUF[6]_inst_i_1/O
                         net (fo=2, routed)           6.365     5.788    virtual_seg_OBUF[6]
    L12                  OBUF (Prop_obuf_I_O)         2.391     8.179 r  virtual_seg_OBUF[6]_inst/O
                         net (fo=0)                   0.000     8.179    virtual_seg[6]
    L12                                                               r  virtual_seg[6] (OUT)
  -------------------------------------------------------------------    -------------------

Slack:                    inf
  Source:                 student_top_inst/bridge_inst/seg_driver/count_reg[4]/C
                            (rising edge-triggered cell FDCE clocked by clk_out2_pll  {rise@0.000ns fall@2.857ns period=5.714ns})
  Destination:            virtual_seg[15]
                            (output port)
  Path Group:             (none)
  Path Type:              Max at Slow Process Corner
  Data Path Delay:        10.539ns  (logic 2.871ns (27.241%)  route 7.668ns (72.759%))
  Logic Levels:           3  (LUT3=1 LUT6=1 OBUF=1)
  Clock Uncertainty:      0.237ns  ((TSJ^2 + DJ^2)^1/2) / 2 + PE
    Total System Jitter     (TSJ):    0.050ns
    Discrete Jitter          (DJ):    0.137ns
    Phase Error              (PE):    0.164ns

    Location             Delay type                Incr(ns)  Path(ns)    Netlist Resource(s)
  -------------------------------------------------------------------    -------------------
                         (clock clk_out2_pll rise edge)
                                                      0.000     0.000 r  
    AD12                                              0.000     0.000 r  i_sys_clk_p (IN)
                         net (fo=0)                   0.000     0.000    pll_inst/inst/clk_in1_p
    AD12                 IBUFDS (Prop_ibufds_I_O)     0.906     0.906 r  pll_inst/inst/clkin1_ibufgds/O
                         net (fo=1, routed)           1.098     2.004    pll_inst/inst/clk_in1_pll
    PLLE2_ADV_X1Y1       PLLE2_ADV (Prop_plle2_adv_CLKIN1_CLKOUT1)
                                                     -8.058    -6.054 r  pll_inst/inst/plle2_adv_inst/CLKOUT1
                         net (fo=1, routed)           2.128    -3.926    pll_inst/inst/clk_out2_pll
    BUFGCTRL_X0Y0        BUFG (Prop_bufg_I_O)         0.093    -3.833 r  pll_inst/inst/clkout2_buf/O
                         net (fo=6035, routed)        1.453    -2.380    student_top_inst/bridge_inst/seg_driver/clk_out2
    SLICE_X36Y114        FDCE                                         r  student_top_inst/bridge_inst/seg_driver/count_reg[4]/C
  -------------------------------------------------------------------    -------------------
    SLICE_X36Y114        FDCE (Prop_fdce_C_Q)         0.204    -2.176 r  student_top_inst/bridge_inst/seg_driver/count_reg[4]/Q
                         net (fo=49, routed)          0.658    -1.519    student_top_inst/bridge_inst/seg_driver/Q[0]
    SLICE_X37Y120        LUT3 (Prop_lut3_I1_O)        0.133    -1.386 r  student_top_inst/bridge_inst/seg_driver/virtual_seg_OBUF[16]_inst_i_3/O
                         net (fo=7, routed)           0.789    -0.597    student_top_inst/bridge_inst/seg_driver/virtual_seg_OBUF[16]_inst_i_3_n_0
    SLICE_X37Y129        LUT6 (Prop_lut6_I4_O)        0.136    -0.461 r  student_top_inst/bridge_inst/seg_driver/virtual_seg_OBUF[15]_inst_i_1/O
                         net (fo=2, routed)           6.222     5.761    virtual_seg_OBUF[15]
    H12                  OBUF (Prop_obuf_I_O)         2.398     8.159 r  virtual_seg_OBUF[15]_inst/O
                         net (fo=0)                   0.000     8.159    virtual_seg[15]
    H12                                                               r  virtual_seg[15] (OUT)
  -------------------------------------------------------------------    -------------------

Slack:                    inf
  Source:                 student_top_inst/bridge_inst/seg_driver/count_reg[4]/C
                            (rising edge-triggered cell FDCE clocked by clk_out2_pll  {rise@0.000ns fall@2.857ns period=5.714ns})
  Destination:            virtual_seg[0]
                            (output port)
  Path Group:             (none)
  Path Type:              Max at Slow Process Corner
  Data Path Delay:        9.672ns  (logic 2.747ns (28.407%)  route 6.924ns (71.593%))
  Logic Levels:           3  (LUT3=1 LUT6=1 OBUF=1)
  Clock Uncertainty:      0.237ns  ((TSJ^2 + DJ^2)^1/2) / 2 + PE
    Total System Jitter     (TSJ):    0.050ns
    Discrete Jitter          (DJ):    0.137ns
    Phase Error              (PE):    0.164ns

    Location             Delay type                Incr(ns)  Path(ns)    Netlist Resource(s)
  -------------------------------------------------------------------    -------------------
                         (clock clk_out2_pll rise edge)
                                                      0.000     0.000 r  
    AD12                                              0.000     0.000 r  i_sys_clk_p (IN)
                         net (fo=0)                   0.000     0.000    pll_inst/inst/clk_in1_p
    AD12                 IBUFDS (Prop_ibufds_I_O)     0.906     0.906 r  pll_inst/inst/clkin1_ibufgds/O
                         net (fo=1, routed)           1.098     2.004    pll_inst/inst/clk_in1_pll
    PLLE2_ADV_X1Y1       PLLE2_ADV (Prop_plle2_adv_CLKIN1_CLKOUT1)
                                                     -8.058    -6.054 r  pll_inst/inst/plle2_adv_inst/CLKOUT1
                         net (fo=1, routed)           2.128    -3.926    pll_inst/inst/clk_out2_pll
    BUFGCTRL_X0Y0        BUFG (Prop_bufg_I_O)         0.093    -3.833 r  pll_inst/inst/clkout2_buf/O
                         net (fo=6035, routed)        1.453    -2.380    student_top_inst/bridge_inst/seg_driver/clk_out2
    SLICE_X36Y114        FDCE                                         r  student_top_inst/bridge_inst/seg_driver/count_reg[4]/C
  -------------------------------------------------------------------    -------------------
    SLICE_X36Y114        FDCE (Prop_fdce_C_Q)         0.204    -2.176 r  student_top_inst/bridge_inst/seg_driver/count_reg[4]/Q
                         net (fo=49, routed)          0.761    -1.415    student_top_inst/bridge_inst/seg_driver/Q[0]
    SLICE_X36Y125        LUT3 (Prop_lut3_I1_O)        0.125    -1.290 r  student_top_inst/bridge_inst/seg_driver/virtual_seg_OBUF[3]_inst_i_2/O
                         net (fo=3, routed)           0.619    -0.671    student_top_inst/bridge_inst/seg_driver/virtual_seg_OBUF[3]_inst_i_2_n_0
    SLICE_X38Y125        LUT6 (Prop_lut6_I5_O)        0.043    -0.628 r  student_top_inst/bridge_inst/seg_driver/virtual_seg_OBUF[0]_inst_i_1/O
                         net (fo=2, routed)           5.544     4.916    virtual_seg_OBUF[0]
    K14                  OBUF (Prop_obuf_I_O)         2.375     7.291 r  virtual_seg_OBUF[0]_inst/O
                         net (fo=0)                   0.000     7.291    virtual_seg[0]
    K14                                                               r  virtual_seg[0] (OUT)
  -------------------------------------------------------------------    -------------------

Slack:                    inf
  Source:                 student_top_inst/bridge_inst/seg_wdata_reg[4]/C
                            (rising edge-triggered cell FDRE clocked by clk_out2_pll  {rise@0.000ns fall@2.857ns period=5.714ns})
  Destination:            virtual_seg[5]
                            (output port)
  Path Group:             (none)
  Path Type:              Max at Slow Process Corner
  Data Path Delay:        9.468ns  (logic 2.709ns (28.613%)  route 6.759ns (71.387%))
  Logic Levels:           2  (LUT6=1 OBUF=1)
  Clock Uncertainty:      0.237ns  ((TSJ^2 + DJ^2)^1/2) / 2 + PE
    Total System Jitter     (TSJ):    0.050ns
    Discrete Jitter          (DJ):    0.137ns
    Phase Error              (PE):    0.164ns

    Location             Delay type                Incr(ns)  Path(ns)    Netlist Resource(s)
  -------------------------------------------------------------------    -------------------
                         (clock clk_out2_pll rise edge)
                                                      0.000     0.000 r  
    AD12                                              0.000     0.000 r  i_sys_clk_p (IN)
                         net (fo=0)                   0.000     0.000    pll_inst/inst/clk_in1_p
    AD12                 IBUFDS (Prop_ibufds_I_O)     0.906     0.906 r  pll_inst/inst/clkin1_ibufgds/O
                         net (fo=1, routed)           1.098     2.004    pll_inst/inst/clk_in1_pll
    PLLE2_ADV_X1Y1       PLLE2_ADV (Prop_plle2_adv_CLKIN1_CLKOUT1)
                                                     -8.058    -6.054 r  pll_inst/inst/plle2_adv_inst/CLKOUT1
                         net (fo=1, routed)           2.128    -3.926    pll_inst/inst/clk_out2_pll
    BUFGCTRL_X0Y0        BUFG (Prop_bufg_I_O)         0.093    -3.833 r  pll_inst/inst/clkout2_buf/O
                         net (fo=6035, routed)        1.448    -2.385    student_top_inst/bridge_inst/clk_out2
    SLICE_X37Y119        FDRE                                         r  student_top_inst/bridge_inst/seg_wdata_reg[4]/C
  -------------------------------------------------------------------    -------------------
    SLICE_X37Y119        FDRE (Prop_fdre_C_Q)         0.204    -2.181 f  student_top_inst/bridge_inst/seg_wdata_reg[4]/Q
                         net (fo=6, routed)           1.710    -0.472    student_top_inst/bridge_inst/seg_driver/status_buffer_reg[4][4][4]
    SLICE_X36Y126        LUT6 (Prop_lut6_I0_O)        0.126    -0.346 r  student_top_inst/bridge_inst/seg_driver/virtual_seg_OBUF[5]_inst_i_1/O
                         net (fo=2, routed)           5.049     4.704    virtual_seg_OBUF[5]
    K15                  OBUF (Prop_obuf_I_O)         2.379     7.083 r  virtual_seg_OBUF[5]_inst/O
                         net (fo=0)                   0.000     7.083    virtual_seg[5]
    K15                                                               r  virtual_seg[5] (OUT)
  -------------------------------------------------------------------    -------------------

Slack:                    inf
  Source:                 student_top_inst/bridge_inst/seg_driver/count_reg[4]/C
                            (rising edge-triggered cell FDCE clocked by clk_out2_pll  {rise@0.000ns fall@2.857ns period=5.714ns})
  Destination:            virtual_seg[10]
                            (output port)
  Path Group:             (none)
  Path Type:              Max at Slow Process Corner
  Data Path Delay:        9.359ns  (logic 2.858ns (30.533%)  route 6.501ns (69.467%))
  Logic Levels:           3  (LUT3=1 LUT6=1 OBUF=1)
  Clock Uncertainty:      0.237ns  ((TSJ^2 + DJ^2)^1/2) / 2 + PE
    Total System Jitter     (TSJ):    0.050ns
    Discrete Jitter          (DJ):    0.137ns
    Phase Error              (PE):    0.164ns

    Location             Delay type                Incr(ns)  Path(ns)    Netlist Resource(s)
  -------------------------------------------------------------------    -------------------
                         (clock clk_out2_pll rise edge)
                                                      0.000     0.000 r  
    AD12                                              0.000     0.000 r  i_sys_clk_p (IN)
                         net (fo=0)                   0.000     0.000    pll_inst/inst/clk_in1_p
    AD12                 IBUFDS (Prop_ibufds_I_O)     0.906     0.906 r  pll_inst/inst/clkin1_ibufgds/O
                         net (fo=1, routed)           1.098     2.004    pll_inst/inst/clk_in1_pll
    PLLE2_ADV_X1Y1       PLLE2_ADV (Prop_plle2_adv_CLKIN1_CLKOUT1)
                                                     -8.058    -6.054 r  pll_inst/inst/plle2_adv_inst/CLKOUT1
                         net (fo=1, routed)           2.128    -3.926    pll_inst/inst/clk_out2_pll
    BUFGCTRL_X0Y0        BUFG (Prop_bufg_I_O)         0.093    -3.833 r  pll_inst/inst/clkout2_buf/O
                         net (fo=6035, routed)        1.453    -2.380    student_top_inst/bridge_inst/seg_driver/clk_out2
    SLICE_X36Y114        FDCE                                         r  student_top_inst/bridge_inst/seg_driver/count_reg[4]/C
  -------------------------------------------------------------------    -------------------
    SLICE_X36Y114        FDCE (Prop_fdce_C_Q)         0.204    -2.176 r  student_top_inst/bridge_inst/seg_driver/count_reg[4]/Q
                         net (fo=49, routed)          0.658    -1.519    student_top_inst/bridge_inst/seg_driver/Q[0]
    SLICE_X37Y120        LUT3 (Prop_lut3_I1_O)        0.133    -1.386 r  student_top_inst/bridge_inst/seg_driver/virtual_seg_OBUF[16]_inst_i_3/O
                         net (fo=7, routed)           0.603    -0.783    student_top_inst/bridge_inst/seg_driver/virtual_seg_OBUF[16]_inst_i_3_n_0
    SLICE_X45Y127        LUT6 (Prop_lut6_I5_O)        0.136    -0.647 r  student_top_inst/bridge_inst/seg_driver/virtual_seg_OBUF[10]_inst_i_1/O
                         net (fo=2, routed)           5.241     4.594    virtual_seg_OBUF[10]
    J13                  OBUF (Prop_obuf_I_O)         2.385     6.978 r  virtual_seg_OBUF[10]_inst/O
                         net (fo=0)                   0.000     6.978    virtual_seg[10]
    J13                                                               r  virtual_seg[10] (OUT)
  -------------------------------------------------------------------    -------------------

Slack:                    inf
  Source:                 student_top_inst/bridge_inst/seg_driver/count_reg[4]/C
                            (rising edge-triggered cell FDCE clocked by clk_out2_pll  {rise@0.000ns fall@2.857ns period=5.714ns})
  Destination:            virtual_seg[11]
                            (output port)
  Path Group:             (none)
  Path Type:              Max at Slow Process Corner
  Data Path Delay:        9.160ns  (logic 2.771ns (30.256%)  route 6.388ns (69.744%))
  Logic Levels:           3  (LUT3=1 LUT6=1 OBUF=1)
  Clock Uncertainty:      0.237ns  ((TSJ^2 + DJ^2)^1/2) / 2 + PE
    Total System Jitter     (TSJ):    0.050ns
    Discrete Jitter          (DJ):    0.137ns
    Phase Error              (PE):    0.164ns

    Location             Delay type                Incr(ns)  Path(ns)    Netlist Resource(s)
  -------------------------------------------------------------------    -------------------
                         (clock clk_out2_pll rise edge)
                                                      0.000     0.000 r  
    AD12                                              0.000     0.000 r  i_sys_clk_p (IN)
                         net (fo=0)                   0.000     0.000    pll_inst/inst/clk_in1_p
    AD12                 IBUFDS (Prop_ibufds_I_O)     0.906     0.906 r  pll_inst/inst/clkin1_ibufgds/O
                         net (fo=1, routed)           1.098     2.004    pll_inst/inst/clk_in1_pll
    PLLE2_ADV_X1Y1       PLLE2_ADV (Prop_plle2_adv_CLKIN1_CLKOUT1)
                                                     -8.058    -6.054 r  pll_inst/inst/plle2_adv_inst/CLKOUT1
                         net (fo=1, routed)           2.128    -3.926    pll_inst/inst/clk_out2_pll
    BUFGCTRL_X0Y0        BUFG (Prop_bufg_I_O)         0.093    -3.833 r  pll_inst/inst/clkout2_buf/O
                         net (fo=6035, routed)        1.453    -2.380    student_top_inst/bridge_inst/seg_driver/clk_out2
    SLICE_X36Y114        FDCE                                         r  student_top_inst/bridge_inst/seg_driver/count_reg[4]/C
  -------------------------------------------------------------------    -------------------
    SLICE_X36Y114        FDCE (Prop_fdce_C_Q)         0.204    -2.176 r  student_top_inst/bridge_inst/seg_driver/count_reg[4]/Q
                         net (fo=49, routed)          0.658    -1.519    student_top_inst/bridge_inst/seg_driver/Q[0]
    SLICE_X37Y120        LUT3 (Prop_lut3_I1_O)        0.125    -1.394 f  student_top_inst/bridge_inst/seg_driver/virtual_seg_OBUF[16]_inst_i_2/O
                         net (fo=7, routed)           0.884    -0.510    student_top_inst/bridge_inst/seg_driver/virtual_seg_OBUF[16]_inst_i_2_n_0
    SLICE_X37Y129        LUT6 (Prop_lut6_I0_O)        0.043    -0.467 r  student_top_inst/bridge_inst/seg_driver/virtual_seg_OBUF[11]_inst_i_1/O
                         net (fo=2, routed)           4.847     4.380    virtual_seg_OBUF[11]
    H11                  OBUF (Prop_obuf_I_O)         2.399     6.779 r  virtual_seg_OBUF[11]_inst/O
                         net (fo=0)                   0.000     6.779    virtual_seg[11]
    H11                                                               r  virtual_seg[11] (OUT)
  -------------------------------------------------------------------    -------------------

Slack:                    inf
  Source:                 student_top_inst/bridge_inst/seg_wdata_reg[3]/C
                            (rising edge-triggered cell FDRE clocked by clk_out2_pll  {rise@0.000ns fall@2.857ns period=5.714ns})
  Destination:            virtual_seg[2]
                            (output port)
  Path Group:             (none)
  Path Type:              Max at Slow Process Corner
  Data Path Delay:        9.035ns  (logic 2.854ns (31.590%)  route 6.181ns (68.410%))
  Logic Levels:           3  (LUT3=1 LUT6=1 OBUF=1)
  Clock Uncertainty:      0.237ns  ((TSJ^2 + DJ^2)^1/2) / 2 + PE
    Total System Jitter     (TSJ):    0.050ns
    Discrete Jitter          (DJ):    0.137ns
    Phase Error              (PE):    0.164ns

    Location             Delay type                Incr(ns)  Path(ns)    Netlist Resource(s)
  -------------------------------------------------------------------    -------------------
                         (clock clk_out2_pll rise edge)
                                                      0.000     0.000 r  
    AD12                                              0.000     0.000 r  i_sys_clk_p (IN)
                         net (fo=0)                   0.000     0.000    pll_inst/inst/clk_in1_p
    AD12                 IBUFDS (Prop_ibufds_I_O)     0.906     0.906 r  pll_inst/inst/clkin1_ibufgds/O
                         net (fo=1, routed)           1.098     2.004    pll_inst/inst/clk_in1_pll
    PLLE2_ADV_X1Y1       PLLE2_ADV (Prop_plle2_adv_CLKIN1_CLKOUT1)
                                                     -8.058    -6.054 r  pll_inst/inst/plle2_adv_inst/CLKOUT1
                         net (fo=1, routed)           2.128    -3.926    pll_inst/inst/clk_out2_pll
    BUFGCTRL_X0Y0        BUFG (Prop_bufg_I_O)         0.093    -3.833 r  pll_inst/inst/clkout2_buf/O
                         net (fo=6035, routed)        1.447    -2.386    student_top_inst/bridge_inst/clk_out2
    SLICE_X37Y120        FDRE                                         r  student_top_inst/bridge_inst/seg_wdata_reg[3]/C
  -------------------------------------------------------------------    -------------------
    SLICE_X37Y120        FDRE (Prop_fdre_C_Q)         0.204    -2.182 r  student_top_inst/bridge_inst/seg_wdata_reg[3]/Q
                         net (fo=2, routed)           0.768    -1.415    student_top_inst/bridge_inst/seg_driver/status_buffer_reg[4][4][3]
    SLICE_X41Y125        LUT3 (Prop_lut3_I0_O)        0.134    -1.281 r  student_top_inst/bridge_inst/seg_driver/virtual_seg_OBUF[6]_inst_i_2/O
                         net (fo=7, routed)           0.339    -0.942    student_top_inst/bridge_inst/seg_driver/virtual_seg_OBUF[6]_inst_i_2_n_0
    SLICE_X36Y125        LUT6 (Prop_lut6_I0_O)        0.135    -0.807 r  student_top_inst/bridge_inst/seg_driver/virtual_seg_OBUF[2]_inst_i_1/O
                         net (fo=2, routed)           5.075     4.268    virtual_seg_OBUF[2]
    H16                  OBUF (Prop_obuf_I_O)         2.381     6.649 r  virtual_seg_OBUF[2]_inst/O
                         net (fo=0)                   0.000     6.649    virtual_seg[2]
    H16                                                               r  virtual_seg[2] (OUT)
  -------------------------------------------------------------------    -------------------

Slack:                    inf
  Source:                 student_top_inst/bridge_inst/seg_wdata_reg[3]/C
                            (rising edge-triggered cell FDRE clocked by clk_out2_pll  {rise@0.000ns fall@2.857ns period=5.714ns})
  Destination:            virtual_seg[1]
                            (output port)
  Path Group:             (none)
  Path Type:              Max at Slow Process Corner
  Data Path Delay:        8.933ns  (logic 2.846ns (31.857%)  route 6.088ns (68.143%))
  Logic Levels:           3  (LUT3=1 LUT6=1 OBUF=1)
  Clock Uncertainty:      0.237ns  ((TSJ^2 + DJ^2)^1/2) / 2 + PE
    Total System Jitter     (TSJ):    0.050ns
    Discrete Jitter          (DJ):    0.137ns
    Phase Error              (PE):    0.164ns

    Location             Delay type                Incr(ns)  Path(ns)    Netlist Resource(s)
  -------------------------------------------------------------------    -------------------
                         (clock clk_out2_pll rise edge)
                                                      0.000     0.000 r  
    AD12                                              0.000     0.000 r  i_sys_clk_p (IN)
                         net (fo=0)                   0.000     0.000    pll_inst/inst/clk_in1_p
    AD12                 IBUFDS (Prop_ibufds_I_O)     0.906     0.906 r  pll_inst/inst/clkin1_ibufgds/O
                         net (fo=1, routed)           1.098     2.004    pll_inst/inst/clk_in1_pll
    PLLE2_ADV_X1Y1       PLLE2_ADV (Prop_plle2_adv_CLKIN1_CLKOUT1)
                                                     -8.058    -6.054 r  pll_inst/inst/plle2_adv_inst/CLKOUT1
                         net (fo=1, routed)           2.128    -3.926    pll_inst/inst/clk_out2_pll
    BUFGCTRL_X0Y0        BUFG (Prop_bufg_I_O)         0.093    -3.833 r  pll_inst/inst/clkout2_buf/O
                         net (fo=6035, routed)        1.447    -2.386    student_top_inst/bridge_inst/clk_out2
    SLICE_X37Y120        FDRE                                         r  student_top_inst/bridge_inst/seg_wdata_reg[3]/C
  -------------------------------------------------------------------    -------------------
    SLICE_X37Y120        FDRE (Prop_fdre_C_Q)         0.204    -2.182 r  student_top_inst/bridge_inst/seg_wdata_reg[3]/Q
                         net (fo=2, routed)           0.768    -1.415    student_top_inst/bridge_inst/seg_driver/status_buffer_reg[4][4][3]
    SLICE_X41Y125        LUT3 (Prop_lut3_I0_O)        0.134    -1.281 r  student_top_inst/bridge_inst/seg_driver/virtual_seg_OBUF[6]_inst_i_2/O
                         net (fo=7, routed)           0.446    -0.834    student_top_inst/bridge_inst/seg_driver/virtual_seg_OBUF[6]_inst_i_2_n_0
    SLICE_X36Y125        LUT6 (Prop_lut6_I0_O)        0.135    -0.699 r  student_top_inst/bridge_inst/seg_driver/virtual_seg_OBUF[1]_inst_i_1/O
                         net (fo=2, routed)           4.874     4.174    virtual_seg_OBUF[1]
    L15                  OBUF (Prop_obuf_I_O)         2.373     6.547 r  virtual_seg_OBUF[1]_inst/O
                         net (fo=0)                   0.000     6.547    virtual_seg[1]
    L15                                                               r  virtual_seg[1] (OUT)
  -------------------------------------------------------------------    -------------------

Slack:                    inf
  Source:                 student_top_inst/bridge_inst/seg_wdata_reg[3]/C
                            (rising edge-triggered cell FDRE clocked by clk_out2_pll  {rise@0.000ns fall@2.857ns period=5.714ns})
  Destination:            virtual_seg[3]
                            (output port)
  Path Group:             (none)
  Path Type:              Max at Slow Process Corner
  Data Path Delay:        8.898ns  (logic 2.857ns (32.108%)  route 6.041ns (67.892%))
  Logic Levels:           3  (LUT3=1 LUT6=1 OBUF=1)
  Clock Uncertainty:      0.237ns  ((TSJ^2 + DJ^2)^1/2) / 2 + PE
    Total System Jitter     (TSJ):    0.050ns
    Discrete Jitter          (DJ):    0.137ns
    Phase Error              (PE):    0.164ns

    Location             Delay type                Incr(ns)  Path(ns)    Netlist Resource(s)
  -------------------------------------------------------------------    -------------------
                         (clock clk_out2_pll rise edge)
                                                      0.000     0.000 r  
    AD12                                              0.000     0.000 r  i_sys_clk_p (IN)
                         net (fo=0)                   0.000     0.000    pll_inst/inst/clk_in1_p
    AD12                 IBUFDS (Prop_ibufds_I_O)     0.906     0.906 r  pll_inst/inst/clkin1_ibufgds/O
                         net (fo=1, routed)           1.098     2.004    pll_inst/inst/clk_in1_pll
    PLLE2_ADV_X1Y1       PLLE2_ADV (Prop_plle2_adv_CLKIN1_CLKOUT1)
                                                     -8.058    -6.054 r  pll_inst/inst/plle2_adv_inst/CLKOUT1
                         net (fo=1, routed)           2.128    -3.926    pll_inst/inst/clk_out2_pll
    BUFGCTRL_X0Y0        BUFG (Prop_bufg_I_O)         0.093    -3.833 r  pll_inst/inst/clkout2_buf/O
                         net (fo=6035, routed)        1.447    -2.386    student_top_inst/bridge_inst/clk_out2
    SLICE_X37Y120        FDRE                                         r  student_top_inst/bridge_inst/seg_wdata_reg[3]/C
  -------------------------------------------------------------------    -------------------
    SLICE_X37Y120        FDRE (Prop_fdre_C_Q)         0.204    -2.182 r  student_top_inst/bridge_inst/seg_wdata_reg[3]/Q
                         net (fo=2, routed)           0.768    -1.415    student_top_inst/bridge_inst/seg_driver/status_buffer_reg[4][4][3]
    SLICE_X41Y125        LUT3 (Prop_lut3_I0_O)        0.134    -1.281 r  student_top_inst/bridge_inst/seg_driver/virtual_seg_OBUF[6]_inst_i_2/O
                         net (fo=7, routed)           0.471    -0.809    student_top_inst/bridge_inst/seg_driver/virtual_seg_OBUF[6]_inst_i_2_n_0
    SLICE_X36Y125        LUT6 (Prop_lut6_I0_O)        0.135    -0.674 r  student_top_inst/bridge_inst/seg_driver/virtual_seg_OBUF[3]_inst_i_1/O
                         net (fo=2, routed)           4.802     4.128    virtual_seg_OBUF[3]
    J16                  OBUF (Prop_obuf_I_O)         2.384     6.512 r  virtual_seg_OBUF[3]_inst/O
                         net (fo=0)                   0.000     6.512    virtual_seg[3]
    J16                                                               r  virtual_seg[3] (OUT)
  -------------------------------------------------------------------    -------------------

Slack:                    inf
  Source:                 student_top_inst/bridge_inst/seg_driver/count_reg[4]/C
                            (rising edge-triggered cell FDCE clocked by clk_out2_pll  {rise@0.000ns fall@2.857ns period=5.714ns})
  Destination:            virtual_seg[12]
                            (output port)
  Path Group:             (none)
  Path Type:              Max at Slow Process Corner
  Data Path Delay:        8.851ns  (logic 2.873ns (32.462%)  route 5.978ns (67.538%))
  Logic Levels:           3  (LUT3=1 LUT6=1 OBUF=1)
  Clock Uncertainty:      0.237ns  ((TSJ^2 + DJ^2)^1/2) / 2 + PE
    Total System Jitter     (TSJ):    0.050ns
    Discrete Jitter          (DJ):    0.137ns
    Phase Error              (PE):    0.164ns

    Location             Delay type                Incr(ns)  Path(ns)    Netlist Resource(s)
  -------------------------------------------------------------------    -------------------
                         (clock clk_out2_pll rise edge)
                                                      0.000     0.000 r  
    AD12                                              0.000     0.000 r  i_sys_clk_p (IN)
                         net (fo=0)                   0.000     0.000    pll_inst/inst/clk_in1_p
    AD12                 IBUFDS (Prop_ibufds_I_O)     0.906     0.906 r  pll_inst/inst/clkin1_ibufgds/O
                         net (fo=1, routed)           1.098     2.004    pll_inst/inst/clk_in1_pll
    PLLE2_ADV_X1Y1       PLLE2_ADV (Prop_plle2_adv_CLKIN1_CLKOUT1)
                                                     -8.058    -6.054 r  pll_inst/inst/plle2_adv_inst/CLKOUT1
                         net (fo=1, routed)           2.128    -3.926    pll_inst/inst/clk_out2_pll
    BUFGCTRL_X0Y0        BUFG (Prop_bufg_I_O)         0.093    -3.833 r  pll_inst/inst/clkout2_buf/O
                         net (fo=6035, routed)        1.453    -2.380    student_top_inst/bridge_inst/seg_driver/clk_out2
    SLICE_X36Y114        FDCE                                         r  student_top_inst/bridge_inst/seg_driver/count_reg[4]/C
  -------------------------------------------------------------------    -------------------
    SLICE_X36Y114        FDCE (Prop_fdce_C_Q)         0.204    -2.176 r  student_top_inst/bridge_inst/seg_driver/count_reg[4]/Q
                         net (fo=49, routed)          0.658    -1.519    student_top_inst/bridge_inst/seg_driver/Q[0]
    SLICE_X37Y120        LUT3 (Prop_lut3_I1_O)        0.133    -1.386 f  student_top_inst/bridge_inst/seg_driver/virtual_seg_OBUF[16]_inst_i_3/O
                         net (fo=7, routed)           0.810    -0.576    student_top_inst/bridge_inst/seg_driver/virtual_seg_OBUF[16]_inst_i_3_n_0
    SLICE_X37Y129        LUT6 (Prop_lut6_I3_O)        0.136    -0.440 r  student_top_inst/bridge_inst/seg_driver/virtual_seg_OBUF[12]_inst_i_1/O
                         net (fo=2, routed)           4.510     4.070    virtual_seg_OBUF[12]
    J12                  OBUF (Prop_obuf_I_O)         2.400     6.471 r  virtual_seg_OBUF[12]_inst/O
                         net (fo=0)                   0.000     6.471    virtual_seg[12]
    J12                                                               r  virtual_seg[12] (OUT)
  -------------------------------------------------------------------    -------------------

Slack:                    inf
  Source:                 student_top_inst/bridge_inst/seg_driver/count_reg[4]/C
                            (rising edge-triggered cell FDCE clocked by clk_out2_pll  {rise@0.000ns fall@2.857ns period=5.714ns})
  Destination:            virtual_seg[4]
                            (output port)
  Path Group:             (none)
  Path Type:              Max at Slow Process Corner
  Data Path Delay:        8.771ns  (logic 2.852ns (32.519%)  route 5.919ns (67.481%))
  Logic Levels:           3  (LUT3=1 LUT6=1 OBUF=1)
  Clock Uncertainty:      0.237ns  ((TSJ^2 + DJ^2)^1/2) / 2 + PE
    Total System Jitter     (TSJ):    0.050ns
    Discrete Jitter          (DJ):    0.137ns
    Phase Error              (PE):    0.164ns

    Location             Delay type                Incr(ns)  Path(ns)    Netlist Resource(s)
  -------------------------------------------------------------------    -------------------
                         (clock clk_out2_pll rise edge)
                                                      0.000     0.000 r  
    AD12                                              0.000     0.000 r  i_sys_clk_p (IN)
                         net (fo=0)                   0.000     0.000    pll_inst/inst/clk_in1_p
    AD12                 IBUFDS (Prop_ibufds_I_O)     0.906     0.906 r  pll_inst/inst/clkin1_ibufgds/O
                         net (fo=1, routed)           1.098     2.004    pll_inst/inst/clk_in1_pll
    PLLE2_ADV_X1Y1       PLLE2_ADV (Prop_plle2_adv_CLKIN1_CLKOUT1)
                                                     -8.058    -6.054 r  pll_inst/inst/plle2_adv_inst/CLKOUT1
                         net (fo=1, routed)           2.128    -3.926    pll_inst/inst/clk_out2_pll
    BUFGCTRL_X0Y0        BUFG (Prop_bufg_I_O)         0.093    -3.833 r  pll_inst/inst/clkout2_buf/O
                         net (fo=6035, routed)        1.453    -2.380    student_top_inst/bridge_inst/seg_driver/clk_out2
    SLICE_X36Y114        FDCE                                         r  student_top_inst/bridge_inst/seg_driver/count_reg[4]/C
  -------------------------------------------------------------------    -------------------
    SLICE_X36Y114        FDCE (Prop_fdce_C_Q)         0.204    -2.176 r  student_top_inst/bridge_inst/seg_driver/count_reg[4]/Q
                         net (fo=49, routed)          0.761    -1.415    student_top_inst/bridge_inst/seg_driver/Q[0]
    SLICE_X36Y125        LUT3 (Prop_lut3_I1_O)        0.131    -1.284 r  student_top_inst/bridge_inst/seg_driver/virtual_seg_OBUF[6]_inst_i_3/O
                         net (fo=4, routed)           0.362    -0.923    student_top_inst/bridge_inst/seg_driver/virtual_seg_OBUF[6]_inst_i_3_n_0
    SLICE_X36Y126        LUT6 (Prop_lut6_I3_O)        0.136    -0.787 r  student_top_inst/bridge_inst/seg_driver/virtual_seg_OBUF[4]_inst_i_1/O
                         net (fo=2, routed)           4.796     4.009    virtual_seg_OBUF[4]
    K16                  OBUF (Prop_obuf_I_O)         2.381     6.391 r  virtual_seg_OBUF[4]_inst/O
                         net (fo=0)                   0.000     6.391    virtual_seg[4]
    K16                                                               r  virtual_seg[4] (OUT)
  -------------------------------------------------------------------    -------------------

Slack:                    inf
  Source:                 student_top_inst/bridge_inst/seg_driver/count_reg[4]/C
                            (rising edge-triggered cell FDCE clocked by clk_out2_pll  {rise@0.000ns fall@2.857ns period=5.714ns})
  Destination:            virtual_seg[16]
                            (output port)
  Path Group:             (none)
  Path Type:              Max at Slow Process Corner
  Data Path Delay:        8.770ns  (logic 2.863ns (32.642%)  route 5.907ns (67.358%))
  Logic Levels:           3  (LUT3=1 LUT6=1 OBUF=1)
  Clock Uncertainty:      0.237ns  ((TSJ^2 + DJ^2)^1/2) / 2 + PE
    Total System Jitter     (TSJ):    0.050ns
    Discrete Jitter          (DJ):    0.137ns
    Phase Error              (PE):    0.164ns

    Location             Delay type                Incr(ns)  Path(ns)    Netlist Resource(s)
  -------------------------------------------------------------------    -------------------
                         (clock clk_out2_pll rise edge)
                                                      0.000     0.000 r  
    AD12                                              0.000     0.000 r  i_sys_clk_p (IN)
                         net (fo=0)                   0.000     0.000    pll_inst/inst/clk_in1_p
    AD12                 IBUFDS (Prop_ibufds_I_O)     0.906     0.906 r  pll_inst/inst/clkin1_ibufgds/O
                         net (fo=1, routed)           1.098     2.004    pll_inst/inst/clk_in1_pll
    PLLE2_ADV_X1Y1       PLLE2_ADV (Prop_plle2_adv_CLKIN1_CLKOUT1)
                                                     -8.058    -6.054 r  pll_inst/inst/plle2_adv_inst/CLKOUT1
                         net (fo=1, routed)           2.128    -3.926    pll_inst/inst/clk_out2_pll
    BUFGCTRL_X0Y0        BUFG (Prop_bufg_I_O)         0.093    -3.833 r  pll_inst/inst/clkout2_buf/O
                         net (fo=6035, routed)        1.453    -2.380    student_top_inst/bridge_inst/seg_driver/clk_out2
    SLICE_X36Y114        FDCE                                         r  student_top_inst/bridge_inst/seg_driver/count_reg[4]/C
  -------------------------------------------------------------------    -------------------
    SLICE_X36Y114        FDCE (Prop_fdce_C_Q)         0.204    -2.176 r  student_top_inst/bridge_inst/seg_driver/count_reg[4]/Q
                         net (fo=49, routed)          0.658    -1.519    student_top_inst/bridge_inst/seg_driver/Q[0]
    SLICE_X37Y120        LUT3 (Prop_lut3_I1_O)        0.133    -1.386 r  student_top_inst/bridge_inst/seg_driver/virtual_seg_OBUF[16]_inst_i_3/O
                         net (fo=7, routed)           0.556    -0.830    student_top_inst/bridge_inst/seg_driver/virtual_seg_OBUF[16]_inst_i_3_n_0
    SLICE_X36Y129        LUT6 (Prop_lut6_I4_O)        0.136    -0.694 r  student_top_inst/bridge_inst/seg_driver/virtual_seg_OBUF[16]_inst_i_1/O
                         net (fo=2, routed)           4.694     4.000    virtual_seg_OBUF[16]
    F13                  OBUF (Prop_obuf_I_O)         2.390     6.390 r  virtual_seg_OBUF[16]_inst/O
                         net (fo=0)                   0.000     6.390    virtual_seg[16]
    F13                                                               r  virtual_seg[16] (OUT)
  -------------------------------------------------------------------    -------------------

Slack:                    inf
  Source:                 student_top_inst/bridge_inst/seg_driver/count_reg[4]/C
                            (rising edge-triggered cell FDCE clocked by clk_out2_pll  {rise@0.000ns fall@2.857ns period=5.714ns})
  Destination:            virtual_seg[9]
                            (output port)
  Path Group:             (none)
  Path Type:              Max at Slow Process Corner
  Data Path Delay:        8.756ns  (logic 2.711ns (30.956%)  route 6.046ns (69.044%))
  Logic Levels:           2  (LUT1=1 OBUF=1)
  Clock Uncertainty:      0.237ns  ((TSJ^2 + DJ^2)^1/2) / 2 + PE
    Total System Jitter     (TSJ):    0.050ns
    Discrete Jitter          (DJ):    0.137ns
    Phase Error              (PE):    0.164ns

    Location             Delay type                Incr(ns)  Path(ns)    Netlist Resource(s)
  -------------------------------------------------------------------    -------------------
                         (clock clk_out2_pll rise edge)
                                                      0.000     0.000 r  
    AD12                                              0.000     0.000 r  i_sys_clk_p (IN)
                         net (fo=0)                   0.000     0.000    pll_inst/inst/clk_in1_p
    AD12                 IBUFDS (Prop_ibufds_I_O)     0.906     0.906 r  pll_inst/inst/clkin1_ibufgds/O
                         net (fo=1, routed)           1.098     2.004    pll_inst/inst/clk_in1_pll
    PLLE2_ADV_X1Y1       PLLE2_ADV (Prop_plle2_adv_CLKIN1_CLKOUT1)
                                                     -8.058    -6.054 r  pll_inst/inst/plle2_adv_inst/CLKOUT1
                         net (fo=1, routed)           2.128    -3.926    pll_inst/inst/clk_out2_pll
    BUFGCTRL_X0Y0        BUFG (Prop_bufg_I_O)         0.093    -3.833 r  pll_inst/inst/clkout2_buf/O
                         net (fo=6035, routed)        1.453    -2.380    student_top_inst/bridge_inst/seg_driver/clk_out2
    SLICE_X36Y114        FDCE                                         r  student_top_inst/bridge_inst/seg_driver/count_reg[4]/C
  -------------------------------------------------------------------    -------------------
    SLICE_X36Y114        FDCE (Prop_fdce_C_Q)         0.204    -2.176 f  student_top_inst/bridge_inst/seg_driver/count_reg[4]/Q
                         net (fo=49, routed)          0.347    -1.829    student_top_inst/bridge_inst/seg_driver/Q[0]
    SLICE_X36Y115        LUT1 (Prop_lut1_I0_O)        0.125    -1.704 r  student_top_inst/bridge_inst/seg_driver/virtual_seg_OBUF[39]_inst_i_1/O
                         net (fo=5, routed)           5.699     3.994    virtual_seg_OBUF[9]
    L16                  OBUF (Prop_obuf_I_O)         2.382     6.376 r  virtual_seg_OBUF[9]_inst/O
                         net (fo=0)                   0.000     6.376    virtual_seg[9]
    L16                                                               r  virtual_seg[9] (OUT)
  -------------------------------------------------------------------    -------------------

Slack:                    inf
  Source:                 student_top_inst/bridge_inst/seg_driver/count_reg[4]/C
                            (rising edge-triggered cell FDCE clocked by clk_out2_pll  {rise@0.000ns fall@2.857ns period=5.714ns})
  Destination:            virtual_seg[8]
                            (output port)
  Path Group:             (none)
  Path Type:              Max at Slow Process Corner
  Data Path Delay:        8.636ns  (logic 2.677ns (30.997%)  route 5.959ns (69.003%))
  Logic Levels:           1  (OBUF=1)
  Clock Uncertainty:      0.237ns  ((TSJ^2 + DJ^2)^1/2) / 2 + PE
    Total System Jitter     (TSJ):    0.050ns
    Discrete Jitter          (DJ):    0.137ns
    Phase Error              (PE):    0.164ns

    Location             Delay type                Incr(ns)  Path(ns)    Netlist Resource(s)
  -------------------------------------------------------------------    -------------------
                         (clock clk_out2_pll rise edge)
                                                      0.000     0.000 r  
    AD12                                              0.000     0.000 r  i_sys_clk_p (IN)
                         net (fo=0)                   0.000     0.000    pll_inst/inst/clk_in1_p
    AD12                 IBUFDS (Prop_ibufds_I_O)     0.906     0.906 r  pll_inst/inst/clkin1_ibufgds/O
                         net (fo=1, routed)           1.098     2.004    pll_inst/inst/clk_in1_pll
    PLLE2_ADV_X1Y1       PLLE2_ADV (Prop_plle2_adv_CLKIN1_CLKOUT1)
                                                     -8.058    -6.054 r  pll_inst/inst/plle2_adv_inst/CLKOUT1
                         net (fo=1, routed)           2.128    -3.926    pll_inst/inst/clk_out2_pll
    BUFGCTRL_X0Y0        BUFG (Prop_bufg_I_O)         0.093    -3.833 r  pll_inst/inst/clkout2_buf/O
                         net (fo=6035, routed)        1.453    -2.380    student_top_inst/bridge_inst/seg_driver/clk_out2
    SLICE_X36Y114        FDCE                                         r  student_top_inst/bridge_inst/seg_driver/count_reg[4]/C
  -------------------------------------------------------------------    -------------------
    SLICE_X36Y114        FDCE (Prop_fdce_C_Q)         0.204    -2.176 r  student_top_inst/bridge_inst/seg_driver/count_reg[4]/Q
                         net (fo=49, routed)          5.959     3.783    virtual_seg_OBUF[8]
    L13                  OBUF (Prop_obuf_I_O)         2.473     6.256 r  virtual_seg_OBUF[8]_inst/O
                         net (fo=0)                   0.000     6.256    virtual_seg[8]
    L13                                                               r  virtual_seg[8] (OUT)
  -------------------------------------------------------------------    -------------------

Slack:                    inf
  Source:                 student_top_inst/bridge_inst/seg_driver/count_reg[4]/C
                            (rising edge-triggered cell FDCE clocked by clk_out2_pll  {rise@0.000ns fall@2.857ns period=5.714ns})
  Destination:            virtual_seg[18]
                            (output port)
  Path Group:             (none)
  Path Type:              Max at Slow Process Corner
  Data Path Delay:        8.573ns  (logic 2.671ns (31.155%)  route 5.902ns (68.845%))
  Logic Levels:           1  (OBUF=1)
  Clock Uncertainty:      0.237ns  ((TSJ^2 + DJ^2)^1/2) / 2 + PE
    Total System Jitter     (TSJ):    0.050ns
    Discrete Jitter          (DJ):    0.137ns
    Phase Error              (PE):    0.164ns

    Location             Delay type                Incr(ns)  Path(ns)    Netlist Resource(s)
  -------------------------------------------------------------------    -------------------
                         (clock clk_out2_pll rise edge)
                                                      0.000     0.000 r  
    AD12                                              0.000     0.000 r  i_sys_clk_p (IN)
                         net (fo=0)                   0.000     0.000    pll_inst/inst/clk_in1_p
    AD12                 IBUFDS (Prop_ibufds_I_O)     0.906     0.906 r  pll_inst/inst/clkin1_ibufgds/O
                         net (fo=1, routed)           1.098     2.004    pll_inst/inst/clk_in1_pll
    PLLE2_ADV_X1Y1       PLLE2_ADV (Prop_plle2_adv_CLKIN1_CLKOUT1)
                                                     -8.058    -6.054 r  pll_inst/inst/plle2_adv_inst/CLKOUT1
                         net (fo=1, routed)           2.128    -3.926    pll_inst/inst/clk_out2_pll
    BUFGCTRL_X0Y0        BUFG (Prop_bufg_I_O)         0.093    -3.833 r  pll_inst/inst/clkout2_buf/O
                         net (fo=6035, routed)        1.453    -2.380    student_top_inst/bridge_inst/seg_driver/clk_out2
    SLICE_X36Y114        FDCE                                         r  student_top_inst/bridge_inst/seg_driver/count_reg[4]/C
  -------------------------------------------------------------------    -------------------
    SLICE_X36Y114        FDCE (Prop_fdce_C_Q)         0.204    -2.176 r  student_top_inst/bridge_inst/seg_driver/count_reg[4]/Q
                         net (fo=49, routed)          5.902     3.726    virtual_seg_OBUF[8]
    J14                  OBUF (Prop_obuf_I_O)         2.467     6.193 r  virtual_seg_OBUF[18]_inst/O
                         net (fo=0)                   0.000     6.193    virtual_seg[18]
    J14                                                               r  virtual_seg[18] (OUT)
  -------------------------------------------------------------------    -------------------

Slack:                    inf
  Source:                 student_top_inst/bridge_inst/seg_driver/count_reg[4]/C
                            (rising edge-triggered cell FDCE clocked by clk_out2_pll  {rise@0.000ns fall@2.857ns period=5.714ns})
  Destination:            virtual_seg[19]
                            (output port)
  Path Group:             (none)
  Path Type:              Max at Slow Process Corner
  Data Path Delay:        8.515ns  (logic 2.743ns (32.211%)  route 5.772ns (67.789%))
  Logic Levels:           2  (LUT1=1 OBUF=1)
  Clock Uncertainty:      0.237ns  ((TSJ^2 + DJ^2)^1/2) / 2 + PE
    Total System Jitter     (TSJ):    0.050ns
    Discrete Jitter          (DJ):    0.137ns
    Phase Error              (PE):    0.164ns

    Location             Delay type                Incr(ns)  Path(ns)    Netlist Resource(s)
  -------------------------------------------------------------------    -------------------
                         (clock clk_out2_pll rise edge)
                                                      0.000     0.000 r  
    AD12                                              0.000     0.000 r  i_sys_clk_p (IN)
                         net (fo=0)                   0.000     0.000    pll_inst/inst/clk_in1_p
    AD12                 IBUFDS (Prop_ibufds_I_O)     0.906     0.906 r  pll_inst/inst/clkin1_ibufgds/O
                         net (fo=1, routed)           1.098     2.004    pll_inst/inst/clk_in1_pll
    PLLE2_ADV_X1Y1       PLLE2_ADV (Prop_plle2_adv_CLKIN1_CLKOUT1)
                                                     -8.058    -6.054 r  pll_inst/inst/plle2_adv_inst/CLKOUT1
                         net (fo=1, routed)           2.128    -3.926    pll_inst/inst/clk_out2_pll
    BUFGCTRL_X0Y0        BUFG (Prop_bufg_I_O)         0.093    -3.833 r  pll_inst/inst/clkout2_buf/O
                         net (fo=6035, routed)        1.453    -2.380    student_top_inst/bridge_inst/seg_driver/clk_out2
    SLICE_X36Y114        FDCE                                         r  student_top_inst/bridge_inst/seg_driver/count_reg[4]/C
  -------------------------------------------------------------------    -------------------
    SLICE_X36Y114        FDCE (Prop_fdce_C_Q)         0.204    -2.176 f  student_top_inst/bridge_inst/seg_driver/count_reg[4]/Q
                         net (fo=49, routed)          0.347    -1.829    student_top_inst/bridge_inst/seg_driver/Q[0]
    SLICE_X36Y115        LUT1 (Prop_lut1_I0_O)        0.125    -1.704 r  student_top_inst/bridge_inst/seg_driver/virtual_seg_OBUF[39]_inst_i_1/O
                         net (fo=5, routed)           5.425     3.721    virtual_seg_OBUF[9]
    K11                  OBUF (Prop_obuf_I_O)         2.414     6.135 r  virtual_seg_OBUF[19]_inst/O
                         net (fo=0)                   0.000     6.135    virtual_seg[19]
    K11                                                               r  virtual_seg[19] (OUT)
  -------------------------------------------------------------------    -------------------

Slack:                    inf
  Source:                 student_top_inst/bridge_inst/LED_reg[24]_lopt_replica/C
                            (rising edge-triggered cell FDRE clocked by clk_out2_pll  {rise@0.000ns fall@2.857ns period=5.714ns})
  Destination:            virtual_led[24]
                            (output port)
  Path Group:             (none)
  Path Type:              Max at Slow Process Corner
  Data Path Delay:        8.134ns  (logic 2.640ns (32.451%)  route 5.495ns (67.549%))
  Logic Levels:           1  (OBUF=1)
  Clock Uncertainty:      0.237ns  ((TSJ^2 + DJ^2)^1/2) / 2 + PE
    Total System Jitter     (TSJ):    0.050ns
    Discrete Jitter          (DJ):    0.137ns
    Phase Error              (PE):    0.164ns

    Location             Delay type                Incr(ns)  Path(ns)    Netlist Resource(s)
  -------------------------------------------------------------------    -------------------
                         (clock clk_out2_pll rise edge)
                                                      0.000     0.000 r  
    AD12                                              0.000     0.000 r  i_sys_clk_p (IN)
                         net (fo=0)                   0.000     0.000    pll_inst/inst/clk_in1_p
    AD12                 IBUFDS (Prop_ibufds_I_O)     0.906     0.906 r  pll_inst/inst/clkin1_ibufgds/O
                         net (fo=1, routed)           1.098     2.004    pll_inst/inst/clk_in1_pll
    PLLE2_ADV_X1Y1       PLLE2_ADV (Prop_plle2_adv_CLKIN1_CLKOUT1)
                                                     -8.058    -6.054 r  pll_inst/inst/plle2_adv_inst/CLKOUT1
                         net (fo=1, routed)           2.128    -3.926    pll_inst/inst/clk_out2_pll
    BUFGCTRL_X0Y0        BUFG (Prop_bufg_I_O)         0.093    -3.833 r  pll_inst/inst/clkout2_buf/O
                         net (fo=6035, routed)        1.448    -2.385    student_top_inst/bridge_inst/clk_out2
    SLICE_X40Y117        FDRE                                         r  student_top_inst/bridge_inst/LED_reg[24]_lopt_replica/C
  -------------------------------------------------------------------    -------------------
    SLICE_X40Y117        FDRE (Prop_fdre_C_Q)         0.223    -2.162 r  student_top_inst/bridge_inst/LED_reg[24]_lopt_replica/Q
                         net (fo=1, routed)           5.495     3.332    lopt_16
    A23                  OBUF (Prop_obuf_I_O)         2.417     5.749 r  virtual_led_OBUF[24]_inst/O
                         net (fo=0)                   0.000     5.749    virtual_led[24]
    A23                                                               r  virtual_led[24] (OUT)
  -------------------------------------------------------------------    -------------------

Slack:                    inf
  Source:                 student_top_inst/bridge_inst/LED_reg[17]_lopt_replica/C
                            (rising edge-triggered cell FDRE clocked by clk_out2_pll  {rise@0.000ns fall@2.857ns period=5.714ns})
  Destination:            virtual_led[17]
                            (output port)
  Path Group:             (none)
  Path Type:              Max at Slow Process Corner
  Data Path Delay:        7.898ns  (logic 2.665ns (33.738%)  route 5.233ns (66.262%))
  Logic Levels:           1  (OBUF=1)
  Clock Uncertainty:      0.237ns  ((TSJ^2 + DJ^2)^1/2) / 2 + PE
    Total System Jitter     (TSJ):    0.050ns
    Discrete Jitter          (DJ):    0.137ns
    Phase Error              (PE):    0.164ns

    Location             Delay type                Incr(ns)  Path(ns)    Netlist Resource(s)
  -------------------------------------------------------------------    -------------------
                         (clock clk_out2_pll rise edge)
                                                      0.000     0.000 r  
    AD12                                              0.000     0.000 r  i_sys_clk_p (IN)
                         net (fo=0)                   0.000     0.000    pll_inst/inst/clk_in1_p
    AD12                 IBUFDS (Prop_ibufds_I_O)     0.906     0.906 r  pll_inst/inst/clkin1_ibufgds/O
                         net (fo=1, routed)           1.098     2.004    pll_inst/inst/clk_in1_pll
    PLLE2_ADV_X1Y1       PLLE2_ADV (Prop_plle2_adv_CLKIN1_CLKOUT1)
                                                     -8.058    -6.054 r  pll_inst/inst/plle2_adv_inst/CLKOUT1
                         net (fo=1, routed)           2.128    -3.926    pll_inst/inst/clk_out2_pll
    BUFGCTRL_X0Y0        BUFG (Prop_bufg_I_O)         0.093    -3.833 r  pll_inst/inst/clkout2_buf/O
                         net (fo=6035, routed)        1.448    -2.385    student_top_inst/bridge_inst/clk_out2
    SLICE_X40Y117        FDRE                                         r  student_top_inst/bridge_inst/LED_reg[17]_lopt_replica/C
  -------------------------------------------------------------------    -------------------
    SLICE_X40Y117        FDRE (Prop_fdre_C_Q)         0.204    -2.181 r  student_top_inst/bridge_inst/LED_reg[17]_lopt_replica/Q
                         net (fo=1, routed)           5.233     3.052    lopt_8
    F23                  OBUF (Prop_obuf_I_O)         2.461     5.512 r  virtual_led_OBUF[17]_inst/O
                         net (fo=0)                   0.000     5.512    virtual_led[17]
    F23                                                               r  virtual_led[17] (OUT)
  -------------------------------------------------------------------    -------------------





--------------------------------------------------------------------------------------
Path Group:  (none)
From Clock:  clkfbout_pll
  To Clock:  

Max Delay             1 Endpoint
Min Delay             0 Endpoints
--------------------------------------------------------------------------------------


Max Delay Paths
--------------------------------------------------------------------------------------
Slack:                    inf
  Source:                 pll_inst/inst/plle2_adv_inst/CLKFBOUT
                            (clock source 'clkfbout_pll'  {rise@0.000ns fall@10.000ns period=20.000ns})
  Destination:            pll_inst/inst/plle2_adv_inst/CLKFBIN
  Path Group:             (none)
  Path Type:              Max at Fast Process Corner
  Data Path Delay:        2.022ns  (logic 0.030ns (1.484%)  route 1.992ns (98.516%))
  Logic Levels:           1  (BUFG=1)
  Clock Uncertainty:      0.220ns  ((TSJ^2 + DJ^2)^1/2) / 2 + PE
    Total System Jitter     (TSJ):    0.050ns
    Discrete Jitter          (DJ):    0.100ns
    Phase Error              (PE):    0.164ns

    Location             Delay type                Incr(ns)  Path(ns)    Netlist Resource(s)
  -------------------------------------------------------------------    -------------------
                         (clock clkfbout_pll fall edge)
                                                     10.000    10.000 f  
    AD12                                              0.000    10.000 f  i_sys_clk_p (IN)
                         net (fo=0)                   0.000    10.000    pll_inst/inst/clk_in1_p
    AD12                 IBUFDS (Prop_ibufds_I_O)     0.470    10.470 f  pll_inst/inst/clkin1_ibufgds/O
                         net (fo=1, routed)           0.554    11.024    pll_inst/inst/clk_in1_pll
  -------------------------------------------------------------------    -------------------
    PLLE2_ADV_X1Y1       PLLE2_ADV (Prop_plle2_adv_CLKIN1_CLKFBOUT)
                                                     -3.524     7.500 f  pll_inst/inst/plle2_adv_inst/CLKFBOUT
                         net (fo=1, routed)           1.027     8.527    pll_inst/inst/clkfbout_pll
    BUFGCTRL_X0Y2        BUFG (Prop_bufg_I_O)         0.030     8.557 f  pll_inst/inst/clkf_buf/O
                         net (fo=1, routed)           0.965     9.522    pll_inst/inst/clkfbout_buf_pll
    PLLE2_ADV_X1Y1       PLLE2_ADV                                    f  pll_inst/inst/plle2_adv_inst/CLKFBIN
  -------------------------------------------------------------------    -------------------





--------------------------------------------------------------------------------------
Path Group:  (none)
From Clock:  
  To Clock:  clk_out1_pll

Max Delay             1 Endpoint
Min Delay             0 Endpoints
--------------------------------------------------------------------------------------


Max Delay Paths
--------------------------------------------------------------------------------------
Slack:                    inf
  Source:                 i_uart_rx
                            (input port)
  Destination:            uart_inst/rx_d0_reg/D
                            (rising edge-triggered cell FDPE clocked by clk_out1_pll  {rise@0.000ns fall@10.000ns period=20.000ns})
  Path Group:             (none)
  Path Type:              Setup (Max at Slow Process Corner)
  Data Path Delay:        5.161ns  (logic 1.533ns (29.701%)  route 3.628ns (70.299%))
  Logic Levels:           1  (IBUF=1)
  Clock Path Skew:        -2.046ns (DCD - SCD + CPR)
    Destination Clock Delay (DCD):    -2.046ns
    Source Clock Delay      (SCD):    0.000ns
    Clock Pessimism Removal (CPR):    0.000ns
  Clock Uncertainty:      0.255ns  ((TSJ^2 + DJ^2)^1/2) / 2 + PE
    Total System Jitter     (TSJ):    0.050ns
    Discrete Jitter          (DJ):    0.174ns
    Phase Error              (PE):    0.164ns

    Location             Delay type                Incr(ns)  Path(ns)    Netlist Resource(s)
  -------------------------------------------------------------------    -------------------
    D18                                               0.000     0.000 r  i_uart_rx (IN)
                         net (fo=0)                   0.000     0.000    i_uart_rx
    D18                  IBUF (Prop_ibuf_I_O)         1.533     1.533 r  i_uart_rx_IBUF_inst/O
                         net (fo=1, routed)           3.628     5.161    uart_inst/i_uart_rx_IBUF
    SLICE_X36Y143        FDPE                                         r  uart_inst/rx_d0_reg/D
  -------------------------------------------------------------------    -------------------

                         (clock clk_out1_pll rise edge)
                                                      0.000     0.000 r  
    AD12                                              0.000     0.000 r  i_sys_clk_p (IN)
                         net (fo=0)                   0.000     0.000    pll_inst/inst/clk_in1_p
    AD12                 IBUFDS (Prop_ibufds_I_O)     0.803     0.803 r  pll_inst/inst/clkin1_ibufgds/O
                         net (fo=1, routed)           1.001     1.804    pll_inst/inst/clk_in1_pll
    PLLE2_ADV_X1Y1       PLLE2_ADV (Prop_plle2_adv_CLKIN1_CLKOUT0)
                                                     -7.261    -5.457 r  pll_inst/inst/plle2_adv_inst/CLKOUT0
                         net (fo=1, routed)           2.003    -3.454    pll_inst/inst/clk_out1_pll
    BUFGCTRL_X0Y1        BUFG (Prop_bufg_I_O)         0.083    -3.371 r  pll_inst/inst/clkout1_buf/O
                         net (fo=386, routed)         1.325    -2.046    uart_inst/clk_out1
    SLICE_X36Y143        FDPE                                         r  uart_inst/rx_d0_reg/C





