Copyright 1986-2022 Xilinx, Inc. All Rights Reserved. Copyright 2022-2023 Advanced Micro Devices, Inc. All Rights Reserved.
---------------------------------------------------------------------------------------------------------------------------------------------------------------------------------------------------------------------------------------------------------------------------------
| Tool Version : Vivado v.2023.2 (win64) Build 4029153 Fri Oct 13 20:14:34 MDT 2023
| Date         : Sun Jul 12 17:16:38 2026
| Host         : DESKTOP-MO7L2KR running 64-bit major release  (build 9200)
| Command      : report_timing_summary -delay_type min -report_unconstrained -check_timing_verbose -max_paths 20 -input_pins -file D:/Desktop/JYD/Source_code/BPU_FixTiming3/jyd/pipilined5/Timing_info/fixtiming3/150mhz/20260712_171624_baseline_150mhz/timing_summary_min.rpt
| Design       : top
| Device       : 7k325t-ffg900
| Speed File   : -2  PRODUCTION 1.12 2017-02-17
| Design State : Routed
---------------------------------------------------------------------------------------------------------------------------------------------------------------------------------------------------------------------------------------------------------------------------------

Timing Summary Report

------------------------------------------------------------------------------------------------
| Timer Settings
| --------------
------------------------------------------------------------------------------------------------

  Enable Multi Corner Analysis               :  Yes
  Enable Pessimism Removal                   :  Yes
  Pessimism Removal Resolution               :  Nearest Common Node
  Enable Input Delay Default Clock           :  No
  Enable Preset / Clear Arcs                 :  No
  Disable Flight Delays                      :  No
  Ignore I/O Paths                           :  No
  Timing Early Launch at Borrowing Latches   :  No
  Borrow Time for Max Delay Exceptions       :  Yes
  Merge Timing Exceptions                    :  Yes
  Inter-SLR Compensation                     :  Conservative

  Corner  Analyze    Analyze    
  Name    Max Paths  Min Paths  
  ------  ---------  ---------  
  Slow    Yes        Yes        
  Fast    Yes        Yes        


------------------------------------------------------------------------------------------------
| Report Methodology
| ------------------
------------------------------------------------------------------------------------------------

Rule      Severity  Description                                  Violations  
--------  --------  -------------------------------------------  ----------  
ULMTCS-1  Warning   Control Sets use limits recommend reduction  1           

Note: This report is based on the most recent report_methodology run and may not be up-to-date. Run report_methodology on the current design for the latest report.



check_timing report

Table of Contents
-----------------
1. checking no_clock (0)
2. checking constant_clock (0)
3. checking pulse_width_clock (0)
4. checking unconstrained_internal_endpoints (0)
5. checking no_input_delay (1)
6. checking no_output_delay (69)
7. checking multiple_clock (0)
8. checking generated_clocks (0)
9. checking loops (0)
10. checking partial_input_delay (0)
11. checking partial_output_delay (0)
12. checking latch_loops (0)

1. checking no_clock (0)
------------------------
 There are 0 register/latch pins with no clock.


2. checking constant_clock (0)
------------------------------
 There are 0 register/latch pins with constant_clock.


3. checking pulse_width_clock (0)
---------------------------------
 There are 0 register/latch pins which need pulse_width check


4. checking unconstrained_internal_endpoints (0)
------------------------------------------------
 There are 0 pins that are not constrained for maximum delay.

 There are 0 pins that are not constrained for maximum delay due to constant clock.


5. checking no_input_delay (1)
------------------------------
 There is 1 input port with no input delay specified. (HIGH)

i_uart_rx

 There are 0 input ports with no input delay but user has a false path constraint.


6. checking no_output_delay (69)
--------------------------------
 There are 69 ports with no output delay specified. (HIGH)

o_uart_tx
virtual_led[0]
virtual_led[10]
virtual_led[11]
virtual_led[12]
virtual_led[13]
virtual_led[14]
virtual_led[15]
virtual_led[16]
virtual_led[17]
virtual_led[18]
virtual_led[19]
virtual_led[1]
virtual_led[20]
virtual_led[21]
virtual_led[22]
virtual_led[23]
virtual_led[24]
virtual_led[25]
virtual_led[26]
virtual_led[27]
virtual_led[28]
virtual_led[29]
virtual_led[2]
virtual_led[30]
virtual_led[31]
virtual_led[3]
virtual_led[4]
virtual_led[5]
virtual_led[6]
virtual_led[7]
virtual_led[8]
virtual_led[9]
virtual_seg[0]
virtual_seg[10]
virtual_seg[11]
virtual_seg[12]
virtual_seg[13]
virtual_seg[14]
virtual_seg[15]
virtual_seg[16]
virtual_seg[18]
virtual_seg[19]
virtual_seg[1]
virtual_seg[20]
virtual_seg[21]
virtual_seg[22]
virtual_seg[23]
virtual_seg[24]
virtual_seg[25]
virtual_seg[26]
virtual_seg[28]
virtual_seg[29]
virtual_seg[2]
virtual_seg[30]
virtual_seg[31]
virtual_seg[32]
virtual_seg[33]
virtual_seg[34]
virtual_seg[35]
virtual_seg[36]
virtual_seg[38]
virtual_seg[39]
virtual_seg[3]
virtual_seg[4]
virtual_seg[5]
virtual_seg[6]
virtual_seg[8]
virtual_seg[9]

 There are 0 ports with no output delay but user has a false path constraint

 There are 0 ports with no output delay but with a timing clock defined on it or propagating through it


7. checking multiple_clock (0)
------------------------------
 There are 0 register/latch pins with multiple clocks.


8. checking generated_clocks (0)
--------------------------------
 There are 0 generated clocks that are not connected to a clock source.


9. checking loops (0)
---------------------
 There are 0 combinational loops in the design.


10. checking partial_input_delay (0)
------------------------------------
 There are 0 input ports with partial input delay specified.


11. checking partial_output_delay (0)
-------------------------------------
 There are 0 ports with partial output delay specified.


12. checking latch_loops (0)
----------------------------
 There are 0 combinational latch loops in the design through latch input



------------------------------------------------------------------------------------------------
| Design Timing Summary
| ---------------------
------------------------------------------------------------------------------------------------

    WHS(ns)      THS(ns)  THS Failing Endpoints  THS Total Endpoints     WPWS(ns)     TPWS(ns)  TPWS Failing Endpoints  TPWS Total Endpoints  
    -------      -------  ---------------------  -------------------     --------     --------  ----------------------  --------------------  
      0.056        0.000                      0               331799        1.100        0.000                       0                 35018  


All user specified timing constraints are met.


------------------------------------------------------------------------------------------------
| Clock Summary
| -------------
------------------------------------------------------------------------------------------------

Clock           Waveform(ns)         Period(ns)      Frequency(MHz)
-----           ------------         ----------      --------------
i_sys_clk_p     {0.000 2.500}        5.000           200.000         
  clk_out1_pll  {0.000 10.000}       20.000          50.000          
  clk_out2_pll  {0.000 4.000}        8.000           125.000         
  clkfbout_pll  {0.000 2.500}        5.000           200.000         


------------------------------------------------------------------------------------------------
| Intra Clock Table
| -----------------
------------------------------------------------------------------------------------------------

Clock               WHS(ns)      THS(ns)  THS Failing Endpoints  THS Total Endpoints     WPWS(ns)     TPWS(ns)  TPWS Failing Endpoints  TPWS Total Endpoints  
-----               -------      -------  ---------------------  -------------------     --------     --------  ----------------------  --------------------  
i_sys_clk_p                                                                                 1.100        0.000                       0                     1  
  clk_out1_pll        0.119        0.000                      0                  558        9.600        0.000                       0                   355  
  clk_out2_pll        0.056        0.000                      0               331179        3.232        0.000                       0                 34659  
  clkfbout_pll                                                                              3.592        0.000                       0                     3  


------------------------------------------------------------------------------------------------
| Inter Clock Table
| -----------------
------------------------------------------------------------------------------------------------

From Clock    To Clock          WHS(ns)      THS(ns)  THS Failing Endpoints  THS Total Endpoints  
----------    --------          -------      -------  ---------------------  -------------------  
clk_out2_pll  clk_out1_pll        0.077        0.000                      0                   63  
clk_out1_pll  clk_out2_pll        0.096        0.000                      0                   32  


------------------------------------------------------------------------------------------------
| Other Path Groups Table
| -----------------------
------------------------------------------------------------------------------------------------

Path Group    From Clock    To Clock          WHS(ns)      THS(ns)  THS Failing Endpoints  THS Total Endpoints  
----------    ----------    --------          -------      -------  ---------------------  -------------------  


------------------------------------------------------------------------------------------------
| User Ignored Path Table
| -----------------------
------------------------------------------------------------------------------------------------

Path Group    From Clock    To Clock    
----------    ----------    --------    


------------------------------------------------------------------------------------------------
| Unconstrained Path Table
| ------------------------
------------------------------------------------------------------------------------------------

Path Group    From Clock    To Clock    
----------    ----------    --------    
(none)        clk_out1_pll                
(none)        clk_out2_pll                
(none)        clkfbout_pll                
(none)                      clk_out1_pll  


------------------------------------------------------------------------------------------------
| Timing Details
| --------------
------------------------------------------------------------------------------------------------


---------------------------------------------------------------------------------------------------
From Clock:  i_sys_clk_p
  To Clock:  i_sys_clk_p

Setup :           NA  Failing Endpoints,  Worst Slack           NA  ,  Total Violation           NA
Hold  :           NA  Failing Endpoints,  Worst Slack           NA  ,  Total Violation           NA
PW    :            0  Failing Endpoints,  Worst Slack        1.100ns,  Total Violation        0.000ns
---------------------------------------------------------------------------------------------------


Pulse Width Checks
--------------------------------------------------------------------------------------
Clock Name:         i_sys_clk_p
Waveform(ns):       { 0.000 2.500 }
Period(ns):         5.000
Sources:            { i_sys_clk_p }

Check Type        Corner  Lib Pin           Reference Pin  Required(ns)  Actual(ns)  Slack(ns)  Location        Pin
Min Period        n/a     PLLE2_ADV/CLKIN1  n/a            1.071         5.000       3.929      PLLE2_ADV_X1Y1  pll_inst/inst/plle2_adv_inst/CLKIN1
Max Period        n/a     PLLE2_ADV/CLKIN1  n/a            52.633        5.000       47.633     PLLE2_ADV_X1Y1  pll_inst/inst/plle2_adv_inst/CLKIN1
Low Pulse Width   Slow    PLLE2_ADV/CLKIN1  n/a            1.400         2.500       1.100      PLLE2_ADV_X1Y1  pll_inst/inst/plle2_adv_inst/CLKIN1
Low Pulse Width   Fast    PLLE2_ADV/CLKIN1  n/a            1.400         2.500       1.100      PLLE2_ADV_X1Y1  pll_inst/inst/plle2_adv_inst/CLKIN1
High Pulse Width  Slow    PLLE2_ADV/CLKIN1  n/a            1.400         2.500       1.100      PLLE2_ADV_X1Y1  pll_inst/inst/plle2_adv_inst/CLKIN1
High Pulse Width  Fast    PLLE2_ADV/CLKIN1  n/a            1.400         2.500       1.100      PLLE2_ADV_X1Y1  pll_inst/inst/plle2_adv_inst/CLKIN1



---------------------------------------------------------------------------------------------------
From Clock:  clk_out1_pll
  To Clock:  clk_out1_pll

Setup :           NA  Failing Endpoints,  Worst Slack           NA  ,  Total Violation           NA
Hold  :            0  Failing Endpoints,  Worst Slack        0.119ns,  Total Violation        0.000ns
PW    :            0  Failing Endpoints,  Worst Slack        9.600ns,  Total Violation        0.000ns
---------------------------------------------------------------------------------------------------


Min Delay Paths
--------------------------------------------------------------------------------------
Slack (MET) :             0.119ns  (arrival time - required time)
  Source:                 uart_inst/rx_shift_reg[2]/C
                            (rising edge-triggered cell FDCE clocked by clk_out1_pll  {rise@0.000ns fall@10.000ns period=20.000ns})
  Destination:            uart_inst/rx_data_reg[2]/D
                            (rising edge-triggered cell FDCE clocked by clk_out1_pll  {rise@0.000ns fall@10.000ns period=20.000ns})
  Path Group:             clk_out1_pll
  Path Type:              Hold (Min at Fast Process Corner)
  Requirement:            0.000ns  (clk_out1_pll rise@0.000ns - clk_out1_pll rise@0.000ns)
  Data Path Delay:        0.162ns  (logic 0.100ns (61.668%)  route 0.062ns (38.332%))
  Logic Levels:           0  
  Clock Path Skew:        0.011ns (DCD - SCD - CPR)
    Destination Clock Delay (DCD):    -0.669ns
    Source Clock Delay      (SCD):    -0.464ns
    Clock Pessimism Removal (CPR):    -0.217ns

    Location             Delay type                Incr(ns)  Path(ns)    Netlist Resource(s)
  -------------------------------------------------------------------    -------------------
                         (clock clk_out1_pll rise edge)
                                                      0.000     0.000 r  
    AD12                                              0.000     0.000 r  i_sys_clk_p (IN)
                         net (fo=0)                   0.000     0.000    pll_inst/inst/clk_in1_p
    AD12                                                              r  pll_inst/inst/clkin1_ibufgds/I
    AD12                 IBUFDS (Prop_ibufds_I_O)     0.388     0.388 r  pll_inst/inst/clkin1_ibufgds/O
                         net (fo=1, routed)           0.503     0.891    pll_inst/inst/clk_in1_pll
    PLLE2_ADV_X1Y1                                                    r  pll_inst/inst/plle2_adv_inst/CLKIN1
    PLLE2_ADV_X1Y1       PLLE2_ADV (Prop_plle2_adv_CLKIN1_CLKOUT0)
                                                     -2.908    -2.017 r  pll_inst/inst/plle2_adv_inst/CLKOUT0
                         net (fo=1, routed)           0.958    -1.059    pll_inst/inst/clk_out1_pll
    BUFGCTRL_X0Y1                                                     r  pll_inst/inst/clkout1_buf/I
    BUFGCTRL_X0Y1        BUFG (Prop_bufg_I_O)         0.026    -1.033 r  pll_inst/inst/clkout1_buf/O
                         net (fo=353, routed)         0.569    -0.464    uart_inst/clk_out1
    SLICE_X32Y244        FDCE                                         r  uart_inst/rx_shift_reg[2]/C
  -------------------------------------------------------------------    -------------------
    SLICE_X32Y244        FDCE (Prop_fdce_C_Q)         0.100    -0.364 r  uart_inst/rx_shift_reg[2]/Q
                         net (fo=2, routed)           0.062    -0.301    uart_inst/rx_shift[2]
    SLICE_X33Y244        FDCE                                         r  uart_inst/rx_data_reg[2]/D
  -------------------------------------------------------------------    -------------------

                         (clock clk_out1_pll rise edge)
                                                      0.000     0.000 r  
    AD12                                              0.000     0.000 r  i_sys_clk_p (IN)
                         net (fo=0)                   0.000     0.000    pll_inst/inst/clk_in1_p
    AD12                                                              r  pll_inst/inst/clkin1_ibufgds/I
    AD12                 IBUFDS (Prop_ibufds_I_O)     0.470     0.470 r  pll_inst/inst/clkin1_ibufgds/O
                         net (fo=1, routed)           0.554     1.024    pll_inst/inst/clk_in1_pll
    PLLE2_ADV_X1Y1                                                    r  pll_inst/inst/plle2_adv_inst/CLKIN1
    PLLE2_ADV_X1Y1       PLLE2_ADV (Prop_plle2_adv_CLKIN1_CLKOUT0)
                                                     -3.524    -2.500 r  pll_inst/inst/plle2_adv_inst/CLKOUT0
                         net (fo=1, routed)           1.027    -1.473    pll_inst/inst/clk_out1_pll
    BUFGCTRL_X0Y1                                                     r  pll_inst/inst/clkout1_buf/I
    BUFGCTRL_X0Y1        BUFG (Prop_bufg_I_O)         0.030    -1.443 r  pll_inst/inst/clkout1_buf/O
                         net (fo=353, routed)         0.774    -0.669    uart_inst/clk_out1
    SLICE_X33Y244        FDCE                                         r  uart_inst/rx_data_reg[2]/C
                         clock pessimism              0.217    -0.453    
    SLICE_X33Y244        FDCE (Hold_fdce_C_D)         0.032    -0.421    uart_inst/rx_data_reg[2]
  -------------------------------------------------------------------
                         required time                          0.421    
                         arrival time                          -0.301    
  -------------------------------------------------------------------
                         slack                                  0.119    

Slack (MET) :             0.129ns  (arrival time - required time)
  Source:                 uart_inst/rx_shift_reg[6]/C
                            (rising edge-triggered cell FDCE clocked by clk_out1_pll  {rise@0.000ns fall@10.000ns period=20.000ns})
  Destination:            uart_inst/rx_data_reg[6]/D
                            (rising edge-triggered cell FDCE clocked by clk_out1_pll  {rise@0.000ns fall@10.000ns period=20.000ns})
  Path Group:             clk_out1_pll
  Path Type:              Hold (Min at Fast Process Corner)
  Requirement:            0.000ns  (clk_out1_pll rise@0.000ns - clk_out1_pll rise@0.000ns)
  Data Path Delay:        0.151ns  (logic 0.091ns (60.158%)  route 0.060ns (39.842%))
  Logic Levels:           0  
  Clock Path Skew:        0.011ns (DCD - SCD - CPR)
    Destination Clock Delay (DCD):    -0.669ns
    Source Clock Delay      (SCD):    -0.464ns
    Clock Pessimism Removal (CPR):    -0.217ns

    Location             Delay type                Incr(ns)  Path(ns)    Netlist Resource(s)
  -------------------------------------------------------------------    -------------------
                         (clock clk_out1_pll rise edge)
                                                      0.000     0.000 r  
    AD12                                              0.000     0.000 r  i_sys_clk_p (IN)
                         net (fo=0)                   0.000     0.000    pll_inst/inst/clk_in1_p
    AD12                                                              r  pll_inst/inst/clkin1_ibufgds/I
    AD12                 IBUFDS (Prop_ibufds_I_O)     0.388     0.388 r  pll_inst/inst/clkin1_ibufgds/O
                         net (fo=1, routed)           0.503     0.891    pll_inst/inst/clk_in1_pll
    PLLE2_ADV_X1Y1                                                    r  pll_inst/inst/plle2_adv_inst/CLKIN1
    PLLE2_ADV_X1Y1       PLLE2_ADV (Prop_plle2_adv_CLKIN1_CLKOUT0)
                                                     -2.908    -2.017 r  pll_inst/inst/plle2_adv_inst/CLKOUT0
                         net (fo=1, routed)           0.958    -1.059    pll_inst/inst/clk_out1_pll
    BUFGCTRL_X0Y1                                                     r  pll_inst/inst/clkout1_buf/I
    BUFGCTRL_X0Y1        BUFG (Prop_bufg_I_O)         0.026    -1.033 r  pll_inst/inst/clkout1_buf/O
                         net (fo=353, routed)         0.569    -0.464    uart_inst/clk_out1
    SLICE_X32Y244        FDCE                                         r  uart_inst/rx_shift_reg[6]/C
  -------------------------------------------------------------------    -------------------
    SLICE_X32Y244        FDCE (Prop_fdce_C_Q)         0.091    -0.373 r  uart_inst/rx_shift_reg[6]/Q
                         net (fo=2, routed)           0.060    -0.312    uart_inst/rx_shift[6]
    SLICE_X33Y244        FDCE                                         r  uart_inst/rx_data_reg[6]/D
  -------------------------------------------------------------------    -------------------

                         (clock clk_out1_pll rise edge)
                                                      0.000     0.000 r  
    AD12                                              0.000     0.000 r  i_sys_clk_p (IN)
                         net (fo=0)                   0.000     0.000    pll_inst/inst/clk_in1_p
    AD12                                                              r  pll_inst/inst/clkin1_ibufgds/I
    AD12                 IBUFDS (Prop_ibufds_I_O)     0.470     0.470 r  pll_inst/inst/clkin1_ibufgds/O
                         net (fo=1, routed)           0.554     1.024    pll_inst/inst/clk_in1_pll
    PLLE2_ADV_X1Y1                                                    r  pll_inst/inst/plle2_adv_inst/CLKIN1
    PLLE2_ADV_X1Y1       PLLE2_ADV (Prop_plle2_adv_CLKIN1_CLKOUT0)
                                                     -3.524    -2.500 r  pll_inst/inst/plle2_adv_inst/CLKOUT0
                         net (fo=1, routed)           1.027    -1.473    pll_inst/inst/clk_out1_pll
    BUFGCTRL_X0Y1                                                     r  pll_inst/inst/clkout1_buf/I
    BUFGCTRL_X0Y1        BUFG (Prop_bufg_I_O)         0.030    -1.443 r  pll_inst/inst/clkout1_buf/O
                         net (fo=353, routed)         0.774    -0.669    uart_inst/clk_out1
    SLICE_X33Y244        FDCE                                         r  uart_inst/rx_data_reg[6]/C
                         clock pessimism              0.217    -0.453    
    SLICE_X33Y244        FDCE (Hold_fdce_C_D)         0.011    -0.442    uart_inst/rx_data_reg[6]
  -------------------------------------------------------------------
                         required time                          0.442    
                         arrival time                          -0.312    
  -------------------------------------------------------------------
                         slack                                  0.129    

Slack (MET) :             0.135ns  (arrival time - required time)
  Source:                 uart_inst/rx_shift_reg[5]/C
                            (rising edge-triggered cell FDCE clocked by clk_out1_pll  {rise@0.000ns fall@10.000ns period=20.000ns})
  Destination:            uart_inst/rx_data_reg[5]/D
                            (rising edge-triggered cell FDCE clocked by clk_out1_pll  {rise@0.000ns fall@10.000ns period=20.000ns})
  Path Group:             clk_out1_pll
  Path Type:              Hold (Min at Fast Process Corner)
  Requirement:            0.000ns  (clk_out1_pll rise@0.000ns - clk_out1_pll rise@0.000ns)
  Data Path Delay:        0.153ns  (logic 0.091ns (59.400%)  route 0.062ns (40.600%))
  Logic Levels:           0  
  Clock Path Skew:        0.011ns (DCD - SCD - CPR)
    Destination Clock Delay (DCD):    -0.669ns
    Source Clock Delay      (SCD):    -0.464ns
    Clock Pessimism Removal (CPR):    -0.217ns

    Location             Delay type                Incr(ns)  Path(ns)    Netlist Resource(s)
  -------------------------------------------------------------------    -------------------
                         (clock clk_out1_pll rise edge)
                                                      0.000     0.000 r  
    AD12                                              0.000     0.000 r  i_sys_clk_p (IN)
                         net (fo=0)                   0.000     0.000    pll_inst/inst/clk_in1_p
    AD12                                                              r  pll_inst/inst/clkin1_ibufgds/I
    AD12                 IBUFDS (Prop_ibufds_I_O)     0.388     0.388 r  pll_inst/inst/clkin1_ibufgds/O
                         net (fo=1, routed)           0.503     0.891    pll_inst/inst/clk_in1_pll
    PLLE2_ADV_X1Y1                                                    r  pll_inst/inst/plle2_adv_inst/CLKIN1
    PLLE2_ADV_X1Y1       PLLE2_ADV (Prop_plle2_adv_CLKIN1_CLKOUT0)
                                                     -2.908    -2.017 r  pll_inst/inst/plle2_adv_inst/CLKOUT0
                         net (fo=1, routed)           0.958    -1.059    pll_inst/inst/clk_out1_pll
    BUFGCTRL_X0Y1                                                     r  pll_inst/inst/clkout1_buf/I
    BUFGCTRL_X0Y1        BUFG (Prop_bufg_I_O)         0.026    -1.033 r  pll_inst/inst/clkout1_buf/O
                         net (fo=353, routed)         0.569    -0.464    uart_inst/clk_out1
    SLICE_X32Y244        FDCE                                         r  uart_inst/rx_shift_reg[5]/C
  -------------------------------------------------------------------    -------------------
    SLICE_X32Y244        FDCE (Prop_fdce_C_Q)         0.091    -0.373 r  uart_inst/rx_shift_reg[5]/Q
                         net (fo=2, routed)           0.062    -0.310    uart_inst/rx_shift[5]
    SLICE_X33Y244        FDCE                                         r  uart_inst/rx_data_reg[5]/D
  -------------------------------------------------------------------    -------------------

                         (clock clk_out1_pll rise edge)
                                                      0.000     0.000 r  
    AD12                                              0.000     0.000 r  i_sys_clk_p (IN)
                         net (fo=0)                   0.000     0.000    pll_inst/inst/clk_in1_p
    AD12                                                              r  pll_inst/inst/clkin1_ibufgds/I
    AD12                 IBUFDS (Prop_ibufds_I_O)     0.470     0.470 r  pll_inst/inst/clkin1_ibufgds/O
                         net (fo=1, routed)           0.554     1.024    pll_inst/inst/clk_in1_pll
    PLLE2_ADV_X1Y1                                                    r  pll_inst/inst/plle2_adv_inst/CLKIN1
    PLLE2_ADV_X1Y1       PLLE2_ADV (Prop_plle2_adv_CLKIN1_CLKOUT0)
                                                     -3.524    -2.500 r  pll_inst/inst/plle2_adv_inst/CLKOUT0
                         net (fo=1, routed)           1.027    -1.473    pll_inst/inst/clk_out1_pll
    BUFGCTRL_X0Y1                                                     r  pll_inst/inst/clkout1_buf/I
    BUFGCTRL_X0Y1        BUFG (Prop_bufg_I_O)         0.030    -1.443 r  pll_inst/inst/clkout1_buf/O
                         net (fo=353, routed)         0.774    -0.669    uart_inst/clk_out1
    SLICE_X33Y244        FDCE                                         r  uart_inst/rx_data_reg[5]/C
                         clock pessimism              0.217    -0.453    
    SLICE_X33Y244        FDCE (Hold_fdce_C_D)         0.007    -0.446    uart_inst/rx_data_reg[5]
  -------------------------------------------------------------------
                         required time                          0.446    
                         arrival time                          -0.310    
  -------------------------------------------------------------------
                         slack                                  0.135    

Slack (MET) :             0.138ns  (arrival time - required time)
  Source:                 uart_inst/rx_shift_reg[4]/C
                            (rising edge-triggered cell FDCE clocked by clk_out1_pll  {rise@0.000ns fall@10.000ns period=20.000ns})
  Destination:            uart_inst/rx_data_reg[4]/D
                            (rising edge-triggered cell FDCE clocked by clk_out1_pll  {rise@0.000ns fall@10.000ns period=20.000ns})
  Path Group:             clk_out1_pll
  Path Type:              Hold (Min at Fast Process Corner)
  Requirement:            0.000ns  (clk_out1_pll rise@0.000ns - clk_out1_pll rise@0.000ns)
  Data Path Delay:        0.152ns  (logic 0.091ns (59.971%)  route 0.061ns (40.029%))
  Logic Levels:           0  
  Clock Path Skew:        0.011ns (DCD - SCD - CPR)
    Destination Clock Delay (DCD):    -0.669ns
    Source Clock Delay      (SCD):    -0.464ns
    Clock Pessimism Removal (CPR):    -0.217ns

    Location             Delay type                Incr(ns)  Path(ns)    Netlist Resource(s)
  -------------------------------------------------------------------    -------------------
                         (clock clk_out1_pll rise edge)
                                                      0.000     0.000 r  
    AD12                                              0.000     0.000 r  i_sys_clk_p (IN)
                         net (fo=0)                   0.000     0.000    pll_inst/inst/clk_in1_p
    AD12                                                              r  pll_inst/inst/clkin1_ibufgds/I
    AD12                 IBUFDS (Prop_ibufds_I_O)     0.388     0.388 r  pll_inst/inst/clkin1_ibufgds/O
                         net (fo=1, routed)           0.503     0.891    pll_inst/inst/clk_in1_pll
    PLLE2_ADV_X1Y1                                                    r  pll_inst/inst/plle2_adv_inst/CLKIN1
    PLLE2_ADV_X1Y1       PLLE2_ADV (Prop_plle2_adv_CLKIN1_CLKOUT0)
                                                     -2.908    -2.017 r  pll_inst/inst/plle2_adv_inst/CLKOUT0
                         net (fo=1, routed)           0.958    -1.059    pll_inst/inst/clk_out1_pll
    BUFGCTRL_X0Y1                                                     r  pll_inst/inst/clkout1_buf/I
    BUFGCTRL_X0Y1        BUFG (Prop_bufg_I_O)         0.026    -1.033 r  pll_inst/inst/clkout1_buf/O
                         net (fo=353, routed)         0.569    -0.464    uart_inst/clk_out1
    SLICE_X32Y244        FDCE                                         r  uart_inst/rx_shift_reg[4]/C
  -------------------------------------------------------------------    -------------------
    SLICE_X32Y244        FDCE (Prop_fdce_C_Q)         0.091    -0.373 r  uart_inst/rx_shift_reg[4]/Q
                         net (fo=2, routed)           0.061    -0.312    uart_inst/rx_shift[4]
    SLICE_X33Y244        FDCE                                         r  uart_inst/rx_data_reg[4]/D
  -------------------------------------------------------------------    -------------------

                         (clock clk_out1_pll rise edge)
                                                      0.000     0.000 r  
    AD12                                              0.000     0.000 r  i_sys_clk_p (IN)
                         net (fo=0)                   0.000     0.000    pll_inst/inst/clk_in1_p
    AD12                                                              r  pll_inst/inst/clkin1_ibufgds/I
    AD12                 IBUFDS (Prop_ibufds_I_O)     0.470     0.470 r  pll_inst/inst/clkin1_ibufgds/O
                         net (fo=1, routed)           0.554     1.024    pll_inst/inst/clk_in1_pll
    PLLE2_ADV_X1Y1                                                    r  pll_inst/inst/plle2_adv_inst/CLKIN1
    PLLE2_ADV_X1Y1       PLLE2_ADV (Prop_plle2_adv_CLKIN1_CLKOUT0)
                                                     -3.524    -2.500 r  pll_inst/inst/plle2_adv_inst/CLKOUT0
                         net (fo=1, routed)           1.027    -1.473    pll_inst/inst/clk_out1_pll
    BUFGCTRL_X0Y1                                                     r  pll_inst/inst/clkout1_buf/I
    BUFGCTRL_X0Y1        BUFG (Prop_bufg_I_O)         0.030    -1.443 r  pll_inst/inst/clkout1_buf/O
                         net (fo=353, routed)         0.774    -0.669    uart_inst/clk_out1
    SLICE_X33Y244        FDCE                                         r  uart_inst/rx_data_reg[4]/C
                         clock pessimism              0.217    -0.453    
    SLICE_X33Y244        FDCE (Hold_fdce_C_D)         0.003    -0.450    uart_inst/rx_data_reg[4]
  -------------------------------------------------------------------
                         required time                          0.450    
                         arrival time                          -0.312    
  -------------------------------------------------------------------
                         slack                                  0.138    

Slack (MET) :             0.142ns  (arrival time - required time)
  Source:                 twin_controller_inst/sw_reg[21]/C
                            (rising edge-triggered cell FDCE clocked by clk_out1_pll  {rise@0.000ns fall@10.000ns period=20.000ns})
  Destination:            twin_controller_inst/status_buffer_reg[8][5]/D
                            (rising edge-triggered cell FDCE clocked by clk_out1_pll  {rise@0.000ns fall@10.000ns period=20.000ns})
  Path Group:             clk_out1_pll
  Path Type:              Hold (Min at Fast Process Corner)
  Requirement:            0.000ns  (clk_out1_pll rise@0.000ns - clk_out1_pll rise@0.000ns)
  Data Path Delay:        0.217ns  (logic 0.100ns (45.997%)  route 0.117ns (54.003%))
  Logic Levels:           0  
  Clock Path Skew:        0.032ns (DCD - SCD - CPR)
    Destination Clock Delay (DCD):    -0.680ns
    Source Clock Delay      (SCD):    -0.475ns
    Clock Pessimism Removal (CPR):    -0.238ns

    Location             Delay type                Incr(ns)  Path(ns)    Netlist Resource(s)
  -------------------------------------------------------------------    -------------------
                         (clock clk_out1_pll rise edge)
                                                      0.000     0.000 r  
    AD12                                              0.000     0.000 r  i_sys_clk_p (IN)
                         net (fo=0)                   0.000     0.000    pll_inst/inst/clk_in1_p
    AD12                                                              r  pll_inst/inst/clkin1_ibufgds/I
    AD12                 IBUFDS (Prop_ibufds_I_O)     0.388     0.388 r  pll_inst/inst/clkin1_ibufgds/O
                         net (fo=1, routed)           0.503     0.891    pll_inst/inst/clk_in1_pll
    PLLE2_ADV_X1Y1                                                    r  pll_inst/inst/plle2_adv_inst/CLKIN1
    PLLE2_ADV_X1Y1       PLLE2_ADV (Prop_plle2_adv_CLKIN1_CLKOUT0)
                                                     -2.908    -2.017 r  pll_inst/inst/plle2_adv_inst/CLKOUT0
                         net (fo=1, routed)           0.958    -1.059    pll_inst/inst/clk_out1_pll
    BUFGCTRL_X0Y1                                                     r  pll_inst/inst/clkout1_buf/I
    BUFGCTRL_X0Y1        BUFG (Prop_bufg_I_O)         0.026    -1.033 r  pll_inst/inst/clkout1_buf/O
                         net (fo=353, routed)         0.558    -0.475    twin_controller_inst/CLK
    SLICE_X35Y227        FDCE                                         r  twin_controller_inst/sw_reg[21]/C
  -------------------------------------------------------------------    -------------------
    SLICE_X35Y227        FDCE (Prop_fdce_C_Q)         0.100    -0.375 r  twin_controller_inst/sw_reg[21]/Q
                         net (fo=3, routed)           0.117    -0.257    twin_controller_inst/sw_reg[63]_0[18]
    SLICE_X30Y227        FDCE                                         r  twin_controller_inst/status_buffer_reg[8][5]/D
  -------------------------------------------------------------------    -------------------

                         (clock clk_out1_pll rise edge)
                                                      0.000     0.000 r  
    AD12                                              0.000     0.000 r  i_sys_clk_p (IN)
                         net (fo=0)                   0.000     0.000    pll_inst/inst/clk_in1_p
    AD12                                                              r  pll_inst/inst/clkin1_ibufgds/I
    AD12                 IBUFDS (Prop_ibufds_I_O)     0.470     0.470 r  pll_inst/inst/clkin1_ibufgds/O
                         net (fo=1, routed)           0.554     1.024    pll_inst/inst/clk_in1_pll
    PLLE2_ADV_X1Y1                                                    r  pll_inst/inst/plle2_adv_inst/CLKIN1
    PLLE2_ADV_X1Y1       PLLE2_ADV (Prop_plle2_adv_CLKIN1_CLKOUT0)
                                                     -3.524    -2.500 r  pll_inst/inst/plle2_adv_inst/CLKOUT0
                         net (fo=1, routed)           1.027    -1.473    pll_inst/inst/clk_out1_pll
    BUFGCTRL_X0Y1                                                     r  pll_inst/inst/clkout1_buf/I
    BUFGCTRL_X0Y1        BUFG (Prop_bufg_I_O)         0.030    -1.443 r  pll_inst/inst/clkout1_buf/O
                         net (fo=353, routed)         0.763    -0.680    twin_controller_inst/CLK
    SLICE_X30Y227        FDCE                                         r  twin_controller_inst/status_buffer_reg[8][5]/C
                         clock pessimism              0.238    -0.443    
    SLICE_X30Y227        FDCE (Hold_fdce_C_D)         0.043    -0.400    twin_controller_inst/status_buffer_reg[8][5]
  -------------------------------------------------------------------
                         required time                          0.400    
                         arrival time                          -0.257    
  -------------------------------------------------------------------
                         slack                                  0.142    

Slack (MET) :             0.143ns  (arrival time - required time)
  Source:                 twin_controller_inst/sw_reg[18]/C
                            (rising edge-triggered cell FDCE clocked by clk_out1_pll  {rise@0.000ns fall@10.000ns period=20.000ns})
  Destination:            twin_controller_inst/status_buffer_reg[8][2]/D
                            (rising edge-triggered cell FDCE clocked by clk_out1_pll  {rise@0.000ns fall@10.000ns period=20.000ns})
  Path Group:             clk_out1_pll
  Path Type:              Hold (Min at Fast Process Corner)
  Requirement:            0.000ns  (clk_out1_pll rise@0.000ns - clk_out1_pll rise@0.000ns)
  Data Path Delay:        0.218ns  (logic 0.100ns (45.975%)  route 0.118ns (54.025%))
  Logic Levels:           0  
  Clock Path Skew:        0.028ns (DCD - SCD - CPR)
    Destination Clock Delay (DCD):    -0.684ns
    Source Clock Delay      (SCD):    -0.475ns
    Clock Pessimism Removal (CPR):    -0.238ns

    Location             Delay type                Incr(ns)  Path(ns)    Netlist Resource(s)
  -------------------------------------------------------------------    -------------------
                         (clock clk_out1_pll rise edge)
                                                      0.000     0.000 r  
    AD12                                              0.000     0.000 r  i_sys_clk_p (IN)
                         net (fo=0)                   0.000     0.000    pll_inst/inst/clk_in1_p
    AD12                                                              r  pll_inst/inst/clkin1_ibufgds/I
    AD12                 IBUFDS (Prop_ibufds_I_O)     0.388     0.388 r  pll_inst/inst/clkin1_ibufgds/O
                         net (fo=1, routed)           0.503     0.891    pll_inst/inst/clk_in1_pll
    PLLE2_ADV_X1Y1                                                    r  pll_inst/inst/plle2_adv_inst/CLKIN1
    PLLE2_ADV_X1Y1       PLLE2_ADV (Prop_plle2_adv_CLKIN1_CLKOUT0)
                                                     -2.908    -2.017 r  pll_inst/inst/plle2_adv_inst/CLKOUT0
                         net (fo=1, routed)           0.958    -1.059    pll_inst/inst/clk_out1_pll
    BUFGCTRL_X0Y1                                                     r  pll_inst/inst/clkout1_buf/I
    BUFGCTRL_X0Y1        BUFG (Prop_bufg_I_O)         0.026    -1.033 r  pll_inst/inst/clkout1_buf/O
                         net (fo=353, routed)         0.558    -0.475    twin_controller_inst/CLK
    SLICE_X35Y227        FDCE                                         r  twin_controller_inst/sw_reg[18]/C
  -------------------------------------------------------------------    -------------------
    SLICE_X35Y227        FDCE (Prop_fdce_C_Q)         0.100    -0.375 r  twin_controller_inst/sw_reg[18]/Q
                         net (fo=3, routed)           0.118    -0.257    twin_controller_inst/sw_reg[63]_0[15]
    SLICE_X36Y227        FDCE                                         r  twin_controller_inst/status_buffer_reg[8][2]/D
  -------------------------------------------------------------------    -------------------

                         (clock clk_out1_pll rise edge)
                                                      0.000     0.000 r  
    AD12                                              0.000     0.000 r  i_sys_clk_p (IN)
                         net (fo=0)                   0.000     0.000    pll_inst/inst/clk_in1_p
    AD12                                                              r  pll_inst/inst/clkin1_ibufgds/I
    AD12                 IBUFDS (Prop_ibufds_I_O)     0.470     0.470 r  pll_inst/inst/clkin1_ibufgds/O
                         net (fo=1, routed)           0.554     1.024    pll_inst/inst/clk_in1_pll
    PLLE2_ADV_X1Y1                                                    r  pll_inst/inst/plle2_adv_inst/CLKIN1
    PLLE2_ADV_X1Y1       PLLE2_ADV (Prop_plle2_adv_CLKIN1_CLKOUT0)
                                                     -3.524    -2.500 r  pll_inst/inst/plle2_adv_inst/CLKOUT0
                         net (fo=1, routed)           1.027    -1.473    pll_inst/inst/clk_out1_pll
    BUFGCTRL_X0Y1                                                     r  pll_inst/inst/clkout1_buf/I
    BUFGCTRL_X0Y1        BUFG (Prop_bufg_I_O)         0.030    -1.443 r  pll_inst/inst/clkout1_buf/O
                         net (fo=353, routed)         0.759    -0.684    twin_controller_inst/CLK
    SLICE_X36Y227        FDCE                                         r  twin_controller_inst/status_buffer_reg[8][2]/C
                         clock pessimism              0.238    -0.447    
    SLICE_X36Y227        FDCE (Hold_fdce_C_D)         0.047    -0.400    twin_controller_inst/status_buffer_reg[8][2]
  -------------------------------------------------------------------
                         required time                          0.400    
                         arrival time                          -0.257    
  -------------------------------------------------------------------
                         slack                                  0.143    

Slack (MET) :             0.145ns  (arrival time - required time)
  Source:                 twin_controller_inst/status_buffer_reg[17][2]/C
                            (rising edge-triggered cell FDCE clocked by clk_out1_pll  {rise@0.000ns fall@10.000ns period=20.000ns})
  Destination:            twin_controller_inst/tx_data_reg[2]/D
                            (rising edge-triggered cell FDCE clocked by clk_out1_pll  {rise@0.000ns fall@10.000ns period=20.000ns})
  Path Group:             clk_out1_pll
  Path Type:              Hold (Min at Fast Process Corner)
  Requirement:            0.000ns  (clk_out1_pll rise@0.000ns - clk_out1_pll rise@0.000ns)
  Data Path Delay:        0.219ns  (logic 0.128ns (58.342%)  route 0.091ns (41.658%))
  Logic Levels:           1  (LUT5=1)
  Clock Path Skew:        0.014ns (DCD - SCD - CPR)
    Destination Clock Delay (DCD):    -0.670ns
    Source Clock Delay      (SCD):    -0.465ns
    Clock Pessimism Removal (CPR):    -0.220ns

    Location             Delay type                Incr(ns)  Path(ns)    Netlist Resource(s)
  -------------------------------------------------------------------    -------------------
                         (clock clk_out1_pll rise edge)
                                                      0.000     0.000 r  
    AD12                                              0.000     0.000 r  i_sys_clk_p (IN)
                         net (fo=0)                   0.000     0.000    pll_inst/inst/clk_in1_p
    AD12                                                              r  pll_inst/inst/clkin1_ibufgds/I
    AD12                 IBUFDS (Prop_ibufds_I_O)     0.388     0.388 r  pll_inst/inst/clkin1_ibufgds/O
                         net (fo=1, routed)           0.503     0.891    pll_inst/inst/clk_in1_pll
    PLLE2_ADV_X1Y1                                                    r  pll_inst/inst/plle2_adv_inst/CLKIN1
    PLLE2_ADV_X1Y1       PLLE2_ADV (Prop_plle2_adv_CLKIN1_CLKOUT0)
                                                     -2.908    -2.017 r  pll_inst/inst/plle2_adv_inst/CLKOUT0
                         net (fo=1, routed)           0.958    -1.059    pll_inst/inst/clk_out1_pll
    BUFGCTRL_X0Y1                                                     r  pll_inst/inst/clkout1_buf/I
    BUFGCTRL_X0Y1        BUFG (Prop_bufg_I_O)         0.026    -1.033 r  pll_inst/inst/clkout1_buf/O
                         net (fo=353, routed)         0.568    -0.465    twin_controller_inst/CLK
    SLICE_X34Y241        FDCE                                         r  twin_controller_inst/status_buffer_reg[17][2]/C
  -------------------------------------------------------------------    -------------------
    SLICE_X34Y241        FDCE (Prop_fdce_C_Q)         0.100    -0.365 r  twin_controller_inst/status_buffer_reg[17][2]/Q
                         net (fo=1, routed)           0.091    -0.273    twin_controller_inst/status_buffer_reg[17][2]
    SLICE_X33Y241                                                     r  twin_controller_inst/tx_data[2]_i_1/I0
    SLICE_X33Y241        LUT5 (Prop_lut5_I0_O)        0.028    -0.245 r  twin_controller_inst/tx_data[2]_i_1/O
                         net (fo=1, routed)           0.000    -0.245    twin_controller_inst/status_buffer[2]
    SLICE_X33Y241        FDCE                                         r  twin_controller_inst/tx_data_reg[2]/D
  -------------------------------------------------------------------    -------------------

                         (clock clk_out1_pll rise edge)
                                                      0.000     0.000 r  
    AD12                                              0.000     0.000 r  i_sys_clk_p (IN)
                         net (fo=0)                   0.000     0.000    pll_inst/inst/clk_in1_p
    AD12                                                              r  pll_inst/inst/clkin1_ibufgds/I
    AD12                 IBUFDS (Prop_ibufds_I_O)     0.470     0.470 r  pll_inst/inst/clkin1_ibufgds/O
                         net (fo=1, routed)           0.554     1.024    pll_inst/inst/clk_in1_pll
    PLLE2_ADV_X1Y1                                                    r  pll_inst/inst/plle2_adv_inst/CLKIN1
    PLLE2_ADV_X1Y1       PLLE2_ADV (Prop_plle2_adv_CLKIN1_CLKOUT0)
                                                     -3.524    -2.500 r  pll_inst/inst/plle2_adv_inst/CLKOUT0
                         net (fo=1, routed)           1.027    -1.473    pll_inst/inst/clk_out1_pll
    BUFGCTRL_X0Y1                                                     r  pll_inst/inst/clkout1_buf/I
    BUFGCTRL_X0Y1        BUFG (Prop_bufg_I_O)         0.030    -1.443 r  pll_inst/inst/clkout1_buf/O
                         net (fo=353, routed)         0.773    -0.670    twin_controller_inst/CLK
    SLICE_X33Y241        FDCE                                         r  twin_controller_inst/tx_data_reg[2]/C
                         clock pessimism              0.220    -0.451    
    SLICE_X33Y241        FDCE (Hold_fdce_C_D)         0.060    -0.391    twin_controller_inst/tx_data_reg[2]
  -------------------------------------------------------------------
                         required time                          0.391    
                         arrival time                          -0.245    
  -------------------------------------------------------------------
                         slack                                  0.145    

Slack (MET) :             0.149ns  (arrival time - required time)
  Source:                 twin_controller_inst/key_reg[7]/C
                            (rising edge-triggered cell FDCE clocked by clk_out1_pll  {rise@0.000ns fall@10.000ns period=20.000ns})
  Destination:            twin_controller_inst/status_buffer_reg[5][7]/D
                            (rising edge-triggered cell FDCE clocked by clk_out1_pll  {rise@0.000ns fall@10.000ns period=20.000ns})
  Path Group:             clk_out1_pll
  Path Type:              Hold (Min at Fast Process Corner)
  Requirement:            0.000ns  (clk_out1_pll rise@0.000ns - clk_out1_pll rise@0.000ns)
  Data Path Delay:        0.223ns  (logic 0.100ns (44.852%)  route 0.123ns (55.148%))
  Logic Levels:           0  
  Clock Path Skew:        0.030ns (DCD - SCD - CPR)
    Destination Clock Delay (DCD):    -0.683ns
    Source Clock Delay      (SCD):    -0.476ns
    Clock Pessimism Removal (CPR):    -0.238ns

    Location             Delay type                Incr(ns)  Path(ns)    Netlist Resource(s)
  -------------------------------------------------------------------    -------------------
                         (clock clk_out1_pll rise edge)
                                                      0.000     0.000 r  
    AD12                                              0.000     0.000 r  i_sys_clk_p (IN)
                         net (fo=0)                   0.000     0.000    pll_inst/inst/clk_in1_p
    AD12                                                              r  pll_inst/inst/clkin1_ibufgds/I
    AD12                 IBUFDS (Prop_ibufds_I_O)     0.388     0.388 r  pll_inst/inst/clkin1_ibufgds/O
                         net (fo=1, routed)           0.503     0.891    pll_inst/inst/clk_in1_pll
    PLLE2_ADV_X1Y1                                                    r  pll_inst/inst/plle2_adv_inst/CLKIN1
    PLLE2_ADV_X1Y1       PLLE2_ADV (Prop_plle2_adv_CLKIN1_CLKOUT0)
                                                     -2.908    -2.017 r  pll_inst/inst/plle2_adv_inst/CLKOUT0
                         net (fo=1, routed)           0.958    -1.059    pll_inst/inst/clk_out1_pll
    BUFGCTRL_X0Y1                                                     r  pll_inst/inst/clkout1_buf/I
    BUFGCTRL_X0Y1        BUFG (Prop_bufg_I_O)         0.026    -1.033 r  pll_inst/inst/clkout1_buf/O
                         net (fo=353, routed)         0.557    -0.476    twin_controller_inst/CLK
    SLICE_X29Y225        FDCE                                         r  twin_controller_inst/key_reg[7]/C
  -------------------------------------------------------------------    -------------------
    SLICE_X29Y225        FDCE (Prop_fdce_C_Q)         0.100    -0.376 r  twin_controller_inst/key_reg[7]/Q
                         net (fo=3, routed)           0.123    -0.253    twin_controller_inst/virtual_key[7]
    SLICE_X28Y224        FDCE                                         r  twin_controller_inst/status_buffer_reg[5][7]/D
  -------------------------------------------------------------------    -------------------

                         (clock clk_out1_pll rise edge)
                                                      0.000     0.000 r  
    AD12                                              0.000     0.000 r  i_sys_clk_p (IN)
                         net (fo=0)                   0.000     0.000    pll_inst/inst/clk_in1_p
    AD12                                                              r  pll_inst/inst/clkin1_ibufgds/I
    AD12                 IBUFDS (Prop_ibufds_I_O)     0.470     0.470 r  pll_inst/inst/clkin1_ibufgds/O
                         net (fo=1, routed)           0.554     1.024    pll_inst/inst/clk_in1_pll
    PLLE2_ADV_X1Y1                                                    r  pll_inst/inst/plle2_adv_inst/CLKIN1
    PLLE2_ADV_X1Y1       PLLE2_ADV (Prop_plle2_adv_CLKIN1_CLKOUT0)
                                                     -3.524    -2.500 r  pll_inst/inst/plle2_adv_inst/CLKOUT0
                         net (fo=1, routed)           1.027    -1.473    pll_inst/inst/clk_out1_pll
    BUFGCTRL_X0Y1                                                     r  pll_inst/inst/clkout1_buf/I
    BUFGCTRL_X0Y1        BUFG (Prop_bufg_I_O)         0.030    -1.443 r  pll_inst/inst/clkout1_buf/O
                         net (fo=353, routed)         0.760    -0.683    twin_controller_inst/CLK
    SLICE_X28Y224        FDCE                                         r  twin_controller_inst/status_buffer_reg[5][7]/C
                         clock pessimism              0.238    -0.446    
    SLICE_X28Y224        FDCE (Hold_fdce_C_D)         0.044    -0.402    twin_controller_inst/status_buffer_reg[5][7]
  -------------------------------------------------------------------
                         required time                          0.402    
                         arrival time                          -0.253    
  -------------------------------------------------------------------
                         slack                                  0.149    

Slack (MET) :             0.153ns  (arrival time - required time)
  Source:                 twin_controller_inst/sw_reg[15]/C
                            (rising edge-triggered cell FDCE clocked by clk_out1_pll  {rise@0.000ns fall@10.000ns period=20.000ns})
  Destination:            twin_controller_inst/status_buffer_reg[7][7]/D
                            (rising edge-triggered cell FDCE clocked by clk_out1_pll  {rise@0.000ns fall@10.000ns period=20.000ns})
  Path Group:             clk_out1_pll
  Path Type:              Hold (Min at Fast Process Corner)
  Requirement:            0.000ns  (clk_out1_pll rise@0.000ns - clk_out1_pll rise@0.000ns)
  Data Path Delay:        0.222ns  (logic 0.100ns (45.113%)  route 0.122ns (54.887%))
  Logic Levels:           0  
  Clock Path Skew:        0.029ns (DCD - SCD - CPR)
    Destination Clock Delay (DCD):    -0.682ns
    Source Clock Delay      (SCD):    -0.474ns
    Clock Pessimism Removal (CPR):    -0.238ns

    Location             Delay type                Incr(ns)  Path(ns)    Netlist Resource(s)
  -------------------------------------------------------------------    -------------------
                         (clock clk_out1_pll rise edge)
                                                      0.000     0.000 r  
    AD12                                              0.000     0.000 r  i_sys_clk_p (IN)
                         net (fo=0)                   0.000     0.000    pll_inst/inst/clk_in1_p
    AD12                                                              r  pll_inst/inst/clkin1_ibufgds/I
    AD12                 IBUFDS (Prop_ibufds_I_O)     0.388     0.388 r  pll_inst/inst/clkin1_ibufgds/O
                         net (fo=1, routed)           0.503     0.891    pll_inst/inst/clk_in1_pll
    PLLE2_ADV_X1Y1                                                    r  pll_inst/inst/plle2_adv_inst/CLKIN1
    PLLE2_ADV_X1Y1       PLLE2_ADV (Prop_plle2_adv_CLKIN1_CLKOUT0)
                                                     -2.908    -2.017 r  pll_inst/inst/plle2_adv_inst/CLKOUT0
                         net (fo=1, routed)           0.958    -1.059    pll_inst/inst/clk_out1_pll
    BUFGCTRL_X0Y1                                                     r  pll_inst/inst/clkout1_buf/I
    BUFGCTRL_X0Y1        BUFG (Prop_bufg_I_O)         0.026    -1.033 r  pll_inst/inst/clkout1_buf/O
                         net (fo=353, routed)         0.559    -0.474    twin_controller_inst/CLK
    SLICE_X31Y222        FDCE                                         r  twin_controller_inst/sw_reg[15]/C
  -------------------------------------------------------------------    -------------------
    SLICE_X31Y222        FDCE (Prop_fdce_C_Q)         0.100    -0.374 r  twin_controller_inst/sw_reg[15]/Q
                         net (fo=3, routed)           0.122    -0.252    twin_controller_inst/sw_reg[63]_0[12]
    SLICE_X34Y222        FDCE                                         r  twin_controller_inst/status_buffer_reg[7][7]/D
  -------------------------------------------------------------------    -------------------

                         (clock clk_out1_pll rise edge)
                                                      0.000     0.000 r  
    AD12                                              0.000     0.000 r  i_sys_clk_p (IN)
                         net (fo=0)                   0.000     0.000    pll_inst/inst/clk_in1_p
    AD12                                                              r  pll_inst/inst/clkin1_ibufgds/I
    AD12                 IBUFDS (Prop_ibufds_I_O)     0.470     0.470 r  pll_inst/inst/clkin1_ibufgds/O
                         net (fo=1, routed)           0.554     1.024    pll_inst/inst/clk_in1_pll
    PLLE2_ADV_X1Y1                                                    r  pll_inst/inst/plle2_adv_inst/CLKIN1
    PLLE2_ADV_X1Y1       PLLE2_ADV (Prop_plle2_adv_CLKIN1_CLKOUT0)
                                                     -3.524    -2.500 r  pll_inst/inst/plle2_adv_inst/CLKOUT0
                         net (fo=1, routed)           1.027    -1.473    pll_inst/inst/clk_out1_pll
    BUFGCTRL_X0Y1                                                     r  pll_inst/inst/clkout1_buf/I
    BUFGCTRL_X0Y1        BUFG (Prop_bufg_I_O)         0.030    -1.443 r  pll_inst/inst/clkout1_buf/O
                         net (fo=353, routed)         0.761    -0.682    twin_controller_inst/CLK
    SLICE_X34Y222        FDCE                                         r  twin_controller_inst/status_buffer_reg[7][7]/C
                         clock pessimism              0.238    -0.445    
    SLICE_X34Y222        FDCE (Hold_fdce_C_D)         0.040    -0.405    twin_controller_inst/status_buffer_reg[7][7]
  -------------------------------------------------------------------
                         required time                          0.405    
                         arrival time                          -0.252    
  -------------------------------------------------------------------
                         slack                                  0.153    

Slack (MET) :             0.155ns  (arrival time - required time)
  Source:                 twin_controller_inst/sw_reg[47]/C
                            (rising edge-triggered cell FDCE clocked by clk_out1_pll  {rise@0.000ns fall@10.000ns period=20.000ns})
  Destination:            twin_controller_inst/status_buffer_reg[11][7]/D
                            (rising edge-triggered cell FDCE clocked by clk_out1_pll  {rise@0.000ns fall@10.000ns period=20.000ns})
  Path Group:             clk_out1_pll
  Path Type:              Hold (Min at Fast Process Corner)
  Requirement:            0.000ns  (clk_out1_pll rise@0.000ns - clk_out1_pll rise@0.000ns)
  Data Path Delay:        0.216ns  (logic 0.100ns (46.374%)  route 0.116ns (53.626%))
  Logic Levels:           0  
  Clock Path Skew:        0.029ns (DCD - SCD - CPR)
    Destination Clock Delay (DCD):    -0.682ns
    Source Clock Delay      (SCD):    -0.474ns
    Clock Pessimism Removal (CPR):    -0.238ns

    Location             Delay type                Incr(ns)  Path(ns)    Netlist Resource(s)
  -------------------------------------------------------------------    -------------------
                         (clock clk_out1_pll rise edge)
                                                      0.000     0.000 r  
    AD12                                              0.000     0.000 r  i_sys_clk_p (IN)
                         net (fo=0)                   0.000     0.000    pll_inst/inst/clk_in1_p
    AD12                                                              r  pll_inst/inst/clkin1_ibufgds/I
    AD12                 IBUFDS (Prop_ibufds_I_O)     0.388     0.388 r  pll_inst/inst/clkin1_ibufgds/O
                         net (fo=1, routed)           0.503     0.891    pll_inst/inst/clk_in1_pll
    PLLE2_ADV_X1Y1                                                    r  pll_inst/inst/plle2_adv_inst/CLKIN1
    PLLE2_ADV_X1Y1       PLLE2_ADV (Prop_plle2_adv_CLKIN1_CLKOUT0)
                                                     -2.908    -2.017 r  pll_inst/inst/plle2_adv_inst/CLKOUT0
                         net (fo=1, routed)           0.958    -1.059    pll_inst/inst/clk_out1_pll
    BUFGCTRL_X0Y1                                                     r  pll_inst/inst/clkout1_buf/I
    BUFGCTRL_X0Y1        BUFG (Prop_bufg_I_O)         0.026    -1.033 r  pll_inst/inst/clkout1_buf/O
                         net (fo=353, routed)         0.559    -0.474    twin_controller_inst/CLK
    SLICE_X31Y222        FDCE                                         r  twin_controller_inst/sw_reg[47]/C
  -------------------------------------------------------------------    -------------------
    SLICE_X31Y222        FDCE (Prop_fdce_C_Q)         0.100    -0.374 r  twin_controller_inst/sw_reg[47]/Q
                         net (fo=3, routed)           0.116    -0.258    twin_controller_inst/sw_reg[63]_0[41]
    SLICE_X33Y222        FDCE                                         r  twin_controller_inst/status_buffer_reg[11][7]/D
  -------------------------------------------------------------------    -------------------

                         (clock clk_out1_pll rise edge)
                                                      0.000     0.000 r  
    AD12                                              0.000     0.000 r  i_sys_clk_p (IN)
                         net (fo=0)                   0.000     0.000    pll_inst/inst/clk_in1_p
    AD12                                                              r  pll_inst/inst/clkin1_ibufgds/I
    AD12                 IBUFDS (Prop_ibufds_I_O)     0.470     0.470 r  pll_inst/inst/clkin1_ibufgds/O
                         net (fo=1, routed)           0.554     1.024    pll_inst/inst/clk_in1_pll
    PLLE2_ADV_X1Y1                                                    r  pll_inst/inst/plle2_adv_inst/CLKIN1
    PLLE2_ADV_X1Y1       PLLE2_ADV (Prop_plle2_adv_CLKIN1_CLKOUT0)
                                                     -3.524    -2.500 r  pll_inst/inst/plle2_adv_inst/CLKOUT0
                         net (fo=1, routed)           1.027    -1.473    pll_inst/inst/clk_out1_pll
    BUFGCTRL_X0Y1                                                     r  pll_inst/inst/clkout1_buf/I
    BUFGCTRL_X0Y1        BUFG (Prop_bufg_I_O)         0.030    -1.443 r  pll_inst/inst/clkout1_buf/O
                         net (fo=353, routed)         0.761    -0.682    twin_controller_inst/CLK
    SLICE_X33Y222        FDCE                                         r  twin_controller_inst/status_buffer_reg[11][7]/C
                         clock pessimism              0.238    -0.445    
    SLICE_X33Y222        FDCE (Hold_fdce_C_D)         0.032    -0.413    twin_controller_inst/status_buffer_reg[11][7]
  -------------------------------------------------------------------
                         required time                          0.413    
                         arrival time                          -0.258    
  -------------------------------------------------------------------
                         slack                                  0.155    

Slack (MET) :             0.155ns  (arrival time - required time)
  Source:                 twin_controller_inst/sw_reg[55]/C
                            (rising edge-triggered cell FDCE clocked by clk_out1_pll  {rise@0.000ns fall@10.000ns period=20.000ns})
  Destination:            twin_controller_inst/status_buffer_reg[12][7]/D
                            (rising edge-triggered cell FDCE clocked by clk_out1_pll  {rise@0.000ns fall@10.000ns period=20.000ns})
  Path Group:             clk_out1_pll
  Path Type:              Hold (Min at Fast Process Corner)
  Requirement:            0.000ns  (clk_out1_pll rise@0.000ns - clk_out1_pll rise@0.000ns)
  Data Path Delay:        0.225ns  (logic 0.100ns (44.412%)  route 0.125ns (55.588%))
  Logic Levels:           0  
  Clock Path Skew:        0.030ns (DCD - SCD - CPR)
    Destination Clock Delay (DCD):    -0.687ns
    Source Clock Delay      (SCD):    -0.480ns
    Clock Pessimism Removal (CPR):    -0.238ns

    Location             Delay type                Incr(ns)  Path(ns)    Netlist Resource(s)
  -------------------------------------------------------------------    -------------------
                         (clock clk_out1_pll rise edge)
                                                      0.000     0.000 r  
    AD12                                              0.000     0.000 r  i_sys_clk_p (IN)
                         net (fo=0)                   0.000     0.000    pll_inst/inst/clk_in1_p
    AD12                                                              r  pll_inst/inst/clkin1_ibufgds/I
    AD12                 IBUFDS (Prop_ibufds_I_O)     0.388     0.388 r  pll_inst/inst/clkin1_ibufgds/O
                         net (fo=1, routed)           0.503     0.891    pll_inst/inst/clk_in1_pll
    PLLE2_ADV_X1Y1                                                    r  pll_inst/inst/plle2_adv_inst/CLKIN1
    PLLE2_ADV_X1Y1       PLLE2_ADV (Prop_plle2_adv_CLKIN1_CLKOUT0)
                                                     -2.908    -2.017 r  pll_inst/inst/plle2_adv_inst/CLKOUT0
                         net (fo=1, routed)           0.958    -1.059    pll_inst/inst/clk_out1_pll
    BUFGCTRL_X0Y1                                                     r  pll_inst/inst/clkout1_buf/I
    BUFGCTRL_X0Y1        BUFG (Prop_bufg_I_O)         0.026    -1.033 r  pll_inst/inst/clkout1_buf/O
                         net (fo=353, routed)         0.553    -0.480    twin_controller_inst/CLK
    SLICE_X36Y225        FDCE                                         r  twin_controller_inst/sw_reg[55]/C
  -------------------------------------------------------------------    -------------------
    SLICE_X36Y225        FDCE (Prop_fdce_C_Q)         0.100    -0.380 r  twin_controller_inst/sw_reg[55]/Q
                         net (fo=3, routed)           0.125    -0.254    twin_controller_inst/sw_reg[63]_0[49]
    SLICE_X37Y224        FDCE                                         r  twin_controller_inst/status_buffer_reg[12][7]/D
  -------------------------------------------------------------------    -------------------

                         (clock clk_out1_pll rise edge)
                                                      0.000     0.000 r  
    AD12                                              0.000     0.000 r  i_sys_clk_p (IN)
                         net (fo=0)                   0.000     0.000    pll_inst/inst/clk_in1_p
    AD12                                                              r  pll_inst/inst/clkin1_ibufgds/I
    AD12                 IBUFDS (Prop_ibufds_I_O)     0.470     0.470 r  pll_inst/inst/clkin1_ibufgds/O
                         net (fo=1, routed)           0.554     1.024    pll_inst/inst/clk_in1_pll
    PLLE2_ADV_X1Y1                                                    r  pll_inst/inst/plle2_adv_inst/CLKIN1
    PLLE2_ADV_X1Y1       PLLE2_ADV (Prop_plle2_adv_CLKIN1_CLKOUT0)
                                                     -3.524    -2.500 r  pll_inst/inst/plle2_adv_inst/CLKOUT0
                         net (fo=1, routed)           1.027    -1.473    pll_inst/inst/clk_out1_pll
    BUFGCTRL_X0Y1                                                     r  pll_inst/inst/clkout1_buf/I
    BUFGCTRL_X0Y1        BUFG (Prop_bufg_I_O)         0.030    -1.443 r  pll_inst/inst/clkout1_buf/O
                         net (fo=353, routed)         0.756    -0.687    twin_controller_inst/CLK
    SLICE_X37Y224        FDCE                                         r  twin_controller_inst/status_buffer_reg[12][7]/C
                         clock pessimism              0.238    -0.450    
    SLICE_X37Y224        FDCE (Hold_fdce_C_D)         0.040    -0.410    twin_controller_inst/status_buffer_reg[12][7]
  -------------------------------------------------------------------
                         required time                          0.410    
                         arrival time                          -0.254    
  -------------------------------------------------------------------
                         slack                                  0.155    

Slack (MET) :             0.155ns  (arrival time - required time)
  Source:                 twin_controller_inst/sw_reg[53]/C
                            (rising edge-triggered cell FDCE clocked by clk_out1_pll  {rise@0.000ns fall@10.000ns period=20.000ns})
  Destination:            twin_controller_inst/status_buffer_reg[12][5]/D
                            (rising edge-triggered cell FDCE clocked by clk_out1_pll  {rise@0.000ns fall@10.000ns period=20.000ns})
  Path Group:             clk_out1_pll
  Path Type:              Hold (Min at Fast Process Corner)
  Requirement:            0.000ns  (clk_out1_pll rise@0.000ns - clk_out1_pll rise@0.000ns)
  Data Path Delay:        0.228ns  (logic 0.100ns (43.798%)  route 0.128ns (56.202%))
  Logic Levels:           0  
  Clock Path Skew:        0.033ns (DCD - SCD - CPR)
    Destination Clock Delay (DCD):    -0.679ns
    Source Clock Delay      (SCD):    -0.475ns
    Clock Pessimism Removal (CPR):    -0.238ns

    Location             Delay type                Incr(ns)  Path(ns)    Netlist Resource(s)
  -------------------------------------------------------------------    -------------------
                         (clock clk_out1_pll rise edge)
                                                      0.000     0.000 r  
    AD12                                              0.000     0.000 r  i_sys_clk_p (IN)
                         net (fo=0)                   0.000     0.000    pll_inst/inst/clk_in1_p
    AD12                                                              r  pll_inst/inst/clkin1_ibufgds/I
    AD12                 IBUFDS (Prop_ibufds_I_O)     0.388     0.388 r  pll_inst/inst/clkin1_ibufgds/O
                         net (fo=1, routed)           0.503     0.891    pll_inst/inst/clk_in1_pll
    PLLE2_ADV_X1Y1                                                    r  pll_inst/inst/plle2_adv_inst/CLKIN1
    PLLE2_ADV_X1Y1       PLLE2_ADV (Prop_plle2_adv_CLKIN1_CLKOUT0)
                                                     -2.908    -2.017 r  pll_inst/inst/plle2_adv_inst/CLKOUT0
                         net (fo=1, routed)           0.958    -1.059    pll_inst/inst/clk_out1_pll
    BUFGCTRL_X0Y1                                                     r  pll_inst/inst/clkout1_buf/I
    BUFGCTRL_X0Y1        BUFG (Prop_bufg_I_O)         0.026    -1.033 r  pll_inst/inst/clkout1_buf/O
                         net (fo=353, routed)         0.558    -0.475    twin_controller_inst/CLK
    SLICE_X32Y227        FDCE                                         r  twin_controller_inst/sw_reg[53]/C
  -------------------------------------------------------------------    -------------------
    SLICE_X32Y227        FDCE (Prop_fdce_C_Q)         0.100    -0.375 r  twin_controller_inst/sw_reg[53]/Q
                         net (fo=3, routed)           0.128    -0.246    twin_controller_inst/sw_reg[63]_0[47]
    SLICE_X30Y228        FDCE                                         r  twin_controller_inst/status_buffer_reg[12][5]/D
  -------------------------------------------------------------------    -------------------

                         (clock clk_out1_pll rise edge)
                                                      0.000     0.000 r  
    AD12                                              0.000     0.000 r  i_sys_clk_p (IN)
                         net (fo=0)                   0.000     0.000    pll_inst/inst/clk_in1_p
    AD12                                                              r  pll_inst/inst/clkin1_ibufgds/I
    AD12                 IBUFDS (Prop_ibufds_I_O)     0.470     0.470 r  pll_inst/inst/clkin1_ibufgds/O
                         net (fo=1, routed)           0.554     1.024    pll_inst/inst/clk_in1_pll
    PLLE2_ADV_X1Y1                                                    r  pll_inst/inst/plle2_adv_inst/CLKIN1
    PLLE2_ADV_X1Y1       PLLE2_ADV (Prop_plle2_adv_CLKIN1_CLKOUT0)
                                                     -3.524    -2.500 r  pll_inst/inst/plle2_adv_inst/CLKOUT0
                         net (fo=1, routed)           1.027    -1.473    pll_inst/inst/clk_out1_pll
    BUFGCTRL_X0Y1                                                     r  pll_inst/inst/clkout1_buf/I
    BUFGCTRL_X0Y1        BUFG (Prop_bufg_I_O)         0.030    -1.443 r  pll_inst/inst/clkout1_buf/O
                         net (fo=353, routed)         0.764    -0.679    twin_controller_inst/CLK
    SLICE_X30Y228        FDCE                                         r  twin_controller_inst/status_buffer_reg[12][5]/C
                         clock pessimism              0.238    -0.442    
    SLICE_X30Y228        FDCE (Hold_fdce_C_D)         0.040    -0.402    twin_controller_inst/status_buffer_reg[12][5]
  -------------------------------------------------------------------
                         required time                          0.402    
                         arrival time                          -0.246    
  -------------------------------------------------------------------
                         slack                                  0.155    

Slack (MET) :             0.157ns  (arrival time - required time)
  Source:                 twin_controller_inst/sw_reg[14]/C
                            (rising edge-triggered cell FDCE clocked by clk_out1_pll  {rise@0.000ns fall@10.000ns period=20.000ns})
  Destination:            twin_controller_inst/status_buffer_reg[7][6]/D
                            (rising edge-triggered cell FDCE clocked by clk_out1_pll  {rise@0.000ns fall@10.000ns period=20.000ns})
  Path Group:             clk_out1_pll
  Path Type:              Hold (Min at Fast Process Corner)
  Requirement:            0.000ns  (clk_out1_pll rise@0.000ns - clk_out1_pll rise@0.000ns)
  Data Path Delay:        0.215ns  (logic 0.100ns (46.587%)  route 0.115ns (53.413%))
  Logic Levels:           0  
  Clock Path Skew:        0.011ns (DCD - SCD - CPR)
    Destination Clock Delay (DCD):    -0.682ns
    Source Clock Delay      (SCD):    -0.475ns
    Clock Pessimism Removal (CPR):    -0.219ns

    Location             Delay type                Incr(ns)  Path(ns)    Netlist Resource(s)
  -------------------------------------------------------------------    -------------------
                         (clock clk_out1_pll rise edge)
                                                      0.000     0.000 r  
    AD12                                              0.000     0.000 r  i_sys_clk_p (IN)
                         net (fo=0)                   0.000     0.000    pll_inst/inst/clk_in1_p
    AD12                                                              r  pll_inst/inst/clkin1_ibufgds/I
    AD12                 IBUFDS (Prop_ibufds_I_O)     0.388     0.388 r  pll_inst/inst/clkin1_ibufgds/O
                         net (fo=1, routed)           0.503     0.891    pll_inst/inst/clk_in1_pll
    PLLE2_ADV_X1Y1                                                    r  pll_inst/inst/plle2_adv_inst/CLKIN1
    PLLE2_ADV_X1Y1       PLLE2_ADV (Prop_plle2_adv_CLKIN1_CLKOUT0)
                                                     -2.908    -2.017 r  pll_inst/inst/plle2_adv_inst/CLKOUT0
                         net (fo=1, routed)           0.958    -1.059    pll_inst/inst/clk_out1_pll
    BUFGCTRL_X0Y1                                                     r  pll_inst/inst/clkout1_buf/I
    BUFGCTRL_X0Y1        BUFG (Prop_bufg_I_O)         0.026    -1.033 r  pll_inst/inst/clkout1_buf/O
                         net (fo=353, routed)         0.558    -0.475    twin_controller_inst/CLK
    SLICE_X31Y223        FDCE                                         r  twin_controller_inst/sw_reg[14]/C
  -------------------------------------------------------------------    -------------------
    SLICE_X31Y223        FDCE (Prop_fdce_C_Q)         0.100    -0.375 r  twin_controller_inst/sw_reg[14]/Q
                         net (fo=3, routed)           0.115    -0.260    twin_controller_inst/sw_reg[63]_0[11]
    SLICE_X30Y223        FDCE                                         r  twin_controller_inst/status_buffer_reg[7][6]/D
  -------------------------------------------------------------------    -------------------

                         (clock clk_out1_pll rise edge)
                                                      0.000     0.000 r  
    AD12                                              0.000     0.000 r  i_sys_clk_p (IN)
                         net (fo=0)                   0.000     0.000    pll_inst/inst/clk_in1_p
    AD12                                                              r  pll_inst/inst/clkin1_ibufgds/I
    AD12                 IBUFDS (Prop_ibufds_I_O)     0.470     0.470 r  pll_inst/inst/clkin1_ibufgds/O
                         net (fo=1, routed)           0.554     1.024    pll_inst/inst/clk_in1_pll
    PLLE2_ADV_X1Y1                                                    r  pll_inst/inst/plle2_adv_inst/CLKIN1
    PLLE2_ADV_X1Y1       PLLE2_ADV (Prop_plle2_adv_CLKIN1_CLKOUT0)
                                                     -3.524    -2.500 r  pll_inst/inst/plle2_adv_inst/CLKOUT0
                         net (fo=1, routed)           1.027    -1.473    pll_inst/inst/clk_out1_pll
    BUFGCTRL_X0Y1                                                     r  pll_inst/inst/clkout1_buf/I
    BUFGCTRL_X0Y1        BUFG (Prop_bufg_I_O)         0.030    -1.443 r  pll_inst/inst/clkout1_buf/O
                         net (fo=353, routed)         0.761    -0.682    twin_controller_inst/CLK
    SLICE_X30Y223        FDCE                                         r  twin_controller_inst/status_buffer_reg[7][6]/C
                         clock pessimism              0.219    -0.464    
    SLICE_X30Y223        FDCE (Hold_fdce_C_D)         0.047    -0.417    twin_controller_inst/status_buffer_reg[7][6]
  -------------------------------------------------------------------
                         required time                          0.417    
                         arrival time                          -0.260    
  -------------------------------------------------------------------
                         slack                                  0.157    

Slack (MET) :             0.157ns  (arrival time - required time)
  Source:                 twin_controller_inst/key_reg[2]/C
                            (rising edge-triggered cell FDCE clocked by clk_out1_pll  {rise@0.000ns fall@10.000ns period=20.000ns})
  Destination:            twin_controller_inst/status_buffer_reg[5][2]/D
                            (rising edge-triggered cell FDCE clocked by clk_out1_pll  {rise@0.000ns fall@10.000ns period=20.000ns})
  Path Group:             clk_out1_pll
  Path Type:              Hold (Min at Fast Process Corner)
  Requirement:            0.000ns  (clk_out1_pll rise@0.000ns - clk_out1_pll rise@0.000ns)
  Data Path Delay:        0.211ns  (logic 0.100ns (47.357%)  route 0.111ns (52.643%))
  Logic Levels:           0  
  Clock Path Skew:        0.011ns (DCD - SCD - CPR)
    Destination Clock Delay (DCD):    -0.685ns
    Source Clock Delay      (SCD):    -0.477ns
    Clock Pessimism Removal (CPR):    -0.220ns

    Location             Delay type                Incr(ns)  Path(ns)    Netlist Resource(s)
  -------------------------------------------------------------------    -------------------
                         (clock clk_out1_pll rise edge)
                                                      0.000     0.000 r  
    AD12                                              0.000     0.000 r  i_sys_clk_p (IN)
                         net (fo=0)                   0.000     0.000    pll_inst/inst/clk_in1_p
    AD12                                                              r  pll_inst/inst/clkin1_ibufgds/I
    AD12                 IBUFDS (Prop_ibufds_I_O)     0.388     0.388 r  pll_inst/inst/clkin1_ibufgds/O
                         net (fo=1, routed)           0.503     0.891    pll_inst/inst/clk_in1_pll
    PLLE2_ADV_X1Y1                                                    r  pll_inst/inst/plle2_adv_inst/CLKIN1
    PLLE2_ADV_X1Y1       PLLE2_ADV (Prop_plle2_adv_CLKIN1_CLKOUT0)
                                                     -2.908    -2.017 r  pll_inst/inst/plle2_adv_inst/CLKOUT0
                         net (fo=1, routed)           0.958    -1.059    pll_inst/inst/clk_out1_pll
    BUFGCTRL_X0Y1                                                     r  pll_inst/inst/clkout1_buf/I
    BUFGCTRL_X0Y1        BUFG (Prop_bufg_I_O)         0.026    -1.033 r  pll_inst/inst/clkout1_buf/O
                         net (fo=353, routed)         0.556    -0.477    twin_controller_inst/CLK
    SLICE_X34Y225        FDCE                                         r  twin_controller_inst/key_reg[2]/C
  -------------------------------------------------------------------    -------------------
    SLICE_X34Y225        FDCE (Prop_fdce_C_Q)         0.100    -0.377 r  twin_controller_inst/key_reg[2]/Q
                         net (fo=3, routed)           0.111    -0.265    twin_controller_inst/virtual_key[2]
    SLICE_X33Y225        FDCE                                         r  twin_controller_inst/status_buffer_reg[5][2]/D
  -------------------------------------------------------------------    -------------------

                         (clock clk_out1_pll rise edge)
                                                      0.000     0.000 r  
    AD12                                              0.000     0.000 r  i_sys_clk_p (IN)
                         net (fo=0)                   0.000     0.000    pll_inst/inst/clk_in1_p
    AD12                                                              r  pll_inst/inst/clkin1_ibufgds/I
    AD12                 IBUFDS (Prop_ibufds_I_O)     0.470     0.470 r  pll_inst/inst/clkin1_ibufgds/O
                         net (fo=1, routed)           0.554     1.024    pll_inst/inst/clk_in1_pll
    PLLE2_ADV_X1Y1                                                    r  pll_inst/inst/plle2_adv_inst/CLKIN1
    PLLE2_ADV_X1Y1       PLLE2_ADV (Prop_plle2_adv_CLKIN1_CLKOUT0)
                                                     -3.524    -2.500 r  pll_inst/inst/plle2_adv_inst/CLKOUT0
                         net (fo=1, routed)           1.027    -1.473    pll_inst/inst/clk_out1_pll
    BUFGCTRL_X0Y1                                                     r  pll_inst/inst/clkout1_buf/I
    BUFGCTRL_X0Y1        BUFG (Prop_bufg_I_O)         0.030    -1.443 r  pll_inst/inst/clkout1_buf/O
                         net (fo=353, routed)         0.758    -0.685    twin_controller_inst/CLK
    SLICE_X33Y225        FDCE                                         r  twin_controller_inst/status_buffer_reg[5][2]/C
                         clock pessimism              0.220    -0.466    
    SLICE_X33Y225        FDCE (Hold_fdce_C_D)         0.043    -0.423    twin_controller_inst/status_buffer_reg[5][2]
  -------------------------------------------------------------------
                         required time                          0.423    
                         arrival time                          -0.265    
  -------------------------------------------------------------------
                         slack                                  0.157    

Slack (MET) :             0.158ns  (arrival time - required time)
  Source:                 twin_controller_inst/sw_reg[46]/C
                            (rising edge-triggered cell FDCE clocked by clk_out1_pll  {rise@0.000ns fall@10.000ns period=20.000ns})
  Destination:            twin_controller_inst/status_buffer_reg[11][6]/D
                            (rising edge-triggered cell FDCE clocked by clk_out1_pll  {rise@0.000ns fall@10.000ns period=20.000ns})
  Path Group:             clk_out1_pll
  Path Type:              Hold (Min at Fast Process Corner)
  Requirement:            0.000ns  (clk_out1_pll rise@0.000ns - clk_out1_pll rise@0.000ns)
  Data Path Delay:        0.216ns  (logic 0.100ns (46.284%)  route 0.116ns (53.716%))
  Logic Levels:           0  
  Clock Path Skew:        0.011ns (DCD - SCD - CPR)
    Destination Clock Delay (DCD):    -0.682ns
    Source Clock Delay      (SCD):    -0.475ns
    Clock Pessimism Removal (CPR):    -0.219ns

    Location             Delay type                Incr(ns)  Path(ns)    Netlist Resource(s)
  -------------------------------------------------------------------    -------------------
                         (clock clk_out1_pll rise edge)
                                                      0.000     0.000 r  
    AD12                                              0.000     0.000 r  i_sys_clk_p (IN)
                         net (fo=0)                   0.000     0.000    pll_inst/inst/clk_in1_p
    AD12                                                              r  pll_inst/inst/clkin1_ibufgds/I
    AD12                 IBUFDS (Prop_ibufds_I_O)     0.388     0.388 r  pll_inst/inst/clkin1_ibufgds/O
                         net (fo=1, routed)           0.503     0.891    pll_inst/inst/clk_in1_pll
    PLLE2_ADV_X1Y1                                                    r  pll_inst/inst/plle2_adv_inst/CLKIN1
    PLLE2_ADV_X1Y1       PLLE2_ADV (Prop_plle2_adv_CLKIN1_CLKOUT0)
                                                     -2.908    -2.017 r  pll_inst/inst/plle2_adv_inst/CLKOUT0
                         net (fo=1, routed)           0.958    -1.059    pll_inst/inst/clk_out1_pll
    BUFGCTRL_X0Y1                                                     r  pll_inst/inst/clkout1_buf/I
    BUFGCTRL_X0Y1        BUFG (Prop_bufg_I_O)         0.026    -1.033 r  pll_inst/inst/clkout1_buf/O
                         net (fo=353, routed)         0.558    -0.475    twin_controller_inst/CLK
    SLICE_X31Y223        FDCE                                         r  twin_controller_inst/sw_reg[46]/C
  -------------------------------------------------------------------    -------------------
    SLICE_X31Y223        FDCE (Prop_fdce_C_Q)         0.100    -0.375 r  twin_controller_inst/sw_reg[46]/Q
                         net (fo=3, routed)           0.116    -0.259    twin_controller_inst/sw_reg[63]_0[40]
    SLICE_X30Y223        FDCE                                         r  twin_controller_inst/status_buffer_reg[11][6]/D
  -------------------------------------------------------------------    -------------------

                         (clock clk_out1_pll rise edge)
                                                      0.000     0.000 r  
    AD12                                              0.000     0.000 r  i_sys_clk_p (IN)
                         net (fo=0)                   0.000     0.000    pll_inst/inst/clk_in1_p
    AD12                                                              r  pll_inst/inst/clkin1_ibufgds/I
    AD12                 IBUFDS (Prop_ibufds_I_O)     0.470     0.470 r  pll_inst/inst/clkin1_ibufgds/O
                         net (fo=1, routed)           0.554     1.024    pll_inst/inst/clk_in1_pll
    PLLE2_ADV_X1Y1                                                    r  pll_inst/inst/plle2_adv_inst/CLKIN1
    PLLE2_ADV_X1Y1       PLLE2_ADV (Prop_plle2_adv_CLKIN1_CLKOUT0)
                                                     -3.524    -2.500 r  pll_inst/inst/plle2_adv_inst/CLKOUT0
                         net (fo=1, routed)           1.027    -1.473    pll_inst/inst/clk_out1_pll
    BUFGCTRL_X0Y1                                                     r  pll_inst/inst/clkout1_buf/I
    BUFGCTRL_X0Y1        BUFG (Prop_bufg_I_O)         0.030    -1.443 r  pll_inst/inst/clkout1_buf/O
                         net (fo=353, routed)         0.761    -0.682    twin_controller_inst/CLK
    SLICE_X30Y223        FDCE                                         r  twin_controller_inst/status_buffer_reg[11][6]/C
                         clock pessimism              0.219    -0.464    
    SLICE_X30Y223        FDCE (Hold_fdce_C_D)         0.047    -0.417    twin_controller_inst/status_buffer_reg[11][6]
  -------------------------------------------------------------------
                         required time                          0.417    
                         arrival time                          -0.259    
  -------------------------------------------------------------------
                         slack                                  0.158    

Slack (MET) :             0.158ns  (arrival time - required time)
  Source:                 twin_controller_inst/sw_reg[27]/C
                            (rising edge-triggered cell FDCE clocked by clk_out1_pll  {rise@0.000ns fall@10.000ns period=20.000ns})
  Destination:            twin_controller_inst/status_buffer_reg[9][3]/D
                            (rising edge-triggered cell FDCE clocked by clk_out1_pll  {rise@0.000ns fall@10.000ns period=20.000ns})
  Path Group:             clk_out1_pll
  Path Type:              Hold (Min at Fast Process Corner)
  Requirement:            0.000ns  (clk_out1_pll rise@0.000ns - clk_out1_pll rise@0.000ns)
  Data Path Delay:        0.213ns  (logic 0.100ns (46.894%)  route 0.113ns (53.106%))
  Logic Levels:           0  
  Clock Path Skew:        0.011ns (DCD - SCD - CPR)
    Destination Clock Delay (DCD):    -0.684ns
    Source Clock Delay      (SCD):    -0.477ns
    Clock Pessimism Removal (CPR):    -0.219ns

    Location             Delay type                Incr(ns)  Path(ns)    Netlist Resource(s)
  -------------------------------------------------------------------    -------------------
                         (clock clk_out1_pll rise edge)
                                                      0.000     0.000 r  
    AD12                                              0.000     0.000 r  i_sys_clk_p (IN)
                         net (fo=0)                   0.000     0.000    pll_inst/inst/clk_in1_p
    AD12                                                              r  pll_inst/inst/clkin1_ibufgds/I
    AD12                 IBUFDS (Prop_ibufds_I_O)     0.388     0.388 r  pll_inst/inst/clkin1_ibufgds/O
                         net (fo=1, routed)           0.503     0.891    pll_inst/inst/clk_in1_pll
    PLLE2_ADV_X1Y1                                                    r  pll_inst/inst/plle2_adv_inst/CLKIN1
    PLLE2_ADV_X1Y1       PLLE2_ADV (Prop_plle2_adv_CLKIN1_CLKOUT0)
                                                     -2.908    -2.017 r  pll_inst/inst/plle2_adv_inst/CLKOUT0
                         net (fo=1, routed)           0.958    -1.059    pll_inst/inst/clk_out1_pll
    BUFGCTRL_X0Y1                                                     r  pll_inst/inst/clkout1_buf/I
    BUFGCTRL_X0Y1        BUFG (Prop_bufg_I_O)         0.026    -1.033 r  pll_inst/inst/clkout1_buf/O
                         net (fo=353, routed)         0.556    -0.477    twin_controller_inst/CLK
    SLICE_X36Y228        FDCE                                         r  twin_controller_inst/sw_reg[27]/C
  -------------------------------------------------------------------    -------------------
    SLICE_X36Y228        FDCE (Prop_fdce_C_Q)         0.100    -0.377 r  twin_controller_inst/sw_reg[27]/Q
                         net (fo=3, routed)           0.113    -0.263    twin_controller_inst/sw_reg[63]_0[24]
    SLICE_X36Y227        FDCE                                         r  twin_controller_inst/status_buffer_reg[9][3]/D
  -------------------------------------------------------------------    -------------------

                         (clock clk_out1_pll rise edge)
                                                      0.000     0.000 r  
    AD12                                              0.000     0.000 r  i_sys_clk_p (IN)
                         net (fo=0)                   0.000     0.000    pll_inst/inst/clk_in1_p
    AD12                                                              r  pll_inst/inst/clkin1_ibufgds/I
    AD12                 IBUFDS (Prop_ibufds_I_O)     0.470     0.470 r  pll_inst/inst/clkin1_ibufgds/O
                         net (fo=1, routed)           0.554     1.024    pll_inst/inst/clk_in1_pll
    PLLE2_ADV_X1Y1                                                    r  pll_inst/inst/plle2_adv_inst/CLKIN1
    PLLE2_ADV_X1Y1       PLLE2_ADV (Prop_plle2_adv_CLKIN1_CLKOUT0)
                                                     -3.524    -2.500 r  pll_inst/inst/plle2_adv_inst/CLKOUT0
                         net (fo=1, routed)           1.027    -1.473    pll_inst/inst/clk_out1_pll
    BUFGCTRL_X0Y1                                                     r  pll_inst/inst/clkout1_buf/I
    BUFGCTRL_X0Y1        BUFG (Prop_bufg_I_O)         0.030    -1.443 r  pll_inst/inst/clkout1_buf/O
                         net (fo=353, routed)         0.759    -0.684    twin_controller_inst/CLK
    SLICE_X36Y227        FDCE                                         r  twin_controller_inst/status_buffer_reg[9][3]/C
                         clock pessimism              0.219    -0.466    
    SLICE_X36Y227        FDCE (Hold_fdce_C_D)         0.044    -0.422    twin_controller_inst/status_buffer_reg[9][3]
  -------------------------------------------------------------------
                         required time                          0.422    
                         arrival time                          -0.263    
  -------------------------------------------------------------------
                         slack                                  0.158    

Slack (MET) :             0.159ns  (arrival time - required time)
  Source:                 twin_controller_inst/key_reg[4]/C
                            (rising edge-triggered cell FDCE clocked by clk_out1_pll  {rise@0.000ns fall@10.000ns period=20.000ns})
  Destination:            twin_controller_inst/status_buffer_reg[5][4]/D
                            (rising edge-triggered cell FDCE clocked by clk_out1_pll  {rise@0.000ns fall@10.000ns period=20.000ns})
  Path Group:             clk_out1_pll
  Path Type:              Hold (Min at Fast Process Corner)
  Requirement:            0.000ns  (clk_out1_pll rise@0.000ns - clk_out1_pll rise@0.000ns)
  Data Path Delay:        0.215ns  (logic 0.100ns (46.604%)  route 0.115ns (53.396%))
  Logic Levels:           0  
  Clock Path Skew:        0.013ns (DCD - SCD - CPR)
    Destination Clock Delay (DCD):    -0.680ns
    Source Clock Delay      (SCD):    -0.475ns
    Clock Pessimism Removal (CPR):    -0.219ns

    Location             Delay type                Incr(ns)  Path(ns)    Netlist Resource(s)
  -------------------------------------------------------------------    -------------------
                         (clock clk_out1_pll rise edge)
                                                      0.000     0.000 r  
    AD12                                              0.000     0.000 r  i_sys_clk_p (IN)
                         net (fo=0)                   0.000     0.000    pll_inst/inst/clk_in1_p
    AD12                                                              r  pll_inst/inst/clkin1_ibufgds/I
    AD12                 IBUFDS (Prop_ibufds_I_O)     0.388     0.388 r  pll_inst/inst/clkin1_ibufgds/O
                         net (fo=1, routed)           0.503     0.891    pll_inst/inst/clk_in1_pll
    PLLE2_ADV_X1Y1                                                    r  pll_inst/inst/plle2_adv_inst/CLKIN1
    PLLE2_ADV_X1Y1       PLLE2_ADV (Prop_plle2_adv_CLKIN1_CLKOUT0)
                                                     -2.908    -2.017 r  pll_inst/inst/plle2_adv_inst/CLKOUT0
                         net (fo=1, routed)           0.958    -1.059    pll_inst/inst/clk_out1_pll
    BUFGCTRL_X0Y1                                                     r  pll_inst/inst/clkout1_buf/I
    BUFGCTRL_X0Y1        BUFG (Prop_bufg_I_O)         0.026    -1.033 r  pll_inst/inst/clkout1_buf/O
                         net (fo=353, routed)         0.558    -0.475    twin_controller_inst/CLK
    SLICE_X30Y226        FDCE                                         r  twin_controller_inst/key_reg[4]/C
  -------------------------------------------------------------------    -------------------
    SLICE_X30Y226        FDCE (Prop_fdce_C_Q)         0.100    -0.375 r  twin_controller_inst/key_reg[4]/Q
                         net (fo=3, routed)           0.115    -0.260    twin_controller_inst/virtual_key[4]
    SLICE_X31Y227        FDCE                                         r  twin_controller_inst/status_buffer_reg[5][4]/D
  -------------------------------------------------------------------    -------------------

                         (clock clk_out1_pll rise edge)
                                                      0.000     0.000 r  
    AD12                                              0.000     0.000 r  i_sys_clk_p (IN)
                         net (fo=0)                   0.000     0.000    pll_inst/inst/clk_in1_p
    AD12                                                              r  pll_inst/inst/clkin1_ibufgds/I
    AD12                 IBUFDS (Prop_ibufds_I_O)     0.470     0.470 r  pll_inst/inst/clkin1_ibufgds/O
                         net (fo=1, routed)           0.554     1.024    pll_inst/inst/clk_in1_pll
    PLLE2_ADV_X1Y1                                                    r  pll_inst/inst/plle2_adv_inst/CLKIN1
    PLLE2_ADV_X1Y1       PLLE2_ADV (Prop_plle2_adv_CLKIN1_CLKOUT0)
                                                     -3.524    -2.500 r  pll_inst/inst/plle2_adv_inst/CLKOUT0
                         net (fo=1, routed)           1.027    -1.473    pll_inst/inst/clk_out1_pll
    BUFGCTRL_X0Y1                                                     r  pll_inst/inst/clkout1_buf/I
    BUFGCTRL_X0Y1        BUFG (Prop_bufg_I_O)         0.030    -1.443 r  pll_inst/inst/clkout1_buf/O
                         net (fo=353, routed)         0.763    -0.680    twin_controller_inst/CLK
    SLICE_X31Y227        FDCE                                         r  twin_controller_inst/status_buffer_reg[5][4]/C
                         clock pessimism              0.219    -0.462    
    SLICE_X31Y227        FDCE (Hold_fdce_C_D)         0.043    -0.419    twin_controller_inst/status_buffer_reg[5][4]
  -------------------------------------------------------------------
                         required time                          0.419    
                         arrival time                          -0.260    
  -------------------------------------------------------------------
                         slack                                  0.159    

Slack (MET) :             0.160ns  (arrival time - required time)
  Source:                 twin_controller_inst/sw_reg[58]/C
                            (rising edge-triggered cell FDCE clocked by clk_out1_pll  {rise@0.000ns fall@10.000ns period=20.000ns})
  Destination:            twin_controller_inst/status_buffer_reg[13][2]/D
                            (rising edge-triggered cell FDCE clocked by clk_out1_pll  {rise@0.000ns fall@10.000ns period=20.000ns})
  Path Group:             clk_out1_pll
  Path Type:              Hold (Min at Fast Process Corner)
  Requirement:            0.000ns  (clk_out1_pll rise@0.000ns - clk_out1_pll rise@0.000ns)
  Data Path Delay:        0.212ns  (logic 0.100ns (47.157%)  route 0.112ns (52.843%))
  Logic Levels:           0  
  Clock Path Skew:        0.012ns (DCD - SCD - CPR)
    Destination Clock Delay (DCD):    -0.681ns
    Source Clock Delay      (SCD):    -0.474ns
    Clock Pessimism Removal (CPR):    -0.220ns

    Location             Delay type                Incr(ns)  Path(ns)    Netlist Resource(s)
  -------------------------------------------------------------------    -------------------
                         (clock clk_out1_pll rise edge)
                                                      0.000     0.000 r  
    AD12                                              0.000     0.000 r  i_sys_clk_p (IN)
                         net (fo=0)                   0.000     0.000    pll_inst/inst/clk_in1_p
    AD12                                                              r  pll_inst/inst/clkin1_ibufgds/I
    AD12                 IBUFDS (Prop_ibufds_I_O)     0.388     0.388 r  pll_inst/inst/clkin1_ibufgds/O
                         net (fo=1, routed)           0.503     0.891    pll_inst/inst/clk_in1_pll
    PLLE2_ADV_X1Y1                                                    r  pll_inst/inst/plle2_adv_inst/CLKIN1
    PLLE2_ADV_X1Y1       PLLE2_ADV (Prop_plle2_adv_CLKIN1_CLKOUT0)
                                                     -2.908    -2.017 r  pll_inst/inst/plle2_adv_inst/CLKOUT0
                         net (fo=1, routed)           0.958    -1.059    pll_inst/inst/clk_out1_pll
    BUFGCTRL_X0Y1                                                     r  pll_inst/inst/clkout1_buf/I
    BUFGCTRL_X0Y1        BUFG (Prop_bufg_I_O)         0.026    -1.033 r  pll_inst/inst/clkout1_buf/O
                         net (fo=353, routed)         0.559    -0.474    twin_controller_inst/CLK
    SLICE_X35Y228        FDCE                                         r  twin_controller_inst/sw_reg[58]/C
  -------------------------------------------------------------------    -------------------
    SLICE_X35Y228        FDCE (Prop_fdce_C_Q)         0.100    -0.374 r  twin_controller_inst/sw_reg[58]/Q
                         net (fo=3, routed)           0.112    -0.262    twin_controller_inst/sw_reg[63]_0[52]
    SLICE_X32Y228        FDCE                                         r  twin_controller_inst/status_buffer_reg[13][2]/D
  -------------------------------------------------------------------    -------------------

                         (clock clk_out1_pll rise edge)
                                                      0.000     0.000 r  
    AD12                                              0.000     0.000 r  i_sys_clk_p (IN)
                         net (fo=0)                   0.000     0.000    pll_inst/inst/clk_in1_p
    AD12                                                              r  pll_inst/inst/clkin1_ibufgds/I
    AD12                 IBUFDS (Prop_ibufds_I_O)     0.470     0.470 r  pll_inst/inst/clkin1_ibufgds/O
                         net (fo=1, routed)           0.554     1.024    pll_inst/inst/clk_in1_pll
    PLLE2_ADV_X1Y1                                                    r  pll_inst/inst/plle2_adv_inst/CLKIN1
    PLLE2_ADV_X1Y1       PLLE2_ADV (Prop_plle2_adv_CLKIN1_CLKOUT0)
                                                     -3.524    -2.500 r  pll_inst/inst/plle2_adv_inst/CLKOUT0
                         net (fo=1, routed)           1.027    -1.473    pll_inst/inst/clk_out1_pll
    BUFGCTRL_X0Y1                                                     r  pll_inst/inst/clkout1_buf/I
    BUFGCTRL_X0Y1        BUFG (Prop_bufg_I_O)         0.030    -1.443 r  pll_inst/inst/clkout1_buf/O
                         net (fo=353, routed)         0.762    -0.681    twin_controller_inst/CLK
    SLICE_X32Y228        FDCE                                         r  twin_controller_inst/status_buffer_reg[13][2]/C
                         clock pessimism              0.220    -0.462    
    SLICE_X32Y228        FDCE (Hold_fdce_C_D)         0.040    -0.422    twin_controller_inst/status_buffer_reg[13][2]
  -------------------------------------------------------------------
                         required time                          0.422    
                         arrival time                          -0.262    
  -------------------------------------------------------------------
                         slack                                  0.160    

Slack (MET) :             0.162ns  (arrival time - required time)
  Source:                 uart_inst/rx_ready_pulse_reg/C
                            (rising edge-triggered cell FDCE clocked by clk_out1_pll  {rise@0.000ns fall@10.000ns period=20.000ns})
  Destination:            uart_inst/rx_ready_reg/D
                            (rising edge-triggered cell FDCE clocked by clk_out1_pll  {rise@0.000ns fall@10.000ns period=20.000ns})
  Path Group:             clk_out1_pll
  Path Type:              Hold (Min at Fast Process Corner)
  Requirement:            0.000ns  (clk_out1_pll rise@0.000ns - clk_out1_pll rise@0.000ns)
  Data Path Delay:        0.222ns  (logic 0.157ns (70.648%)  route 0.065ns (29.352%))
  Logic Levels:           1  (LUT3=1)
  Clock Path Skew:        0.000ns (DCD - SCD - CPR)
    Destination Clock Delay (DCD):    -0.629ns
    Source Clock Delay      (SCD):    -0.424ns
    Clock Pessimism Removal (CPR):    -0.206ns

    Location             Delay type                Incr(ns)  Path(ns)    Netlist Resource(s)
  -------------------------------------------------------------------    -------------------
                         (clock clk_out1_pll rise edge)
                                                      0.000     0.000 r  
    AD12                                              0.000     0.000 r  i_sys_clk_p (IN)
                         net (fo=0)                   0.000     0.000    pll_inst/inst/clk_in1_p
    AD12                                                              r  pll_inst/inst/clkin1_ibufgds/I
    AD12                 IBUFDS (Prop_ibufds_I_O)     0.388     0.388 r  pll_inst/inst/clkin1_ibufgds/O
                         net (fo=1, routed)           0.503     0.891    pll_inst/inst/clk_in1_pll
    PLLE2_ADV_X1Y1                                                    r  pll_inst/inst/plle2_adv_inst/CLKIN1
    PLLE2_ADV_X1Y1       PLLE2_ADV (Prop_plle2_adv_CLKIN1_CLKOUT0)
                                                     -2.908    -2.017 r  pll_inst/inst/plle2_adv_inst/CLKOUT0
                         net (fo=1, routed)           0.958    -1.059    pll_inst/inst/clk_out1_pll
    BUFGCTRL_X0Y1                                                     r  pll_inst/inst/clkout1_buf/I
    BUFGCTRL_X0Y1        BUFG (Prop_bufg_I_O)         0.026    -1.033 r  pll_inst/inst/clkout1_buf/O
                         net (fo=353, routed)         0.609    -0.424    uart_inst/clk_out1
    SLICE_X7Y245         FDCE                                         r  uart_inst/rx_ready_pulse_reg/C
  -------------------------------------------------------------------    -------------------
    SLICE_X7Y245         FDCE (Prop_fdce_C_Q)         0.091    -0.333 r  uart_inst/rx_ready_pulse_reg/Q
                         net (fo=15, routed)          0.065    -0.267    uart_inst/rx_ready_pulse_reg_n_0
    SLICE_X7Y245                                                      r  uart_inst/rx_ready_i_1/I0
    SLICE_X7Y245         LUT3 (Prop_lut3_I0_O)        0.066    -0.201 r  uart_inst/rx_ready_i_1/O
                         net (fo=1, routed)           0.000    -0.201    uart_inst/rx_ready_i_1_n_0
    SLICE_X7Y245         FDCE                                         r  uart_inst/rx_ready_reg/D
  -------------------------------------------------------------------    -------------------

                         (clock clk_out1_pll rise edge)
                                                      0.000     0.000 r  
    AD12                                              0.000     0.000 r  i_sys_clk_p (IN)
                         net (fo=0)                   0.000     0.000    pll_inst/inst/clk_in1_p
    AD12                                                              r  pll_inst/inst/clkin1_ibufgds/I
    AD12                 IBUFDS (Prop_ibufds_I_O)     0.470     0.470 r  pll_inst/inst/clkin1_ibufgds/O
                         net (fo=1, routed)           0.554     1.024    pll_inst/inst/clk_in1_pll
    PLLE2_ADV_X1Y1                                                    r  pll_inst/inst/plle2_adv_inst/CLKIN1
    PLLE2_ADV_X1Y1       PLLE2_ADV (Prop_plle2_adv_CLKIN1_CLKOUT0)
                                                     -3.524    -2.500 r  pll_inst/inst/plle2_adv_inst/CLKOUT0
                         net (fo=1, routed)           1.027    -1.473    pll_inst/inst/clk_out1_pll
    BUFGCTRL_X0Y1                                                     r  pll_inst/inst/clkout1_buf/I
    BUFGCTRL_X0Y1        BUFG (Prop_bufg_I_O)         0.030    -1.443 r  pll_inst/inst/clkout1_buf/O
                         net (fo=353, routed)         0.814    -0.629    uart_inst/clk_out1
    SLICE_X7Y245         FDCE                                         r  uart_inst/rx_ready_reg/C
                         clock pessimism              0.206    -0.424    
    SLICE_X7Y245         FDCE (Hold_fdce_C_D)         0.060    -0.364    uart_inst/rx_ready_reg
  -------------------------------------------------------------------
                         required time                          0.364    
                         arrival time                          -0.201    
  -------------------------------------------------------------------
                         slack                                  0.162    

Slack (MET) :             0.165ns  (arrival time - required time)
  Source:                 twin_controller_inst/key_reg[6]/C
                            (rising edge-triggered cell FDCE clocked by clk_out1_pll  {rise@0.000ns fall@10.000ns period=20.000ns})
  Destination:            twin_controller_inst/status_buffer_reg[5][6]/D
                            (rising edge-triggered cell FDCE clocked by clk_out1_pll  {rise@0.000ns fall@10.000ns period=20.000ns})
  Path Group:             clk_out1_pll
  Path Type:              Hold (Min at Fast Process Corner)
  Requirement:            0.000ns  (clk_out1_pll rise@0.000ns - clk_out1_pll rise@0.000ns)
  Data Path Delay:        0.220ns  (logic 0.100ns (45.535%)  route 0.120ns (54.465%))
  Logic Levels:           0  
  Clock Path Skew:        0.012ns (DCD - SCD - CPR)
    Destination Clock Delay (DCD):    -0.682ns
    Source Clock Delay      (SCD):    -0.476ns
    Clock Pessimism Removal (CPR):    -0.219ns

    Location             Delay type                Incr(ns)  Path(ns)    Netlist Resource(s)
  -------------------------------------------------------------------    -------------------
                         (clock clk_out1_pll rise edge)
                                                      0.000     0.000 r  
    AD12                                              0.000     0.000 r  i_sys_clk_p (IN)
                         net (fo=0)                   0.000     0.000    pll_inst/inst/clk_in1_p
    AD12                                                              r  pll_inst/inst/clkin1_ibufgds/I
    AD12                 IBUFDS (Prop_ibufds_I_O)     0.388     0.388 r  pll_inst/inst/clkin1_ibufgds/O
                         net (fo=1, routed)           0.503     0.891    pll_inst/inst/clk_in1_pll
    PLLE2_ADV_X1Y1                                                    r  pll_inst/inst/plle2_adv_inst/CLKIN1
    PLLE2_ADV_X1Y1       PLLE2_ADV (Prop_plle2_adv_CLKIN1_CLKOUT0)
                                                     -2.908    -2.017 r  pll_inst/inst/plle2_adv_inst/CLKOUT0
                         net (fo=1, routed)           0.958    -1.059    pll_inst/inst/clk_out1_pll
    BUFGCTRL_X0Y1                                                     r  pll_inst/inst/clkout1_buf/I
    BUFGCTRL_X0Y1        BUFG (Prop_bufg_I_O)         0.026    -1.033 r  pll_inst/inst/clkout1_buf/O
                         net (fo=353, routed)         0.557    -0.476    twin_controller_inst/CLK
    SLICE_X29Y225        FDCE                                         r  twin_controller_inst/key_reg[6]/C
  -------------------------------------------------------------------    -------------------
    SLICE_X29Y225        FDCE (Prop_fdce_C_Q)         0.100    -0.376 r  twin_controller_inst/key_reg[6]/Q
                         net (fo=3, routed)           0.120    -0.256    twin_controller_inst/virtual_key[6]
    SLICE_X29Y226        FDCE                                         r  twin_controller_inst/status_buffer_reg[5][6]/D
  -------------------------------------------------------------------    -------------------

                         (clock clk_out1_pll rise edge)
                                                      0.000     0.000 r  
    AD12                                              0.000     0.000 r  i_sys_clk_p (IN)
                         net (fo=0)                   0.000     0.000    pll_inst/inst/clk_in1_p
    AD12                                                              r  pll_inst/inst/clkin1_ibufgds/I
    AD12                 IBUFDS (Prop_ibufds_I_O)     0.470     0.470 r  pll_inst/inst/clkin1_ibufgds/O
                         net (fo=1, routed)           0.554     1.024    pll_inst/inst/clk_in1_pll
    PLLE2_ADV_X1Y1                                                    r  pll_inst/inst/plle2_adv_inst/CLKIN1
    PLLE2_ADV_X1Y1       PLLE2_ADV (Prop_plle2_adv_CLKIN1_CLKOUT0)
                                                     -3.524    -2.500 r  pll_inst/inst/plle2_adv_inst/CLKOUT0
                         net (fo=1, routed)           1.027    -1.473    pll_inst/inst/clk_out1_pll
    BUFGCTRL_X0Y1                                                     r  pll_inst/inst/clkout1_buf/I
    BUFGCTRL_X0Y1        BUFG (Prop_bufg_I_O)         0.030    -1.443 r  pll_inst/inst/clkout1_buf/O
                         net (fo=353, routed)         0.761    -0.682    twin_controller_inst/CLK
    SLICE_X29Y226        FDCE                                         r  twin_controller_inst/status_buffer_reg[5][6]/C
                         clock pessimism              0.219    -0.464    
    SLICE_X29Y226        FDCE (Hold_fdce_C_D)         0.043    -0.421    twin_controller_inst/status_buffer_reg[5][6]
  -------------------------------------------------------------------
                         required time                          0.421    
                         arrival time                          -0.256    
  -------------------------------------------------------------------
                         slack                                  0.165    





Pulse Width Checks
--------------------------------------------------------------------------------------
Clock Name:         clk_out1_pll
Waveform(ns):       { 0.000 10.000 }
Period(ns):         20.000
Sources:            { pll_inst/inst/plle2_adv_inst/CLKOUT0 }

Check Type        Corner  Lib Pin            Reference Pin  Required(ns)  Actual(ns)  Slack(ns)  Location        Pin
Min Period        n/a     BUFG/I             n/a            1.408         20.000      18.591     BUFGCTRL_X0Y1   pll_inst/inst/clkout1_buf/I
Min Period        n/a     PLLE2_ADV/CLKOUT0  n/a            1.071         20.000      18.929     PLLE2_ADV_X1Y1  pll_inst/inst/plle2_adv_inst/CLKOUT0
Min Period        n/a     FDCE/C             n/a            0.750         20.000      19.250     SLICE_X34Y240   twin_controller_inst/send_cnt_reg[1]/C
Min Period        n/a     FDCE/C             n/a            0.750         20.000      19.250     SLICE_X34Y240   twin_controller_inst/send_cnt_reg[3]/C
Min Period        n/a     FDCE/C             n/a            0.750         20.000      19.250     SLICE_X30Y223   twin_controller_inst/status_buffer_reg[11][6]/C
Min Period        n/a     FDCE/C             n/a            0.750         20.000      19.250     SLICE_X34Y241   twin_controller_inst/status_buffer_reg[17][4]/C
Min Period        n/a     FDCE/C             n/a            0.750         20.000      19.250     SLICE_X34Y241   twin_controller_inst/status_buffer_reg[17][7]/C
Min Period        n/a     FDCE/C             n/a            0.750         20.000      19.250     SLICE_X28Y224   twin_controller_inst/status_buffer_reg[5][0]/C
Min Period        n/a     FDCE/C             n/a            0.750         20.000      19.250     SLICE_X30Y223   twin_controller_inst/status_buffer_reg[5][1]/C
Min Period        n/a     FDCE/C             n/a            0.750         20.000      19.250     SLICE_X33Y222   twin_controller_inst/status_buffer_reg[5][3]/C
Min Period        n/a     FDCE/C             n/a            0.750         20.000      19.250     SLICE_X28Y224   twin_controller_inst/status_buffer_reg[5][7]/C
Min Period        n/a     FDCE/C             n/a            0.750         20.000      19.250     SLICE_X28Y224   twin_controller_inst/status_buffer_reg[6][0]/C
Min Period        n/a     FDCE/C             n/a            0.750         20.000      19.250     SLICE_X32Y226   twin_controller_inst/status_buffer_reg[6][2]/C
Min Period        n/a     FDCE/C             n/a            0.750         20.000      19.250     SLICE_X33Y222   twin_controller_inst/status_buffer_reg[6][3]/C
Min Period        n/a     FDCE/C             n/a            0.750         20.000      19.250     SLICE_X31Y227   twin_controller_inst/status_buffer_reg[6][4]/C
Min Period        n/a     FDCE/C             n/a            0.750         20.000      19.250     SLICE_X29Y227   twin_controller_inst/status_buffer_reg[6][5]/C
Min Period        n/a     FDCE/C             n/a            0.750         20.000      19.250     SLICE_X33Y224   twin_controller_inst/status_buffer_reg[7][0]/C
Min Period        n/a     FDCE/C             n/a            0.750         20.000      19.250     SLICE_X33Y224   twin_controller_inst/status_buffer_reg[7][1]/C
Min Period        n/a     FDCE/C             n/a            0.750         20.000      19.250     SLICE_X32Y226   twin_controller_inst/status_buffer_reg[7][2]/C
Min Period        n/a     FDCE/C             n/a            0.750         20.000      19.250     SLICE_X33Y222   twin_controller_inst/status_buffer_reg[7][3]/C
Max Period        n/a     PLLE2_ADV/CLKOUT0  n/a            160.000       20.000      140.000    PLLE2_ADV_X1Y1  pll_inst/inst/plle2_adv_inst/CLKOUT0
Low Pulse Width   Slow    FDCE/C             n/a            0.400         10.000      9.600      SLICE_X34Y240   twin_controller_inst/send_cnt_reg[1]/C
Low Pulse Width   Fast    FDCE/C             n/a            0.400         10.000      9.600      SLICE_X34Y240   twin_controller_inst/send_cnt_reg[1]/C
Low Pulse Width   Slow    FDCE/C             n/a            0.400         10.000      9.600      SLICE_X34Y240   twin_controller_inst/send_cnt_reg[3]/C
Low Pulse Width   Fast    FDCE/C             n/a            0.400         10.000      9.600      SLICE_X34Y240   twin_controller_inst/send_cnt_reg[3]/C
Low Pulse Width   Slow    FDCE/C             n/a            0.400         10.000      9.600      SLICE_X30Y223   twin_controller_inst/status_buffer_reg[11][6]/C
Low Pulse Width   Fast    FDCE/C             n/a            0.400         10.000      9.600      SLICE_X30Y223   twin_controller_inst/status_buffer_reg[11][6]/C
Low Pulse Width   Slow    FDCE/C             n/a            0.400         10.000      9.600      SLICE_X34Y241   twin_controller_inst/status_buffer_reg[17][4]/C
Low Pulse Width   Fast    FDCE/C             n/a            0.400         10.000      9.600      SLICE_X34Y241   twin_controller_inst/status_buffer_reg[17][4]/C
Low Pulse Width   Slow    FDCE/C             n/a            0.400         10.000      9.600      SLICE_X34Y241   twin_controller_inst/status_buffer_reg[17][7]/C
Low Pulse Width   Fast    FDCE/C             n/a            0.400         10.000      9.600      SLICE_X34Y241   twin_controller_inst/status_buffer_reg[17][7]/C
Low Pulse Width   Slow    FDCE/C             n/a            0.400         10.000      9.600      SLICE_X28Y224   twin_controller_inst/status_buffer_reg[5][0]/C
Low Pulse Width   Fast    FDCE/C             n/a            0.400         10.000      9.600      SLICE_X28Y224   twin_controller_inst/status_buffer_reg[5][0]/C
Low Pulse Width   Slow    FDCE/C             n/a            0.400         10.000      9.600      SLICE_X30Y223   twin_controller_inst/status_buffer_reg[5][1]/C
Low Pulse Width   Fast    FDCE/C             n/a            0.400         10.000      9.600      SLICE_X30Y223   twin_controller_inst/status_buffer_reg[5][1]/C
Low Pulse Width   Slow    FDCE/C             n/a            0.400         10.000      9.600      SLICE_X33Y222   twin_controller_inst/status_buffer_reg[5][3]/C
Low Pulse Width   Fast    FDCE/C             n/a            0.400         10.000      9.600      SLICE_X33Y222   twin_controller_inst/status_buffer_reg[5][3]/C
Low Pulse Width   Slow    FDCE/C             n/a            0.400         10.000      9.600      SLICE_X28Y224   twin_controller_inst/status_buffer_reg[5][7]/C
Low Pulse Width   Fast    FDCE/C             n/a            0.400         10.000      9.600      SLICE_X28Y224   twin_controller_inst/status_buffer_reg[5][7]/C
Low Pulse Width   Slow    FDCE/C             n/a            0.400         10.000      9.600      SLICE_X28Y224   twin_controller_inst/status_buffer_reg[6][0]/C
Low Pulse Width   Fast    FDCE/C             n/a            0.400         10.000      9.600      SLICE_X28Y224   twin_controller_inst/status_buffer_reg[6][0]/C
High Pulse Width  Slow    FDRE/C             n/a            0.350         10.000      9.650      SLICE_X31Y245   student_top_inst/bridge_inst/counter_inst/cnt_1ms_reg[0]/C
High Pulse Width  Fast    FDRE/C             n/a            0.350         10.000      9.650      SLICE_X31Y245   student_top_inst/bridge_inst/counter_inst/cnt_1ms_reg[0]/C
High Pulse Width  Slow    FDRE/C             n/a            0.350         10.000      9.650      SLICE_X31Y247   student_top_inst/bridge_inst/counter_inst/cnt_1ms_reg[10]/C
High Pulse Width  Fast    FDRE/C             n/a            0.350         10.000      9.650      SLICE_X31Y247   student_top_inst/bridge_inst/counter_inst/cnt_1ms_reg[10]/C
High Pulse Width  Slow    FDRE/C             n/a            0.350         10.000      9.650      SLICE_X31Y247   student_top_inst/bridge_inst/counter_inst/cnt_1ms_reg[11]/C
High Pulse Width  Fast    FDRE/C             n/a            0.350         10.000      9.650      SLICE_X31Y247   student_top_inst/bridge_inst/counter_inst/cnt_1ms_reg[11]/C
High Pulse Width  Slow    FDRE/C             n/a            0.350         10.000      9.650      SLICE_X31Y248   student_top_inst/bridge_inst/counter_inst/cnt_1ms_reg[12]/C
High Pulse Width  Fast    FDRE/C             n/a            0.350         10.000      9.650      SLICE_X31Y248   student_top_inst/bridge_inst/counter_inst/cnt_1ms_reg[12]/C
High Pulse Width  Slow    FDRE/C             n/a            0.350         10.000      9.650      SLICE_X31Y248   student_top_inst/bridge_inst/counter_inst/cnt_1ms_reg[13]/C
High Pulse Width  Fast    FDRE/C             n/a            0.350         10.000      9.650      SLICE_X31Y248   student_top_inst/bridge_inst/counter_inst/cnt_1ms_reg[13]/C
High Pulse Width  Slow    FDRE/C             n/a            0.350         10.000      9.650      SLICE_X31Y248   student_top_inst/bridge_inst/counter_inst/cnt_1ms_reg[14]/C
High Pulse Width  Fast    FDRE/C             n/a            0.350         10.000      9.650      SLICE_X31Y248   student_top_inst/bridge_inst/counter_inst/cnt_1ms_reg[14]/C
High Pulse Width  Slow    FDRE/C             n/a            0.350         10.000      9.650      SLICE_X31Y248   student_top_inst/bridge_inst/counter_inst/cnt_1ms_reg[15]/C
High Pulse Width  Fast    FDRE/C             n/a            0.350         10.000      9.650      SLICE_X31Y248   student_top_inst/bridge_inst/counter_inst/cnt_1ms_reg[15]/C
High Pulse Width  Slow    FDRE/C             n/a            0.350         10.000      9.650      SLICE_X31Y245   student_top_inst/bridge_inst/counter_inst/cnt_1ms_reg[1]/C
High Pulse Width  Fast    FDRE/C             n/a            0.350         10.000      9.650      SLICE_X31Y245   student_top_inst/bridge_inst/counter_inst/cnt_1ms_reg[1]/C
High Pulse Width  Slow    FDRE/C             n/a            0.350         10.000      9.650      SLICE_X31Y245   student_top_inst/bridge_inst/counter_inst/cnt_1ms_reg[2]/C
High Pulse Width  Fast    FDRE/C             n/a            0.350         10.000      9.650      SLICE_X31Y245   student_top_inst/bridge_inst/counter_inst/cnt_1ms_reg[2]/C
High Pulse Width  Slow    FDRE/C             n/a            0.350         10.000      9.650      SLICE_X31Y245   student_top_inst/bridge_inst/counter_inst/cnt_1ms_reg[3]/C
High Pulse Width  Fast    FDRE/C             n/a            0.350         10.000      9.650      SLICE_X31Y245   student_top_inst/bridge_inst/counter_inst/cnt_1ms_reg[3]/C



---------------------------------------------------------------------------------------------------
From Clock:  clk_out2_pll
  To Clock:  clk_out2_pll

Setup :           NA  Failing Endpoints,  Worst Slack           NA  ,  Total Violation           NA
Hold  :            0  Failing Endpoints,  Worst Slack        0.056ns,  Total Violation        0.000ns
PW    :            0  Failing Endpoints,  Worst Slack        3.232ns,  Total Violation        0.000ns
---------------------------------------------------------------------------------------------------


Min Delay Paths
--------------------------------------------------------------------------------------
Slack (MET) :             0.056ns  (arrival time - required time)
  Source:                 student_top_inst/u_KLDJ_top/ex_mem_mem_addr_reg[9]_replica_13/C
                            (rising edge-triggered cell FDRE clocked by clk_out2_pll  {rise@0.000ns fall@4.000ns period=8.000ns})
  Destination:            student_top_inst/bridge_inst/dram_driver_inst/Mem_DRAM/U0/synth_options.dist_mem_inst/gen_sp_ram.spram_inst/ram_reg_7168_7423_7_7/RAMS64E_A/WADR7
                            (rising edge-triggered cell RAMS64E clocked by clk_out2_pll  {rise@0.000ns fall@4.000ns period=8.000ns})
  Path Group:             clk_out2_pll
  Path Type:              Hold (Min at Fast Process Corner)
  Requirement:            0.000ns  (clk_out2_pll rise@0.000ns - clk_out2_pll rise@0.000ns)
  Data Path Delay:        0.483ns  (logic 0.100ns (20.700%)  route 0.383ns (79.300%))
  Logic Levels:           0  
  Clock Path Skew:        0.262ns (DCD - SCD - CPR)
    Destination Clock Delay (DCD):    -0.631ns
    Source Clock Delay      (SCD):    -0.491ns
    Clock Pessimism Removal (CPR):    -0.403ns

    Location             Delay type                Incr(ns)  Path(ns)    Netlist Resource(s)
  -------------------------------------------------------------------    -------------------
                         (clock clk_out2_pll rise edge)
                                                      0.000     0.000 r  
    AD12                                              0.000     0.000 r  i_sys_clk_p (IN)
                         net (fo=0)                   0.000     0.000    pll_inst/inst/clk_in1_p
    AD12                                                              r  pll_inst/inst/clkin1_ibufgds/I
    AD12                 IBUFDS (Prop_ibufds_I_O)     0.388     0.388 r  pll_inst/inst/clkin1_ibufgds/O
                         net (fo=1, routed)           0.503     0.891    pll_inst/inst/clk_in1_pll
    PLLE2_ADV_X1Y1                                                    r  pll_inst/inst/plle2_adv_inst/CLKIN1
    PLLE2_ADV_X1Y1       PLLE2_ADV (Prop_plle2_adv_CLKIN1_CLKOUT1)
                                                     -2.908    -2.017 r  pll_inst/inst/plle2_adv_inst/CLKOUT1
                         net (fo=1, routed)           0.958    -1.059    pll_inst/inst/clk_out2_pll
    BUFGCTRL_X0Y0                                                     r  pll_inst/inst/clkout2_buf/I
    BUFGCTRL_X0Y0        BUFG (Prop_bufg_I_O)         0.026    -1.033 r  pll_inst/inst/clkout2_buf/O
                         net (fo=34657, routed)       0.542    -0.491    student_top_inst/u_KLDJ_top/clk_out2
    SLICE_X65Y154        FDRE                                         r  student_top_inst/u_KLDJ_top/ex_mem_mem_addr_reg[9]_replica_13/C
  -------------------------------------------------------------------    -------------------
    SLICE_X65Y154        FDRE (Prop_fdre_C_Q)         0.100    -0.391 r  student_top_inst/u_KLDJ_top/ex_mem_mem_addr_reg[9]_replica_13/Q
                         net (fo=2790, routed)        0.383    -0.007    student_top_inst/bridge_inst/dram_driver_inst/Mem_DRAM/U0/synth_options.dist_mem_inst/gen_sp_ram.spram_inst/ram_reg_7168_7423_7_7/A7
    SLICE_X70Y145        RAMS64E                                      r  student_top_inst/bridge_inst/dram_driver_inst/Mem_DRAM/U0/synth_options.dist_mem_inst/gen_sp_ram.spram_inst/ram_reg_7168_7423_7_7/RAMS64E_A/WADR7
  -------------------------------------------------------------------    -------------------

                         (clock clk_out2_pll rise edge)
                                                      0.000     0.000 r  
    AD12                                              0.000     0.000 r  i_sys_clk_p (IN)
                         net (fo=0)                   0.000     0.000    pll_inst/inst/clk_in1_p
    AD12                                                              r  pll_inst/inst/clkin1_ibufgds/I
    AD12                 IBUFDS (Prop_ibufds_I_O)     0.470     0.470 r  pll_inst/inst/clkin1_ibufgds/O
                         net (fo=1, routed)           0.554     1.024    pll_inst/inst/clk_in1_pll
    PLLE2_ADV_X1Y1                                                    r  pll_inst/inst/plle2_adv_inst/CLKIN1
    PLLE2_ADV_X1Y1       PLLE2_ADV (Prop_plle2_adv_CLKIN1_CLKOUT1)
                                                     -3.524    -2.500 r  pll_inst/inst/plle2_adv_inst/CLKOUT1
                         net (fo=1, routed)           1.027    -1.473    pll_inst/inst/clk_out2_pll
    BUFGCTRL_X0Y0                                                     r  pll_inst/inst/clkout2_buf/I
    BUFGCTRL_X0Y0        BUFG (Prop_bufg_I_O)         0.030    -1.443 r  pll_inst/inst/clkout2_buf/O
                         net (fo=34657, routed)       0.812    -0.631    student_top_inst/bridge_inst/dram_driver_inst/Mem_DRAM/U0/synth_options.dist_mem_inst/gen_sp_ram.spram_inst/ram_reg_7168_7423_7_7/WCLK
    SLICE_X70Y145        RAMS64E                                      r  student_top_inst/bridge_inst/dram_driver_inst/Mem_DRAM/U0/synth_options.dist_mem_inst/gen_sp_ram.spram_inst/ram_reg_7168_7423_7_7/RAMS64E_A/CLK
                         clock pessimism              0.403    -0.229    
    SLICE_X70Y145        RAMS64E (Hold_rams64e_CLK_WADR7)
                                                      0.165    -0.064    student_top_inst/bridge_inst/dram_driver_inst/Mem_DRAM/U0/synth_options.dist_mem_inst/gen_sp_ram.spram_inst/ram_reg_7168_7423_7_7/RAMS64E_A
  -------------------------------------------------------------------
                         required time                          0.064    
                         arrival time                          -0.007    
  -------------------------------------------------------------------
                         slack                                  0.056    

Slack (MET) :             0.056ns  (arrival time - required time)
  Source:                 student_top_inst/u_KLDJ_top/ex_mem_mem_addr_reg[9]_replica_13/C
                            (rising edge-triggered cell FDRE clocked by clk_out2_pll  {rise@0.000ns fall@4.000ns period=8.000ns})
  Destination:            student_top_inst/bridge_inst/dram_driver_inst/Mem_DRAM/U0/synth_options.dist_mem_inst/gen_sp_ram.spram_inst/ram_reg_7168_7423_7_7/RAMS64E_B/WADR7
                            (rising edge-triggered cell RAMS64E clocked by clk_out2_pll  {rise@0.000ns fall@4.000ns period=8.000ns})
  Path Group:             clk_out2_pll
  Path Type:              Hold (Min at Fast Process Corner)
  Requirement:            0.000ns  (clk_out2_pll rise@0.000ns - clk_out2_pll rise@0.000ns)
  Data Path Delay:        0.483ns  (logic 0.100ns (20.700%)  route 0.383ns (79.300%))
  Logic Levels:           0  
  Clock Path Skew:        0.262ns (DCD - SCD - CPR)
    Destination Clock Delay (DCD):    -0.631ns
    Source Clock Delay      (SCD):    -0.491ns
    Clock Pessimism Removal (CPR):    -0.403ns

    Location             Delay type                Incr(ns)  Path(ns)    Netlist Resource(s)
  -------------------------------------------------------------------    -------------------
                         (clock clk_out2_pll rise edge)
                                                      0.000     0.000 r  
    AD12                                              0.000     0.000 r  i_sys_clk_p (IN)
                         net (fo=0)                   0.000     0.000    pll_inst/inst/clk_in1_p
    AD12                                                              r  pll_inst/inst/clkin1_ibufgds/I
    AD12                 IBUFDS (Prop_ibufds_I_O)     0.388     0.388 r  pll_inst/inst/clkin1_ibufgds/O
                         net (fo=1, routed)           0.503     0.891    pll_inst/inst/clk_in1_pll
    PLLE2_ADV_X1Y1                                                    r  pll_inst/inst/plle2_adv_inst/CLKIN1
    PLLE2_ADV_X1Y1       PLLE2_ADV (Prop_plle2_adv_CLKIN1_CLKOUT1)
                                                     -2.908    -2.017 r  pll_inst/inst/plle2_adv_inst/CLKOUT1
                         net (fo=1, routed)           0.958    -1.059    pll_inst/inst/clk_out2_pll
    BUFGCTRL_X0Y0                                                     r  pll_inst/inst/clkout2_buf/I
    BUFGCTRL_X0Y0        BUFG (Prop_bufg_I_O)         0.026    -1.033 r  pll_inst/inst/clkout2_buf/O
                         net (fo=34657, routed)       0.542    -0.491    student_top_inst/u_KLDJ_top/clk_out2
    SLICE_X65Y154        FDRE                                         r  student_top_inst/u_KLDJ_top/ex_mem_mem_addr_reg[9]_replica_13/C
  -------------------------------------------------------------------    -------------------
    SLICE_X65Y154        FDRE (Prop_fdre_C_Q)         0.100    -0.391 r  student_top_inst/u_KLDJ_top/ex_mem_mem_addr_reg[9]_replica_13/Q
                         net (fo=2790, routed)        0.383    -0.007    student_top_inst/bridge_inst/dram_driver_inst/Mem_DRAM/U0/synth_options.dist_mem_inst/gen_sp_ram.spram_inst/ram_reg_7168_7423_7_7/A7
    SLICE_X70Y145        RAMS64E                                      r  student_top_inst/bridge_inst/dram_driver_inst/Mem_DRAM/U0/synth_options.dist_mem_inst/gen_sp_ram.spram_inst/ram_reg_7168_7423_7_7/RAMS64E_B/WADR7
  -------------------------------------------------------------------    -------------------

                         (clock clk_out2_pll rise edge)
                                                      0.000     0.000 r  
    AD12                                              0.000     0.000 r  i_sys_clk_p (IN)
                         net (fo=0)                   0.000     0.000    pll_inst/inst/clk_in1_p
    AD12                                                              r  pll_inst/inst/clkin1_ibufgds/I
    AD12                 IBUFDS (Prop_ibufds_I_O)     0.470     0.470 r  pll_inst/inst/clkin1_ibufgds/O
                         net (fo=1, routed)           0.554     1.024    pll_inst/inst/clk_in1_pll
    PLLE2_ADV_X1Y1                                                    r  pll_inst/inst/plle2_adv_inst/CLKIN1
    PLLE2_ADV_X1Y1       PLLE2_ADV (Prop_plle2_adv_CLKIN1_CLKOUT1)
                                                     -3.524    -2.500 r  pll_inst/inst/plle2_adv_inst/CLKOUT1
                         net (fo=1, routed)           1.027    -1.473    pll_inst/inst/clk_out2_pll
    BUFGCTRL_X0Y0                                                     r  pll_inst/inst/clkout2_buf/I
    BUFGCTRL_X0Y0        BUFG (Prop_bufg_I_O)         0.030    -1.443 r  pll_inst/inst/clkout2_buf/O
                         net (fo=34657, routed)       0.812    -0.631    student_top_inst/bridge_inst/dram_driver_inst/Mem_DRAM/U0/synth_options.dist_mem_inst/gen_sp_ram.spram_inst/ram_reg_7168_7423_7_7/WCLK
    SLICE_X70Y145        RAMS64E                                      r  student_top_inst/bridge_inst/dram_driver_inst/Mem_DRAM/U0/synth_options.dist_mem_inst/gen_sp_ram.spram_inst/ram_reg_7168_7423_7_7/RAMS64E_B/CLK
                         clock pessimism              0.403    -0.229    
    SLICE_X70Y145        RAMS64E (Hold_rams64e_CLK_WADR7)
                                                      0.165    -0.064    student_top_inst/bridge_inst/dram_driver_inst/Mem_DRAM/U0/synth_options.dist_mem_inst/gen_sp_ram.spram_inst/ram_reg_7168_7423_7_7/RAMS64E_B
  -------------------------------------------------------------------
                         required time                          0.064    
                         arrival time                          -0.007    
  -------------------------------------------------------------------
                         slack                                  0.056    

Slack (MET) :             0.056ns  (arrival time - required time)
  Source:                 student_top_inst/u_KLDJ_top/ex_mem_mem_addr_reg[9]_replica_13/C
                            (rising edge-triggered cell FDRE clocked by clk_out2_pll  {rise@0.000ns fall@4.000ns period=8.000ns})
  Destination:            student_top_inst/bridge_inst/dram_driver_inst/Mem_DRAM/U0/synth_options.dist_mem_inst/gen_sp_ram.spram_inst/ram_reg_7168_7423_7_7/RAMS64E_C/WADR7
                            (rising edge-triggered cell RAMS64E clocked by clk_out2_pll  {rise@0.000ns fall@4.000ns period=8.000ns})
  Path Group:             clk_out2_pll
  Path Type:              Hold (Min at Fast Process Corner)
  Requirement:            0.000ns  (clk_out2_pll rise@0.000ns - clk_out2_pll rise@0.000ns)
  Data Path Delay:        0.483ns  (logic 0.100ns (20.700%)  route 0.383ns (79.300%))
  Logic Levels:           0  
  Clock Path Skew:        0.262ns (DCD - SCD - CPR)
    Destination Clock Delay (DCD):    -0.631ns
    Source Clock Delay      (SCD):    -0.491ns
    Clock Pessimism Removal (CPR):    -0.403ns

    Location             Delay type                Incr(ns)  Path(ns)    Netlist Resource(s)
  -------------------------------------------------------------------    -------------------
                         (clock clk_out2_pll rise edge)
                                                      0.000     0.000 r  
    AD12                                              0.000     0.000 r  i_sys_clk_p (IN)
                         net (fo=0)                   0.000     0.000    pll_inst/inst/clk_in1_p
    AD12                                                              r  pll_inst/inst/clkin1_ibufgds/I
    AD12                 IBUFDS (Prop_ibufds_I_O)     0.388     0.388 r  pll_inst/inst/clkin1_ibufgds/O
                         net (fo=1, routed)           0.503     0.891    pll_inst/inst/clk_in1_pll
    PLLE2_ADV_X1Y1                                                    r  pll_inst/inst/plle2_adv_inst/CLKIN1
    PLLE2_ADV_X1Y1       PLLE2_ADV (Prop_plle2_adv_CLKIN1_CLKOUT1)
                                                     -2.908    -2.017 r  pll_inst/inst/plle2_adv_inst/CLKOUT1
                         net (fo=1, routed)           0.958    -1.059    pll_inst/inst/clk_out2_pll
    BUFGCTRL_X0Y0                                                     r  pll_inst/inst/clkout2_buf/I
    BUFGCTRL_X0Y0        BUFG (Prop_bufg_I_O)         0.026    -1.033 r  pll_inst/inst/clkout2_buf/O
                         net (fo=34657, routed)       0.542    -0.491    student_top_inst/u_KLDJ_top/clk_out2
    SLICE_X65Y154        FDRE                                         r  student_top_inst/u_KLDJ_top/ex_mem_mem_addr_reg[9]_replica_13/C
  -------------------------------------------------------------------    -------------------
    SLICE_X65Y154        FDRE (Prop_fdre_C_Q)         0.100    -0.391 r  student_top_inst/u_KLDJ_top/ex_mem_mem_addr_reg[9]_replica_13/Q
                         net (fo=2790, routed)        0.383    -0.007    student_top_inst/bridge_inst/dram_driver_inst/Mem_DRAM/U0/synth_options.dist_mem_inst/gen_sp_ram.spram_inst/ram_reg_7168_7423_7_7/A7
    SLICE_X70Y145        RAMS64E                                      r  student_top_inst/bridge_inst/dram_driver_inst/Mem_DRAM/U0/synth_options.dist_mem_inst/gen_sp_ram.spram_inst/ram_reg_7168_7423_7_7/RAMS64E_C/WADR7
  -------------------------------------------------------------------    -------------------

                         (clock clk_out2_pll rise edge)
                                                      0.000     0.000 r  
    AD12                                              0.000     0.000 r  i_sys_clk_p (IN)
                         net (fo=0)                   0.000     0.000    pll_inst/inst/clk_in1_p
    AD12                                                              r  pll_inst/inst/clkin1_ibufgds/I
    AD12                 IBUFDS (Prop_ibufds_I_O)     0.470     0.470 r  pll_inst/inst/clkin1_ibufgds/O
                         net (fo=1, routed)           0.554     1.024    pll_inst/inst/clk_in1_pll
    PLLE2_ADV_X1Y1                                                    r  pll_inst/inst/plle2_adv_inst/CLKIN1
    PLLE2_ADV_X1Y1       PLLE2_ADV (Prop_plle2_adv_CLKIN1_CLKOUT1)
                                                     -3.524    -2.500 r  pll_inst/inst/plle2_adv_inst/CLKOUT1
                         net (fo=1, routed)           1.027    -1.473    pll_inst/inst/clk_out2_pll
    BUFGCTRL_X0Y0                                                     r  pll_inst/inst/clkout2_buf/I
    BUFGCTRL_X0Y0        BUFG (Prop_bufg_I_O)         0.030    -1.443 r  pll_inst/inst/clkout2_buf/O
                         net (fo=34657, routed)       0.812    -0.631    student_top_inst/bridge_inst/dram_driver_inst/Mem_DRAM/U0/synth_options.dist_mem_inst/gen_sp_ram.spram_inst/ram_reg_7168_7423_7_7/WCLK
    SLICE_X70Y145        RAMS64E                                      r  student_top_inst/bridge_inst/dram_driver_inst/Mem_DRAM/U0/synth_options.dist_mem_inst/gen_sp_ram.spram_inst/ram_reg_7168_7423_7_7/RAMS64E_C/CLK
                         clock pessimism              0.403    -0.229    
    SLICE_X70Y145        RAMS64E (Hold_rams64e_CLK_WADR7)
                                                      0.165    -0.064    student_top_inst/bridge_inst/dram_driver_inst/Mem_DRAM/U0/synth_options.dist_mem_inst/gen_sp_ram.spram_inst/ram_reg_7168_7423_7_7/RAMS64E_C
  -------------------------------------------------------------------
                         required time                          0.064    
                         arrival time                          -0.007    
  -------------------------------------------------------------------
                         slack                                  0.056    

Slack (MET) :             0.056ns  (arrival time - required time)
  Source:                 student_top_inst/u_KLDJ_top/ex_mem_mem_addr_reg[9]_replica_13/C
                            (rising edge-triggered cell FDRE clocked by clk_out2_pll  {rise@0.000ns fall@4.000ns period=8.000ns})
  Destination:            student_top_inst/bridge_inst/dram_driver_inst/Mem_DRAM/U0/synth_options.dist_mem_inst/gen_sp_ram.spram_inst/ram_reg_7168_7423_7_7/RAMS64E_D/WADR7
                            (rising edge-triggered cell RAMS64E clocked by clk_out2_pll  {rise@0.000ns fall@4.000ns period=8.000ns})
  Path Group:             clk_out2_pll
  Path Type:              Hold (Min at Fast Process Corner)
  Requirement:            0.000ns  (clk_out2_pll rise@0.000ns - clk_out2_pll rise@0.000ns)
  Data Path Delay:        0.483ns  (logic 0.100ns (20.700%)  route 0.383ns (79.300%))
  Logic Levels:           0  
  Clock Path Skew:        0.262ns (DCD - SCD - CPR)
    Destination Clock Delay (DCD):    -0.631ns
    Source Clock Delay      (SCD):    -0.491ns
    Clock Pessimism Removal (CPR):    -0.403ns

    Location             Delay type                Incr(ns)  Path(ns)    Netlist Resource(s)
  -------------------------------------------------------------------    -------------------
                         (clock clk_out2_pll rise edge)
                                                      0.000     0.000 r  
    AD12                                              0.000     0.000 r  i_sys_clk_p (IN)
                         net (fo=0)                   0.000     0.000    pll_inst/inst/clk_in1_p
    AD12                                                              r  pll_inst/inst/clkin1_ibufgds/I
    AD12                 IBUFDS (Prop_ibufds_I_O)     0.388     0.388 r  pll_inst/inst/clkin1_ibufgds/O
                         net (fo=1, routed)           0.503     0.891    pll_inst/inst/clk_in1_pll
    PLLE2_ADV_X1Y1                                                    r  pll_inst/inst/plle2_adv_inst/CLKIN1
    PLLE2_ADV_X1Y1       PLLE2_ADV (Prop_plle2_adv_CLKIN1_CLKOUT1)
                                                     -2.908    -2.017 r  pll_inst/inst/plle2_adv_inst/CLKOUT1
                         net (fo=1, routed)           0.958    -1.059    pll_inst/inst/clk_out2_pll
    BUFGCTRL_X0Y0                                                     r  pll_inst/inst/clkout2_buf/I
    BUFGCTRL_X0Y0        BUFG (Prop_bufg_I_O)         0.026    -1.033 r  pll_inst/inst/clkout2_buf/O
                         net (fo=34657, routed)       0.542    -0.491    student_top_inst/u_KLDJ_top/clk_out2
    SLICE_X65Y154        FDRE                                         r  student_top_inst/u_KLDJ_top/ex_mem_mem_addr_reg[9]_replica_13/C
  -------------------------------------------------------------------    -------------------
    SLICE_X65Y154        FDRE (Prop_fdre_C_Q)         0.100    -0.391 r  student_top_inst/u_KLDJ_top/ex_mem_mem_addr_reg[9]_replica_13/Q
                         net (fo=2790, routed)        0.383    -0.007    student_top_inst/bridge_inst/dram_driver_inst/Mem_DRAM/U0/synth_options.dist_mem_inst/gen_sp_ram.spram_inst/ram_reg_7168_7423_7_7/A7
    SLICE_X70Y145        RAMS64E                                      r  student_top_inst/bridge_inst/dram_driver_inst/Mem_DRAM/U0/synth_options.dist_mem_inst/gen_sp_ram.spram_inst/ram_reg_7168_7423_7_7/RAMS64E_D/WADR7
  -------------------------------------------------------------------    -------------------

                         (clock clk_out2_pll rise edge)
                                                      0.000     0.000 r  
    AD12                                              0.000     0.000 r  i_sys_clk_p (IN)
                         net (fo=0)                   0.000     0.000    pll_inst/inst/clk_in1_p
    AD12                                                              r  pll_inst/inst/clkin1_ibufgds/I
    AD12                 IBUFDS (Prop_ibufds_I_O)     0.470     0.470 r  pll_inst/inst/clkin1_ibufgds/O
                         net (fo=1, routed)           0.554     1.024    pll_inst/inst/clk_in1_pll
    PLLE2_ADV_X1Y1                                                    r  pll_inst/inst/plle2_adv_inst/CLKIN1
    PLLE2_ADV_X1Y1       PLLE2_ADV (Prop_plle2_adv_CLKIN1_CLKOUT1)
                                                     -3.524    -2.500 r  pll_inst/inst/plle2_adv_inst/CLKOUT1
                         net (fo=1, routed)           1.027    -1.473    pll_inst/inst/clk_out2_pll
    BUFGCTRL_X0Y0                                                     r  pll_inst/inst/clkout2_buf/I
    BUFGCTRL_X0Y0        BUFG (Prop_bufg_I_O)         0.030    -1.443 r  pll_inst/inst/clkout2_buf/O
                         net (fo=34657, routed)       0.812    -0.631    student_top_inst/bridge_inst/dram_driver_inst/Mem_DRAM/U0/synth_options.dist_mem_inst/gen_sp_ram.spram_inst/ram_reg_7168_7423_7_7/WCLK
    SLICE_X70Y145        RAMS64E                                      r  student_top_inst/bridge_inst/dram_driver_inst/Mem_DRAM/U0/synth_options.dist_mem_inst/gen_sp_ram.spram_inst/ram_reg_7168_7423_7_7/RAMS64E_D/CLK
                         clock pessimism              0.403    -0.229    
    SLICE_X70Y145        RAMS64E (Hold_rams64e_CLK_WADR7)
                                                      0.165    -0.064    student_top_inst/bridge_inst/dram_driver_inst/Mem_DRAM/U0/synth_options.dist_mem_inst/gen_sp_ram.spram_inst/ram_reg_7168_7423_7_7/RAMS64E_D
  -------------------------------------------------------------------
                         required time                          0.064    
                         arrival time                          -0.007    
  -------------------------------------------------------------------
                         slack                                  0.056    

Slack (MET) :             0.057ns  (arrival time - required time)
  Source:                 student_top_inst/u_KLDJ_top/ex_mem_mem_addr_reg[6]_replica_2/C
                            (rising edge-triggered cell FDRE clocked by clk_out2_pll  {rise@0.000ns fall@4.000ns period=8.000ns})
  Destination:            student_top_inst/bridge_inst/dram_driver_inst/Mem_DRAM/U0/synth_options.dist_mem_inst/gen_sp_ram.spram_inst/ram_reg_45824_46079_20_20/RAMS64E_A/ADR4
                            (rising edge-triggered cell RAMS64E clocked by clk_out2_pll  {rise@0.000ns fall@4.000ns period=8.000ns})
  Path Group:             clk_out2_pll
  Path Type:              Hold (Min at Fast Process Corner)
  Requirement:            0.000ns  (clk_out2_pll rise@0.000ns - clk_out2_pll rise@0.000ns)
  Data Path Delay:        0.528ns  (logic 0.100ns (18.932%)  route 0.428ns (81.068%))
  Logic Levels:           0  
  Clock Path Skew:        0.286ns (DCD - SCD - CPR)
    Destination Clock Delay (DCD):    -0.583ns
    Source Clock Delay      (SCD):    -0.467ns
    Clock Pessimism Removal (CPR):    -0.403ns

    Location             Delay type                Incr(ns)  Path(ns)    Netlist Resource(s)
  -------------------------------------------------------------------    -------------------
                         (clock clk_out2_pll rise edge)
                                                      0.000     0.000 r  
    AD12                                              0.000     0.000 r  i_sys_clk_p (IN)
                         net (fo=0)                   0.000     0.000    pll_inst/inst/clk_in1_p
    AD12                                                              r  pll_inst/inst/clkin1_ibufgds/I
    AD12                 IBUFDS (Prop_ibufds_I_O)     0.388     0.388 r  pll_inst/inst/clkin1_ibufgds/O
                         net (fo=1, routed)           0.503     0.891    pll_inst/inst/clk_in1_pll
    PLLE2_ADV_X1Y1                                                    r  pll_inst/inst/plle2_adv_inst/CLKIN1
    PLLE2_ADV_X1Y1       PLLE2_ADV (Prop_plle2_adv_CLKIN1_CLKOUT1)
                                                     -2.908    -2.017 r  pll_inst/inst/plle2_adv_inst/CLKOUT1
                         net (fo=1, routed)           0.958    -1.059    pll_inst/inst/clk_out2_pll
    BUFGCTRL_X0Y0                                                     r  pll_inst/inst/clkout2_buf/I
    BUFGCTRL_X0Y0        BUFG (Prop_bufg_I_O)         0.026    -1.033 r  pll_inst/inst/clkout2_buf/O
                         net (fo=34657, routed)       0.566    -0.467    student_top_inst/u_KLDJ_top/clk_out2
    SLICE_X36Y246        FDRE                                         r  student_top_inst/u_KLDJ_top/ex_mem_mem_addr_reg[6]_replica_2/C
  -------------------------------------------------------------------    -------------------
    SLICE_X36Y246        FDRE (Prop_fdre_C_Q)         0.100    -0.367 r  student_top_inst/u_KLDJ_top/ex_mem_mem_addr_reg[6]_replica_2/Q
                         net (fo=2202, routed)        0.428     0.062    student_top_inst/bridge_inst/dram_driver_inst/Mem_DRAM/U0/synth_options.dist_mem_inst/gen_sp_ram.spram_inst/ram_reg_45824_46079_20_20/A4
    SLICE_X38Y269        RAMS64E                                      r  student_top_inst/bridge_inst/dram_driver_inst/Mem_DRAM/U0/synth_options.dist_mem_inst/gen_sp_ram.spram_inst/ram_reg_45824_46079_20_20/RAMS64E_A/ADR4
  -------------------------------------------------------------------    -------------------

                         (clock clk_out2_pll rise edge)
                                                      0.000     0.000 r  
    AD12                                              0.000     0.000 r  i_sys_clk_p (IN)
                         net (fo=0)                   0.000     0.000    pll_inst/inst/clk_in1_p
    AD12                                                              r  pll_inst/inst/clkin1_ibufgds/I
    AD12                 IBUFDS (Prop_ibufds_I_O)     0.470     0.470 r  pll_inst/inst/clkin1_ibufgds/O
                         net (fo=1, routed)           0.554     1.024    pll_inst/inst/clk_in1_pll
    PLLE2_ADV_X1Y1                                                    r  pll_inst/inst/plle2_adv_inst/CLKIN1
    PLLE2_ADV_X1Y1       PLLE2_ADV (Prop_plle2_adv_CLKIN1_CLKOUT1)
                                                     -3.524    -2.500 r  pll_inst/inst/plle2_adv_inst/CLKOUT1
                         net (fo=1, routed)           1.027    -1.473    pll_inst/inst/clk_out2_pll
    BUFGCTRL_X0Y0                                                     r  pll_inst/inst/clkout2_buf/I
    BUFGCTRL_X0Y0        BUFG (Prop_bufg_I_O)         0.030    -1.443 r  pll_inst/inst/clkout2_buf/O
                         net (fo=34657, routed)       0.860    -0.583    student_top_inst/bridge_inst/dram_driver_inst/Mem_DRAM/U0/synth_options.dist_mem_inst/gen_sp_ram.spram_inst/ram_reg_45824_46079_20_20/WCLK
    SLICE_X38Y269        RAMS64E                                      r  student_top_inst/bridge_inst/dram_driver_inst/Mem_DRAM/U0/synth_options.dist_mem_inst/gen_sp_ram.spram_inst/ram_reg_45824_46079_20_20/RAMS64E_A/CLK
                         clock pessimism              0.403    -0.181    
    SLICE_X38Y269        RAMS64E (Hold_rams64e_CLK_ADR4)
                                                      0.185     0.004    student_top_inst/bridge_inst/dram_driver_inst/Mem_DRAM/U0/synth_options.dist_mem_inst/gen_sp_ram.spram_inst/ram_reg_45824_46079_20_20/RAMS64E_A
  -------------------------------------------------------------------
                         required time                         -0.004    
                         arrival time                           0.062    
  -------------------------------------------------------------------
                         slack                                  0.057    

Slack (MET) :             0.057ns  (arrival time - required time)
  Source:                 student_top_inst/u_KLDJ_top/ex_mem_mem_addr_reg[6]_replica_2/C
                            (rising edge-triggered cell FDRE clocked by clk_out2_pll  {rise@0.000ns fall@4.000ns period=8.000ns})
  Destination:            student_top_inst/bridge_inst/dram_driver_inst/Mem_DRAM/U0/synth_options.dist_mem_inst/gen_sp_ram.spram_inst/ram_reg_45824_46079_20_20/RAMS64E_B/ADR4
                            (rising edge-triggered cell RAMS64E clocked by clk_out2_pll  {rise@0.000ns fall@4.000ns period=8.000ns})
  Path Group:             clk_out2_pll
  Path Type:              Hold (Min at Fast Process Corner)
  Requirement:            0.000ns  (clk_out2_pll rise@0.000ns - clk_out2_pll rise@0.000ns)
  Data Path Delay:        0.528ns  (logic 0.100ns (18.932%)  route 0.428ns (81.068%))
  Logic Levels:           0  
  Clock Path Skew:        0.286ns (DCD - SCD - CPR)
    Destination Clock Delay (DCD):    -0.583ns
    Source Clock Delay      (SCD):    -0.467ns
    Clock Pessimism Removal (CPR):    -0.403ns

    Location             Delay type                Incr(ns)  Path(ns)    Netlist Resource(s)
  -------------------------------------------------------------------    -------------------
                         (clock clk_out2_pll rise edge)
                                                      0.000     0.000 r  
    AD12                                              0.000     0.000 r  i_sys_clk_p (IN)
                         net (fo=0)                   0.000     0.000    pll_inst/inst/clk_in1_p
    AD12                                                              r  pll_inst/inst/clkin1_ibufgds/I
    AD12                 IBUFDS (Prop_ibufds_I_O)     0.388     0.388 r  pll_inst/inst/clkin1_ibufgds/O
                         net (fo=1, routed)           0.503     0.891    pll_inst/inst/clk_in1_pll
    PLLE2_ADV_X1Y1                                                    r  pll_inst/inst/plle2_adv_inst/CLKIN1
    PLLE2_ADV_X1Y1       PLLE2_ADV (Prop_plle2_adv_CLKIN1_CLKOUT1)
                                                     -2.908    -2.017 r  pll_inst/inst/plle2_adv_inst/CLKOUT1
                         net (fo=1, routed)           0.958    -1.059    pll_inst/inst/clk_out2_pll
    BUFGCTRL_X0Y0                                                     r  pll_inst/inst/clkout2_buf/I
    BUFGCTRL_X0Y0        BUFG (Prop_bufg_I_O)         0.026    -1.033 r  pll_inst/inst/clkout2_buf/O
                         net (fo=34657, routed)       0.566    -0.467    student_top_inst/u_KLDJ_top/clk_out2
    SLICE_X36Y246        FDRE                                         r  student_top_inst/u_KLDJ_top/ex_mem_mem_addr_reg[6]_replica_2/C
  -------------------------------------------------------------------    -------------------
    SLICE_X36Y246        FDRE (Prop_fdre_C_Q)         0.100    -0.367 r  student_top_inst/u_KLDJ_top/ex_mem_mem_addr_reg[6]_replica_2/Q
                         net (fo=2202, routed)        0.428     0.062    student_top_inst/bridge_inst/dram_driver_inst/Mem_DRAM/U0/synth_options.dist_mem_inst/gen_sp_ram.spram_inst/ram_reg_45824_46079_20_20/A4
    SLICE_X38Y269        RAMS64E                                      r  student_top_inst/bridge_inst/dram_driver_inst/Mem_DRAM/U0/synth_options.dist_mem_inst/gen_sp_ram.spram_inst/ram_reg_45824_46079_20_20/RAMS64E_B/ADR4
  -------------------------------------------------------------------    -------------------

                         (clock clk_out2_pll rise edge)
                                                      0.000     0.000 r  
    AD12                                              0.000     0.000 r  i_sys_clk_p (IN)
                         net (fo=0)                   0.000     0.000    pll_inst/inst/clk_in1_p
    AD12                                                              r  pll_inst/inst/clkin1_ibufgds/I
    AD12                 IBUFDS (Prop_ibufds_I_O)     0.470     0.470 r  pll_inst/inst/clkin1_ibufgds/O
                         net (fo=1, routed)           0.554     1.024    pll_inst/inst/clk_in1_pll
    PLLE2_ADV_X1Y1                                                    r  pll_inst/inst/plle2_adv_inst/CLKIN1
    PLLE2_ADV_X1Y1       PLLE2_ADV (Prop_plle2_adv_CLKIN1_CLKOUT1)
                                                     -3.524    -2.500 r  pll_inst/inst/plle2_adv_inst/CLKOUT1
                         net (fo=1, routed)           1.027    -1.473    pll_inst/inst/clk_out2_pll
    BUFGCTRL_X0Y0                                                     r  pll_inst/inst/clkout2_buf/I
    BUFGCTRL_X0Y0        BUFG (Prop_bufg_I_O)         0.030    -1.443 r  pll_inst/inst/clkout2_buf/O
                         net (fo=34657, routed)       0.860    -0.583    student_top_inst/bridge_inst/dram_driver_inst/Mem_DRAM/U0/synth_options.dist_mem_inst/gen_sp_ram.spram_inst/ram_reg_45824_46079_20_20/WCLK
    SLICE_X38Y269        RAMS64E                                      r  student_top_inst/bridge_inst/dram_driver_inst/Mem_DRAM/U0/synth_options.dist_mem_inst/gen_sp_ram.spram_inst/ram_reg_45824_46079_20_20/RAMS64E_B/CLK
                         clock pessimism              0.403    -0.181    
    SLICE_X38Y269        RAMS64E (Hold_rams64e_CLK_ADR4)
                                                      0.185     0.004    student_top_inst/bridge_inst/dram_driver_inst/Mem_DRAM/U0/synth_options.dist_mem_inst/gen_sp_ram.spram_inst/ram_reg_45824_46079_20_20/RAMS64E_B
  -------------------------------------------------------------------
                         required time                         -0.004    
                         arrival time                           0.062    
  -------------------------------------------------------------------
                         slack                                  0.057    

Slack (MET) :             0.057ns  (arrival time - required time)
  Source:                 student_top_inst/u_KLDJ_top/ex_mem_mem_addr_reg[6]_replica_2/C
                            (rising edge-triggered cell FDRE clocked by clk_out2_pll  {rise@0.000ns fall@4.000ns period=8.000ns})
  Destination:            student_top_inst/bridge_inst/dram_driver_inst/Mem_DRAM/U0/synth_options.dist_mem_inst/gen_sp_ram.spram_inst/ram_reg_45824_46079_20_20/RAMS64E_C/ADR4
                            (rising edge-triggered cell RAMS64E clocked by clk_out2_pll  {rise@0.000ns fall@4.000ns period=8.000ns})
  Path Group:             clk_out2_pll
  Path Type:              Hold (Min at Fast Process Corner)
  Requirement:            0.000ns  (clk_out2_pll rise@0.000ns - clk_out2_pll rise@0.000ns)
  Data Path Delay:        0.528ns  (logic 0.100ns (18.932%)  route 0.428ns (81.068%))
  Logic Levels:           0  
  Clock Path Skew:        0.286ns (DCD - SCD - CPR)
    Destination Clock Delay (DCD):    -0.583ns
    Source Clock Delay      (SCD):    -0.467ns
    Clock Pessimism Removal (CPR):    -0.403ns

    Location             Delay type                Incr(ns)  Path(ns)    Netlist Resource(s)
  -------------------------------------------------------------------    -------------------
                         (clock clk_out2_pll rise edge)
                                                      0.000     0.000 r  
    AD12                                              0.000     0.000 r  i_sys_clk_p (IN)
                         net (fo=0)                   0.000     0.000    pll_inst/inst/clk_in1_p
    AD12                                                              r  pll_inst/inst/clkin1_ibufgds/I
    AD12                 IBUFDS (Prop_ibufds_I_O)     0.388     0.388 r  pll_inst/inst/clkin1_ibufgds/O
                         net (fo=1, routed)           0.503     0.891    pll_inst/inst/clk_in1_pll
    PLLE2_ADV_X1Y1                                                    r  pll_inst/inst/plle2_adv_inst/CLKIN1
    PLLE2_ADV_X1Y1       PLLE2_ADV (Prop_plle2_adv_CLKIN1_CLKOUT1)
                                                     -2.908    -2.017 r  pll_inst/inst/plle2_adv_inst/CLKOUT1
                         net (fo=1, routed)           0.958    -1.059    pll_inst/inst/clk_out2_pll
    BUFGCTRL_X0Y0                                                     r  pll_inst/inst/clkout2_buf/I
    BUFGCTRL_X0Y0        BUFG (Prop_bufg_I_O)         0.026    -1.033 r  pll_inst/inst/clkout2_buf/O
                         net (fo=34657, routed)       0.566    -0.467    student_top_inst/u_KLDJ_top/clk_out2
    SLICE_X36Y246        FDRE                                         r  student_top_inst/u_KLDJ_top/ex_mem_mem_addr_reg[6]_replica_2/C
  -------------------------------------------------------------------    -------------------
    SLICE_X36Y246        FDRE (Prop_fdre_C_Q)         0.100    -0.367 r  student_top_inst/u_KLDJ_top/ex_mem_mem_addr_reg[6]_replica_2/Q
                         net (fo=2202, routed)        0.428     0.062    student_top_inst/bridge_inst/dram_driver_inst/Mem_DRAM/U0/synth_options.dist_mem_inst/gen_sp_ram.spram_inst/ram_reg_45824_46079_20_20/A4
    SLICE_X38Y269        RAMS64E                                      r  student_top_inst/bridge_inst/dram_driver_inst/Mem_DRAM/U0/synth_options.dist_mem_inst/gen_sp_ram.spram_inst/ram_reg_45824_46079_20_20/RAMS64E_C/ADR4
  -------------------------------------------------------------------    -------------------

                         (clock clk_out2_pll rise edge)
                                                      0.000     0.000 r  
    AD12                                              0.000     0.000 r  i_sys_clk_p (IN)
                         net (fo=0)                   0.000     0.000    pll_inst/inst/clk_in1_p
    AD12                                                              r  pll_inst/inst/clkin1_ibufgds/I
    AD12                 IBUFDS (Prop_ibufds_I_O)     0.470     0.470 r  pll_inst/inst/clkin1_ibufgds/O
                         net (fo=1, routed)           0.554     1.024    pll_inst/inst/clk_in1_pll
    PLLE2_ADV_X1Y1                                                    r  pll_inst/inst/plle2_adv_inst/CLKIN1
    PLLE2_ADV_X1Y1       PLLE2_ADV (Prop_plle2_adv_CLKIN1_CLKOUT1)
                                                     -3.524    -2.500 r  pll_inst/inst/plle2_adv_inst/CLKOUT1
                         net (fo=1, routed)           1.027    -1.473    pll_inst/inst/clk_out2_pll
    BUFGCTRL_X0Y0                                                     r  pll_inst/inst/clkout2_buf/I
    BUFGCTRL_X0Y0        BUFG (Prop_bufg_I_O)         0.030    -1.443 r  pll_inst/inst/clkout2_buf/O
                         net (fo=34657, routed)       0.860    -0.583    student_top_inst/bridge_inst/dram_driver_inst/Mem_DRAM/U0/synth_options.dist_mem_inst/gen_sp_ram.spram_inst/ram_reg_45824_46079_20_20/WCLK
    SLICE_X38Y269        RAMS64E                                      r  student_top_inst/bridge_inst/dram_driver_inst/Mem_DRAM/U0/synth_options.dist_mem_inst/gen_sp_ram.spram_inst/ram_reg_45824_46079_20_20/RAMS64E_C/CLK
                         clock pessimism              0.403    -0.181    
    SLICE_X38Y269        RAMS64E (Hold_rams64e_CLK_ADR4)
                                                      0.185     0.004    student_top_inst/bridge_inst/dram_driver_inst/Mem_DRAM/U0/synth_options.dist_mem_inst/gen_sp_ram.spram_inst/ram_reg_45824_46079_20_20/RAMS64E_C
  -------------------------------------------------------------------
                         required time                         -0.004    
                         arrival time                           0.062    
  -------------------------------------------------------------------
                         slack                                  0.057    

Slack (MET) :             0.057ns  (arrival time - required time)
  Source:                 student_top_inst/u_KLDJ_top/ex_mem_mem_addr_reg[6]_replica_2/C
                            (rising edge-triggered cell FDRE clocked by clk_out2_pll  {rise@0.000ns fall@4.000ns period=8.000ns})
  Destination:            student_top_inst/bridge_inst/dram_driver_inst/Mem_DRAM/U0/synth_options.dist_mem_inst/gen_sp_ram.spram_inst/ram_reg_45824_46079_20_20/RAMS64E_D/ADR4
                            (rising edge-triggered cell RAMS64E clocked by clk_out2_pll  {rise@0.000ns fall@4.000ns period=8.000ns})
  Path Group:             clk_out2_pll
  Path Type:              Hold (Min at Fast Process Corner)
  Requirement:            0.000ns  (clk_out2_pll rise@0.000ns - clk_out2_pll rise@0.000ns)
  Data Path Delay:        0.528ns  (logic 0.100ns (18.932%)  route 0.428ns (81.068%))
  Logic Levels:           0  
  Clock Path Skew:        0.286ns (DCD - SCD - CPR)
    Destination Clock Delay (DCD):    -0.583ns
    Source Clock Delay      (SCD):    -0.467ns
    Clock Pessimism Removal (CPR):    -0.403ns

    Location             Delay type                Incr(ns)  Path(ns)    Netlist Resource(s)
  -------------------------------------------------------------------    -------------------
                         (clock clk_out2_pll rise edge)
                                                      0.000     0.000 r  
    AD12                                              0.000     0.000 r  i_sys_clk_p (IN)
                         net (fo=0)                   0.000     0.000    pll_inst/inst/clk_in1_p
    AD12                                                              r  pll_inst/inst/clkin1_ibufgds/I
    AD12                 IBUFDS (Prop_ibufds_I_O)     0.388     0.388 r  pll_inst/inst/clkin1_ibufgds/O
                         net (fo=1, routed)           0.503     0.891    pll_inst/inst/clk_in1_pll
    PLLE2_ADV_X1Y1                                                    r  pll_inst/inst/plle2_adv_inst/CLKIN1
    PLLE2_ADV_X1Y1       PLLE2_ADV (Prop_plle2_adv_CLKIN1_CLKOUT1)
                                                     -2.908    -2.017 r  pll_inst/inst/plle2_adv_inst/CLKOUT1
                         net (fo=1, routed)           0.958    -1.059    pll_inst/inst/clk_out2_pll
    BUFGCTRL_X0Y0                                                     r  pll_inst/inst/clkout2_buf/I
    BUFGCTRL_X0Y0        BUFG (Prop_bufg_I_O)         0.026    -1.033 r  pll_inst/inst/clkout2_buf/O
                         net (fo=34657, routed)       0.566    -0.467    student_top_inst/u_KLDJ_top/clk_out2
    SLICE_X36Y246        FDRE                                         r  student_top_inst/u_KLDJ_top/ex_mem_mem_addr_reg[6]_replica_2/C
  -------------------------------------------------------------------    -------------------
    SLICE_X36Y246        FDRE (Prop_fdre_C_Q)         0.100    -0.367 r  student_top_inst/u_KLDJ_top/ex_mem_mem_addr_reg[6]_replica_2/Q
                         net (fo=2202, routed)        0.428     0.062    student_top_inst/bridge_inst/dram_driver_inst/Mem_DRAM/U0/synth_options.dist_mem_inst/gen_sp_ram.spram_inst/ram_reg_45824_46079_20_20/A4
    SLICE_X38Y269        RAMS64E                                      r  student_top_inst/bridge_inst/dram_driver_inst/Mem_DRAM/U0/synth_options.dist_mem_inst/gen_sp_ram.spram_inst/ram_reg_45824_46079_20_20/RAMS64E_D/ADR4
  -------------------------------------------------------------------    -------------------

                         (clock clk_out2_pll rise edge)
                                                      0.000     0.000 r  
    AD12                                              0.000     0.000 r  i_sys_clk_p (IN)
                         net (fo=0)                   0.000     0.000    pll_inst/inst/clk_in1_p
    AD12                                                              r  pll_inst/inst/clkin1_ibufgds/I
    AD12                 IBUFDS (Prop_ibufds_I_O)     0.470     0.470 r  pll_inst/inst/clkin1_ibufgds/O
                         net (fo=1, routed)           0.554     1.024    pll_inst/inst/clk_in1_pll
    PLLE2_ADV_X1Y1                                                    r  pll_inst/inst/plle2_adv_inst/CLKIN1
    PLLE2_ADV_X1Y1       PLLE2_ADV (Prop_plle2_adv_CLKIN1_CLKOUT1)
                                                     -3.524    -2.500 r  pll_inst/inst/plle2_adv_inst/CLKOUT1
                         net (fo=1, routed)           1.027    -1.473    pll_inst/inst/clk_out2_pll
    BUFGCTRL_X0Y0                                                     r  pll_inst/inst/clkout2_buf/I
    BUFGCTRL_X0Y0        BUFG (Prop_bufg_I_O)         0.030    -1.443 r  pll_inst/inst/clkout2_buf/O
                         net (fo=34657, routed)       0.860    -0.583    student_top_inst/bridge_inst/dram_driver_inst/Mem_DRAM/U0/synth_options.dist_mem_inst/gen_sp_ram.spram_inst/ram_reg_45824_46079_20_20/WCLK
    SLICE_X38Y269        RAMS64E                                      r  student_top_inst/bridge_inst/dram_driver_inst/Mem_DRAM/U0/synth_options.dist_mem_inst/gen_sp_ram.spram_inst/ram_reg_45824_46079_20_20/RAMS64E_D/CLK
                         clock pessimism              0.403    -0.181    
    SLICE_X38Y269        RAMS64E (Hold_rams64e_CLK_ADR4)
                                                      0.185     0.004    student_top_inst/bridge_inst/dram_driver_inst/Mem_DRAM/U0/synth_options.dist_mem_inst/gen_sp_ram.spram_inst/ram_reg_45824_46079_20_20/RAMS64E_D
  -------------------------------------------------------------------
                         required time                         -0.004    
                         arrival time                           0.062    
  -------------------------------------------------------------------
                         slack                                  0.057    

Slack (MET) :             0.065ns  (arrival time - required time)
  Source:                 student_top_inst/u_KLDJ_top/ex_mem_mem_addr_reg[2]_replica_4/C
                            (rising edge-triggered cell FDRE clocked by clk_out2_pll  {rise@0.000ns fall@4.000ns period=8.000ns})
  Destination:            student_top_inst/bridge_inst/dram_driver_inst/Mem_DRAM/U0/synth_options.dist_mem_inst/gen_sp_ram.spram_inst/ram_reg_58368_58623_0_0/RAMS64E_A/ADR0
                            (rising edge-triggered cell RAMS64E clocked by clk_out2_pll  {rise@0.000ns fall@4.000ns period=8.000ns})
  Path Group:             clk_out2_pll
  Path Type:              Hold (Min at Slow Process Corner)
  Requirement:            0.000ns  (clk_out2_pll rise@0.000ns - clk_out2_pll rise@0.000ns)
  Data Path Delay:        0.585ns  (logic 0.178ns (30.403%)  route 0.407ns (69.597%))
  Logic Levels:           0  
  Clock Path Skew:        0.021ns (DCD - SCD - CPR)
    Destination Clock Delay (DCD):    -2.613ns
    Source Clock Delay      (SCD):    -2.282ns
    Clock Pessimism Removal (CPR):    -0.353ns

    Location             Delay type                Incr(ns)  Path(ns)    Netlist Resource(s)
  -------------------------------------------------------------------    -------------------
                         (clock clk_out2_pll rise edge)
                                                      0.000     0.000 r  
    AD12                                              0.000     0.000 r  i_sys_clk_p (IN)
                         net (fo=0)                   0.000     0.000    pll_inst/inst/clk_in1_p
    AD12                                                              r  pll_inst/inst/clkin1_ibufgds/I
    AD12                 IBUFDS (Prop_ibufds_I_O)     0.803     0.803 r  pll_inst/inst/clkin1_ibufgds/O
                         net (fo=1, routed)           1.001     1.804    pll_inst/inst/clk_in1_pll
    PLLE2_ADV_X1Y1                                                    r  pll_inst/inst/plle2_adv_inst/CLKIN1
    PLLE2_ADV_X1Y1       PLLE2_ADV (Prop_plle2_adv_CLKIN1_CLKOUT1)
                                                     -7.261    -5.457 r  pll_inst/inst/plle2_adv_inst/CLKOUT1
                         net (fo=1, routed)           2.003    -3.454    pll_inst/inst/clk_out2_pll
    BUFGCTRL_X0Y0                                                     r  pll_inst/inst/clkout2_buf/I
    BUFGCTRL_X0Y0        BUFG (Prop_bufg_I_O)         0.083    -3.371 r  pll_inst/inst/clkout2_buf/O
                         net (fo=34657, routed)       1.089    -2.282    student_top_inst/u_KLDJ_top/clk_out2
    SLICE_X51Y190        FDRE                                         r  student_top_inst/u_KLDJ_top/ex_mem_mem_addr_reg[2]_replica_4/C
  -------------------------------------------------------------------    -------------------
    SLICE_X51Y190        FDRE (Prop_fdre_C_Q)         0.178    -2.104 r  student_top_inst/u_KLDJ_top/ex_mem_mem_addr_reg[2]_replica_4/Q
                         net (fo=2616, routed)        0.407    -1.696    student_top_inst/bridge_inst/dram_driver_inst/Mem_DRAM/U0/synth_options.dist_mem_inst/gen_sp_ram.spram_inst/ram_reg_58368_58623_0_0/A0
    SLICE_X50Y190        RAMS64E                                      r  student_top_inst/bridge_inst/dram_driver_inst/Mem_DRAM/U0/synth_options.dist_mem_inst/gen_sp_ram.spram_inst/ram_reg_58368_58623_0_0/RAMS64E_A/ADR0
  -------------------------------------------------------------------    -------------------

                         (clock clk_out2_pll rise edge)
                                                      0.000     0.000 r  
    AD12                                              0.000     0.000 r  i_sys_clk_p (IN)
                         net (fo=0)                   0.000     0.000    pll_inst/inst/clk_in1_p
    AD12                                                              r  pll_inst/inst/clkin1_ibufgds/I
    AD12                 IBUFDS (Prop_ibufds_I_O)     0.906     0.906 r  pll_inst/inst/clkin1_ibufgds/O
                         net (fo=1, routed)           1.098     2.004    pll_inst/inst/clk_in1_pll
    PLLE2_ADV_X1Y1                                                    r  pll_inst/inst/plle2_adv_inst/CLKIN1
    PLLE2_ADV_X1Y1       PLLE2_ADV (Prop_plle2_adv_CLKIN1_CLKOUT1)
                                                     -8.058    -6.054 r  pll_inst/inst/plle2_adv_inst/CLKOUT1
                         net (fo=1, routed)           2.128    -3.926    pll_inst/inst/clk_out2_pll
    BUFGCTRL_X0Y0                                                     r  pll_inst/inst/clkout2_buf/I
    BUFGCTRL_X0Y0        BUFG (Prop_bufg_I_O)         0.093    -3.833 r  pll_inst/inst/clkout2_buf/O
                         net (fo=34657, routed)       1.220    -2.613    student_top_inst/bridge_inst/dram_driver_inst/Mem_DRAM/U0/synth_options.dist_mem_inst/gen_sp_ram.spram_inst/ram_reg_58368_58623_0_0/WCLK
    SLICE_X50Y190        RAMS64E                                      r  student_top_inst/bridge_inst/dram_driver_inst/Mem_DRAM/U0/synth_options.dist_mem_inst/gen_sp_ram.spram_inst/ram_reg_58368_58623_0_0/RAMS64E_A/CLK
                         clock pessimism              0.353    -2.261    
    SLICE_X50Y190        RAMS64E (Hold_rams64e_CLK_ADR0)
                                                      0.499    -1.762    student_top_inst/bridge_inst/dram_driver_inst/Mem_DRAM/U0/synth_options.dist_mem_inst/gen_sp_ram.spram_inst/ram_reg_58368_58623_0_0/RAMS64E_A
  -------------------------------------------------------------------
                         required time                          1.762    
                         arrival time                          -1.696    
  -------------------------------------------------------------------
                         slack                                  0.065    

Slack (MET) :             0.065ns  (arrival time - required time)
  Source:                 student_top_inst/u_KLDJ_top/ex_mem_mem_addr_reg[2]_replica_4/C
                            (rising edge-triggered cell FDRE clocked by clk_out2_pll  {rise@0.000ns fall@4.000ns period=8.000ns})
  Destination:            student_top_inst/bridge_inst/dram_driver_inst/Mem_DRAM/U0/synth_options.dist_mem_inst/gen_sp_ram.spram_inst/ram_reg_58368_58623_0_0/RAMS64E_B/ADR0
                            (rising edge-triggered cell RAMS64E clocked by clk_out2_pll  {rise@0.000ns fall@4.000ns period=8.000ns})
  Path Group:             clk_out2_pll
  Path Type:              Hold (Min at Slow Process Corner)
  Requirement:            0.000ns  (clk_out2_pll rise@0.000ns - clk_out2_pll rise@0.000ns)
  Data Path Delay:        0.585ns  (logic 0.178ns (30.403%)  route 0.407ns (69.597%))
  Logic Levels:           0  
  Clock Path Skew:        0.021ns (DCD - SCD - CPR)
    Destination Clock Delay (DCD):    -2.613ns
    Source Clock Delay      (SCD):    -2.282ns
    Clock Pessimism Removal (CPR):    -0.353ns

    Location             Delay type                Incr(ns)  Path(ns)    Netlist Resource(s)
  -------------------------------------------------------------------    -------------------
                         (clock clk_out2_pll rise edge)
                                                      0.000     0.000 r  
    AD12                                              0.000     0.000 r  i_sys_clk_p (IN)
                         net (fo=0)                   0.000     0.000    pll_inst/inst/clk_in1_p
    AD12                                                              r  pll_inst/inst/clkin1_ibufgds/I
    AD12                 IBUFDS (Prop_ibufds_I_O)     0.803     0.803 r  pll_inst/inst/clkin1_ibufgds/O
                         net (fo=1, routed)           1.001     1.804    pll_inst/inst/clk_in1_pll
    PLLE2_ADV_X1Y1                                                    r  pll_inst/inst/plle2_adv_inst/CLKIN1
    PLLE2_ADV_X1Y1       PLLE2_ADV (Prop_plle2_adv_CLKIN1_CLKOUT1)
                                                     -7.261    -5.457 r  pll_inst/inst/plle2_adv_inst/CLKOUT1
                         net (fo=1, routed)           2.003    -3.454    pll_inst/inst/clk_out2_pll
    BUFGCTRL_X0Y0                                                     r  pll_inst/inst/clkout2_buf/I
    BUFGCTRL_X0Y0        BUFG (Prop_bufg_I_O)         0.083    -3.371 r  pll_inst/inst/clkout2_buf/O
                         net (fo=34657, routed)       1.089    -2.282    student_top_inst/u_KLDJ_top/clk_out2
    SLICE_X51Y190        FDRE                                         r  student_top_inst/u_KLDJ_top/ex_mem_mem_addr_reg[2]_replica_4/C
  -------------------------------------------------------------------    -------------------
    SLICE_X51Y190        FDRE (Prop_fdre_C_Q)         0.178    -2.104 r  student_top_inst/u_KLDJ_top/ex_mem_mem_addr_reg[2]_replica_4/Q
                         net (fo=2616, routed)        0.407    -1.696    student_top_inst/bridge_inst/dram_driver_inst/Mem_DRAM/U0/synth_options.dist_mem_inst/gen_sp_ram.spram_inst/ram_reg_58368_58623_0_0/A0
    SLICE_X50Y190        RAMS64E                                      r  student_top_inst/bridge_inst/dram_driver_inst/Mem_DRAM/U0/synth_options.dist_mem_inst/gen_sp_ram.spram_inst/ram_reg_58368_58623_0_0/RAMS64E_B/ADR0
  -------------------------------------------------------------------    -------------------

                         (clock clk_out2_pll rise edge)
                                                      0.000     0.000 r  
    AD12                                              0.000     0.000 r  i_sys_clk_p (IN)
                         net (fo=0)                   0.000     0.000    pll_inst/inst/clk_in1_p
    AD12                                                              r  pll_inst/inst/clkin1_ibufgds/I
    AD12                 IBUFDS (Prop_ibufds_I_O)     0.906     0.906 r  pll_inst/inst/clkin1_ibufgds/O
                         net (fo=1, routed)           1.098     2.004    pll_inst/inst/clk_in1_pll
    PLLE2_ADV_X1Y1                                                    r  pll_inst/inst/plle2_adv_inst/CLKIN1
    PLLE2_ADV_X1Y1       PLLE2_ADV (Prop_plle2_adv_CLKIN1_CLKOUT1)
                                                     -8.058    -6.054 r  pll_inst/inst/plle2_adv_inst/CLKOUT1
                         net (fo=1, routed)           2.128    -3.926    pll_inst/inst/clk_out2_pll
    BUFGCTRL_X0Y0                                                     r  pll_inst/inst/clkout2_buf/I
    BUFGCTRL_X0Y0        BUFG (Prop_bufg_I_O)         0.093    -3.833 r  pll_inst/inst/clkout2_buf/O
                         net (fo=34657, routed)       1.220    -2.613    student_top_inst/bridge_inst/dram_driver_inst/Mem_DRAM/U0/synth_options.dist_mem_inst/gen_sp_ram.spram_inst/ram_reg_58368_58623_0_0/WCLK
    SLICE_X50Y190        RAMS64E                                      r  student_top_inst/bridge_inst/dram_driver_inst/Mem_DRAM/U0/synth_options.dist_mem_inst/gen_sp_ram.spram_inst/ram_reg_58368_58623_0_0/RAMS64E_B/CLK
                         clock pessimism              0.353    -2.261    
    SLICE_X50Y190        RAMS64E (Hold_rams64e_CLK_ADR0)
                                                      0.499    -1.762    student_top_inst/bridge_inst/dram_driver_inst/Mem_DRAM/U0/synth_options.dist_mem_inst/gen_sp_ram.spram_inst/ram_reg_58368_58623_0_0/RAMS64E_B
  -------------------------------------------------------------------
                         required time                          1.762    
                         arrival time                          -1.696    
  -------------------------------------------------------------------
                         slack                                  0.065    

Slack (MET) :             0.065ns  (arrival time - required time)
  Source:                 student_top_inst/u_KLDJ_top/ex_mem_mem_addr_reg[2]_replica_4/C
                            (rising edge-triggered cell FDRE clocked by clk_out2_pll  {rise@0.000ns fall@4.000ns period=8.000ns})
  Destination:            student_top_inst/bridge_inst/dram_driver_inst/Mem_DRAM/U0/synth_options.dist_mem_inst/gen_sp_ram.spram_inst/ram_reg_58368_58623_0_0/RAMS64E_C/ADR0
                            (rising edge-triggered cell RAMS64E clocked by clk_out2_pll  {rise@0.000ns fall@4.000ns period=8.000ns})
  Path Group:             clk_out2_pll
  Path Type:              Hold (Min at Slow Process Corner)
  Requirement:            0.000ns  (clk_out2_pll rise@0.000ns - clk_out2_pll rise@0.000ns)
  Data Path Delay:        0.585ns  (logic 0.178ns (30.403%)  route 0.407ns (69.597%))
  Logic Levels:           0  
  Clock Path Skew:        0.021ns (DCD - SCD - CPR)
    Destination Clock Delay (DCD):    -2.613ns
    Source Clock Delay      (SCD):    -2.282ns
    Clock Pessimism Removal (CPR):    -0.353ns

    Location             Delay type                Incr(ns)  Path(ns)    Netlist Resource(s)
  -------------------------------------------------------------------    -------------------
                         (clock clk_out2_pll rise edge)
                                                      0.000     0.000 r  
    AD12                                              0.000     0.000 r  i_sys_clk_p (IN)
                         net (fo=0)                   0.000     0.000    pll_inst/inst/clk_in1_p
    AD12                                                              r  pll_inst/inst/clkin1_ibufgds/I
    AD12                 IBUFDS (Prop_ibufds_I_O)     0.803     0.803 r  pll_inst/inst/clkin1_ibufgds/O
                         net (fo=1, routed)           1.001     1.804    pll_inst/inst/clk_in1_pll
    PLLE2_ADV_X1Y1                                                    r  pll_inst/inst/plle2_adv_inst/CLKIN1
    PLLE2_ADV_X1Y1       PLLE2_ADV (Prop_plle2_adv_CLKIN1_CLKOUT1)
                                                     -7.261    -5.457 r  pll_inst/inst/plle2_adv_inst/CLKOUT1
                         net (fo=1, routed)           2.003    -3.454    pll_inst/inst/clk_out2_pll
    BUFGCTRL_X0Y0                                                     r  pll_inst/inst/clkout2_buf/I
    BUFGCTRL_X0Y0        BUFG (Prop_bufg_I_O)         0.083    -3.371 r  pll_inst/inst/clkout2_buf/O
                         net (fo=34657, routed)       1.089    -2.282    student_top_inst/u_KLDJ_top/clk_out2
    SLICE_X51Y190        FDRE                                         r  student_top_inst/u_KLDJ_top/ex_mem_mem_addr_reg[2]_replica_4/C
  -------------------------------------------------------------------    -------------------
    SLICE_X51Y190        FDRE (Prop_fdre_C_Q)         0.178    -2.104 r  student_top_inst/u_KLDJ_top/ex_mem_mem_addr_reg[2]_replica_4/Q
                         net (fo=2616, routed)        0.407    -1.696    student_top_inst/bridge_inst/dram_driver_inst/Mem_DRAM/U0/synth_options.dist_mem_inst/gen_sp_ram.spram_inst/ram_reg_58368_58623_0_0/A0
    SLICE_X50Y190        RAMS64E                                      r  student_top_inst/bridge_inst/dram_driver_inst/Mem_DRAM/U0/synth_options.dist_mem_inst/gen_sp_ram.spram_inst/ram_reg_58368_58623_0_0/RAMS64E_C/ADR0
  -------------------------------------------------------------------    -------------------

                         (clock clk_out2_pll rise edge)
                                                      0.000     0.000 r  
    AD12                                              0.000     0.000 r  i_sys_clk_p (IN)
                         net (fo=0)                   0.000     0.000    pll_inst/inst/clk_in1_p
    AD12                                                              r  pll_inst/inst/clkin1_ibufgds/I
    AD12                 IBUFDS (Prop_ibufds_I_O)     0.906     0.906 r  pll_inst/inst/clkin1_ibufgds/O
                         net (fo=1, routed)           1.098     2.004    pll_inst/inst/clk_in1_pll
    PLLE2_ADV_X1Y1                                                    r  pll_inst/inst/plle2_adv_inst/CLKIN1
    PLLE2_ADV_X1Y1       PLLE2_ADV (Prop_plle2_adv_CLKIN1_CLKOUT1)
                                                     -8.058    -6.054 r  pll_inst/inst/plle2_adv_inst/CLKOUT1
                         net (fo=1, routed)           2.128    -3.926    pll_inst/inst/clk_out2_pll
    BUFGCTRL_X0Y0                                                     r  pll_inst/inst/clkout2_buf/I
    BUFGCTRL_X0Y0        BUFG (Prop_bufg_I_O)         0.093    -3.833 r  pll_inst/inst/clkout2_buf/O
                         net (fo=34657, routed)       1.220    -2.613    student_top_inst/bridge_inst/dram_driver_inst/Mem_DRAM/U0/synth_options.dist_mem_inst/gen_sp_ram.spram_inst/ram_reg_58368_58623_0_0/WCLK
    SLICE_X50Y190        RAMS64E                                      r  student_top_inst/bridge_inst/dram_driver_inst/Mem_DRAM/U0/synth_options.dist_mem_inst/gen_sp_ram.spram_inst/ram_reg_58368_58623_0_0/RAMS64E_C/CLK
                         clock pessimism              0.353    -2.261    
    SLICE_X50Y190        RAMS64E (Hold_rams64e_CLK_ADR0)
                                                      0.499    -1.762    student_top_inst/bridge_inst/dram_driver_inst/Mem_DRAM/U0/synth_options.dist_mem_inst/gen_sp_ram.spram_inst/ram_reg_58368_58623_0_0/RAMS64E_C
  -------------------------------------------------------------------
                         required time                          1.762    
                         arrival time                          -1.696    
  -------------------------------------------------------------------
                         slack                                  0.065    

Slack (MET) :             0.065ns  (arrival time - required time)
  Source:                 student_top_inst/u_KLDJ_top/ex_mem_mem_addr_reg[2]_replica_4/C
                            (rising edge-triggered cell FDRE clocked by clk_out2_pll  {rise@0.000ns fall@4.000ns period=8.000ns})
  Destination:            student_top_inst/bridge_inst/dram_driver_inst/Mem_DRAM/U0/synth_options.dist_mem_inst/gen_sp_ram.spram_inst/ram_reg_58368_58623_0_0/RAMS64E_D/ADR0
                            (rising edge-triggered cell RAMS64E clocked by clk_out2_pll  {rise@0.000ns fall@4.000ns period=8.000ns})
  Path Group:             clk_out2_pll
  Path Type:              Hold (Min at Slow Process Corner)
  Requirement:            0.000ns  (clk_out2_pll rise@0.000ns - clk_out2_pll rise@0.000ns)
  Data Path Delay:        0.585ns  (logic 0.178ns (30.403%)  route 0.407ns (69.597%))
  Logic Levels:           0  
  Clock Path Skew:        0.021ns (DCD - SCD - CPR)
    Destination Clock Delay (DCD):    -2.613ns
    Source Clock Delay      (SCD):    -2.282ns
    Clock Pessimism Removal (CPR):    -0.353ns

    Location             Delay type                Incr(ns)  Path(ns)    Netlist Resource(s)
  -------------------------------------------------------------------    -------------------
                         (clock clk_out2_pll rise edge)
                                                      0.000     0.000 r  
    AD12                                              0.000     0.000 r  i_sys_clk_p (IN)
                         net (fo=0)                   0.000     0.000    pll_inst/inst/clk_in1_p
    AD12                                                              r  pll_inst/inst/clkin1_ibufgds/I
    AD12                 IBUFDS (Prop_ibufds_I_O)     0.803     0.803 r  pll_inst/inst/clkin1_ibufgds/O
                         net (fo=1, routed)           1.001     1.804    pll_inst/inst/clk_in1_pll
    PLLE2_ADV_X1Y1                                                    r  pll_inst/inst/plle2_adv_inst/CLKIN1
    PLLE2_ADV_X1Y1       PLLE2_ADV (Prop_plle2_adv_CLKIN1_CLKOUT1)
                                                     -7.261    -5.457 r  pll_inst/inst/plle2_adv_inst/CLKOUT1
                         net (fo=1, routed)           2.003    -3.454    pll_inst/inst/clk_out2_pll
    BUFGCTRL_X0Y0                                                     r  pll_inst/inst/clkout2_buf/I
    BUFGCTRL_X0Y0        BUFG (Prop_bufg_I_O)         0.083    -3.371 r  pll_inst/inst/clkout2_buf/O
                         net (fo=34657, routed)       1.089    -2.282    student_top_inst/u_KLDJ_top/clk_out2
    SLICE_X51Y190        FDRE                                         r  student_top_inst/u_KLDJ_top/ex_mem_mem_addr_reg[2]_replica_4/C
  -------------------------------------------------------------------    -------------------
    SLICE_X51Y190        FDRE (Prop_fdre_C_Q)         0.178    -2.104 r  student_top_inst/u_KLDJ_top/ex_mem_mem_addr_reg[2]_replica_4/Q
                         net (fo=2616, routed)        0.407    -1.696    student_top_inst/bridge_inst/dram_driver_inst/Mem_DRAM/U0/synth_options.dist_mem_inst/gen_sp_ram.spram_inst/ram_reg_58368_58623_0_0/A0
    SLICE_X50Y190        RAMS64E                                      r  student_top_inst/bridge_inst/dram_driver_inst/Mem_DRAM/U0/synth_options.dist_mem_inst/gen_sp_ram.spram_inst/ram_reg_58368_58623_0_0/RAMS64E_D/ADR0
  -------------------------------------------------------------------    -------------------

                         (clock clk_out2_pll rise edge)
                                                      0.000     0.000 r  
    AD12                                              0.000     0.000 r  i_sys_clk_p (IN)
                         net (fo=0)                   0.000     0.000    pll_inst/inst/clk_in1_p
    AD12                                                              r  pll_inst/inst/clkin1_ibufgds/I
    AD12                 IBUFDS (Prop_ibufds_I_O)     0.906     0.906 r  pll_inst/inst/clkin1_ibufgds/O
                         net (fo=1, routed)           1.098     2.004    pll_inst/inst/clk_in1_pll
    PLLE2_ADV_X1Y1                                                    r  pll_inst/inst/plle2_adv_inst/CLKIN1
    PLLE2_ADV_X1Y1       PLLE2_ADV (Prop_plle2_adv_CLKIN1_CLKOUT1)
                                                     -8.058    -6.054 r  pll_inst/inst/plle2_adv_inst/CLKOUT1
                         net (fo=1, routed)           2.128    -3.926    pll_inst/inst/clk_out2_pll
    BUFGCTRL_X0Y0                                                     r  pll_inst/inst/clkout2_buf/I
    BUFGCTRL_X0Y0        BUFG (Prop_bufg_I_O)         0.093    -3.833 r  pll_inst/inst/clkout2_buf/O
                         net (fo=34657, routed)       1.220    -2.613    student_top_inst/bridge_inst/dram_driver_inst/Mem_DRAM/U0/synth_options.dist_mem_inst/gen_sp_ram.spram_inst/ram_reg_58368_58623_0_0/WCLK
    SLICE_X50Y190        RAMS64E                                      r  student_top_inst/bridge_inst/dram_driver_inst/Mem_DRAM/U0/synth_options.dist_mem_inst/gen_sp_ram.spram_inst/ram_reg_58368_58623_0_0/RAMS64E_D/CLK
                         clock pessimism              0.353    -2.261    
    SLICE_X50Y190        RAMS64E (Hold_rams64e_CLK_ADR0)
                                                      0.499    -1.762    student_top_inst/bridge_inst/dram_driver_inst/Mem_DRAM/U0/synth_options.dist_mem_inst/gen_sp_ram.spram_inst/ram_reg_58368_58623_0_0/RAMS64E_D
  -------------------------------------------------------------------
                         required time                          1.762    
                         arrival time                          -1.696    
  -------------------------------------------------------------------
                         slack                                  0.065    

Slack (MET) :             0.066ns  (arrival time - required time)
  Source:                 student_top_inst/u_KLDJ_top/ex_mem_mem_addr_reg[9]_replica_13/C
                            (rising edge-triggered cell FDRE clocked by clk_out2_pll  {rise@0.000ns fall@4.000ns period=8.000ns})
  Destination:            student_top_inst/bridge_inst/dram_driver_inst/Mem_DRAM/U0/synth_options.dist_mem_inst/gen_sp_ram.spram_inst/ram_reg_45056_45311_4_4/RAMS64E_A/WADR7
                            (rising edge-triggered cell RAMS64E clocked by clk_out2_pll  {rise@0.000ns fall@4.000ns period=8.000ns})
  Path Group:             clk_out2_pll
  Path Type:              Hold (Min at Fast Process Corner)
  Requirement:            0.000ns  (clk_out2_pll rise@0.000ns - clk_out2_pll rise@0.000ns)
  Data Path Delay:        0.492ns  (logic 0.100ns (20.320%)  route 0.392ns (79.680%))
  Logic Levels:           0  
  Clock Path Skew:        0.261ns (DCD - SCD - CPR)
    Destination Clock Delay (DCD):    -0.632ns
    Source Clock Delay      (SCD):    -0.491ns
    Clock Pessimism Removal (CPR):    -0.403ns

    Location             Delay type                Incr(ns)  Path(ns)    Netlist Resource(s)
  -------------------------------------------------------------------    -------------------
                         (clock clk_out2_pll rise edge)
                                                      0.000     0.000 r  
    AD12                                              0.000     0.000 r  i_sys_clk_p (IN)
                         net (fo=0)                   0.000     0.000    pll_inst/inst/clk_in1_p
    AD12                                                              r  pll_inst/inst/clkin1_ibufgds/I
    AD12                 IBUFDS (Prop_ibufds_I_O)     0.388     0.388 r  pll_inst/inst/clkin1_ibufgds/O
                         net (fo=1, routed)           0.503     0.891    pll_inst/inst/clk_in1_pll
    PLLE2_ADV_X1Y1                                                    r  pll_inst/inst/plle2_adv_inst/CLKIN1
    PLLE2_ADV_X1Y1       PLLE2_ADV (Prop_plle2_adv_CLKIN1_CLKOUT1)
                                                     -2.908    -2.017 r  pll_inst/inst/plle2_adv_inst/CLKOUT1
                         net (fo=1, routed)           0.958    -1.059    pll_inst/inst/clk_out2_pll
    BUFGCTRL_X0Y0                                                     r  pll_inst/inst/clkout2_buf/I
    BUFGCTRL_X0Y0        BUFG (Prop_bufg_I_O)         0.026    -1.033 r  pll_inst/inst/clkout2_buf/O
                         net (fo=34657, routed)       0.542    -0.491    student_top_inst/u_KLDJ_top/clk_out2
    SLICE_X65Y154        FDRE                                         r  student_top_inst/u_KLDJ_top/ex_mem_mem_addr_reg[9]_replica_13/C
  -------------------------------------------------------------------    -------------------
    SLICE_X65Y154        FDRE (Prop_fdre_C_Q)         0.100    -0.391 r  student_top_inst/u_KLDJ_top/ex_mem_mem_addr_reg[9]_replica_13/Q
                         net (fo=2790, routed)        0.392     0.002    student_top_inst/bridge_inst/dram_driver_inst/Mem_DRAM/U0/synth_options.dist_mem_inst/gen_sp_ram.spram_inst/ram_reg_45056_45311_4_4/A7
    SLICE_X70Y142        RAMS64E                                      r  student_top_inst/bridge_inst/dram_driver_inst/Mem_DRAM/U0/synth_options.dist_mem_inst/gen_sp_ram.spram_inst/ram_reg_45056_45311_4_4/RAMS64E_A/WADR7
  -------------------------------------------------------------------    -------------------

                         (clock clk_out2_pll rise edge)
                                                      0.000     0.000 r  
    AD12                                              0.000     0.000 r  i_sys_clk_p (IN)
                         net (fo=0)                   0.000     0.000    pll_inst/inst/clk_in1_p
    AD12                                                              r  pll_inst/inst/clkin1_ibufgds/I
    AD12                 IBUFDS (Prop_ibufds_I_O)     0.470     0.470 r  pll_inst/inst/clkin1_ibufgds/O
                         net (fo=1, routed)           0.554     1.024    pll_inst/inst/clk_in1_pll
    PLLE2_ADV_X1Y1                                                    r  pll_inst/inst/plle2_adv_inst/CLKIN1
    PLLE2_ADV_X1Y1       PLLE2_ADV (Prop_plle2_adv_CLKIN1_CLKOUT1)
                                                     -3.524    -2.500 r  pll_inst/inst/plle2_adv_inst/CLKOUT1
                         net (fo=1, routed)           1.027    -1.473    pll_inst/inst/clk_out2_pll
    BUFGCTRL_X0Y0                                                     r  pll_inst/inst/clkout2_buf/I
    BUFGCTRL_X0Y0        BUFG (Prop_bufg_I_O)         0.030    -1.443 r  pll_inst/inst/clkout2_buf/O
                         net (fo=34657, routed)       0.811    -0.632    student_top_inst/bridge_inst/dram_driver_inst/Mem_DRAM/U0/synth_options.dist_mem_inst/gen_sp_ram.spram_inst/ram_reg_45056_45311_4_4/WCLK
    SLICE_X70Y142        RAMS64E                                      r  student_top_inst/bridge_inst/dram_driver_inst/Mem_DRAM/U0/synth_options.dist_mem_inst/gen_sp_ram.spram_inst/ram_reg_45056_45311_4_4/RAMS64E_A/CLK
                         clock pessimism              0.403    -0.230    
    SLICE_X70Y142        RAMS64E (Hold_rams64e_CLK_WADR7)
                                                      0.165    -0.065    student_top_inst/bridge_inst/dram_driver_inst/Mem_DRAM/U0/synth_options.dist_mem_inst/gen_sp_ram.spram_inst/ram_reg_45056_45311_4_4/RAMS64E_A
  -------------------------------------------------------------------
                         required time                          0.065    
                         arrival time                           0.002    
  -------------------------------------------------------------------
                         slack                                  0.066    

Slack (MET) :             0.066ns  (arrival time - required time)
  Source:                 student_top_inst/u_KLDJ_top/ex_mem_mem_addr_reg[9]_replica_13/C
                            (rising edge-triggered cell FDRE clocked by clk_out2_pll  {rise@0.000ns fall@4.000ns period=8.000ns})
  Destination:            student_top_inst/bridge_inst/dram_driver_inst/Mem_DRAM/U0/synth_options.dist_mem_inst/gen_sp_ram.spram_inst/ram_reg_45056_45311_4_4/RAMS64E_B/WADR7
                            (rising edge-triggered cell RAMS64E clocked by clk_out2_pll  {rise@0.000ns fall@4.000ns period=8.000ns})
  Path Group:             clk_out2_pll
  Path Type:              Hold (Min at Fast Process Corner)
  Requirement:            0.000ns  (clk_out2_pll rise@0.000ns - clk_out2_pll rise@0.000ns)
  Data Path Delay:        0.492ns  (logic 0.100ns (20.320%)  route 0.392ns (79.680%))
  Logic Levels:           0  
  Clock Path Skew:        0.261ns (DCD - SCD - CPR)
    Destination Clock Delay (DCD):    -0.632ns
    Source Clock Delay      (SCD):    -0.491ns
    Clock Pessimism Removal (CPR):    -0.403ns

    Location             Delay type                Incr(ns)  Path(ns)    Netlist Resource(s)
  -------------------------------------------------------------------    -------------------
                         (clock clk_out2_pll rise edge)
                                                      0.000     0.000 r  
    AD12                                              0.000     0.000 r  i_sys_clk_p (IN)
                         net (fo=0)                   0.000     0.000    pll_inst/inst/clk_in1_p
    AD12                                                              r  pll_inst/inst/clkin1_ibufgds/I
    AD12                 IBUFDS (Prop_ibufds_I_O)     0.388     0.388 r  pll_inst/inst/clkin1_ibufgds/O
                         net (fo=1, routed)           0.503     0.891    pll_inst/inst/clk_in1_pll
    PLLE2_ADV_X1Y1                                                    r  pll_inst/inst/plle2_adv_inst/CLKIN1
    PLLE2_ADV_X1Y1       PLLE2_ADV (Prop_plle2_adv_CLKIN1_CLKOUT1)
                                                     -2.908    -2.017 r  pll_inst/inst/plle2_adv_inst/CLKOUT1
                         net (fo=1, routed)           0.958    -1.059    pll_inst/inst/clk_out2_pll
    BUFGCTRL_X0Y0                                                     r  pll_inst/inst/clkout2_buf/I
    BUFGCTRL_X0Y0        BUFG (Prop_bufg_I_O)         0.026    -1.033 r  pll_inst/inst/clkout2_buf/O
                         net (fo=34657, routed)       0.542    -0.491    student_top_inst/u_KLDJ_top/clk_out2
    SLICE_X65Y154        FDRE                                         r  student_top_inst/u_KLDJ_top/ex_mem_mem_addr_reg[9]_replica_13/C
  -------------------------------------------------------------------    -------------------
    SLICE_X65Y154        FDRE (Prop_fdre_C_Q)         0.100    -0.391 r  student_top_inst/u_KLDJ_top/ex_mem_mem_addr_reg[9]_replica_13/Q
                         net (fo=2790, routed)        0.392     0.002    student_top_inst/bridge_inst/dram_driver_inst/Mem_DRAM/U0/synth_options.dist_mem_inst/gen_sp_ram.spram_inst/ram_reg_45056_45311_4_4/A7
    SLICE_X70Y142        RAMS64E                                      r  student_top_inst/bridge_inst/dram_driver_inst/Mem_DRAM/U0/synth_options.dist_mem_inst/gen_sp_ram.spram_inst/ram_reg_45056_45311_4_4/RAMS64E_B/WADR7
  -------------------------------------------------------------------    -------------------

                         (clock clk_out2_pll rise edge)
                                                      0.000     0.000 r  
    AD12                                              0.000     0.000 r  i_sys_clk_p (IN)
                         net (fo=0)                   0.000     0.000    pll_inst/inst/clk_in1_p
    AD12                                                              r  pll_inst/inst/clkin1_ibufgds/I
    AD12                 IBUFDS (Prop_ibufds_I_O)     0.470     0.470 r  pll_inst/inst/clkin1_ibufgds/O
                         net (fo=1, routed)           0.554     1.024    pll_inst/inst/clk_in1_pll
    PLLE2_ADV_X1Y1                                                    r  pll_inst/inst/plle2_adv_inst/CLKIN1
    PLLE2_ADV_X1Y1       PLLE2_ADV (Prop_plle2_adv_CLKIN1_CLKOUT1)
                                                     -3.524    -2.500 r  pll_inst/inst/plle2_adv_inst/CLKOUT1
                         net (fo=1, routed)           1.027    -1.473    pll_inst/inst/clk_out2_pll
    BUFGCTRL_X0Y0                                                     r  pll_inst/inst/clkout2_buf/I
    BUFGCTRL_X0Y0        BUFG (Prop_bufg_I_O)         0.030    -1.443 r  pll_inst/inst/clkout2_buf/O
                         net (fo=34657, routed)       0.811    -0.632    student_top_inst/bridge_inst/dram_driver_inst/Mem_DRAM/U0/synth_options.dist_mem_inst/gen_sp_ram.spram_inst/ram_reg_45056_45311_4_4/WCLK
    SLICE_X70Y142        RAMS64E                                      r  student_top_inst/bridge_inst/dram_driver_inst/Mem_DRAM/U0/synth_options.dist_mem_inst/gen_sp_ram.spram_inst/ram_reg_45056_45311_4_4/RAMS64E_B/CLK
                         clock pessimism              0.403    -0.230    
    SLICE_X70Y142        RAMS64E (Hold_rams64e_CLK_WADR7)
                                                      0.165    -0.065    student_top_inst/bridge_inst/dram_driver_inst/Mem_DRAM/U0/synth_options.dist_mem_inst/gen_sp_ram.spram_inst/ram_reg_45056_45311_4_4/RAMS64E_B
  -------------------------------------------------------------------
                         required time                          0.065    
                         arrival time                           0.002    
  -------------------------------------------------------------------
                         slack                                  0.066    

Slack (MET) :             0.066ns  (arrival time - required time)
  Source:                 student_top_inst/u_KLDJ_top/ex_mem_mem_addr_reg[9]_replica_13/C
                            (rising edge-triggered cell FDRE clocked by clk_out2_pll  {rise@0.000ns fall@4.000ns period=8.000ns})
  Destination:            student_top_inst/bridge_inst/dram_driver_inst/Mem_DRAM/U0/synth_options.dist_mem_inst/gen_sp_ram.spram_inst/ram_reg_45056_45311_4_4/RAMS64E_C/WADR7
                            (rising edge-triggered cell RAMS64E clocked by clk_out2_pll  {rise@0.000ns fall@4.000ns period=8.000ns})
  Path Group:             clk_out2_pll
  Path Type:              Hold (Min at Fast Process Corner)
  Requirement:            0.000ns  (clk_out2_pll rise@0.000ns - clk_out2_pll rise@0.000ns)
  Data Path Delay:        0.492ns  (logic 0.100ns (20.320%)  route 0.392ns (79.680%))
  Logic Levels:           0  
  Clock Path Skew:        0.261ns (DCD - SCD - CPR)
    Destination Clock Delay (DCD):    -0.632ns
    Source Clock Delay      (SCD):    -0.491ns
    Clock Pessimism Removal (CPR):    -0.403ns

    Location             Delay type                Incr(ns)  Path(ns)    Netlist Resource(s)
  -------------------------------------------------------------------    -------------------
                         (clock clk_out2_pll rise edge)
                                                      0.000     0.000 r  
    AD12                                              0.000     0.000 r  i_sys_clk_p (IN)
                         net (fo=0)                   0.000     0.000    pll_inst/inst/clk_in1_p
    AD12                                                              r  pll_inst/inst/clkin1_ibufgds/I
    AD12                 IBUFDS (Prop_ibufds_I_O)     0.388     0.388 r  pll_inst/inst/clkin1_ibufgds/O
                         net (fo=1, routed)           0.503     0.891    pll_inst/inst/clk_in1_pll
    PLLE2_ADV_X1Y1                                                    r  pll_inst/inst/plle2_adv_inst/CLKIN1
    PLLE2_ADV_X1Y1       PLLE2_ADV (Prop_plle2_adv_CLKIN1_CLKOUT1)
                                                     -2.908    -2.017 r  pll_inst/inst/plle2_adv_inst/CLKOUT1
                         net (fo=1, routed)           0.958    -1.059    pll_inst/inst/clk_out2_pll
    BUFGCTRL_X0Y0                                                     r  pll_inst/inst/clkout2_buf/I
    BUFGCTRL_X0Y0        BUFG (Prop_bufg_I_O)         0.026    -1.033 r  pll_inst/inst/clkout2_buf/O
                         net (fo=34657, routed)       0.542    -0.491    student_top_inst/u_KLDJ_top/clk_out2
    SLICE_X65Y154        FDRE                                         r  student_top_inst/u_KLDJ_top/ex_mem_mem_addr_reg[9]_replica_13/C
  -------------------------------------------------------------------    -------------------
    SLICE_X65Y154        FDRE (Prop_fdre_C_Q)         0.100    -0.391 r  student_top_inst/u_KLDJ_top/ex_mem_mem_addr_reg[9]_replica_13/Q
                         net (fo=2790, routed)        0.392     0.002    student_top_inst/bridge_inst/dram_driver_inst/Mem_DRAM/U0/synth_options.dist_mem_inst/gen_sp_ram.spram_inst/ram_reg_45056_45311_4_4/A7
    SLICE_X70Y142        RAMS64E                                      r  student_top_inst/bridge_inst/dram_driver_inst/Mem_DRAM/U0/synth_options.dist_mem_inst/gen_sp_ram.spram_inst/ram_reg_45056_45311_4_4/RAMS64E_C/WADR7
  -------------------------------------------------------------------    -------------------

                         (clock clk_out2_pll rise edge)
                                                      0.000     0.000 r  
    AD12                                              0.000     0.000 r  i_sys_clk_p (IN)
                         net (fo=0)                   0.000     0.000    pll_inst/inst/clk_in1_p
    AD12                                                              r  pll_inst/inst/clkin1_ibufgds/I
    AD12                 IBUFDS (Prop_ibufds_I_O)     0.470     0.470 r  pll_inst/inst/clkin1_ibufgds/O
                         net (fo=1, routed)           0.554     1.024    pll_inst/inst/clk_in1_pll
    PLLE2_ADV_X1Y1                                                    r  pll_inst/inst/plle2_adv_inst/CLKIN1
    PLLE2_ADV_X1Y1       PLLE2_ADV (Prop_plle2_adv_CLKIN1_CLKOUT1)
                                                     -3.524    -2.500 r  pll_inst/inst/plle2_adv_inst/CLKOUT1
                         net (fo=1, routed)           1.027    -1.473    pll_inst/inst/clk_out2_pll
    BUFGCTRL_X0Y0                                                     r  pll_inst/inst/clkout2_buf/I
    BUFGCTRL_X0Y0        BUFG (Prop_bufg_I_O)         0.030    -1.443 r  pll_inst/inst/clkout2_buf/O
                         net (fo=34657, routed)       0.811    -0.632    student_top_inst/bridge_inst/dram_driver_inst/Mem_DRAM/U0/synth_options.dist_mem_inst/gen_sp_ram.spram_inst/ram_reg_45056_45311_4_4/WCLK
    SLICE_X70Y142        RAMS64E                                      r  student_top_inst/bridge_inst/dram_driver_inst/Mem_DRAM/U0/synth_options.dist_mem_inst/gen_sp_ram.spram_inst/ram_reg_45056_45311_4_4/RAMS64E_C/CLK
                         clock pessimism              0.403    -0.230    
    SLICE_X70Y142        RAMS64E (Hold_rams64e_CLK_WADR7)
                                                      0.165    -0.065    student_top_inst/bridge_inst/dram_driver_inst/Mem_DRAM/U0/synth_options.dist_mem_inst/gen_sp_ram.spram_inst/ram_reg_45056_45311_4_4/RAMS64E_C
  -------------------------------------------------------------------
                         required time                          0.065    
                         arrival time                           0.002    
  -------------------------------------------------------------------
                         slack                                  0.066    

Slack (MET) :             0.066ns  (arrival time - required time)
  Source:                 student_top_inst/u_KLDJ_top/ex_mem_mem_addr_reg[9]_replica_13/C
                            (rising edge-triggered cell FDRE clocked by clk_out2_pll  {rise@0.000ns fall@4.000ns period=8.000ns})
  Destination:            student_top_inst/bridge_inst/dram_driver_inst/Mem_DRAM/U0/synth_options.dist_mem_inst/gen_sp_ram.spram_inst/ram_reg_45056_45311_4_4/RAMS64E_D/WADR7
                            (rising edge-triggered cell RAMS64E clocked by clk_out2_pll  {rise@0.000ns fall@4.000ns period=8.000ns})
  Path Group:             clk_out2_pll
  Path Type:              Hold (Min at Fast Process Corner)
  Requirement:            0.000ns  (clk_out2_pll rise@0.000ns - clk_out2_pll rise@0.000ns)
  Data Path Delay:        0.492ns  (logic 0.100ns (20.320%)  route 0.392ns (79.680%))
  Logic Levels:           0  
  Clock Path Skew:        0.261ns (DCD - SCD - CPR)
    Destination Clock Delay (DCD):    -0.632ns
    Source Clock Delay      (SCD):    -0.491ns
    Clock Pessimism Removal (CPR):    -0.403ns

    Location             Delay type                Incr(ns)  Path(ns)    Netlist Resource(s)
  -------------------------------------------------------------------    -------------------
                         (clock clk_out2_pll rise edge)
                                                      0.000     0.000 r  
    AD12                                              0.000     0.000 r  i_sys_clk_p (IN)
                         net (fo=0)                   0.000     0.000    pll_inst/inst/clk_in1_p
    AD12                                                              r  pll_inst/inst/clkin1_ibufgds/I
    AD12                 IBUFDS (Prop_ibufds_I_O)     0.388     0.388 r  pll_inst/inst/clkin1_ibufgds/O
                         net (fo=1, routed)           0.503     0.891    pll_inst/inst/clk_in1_pll
    PLLE2_ADV_X1Y1                                                    r  pll_inst/inst/plle2_adv_inst/CLKIN1
    PLLE2_ADV_X1Y1       PLLE2_ADV (Prop_plle2_adv_CLKIN1_CLKOUT1)
                                                     -2.908    -2.017 r  pll_inst/inst/plle2_adv_inst/CLKOUT1
                         net (fo=1, routed)           0.958    -1.059    pll_inst/inst/clk_out2_pll
    BUFGCTRL_X0Y0                                                     r  pll_inst/inst/clkout2_buf/I
    BUFGCTRL_X0Y0        BUFG (Prop_bufg_I_O)         0.026    -1.033 r  pll_inst/inst/clkout2_buf/O
                         net (fo=34657, routed)       0.542    -0.491    student_top_inst/u_KLDJ_top/clk_out2
    SLICE_X65Y154        FDRE                                         r  student_top_inst/u_KLDJ_top/ex_mem_mem_addr_reg[9]_replica_13/C
  -------------------------------------------------------------------    -------------------
    SLICE_X65Y154        FDRE (Prop_fdre_C_Q)         0.100    -0.391 r  student_top_inst/u_KLDJ_top/ex_mem_mem_addr_reg[9]_replica_13/Q
                         net (fo=2790, routed)        0.392     0.002    student_top_inst/bridge_inst/dram_driver_inst/Mem_DRAM/U0/synth_options.dist_mem_inst/gen_sp_ram.spram_inst/ram_reg_45056_45311_4_4/A7
    SLICE_X70Y142        RAMS64E                                      r  student_top_inst/bridge_inst/dram_driver_inst/Mem_DRAM/U0/synth_options.dist_mem_inst/gen_sp_ram.spram_inst/ram_reg_45056_45311_4_4/RAMS64E_D/WADR7
  -------------------------------------------------------------------    -------------------

                         (clock clk_out2_pll rise edge)
                                                      0.000     0.000 r  
    AD12                                              0.000     0.000 r  i_sys_clk_p (IN)
                         net (fo=0)                   0.000     0.000    pll_inst/inst/clk_in1_p
    AD12                                                              r  pll_inst/inst/clkin1_ibufgds/I
    AD12                 IBUFDS (Prop_ibufds_I_O)     0.470     0.470 r  pll_inst/inst/clkin1_ibufgds/O
                         net (fo=1, routed)           0.554     1.024    pll_inst/inst/clk_in1_pll
    PLLE2_ADV_X1Y1                                                    r  pll_inst/inst/plle2_adv_inst/CLKIN1
    PLLE2_ADV_X1Y1       PLLE2_ADV (Prop_plle2_adv_CLKIN1_CLKOUT1)
                                                     -3.524    -2.500 r  pll_inst/inst/plle2_adv_inst/CLKOUT1
                         net (fo=1, routed)           1.027    -1.473    pll_inst/inst/clk_out2_pll
    BUFGCTRL_X0Y0                                                     r  pll_inst/inst/clkout2_buf/I
    BUFGCTRL_X0Y0        BUFG (Prop_bufg_I_O)         0.030    -1.443 r  pll_inst/inst/clkout2_buf/O
                         net (fo=34657, routed)       0.811    -0.632    student_top_inst/bridge_inst/dram_driver_inst/Mem_DRAM/U0/synth_options.dist_mem_inst/gen_sp_ram.spram_inst/ram_reg_45056_45311_4_4/WCLK
    SLICE_X70Y142        RAMS64E                                      r  student_top_inst/bridge_inst/dram_driver_inst/Mem_DRAM/U0/synth_options.dist_mem_inst/gen_sp_ram.spram_inst/ram_reg_45056_45311_4_4/RAMS64E_D/CLK
                         clock pessimism              0.403    -0.230    
    SLICE_X70Y142        RAMS64E (Hold_rams64e_CLK_WADR7)
                                                      0.165    -0.065    student_top_inst/bridge_inst/dram_driver_inst/Mem_DRAM/U0/synth_options.dist_mem_inst/gen_sp_ram.spram_inst/ram_reg_45056_45311_4_4/RAMS64E_D
  -------------------------------------------------------------------
                         required time                          0.065    
                         arrival time                           0.002    
  -------------------------------------------------------------------
                         slack                                  0.066    

Slack (MET) :             0.067ns  (arrival time - required time)
  Source:                 student_top_inst/u_KLDJ_top/ex_mem_mem_addr_reg[2]_replica_2/C
                            (rising edge-triggered cell FDRE clocked by clk_out2_pll  {rise@0.000ns fall@4.000ns period=8.000ns})
  Destination:            student_top_inst/bridge_inst/dram_driver_inst/Mem_DRAM/U0/synth_options.dist_mem_inst/gen_sp_ram.spram_inst/ram_reg_31744_31999_28_28/RAMS64E_A/ADR0
                            (rising edge-triggered cell RAMS64E clocked by clk_out2_pll  {rise@0.000ns fall@4.000ns period=8.000ns})
  Path Group:             clk_out2_pll
  Path Type:              Hold (Min at Slow Process Corner)
  Requirement:            0.000ns  (clk_out2_pll rise@0.000ns - clk_out2_pll rise@0.000ns)
  Data Path Delay:        0.587ns  (logic 0.178ns (30.343%)  route 0.409ns (69.657%))
  Logic Levels:           0  
  Clock Path Skew:        0.021ns (DCD - SCD - CPR)
    Destination Clock Delay (DCD):    -2.461ns
    Source Clock Delay      (SCD):    -2.165ns
    Clock Pessimism Removal (CPR):    -0.318ns

    Location             Delay type                Incr(ns)  Path(ns)    Netlist Resource(s)
  -------------------------------------------------------------------    -------------------
                         (clock clk_out2_pll rise edge)
                                                      0.000     0.000 r  
    AD12                                              0.000     0.000 r  i_sys_clk_p (IN)
                         net (fo=0)                   0.000     0.000    pll_inst/inst/clk_in1_p
    AD12                                                              r  pll_inst/inst/clkin1_ibufgds/I
    AD12                 IBUFDS (Prop_ibufds_I_O)     0.803     0.803 r  pll_inst/inst/clkin1_ibufgds/O
                         net (fo=1, routed)           1.001     1.804    pll_inst/inst/clk_in1_pll
    PLLE2_ADV_X1Y1                                                    r  pll_inst/inst/plle2_adv_inst/CLKIN1
    PLLE2_ADV_X1Y1       PLLE2_ADV (Prop_plle2_adv_CLKIN1_CLKOUT1)
                                                     -7.261    -5.457 r  pll_inst/inst/plle2_adv_inst/CLKOUT1
                         net (fo=1, routed)           2.003    -3.454    pll_inst/inst/clk_out2_pll
    BUFGCTRL_X0Y0                                                     r  pll_inst/inst/clkout2_buf/I
    BUFGCTRL_X0Y0        BUFG (Prop_bufg_I_O)         0.083    -3.371 r  pll_inst/inst/clkout2_buf/O
                         net (fo=34657, routed)       1.206    -2.165    student_top_inst/u_KLDJ_top/clk_out2
    SLICE_X99Y277        FDRE                                         r  student_top_inst/u_KLDJ_top/ex_mem_mem_addr_reg[2]_replica_2/C
  -------------------------------------------------------------------    -------------------
    SLICE_X99Y277        FDRE (Prop_fdre_C_Q)         0.178    -1.987 r  student_top_inst/u_KLDJ_top/ex_mem_mem_addr_reg[2]_replica_2/Q
                         net (fo=2404, routed)        0.409    -1.578    student_top_inst/bridge_inst/dram_driver_inst/Mem_DRAM/U0/synth_options.dist_mem_inst/gen_sp_ram.spram_inst/ram_reg_31744_31999_28_28/A0
    SLICE_X98Y277        RAMS64E                                      r  student_top_inst/bridge_inst/dram_driver_inst/Mem_DRAM/U0/synth_options.dist_mem_inst/gen_sp_ram.spram_inst/ram_reg_31744_31999_28_28/RAMS64E_A/ADR0
  -------------------------------------------------------------------    -------------------

                         (clock clk_out2_pll rise edge)
                                                      0.000     0.000 r  
    AD12                                              0.000     0.000 r  i_sys_clk_p (IN)
                         net (fo=0)                   0.000     0.000    pll_inst/inst/clk_in1_p
    AD12                                                              r  pll_inst/inst/clkin1_ibufgds/I
    AD12                 IBUFDS (Prop_ibufds_I_O)     0.906     0.906 r  pll_inst/inst/clkin1_ibufgds/O
                         net (fo=1, routed)           1.098     2.004    pll_inst/inst/clk_in1_pll
    PLLE2_ADV_X1Y1                                                    r  pll_inst/inst/plle2_adv_inst/CLKIN1
    PLLE2_ADV_X1Y1       PLLE2_ADV (Prop_plle2_adv_CLKIN1_CLKOUT1)
                                                     -8.058    -6.054 r  pll_inst/inst/plle2_adv_inst/CLKOUT1
                         net (fo=1, routed)           2.128    -3.926    pll_inst/inst/clk_out2_pll
    BUFGCTRL_X0Y0                                                     r  pll_inst/inst/clkout2_buf/I
    BUFGCTRL_X0Y0        BUFG (Prop_bufg_I_O)         0.093    -3.833 r  pll_inst/inst/clkout2_buf/O
                         net (fo=34657, routed)       1.372    -2.461    student_top_inst/bridge_inst/dram_driver_inst/Mem_DRAM/U0/synth_options.dist_mem_inst/gen_sp_ram.spram_inst/ram_reg_31744_31999_28_28/WCLK
    SLICE_X98Y277        RAMS64E                                      r  student_top_inst/bridge_inst/dram_driver_inst/Mem_DRAM/U0/synth_options.dist_mem_inst/gen_sp_ram.spram_inst/ram_reg_31744_31999_28_28/RAMS64E_A/CLK
                         clock pessimism              0.318    -2.144    
    SLICE_X98Y277        RAMS64E (Hold_rams64e_CLK_ADR0)
                                                      0.499    -1.645    student_top_inst/bridge_inst/dram_driver_inst/Mem_DRAM/U0/synth_options.dist_mem_inst/gen_sp_ram.spram_inst/ram_reg_31744_31999_28_28/RAMS64E_A
  -------------------------------------------------------------------
                         required time                          1.645    
                         arrival time                          -1.578    
  -------------------------------------------------------------------
                         slack                                  0.067    

Slack (MET) :             0.067ns  (arrival time - required time)
  Source:                 student_top_inst/u_KLDJ_top/ex_mem_mem_addr_reg[2]_replica_2/C
                            (rising edge-triggered cell FDRE clocked by clk_out2_pll  {rise@0.000ns fall@4.000ns period=8.000ns})
  Destination:            student_top_inst/bridge_inst/dram_driver_inst/Mem_DRAM/U0/synth_options.dist_mem_inst/gen_sp_ram.spram_inst/ram_reg_31744_31999_28_28/RAMS64E_B/ADR0
                            (rising edge-triggered cell RAMS64E clocked by clk_out2_pll  {rise@0.000ns fall@4.000ns period=8.000ns})
  Path Group:             clk_out2_pll
  Path Type:              Hold (Min at Slow Process Corner)
  Requirement:            0.000ns  (clk_out2_pll rise@0.000ns - clk_out2_pll rise@0.000ns)
  Data Path Delay:        0.587ns  (logic 0.178ns (30.343%)  route 0.409ns (69.657%))
  Logic Levels:           0  
  Clock Path Skew:        0.021ns (DCD - SCD - CPR)
    Destination Clock Delay (DCD):    -2.461ns
    Source Clock Delay      (SCD):    -2.165ns
    Clock Pessimism Removal (CPR):    -0.318ns

    Location             Delay type                Incr(ns)  Path(ns)    Netlist Resource(s)
  -------------------------------------------------------------------    -------------------
                         (clock clk_out2_pll rise edge)
                                                      0.000     0.000 r  
    AD12                                              0.000     0.000 r  i_sys_clk_p (IN)
                         net (fo=0)                   0.000     0.000    pll_inst/inst/clk_in1_p
    AD12                                                              r  pll_inst/inst/clkin1_ibufgds/I
    AD12                 IBUFDS (Prop_ibufds_I_O)     0.803     0.803 r  pll_inst/inst/clkin1_ibufgds/O
                         net (fo=1, routed)           1.001     1.804    pll_inst/inst/clk_in1_pll
    PLLE2_ADV_X1Y1                                                    r  pll_inst/inst/plle2_adv_inst/CLKIN1
    PLLE2_ADV_X1Y1       PLLE2_ADV (Prop_plle2_adv_CLKIN1_CLKOUT1)
                                                     -7.261    -5.457 r  pll_inst/inst/plle2_adv_inst/CLKOUT1
                         net (fo=1, routed)           2.003    -3.454    pll_inst/inst/clk_out2_pll
    BUFGCTRL_X0Y0                                                     r  pll_inst/inst/clkout2_buf/I
    BUFGCTRL_X0Y0        BUFG (Prop_bufg_I_O)         0.083    -3.371 r  pll_inst/inst/clkout2_buf/O
                         net (fo=34657, routed)       1.206    -2.165    student_top_inst/u_KLDJ_top/clk_out2
    SLICE_X99Y277        FDRE                                         r  student_top_inst/u_KLDJ_top/ex_mem_mem_addr_reg[2]_replica_2/C
  -------------------------------------------------------------------    -------------------
    SLICE_X99Y277        FDRE (Prop_fdre_C_Q)         0.178    -1.987 r  student_top_inst/u_KLDJ_top/ex_mem_mem_addr_reg[2]_replica_2/Q
                         net (fo=2404, routed)        0.409    -1.578    student_top_inst/bridge_inst/dram_driver_inst/Mem_DRAM/U0/synth_options.dist_mem_inst/gen_sp_ram.spram_inst/ram_reg_31744_31999_28_28/A0
    SLICE_X98Y277        RAMS64E                                      r  student_top_inst/bridge_inst/dram_driver_inst/Mem_DRAM/U0/synth_options.dist_mem_inst/gen_sp_ram.spram_inst/ram_reg_31744_31999_28_28/RAMS64E_B/ADR0
  -------------------------------------------------------------------    -------------------

                         (clock clk_out2_pll rise edge)
                                                      0.000     0.000 r  
    AD12                                              0.000     0.000 r  i_sys_clk_p (IN)
                         net (fo=0)                   0.000     0.000    pll_inst/inst/clk_in1_p
    AD12                                                              r  pll_inst/inst/clkin1_ibufgds/I
    AD12                 IBUFDS (Prop_ibufds_I_O)     0.906     0.906 r  pll_inst/inst/clkin1_ibufgds/O
                         net (fo=1, routed)           1.098     2.004    pll_inst/inst/clk_in1_pll
    PLLE2_ADV_X1Y1                                                    r  pll_inst/inst/plle2_adv_inst/CLKIN1
    PLLE2_ADV_X1Y1       PLLE2_ADV (Prop_plle2_adv_CLKIN1_CLKOUT1)
                                                     -8.058    -6.054 r  pll_inst/inst/plle2_adv_inst/CLKOUT1
                         net (fo=1, routed)           2.128    -3.926    pll_inst/inst/clk_out2_pll
    BUFGCTRL_X0Y0                                                     r  pll_inst/inst/clkout2_buf/I
    BUFGCTRL_X0Y0        BUFG (Prop_bufg_I_O)         0.093    -3.833 r  pll_inst/inst/clkout2_buf/O
                         net (fo=34657, routed)       1.372    -2.461    student_top_inst/bridge_inst/dram_driver_inst/Mem_DRAM/U0/synth_options.dist_mem_inst/gen_sp_ram.spram_inst/ram_reg_31744_31999_28_28/WCLK
    SLICE_X98Y277        RAMS64E                                      r  student_top_inst/bridge_inst/dram_driver_inst/Mem_DRAM/U0/synth_options.dist_mem_inst/gen_sp_ram.spram_inst/ram_reg_31744_31999_28_28/RAMS64E_B/CLK
                         clock pessimism              0.318    -2.144    
    SLICE_X98Y277        RAMS64E (Hold_rams64e_CLK_ADR0)
                                                      0.499    -1.645    student_top_inst/bridge_inst/dram_driver_inst/Mem_DRAM/U0/synth_options.dist_mem_inst/gen_sp_ram.spram_inst/ram_reg_31744_31999_28_28/RAMS64E_B
  -------------------------------------------------------------------
                         required time                          1.645    
                         arrival time                          -1.578    
  -------------------------------------------------------------------
                         slack                                  0.067    

Slack (MET) :             0.067ns  (arrival time - required time)
  Source:                 student_top_inst/u_KLDJ_top/ex_mem_mem_addr_reg[2]_replica_2/C
                            (rising edge-triggered cell FDRE clocked by clk_out2_pll  {rise@0.000ns fall@4.000ns period=8.000ns})
  Destination:            student_top_inst/bridge_inst/dram_driver_inst/Mem_DRAM/U0/synth_options.dist_mem_inst/gen_sp_ram.spram_inst/ram_reg_31744_31999_28_28/RAMS64E_C/ADR0
                            (rising edge-triggered cell RAMS64E clocked by clk_out2_pll  {rise@0.000ns fall@4.000ns period=8.000ns})
  Path Group:             clk_out2_pll
  Path Type:              Hold (Min at Slow Process Corner)
  Requirement:            0.000ns  (clk_out2_pll rise@0.000ns - clk_out2_pll rise@0.000ns)
  Data Path Delay:        0.587ns  (logic 0.178ns (30.343%)  route 0.409ns (69.657%))
  Logic Levels:           0  
  Clock Path Skew:        0.021ns (DCD - SCD - CPR)
    Destination Clock Delay (DCD):    -2.461ns
    Source Clock Delay      (SCD):    -2.165ns
    Clock Pessimism Removal (CPR):    -0.318ns

    Location             Delay type                Incr(ns)  Path(ns)    Netlist Resource(s)
  -------------------------------------------------------------------    -------------------
                         (clock clk_out2_pll rise edge)
                                                      0.000     0.000 r  
    AD12                                              0.000     0.000 r  i_sys_clk_p (IN)
                         net (fo=0)                   0.000     0.000    pll_inst/inst/clk_in1_p
    AD12                                                              r  pll_inst/inst/clkin1_ibufgds/I
    AD12                 IBUFDS (Prop_ibufds_I_O)     0.803     0.803 r  pll_inst/inst/clkin1_ibufgds/O
                         net (fo=1, routed)           1.001     1.804    pll_inst/inst/clk_in1_pll
    PLLE2_ADV_X1Y1                                                    r  pll_inst/inst/plle2_adv_inst/CLKIN1
    PLLE2_ADV_X1Y1       PLLE2_ADV (Prop_plle2_adv_CLKIN1_CLKOUT1)
                                                     -7.261    -5.457 r  pll_inst/inst/plle2_adv_inst/CLKOUT1
                         net (fo=1, routed)           2.003    -3.454    pll_inst/inst/clk_out2_pll
    BUFGCTRL_X0Y0                                                     r  pll_inst/inst/clkout2_buf/I
    BUFGCTRL_X0Y0        BUFG (Prop_bufg_I_O)         0.083    -3.371 r  pll_inst/inst/clkout2_buf/O
                         net (fo=34657, routed)       1.206    -2.165    student_top_inst/u_KLDJ_top/clk_out2
    SLICE_X99Y277        FDRE                                         r  student_top_inst/u_KLDJ_top/ex_mem_mem_addr_reg[2]_replica_2/C
  -------------------------------------------------------------------    -------------------
    SLICE_X99Y277        FDRE (Prop_fdre_C_Q)         0.178    -1.987 r  student_top_inst/u_KLDJ_top/ex_mem_mem_addr_reg[2]_replica_2/Q
                         net (fo=2404, routed)        0.409    -1.578    student_top_inst/bridge_inst/dram_driver_inst/Mem_DRAM/U0/synth_options.dist_mem_inst/gen_sp_ram.spram_inst/ram_reg_31744_31999_28_28/A0
    SLICE_X98Y277        RAMS64E                                      r  student_top_inst/bridge_inst/dram_driver_inst/Mem_DRAM/U0/synth_options.dist_mem_inst/gen_sp_ram.spram_inst/ram_reg_31744_31999_28_28/RAMS64E_C/ADR0
  -------------------------------------------------------------------    -------------------

                         (clock clk_out2_pll rise edge)
                                                      0.000     0.000 r  
    AD12                                              0.000     0.000 r  i_sys_clk_p (IN)
                         net (fo=0)                   0.000     0.000    pll_inst/inst/clk_in1_p
    AD12                                                              r  pll_inst/inst/clkin1_ibufgds/I
    AD12                 IBUFDS (Prop_ibufds_I_O)     0.906     0.906 r  pll_inst/inst/clkin1_ibufgds/O
                         net (fo=1, routed)           1.098     2.004    pll_inst/inst/clk_in1_pll
    PLLE2_ADV_X1Y1                                                    r  pll_inst/inst/plle2_adv_inst/CLKIN1
    PLLE2_ADV_X1Y1       PLLE2_ADV (Prop_plle2_adv_CLKIN1_CLKOUT1)
                                                     -8.058    -6.054 r  pll_inst/inst/plle2_adv_inst/CLKOUT1
                         net (fo=1, routed)           2.128    -3.926    pll_inst/inst/clk_out2_pll
    BUFGCTRL_X0Y0                                                     r  pll_inst/inst/clkout2_buf/I
    BUFGCTRL_X0Y0        BUFG (Prop_bufg_I_O)         0.093    -3.833 r  pll_inst/inst/clkout2_buf/O
                         net (fo=34657, routed)       1.372    -2.461    student_top_inst/bridge_inst/dram_driver_inst/Mem_DRAM/U0/synth_options.dist_mem_inst/gen_sp_ram.spram_inst/ram_reg_31744_31999_28_28/WCLK
    SLICE_X98Y277        RAMS64E                                      r  student_top_inst/bridge_inst/dram_driver_inst/Mem_DRAM/U0/synth_options.dist_mem_inst/gen_sp_ram.spram_inst/ram_reg_31744_31999_28_28/RAMS64E_C/CLK
                         clock pessimism              0.318    -2.144    
    SLICE_X98Y277        RAMS64E (Hold_rams64e_CLK_ADR0)
                                                      0.499    -1.645    student_top_inst/bridge_inst/dram_driver_inst/Mem_DRAM/U0/synth_options.dist_mem_inst/gen_sp_ram.spram_inst/ram_reg_31744_31999_28_28/RAMS64E_C
  -------------------------------------------------------------------
                         required time                          1.645    
                         arrival time                          -1.578    
  -------------------------------------------------------------------
                         slack                                  0.067    

Slack (MET) :             0.067ns  (arrival time - required time)
  Source:                 student_top_inst/u_KLDJ_top/ex_mem_mem_addr_reg[2]_replica_2/C
                            (rising edge-triggered cell FDRE clocked by clk_out2_pll  {rise@0.000ns fall@4.000ns period=8.000ns})
  Destination:            student_top_inst/bridge_inst/dram_driver_inst/Mem_DRAM/U0/synth_options.dist_mem_inst/gen_sp_ram.spram_inst/ram_reg_31744_31999_28_28/RAMS64E_D/ADR0
                            (rising edge-triggered cell RAMS64E clocked by clk_out2_pll  {rise@0.000ns fall@4.000ns period=8.000ns})
  Path Group:             clk_out2_pll
  Path Type:              Hold (Min at Slow Process Corner)
  Requirement:            0.000ns  (clk_out2_pll rise@0.000ns - clk_out2_pll rise@0.000ns)
  Data Path Delay:        0.587ns  (logic 0.178ns (30.343%)  route 0.409ns (69.657%))
  Logic Levels:           0  
  Clock Path Skew:        0.021ns (DCD - SCD - CPR)
    Destination Clock Delay (DCD):    -2.461ns
    Source Clock Delay      (SCD):    -2.165ns
    Clock Pessimism Removal (CPR):    -0.318ns

    Location             Delay type                Incr(ns)  Path(ns)    Netlist Resource(s)
  -------------------------------------------------------------------    -------------------
                         (clock clk_out2_pll rise edge)
                                                      0.000     0.000 r  
    AD12                                              0.000     0.000 r  i_sys_clk_p (IN)
                         net (fo=0)                   0.000     0.000    pll_inst/inst/clk_in1_p
    AD12                                                              r  pll_inst/inst/clkin1_ibufgds/I
    AD12                 IBUFDS (Prop_ibufds_I_O)     0.803     0.803 r  pll_inst/inst/clkin1_ibufgds/O
                         net (fo=1, routed)           1.001     1.804    pll_inst/inst/clk_in1_pll
    PLLE2_ADV_X1Y1                                                    r  pll_inst/inst/plle2_adv_inst/CLKIN1
    PLLE2_ADV_X1Y1       PLLE2_ADV (Prop_plle2_adv_CLKIN1_CLKOUT1)
                                                     -7.261    -5.457 r  pll_inst/inst/plle2_adv_inst/CLKOUT1
                         net (fo=1, routed)           2.003    -3.454    pll_inst/inst/clk_out2_pll
    BUFGCTRL_X0Y0                                                     r  pll_inst/inst/clkout2_buf/I
    BUFGCTRL_X0Y0        BUFG (Prop_bufg_I_O)         0.083    -3.371 r  pll_inst/inst/clkout2_buf/O
                         net (fo=34657, routed)       1.206    -2.165    student_top_inst/u_KLDJ_top/clk_out2
    SLICE_X99Y277        FDRE                                         r  student_top_inst/u_KLDJ_top/ex_mem_mem_addr_reg[2]_replica_2/C
  -------------------------------------------------------------------    -------------------
    SLICE_X99Y277        FDRE (Prop_fdre_C_Q)         0.178    -1.987 r  student_top_inst/u_KLDJ_top/ex_mem_mem_addr_reg[2]_replica_2/Q
                         net (fo=2404, routed)        0.409    -1.578    student_top_inst/bridge_inst/dram_driver_inst/Mem_DRAM/U0/synth_options.dist_mem_inst/gen_sp_ram.spram_inst/ram_reg_31744_31999_28_28/A0
    SLICE_X98Y277        RAMS64E                                      r  student_top_inst/bridge_inst/dram_driver_inst/Mem_DRAM/U0/synth_options.dist_mem_inst/gen_sp_ram.spram_inst/ram_reg_31744_31999_28_28/RAMS64E_D/ADR0
  -------------------------------------------------------------------    -------------------

                         (clock clk_out2_pll rise edge)
                                                      0.000     0.000 r  
    AD12                                              0.000     0.000 r  i_sys_clk_p (IN)
                         net (fo=0)                   0.000     0.000    pll_inst/inst/clk_in1_p
    AD12                                                              r  pll_inst/inst/clkin1_ibufgds/I
    AD12                 IBUFDS (Prop_ibufds_I_O)     0.906     0.906 r  pll_inst/inst/clkin1_ibufgds/O
                         net (fo=1, routed)           1.098     2.004    pll_inst/inst/clk_in1_pll
    PLLE2_ADV_X1Y1                                                    r  pll_inst/inst/plle2_adv_inst/CLKIN1
    PLLE2_ADV_X1Y1       PLLE2_ADV (Prop_plle2_adv_CLKIN1_CLKOUT1)
                                                     -8.058    -6.054 r  pll_inst/inst/plle2_adv_inst/CLKOUT1
                         net (fo=1, routed)           2.128    -3.926    pll_inst/inst/clk_out2_pll
    BUFGCTRL_X0Y0                                                     r  pll_inst/inst/clkout2_buf/I
    BUFGCTRL_X0Y0        BUFG (Prop_bufg_I_O)         0.093    -3.833 r  pll_inst/inst/clkout2_buf/O
                         net (fo=34657, routed)       1.372    -2.461    student_top_inst/bridge_inst/dram_driver_inst/Mem_DRAM/U0/synth_options.dist_mem_inst/gen_sp_ram.spram_inst/ram_reg_31744_31999_28_28/WCLK
    SLICE_X98Y277        RAMS64E                                      r  student_top_inst/bridge_inst/dram_driver_inst/Mem_DRAM/U0/synth_options.dist_mem_inst/gen_sp_ram.spram_inst/ram_reg_31744_31999_28_28/RAMS64E_D/CLK
                         clock pessimism              0.318    -2.144    
    SLICE_X98Y277        RAMS64E (Hold_rams64e_CLK_ADR0)
                                                      0.499    -1.645    student_top_inst/bridge_inst/dram_driver_inst/Mem_DRAM/U0/synth_options.dist_mem_inst/gen_sp_ram.spram_inst/ram_reg_31744_31999_28_28/RAMS64E_D
  -------------------------------------------------------------------
                         required time                          1.645    
                         arrival time                          -1.578    
  -------------------------------------------------------------------
                         slack                                  0.067    





Pulse Width Checks
--------------------------------------------------------------------------------------
Clock Name:         clk_out2_pll
Waveform(ns):       { 0.000 4.000 }
Period(ns):         8.000
Sources:            { pll_inst/inst/plle2_adv_inst/CLKOUT1 }

Check Type        Corner  Lib Pin            Reference Pin  Required(ns)  Actual(ns)  Slack(ns)  Location        Pin
Min Period        n/a     BUFG/I             n/a            1.408         8.000       6.591      BUFGCTRL_X0Y0   pll_inst/inst/clkout2_buf/I
Min Period        n/a     PLLE2_ADV/CLKOUT1  n/a            1.071         8.000       6.929      PLLE2_ADV_X1Y1  pll_inst/inst/plle2_adv_inst/CLKOUT1
Min Period        n/a     FDRE/C             n/a            0.750         8.000       7.250      SLICE_X35Y241   student_top_inst/bridge_inst/LED_reg[31]/C
Min Period        n/a     FDRE/C             n/a            0.750         8.000       7.250      SLICE_X32Y221   student_top_inst/bridge_inst/LED_reg[5]/C
Min Period        n/a     FDRE/C             n/a            0.750         8.000       7.250      SLICE_X32Y230   student_top_inst/bridge_inst/seg_wdata_reg[29]/C
Min Period        n/a     FDRE/C             n/a            0.750         8.000       7.250      SLICE_X35Y235   student_top_inst/bridge_inst/seg_wdata_reg[30]/C
Min Period        n/a     FDRE/C             n/a            0.750         8.000       7.250      SLICE_X32Y230   student_top_inst/bridge_inst/seg_wdata_reg[8]/C
Min Period        n/a     FDCE/C             n/a            0.750         8.000       7.250      SLICE_X27Y225   student_top_inst/bridge_inst/seg_driver/count_reg[2]/C
Min Period        n/a     FDCE/C             n/a            0.750         8.000       7.250      SLICE_X27Y225   student_top_inst/bridge_inst/seg_driver/count_reg[4]/C
Min Period        n/a     FDRE/C             n/a            0.750         8.000       7.250      SLICE_X33Y226   student_top_inst/u_KLDJ_top/ex_mem_exu_res_reg[5]/C
Min Period        n/a     FDRE/C             n/a            0.750         8.000       7.250      SLICE_X35Y233   student_top_inst/u_KLDJ_top/ex_mem_exu_res_reg[8]/C
Min Period        n/a     FDRE/C             n/a            0.750         8.000       7.250      SLICE_X32Y238   student_top_inst/u_KLDJ_top/ex_mem_mem_addr_reg[16]_replica_17/C
Min Period        n/a     FDRE/C             n/a            0.750         8.000       7.250      SLICE_X35Y230   student_top_inst/u_KLDJ_top/ex_mem_mem_addr_reg[1]/C
Min Period        n/a     FDRE/C             n/a            0.750         8.000       7.250      SLICE_X100Y307  student_top_inst/u_KLDJ_top/ex_mem_mem_addr_reg[3]_replica_11/C
Min Period        n/a     FDRE/C             n/a            0.750         8.000       7.250      SLICE_X37Y145   student_top_inst/u_KLDJ_top/ex_mem_mem_addr_reg[3]_replica_13/C
Min Period        n/a     FDRE/C             n/a            0.750         8.000       7.250      SLICE_X60Y301   student_top_inst/u_KLDJ_top/ex_mem_mem_addr_reg[3]_replica_14/C
Min Period        n/a     FDRE/C             n/a            0.750         8.000       7.250      SLICE_X46Y260   student_top_inst/u_KLDJ_top/ex_mem_mem_addr_reg[3]_replica_17/C
Min Period        n/a     FDRE/C             n/a            0.750         8.000       7.250      SLICE_X122Y287  student_top_inst/u_KLDJ_top/ex_mem_mem_addr_reg[3]_replica_9/C
Min Period        n/a     FDRE/C             n/a            0.750         8.000       7.250      SLICE_X35Y243   student_top_inst/u_KLDJ_top/ex_mem_mem_addr_reg[4]_replica_5/C
Min Period        n/a     FDRE/C             n/a            0.750         8.000       7.250      SLICE_X126Y175  student_top_inst/u_KLDJ_top/ex_mem_mem_addr_reg[5]_replica_6/C
Max Period        n/a     PLLE2_ADV/CLKOUT1  n/a            160.000       8.000       152.000    PLLE2_ADV_X1Y1  pll_inst/inst/plle2_adv_inst/CLKOUT1
Low Pulse Width   Slow    RAMS64E/CLK        n/a            0.768         4.000       3.232      SLICE_X94Y125   student_top_inst/bridge_inst/dram_driver_inst/Mem_DRAM/U0/synth_options.dist_mem_inst/gen_sp_ram.spram_inst/ram_reg_0_255_0_0/RAMS64E_A/CLK
Low Pulse Width   Fast    RAMS64E/CLK        n/a            0.768         4.000       3.232      SLICE_X94Y125   student_top_inst/bridge_inst/dram_driver_inst/Mem_DRAM/U0/synth_options.dist_mem_inst/gen_sp_ram.spram_inst/ram_reg_0_255_0_0/RAMS64E_A/CLK
Low Pulse Width   Slow    RAMS64E/CLK        n/a            0.768         4.000       3.232      SLICE_X94Y125   student_top_inst/bridge_inst/dram_driver_inst/Mem_DRAM/U0/synth_options.dist_mem_inst/gen_sp_ram.spram_inst/ram_reg_0_255_0_0/RAMS64E_B/CLK
Low Pulse Width   Fast    RAMS64E/CLK        n/a            0.768         4.000       3.232      SLICE_X94Y125   student_top_inst/bridge_inst/dram_driver_inst/Mem_DRAM/U0/synth_options.dist_mem_inst/gen_sp_ram.spram_inst/ram_reg_0_255_0_0/RAMS64E_B/CLK
Low Pulse Width   Slow    RAMS64E/CLK        n/a            0.768         4.000       3.232      SLICE_X94Y125   student_top_inst/bridge_inst/dram_driver_inst/Mem_DRAM/U0/synth_options.dist_mem_inst/gen_sp_ram.spram_inst/ram_reg_0_255_0_0/RAMS64E_C/CLK
Low Pulse Width   Fast    RAMS64E/CLK        n/a            0.768         4.000       3.232      SLICE_X94Y125   student_top_inst/bridge_inst/dram_driver_inst/Mem_DRAM/U0/synth_options.dist_mem_inst/gen_sp_ram.spram_inst/ram_reg_0_255_0_0/RAMS64E_C/CLK
Low Pulse Width   Slow    RAMS64E/CLK        n/a            0.768         4.000       3.232      SLICE_X94Y125   student_top_inst/bridge_inst/dram_driver_inst/Mem_DRAM/U0/synth_options.dist_mem_inst/gen_sp_ram.spram_inst/ram_reg_0_255_0_0/RAMS64E_D/CLK
Low Pulse Width   Fast    RAMS64E/CLK        n/a            0.768         4.000       3.232      SLICE_X94Y125   student_top_inst/bridge_inst/dram_driver_inst/Mem_DRAM/U0/synth_options.dist_mem_inst/gen_sp_ram.spram_inst/ram_reg_0_255_0_0/RAMS64E_D/CLK
Low Pulse Width   Slow    RAMS64E/CLK        n/a            0.768         4.000       3.232      SLICE_X98Y191   student_top_inst/bridge_inst/dram_driver_inst/Mem_DRAM/U0/synth_options.dist_mem_inst/gen_sp_ram.spram_inst/ram_reg_0_255_10_10/RAMS64E_A/CLK
Low Pulse Width   Fast    RAMS64E/CLK        n/a            0.768         4.000       3.232      SLICE_X98Y191   student_top_inst/bridge_inst/dram_driver_inst/Mem_DRAM/U0/synth_options.dist_mem_inst/gen_sp_ram.spram_inst/ram_reg_0_255_10_10/RAMS64E_A/CLK
Low Pulse Width   Slow    RAMS64E/CLK        n/a            0.768         4.000       3.232      SLICE_X98Y191   student_top_inst/bridge_inst/dram_driver_inst/Mem_DRAM/U0/synth_options.dist_mem_inst/gen_sp_ram.spram_inst/ram_reg_0_255_10_10/RAMS64E_B/CLK
Low Pulse Width   Fast    RAMS64E/CLK        n/a            0.768         4.000       3.232      SLICE_X98Y191   student_top_inst/bridge_inst/dram_driver_inst/Mem_DRAM/U0/synth_options.dist_mem_inst/gen_sp_ram.spram_inst/ram_reg_0_255_10_10/RAMS64E_B/CLK
Low Pulse Width   Slow    RAMS64E/CLK        n/a            0.768         4.000       3.232      SLICE_X98Y191   student_top_inst/bridge_inst/dram_driver_inst/Mem_DRAM/U0/synth_options.dist_mem_inst/gen_sp_ram.spram_inst/ram_reg_0_255_10_10/RAMS64E_C/CLK
Low Pulse Width   Fast    RAMS64E/CLK        n/a            0.768         4.000       3.232      SLICE_X98Y191   student_top_inst/bridge_inst/dram_driver_inst/Mem_DRAM/U0/synth_options.dist_mem_inst/gen_sp_ram.spram_inst/ram_reg_0_255_10_10/RAMS64E_C/CLK
Low Pulse Width   Slow    RAMS64E/CLK        n/a            0.768         4.000       3.232      SLICE_X98Y191   student_top_inst/bridge_inst/dram_driver_inst/Mem_DRAM/U0/synth_options.dist_mem_inst/gen_sp_ram.spram_inst/ram_reg_0_255_10_10/RAMS64E_D/CLK
Low Pulse Width   Fast    RAMS64E/CLK        n/a            0.768         4.000       3.232      SLICE_X98Y191   student_top_inst/bridge_inst/dram_driver_inst/Mem_DRAM/U0/synth_options.dist_mem_inst/gen_sp_ram.spram_inst/ram_reg_0_255_10_10/RAMS64E_D/CLK
Low Pulse Width   Slow    RAMS64E/CLK        n/a            0.768         4.000       3.232      SLICE_X122Y166  student_top_inst/bridge_inst/dram_driver_inst/Mem_DRAM/U0/synth_options.dist_mem_inst/gen_sp_ram.spram_inst/ram_reg_0_255_11_11/RAMS64E_A/CLK
Low Pulse Width   Fast    RAMS64E/CLK        n/a            0.768         4.000       3.232      SLICE_X122Y166  student_top_inst/bridge_inst/dram_driver_inst/Mem_DRAM/U0/synth_options.dist_mem_inst/gen_sp_ram.spram_inst/ram_reg_0_255_11_11/RAMS64E_A/CLK
Low Pulse Width   Slow    RAMS64E/CLK        n/a            0.768         4.000       3.232      SLICE_X122Y166  student_top_inst/bridge_inst/dram_driver_inst/Mem_DRAM/U0/synth_options.dist_mem_inst/gen_sp_ram.spram_inst/ram_reg_0_255_11_11/RAMS64E_B/CLK
Low Pulse Width   Fast    RAMS64E/CLK        n/a            0.768         4.000       3.232      SLICE_X122Y166  student_top_inst/bridge_inst/dram_driver_inst/Mem_DRAM/U0/synth_options.dist_mem_inst/gen_sp_ram.spram_inst/ram_reg_0_255_11_11/RAMS64E_B/CLK
High Pulse Width  Slow    RAMS64E/CLK        n/a            0.768         4.000       3.232      SLICE_X94Y125   student_top_inst/bridge_inst/dram_driver_inst/Mem_DRAM/U0/synth_options.dist_mem_inst/gen_sp_ram.spram_inst/ram_reg_0_255_0_0/RAMS64E_A/CLK
High Pulse Width  Fast    RAMS64E/CLK        n/a            0.768         4.000       3.232      SLICE_X94Y125   student_top_inst/bridge_inst/dram_driver_inst/Mem_DRAM/U0/synth_options.dist_mem_inst/gen_sp_ram.spram_inst/ram_reg_0_255_0_0/RAMS64E_A/CLK
High Pulse Width  Slow    RAMS64E/CLK        n/a            0.768         4.000       3.232      SLICE_X94Y125   student_top_inst/bridge_inst/dram_driver_inst/Mem_DRAM/U0/synth_options.dist_mem_inst/gen_sp_ram.spram_inst/ram_reg_0_255_0_0/RAMS64E_B/CLK
High Pulse Width  Fast    RAMS64E/CLK        n/a            0.768         4.000       3.232      SLICE_X94Y125   student_top_inst/bridge_inst/dram_driver_inst/Mem_DRAM/U0/synth_options.dist_mem_inst/gen_sp_ram.spram_inst/ram_reg_0_255_0_0/RAMS64E_B/CLK
High Pulse Width  Slow    RAMS64E/CLK        n/a            0.768         4.000       3.232      SLICE_X94Y125   student_top_inst/bridge_inst/dram_driver_inst/Mem_DRAM/U0/synth_options.dist_mem_inst/gen_sp_ram.spram_inst/ram_reg_0_255_0_0/RAMS64E_C/CLK
High Pulse Width  Fast    RAMS64E/CLK        n/a            0.768         4.000       3.232      SLICE_X94Y125   student_top_inst/bridge_inst/dram_driver_inst/Mem_DRAM/U0/synth_options.dist_mem_inst/gen_sp_ram.spram_inst/ram_reg_0_255_0_0/RAMS64E_C/CLK
High Pulse Width  Slow    RAMS64E/CLK        n/a            0.768         4.000       3.232      SLICE_X94Y125   student_top_inst/bridge_inst/dram_driver_inst/Mem_DRAM/U0/synth_options.dist_mem_inst/gen_sp_ram.spram_inst/ram_reg_0_255_0_0/RAMS64E_D/CLK
High Pulse Width  Fast    RAMS64E/CLK        n/a            0.768         4.000       3.232      SLICE_X94Y125   student_top_inst/bridge_inst/dram_driver_inst/Mem_DRAM/U0/synth_options.dist_mem_inst/gen_sp_ram.spram_inst/ram_reg_0_255_0_0/RAMS64E_D/CLK
High Pulse Width  Slow    RAMS64E/CLK        n/a            0.768         4.000       3.232      SLICE_X98Y191   student_top_inst/bridge_inst/dram_driver_inst/Mem_DRAM/U0/synth_options.dist_mem_inst/gen_sp_ram.spram_inst/ram_reg_0_255_10_10/RAMS64E_A/CLK
High Pulse Width  Fast    RAMS64E/CLK        n/a            0.768         4.000       3.232      SLICE_X98Y191   student_top_inst/bridge_inst/dram_driver_inst/Mem_DRAM/U0/synth_options.dist_mem_inst/gen_sp_ram.spram_inst/ram_reg_0_255_10_10/RAMS64E_A/CLK
High Pulse Width  Slow    RAMS64E/CLK        n/a            0.768         4.000       3.232      SLICE_X98Y191   student_top_inst/bridge_inst/dram_driver_inst/Mem_DRAM/U0/synth_options.dist_mem_inst/gen_sp_ram.spram_inst/ram_reg_0_255_10_10/RAMS64E_B/CLK
High Pulse Width  Fast    RAMS64E/CLK        n/a            0.768         4.000       3.232      SLICE_X98Y191   student_top_inst/bridge_inst/dram_driver_inst/Mem_DRAM/U0/synth_options.dist_mem_inst/gen_sp_ram.spram_inst/ram_reg_0_255_10_10/RAMS64E_B/CLK
High Pulse Width  Slow    RAMS64E/CLK        n/a            0.768         4.000       3.232      SLICE_X98Y191   student_top_inst/bridge_inst/dram_driver_inst/Mem_DRAM/U0/synth_options.dist_mem_inst/gen_sp_ram.spram_inst/ram_reg_0_255_10_10/RAMS64E_C/CLK
High Pulse Width  Fast    RAMS64E/CLK        n/a            0.768         4.000       3.232      SLICE_X98Y191   student_top_inst/bridge_inst/dram_driver_inst/Mem_DRAM/U0/synth_options.dist_mem_inst/gen_sp_ram.spram_inst/ram_reg_0_255_10_10/RAMS64E_C/CLK
High Pulse Width  Slow    RAMS64E/CLK        n/a            0.768         4.000       3.232      SLICE_X98Y191   student_top_inst/bridge_inst/dram_driver_inst/Mem_DRAM/U0/synth_options.dist_mem_inst/gen_sp_ram.spram_inst/ram_reg_0_255_10_10/RAMS64E_D/CLK
High Pulse Width  Fast    RAMS64E/CLK        n/a            0.768         4.000       3.232      SLICE_X98Y191   student_top_inst/bridge_inst/dram_driver_inst/Mem_DRAM/U0/synth_options.dist_mem_inst/gen_sp_ram.spram_inst/ram_reg_0_255_10_10/RAMS64E_D/CLK
High Pulse Width  Slow    RAMS64E/CLK        n/a            0.768         4.000       3.232      SLICE_X122Y166  student_top_inst/bridge_inst/dram_driver_inst/Mem_DRAM/U0/synth_options.dist_mem_inst/gen_sp_ram.spram_inst/ram_reg_0_255_11_11/RAMS64E_A/CLK
High Pulse Width  Fast    RAMS64E/CLK        n/a            0.768         4.000       3.232      SLICE_X122Y166  student_top_inst/bridge_inst/dram_driver_inst/Mem_DRAM/U0/synth_options.dist_mem_inst/gen_sp_ram.spram_inst/ram_reg_0_255_11_11/RAMS64E_A/CLK
High Pulse Width  Slow    RAMS64E/CLK        n/a            0.768         4.000       3.232      SLICE_X122Y166  student_top_inst/bridge_inst/dram_driver_inst/Mem_DRAM/U0/synth_options.dist_mem_inst/gen_sp_ram.spram_inst/ram_reg_0_255_11_11/RAMS64E_B/CLK
High Pulse Width  Fast    RAMS64E/CLK        n/a            0.768         4.000       3.232      SLICE_X122Y166  student_top_inst/bridge_inst/dram_driver_inst/Mem_DRAM/U0/synth_options.dist_mem_inst/gen_sp_ram.spram_inst/ram_reg_0_255_11_11/RAMS64E_B/CLK



---------------------------------------------------------------------------------------------------
From Clock:  clkfbout_pll
  To Clock:  clkfbout_pll

Setup :           NA  Failing Endpoints,  Worst Slack           NA  ,  Total Violation           NA
Hold  :           NA  Failing Endpoints,  Worst Slack           NA  ,  Total Violation           NA
PW    :            0  Failing Endpoints,  Worst Slack        3.592ns,  Total Violation        0.000ns
---------------------------------------------------------------------------------------------------


Pulse Width Checks
--------------------------------------------------------------------------------------
Clock Name:         clkfbout_pll
Waveform(ns):       { 0.000 2.500 }
Period(ns):         5.000
Sources:            { pll_inst/inst/plle2_adv_inst/CLKFBOUT }

Check Type  Corner  Lib Pin             Reference Pin  Required(ns)  Actual(ns)  Slack(ns)  Location        Pin
Min Period  n/a     BUFG/I              n/a            1.408         5.000       3.591      BUFGCTRL_X0Y2   pll_inst/inst/clkf_buf/I
Min Period  n/a     PLLE2_ADV/CLKFBOUT  n/a            1.071         5.000       3.929      PLLE2_ADV_X1Y1  pll_inst/inst/plle2_adv_inst/CLKFBOUT
Min Period  n/a     PLLE2_ADV/CLKFBIN   n/a            1.071         5.000       3.929      PLLE2_ADV_X1Y1  pll_inst/inst/plle2_adv_inst/CLKFBIN
Max Period  n/a     PLLE2_ADV/CLKFBIN   n/a            52.633        5.000       47.633     PLLE2_ADV_X1Y1  pll_inst/inst/plle2_adv_inst/CLKFBIN
Max Period  n/a     PLLE2_ADV/CLKFBOUT  n/a            160.000       5.000       155.000    PLLE2_ADV_X1Y1  pll_inst/inst/plle2_adv_inst/CLKFBOUT



---------------------------------------------------------------------------------------------------
From Clock:  clk_out2_pll
  To Clock:  clk_out1_pll

Setup :           NA  Failing Endpoints,  Worst Slack           NA  ,  Total Violation           NA
Hold  :            0  Failing Endpoints,  Worst Slack        0.077ns,  Total Violation        0.000ns
---------------------------------------------------------------------------------------------------


Min Delay Paths
--------------------------------------------------------------------------------------
Slack (MET) :             0.077ns  (arrival time - required time)
  Source:                 student_top_inst/bridge_inst/seg_wdata_reg[12]/C
                            (rising edge-triggered cell FDRE clocked by clk_out2_pll  {rise@0.000ns fall@4.000ns period=8.000ns})
  Destination:            twin_controller_inst/status_buffer_reg[1][3]/D
                            (rising edge-triggered cell FDCE clocked by clk_out1_pll  {rise@0.000ns fall@10.000ns period=20.000ns})
  Path Group:             clk_out1_pll
  Path Type:              Hold (Min at Fast Process Corner)
  Requirement:            0.000ns  (clk_out1_pll rise@0.000ns - clk_out2_pll rise@0.000ns)
  Data Path Delay:        0.610ns  (logic 0.128ns (20.977%)  route 0.482ns (79.023%))
  Logic Levels:           1  (LUT6=1)
  Clock Path Skew:        0.280ns (DCD - SCD - CPR)
    Destination Clock Delay (DCD):    -0.679ns
    Source Clock Delay      (SCD):    -0.476ns
    Clock Pessimism Removal (CPR):    -0.484ns
  Clock Uncertainty:      0.194ns  ((TSJ^2 + DJ^2)^1/2) / 2 + PE
    Total System Jitter     (TSJ):    0.071ns
    Discrete Jitter          (DJ):    0.129ns
    Phase Error              (PE):    0.120ns

    Location             Delay type                Incr(ns)  Path(ns)    Netlist Resource(s)
  -------------------------------------------------------------------    -------------------
                         (clock clk_out2_pll rise edge)
                                                      0.000     0.000 r  
    AD12                                              0.000     0.000 r  i_sys_clk_p (IN)
                         net (fo=0)                   0.000     0.000    pll_inst/inst/clk_in1_p
    AD12                                                              r  pll_inst/inst/clkin1_ibufgds/I
    AD12                 IBUFDS (Prop_ibufds_I_O)     0.388     0.388 r  pll_inst/inst/clkin1_ibufgds/O
                         net (fo=1, routed)           0.503     0.891    pll_inst/inst/clk_in1_pll
    PLLE2_ADV_X1Y1                                                    r  pll_inst/inst/plle2_adv_inst/CLKIN1
    PLLE2_ADV_X1Y1       PLLE2_ADV (Prop_plle2_adv_CLKIN1_CLKOUT1)
                                                     -2.908    -2.017 r  pll_inst/inst/plle2_adv_inst/CLKOUT1
                         net (fo=1, routed)           0.958    -1.059    pll_inst/inst/clk_out2_pll
    BUFGCTRL_X0Y0                                                     r  pll_inst/inst/clkout2_buf/I
    BUFGCTRL_X0Y0        BUFG (Prop_bufg_I_O)         0.026    -1.033 r  pll_inst/inst/clkout2_buf/O
                         net (fo=34657, routed)       0.557    -0.476    student_top_inst/bridge_inst/clk_out2
    SLICE_X36Y229        FDRE                                         r  student_top_inst/bridge_inst/seg_wdata_reg[12]/C
  -------------------------------------------------------------------    -------------------
    SLICE_X36Y229        FDRE (Prop_fdre_C_Q)         0.100    -0.376 r  student_top_inst/bridge_inst/seg_wdata_reg[12]/Q
                         net (fo=8, routed)           0.482     0.107    student_top_inst/bridge_inst/seg_driver/status_buffer_reg[2][0]_0
    SLICE_X30Y228                                                     r  student_top_inst/bridge_inst/seg_driver/virtual_seg_OBUF[11]_inst_i_1/I3
    SLICE_X30Y228        LUT6 (Prop_lut6_I3_O)        0.028     0.135 r  student_top_inst/bridge_inst/seg_driver/virtual_seg_OBUF[11]_inst_i_1/O
                         net (fo=2, routed)           0.000     0.135    twin_controller_inst/virtual_seg_OBUF[10]
    SLICE_X30Y228        FDCE                                         r  twin_controller_inst/status_buffer_reg[1][3]/D
  -------------------------------------------------------------------    -------------------

                         (clock clk_out1_pll rise edge)
                                                      0.000     0.000 r  
    AD12                                              0.000     0.000 r  i_sys_clk_p (IN)
                         net (fo=0)                   0.000     0.000    pll_inst/inst/clk_in1_p
    AD12                                                              r  pll_inst/inst/clkin1_ibufgds/I
    AD12                 IBUFDS (Prop_ibufds_I_O)     0.470     0.470 r  pll_inst/inst/clkin1_ibufgds/O
                         net (fo=1, routed)           0.554     1.024    pll_inst/inst/clk_in1_pll
    PLLE2_ADV_X1Y1                                                    r  pll_inst/inst/plle2_adv_inst/CLKIN1
    PLLE2_ADV_X1Y1       PLLE2_ADV (Prop_plle2_adv_CLKIN1_CLKOUT0)
                                                     -3.524    -2.500 r  pll_inst/inst/plle2_adv_inst/CLKOUT0
                         net (fo=1, routed)           1.027    -1.473    pll_inst/inst/clk_out1_pll
    BUFGCTRL_X0Y1                                                     r  pll_inst/inst/clkout1_buf/I
    BUFGCTRL_X0Y1        BUFG (Prop_bufg_I_O)         0.030    -1.443 r  pll_inst/inst/clkout1_buf/O
                         net (fo=353, routed)         0.764    -0.679    twin_controller_inst/CLK
    SLICE_X30Y228        FDCE                                         r  twin_controller_inst/status_buffer_reg[1][3]/C
                         clock pessimism              0.484    -0.196    
                         clock uncertainty            0.194    -0.002    
    SLICE_X30Y228        FDCE (Hold_fdce_C_D)         0.060     0.058    twin_controller_inst/status_buffer_reg[1][3]
  -------------------------------------------------------------------
                         required time                         -0.058    
                         arrival time                           0.135    
  -------------------------------------------------------------------
                         slack                                  0.077    

Slack (MET) :             0.089ns  (arrival time - required time)
  Source:                 student_top_inst/bridge_inst/seg_wdata_reg[29]/C
                            (rising edge-triggered cell FDRE clocked by clk_out2_pll  {rise@0.000ns fall@4.000ns period=8.000ns})
  Destination:            twin_controller_inst/status_buffer_reg[3][7]/D
                            (rising edge-triggered cell FDCE clocked by clk_out1_pll  {rise@0.000ns fall@10.000ns period=20.000ns})
  Path Group:             clk_out1_pll
  Path Type:              Hold (Min at Fast Process Corner)
  Requirement:            0.000ns  (clk_out1_pll rise@0.000ns - clk_out2_pll rise@0.000ns)
  Data Path Delay:        0.622ns  (logic 0.157ns (25.247%)  route 0.465ns (74.753%))
  Logic Levels:           1  (LUT6=1)
  Clock Path Skew:        0.279ns (DCD - SCD - CPR)
    Destination Clock Delay (DCD):    -0.676ns
    Source Clock Delay      (SCD):    -0.472ns
    Clock Pessimism Removal (CPR):    -0.484ns
  Clock Uncertainty:      0.194ns  ((TSJ^2 + DJ^2)^1/2) / 2 + PE
    Total System Jitter     (TSJ):    0.071ns
    Discrete Jitter          (DJ):    0.129ns
    Phase Error              (PE):    0.120ns

    Location             Delay type                Incr(ns)  Path(ns)    Netlist Resource(s)
  -------------------------------------------------------------------    -------------------
                         (clock clk_out2_pll rise edge)
                                                      0.000     0.000 r  
    AD12                                              0.000     0.000 r  i_sys_clk_p (IN)
                         net (fo=0)                   0.000     0.000    pll_inst/inst/clk_in1_p
    AD12                                                              r  pll_inst/inst/clkin1_ibufgds/I
    AD12                 IBUFDS (Prop_ibufds_I_O)     0.388     0.388 r  pll_inst/inst/clkin1_ibufgds/O
                         net (fo=1, routed)           0.503     0.891    pll_inst/inst/clk_in1_pll
    PLLE2_ADV_X1Y1                                                    r  pll_inst/inst/plle2_adv_inst/CLKIN1
    PLLE2_ADV_X1Y1       PLLE2_ADV (Prop_plle2_adv_CLKIN1_CLKOUT1)
                                                     -2.908    -2.017 r  pll_inst/inst/plle2_adv_inst/CLKOUT1
                         net (fo=1, routed)           0.958    -1.059    pll_inst/inst/clk_out2_pll
    BUFGCTRL_X0Y0                                                     r  pll_inst/inst/clkout2_buf/I
    BUFGCTRL_X0Y0        BUFG (Prop_bufg_I_O)         0.026    -1.033 r  pll_inst/inst/clkout2_buf/O
                         net (fo=34657, routed)       0.561    -0.472    student_top_inst/bridge_inst/clk_out2
    SLICE_X32Y230        FDRE                                         r  student_top_inst/bridge_inst/seg_wdata_reg[29]/C
  -------------------------------------------------------------------    -------------------
    SLICE_X32Y230        FDRE (Prop_fdre_C_Q)         0.091    -0.381 r  student_top_inst/bridge_inst/seg_wdata_reg[29]/Q
                         net (fo=8, routed)           0.465     0.084    student_top_inst/bridge_inst/seg_driver/status_buffer_reg[4][4]
    SLICE_X30Y218                                                     r  student_top_inst/bridge_inst/seg_driver/virtual_seg_OBUF[31]_inst_i_1/I4
    SLICE_X30Y218        LUT6 (Prop_lut6_I4_O)        0.066     0.150 r  student_top_inst/bridge_inst/seg_driver/virtual_seg_OBUF[31]_inst_i_1/O
                         net (fo=2, routed)           0.000     0.150    twin_controller_inst/virtual_seg_OBUF[24]
    SLICE_X30Y218        FDCE                                         r  twin_controller_inst/status_buffer_reg[3][7]/D
  -------------------------------------------------------------------    -------------------

                         (clock clk_out1_pll rise edge)
                                                      0.000     0.000 r  
    AD12                                              0.000     0.000 r  i_sys_clk_p (IN)
                         net (fo=0)                   0.000     0.000    pll_inst/inst/clk_in1_p
    AD12                                                              r  pll_inst/inst/clkin1_ibufgds/I
    AD12                 IBUFDS (Prop_ibufds_I_O)     0.470     0.470 r  pll_inst/inst/clkin1_ibufgds/O
                         net (fo=1, routed)           0.554     1.024    pll_inst/inst/clk_in1_pll
    PLLE2_ADV_X1Y1                                                    r  pll_inst/inst/plle2_adv_inst/CLKIN1
    PLLE2_ADV_X1Y1       PLLE2_ADV (Prop_plle2_adv_CLKIN1_CLKOUT0)
                                                     -3.524    -2.500 r  pll_inst/inst/plle2_adv_inst/CLKOUT0
                         net (fo=1, routed)           1.027    -1.473    pll_inst/inst/clk_out1_pll
    BUFGCTRL_X0Y1                                                     r  pll_inst/inst/clkout1_buf/I
    BUFGCTRL_X0Y1        BUFG (Prop_bufg_I_O)         0.030    -1.443 r  pll_inst/inst/clkout1_buf/O
                         net (fo=353, routed)         0.767    -0.676    twin_controller_inst/CLK
    SLICE_X30Y218        FDCE                                         r  twin_controller_inst/status_buffer_reg[3][7]/C
                         clock pessimism              0.484    -0.193    
                         clock uncertainty            0.194     0.001    
    SLICE_X30Y218        FDCE (Hold_fdce_C_D)         0.060     0.061    twin_controller_inst/status_buffer_reg[3][7]
  -------------------------------------------------------------------
                         required time                         -0.061    
                         arrival time                           0.150    
  -------------------------------------------------------------------
                         slack                                  0.089    

Slack (MET) :             0.090ns  (arrival time - required time)
  Source:                 student_top_inst/bridge_inst/seg_wdata_reg[20]/C
                            (rising edge-triggered cell FDRE clocked by clk_out2_pll  {rise@0.000ns fall@4.000ns period=8.000ns})
  Destination:            twin_controller_inst/status_buffer_reg[2][4]/D
                            (rising edge-triggered cell FDCE clocked by clk_out1_pll  {rise@0.000ns fall@10.000ns period=20.000ns})
  Path Group:             clk_out1_pll
  Path Type:              Hold (Min at Fast Process Corner)
  Requirement:            0.000ns  (clk_out1_pll rise@0.000ns - clk_out2_pll rise@0.000ns)
  Data Path Delay:        0.620ns  (logic 0.128ns (20.650%)  route 0.492ns (79.350%))
  Logic Levels:           1  (LUT6=1)
  Clock Path Skew:        0.276ns (DCD - SCD - CPR)
    Destination Clock Delay (DCD):    -0.675ns
    Source Clock Delay      (SCD):    -0.468ns
    Clock Pessimism Removal (CPR):    -0.484ns
  Clock Uncertainty:      0.194ns  ((TSJ^2 + DJ^2)^1/2) / 2 + PE
    Total System Jitter     (TSJ):    0.071ns
    Discrete Jitter          (DJ):    0.129ns
    Phase Error              (PE):    0.120ns

    Location             Delay type                Incr(ns)  Path(ns)    Netlist Resource(s)
  -------------------------------------------------------------------    -------------------
                         (clock clk_out2_pll rise edge)
                                                      0.000     0.000 r  
    AD12                                              0.000     0.000 r  i_sys_clk_p (IN)
                         net (fo=0)                   0.000     0.000    pll_inst/inst/clk_in1_p
    AD12                                                              r  pll_inst/inst/clkin1_ibufgds/I
    AD12                 IBUFDS (Prop_ibufds_I_O)     0.388     0.388 r  pll_inst/inst/clkin1_ibufgds/O
                         net (fo=1, routed)           0.503     0.891    pll_inst/inst/clk_in1_pll
    PLLE2_ADV_X1Y1                                                    r  pll_inst/inst/plle2_adv_inst/CLKIN1
    PLLE2_ADV_X1Y1       PLLE2_ADV (Prop_plle2_adv_CLKIN1_CLKOUT1)
                                                     -2.908    -2.017 r  pll_inst/inst/plle2_adv_inst/CLKOUT1
                         net (fo=1, routed)           0.958    -1.059    pll_inst/inst/clk_out2_pll
    BUFGCTRL_X0Y0                                                     r  pll_inst/inst/clkout2_buf/I
    BUFGCTRL_X0Y0        BUFG (Prop_bufg_I_O)         0.026    -1.033 r  pll_inst/inst/clkout2_buf/O
                         net (fo=34657, routed)       0.565    -0.468    student_top_inst/bridge_inst/clk_out2
    SLICE_X35Y235        FDRE                                         r  student_top_inst/bridge_inst/seg_wdata_reg[20]/C
  -------------------------------------------------------------------    -------------------
    SLICE_X35Y235        FDRE (Prop_fdre_C_Q)         0.100    -0.368 r  student_top_inst/bridge_inst/seg_wdata_reg[20]/Q
                         net (fo=8, routed)           0.492     0.124    student_top_inst/bridge_inst/seg_driver/status_buffer_reg[3][2]_0
    SLICE_X31Y217                                                     r  student_top_inst/bridge_inst/seg_driver/virtual_seg_OBUF[20]_inst_i_1/I3
    SLICE_X31Y217        LUT6 (Prop_lut6_I3_O)        0.028     0.152 r  student_top_inst/bridge_inst/seg_driver/virtual_seg_OBUF[20]_inst_i_1/O
                         net (fo=2, routed)           0.000     0.152    twin_controller_inst/virtual_seg_OBUF[16]
    SLICE_X31Y217        FDCE                                         r  twin_controller_inst/status_buffer_reg[2][4]/D
  -------------------------------------------------------------------    -------------------

                         (clock clk_out1_pll rise edge)
                                                      0.000     0.000 r  
    AD12                                              0.000     0.000 r  i_sys_clk_p (IN)
                         net (fo=0)                   0.000     0.000    pll_inst/inst/clk_in1_p
    AD12                                                              r  pll_inst/inst/clkin1_ibufgds/I
    AD12                 IBUFDS (Prop_ibufds_I_O)     0.470     0.470 r  pll_inst/inst/clkin1_ibufgds/O
                         net (fo=1, routed)           0.554     1.024    pll_inst/inst/clk_in1_pll
    PLLE2_ADV_X1Y1                                                    r  pll_inst/inst/plle2_adv_inst/CLKIN1
    PLLE2_ADV_X1Y1       PLLE2_ADV (Prop_plle2_adv_CLKIN1_CLKOUT0)
                                                     -3.524    -2.500 r  pll_inst/inst/plle2_adv_inst/CLKOUT0
                         net (fo=1, routed)           1.027    -1.473    pll_inst/inst/clk_out1_pll
    BUFGCTRL_X0Y1                                                     r  pll_inst/inst/clkout1_buf/I
    BUFGCTRL_X0Y1        BUFG (Prop_bufg_I_O)         0.030    -1.443 r  pll_inst/inst/clkout1_buf/O
                         net (fo=353, routed)         0.768    -0.675    twin_controller_inst/CLK
    SLICE_X31Y217        FDCE                                         r  twin_controller_inst/status_buffer_reg[2][4]/C
                         clock pessimism              0.484    -0.192    
                         clock uncertainty            0.194     0.002    
    SLICE_X31Y217        FDCE (Hold_fdce_C_D)         0.060     0.062    twin_controller_inst/status_buffer_reg[2][4]
  -------------------------------------------------------------------
                         required time                         -0.062    
                         arrival time                           0.152    
  -------------------------------------------------------------------
                         slack                                  0.090    

Slack (MET) :             0.092ns  (arrival time - required time)
  Source:                 student_top_inst/bridge_inst/seg_wdata_reg[19]/C
                            (rising edge-triggered cell FDRE clocked by clk_out2_pll  {rise@0.000ns fall@4.000ns period=8.000ns})
  Destination:            twin_controller_inst/status_buffer_reg[3][1]/D
                            (rising edge-triggered cell FDCE clocked by clk_out1_pll  {rise@0.000ns fall@10.000ns period=20.000ns})
  Path Group:             clk_out1_pll
  Path Type:              Hold (Min at Fast Process Corner)
  Requirement:            0.000ns  (clk_out1_pll rise@0.000ns - clk_out2_pll rise@0.000ns)
  Data Path Delay:        0.625ns  (logic 0.156ns (24.945%)  route 0.469ns (75.055%))
  Logic Levels:           2  (LUT3=1 LUT6=1)
  Clock Path Skew:        0.280ns (DCD - SCD - CPR)
    Destination Clock Delay (DCD):    -0.675ns
    Source Clock Delay      (SCD):    -0.472ns
    Clock Pessimism Removal (CPR):    -0.484ns
  Clock Uncertainty:      0.194ns  ((TSJ^2 + DJ^2)^1/2) / 2 + PE
    Total System Jitter     (TSJ):    0.071ns
    Discrete Jitter          (DJ):    0.129ns
    Phase Error              (PE):    0.120ns

    Location             Delay type                Incr(ns)  Path(ns)    Netlist Resource(s)
  -------------------------------------------------------------------    -------------------
                         (clock clk_out2_pll rise edge)
                                                      0.000     0.000 r  
    AD12                                              0.000     0.000 r  i_sys_clk_p (IN)
                         net (fo=0)                   0.000     0.000    pll_inst/inst/clk_in1_p
    AD12                                                              r  pll_inst/inst/clkin1_ibufgds/I
    AD12                 IBUFDS (Prop_ibufds_I_O)     0.388     0.388 r  pll_inst/inst/clkin1_ibufgds/O
                         net (fo=1, routed)           0.503     0.891    pll_inst/inst/clk_in1_pll
    PLLE2_ADV_X1Y1                                                    r  pll_inst/inst/plle2_adv_inst/CLKIN1
    PLLE2_ADV_X1Y1       PLLE2_ADV (Prop_plle2_adv_CLKIN1_CLKOUT1)
                                                     -2.908    -2.017 r  pll_inst/inst/plle2_adv_inst/CLKOUT1
                         net (fo=1, routed)           0.958    -1.059    pll_inst/inst/clk_out2_pll
    BUFGCTRL_X0Y0                                                     r  pll_inst/inst/clkout2_buf/I
    BUFGCTRL_X0Y0        BUFG (Prop_bufg_I_O)         0.026    -1.033 r  pll_inst/inst/clkout2_buf/O
                         net (fo=34657, routed)       0.561    -0.472    student_top_inst/bridge_inst/clk_out2
    SLICE_X34Y230        FDRE                                         r  student_top_inst/bridge_inst/seg_wdata_reg[19]/C
  -------------------------------------------------------------------    -------------------
    SLICE_X34Y230        FDRE (Prop_fdre_C_Q)         0.100    -0.372 r  student_top_inst/bridge_inst/seg_wdata_reg[19]/Q
                         net (fo=2, routed)           0.210    -0.162    student_top_inst/bridge_inst/seg_driver/status_buffer_reg[3][2]_5
    SLICE_X34Y228                                                     r  student_top_inst/bridge_inst/seg_driver/virtual_seg_OBUF[26]_inst_i_2/I0
    SLICE_X34Y228        LUT3 (Prop_lut3_I0_O)        0.028    -0.134 r  student_top_inst/bridge_inst/seg_driver/virtual_seg_OBUF[26]_inst_i_2/O
                         net (fo=7, routed)           0.260     0.126    student_top_inst/bridge_inst/seg_driver/virtual_seg_OBUF[26]_inst_i_2_n_0
    SLICE_X31Y217                                                     r  student_top_inst/bridge_inst/seg_driver/virtual_seg_OBUF[25]_inst_i_1/I4
    SLICE_X31Y217        LUT6 (Prop_lut6_I4_O)        0.028     0.154 r  student_top_inst/bridge_inst/seg_driver/virtual_seg_OBUF[25]_inst_i_1/O
                         net (fo=2, routed)           0.000     0.154    twin_controller_inst/virtual_seg_OBUF[21]
    SLICE_X31Y217        FDCE                                         r  twin_controller_inst/status_buffer_reg[3][1]/D
  -------------------------------------------------------------------    -------------------

                         (clock clk_out1_pll rise edge)
                                                      0.000     0.000 r  
    AD12                                              0.000     0.000 r  i_sys_clk_p (IN)
                         net (fo=0)                   0.000     0.000    pll_inst/inst/clk_in1_p
    AD12                                                              r  pll_inst/inst/clkin1_ibufgds/I
    AD12                 IBUFDS (Prop_ibufds_I_O)     0.470     0.470 r  pll_inst/inst/clkin1_ibufgds/O
                         net (fo=1, routed)           0.554     1.024    pll_inst/inst/clk_in1_pll
    PLLE2_ADV_X1Y1                                                    r  pll_inst/inst/plle2_adv_inst/CLKIN1
    PLLE2_ADV_X1Y1       PLLE2_ADV (Prop_plle2_adv_CLKIN1_CLKOUT0)
                                                     -3.524    -2.500 r  pll_inst/inst/plle2_adv_inst/CLKOUT0
                         net (fo=1, routed)           1.027    -1.473    pll_inst/inst/clk_out1_pll
    BUFGCTRL_X0Y1                                                     r  pll_inst/inst/clkout1_buf/I
    BUFGCTRL_X0Y1        BUFG (Prop_bufg_I_O)         0.030    -1.443 r  pll_inst/inst/clkout1_buf/O
                         net (fo=353, routed)         0.768    -0.675    twin_controller_inst/CLK
    SLICE_X31Y217        FDCE                                         r  twin_controller_inst/status_buffer_reg[3][1]/C
                         clock pessimism              0.484    -0.192    
                         clock uncertainty            0.194     0.002    
    SLICE_X31Y217        FDCE (Hold_fdce_C_D)         0.060     0.062    twin_controller_inst/status_buffer_reg[3][1]
  -------------------------------------------------------------------
                         required time                         -0.062    
                         arrival time                           0.154    
  -------------------------------------------------------------------
                         slack                                  0.092    

Slack (MET) :             0.098ns  (arrival time - required time)
  Source:                 student_top_inst/bridge_inst/LED_reg[0]/C
                            (rising edge-triggered cell FDRE clocked by clk_out2_pll  {rise@0.000ns fall@4.000ns period=8.000ns})
  Destination:            twin_controller_inst/status_buffer_reg[14][0]/D
                            (rising edge-triggered cell FDCE clocked by clk_out1_pll  {rise@0.000ns fall@10.000ns period=20.000ns})
  Path Group:             clk_out1_pll
  Path Type:              Hold (Min at Fast Process Corner)
  Requirement:            0.000ns  (clk_out1_pll rise@0.000ns - clk_out2_pll rise@0.000ns)
  Data Path Delay:        0.607ns  (logic 0.100ns (16.475%)  route 0.507ns (83.525%))
  Logic Levels:           0  
  Clock Path Skew:        0.275ns (DCD - SCD - CPR)
    Destination Clock Delay (DCD):    -0.682ns
    Source Clock Delay      (SCD):    -0.474ns
    Clock Pessimism Removal (CPR):    -0.484ns
  Clock Uncertainty:      0.194ns  ((TSJ^2 + DJ^2)^1/2) / 2 + PE
    Total System Jitter     (TSJ):    0.071ns
    Discrete Jitter          (DJ):    0.129ns
    Phase Error              (PE):    0.120ns

    Location             Delay type                Incr(ns)  Path(ns)    Netlist Resource(s)
  -------------------------------------------------------------------    -------------------
                         (clock clk_out2_pll rise edge)
                                                      0.000     0.000 r  
    AD12                                              0.000     0.000 r  i_sys_clk_p (IN)
                         net (fo=0)                   0.000     0.000    pll_inst/inst/clk_in1_p
    AD12                                                              r  pll_inst/inst/clkin1_ibufgds/I
    AD12                 IBUFDS (Prop_ibufds_I_O)     0.388     0.388 r  pll_inst/inst/clkin1_ibufgds/O
                         net (fo=1, routed)           0.503     0.891    pll_inst/inst/clk_in1_pll
    PLLE2_ADV_X1Y1                                                    r  pll_inst/inst/plle2_adv_inst/CLKIN1
    PLLE2_ADV_X1Y1       PLLE2_ADV (Prop_plle2_adv_CLKIN1_CLKOUT1)
                                                     -2.908    -2.017 r  pll_inst/inst/plle2_adv_inst/CLKOUT1
                         net (fo=1, routed)           0.958    -1.059    pll_inst/inst/clk_out2_pll
    BUFGCTRL_X0Y0                                                     r  pll_inst/inst/clkout2_buf/I
    BUFGCTRL_X0Y0        BUFG (Prop_bufg_I_O)         0.026    -1.033 r  pll_inst/inst/clkout2_buf/O
                         net (fo=34657, routed)       0.559    -0.474    student_top_inst/bridge_inst/clk_out2
    SLICE_X24Y224        FDRE                                         r  student_top_inst/bridge_inst/LED_reg[0]/C
  -------------------------------------------------------------------    -------------------
    SLICE_X24Y224        FDRE (Prop_fdre_C_Q)         0.100    -0.374 r  student_top_inst/bridge_inst/LED_reg[0]/Q
                         net (fo=1, routed)           0.507     0.133    twin_controller_inst/virtual_led_OBUF[0]
    SLICE_X27Y224        FDCE                                         r  twin_controller_inst/status_buffer_reg[14][0]/D
  -------------------------------------------------------------------    -------------------

                         (clock clk_out1_pll rise edge)
                                                      0.000     0.000 r  
    AD12                                              0.000     0.000 r  i_sys_clk_p (IN)
                         net (fo=0)                   0.000     0.000    pll_inst/inst/clk_in1_p
    AD12                                                              r  pll_inst/inst/clkin1_ibufgds/I
    AD12                 IBUFDS (Prop_ibufds_I_O)     0.470     0.470 r  pll_inst/inst/clkin1_ibufgds/O
                         net (fo=1, routed)           0.554     1.024    pll_inst/inst/clk_in1_pll
    PLLE2_ADV_X1Y1                                                    r  pll_inst/inst/plle2_adv_inst/CLKIN1
    PLLE2_ADV_X1Y1       PLLE2_ADV (Prop_plle2_adv_CLKIN1_CLKOUT0)
                                                     -3.524    -2.500 r  pll_inst/inst/plle2_adv_inst/CLKOUT0
                         net (fo=1, routed)           1.027    -1.473    pll_inst/inst/clk_out1_pll
    BUFGCTRL_X0Y1                                                     r  pll_inst/inst/clkout1_buf/I
    BUFGCTRL_X0Y1        BUFG (Prop_bufg_I_O)         0.030    -1.443 r  pll_inst/inst/clkout1_buf/O
                         net (fo=353, routed)         0.761    -0.682    twin_controller_inst/CLK
    SLICE_X27Y224        FDCE                                         r  twin_controller_inst/status_buffer_reg[14][0]/C
                         clock pessimism              0.484    -0.199    
                         clock uncertainty            0.194    -0.005    
    SLICE_X27Y224        FDCE (Hold_fdce_C_D)         0.040     0.035    twin_controller_inst/status_buffer_reg[14][0]
  -------------------------------------------------------------------
                         required time                         -0.035    
                         arrival time                           0.133    
  -------------------------------------------------------------------
                         slack                                  0.098    

Slack (MET) :             0.101ns  (arrival time - required time)
  Source:                 student_top_inst/bridge_inst/LED_reg[27]/C
                            (rising edge-triggered cell FDRE clocked by clk_out2_pll  {rise@0.000ns fall@4.000ns period=8.000ns})
  Destination:            twin_controller_inst/status_buffer_reg[17][3]/D
                            (rising edge-triggered cell FDCE clocked by clk_out1_pll  {rise@0.000ns fall@10.000ns period=20.000ns})
  Path Group:             clk_out1_pll
  Path Type:              Hold (Min at Fast Process Corner)
  Requirement:            0.000ns  (clk_out1_pll rise@0.000ns - clk_out2_pll rise@0.000ns)
  Data Path Delay:        0.618ns  (logic 0.100ns (16.171%)  route 0.518ns (83.829%))
  Logic Levels:           0  
  Clock Path Skew:        0.283ns (DCD - SCD - CPR)
    Destination Clock Delay (DCD):    -0.671ns
    Source Clock Delay      (SCD):    -0.471ns
    Clock Pessimism Removal (CPR):    -0.484ns
  Clock Uncertainty:      0.194ns  ((TSJ^2 + DJ^2)^1/2) / 2 + PE
    Total System Jitter     (TSJ):    0.071ns
    Discrete Jitter          (DJ):    0.129ns
    Phase Error              (PE):    0.120ns

    Location             Delay type                Incr(ns)  Path(ns)    Netlist Resource(s)
  -------------------------------------------------------------------    -------------------
                         (clock clk_out2_pll rise edge)
                                                      0.000     0.000 r  
    AD12                                              0.000     0.000 r  i_sys_clk_p (IN)
                         net (fo=0)                   0.000     0.000    pll_inst/inst/clk_in1_p
    AD12                                                              r  pll_inst/inst/clkin1_ibufgds/I
    AD12                 IBUFDS (Prop_ibufds_I_O)     0.388     0.388 r  pll_inst/inst/clkin1_ibufgds/O
                         net (fo=1, routed)           0.503     0.891    pll_inst/inst/clk_in1_pll
    PLLE2_ADV_X1Y1                                                    r  pll_inst/inst/plle2_adv_inst/CLKIN1
    PLLE2_ADV_X1Y1       PLLE2_ADV (Prop_plle2_adv_CLKIN1_CLKOUT1)
                                                     -2.908    -2.017 r  pll_inst/inst/plle2_adv_inst/CLKOUT1
                         net (fo=1, routed)           0.958    -1.059    pll_inst/inst/clk_out2_pll
    BUFGCTRL_X0Y0                                                     r  pll_inst/inst/clkout2_buf/I
    BUFGCTRL_X0Y0        BUFG (Prop_bufg_I_O)         0.026    -1.033 r  pll_inst/inst/clkout2_buf/O
                         net (fo=34657, routed)       0.562    -0.471    student_top_inst/bridge_inst/clk_out2
    SLICE_X36Y235        FDRE                                         r  student_top_inst/bridge_inst/LED_reg[27]/C
  -------------------------------------------------------------------    -------------------
    SLICE_X36Y235        FDRE (Prop_fdre_C_Q)         0.100    -0.371 r  student_top_inst/bridge_inst/LED_reg[27]/Q
                         net (fo=1, routed)           0.518     0.148    twin_controller_inst/virtual_led_OBUF[27]
    SLICE_X34Y238        FDCE                                         r  twin_controller_inst/status_buffer_reg[17][3]/D
  -------------------------------------------------------------------    -------------------

                         (clock clk_out1_pll rise edge)
                                                      0.000     0.000 r  
    AD12                                              0.000     0.000 r  i_sys_clk_p (IN)
                         net (fo=0)                   0.000     0.000    pll_inst/inst/clk_in1_p
    AD12                                                              r  pll_inst/inst/clkin1_ibufgds/I
    AD12                 IBUFDS (Prop_ibufds_I_O)     0.470     0.470 r  pll_inst/inst/clkin1_ibufgds/O
                         net (fo=1, routed)           0.554     1.024    pll_inst/inst/clk_in1_pll
    PLLE2_ADV_X1Y1                                                    r  pll_inst/inst/plle2_adv_inst/CLKIN1
    PLLE2_ADV_X1Y1       PLLE2_ADV (Prop_plle2_adv_CLKIN1_CLKOUT0)
                                                     -3.524    -2.500 r  pll_inst/inst/plle2_adv_inst/CLKOUT0
                         net (fo=1, routed)           1.027    -1.473    pll_inst/inst/clk_out1_pll
    BUFGCTRL_X0Y1                                                     r  pll_inst/inst/clkout1_buf/I
    BUFGCTRL_X0Y1        BUFG (Prop_bufg_I_O)         0.030    -1.443 r  pll_inst/inst/clkout1_buf/O
                         net (fo=353, routed)         0.772    -0.671    twin_controller_inst/CLK
    SLICE_X34Y238        FDCE                                         r  twin_controller_inst/status_buffer_reg[17][3]/C
                         clock pessimism              0.484    -0.188    
                         clock uncertainty            0.194     0.006    
    SLICE_X34Y238        FDCE (Hold_fdce_C_D)         0.041     0.047    twin_controller_inst/status_buffer_reg[17][3]
  -------------------------------------------------------------------
                         required time                         -0.047    
                         arrival time                           0.148    
  -------------------------------------------------------------------
                         slack                                  0.101    

Slack (MET) :             0.101ns  (arrival time - required time)
  Source:                 student_top_inst/bridge_inst/LED_reg[30]/C
                            (rising edge-triggered cell FDRE clocked by clk_out2_pll  {rise@0.000ns fall@4.000ns period=8.000ns})
  Destination:            twin_controller_inst/status_buffer_reg[17][6]/D
                            (rising edge-triggered cell FDCE clocked by clk_out1_pll  {rise@0.000ns fall@10.000ns period=20.000ns})
  Path Group:             clk_out1_pll
  Path Type:              Hold (Min at Fast Process Corner)
  Requirement:            0.000ns  (clk_out1_pll rise@0.000ns - clk_out2_pll rise@0.000ns)
  Data Path Delay:        0.608ns  (logic 0.100ns (16.437%)  route 0.508ns (83.563%))
  Logic Levels:           0  
  Clock Path Skew:        0.276ns (DCD - SCD - CPR)
    Destination Clock Delay (DCD):    -0.673ns
    Source Clock Delay      (SCD):    -0.466ns
    Clock Pessimism Removal (CPR):    -0.484ns
  Clock Uncertainty:      0.194ns  ((TSJ^2 + DJ^2)^1/2) / 2 + PE
    Total System Jitter     (TSJ):    0.071ns
    Discrete Jitter          (DJ):    0.129ns
    Phase Error              (PE):    0.120ns

    Location             Delay type                Incr(ns)  Path(ns)    Netlist Resource(s)
  -------------------------------------------------------------------    -------------------
                         (clock clk_out2_pll rise edge)
                                                      0.000     0.000 r  
    AD12                                              0.000     0.000 r  i_sys_clk_p (IN)
                         net (fo=0)                   0.000     0.000    pll_inst/inst/clk_in1_p
    AD12                                                              r  pll_inst/inst/clkin1_ibufgds/I
    AD12                 IBUFDS (Prop_ibufds_I_O)     0.388     0.388 r  pll_inst/inst/clkin1_ibufgds/O
                         net (fo=1, routed)           0.503     0.891    pll_inst/inst/clk_in1_pll
    PLLE2_ADV_X1Y1                                                    r  pll_inst/inst/plle2_adv_inst/CLKIN1
    PLLE2_ADV_X1Y1       PLLE2_ADV (Prop_plle2_adv_CLKIN1_CLKOUT1)
                                                     -2.908    -2.017 r  pll_inst/inst/plle2_adv_inst/CLKOUT1
                         net (fo=1, routed)           0.958    -1.059    pll_inst/inst/clk_out2_pll
    BUFGCTRL_X0Y0                                                     r  pll_inst/inst/clkout2_buf/I
    BUFGCTRL_X0Y0        BUFG (Prop_bufg_I_O)         0.026    -1.033 r  pll_inst/inst/clkout2_buf/O
                         net (fo=34657, routed)       0.567    -0.466    student_top_inst/bridge_inst/clk_out2
    SLICE_X35Y238        FDRE                                         r  student_top_inst/bridge_inst/LED_reg[30]/C
  -------------------------------------------------------------------    -------------------
    SLICE_X35Y238        FDRE (Prop_fdre_C_Q)         0.100    -0.366 r  student_top_inst/bridge_inst/LED_reg[30]/Q
                         net (fo=1, routed)           0.508     0.143    twin_controller_inst/virtual_led_OBUF[30]
    SLICE_X36Y239        FDCE                                         r  twin_controller_inst/status_buffer_reg[17][6]/D
  -------------------------------------------------------------------    -------------------

                         (clock clk_out1_pll rise edge)
                                                      0.000     0.000 r  
    AD12                                              0.000     0.000 r  i_sys_clk_p (IN)
                         net (fo=0)                   0.000     0.000    pll_inst/inst/clk_in1_p
    AD12                                                              r  pll_inst/inst/clkin1_ibufgds/I
    AD12                 IBUFDS (Prop_ibufds_I_O)     0.470     0.470 r  pll_inst/inst/clkin1_ibufgds/O
                         net (fo=1, routed)           0.554     1.024    pll_inst/inst/clk_in1_pll
    PLLE2_ADV_X1Y1                                                    r  pll_inst/inst/plle2_adv_inst/CLKIN1
    PLLE2_ADV_X1Y1       PLLE2_ADV (Prop_plle2_adv_CLKIN1_CLKOUT0)
                                                     -3.524    -2.500 r  pll_inst/inst/plle2_adv_inst/CLKOUT0
                         net (fo=1, routed)           1.027    -1.473    pll_inst/inst/clk_out1_pll
    BUFGCTRL_X0Y1                                                     r  pll_inst/inst/clkout1_buf/I
    BUFGCTRL_X0Y1        BUFG (Prop_bufg_I_O)         0.030    -1.443 r  pll_inst/inst/clkout1_buf/O
                         net (fo=353, routed)         0.770    -0.673    twin_controller_inst/CLK
    SLICE_X36Y239        FDCE                                         r  twin_controller_inst/status_buffer_reg[17][6]/C
                         clock pessimism              0.484    -0.190    
                         clock uncertainty            0.194     0.004    
    SLICE_X36Y239        FDCE (Hold_fdce_C_D)         0.038     0.042    twin_controller_inst/status_buffer_reg[17][6]
  -------------------------------------------------------------------
                         required time                         -0.042    
                         arrival time                           0.143    
  -------------------------------------------------------------------
                         slack                                  0.101    

Slack (MET) :             0.102ns  (arrival time - required time)
  Source:                 student_top_inst/bridge_inst/seg_wdata_reg[29]/C
                            (rising edge-triggered cell FDRE clocked by clk_out2_pll  {rise@0.000ns fall@4.000ns period=8.000ns})
  Destination:            twin_controller_inst/status_buffer_reg[3][6]/D
                            (rising edge-triggered cell FDCE clocked by clk_out1_pll  {rise@0.000ns fall@10.000ns period=20.000ns})
  Path Group:             clk_out1_pll
  Path Type:              Hold (Min at Fast Process Corner)
  Requirement:            0.000ns  (clk_out1_pll rise@0.000ns - clk_out2_pll rise@0.000ns)
  Data Path Delay:        0.635ns  (logic 0.157ns (24.706%)  route 0.478ns (75.294%))
  Logic Levels:           1  (LUT6=1)
  Clock Path Skew:        0.280ns (DCD - SCD - CPR)
    Destination Clock Delay (DCD):    -0.675ns
    Source Clock Delay      (SCD):    -0.472ns
    Clock Pessimism Removal (CPR):    -0.484ns
  Clock Uncertainty:      0.194ns  ((TSJ^2 + DJ^2)^1/2) / 2 + PE
    Total System Jitter     (TSJ):    0.071ns
    Discrete Jitter          (DJ):    0.129ns
    Phase Error              (PE):    0.120ns

    Location             Delay type                Incr(ns)  Path(ns)    Netlist Resource(s)
  -------------------------------------------------------------------    -------------------
                         (clock clk_out2_pll rise edge)
                                                      0.000     0.000 r  
    AD12                                              0.000     0.000 r  i_sys_clk_p (IN)
                         net (fo=0)                   0.000     0.000    pll_inst/inst/clk_in1_p
    AD12                                                              r  pll_inst/inst/clkin1_ibufgds/I
    AD12                 IBUFDS (Prop_ibufds_I_O)     0.388     0.388 r  pll_inst/inst/clkin1_ibufgds/O
                         net (fo=1, routed)           0.503     0.891    pll_inst/inst/clk_in1_pll
    PLLE2_ADV_X1Y1                                                    r  pll_inst/inst/plle2_adv_inst/CLKIN1
    PLLE2_ADV_X1Y1       PLLE2_ADV (Prop_plle2_adv_CLKIN1_CLKOUT1)
                                                     -2.908    -2.017 r  pll_inst/inst/plle2_adv_inst/CLKOUT1
                         net (fo=1, routed)           0.958    -1.059    pll_inst/inst/clk_out2_pll
    BUFGCTRL_X0Y0                                                     r  pll_inst/inst/clkout2_buf/I
    BUFGCTRL_X0Y0        BUFG (Prop_bufg_I_O)         0.026    -1.033 r  pll_inst/inst/clkout2_buf/O
                         net (fo=34657, routed)       0.561    -0.472    student_top_inst/bridge_inst/clk_out2
    SLICE_X32Y230        FDRE                                         r  student_top_inst/bridge_inst/seg_wdata_reg[29]/C
  -------------------------------------------------------------------    -------------------
    SLICE_X32Y230        FDRE (Prop_fdre_C_Q)         0.091    -0.381 r  student_top_inst/bridge_inst/seg_wdata_reg[29]/Q
                         net (fo=8, routed)           0.478     0.098    student_top_inst/bridge_inst/seg_driver/status_buffer_reg[4][4]
    SLICE_X30Y217                                                     r  student_top_inst/bridge_inst/seg_driver/virtual_seg_OBUF[30]_inst_i_1/I2
    SLICE_X30Y217        LUT6 (Prop_lut6_I2_O)        0.066     0.164 r  student_top_inst/bridge_inst/seg_driver/virtual_seg_OBUF[30]_inst_i_1/O
                         net (fo=2, routed)           0.000     0.164    twin_controller_inst/virtual_seg_OBUF[23]
    SLICE_X30Y217        FDCE                                         r  twin_controller_inst/status_buffer_reg[3][6]/D
  -------------------------------------------------------------------    -------------------

                         (clock clk_out1_pll rise edge)
                                                      0.000     0.000 r  
    AD12                                              0.000     0.000 r  i_sys_clk_p (IN)
                         net (fo=0)                   0.000     0.000    pll_inst/inst/clk_in1_p
    AD12                                                              r  pll_inst/inst/clkin1_ibufgds/I
    AD12                 IBUFDS (Prop_ibufds_I_O)     0.470     0.470 r  pll_inst/inst/clkin1_ibufgds/O
                         net (fo=1, routed)           0.554     1.024    pll_inst/inst/clk_in1_pll
    PLLE2_ADV_X1Y1                                                    r  pll_inst/inst/plle2_adv_inst/CLKIN1
    PLLE2_ADV_X1Y1       PLLE2_ADV (Prop_plle2_adv_CLKIN1_CLKOUT0)
                                                     -3.524    -2.500 r  pll_inst/inst/plle2_adv_inst/CLKOUT0
                         net (fo=1, routed)           1.027    -1.473    pll_inst/inst/clk_out1_pll
    BUFGCTRL_X0Y1                                                     r  pll_inst/inst/clkout1_buf/I
    BUFGCTRL_X0Y1        BUFG (Prop_bufg_I_O)         0.030    -1.443 r  pll_inst/inst/clkout1_buf/O
                         net (fo=353, routed)         0.768    -0.675    twin_controller_inst/CLK
    SLICE_X30Y217        FDCE                                         r  twin_controller_inst/status_buffer_reg[3][6]/C
                         clock pessimism              0.484    -0.192    
                         clock uncertainty            0.194     0.002    
    SLICE_X30Y217        FDCE (Hold_fdce_C_D)         0.060     0.062    twin_controller_inst/status_buffer_reg[3][6]
  -------------------------------------------------------------------
                         required time                         -0.062    
                         arrival time                           0.164    
  -------------------------------------------------------------------
                         slack                                  0.102    

Slack (MET) :             0.104ns  (arrival time - required time)
  Source:                 student_top_inst/bridge_inst/LED_reg[7]/C
                            (rising edge-triggered cell FDRE clocked by clk_out2_pll  {rise@0.000ns fall@4.000ns period=8.000ns})
  Destination:            twin_controller_inst/status_buffer_reg[14][7]/D
                            (rising edge-triggered cell FDCE clocked by clk_out1_pll  {rise@0.000ns fall@10.000ns period=20.000ns})
  Path Group:             clk_out1_pll
  Path Type:              Hold (Min at Fast Process Corner)
  Requirement:            0.000ns  (clk_out1_pll rise@0.000ns - clk_out2_pll rise@0.000ns)
  Data Path Delay:        0.613ns  (logic 0.100ns (16.315%)  route 0.513ns (83.685%))
  Logic Levels:           0  
  Clock Path Skew:        0.277ns (DCD - SCD - CPR)
    Destination Clock Delay (DCD):    -0.684ns
    Source Clock Delay      (SCD):    -0.478ns
    Clock Pessimism Removal (CPR):    -0.484ns
  Clock Uncertainty:      0.194ns  ((TSJ^2 + DJ^2)^1/2) / 2 + PE
    Total System Jitter     (TSJ):    0.071ns
    Discrete Jitter          (DJ):    0.129ns
    Phase Error              (PE):    0.120ns

    Location             Delay type                Incr(ns)  Path(ns)    Netlist Resource(s)
  -------------------------------------------------------------------    -------------------
                         (clock clk_out2_pll rise edge)
                                                      0.000     0.000 r  
    AD12                                              0.000     0.000 r  i_sys_clk_p (IN)
                         net (fo=0)                   0.000     0.000    pll_inst/inst/clk_in1_p
    AD12                                                              r  pll_inst/inst/clkin1_ibufgds/I
    AD12                 IBUFDS (Prop_ibufds_I_O)     0.388     0.388 r  pll_inst/inst/clkin1_ibufgds/O
                         net (fo=1, routed)           0.503     0.891    pll_inst/inst/clk_in1_pll
    PLLE2_ADV_X1Y1                                                    r  pll_inst/inst/plle2_adv_inst/CLKIN1
    PLLE2_ADV_X1Y1       PLLE2_ADV (Prop_plle2_adv_CLKIN1_CLKOUT1)
                                                     -2.908    -2.017 r  pll_inst/inst/plle2_adv_inst/CLKOUT1
                         net (fo=1, routed)           0.958    -1.059    pll_inst/inst/clk_out2_pll
    BUFGCTRL_X0Y0                                                     r  pll_inst/inst/clkout2_buf/I
    BUFGCTRL_X0Y0        BUFG (Prop_bufg_I_O)         0.026    -1.033 r  pll_inst/inst/clkout2_buf/O
                         net (fo=34657, routed)       0.555    -0.478    student_top_inst/bridge_inst/clk_out2
    SLICE_X37Y222        FDRE                                         r  student_top_inst/bridge_inst/LED_reg[7]/C
  -------------------------------------------------------------------    -------------------
    SLICE_X37Y222        FDRE (Prop_fdre_C_Q)         0.100    -0.378 r  student_top_inst/bridge_inst/LED_reg[7]/Q
                         net (fo=1, routed)           0.513     0.135    twin_controller_inst/virtual_led_OBUF[7]
    SLICE_X36Y222        FDCE                                         r  twin_controller_inst/status_buffer_reg[14][7]/D
  -------------------------------------------------------------------    -------------------

                         (clock clk_out1_pll rise edge)
                                                      0.000     0.000 r  
    AD12                                              0.000     0.000 r  i_sys_clk_p (IN)
                         net (fo=0)                   0.000     0.000    pll_inst/inst/clk_in1_p
    AD12                                                              r  pll_inst/inst/clkin1_ibufgds/I
    AD12                 IBUFDS (Prop_ibufds_I_O)     0.470     0.470 r  pll_inst/inst/clkin1_ibufgds/O
                         net (fo=1, routed)           0.554     1.024    pll_inst/inst/clk_in1_pll
    PLLE2_ADV_X1Y1                                                    r  pll_inst/inst/plle2_adv_inst/CLKIN1
    PLLE2_ADV_X1Y1       PLLE2_ADV (Prop_plle2_adv_CLKIN1_CLKOUT0)
                                                     -3.524    -2.500 r  pll_inst/inst/plle2_adv_inst/CLKOUT0
                         net (fo=1, routed)           1.027    -1.473    pll_inst/inst/clk_out1_pll
    BUFGCTRL_X0Y1                                                     r  pll_inst/inst/clkout1_buf/I
    BUFGCTRL_X0Y1        BUFG (Prop_bufg_I_O)         0.030    -1.443 r  pll_inst/inst/clkout1_buf/O
                         net (fo=353, routed)         0.759    -0.684    twin_controller_inst/CLK
    SLICE_X36Y222        FDCE                                         r  twin_controller_inst/status_buffer_reg[14][7]/C
                         clock pessimism              0.484    -0.201    
                         clock uncertainty            0.194    -0.007    
    SLICE_X36Y222        FDCE (Hold_fdce_C_D)         0.038     0.031    twin_controller_inst/status_buffer_reg[14][7]
  -------------------------------------------------------------------
                         required time                         -0.031    
                         arrival time                           0.135    
  -------------------------------------------------------------------
                         slack                                  0.104    

Slack (MET) :             0.106ns  (arrival time - required time)
  Source:                 student_top_inst/bridge_inst/seg_wdata_reg[16]/C
                            (rising edge-triggered cell FDRE clocked by clk_out2_pll  {rise@0.000ns fall@4.000ns period=8.000ns})
  Destination:            twin_controller_inst/status_buffer_reg[2][5]/D
                            (rising edge-triggered cell FDCE clocked by clk_out1_pll  {rise@0.000ns fall@10.000ns period=20.000ns})
  Path Group:             clk_out1_pll
  Path Type:              Hold (Min at Fast Process Corner)
  Requirement:            0.000ns  (clk_out1_pll rise@0.000ns - clk_out2_pll rise@0.000ns)
  Data Path Delay:        0.640ns  (logic 0.128ns (20.013%)  route 0.512ns (79.987%))
  Logic Levels:           1  (LUT6=1)
  Clock Path Skew:        0.280ns (DCD - SCD - CPR)
    Destination Clock Delay (DCD):    -0.675ns
    Source Clock Delay      (SCD):    -0.472ns
    Clock Pessimism Removal (CPR):    -0.484ns
  Clock Uncertainty:      0.194ns  ((TSJ^2 + DJ^2)^1/2) / 2 + PE
    Total System Jitter     (TSJ):    0.071ns
    Discrete Jitter          (DJ):    0.129ns
    Phase Error              (PE):    0.120ns

    Location             Delay type                Incr(ns)  Path(ns)    Netlist Resource(s)
  -------------------------------------------------------------------    -------------------
                         (clock clk_out2_pll rise edge)
                                                      0.000     0.000 r  
    AD12                                              0.000     0.000 r  i_sys_clk_p (IN)
                         net (fo=0)                   0.000     0.000    pll_inst/inst/clk_in1_p
    AD12                                                              r  pll_inst/inst/clkin1_ibufgds/I
    AD12                 IBUFDS (Prop_ibufds_I_O)     0.388     0.388 r  pll_inst/inst/clkin1_ibufgds/O
                         net (fo=1, routed)           0.503     0.891    pll_inst/inst/clk_in1_pll
    PLLE2_ADV_X1Y1                                                    r  pll_inst/inst/plle2_adv_inst/CLKIN1
    PLLE2_ADV_X1Y1       PLLE2_ADV (Prop_plle2_adv_CLKIN1_CLKOUT1)
                                                     -2.908    -2.017 r  pll_inst/inst/plle2_adv_inst/CLKOUT1
                         net (fo=1, routed)           0.958    -1.059    pll_inst/inst/clk_out2_pll
    BUFGCTRL_X0Y0                                                     r  pll_inst/inst/clkout2_buf/I
    BUFGCTRL_X0Y0        BUFG (Prop_bufg_I_O)         0.026    -1.033 r  pll_inst/inst/clkout2_buf/O
                         net (fo=34657, routed)       0.561    -0.472    student_top_inst/bridge_inst/clk_out2
    SLICE_X32Y230        FDRE                                         r  student_top_inst/bridge_inst/seg_wdata_reg[16]/C
  -------------------------------------------------------------------    -------------------
    SLICE_X32Y230        FDRE (Prop_fdre_C_Q)         0.100    -0.372 r  student_top_inst/bridge_inst/seg_wdata_reg[16]/Q
                         net (fo=8, routed)           0.512     0.140    student_top_inst/bridge_inst/seg_driver/status_buffer_reg[3][2]
    SLICE_X30Y217                                                     r  student_top_inst/bridge_inst/seg_driver/virtual_seg_OBUF[21]_inst_i_1/I1
    SLICE_X30Y217        LUT6 (Prop_lut6_I1_O)        0.028     0.168 r  student_top_inst/bridge_inst/seg_driver/virtual_seg_OBUF[21]_inst_i_1/O
                         net (fo=2, routed)           0.000     0.168    twin_controller_inst/virtual_seg_OBUF[17]
    SLICE_X30Y217        FDCE                                         r  twin_controller_inst/status_buffer_reg[2][5]/D
  -------------------------------------------------------------------    -------------------

                         (clock clk_out1_pll rise edge)
                                                      0.000     0.000 r  
    AD12                                              0.000     0.000 r  i_sys_clk_p (IN)
                         net (fo=0)                   0.000     0.000    pll_inst/inst/clk_in1_p
    AD12                                                              r  pll_inst/inst/clkin1_ibufgds/I
    AD12                 IBUFDS (Prop_ibufds_I_O)     0.470     0.470 r  pll_inst/inst/clkin1_ibufgds/O
                         net (fo=1, routed)           0.554     1.024    pll_inst/inst/clk_in1_pll
    PLLE2_ADV_X1Y1                                                    r  pll_inst/inst/plle2_adv_inst/CLKIN1
    PLLE2_ADV_X1Y1       PLLE2_ADV (Prop_plle2_adv_CLKIN1_CLKOUT0)
                                                     -3.524    -2.500 r  pll_inst/inst/plle2_adv_inst/CLKOUT0
                         net (fo=1, routed)           1.027    -1.473    pll_inst/inst/clk_out1_pll
    BUFGCTRL_X0Y1                                                     r  pll_inst/inst/clkout1_buf/I
    BUFGCTRL_X0Y1        BUFG (Prop_bufg_I_O)         0.030    -1.443 r  pll_inst/inst/clkout1_buf/O
                         net (fo=353, routed)         0.768    -0.675    twin_controller_inst/CLK
    SLICE_X30Y217        FDCE                                         r  twin_controller_inst/status_buffer_reg[2][5]/C
                         clock pessimism              0.484    -0.192    
                         clock uncertainty            0.194     0.002    
    SLICE_X30Y217        FDCE (Hold_fdce_C_D)         0.060     0.062    twin_controller_inst/status_buffer_reg[2][5]
  -------------------------------------------------------------------
                         required time                         -0.062    
                         arrival time                           0.168    
  -------------------------------------------------------------------
                         slack                                  0.106    

Slack (MET) :             0.111ns  (arrival time - required time)
  Source:                 student_top_inst/bridge_inst/LED_reg[1]/C
                            (rising edge-triggered cell FDRE clocked by clk_out2_pll  {rise@0.000ns fall@4.000ns period=8.000ns})
  Destination:            twin_controller_inst/status_buffer_reg[14][1]/D
                            (rising edge-triggered cell FDCE clocked by clk_out1_pll  {rise@0.000ns fall@10.000ns period=20.000ns})
  Path Group:             clk_out1_pll
  Path Type:              Hold (Min at Fast Process Corner)
  Requirement:            0.000ns  (clk_out1_pll rise@0.000ns - clk_out2_pll rise@0.000ns)
  Data Path Delay:        0.624ns  (logic 0.100ns (16.033%)  route 0.524ns (83.967%))
  Logic Levels:           0  
  Clock Path Skew:        0.276ns (DCD - SCD - CPR)
    Destination Clock Delay (DCD):    -0.687ns
    Source Clock Delay      (SCD):    -0.480ns
    Clock Pessimism Removal (CPR):    -0.484ns
  Clock Uncertainty:      0.194ns  ((TSJ^2 + DJ^2)^1/2) / 2 + PE
    Total System Jitter     (TSJ):    0.071ns
    Discrete Jitter          (DJ):    0.129ns
    Phase Error              (PE):    0.120ns

    Location             Delay type                Incr(ns)  Path(ns)    Netlist Resource(s)
  -------------------------------------------------------------------    -------------------
                         (clock clk_out2_pll rise edge)
                                                      0.000     0.000 r  
    AD12                                              0.000     0.000 r  i_sys_clk_p (IN)
                         net (fo=0)                   0.000     0.000    pll_inst/inst/clk_in1_p
    AD12                                                              r  pll_inst/inst/clkin1_ibufgds/I
    AD12                 IBUFDS (Prop_ibufds_I_O)     0.388     0.388 r  pll_inst/inst/clkin1_ibufgds/O
                         net (fo=1, routed)           0.503     0.891    pll_inst/inst/clk_in1_pll
    PLLE2_ADV_X1Y1                                                    r  pll_inst/inst/plle2_adv_inst/CLKIN1
    PLLE2_ADV_X1Y1       PLLE2_ADV (Prop_plle2_adv_CLKIN1_CLKOUT1)
                                                     -2.908    -2.017 r  pll_inst/inst/plle2_adv_inst/CLKOUT1
                         net (fo=1, routed)           0.958    -1.059    pll_inst/inst/clk_out2_pll
    BUFGCTRL_X0Y0                                                     r  pll_inst/inst/clkout2_buf/I
    BUFGCTRL_X0Y0        BUFG (Prop_bufg_I_O)         0.026    -1.033 r  pll_inst/inst/clkout2_buf/O
                         net (fo=34657, routed)       0.553    -0.480    student_top_inst/bridge_inst/clk_out2
    SLICE_X36Y224        FDRE                                         r  student_top_inst/bridge_inst/LED_reg[1]/C
  -------------------------------------------------------------------    -------------------
    SLICE_X36Y224        FDRE (Prop_fdre_C_Q)         0.100    -0.380 r  student_top_inst/bridge_inst/LED_reg[1]/Q
                         net (fo=1, routed)           0.524     0.144    twin_controller_inst/virtual_led_OBUF[1]
    SLICE_X37Y224        FDCE                                         r  twin_controller_inst/status_buffer_reg[14][1]/D
  -------------------------------------------------------------------    -------------------

                         (clock clk_out1_pll rise edge)
                                                      0.000     0.000 r  
    AD12                                              0.000     0.000 r  i_sys_clk_p (IN)
                         net (fo=0)                   0.000     0.000    pll_inst/inst/clk_in1_p
    AD12                                                              r  pll_inst/inst/clkin1_ibufgds/I
    AD12                 IBUFDS (Prop_ibufds_I_O)     0.470     0.470 r  pll_inst/inst/clkin1_ibufgds/O
                         net (fo=1, routed)           0.554     1.024    pll_inst/inst/clk_in1_pll
    PLLE2_ADV_X1Y1                                                    r  pll_inst/inst/plle2_adv_inst/CLKIN1
    PLLE2_ADV_X1Y1       PLLE2_ADV (Prop_plle2_adv_CLKIN1_CLKOUT0)
                                                     -3.524    -2.500 r  pll_inst/inst/plle2_adv_inst/CLKOUT0
                         net (fo=1, routed)           1.027    -1.473    pll_inst/inst/clk_out1_pll
    BUFGCTRL_X0Y1                                                     r  pll_inst/inst/clkout1_buf/I
    BUFGCTRL_X0Y1        BUFG (Prop_bufg_I_O)         0.030    -1.443 r  pll_inst/inst/clkout1_buf/O
                         net (fo=353, routed)         0.756    -0.687    twin_controller_inst/CLK
    SLICE_X37Y224        FDCE                                         r  twin_controller_inst/status_buffer_reg[14][1]/C
                         clock pessimism              0.484    -0.204    
                         clock uncertainty            0.194    -0.010    
    SLICE_X37Y224        FDCE (Hold_fdce_C_D)         0.043     0.033    twin_controller_inst/status_buffer_reg[14][1]
  -------------------------------------------------------------------
                         required time                         -0.033    
                         arrival time                           0.144    
  -------------------------------------------------------------------
                         slack                                  0.111    

Slack (MET) :             0.112ns  (arrival time - required time)
  Source:                 student_top_inst/bridge_inst/LED_reg[2]/C
                            (rising edge-triggered cell FDRE clocked by clk_out2_pll  {rise@0.000ns fall@4.000ns period=8.000ns})
  Destination:            twin_controller_inst/status_buffer_reg[14][2]/D
                            (rising edge-triggered cell FDCE clocked by clk_out1_pll  {rise@0.000ns fall@10.000ns period=20.000ns})
  Path Group:             clk_out1_pll
  Path Type:              Hold (Min at Fast Process Corner)
  Requirement:            0.000ns  (clk_out1_pll rise@0.000ns - clk_out2_pll rise@0.000ns)
  Data Path Delay:        0.621ns  (logic 0.100ns (16.090%)  route 0.521ns (83.910%))
  Logic Levels:           0  
  Clock Path Skew:        0.276ns (DCD - SCD - CPR)
    Destination Clock Delay (DCD):    -0.681ns
    Source Clock Delay      (SCD):    -0.474ns
    Clock Pessimism Removal (CPR):    -0.484ns
  Clock Uncertainty:      0.194ns  ((TSJ^2 + DJ^2)^1/2) / 2 + PE
    Total System Jitter     (TSJ):    0.071ns
    Discrete Jitter          (DJ):    0.129ns
    Phase Error              (PE):    0.120ns

    Location             Delay type                Incr(ns)  Path(ns)    Netlist Resource(s)
  -------------------------------------------------------------------    -------------------
                         (clock clk_out2_pll rise edge)
                                                      0.000     0.000 r  
    AD12                                              0.000     0.000 r  i_sys_clk_p (IN)
                         net (fo=0)                   0.000     0.000    pll_inst/inst/clk_in1_p
    AD12                                                              r  pll_inst/inst/clkin1_ibufgds/I
    AD12                 IBUFDS (Prop_ibufds_I_O)     0.388     0.388 r  pll_inst/inst/clkin1_ibufgds/O
                         net (fo=1, routed)           0.503     0.891    pll_inst/inst/clk_in1_pll
    PLLE2_ADV_X1Y1                                                    r  pll_inst/inst/plle2_adv_inst/CLKIN1
    PLLE2_ADV_X1Y1       PLLE2_ADV (Prop_plle2_adv_CLKIN1_CLKOUT1)
                                                     -2.908    -2.017 r  pll_inst/inst/plle2_adv_inst/CLKOUT1
                         net (fo=1, routed)           0.958    -1.059    pll_inst/inst/clk_out2_pll
    BUFGCTRL_X0Y0                                                     r  pll_inst/inst/clkout2_buf/I
    BUFGCTRL_X0Y0        BUFG (Prop_bufg_I_O)         0.026    -1.033 r  pll_inst/inst/clkout2_buf/O
                         net (fo=34657, routed)       0.559    -0.474    student_top_inst/bridge_inst/clk_out2
    SLICE_X32Y221        FDRE                                         r  student_top_inst/bridge_inst/LED_reg[2]/C
  -------------------------------------------------------------------    -------------------
    SLICE_X32Y221        FDRE (Prop_fdre_C_Q)         0.100    -0.374 r  student_top_inst/bridge_inst/LED_reg[2]/Q
                         net (fo=1, routed)           0.521     0.148    twin_controller_inst/virtual_led_OBUF[2]
    SLICE_X33Y221        FDCE                                         r  twin_controller_inst/status_buffer_reg[14][2]/D
  -------------------------------------------------------------------    -------------------

                         (clock clk_out1_pll rise edge)
                                                      0.000     0.000 r  
    AD12                                              0.000     0.000 r  i_sys_clk_p (IN)
                         net (fo=0)                   0.000     0.000    pll_inst/inst/clk_in1_p
    AD12                                                              r  pll_inst/inst/clkin1_ibufgds/I
    AD12                 IBUFDS (Prop_ibufds_I_O)     0.470     0.470 r  pll_inst/inst/clkin1_ibufgds/O
                         net (fo=1, routed)           0.554     1.024    pll_inst/inst/clk_in1_pll
    PLLE2_ADV_X1Y1                                                    r  pll_inst/inst/plle2_adv_inst/CLKIN1
    PLLE2_ADV_X1Y1       PLLE2_ADV (Prop_plle2_adv_CLKIN1_CLKOUT0)
                                                     -3.524    -2.500 r  pll_inst/inst/plle2_adv_inst/CLKOUT0
                         net (fo=1, routed)           1.027    -1.473    pll_inst/inst/clk_out1_pll
    BUFGCTRL_X0Y1                                                     r  pll_inst/inst/clkout1_buf/I
    BUFGCTRL_X0Y1        BUFG (Prop_bufg_I_O)         0.030    -1.443 r  pll_inst/inst/clkout1_buf/O
                         net (fo=353, routed)         0.762    -0.681    twin_controller_inst/CLK
    SLICE_X33Y221        FDCE                                         r  twin_controller_inst/status_buffer_reg[14][2]/C
                         clock pessimism              0.484    -0.198    
                         clock uncertainty            0.194    -0.004    
    SLICE_X33Y221        FDCE (Hold_fdce_C_D)         0.040     0.036    twin_controller_inst/status_buffer_reg[14][2]
  -------------------------------------------------------------------
                         required time                         -0.036    
                         arrival time                           0.148    
  -------------------------------------------------------------------
                         slack                                  0.112    

Slack (MET) :             0.112ns  (arrival time - required time)
  Source:                 student_top_inst/bridge_inst/LED_reg[23]/C
                            (rising edge-triggered cell FDRE clocked by clk_out2_pll  {rise@0.000ns fall@4.000ns period=8.000ns})
  Destination:            twin_controller_inst/status_buffer_reg[16][7]/D
                            (rising edge-triggered cell FDCE clocked by clk_out1_pll  {rise@0.000ns fall@10.000ns period=20.000ns})
  Path Group:             clk_out1_pll
  Path Type:              Hold (Min at Fast Process Corner)
  Requirement:            0.000ns  (clk_out1_pll rise@0.000ns - clk_out2_pll rise@0.000ns)
  Data Path Delay:        0.623ns  (logic 0.100ns (16.054%)  route 0.523ns (83.946%))
  Logic Levels:           0  
  Clock Path Skew:        0.279ns (DCD - SCD - CPR)
    Destination Clock Delay (DCD):    -0.672ns
    Source Clock Delay      (SCD):    -0.468ns
    Clock Pessimism Removal (CPR):    -0.484ns
  Clock Uncertainty:      0.194ns  ((TSJ^2 + DJ^2)^1/2) / 2 + PE
    Total System Jitter     (TSJ):    0.071ns
    Discrete Jitter          (DJ):    0.129ns
    Phase Error              (PE):    0.120ns

    Location             Delay type                Incr(ns)  Path(ns)    Netlist Resource(s)
  -------------------------------------------------------------------    -------------------
                         (clock clk_out2_pll rise edge)
                                                      0.000     0.000 r  
    AD12                                              0.000     0.000 r  i_sys_clk_p (IN)
                         net (fo=0)                   0.000     0.000    pll_inst/inst/clk_in1_p
    AD12                                                              r  pll_inst/inst/clkin1_ibufgds/I
    AD12                 IBUFDS (Prop_ibufds_I_O)     0.388     0.388 r  pll_inst/inst/clkin1_ibufgds/O
                         net (fo=1, routed)           0.503     0.891    pll_inst/inst/clk_in1_pll
    PLLE2_ADV_X1Y1                                                    r  pll_inst/inst/plle2_adv_inst/CLKIN1
    PLLE2_ADV_X1Y1       PLLE2_ADV (Prop_plle2_adv_CLKIN1_CLKOUT1)
                                                     -2.908    -2.017 r  pll_inst/inst/plle2_adv_inst/CLKOUT1
                         net (fo=1, routed)           0.958    -1.059    pll_inst/inst/clk_out2_pll
    BUFGCTRL_X0Y0                                                     r  pll_inst/inst/clkout2_buf/I
    BUFGCTRL_X0Y0        BUFG (Prop_bufg_I_O)         0.026    -1.033 r  pll_inst/inst/clkout2_buf/O
                         net (fo=34657, routed)       0.565    -0.468    student_top_inst/bridge_inst/clk_out2
    SLICE_X36Y240        FDRE                                         r  student_top_inst/bridge_inst/LED_reg[23]/C
  -------------------------------------------------------------------    -------------------
    SLICE_X36Y240        FDRE (Prop_fdre_C_Q)         0.100    -0.368 r  student_top_inst/bridge_inst/LED_reg[23]/Q
                         net (fo=1, routed)           0.523     0.155    twin_controller_inst/virtual_led_OBUF[23]
    SLICE_X36Y241        FDCE                                         r  twin_controller_inst/status_buffer_reg[16][7]/D
  -------------------------------------------------------------------    -------------------

                         (clock clk_out1_pll rise edge)
                                                      0.000     0.000 r  
    AD12                                              0.000     0.000 r  i_sys_clk_p (IN)
                         net (fo=0)                   0.000     0.000    pll_inst/inst/clk_in1_p
    AD12                                                              r  pll_inst/inst/clkin1_ibufgds/I
    AD12                 IBUFDS (Prop_ibufds_I_O)     0.470     0.470 r  pll_inst/inst/clkin1_ibufgds/O
                         net (fo=1, routed)           0.554     1.024    pll_inst/inst/clk_in1_pll
    PLLE2_ADV_X1Y1                                                    r  pll_inst/inst/plle2_adv_inst/CLKIN1
    PLLE2_ADV_X1Y1       PLLE2_ADV (Prop_plle2_adv_CLKIN1_CLKOUT0)
                                                     -3.524    -2.500 r  pll_inst/inst/plle2_adv_inst/CLKOUT0
                         net (fo=1, routed)           1.027    -1.473    pll_inst/inst/clk_out1_pll
    BUFGCTRL_X0Y1                                                     r  pll_inst/inst/clkout1_buf/I
    BUFGCTRL_X0Y1        BUFG (Prop_bufg_I_O)         0.030    -1.443 r  pll_inst/inst/clkout1_buf/O
                         net (fo=353, routed)         0.771    -0.672    twin_controller_inst/CLK
    SLICE_X36Y241        FDCE                                         r  twin_controller_inst/status_buffer_reg[16][7]/C
                         clock pessimism              0.484    -0.189    
                         clock uncertainty            0.194     0.005    
    SLICE_X36Y241        FDCE (Hold_fdce_C_D)         0.038     0.043    twin_controller_inst/status_buffer_reg[16][7]
  -------------------------------------------------------------------
                         required time                         -0.043    
                         arrival time                           0.155    
  -------------------------------------------------------------------
                         slack                                  0.112    

Slack (MET) :             0.117ns  (arrival time - required time)
  Source:                 student_top_inst/bridge_inst/seg_wdata_reg[16]/C
                            (rising edge-triggered cell FDRE clocked by clk_out2_pll  {rise@0.000ns fall@4.000ns period=8.000ns})
  Destination:            twin_controller_inst/status_buffer_reg[3][2]/D
                            (rising edge-triggered cell FDCE clocked by clk_out1_pll  {rise@0.000ns fall@10.000ns period=20.000ns})
  Path Group:             clk_out1_pll
  Path Type:              Hold (Min at Fast Process Corner)
  Requirement:            0.000ns  (clk_out1_pll rise@0.000ns - clk_out2_pll rise@0.000ns)
  Data Path Delay:        0.651ns  (logic 0.128ns (19.653%)  route 0.523ns (80.347%))
  Logic Levels:           1  (LUT6=1)
  Clock Path Skew:        0.280ns (DCD - SCD - CPR)
    Destination Clock Delay (DCD):    -0.675ns
    Source Clock Delay      (SCD):    -0.472ns
    Clock Pessimism Removal (CPR):    -0.484ns
  Clock Uncertainty:      0.194ns  ((TSJ^2 + DJ^2)^1/2) / 2 + PE
    Total System Jitter     (TSJ):    0.071ns
    Discrete Jitter          (DJ):    0.129ns
    Phase Error              (PE):    0.120ns

    Location             Delay type                Incr(ns)  Path(ns)    Netlist Resource(s)
  -------------------------------------------------------------------    -------------------
                         (clock clk_out2_pll rise edge)
                                                      0.000     0.000 r  
    AD12                                              0.000     0.000 r  i_sys_clk_p (IN)
                         net (fo=0)                   0.000     0.000    pll_inst/inst/clk_in1_p
    AD12                                                              r  pll_inst/inst/clkin1_ibufgds/I
    AD12                 IBUFDS (Prop_ibufds_I_O)     0.388     0.388 r  pll_inst/inst/clkin1_ibufgds/O
                         net (fo=1, routed)           0.503     0.891    pll_inst/inst/clk_in1_pll
    PLLE2_ADV_X1Y1                                                    r  pll_inst/inst/plle2_adv_inst/CLKIN1
    PLLE2_ADV_X1Y1       PLLE2_ADV (Prop_plle2_adv_CLKIN1_CLKOUT1)
                                                     -2.908    -2.017 r  pll_inst/inst/plle2_adv_inst/CLKOUT1
                         net (fo=1, routed)           0.958    -1.059    pll_inst/inst/clk_out2_pll
    BUFGCTRL_X0Y0                                                     r  pll_inst/inst/clkout2_buf/I
    BUFGCTRL_X0Y0        BUFG (Prop_bufg_I_O)         0.026    -1.033 r  pll_inst/inst/clkout2_buf/O
                         net (fo=34657, routed)       0.561    -0.472    student_top_inst/bridge_inst/clk_out2
    SLICE_X32Y230        FDRE                                         r  student_top_inst/bridge_inst/seg_wdata_reg[16]/C
  -------------------------------------------------------------------    -------------------
    SLICE_X32Y230        FDRE (Prop_fdre_C_Q)         0.100    -0.372 r  student_top_inst/bridge_inst/seg_wdata_reg[16]/Q
                         net (fo=8, routed)           0.523     0.152    student_top_inst/bridge_inst/seg_driver/status_buffer_reg[3][2]
    SLICE_X31Y217                                                     r  student_top_inst/bridge_inst/seg_driver/virtual_seg_OBUF[26]_inst_i_1/I3
    SLICE_X31Y217        LUT6 (Prop_lut6_I3_O)        0.028     0.180 r  student_top_inst/bridge_inst/seg_driver/virtual_seg_OBUF[26]_inst_i_1/O
                         net (fo=2, routed)           0.000     0.180    twin_controller_inst/virtual_seg_OBUF[22]
    SLICE_X31Y217        FDCE                                         r  twin_controller_inst/status_buffer_reg[3][2]/D
  -------------------------------------------------------------------    -------------------

                         (clock clk_out1_pll rise edge)
                                                      0.000     0.000 r  
    AD12                                              0.000     0.000 r  i_sys_clk_p (IN)
                         net (fo=0)                   0.000     0.000    pll_inst/inst/clk_in1_p
    AD12                                                              r  pll_inst/inst/clkin1_ibufgds/I
    AD12                 IBUFDS (Prop_ibufds_I_O)     0.470     0.470 r  pll_inst/inst/clkin1_ibufgds/O
                         net (fo=1, routed)           0.554     1.024    pll_inst/inst/clk_in1_pll
    PLLE2_ADV_X1Y1                                                    r  pll_inst/inst/plle2_adv_inst/CLKIN1
    PLLE2_ADV_X1Y1       PLLE2_ADV (Prop_plle2_adv_CLKIN1_CLKOUT0)
                                                     -3.524    -2.500 r  pll_inst/inst/plle2_adv_inst/CLKOUT0
                         net (fo=1, routed)           1.027    -1.473    pll_inst/inst/clk_out1_pll
    BUFGCTRL_X0Y1                                                     r  pll_inst/inst/clkout1_buf/I
    BUFGCTRL_X0Y1        BUFG (Prop_bufg_I_O)         0.030    -1.443 r  pll_inst/inst/clkout1_buf/O
                         net (fo=353, routed)         0.768    -0.675    twin_controller_inst/CLK
    SLICE_X31Y217        FDCE                                         r  twin_controller_inst/status_buffer_reg[3][2]/C
                         clock pessimism              0.484    -0.192    
                         clock uncertainty            0.194     0.002    
    SLICE_X31Y217        FDCE (Hold_fdce_C_D)         0.061     0.063    twin_controller_inst/status_buffer_reg[3][2]
  -------------------------------------------------------------------
                         required time                         -0.063    
                         arrival time                           0.180    
  -------------------------------------------------------------------
                         slack                                  0.117    

Slack (MET) :             0.119ns  (arrival time - required time)
  Source:                 student_top_inst/bridge_inst/LED_reg[11]/C
                            (rising edge-triggered cell FDRE clocked by clk_out2_pll  {rise@0.000ns fall@4.000ns period=8.000ns})
  Destination:            twin_controller_inst/status_buffer_reg[15][3]/D
                            (rising edge-triggered cell FDCE clocked by clk_out1_pll  {rise@0.000ns fall@10.000ns period=20.000ns})
  Path Group:             clk_out1_pll
  Path Type:              Hold (Min at Fast Process Corner)
  Requirement:            0.000ns  (clk_out1_pll rise@0.000ns - clk_out2_pll rise@0.000ns)
  Data Path Delay:        0.631ns  (logic 0.100ns (15.856%)  route 0.531ns (84.144%))
  Logic Levels:           0  
  Clock Path Skew:        0.275ns (DCD - SCD - CPR)
    Destination Clock Delay (DCD):    -0.682ns
    Source Clock Delay      (SCD):    -0.474ns
    Clock Pessimism Removal (CPR):    -0.484ns
  Clock Uncertainty:      0.194ns  ((TSJ^2 + DJ^2)^1/2) / 2 + PE
    Total System Jitter     (TSJ):    0.071ns
    Discrete Jitter          (DJ):    0.129ns
    Phase Error              (PE):    0.120ns

    Location             Delay type                Incr(ns)  Path(ns)    Netlist Resource(s)
  -------------------------------------------------------------------    -------------------
                         (clock clk_out2_pll rise edge)
                                                      0.000     0.000 r  
    AD12                                              0.000     0.000 r  i_sys_clk_p (IN)
                         net (fo=0)                   0.000     0.000    pll_inst/inst/clk_in1_p
    AD12                                                              r  pll_inst/inst/clkin1_ibufgds/I
    AD12                 IBUFDS (Prop_ibufds_I_O)     0.388     0.388 r  pll_inst/inst/clkin1_ibufgds/O
                         net (fo=1, routed)           0.503     0.891    pll_inst/inst/clk_in1_pll
    PLLE2_ADV_X1Y1                                                    r  pll_inst/inst/plle2_adv_inst/CLKIN1
    PLLE2_ADV_X1Y1       PLLE2_ADV (Prop_plle2_adv_CLKIN1_CLKOUT1)
                                                     -2.908    -2.017 r  pll_inst/inst/plle2_adv_inst/CLKOUT1
                         net (fo=1, routed)           0.958    -1.059    pll_inst/inst/clk_out2_pll
    BUFGCTRL_X0Y0                                                     r  pll_inst/inst/clkout2_buf/I
    BUFGCTRL_X0Y0        BUFG (Prop_bufg_I_O)         0.026    -1.033 r  pll_inst/inst/clkout2_buf/O
                         net (fo=34657, routed)       0.559    -0.474    student_top_inst/bridge_inst/clk_out2
    SLICE_X32Y221        FDRE                                         r  student_top_inst/bridge_inst/LED_reg[11]/C
  -------------------------------------------------------------------    -------------------
    SLICE_X32Y221        FDRE (Prop_fdre_C_Q)         0.100    -0.374 r  student_top_inst/bridge_inst/LED_reg[11]/Q
                         net (fo=1, routed)           0.531     0.157    twin_controller_inst/virtual_led_OBUF[11]
    SLICE_X33Y222        FDCE                                         r  twin_controller_inst/status_buffer_reg[15][3]/D
  -------------------------------------------------------------------    -------------------

                         (clock clk_out1_pll rise edge)
                                                      0.000     0.000 r  
    AD12                                              0.000     0.000 r  i_sys_clk_p (IN)
                         net (fo=0)                   0.000     0.000    pll_inst/inst/clk_in1_p
    AD12                                                              r  pll_inst/inst/clkin1_ibufgds/I
    AD12                 IBUFDS (Prop_ibufds_I_O)     0.470     0.470 r  pll_inst/inst/clkin1_ibufgds/O
                         net (fo=1, routed)           0.554     1.024    pll_inst/inst/clk_in1_pll
    PLLE2_ADV_X1Y1                                                    r  pll_inst/inst/plle2_adv_inst/CLKIN1
    PLLE2_ADV_X1Y1       PLLE2_ADV (Prop_plle2_adv_CLKIN1_CLKOUT0)
                                                     -3.524    -2.500 r  pll_inst/inst/plle2_adv_inst/CLKOUT0
                         net (fo=1, routed)           1.027    -1.473    pll_inst/inst/clk_out1_pll
    BUFGCTRL_X0Y1                                                     r  pll_inst/inst/clkout1_buf/I
    BUFGCTRL_X0Y1        BUFG (Prop_bufg_I_O)         0.030    -1.443 r  pll_inst/inst/clkout1_buf/O
                         net (fo=353, routed)         0.761    -0.682    twin_controller_inst/CLK
    SLICE_X33Y222        FDCE                                         r  twin_controller_inst/status_buffer_reg[15][3]/C
                         clock pessimism              0.484    -0.199    
                         clock uncertainty            0.194    -0.005    
    SLICE_X33Y222        FDCE (Hold_fdce_C_D)         0.043     0.038    twin_controller_inst/status_buffer_reg[15][3]
  -------------------------------------------------------------------
                         required time                         -0.038    
                         arrival time                           0.157    
  -------------------------------------------------------------------
                         slack                                  0.119    

Slack (MET) :             0.121ns  (arrival time - required time)
  Source:                 student_top_inst/bridge_inst/LED_reg[8]/C
                            (rising edge-triggered cell FDRE clocked by clk_out2_pll  {rise@0.000ns fall@4.000ns period=8.000ns})
  Destination:            twin_controller_inst/status_buffer_reg[15][0]/D
                            (rising edge-triggered cell FDCE clocked by clk_out1_pll  {rise@0.000ns fall@10.000ns period=20.000ns})
  Path Group:             clk_out1_pll
  Path Type:              Hold (Min at Fast Process Corner)
  Requirement:            0.000ns  (clk_out1_pll rise@0.000ns - clk_out2_pll rise@0.000ns)
  Data Path Delay:        0.625ns  (logic 0.100ns (15.990%)  route 0.525ns (84.010%))
  Logic Levels:           0  
  Clock Path Skew:        0.271ns (DCD - SCD - CPR)
    Destination Clock Delay (DCD):    -0.687ns
    Source Clock Delay      (SCD):    -0.475ns
    Clock Pessimism Removal (CPR):    -0.484ns
  Clock Uncertainty:      0.194ns  ((TSJ^2 + DJ^2)^1/2) / 2 + PE
    Total System Jitter     (TSJ):    0.071ns
    Discrete Jitter          (DJ):    0.129ns
    Phase Error              (PE):    0.120ns

    Location             Delay type                Incr(ns)  Path(ns)    Netlist Resource(s)
  -------------------------------------------------------------------    -------------------
                         (clock clk_out2_pll rise edge)
                                                      0.000     0.000 r  
    AD12                                              0.000     0.000 r  i_sys_clk_p (IN)
                         net (fo=0)                   0.000     0.000    pll_inst/inst/clk_in1_p
    AD12                                                              r  pll_inst/inst/clkin1_ibufgds/I
    AD12                 IBUFDS (Prop_ibufds_I_O)     0.388     0.388 r  pll_inst/inst/clkin1_ibufgds/O
                         net (fo=1, routed)           0.503     0.891    pll_inst/inst/clk_in1_pll
    PLLE2_ADV_X1Y1                                                    r  pll_inst/inst/plle2_adv_inst/CLKIN1
    PLLE2_ADV_X1Y1       PLLE2_ADV (Prop_plle2_adv_CLKIN1_CLKOUT1)
                                                     -2.908    -2.017 r  pll_inst/inst/plle2_adv_inst/CLKOUT1
                         net (fo=1, routed)           0.958    -1.059    pll_inst/inst/clk_out2_pll
    BUFGCTRL_X0Y0                                                     r  pll_inst/inst/clkout2_buf/I
    BUFGCTRL_X0Y0        BUFG (Prop_bufg_I_O)         0.026    -1.033 r  pll_inst/inst/clkout2_buf/O
                         net (fo=34657, routed)       0.558    -0.475    student_top_inst/bridge_inst/clk_out2
    SLICE_X37Y230        FDRE                                         r  student_top_inst/bridge_inst/LED_reg[8]/C
  -------------------------------------------------------------------    -------------------
    SLICE_X37Y230        FDRE (Prop_fdre_C_Q)         0.100    -0.375 r  student_top_inst/bridge_inst/LED_reg[8]/Q
                         net (fo=1, routed)           0.525     0.151    twin_controller_inst/virtual_led_OBUF[8]
    SLICE_X37Y225        FDCE                                         r  twin_controller_inst/status_buffer_reg[15][0]/D
  -------------------------------------------------------------------    -------------------

                         (clock clk_out1_pll rise edge)
                                                      0.000     0.000 r  
    AD12                                              0.000     0.000 r  i_sys_clk_p (IN)
                         net (fo=0)                   0.000     0.000    pll_inst/inst/clk_in1_p
    AD12                                                              r  pll_inst/inst/clkin1_ibufgds/I
    AD12                 IBUFDS (Prop_ibufds_I_O)     0.470     0.470 r  pll_inst/inst/clkin1_ibufgds/O
                         net (fo=1, routed)           0.554     1.024    pll_inst/inst/clk_in1_pll
    PLLE2_ADV_X1Y1                                                    r  pll_inst/inst/plle2_adv_inst/CLKIN1
    PLLE2_ADV_X1Y1       PLLE2_ADV (Prop_plle2_adv_CLKIN1_CLKOUT0)
                                                     -3.524    -2.500 r  pll_inst/inst/plle2_adv_inst/CLKOUT0
                         net (fo=1, routed)           1.027    -1.473    pll_inst/inst/clk_out1_pll
    BUFGCTRL_X0Y1                                                     r  pll_inst/inst/clkout1_buf/I
    BUFGCTRL_X0Y1        BUFG (Prop_bufg_I_O)         0.030    -1.443 r  pll_inst/inst/clkout1_buf/O
                         net (fo=353, routed)         0.756    -0.687    twin_controller_inst/CLK
    SLICE_X37Y225        FDCE                                         r  twin_controller_inst/status_buffer_reg[15][0]/C
                         clock pessimism              0.484    -0.204    
                         clock uncertainty            0.194    -0.010    
    SLICE_X37Y225        FDCE (Hold_fdce_C_D)         0.040     0.030    twin_controller_inst/status_buffer_reg[15][0]
  -------------------------------------------------------------------
                         required time                         -0.030    
                         arrival time                           0.151    
  -------------------------------------------------------------------
                         slack                                  0.121    

Slack (MET) :             0.121ns  (arrival time - required time)
  Source:                 student_top_inst/bridge_inst/seg_wdata_reg[0]/C
                            (rising edge-triggered cell FDRE clocked by clk_out2_pll  {rise@0.000ns fall@4.000ns period=8.000ns})
  Destination:            twin_controller_inst/status_buffer_reg[0][4]/D
                            (rising edge-triggered cell FDCE clocked by clk_out1_pll  {rise@0.000ns fall@10.000ns period=20.000ns})
  Path Group:             clk_out1_pll
  Path Type:              Hold (Min at Fast Process Corner)
  Requirement:            0.000ns  (clk_out1_pll rise@0.000ns - clk_out2_pll rise@0.000ns)
  Data Path Delay:        0.654ns  (logic 0.128ns (19.569%)  route 0.526ns (80.431%))
  Logic Levels:           1  (LUT6=1)
  Clock Path Skew:        0.279ns (DCD - SCD - CPR)
    Destination Clock Delay (DCD):    -0.680ns
    Source Clock Delay      (SCD):    -0.476ns
    Clock Pessimism Removal (CPR):    -0.484ns
  Clock Uncertainty:      0.194ns  ((TSJ^2 + DJ^2)^1/2) / 2 + PE
    Total System Jitter     (TSJ):    0.071ns
    Discrete Jitter          (DJ):    0.129ns
    Phase Error              (PE):    0.120ns

    Location             Delay type                Incr(ns)  Path(ns)    Netlist Resource(s)
  -------------------------------------------------------------------    -------------------
                         (clock clk_out2_pll rise edge)
                                                      0.000     0.000 r  
    AD12                                              0.000     0.000 r  i_sys_clk_p (IN)
                         net (fo=0)                   0.000     0.000    pll_inst/inst/clk_in1_p
    AD12                                                              r  pll_inst/inst/clkin1_ibufgds/I
    AD12                 IBUFDS (Prop_ibufds_I_O)     0.388     0.388 r  pll_inst/inst/clkin1_ibufgds/O
                         net (fo=1, routed)           0.503     0.891    pll_inst/inst/clk_in1_pll
    PLLE2_ADV_X1Y1                                                    r  pll_inst/inst/plle2_adv_inst/CLKIN1
    PLLE2_ADV_X1Y1       PLLE2_ADV (Prop_plle2_adv_CLKIN1_CLKOUT1)
                                                     -2.908    -2.017 r  pll_inst/inst/plle2_adv_inst/CLKOUT1
                         net (fo=1, routed)           0.958    -1.059    pll_inst/inst/clk_out2_pll
    BUFGCTRL_X0Y0                                                     r  pll_inst/inst/clkout2_buf/I
    BUFGCTRL_X0Y0        BUFG (Prop_bufg_I_O)         0.026    -1.033 r  pll_inst/inst/clkout2_buf/O
                         net (fo=34657, routed)       0.557    -0.476    student_top_inst/bridge_inst/clk_out2
    SLICE_X30Y225        FDRE                                         r  student_top_inst/bridge_inst/seg_wdata_reg[0]/C
  -------------------------------------------------------------------    -------------------
    SLICE_X30Y225        FDRE (Prop_fdre_C_Q)         0.100    -0.376 f  student_top_inst/bridge_inst/seg_wdata_reg[0]/Q
                         net (fo=8, routed)           0.526     0.151    student_top_inst/bridge_inst/seg_driver/status_buffer_reg[0][6]_0
    SLICE_X29Y227                                                     f  student_top_inst/bridge_inst/seg_driver/virtual_seg_OBUF[4]_inst_i_1/I3
    SLICE_X29Y227        LUT6 (Prop_lut6_I3_O)        0.028     0.179 r  student_top_inst/bridge_inst/seg_driver/virtual_seg_OBUF[4]_inst_i_1/O
                         net (fo=2, routed)           0.000     0.179    twin_controller_inst/virtual_seg_OBUF[4]
    SLICE_X29Y227        FDCE                                         r  twin_controller_inst/status_buffer_reg[0][4]/D
  -------------------------------------------------------------------    -------------------

                         (clock clk_out1_pll rise edge)
                                                      0.000     0.000 r  
    AD12                                              0.000     0.000 r  i_sys_clk_p (IN)
                         net (fo=0)                   0.000     0.000    pll_inst/inst/clk_in1_p
    AD12                                                              r  pll_inst/inst/clkin1_ibufgds/I
    AD12                 IBUFDS (Prop_ibufds_I_O)     0.470     0.470 r  pll_inst/inst/clkin1_ibufgds/O
                         net (fo=1, routed)           0.554     1.024    pll_inst/inst/clk_in1_pll
    PLLE2_ADV_X1Y1                                                    r  pll_inst/inst/plle2_adv_inst/CLKIN1
    PLLE2_ADV_X1Y1       PLLE2_ADV (Prop_plle2_adv_CLKIN1_CLKOUT0)
                                                     -3.524    -2.500 r  pll_inst/inst/plle2_adv_inst/CLKOUT0
                         net (fo=1, routed)           1.027    -1.473    pll_inst/inst/clk_out1_pll
    BUFGCTRL_X0Y1                                                     r  pll_inst/inst/clkout1_buf/I
    BUFGCTRL_X0Y1        BUFG (Prop_bufg_I_O)         0.030    -1.443 r  pll_inst/inst/clkout1_buf/O
                         net (fo=353, routed)         0.763    -0.680    twin_controller_inst/CLK
    SLICE_X29Y227        FDCE                                         r  twin_controller_inst/status_buffer_reg[0][4]/C
                         clock pessimism              0.484    -0.197    
                         clock uncertainty            0.194    -0.003    
    SLICE_X29Y227        FDCE (Hold_fdce_C_D)         0.060     0.057    twin_controller_inst/status_buffer_reg[0][4]
  -------------------------------------------------------------------
                         required time                         -0.057    
                         arrival time                           0.179    
  -------------------------------------------------------------------
                         slack                                  0.121    

Slack (MET) :             0.122ns  (arrival time - required time)
  Source:                 student_top_inst/bridge_inst/LED_reg[13]/C
                            (rising edge-triggered cell FDRE clocked by clk_out2_pll  {rise@0.000ns fall@4.000ns period=8.000ns})
  Destination:            twin_controller_inst/status_buffer_reg[15][5]/D
                            (rising edge-triggered cell FDCE clocked by clk_out1_pll  {rise@0.000ns fall@10.000ns period=20.000ns})
  Path Group:             clk_out1_pll
  Path Type:              Hold (Min at Fast Process Corner)
  Requirement:            0.000ns  (clk_out1_pll rise@0.000ns - clk_out2_pll rise@0.000ns)
  Data Path Delay:        0.626ns  (logic 0.100ns (15.962%)  route 0.526ns (84.038%))
  Logic Levels:           0  
  Clock Path Skew:        0.278ns (DCD - SCD - CPR)
    Destination Clock Delay (DCD):    -0.685ns
    Source Clock Delay      (SCD):    -0.480ns
    Clock Pessimism Removal (CPR):    -0.484ns
  Clock Uncertainty:      0.194ns  ((TSJ^2 + DJ^2)^1/2) / 2 + PE
    Total System Jitter     (TSJ):    0.071ns
    Discrete Jitter          (DJ):    0.129ns
    Phase Error              (PE):    0.120ns

    Location             Delay type                Incr(ns)  Path(ns)    Netlist Resource(s)
  -------------------------------------------------------------------    -------------------
                         (clock clk_out2_pll rise edge)
                                                      0.000     0.000 r  
    AD12                                              0.000     0.000 r  i_sys_clk_p (IN)
                         net (fo=0)                   0.000     0.000    pll_inst/inst/clk_in1_p
    AD12                                                              r  pll_inst/inst/clkin1_ibufgds/I
    AD12                 IBUFDS (Prop_ibufds_I_O)     0.388     0.388 r  pll_inst/inst/clkin1_ibufgds/O
                         net (fo=1, routed)           0.503     0.891    pll_inst/inst/clk_in1_pll
    PLLE2_ADV_X1Y1                                                    r  pll_inst/inst/plle2_adv_inst/CLKIN1
    PLLE2_ADV_X1Y1       PLLE2_ADV (Prop_plle2_adv_CLKIN1_CLKOUT1)
                                                     -2.908    -2.017 r  pll_inst/inst/plle2_adv_inst/CLKOUT1
                         net (fo=1, routed)           0.958    -1.059    pll_inst/inst/clk_out2_pll
    BUFGCTRL_X0Y0                                                     r  pll_inst/inst/clkout2_buf/I
    BUFGCTRL_X0Y0        BUFG (Prop_bufg_I_O)         0.026    -1.033 r  pll_inst/inst/clkout2_buf/O
                         net (fo=34657, routed)       0.553    -0.480    student_top_inst/bridge_inst/clk_out2
    SLICE_X36Y224        FDRE                                         r  student_top_inst/bridge_inst/LED_reg[13]/C
  -------------------------------------------------------------------    -------------------
    SLICE_X36Y224        FDRE (Prop_fdre_C_Q)         0.100    -0.380 r  student_top_inst/bridge_inst/LED_reg[13]/Q
                         net (fo=1, routed)           0.526     0.147    twin_controller_inst/virtual_led_OBUF[13]
    SLICE_X33Y224        FDCE                                         r  twin_controller_inst/status_buffer_reg[15][5]/D
  -------------------------------------------------------------------    -------------------

                         (clock clk_out1_pll rise edge)
                                                      0.000     0.000 r  
    AD12                                              0.000     0.000 r  i_sys_clk_p (IN)
                         net (fo=0)                   0.000     0.000    pll_inst/inst/clk_in1_p
    AD12                                                              r  pll_inst/inst/clkin1_ibufgds/I
    AD12                 IBUFDS (Prop_ibufds_I_O)     0.470     0.470 r  pll_inst/inst/clkin1_ibufgds/O
                         net (fo=1, routed)           0.554     1.024    pll_inst/inst/clk_in1_pll
    PLLE2_ADV_X1Y1                                                    r  pll_inst/inst/plle2_adv_inst/CLKIN1
    PLLE2_ADV_X1Y1       PLLE2_ADV (Prop_plle2_adv_CLKIN1_CLKOUT0)
                                                     -3.524    -2.500 r  pll_inst/inst/plle2_adv_inst/CLKOUT0
                         net (fo=1, routed)           1.027    -1.473    pll_inst/inst/clk_out1_pll
    BUFGCTRL_X0Y1                                                     r  pll_inst/inst/clkout1_buf/I
    BUFGCTRL_X0Y1        BUFG (Prop_bufg_I_O)         0.030    -1.443 r  pll_inst/inst/clkout1_buf/O
                         net (fo=353, routed)         0.758    -0.685    twin_controller_inst/CLK
    SLICE_X33Y224        FDCE                                         r  twin_controller_inst/status_buffer_reg[15][5]/C
                         clock pessimism              0.484    -0.202    
                         clock uncertainty            0.194    -0.008    
    SLICE_X33Y224        FDCE (Hold_fdce_C_D)         0.033     0.025    twin_controller_inst/status_buffer_reg[15][5]
  -------------------------------------------------------------------
                         required time                         -0.025    
                         arrival time                           0.147    
  -------------------------------------------------------------------
                         slack                                  0.122    

Slack (MET) :             0.126ns  (arrival time - required time)
  Source:                 student_top_inst/bridge_inst/LED_reg[19]/C
                            (rising edge-triggered cell FDRE clocked by clk_out2_pll  {rise@0.000ns fall@4.000ns period=8.000ns})
  Destination:            twin_controller_inst/status_buffer_reg[16][3]/D
                            (rising edge-triggered cell FDCE clocked by clk_out1_pll  {rise@0.000ns fall@10.000ns period=20.000ns})
  Path Group:             clk_out1_pll
  Path Type:              Hold (Min at Fast Process Corner)
  Requirement:            0.000ns  (clk_out1_pll rise@0.000ns - clk_out2_pll rise@0.000ns)
  Data Path Delay:        0.639ns  (logic 0.100ns (15.658%)  route 0.539ns (84.342%))
  Logic Levels:           0  
  Clock Path Skew:        0.279ns (DCD - SCD - CPR)
    Destination Clock Delay (DCD):    -0.671ns
    Source Clock Delay      (SCD):    -0.467ns
    Clock Pessimism Removal (CPR):    -0.484ns
  Clock Uncertainty:      0.194ns  ((TSJ^2 + DJ^2)^1/2) / 2 + PE
    Total System Jitter     (TSJ):    0.071ns
    Discrete Jitter          (DJ):    0.129ns
    Phase Error              (PE):    0.120ns

    Location             Delay type                Incr(ns)  Path(ns)    Netlist Resource(s)
  -------------------------------------------------------------------    -------------------
                         (clock clk_out2_pll rise edge)
                                                      0.000     0.000 r  
    AD12                                              0.000     0.000 r  i_sys_clk_p (IN)
                         net (fo=0)                   0.000     0.000    pll_inst/inst/clk_in1_p
    AD12                                                              r  pll_inst/inst/clkin1_ibufgds/I
    AD12                 IBUFDS (Prop_ibufds_I_O)     0.388     0.388 r  pll_inst/inst/clkin1_ibufgds/O
                         net (fo=1, routed)           0.503     0.891    pll_inst/inst/clk_in1_pll
    PLLE2_ADV_X1Y1                                                    r  pll_inst/inst/plle2_adv_inst/CLKIN1
    PLLE2_ADV_X1Y1       PLLE2_ADV (Prop_plle2_adv_CLKIN1_CLKOUT1)
                                                     -2.908    -2.017 r  pll_inst/inst/plle2_adv_inst/CLKOUT1
                         net (fo=1, routed)           0.958    -1.059    pll_inst/inst/clk_out2_pll
    BUFGCTRL_X0Y0                                                     r  pll_inst/inst/clkout2_buf/I
    BUFGCTRL_X0Y0        BUFG (Prop_bufg_I_O)         0.026    -1.033 r  pll_inst/inst/clkout2_buf/O
                         net (fo=34657, routed)       0.566    -0.467    student_top_inst/bridge_inst/clk_out2
    SLICE_X34Y237        FDRE                                         r  student_top_inst/bridge_inst/LED_reg[19]/C
  -------------------------------------------------------------------    -------------------
    SLICE_X34Y237        FDRE (Prop_fdre_C_Q)         0.100    -0.367 r  student_top_inst/bridge_inst/LED_reg[19]/Q
                         net (fo=1, routed)           0.539     0.172    twin_controller_inst/virtual_led_OBUF[19]
    SLICE_X34Y238        FDCE                                         r  twin_controller_inst/status_buffer_reg[16][3]/D
  -------------------------------------------------------------------    -------------------

                         (clock clk_out1_pll rise edge)
                                                      0.000     0.000 r  
    AD12                                              0.000     0.000 r  i_sys_clk_p (IN)
                         net (fo=0)                   0.000     0.000    pll_inst/inst/clk_in1_p
    AD12                                                              r  pll_inst/inst/clkin1_ibufgds/I
    AD12                 IBUFDS (Prop_ibufds_I_O)     0.470     0.470 r  pll_inst/inst/clkin1_ibufgds/O
                         net (fo=1, routed)           0.554     1.024    pll_inst/inst/clk_in1_pll
    PLLE2_ADV_X1Y1                                                    r  pll_inst/inst/plle2_adv_inst/CLKIN1
    PLLE2_ADV_X1Y1       PLLE2_ADV (Prop_plle2_adv_CLKIN1_CLKOUT0)
                                                     -3.524    -2.500 r  pll_inst/inst/plle2_adv_inst/CLKOUT0
                         net (fo=1, routed)           1.027    -1.473    pll_inst/inst/clk_out1_pll
    BUFGCTRL_X0Y1                                                     r  pll_inst/inst/clkout1_buf/I
    BUFGCTRL_X0Y1        BUFG (Prop_bufg_I_O)         0.030    -1.443 r  pll_inst/inst/clkout1_buf/O
                         net (fo=353, routed)         0.772    -0.671    twin_controller_inst/CLK
    SLICE_X34Y238        FDCE                                         r  twin_controller_inst/status_buffer_reg[16][3]/C
                         clock pessimism              0.484    -0.188    
                         clock uncertainty            0.194     0.006    
    SLICE_X34Y238        FDCE (Hold_fdce_C_D)         0.040     0.046    twin_controller_inst/status_buffer_reg[16][3]
  -------------------------------------------------------------------
                         required time                         -0.046    
                         arrival time                           0.172    
  -------------------------------------------------------------------
                         slack                                  0.126    

Slack (MET) :             0.127ns  (arrival time - required time)
  Source:                 student_top_inst/bridge_inst/seg_wdata_reg[20]/C
                            (rising edge-triggered cell FDRE clocked by clk_out2_pll  {rise@0.000ns fall@4.000ns period=8.000ns})
  Destination:            twin_controller_inst/status_buffer_reg[2][6]/D
                            (rising edge-triggered cell FDCE clocked by clk_out1_pll  {rise@0.000ns fall@10.000ns period=20.000ns})
  Path Group:             clk_out1_pll
  Path Type:              Hold (Min at Fast Process Corner)
  Requirement:            0.000ns  (clk_out1_pll rise@0.000ns - clk_out2_pll rise@0.000ns)
  Data Path Delay:        0.654ns  (logic 0.128ns (19.566%)  route 0.526ns (80.434%))
  Logic Levels:           1  (LUT6=1)
  Clock Path Skew:        0.274ns (DCD - SCD - CPR)
    Destination Clock Delay (DCD):    -0.677ns
    Source Clock Delay      (SCD):    -0.468ns
    Clock Pessimism Removal (CPR):    -0.484ns
  Clock Uncertainty:      0.194ns  ((TSJ^2 + DJ^2)^1/2) / 2 + PE
    Total System Jitter     (TSJ):    0.071ns
    Discrete Jitter          (DJ):    0.129ns
    Phase Error              (PE):    0.120ns

    Location             Delay type                Incr(ns)  Path(ns)    Netlist Resource(s)
  -------------------------------------------------------------------    -------------------
                         (clock clk_out2_pll rise edge)
                                                      0.000     0.000 r  
    AD12                                              0.000     0.000 r  i_sys_clk_p (IN)
                         net (fo=0)                   0.000     0.000    pll_inst/inst/clk_in1_p
    AD12                                                              r  pll_inst/inst/clkin1_ibufgds/I
    AD12                 IBUFDS (Prop_ibufds_I_O)     0.388     0.388 r  pll_inst/inst/clkin1_ibufgds/O
                         net (fo=1, routed)           0.503     0.891    pll_inst/inst/clk_in1_pll
    PLLE2_ADV_X1Y1                                                    r  pll_inst/inst/plle2_adv_inst/CLKIN1
    PLLE2_ADV_X1Y1       PLLE2_ADV (Prop_plle2_adv_CLKIN1_CLKOUT1)
                                                     -2.908    -2.017 r  pll_inst/inst/plle2_adv_inst/CLKOUT1
                         net (fo=1, routed)           0.958    -1.059    pll_inst/inst/clk_out2_pll
    BUFGCTRL_X0Y0                                                     r  pll_inst/inst/clkout2_buf/I
    BUFGCTRL_X0Y0        BUFG (Prop_bufg_I_O)         0.026    -1.033 r  pll_inst/inst/clkout2_buf/O
                         net (fo=34657, routed)       0.565    -0.468    student_top_inst/bridge_inst/clk_out2
    SLICE_X35Y235        FDRE                                         r  student_top_inst/bridge_inst/seg_wdata_reg[20]/C
  -------------------------------------------------------------------    -------------------
    SLICE_X35Y235        FDRE (Prop_fdre_C_Q)         0.100    -0.368 r  student_top_inst/bridge_inst/seg_wdata_reg[20]/Q
                         net (fo=8, routed)           0.526     0.159    student_top_inst/bridge_inst/seg_driver/status_buffer_reg[3][2]_0
    SLICE_X30Y219                                                     r  student_top_inst/bridge_inst/seg_driver/virtual_seg_OBUF[22]_inst_i_1/I3
    SLICE_X30Y219        LUT6 (Prop_lut6_I3_O)        0.028     0.187 r  student_top_inst/bridge_inst/seg_driver/virtual_seg_OBUF[22]_inst_i_1/O
                         net (fo=2, routed)           0.000     0.187    twin_controller_inst/virtual_seg_OBUF[18]
    SLICE_X30Y219        FDCE                                         r  twin_controller_inst/status_buffer_reg[2][6]/D
  -------------------------------------------------------------------    -------------------

                         (clock clk_out1_pll rise edge)
                                                      0.000     0.000 r  
    AD12                                              0.000     0.000 r  i_sys_clk_p (IN)
                         net (fo=0)                   0.000     0.000    pll_inst/inst/clk_in1_p
    AD12                                                              r  pll_inst/inst/clkin1_ibufgds/I
    AD12                 IBUFDS (Prop_ibufds_I_O)     0.470     0.470 r  pll_inst/inst/clkin1_ibufgds/O
                         net (fo=1, routed)           0.554     1.024    pll_inst/inst/clk_in1_pll
    PLLE2_ADV_X1Y1                                                    r  pll_inst/inst/plle2_adv_inst/CLKIN1
    PLLE2_ADV_X1Y1       PLLE2_ADV (Prop_plle2_adv_CLKIN1_CLKOUT0)
                                                     -3.524    -2.500 r  pll_inst/inst/plle2_adv_inst/CLKOUT0
                         net (fo=1, routed)           1.027    -1.473    pll_inst/inst/clk_out1_pll
    BUFGCTRL_X0Y1                                                     r  pll_inst/inst/clkout1_buf/I
    BUFGCTRL_X0Y1        BUFG (Prop_bufg_I_O)         0.030    -1.443 r  pll_inst/inst/clkout1_buf/O
                         net (fo=353, routed)         0.766    -0.677    twin_controller_inst/CLK
    SLICE_X30Y219        FDCE                                         r  twin_controller_inst/status_buffer_reg[2][6]/C
                         clock pessimism              0.484    -0.194    
                         clock uncertainty            0.194     0.000    
    SLICE_X30Y219        FDCE (Hold_fdce_C_D)         0.060     0.060    twin_controller_inst/status_buffer_reg[2][6]
  -------------------------------------------------------------------
                         required time                         -0.060    
                         arrival time                           0.187    
  -------------------------------------------------------------------
                         slack                                  0.127    





---------------------------------------------------------------------------------------------------
From Clock:  clk_out1_pll
  To Clock:  clk_out2_pll

Setup :           NA  Failing Endpoints,  Worst Slack           NA  ,  Total Violation           NA
Hold  :            0  Failing Endpoints,  Worst Slack        0.096ns,  Total Violation        0.000ns
---------------------------------------------------------------------------------------------------


Min Delay Paths
--------------------------------------------------------------------------------------
Slack (MET) :             0.096ns  (arrival time - required time)
  Source:                 student_top_inst/bridge_inst/counter_inst/cnt_ms_reg[22]/C
                            (rising edge-triggered cell FDRE clocked by clk_out1_pll  {rise@0.000ns fall@10.000ns period=20.000ns})
  Destination:            student_top_inst/u_KLDJ_top/mem_wb_wb_data_reg[22]/D
                            (rising edge-triggered cell FDRE clocked by clk_out2_pll  {rise@0.000ns fall@4.000ns period=8.000ns})
  Path Group:             clk_out2_pll
  Path Type:              Hold (Min at Fast Process Corner)
  Requirement:            0.000ns  (clk_out2_pll rise@0.000ns - clk_out1_pll rise@0.000ns)
  Data Path Delay:        0.631ns  (logic 0.156ns (24.736%)  route 0.475ns (75.264%))
  Logic Levels:           2  (LUT5=1 LUT6=1)
  Clock Path Skew:        0.280ns (DCD - SCD - CPR)
    Destination Clock Delay (DCD):    -0.680ns
    Source Clock Delay      (SCD):    -0.477ns
    Clock Pessimism Removal (CPR):    -0.484ns
  Clock Uncertainty:      0.194ns  ((TSJ^2 + DJ^2)^1/2) / 2 + PE
    Total System Jitter     (TSJ):    0.071ns
    Discrete Jitter          (DJ):    0.129ns
    Phase Error              (PE):    0.120ns

    Location             Delay type                Incr(ns)  Path(ns)    Netlist Resource(s)
  -------------------------------------------------------------------    -------------------
                         (clock clk_out1_pll rise edge)
                                                      0.000     0.000 r  
    AD12                                              0.000     0.000 r  i_sys_clk_p (IN)
                         net (fo=0)                   0.000     0.000    pll_inst/inst/clk_in1_p
    AD12                                                              r  pll_inst/inst/clkin1_ibufgds/I
    AD12                 IBUFDS (Prop_ibufds_I_O)     0.388     0.388 r  pll_inst/inst/clkin1_ibufgds/O
                         net (fo=1, routed)           0.503     0.891    pll_inst/inst/clk_in1_pll
    PLLE2_ADV_X1Y1                                                    r  pll_inst/inst/plle2_adv_inst/CLKIN1
    PLLE2_ADV_X1Y1       PLLE2_ADV (Prop_plle2_adv_CLKIN1_CLKOUT0)
                                                     -2.908    -2.017 r  pll_inst/inst/plle2_adv_inst/CLKOUT0
                         net (fo=1, routed)           0.958    -1.059    pll_inst/inst/clk_out1_pll
    BUFGCTRL_X0Y1                                                     r  pll_inst/inst/clkout1_buf/I
    BUFGCTRL_X0Y1        BUFG (Prop_bufg_I_O)         0.026    -1.033 r  pll_inst/inst/clkout1_buf/O
                         net (fo=353, routed)         0.556    -0.477    student_top_inst/bridge_inst/counter_inst/CLK
    SLICE_X40Y228        FDRE                                         r  student_top_inst/bridge_inst/counter_inst/cnt_ms_reg[22]/C
  -------------------------------------------------------------------    -------------------
    SLICE_X40Y228        FDRE (Prop_fdre_C_Q)         0.100    -0.377 r  student_top_inst/bridge_inst/counter_inst/cnt_ms_reg[22]/Q
                         net (fo=2, routed)           0.228    -0.148    student_top_inst/u_KLDJ_top/cnt_rdata[22]
    SLICE_X37Y227                                                     r  student_top_inst/u_KLDJ_top/mem_wb_wb_data[22]_i_2/I4
    SLICE_X37Y227        LUT6 (Prop_lut6_I4_O)        0.028    -0.120 r  student_top_inst/u_KLDJ_top/mem_wb_wb_data[22]_i_2/O
                         net (fo=2, routed)           0.247     0.126    student_top_inst/u_KLDJ_top/perip_rdata[22]
    SLICE_X40Y233                                                     r  student_top_inst/u_KLDJ_top/mem_wb_wb_data[22]_i_1/I4
    SLICE_X40Y233        LUT5 (Prop_lut5_I4_O)        0.028     0.154 r  student_top_inst/u_KLDJ_top/mem_wb_wb_data[22]_i_1/O
                         net (fo=1, routed)           0.000     0.154    student_top_inst/u_KLDJ_top/mem_stage_wb_data[22]
    SLICE_X40Y233        FDRE                                         r  student_top_inst/u_KLDJ_top/mem_wb_wb_data_reg[22]/D
  -------------------------------------------------------------------    -------------------

                         (clock clk_out2_pll rise edge)
                                                      0.000     0.000 r  
    AD12                                              0.000     0.000 r  i_sys_clk_p (IN)
                         net (fo=0)                   0.000     0.000    pll_inst/inst/clk_in1_p
    AD12                                                              r  pll_inst/inst/clkin1_ibufgds/I
    AD12                 IBUFDS (Prop_ibufds_I_O)     0.470     0.470 r  pll_inst/inst/clkin1_ibufgds/O
                         net (fo=1, routed)           0.554     1.024    pll_inst/inst/clk_in1_pll
    PLLE2_ADV_X1Y1                                                    r  pll_inst/inst/plle2_adv_inst/CLKIN1
    PLLE2_ADV_X1Y1       PLLE2_ADV (Prop_plle2_adv_CLKIN1_CLKOUT1)
                                                     -3.524    -2.500 r  pll_inst/inst/plle2_adv_inst/CLKOUT1
                         net (fo=1, routed)           1.027    -1.473    pll_inst/inst/clk_out2_pll
    BUFGCTRL_X0Y0                                                     r  pll_inst/inst/clkout2_buf/I
    BUFGCTRL_X0Y0        BUFG (Prop_bufg_I_O)         0.030    -1.443 r  pll_inst/inst/clkout2_buf/O
                         net (fo=34657, routed)       0.763    -0.680    student_top_inst/u_KLDJ_top/clk_out2
    SLICE_X40Y233        FDRE                                         r  student_top_inst/u_KLDJ_top/mem_wb_wb_data_reg[22]/C
                         clock pessimism              0.484    -0.197    
                         clock uncertainty            0.194    -0.003    
    SLICE_X40Y233        FDRE (Hold_fdre_C_D)         0.061     0.058    student_top_inst/u_KLDJ_top/mem_wb_wb_data_reg[22]
  -------------------------------------------------------------------
                         required time                         -0.058    
                         arrival time                           0.154    
  -------------------------------------------------------------------
                         slack                                  0.096    

Slack (MET) :             0.127ns  (arrival time - required time)
  Source:                 student_top_inst/bridge_inst/counter_inst/cnt_ms_reg[29]/C
                            (rising edge-triggered cell FDRE clocked by clk_out1_pll  {rise@0.000ns fall@10.000ns period=20.000ns})
  Destination:            student_top_inst/u_KLDJ_top/mem_wb_wb_data_reg[29]/D
                            (rising edge-triggered cell FDRE clocked by clk_out2_pll  {rise@0.000ns fall@4.000ns period=8.000ns})
  Path Group:             clk_out2_pll
  Path Type:              Hold (Min at Fast Process Corner)
  Requirement:            0.000ns  (clk_out2_pll rise@0.000ns - clk_out1_pll rise@0.000ns)
  Data Path Delay:        0.657ns  (logic 0.156ns (23.728%)  route 0.501ns (76.272%))
  Logic Levels:           2  (LUT5=1 LUT6=1)
  Clock Path Skew:        0.277ns (DCD - SCD - CPR)
    Destination Clock Delay (DCD):    -0.681ns
    Source Clock Delay      (SCD):    -0.475ns
    Clock Pessimism Removal (CPR):    -0.484ns
  Clock Uncertainty:      0.194ns  ((TSJ^2 + DJ^2)^1/2) / 2 + PE
    Total System Jitter     (TSJ):    0.071ns
    Discrete Jitter          (DJ):    0.129ns
    Phase Error              (PE):    0.120ns

    Location             Delay type                Incr(ns)  Path(ns)    Netlist Resource(s)
  -------------------------------------------------------------------    -------------------
                         (clock clk_out1_pll rise edge)
                                                      0.000     0.000 r  
    AD12                                              0.000     0.000 r  i_sys_clk_p (IN)
                         net (fo=0)                   0.000     0.000    pll_inst/inst/clk_in1_p
    AD12                                                              r  pll_inst/inst/clkin1_ibufgds/I
    AD12                 IBUFDS (Prop_ibufds_I_O)     0.388     0.388 r  pll_inst/inst/clkin1_ibufgds/O
                         net (fo=1, routed)           0.503     0.891    pll_inst/inst/clk_in1_pll
    PLLE2_ADV_X1Y1                                                    r  pll_inst/inst/plle2_adv_inst/CLKIN1
    PLLE2_ADV_X1Y1       PLLE2_ADV (Prop_plle2_adv_CLKIN1_CLKOUT0)
                                                     -2.908    -2.017 r  pll_inst/inst/plle2_adv_inst/CLKOUT0
                         net (fo=1, routed)           0.958    -1.059    pll_inst/inst/clk_out1_pll
    BUFGCTRL_X0Y1                                                     r  pll_inst/inst/clkout1_buf/I
    BUFGCTRL_X0Y1        BUFG (Prop_bufg_I_O)         0.026    -1.033 r  pll_inst/inst/clkout1_buf/O
                         net (fo=353, routed)         0.558    -0.475    student_top_inst/bridge_inst/counter_inst/CLK
    SLICE_X40Y230        FDRE                                         r  student_top_inst/bridge_inst/counter_inst/cnt_ms_reg[29]/C
  -------------------------------------------------------------------    -------------------
    SLICE_X40Y230        FDRE (Prop_fdre_C_Q)         0.100    -0.375 r  student_top_inst/bridge_inst/counter_inst/cnt_ms_reg[29]/Q
                         net (fo=2, routed)           0.294    -0.081    student_top_inst/u_KLDJ_top/cnt_rdata[29]
    SLICE_X41Y230                                                     r  student_top_inst/u_KLDJ_top/mem_wb_wb_data[29]_i_2/I2
    SLICE_X41Y230        LUT6 (Prop_lut6_I2_O)        0.028    -0.053 r  student_top_inst/u_KLDJ_top/mem_wb_wb_data[29]_i_2/O
                         net (fo=3, routed)           0.208     0.155    student_top_inst/u_KLDJ_top/perip_rdata[29]
    SLICE_X39Y232                                                     r  student_top_inst/u_KLDJ_top/mem_wb_wb_data[29]_i_1/I4
    SLICE_X39Y232        LUT5 (Prop_lut5_I4_O)        0.028     0.183 r  student_top_inst/u_KLDJ_top/mem_wb_wb_data[29]_i_1/O
                         net (fo=1, routed)           0.000     0.183    student_top_inst/u_KLDJ_top/mem_stage_wb_data[29]
    SLICE_X39Y232        FDRE                                         r  student_top_inst/u_KLDJ_top/mem_wb_wb_data_reg[29]/D
  -------------------------------------------------------------------    -------------------

                         (clock clk_out2_pll rise edge)
                                                      0.000     0.000 r  
    AD12                                              0.000     0.000 r  i_sys_clk_p (IN)
                         net (fo=0)                   0.000     0.000    pll_inst/inst/clk_in1_p
    AD12                                                              r  pll_inst/inst/clkin1_ibufgds/I
    AD12                 IBUFDS (Prop_ibufds_I_O)     0.470     0.470 r  pll_inst/inst/clkin1_ibufgds/O
                         net (fo=1, routed)           0.554     1.024    pll_inst/inst/clk_in1_pll
    PLLE2_ADV_X1Y1                                                    r  pll_inst/inst/plle2_adv_inst/CLKIN1
    PLLE2_ADV_X1Y1       PLLE2_ADV (Prop_plle2_adv_CLKIN1_CLKOUT1)
                                                     -3.524    -2.500 r  pll_inst/inst/plle2_adv_inst/CLKOUT1
                         net (fo=1, routed)           1.027    -1.473    pll_inst/inst/clk_out2_pll
    BUFGCTRL_X0Y0                                                     r  pll_inst/inst/clkout2_buf/I
    BUFGCTRL_X0Y0        BUFG (Prop_bufg_I_O)         0.030    -1.443 r  pll_inst/inst/clkout2_buf/O
                         net (fo=34657, routed)       0.762    -0.681    student_top_inst/u_KLDJ_top/clk_out2
    SLICE_X39Y232        FDRE                                         r  student_top_inst/u_KLDJ_top/mem_wb_wb_data_reg[29]/C
                         clock pessimism              0.484    -0.198    
                         clock uncertainty            0.194    -0.004    
    SLICE_X39Y232        FDRE (Hold_fdre_C_D)         0.060     0.056    student_top_inst/u_KLDJ_top/mem_wb_wb_data_reg[29]
  -------------------------------------------------------------------
                         required time                         -0.056    
                         arrival time                           0.183    
  -------------------------------------------------------------------
                         slack                                  0.127    

Slack (MET) :             0.127ns  (arrival time - required time)
  Source:                 student_top_inst/bridge_inst/counter_inst/cnt_ms_reg[20]/C
                            (rising edge-triggered cell FDRE clocked by clk_out1_pll  {rise@0.000ns fall@10.000ns period=20.000ns})
  Destination:            student_top_inst/u_KLDJ_top/mem_wb_wb_data_reg[20]/D
                            (rising edge-triggered cell FDRE clocked by clk_out2_pll  {rise@0.000ns fall@4.000ns period=8.000ns})
  Path Group:             clk_out2_pll
  Path Type:              Hold (Min at Fast Process Corner)
  Requirement:            0.000ns  (clk_out2_pll rise@0.000ns - clk_out1_pll rise@0.000ns)
  Data Path Delay:        0.661ns  (logic 0.156ns (23.617%)  route 0.505ns (76.383%))
  Logic Levels:           2  (LUT5=1 LUT6=1)
  Clock Path Skew:        0.280ns (DCD - SCD - CPR)
    Destination Clock Delay (DCD):    -0.680ns
    Source Clock Delay      (SCD):    -0.477ns
    Clock Pessimism Removal (CPR):    -0.484ns
  Clock Uncertainty:      0.194ns  ((TSJ^2 + DJ^2)^1/2) / 2 + PE
    Total System Jitter     (TSJ):    0.071ns
    Discrete Jitter          (DJ):    0.129ns
    Phase Error              (PE):    0.120ns

    Location             Delay type                Incr(ns)  Path(ns)    Netlist Resource(s)
  -------------------------------------------------------------------    -------------------
                         (clock clk_out1_pll rise edge)
                                                      0.000     0.000 r  
    AD12                                              0.000     0.000 r  i_sys_clk_p (IN)
                         net (fo=0)                   0.000     0.000    pll_inst/inst/clk_in1_p
    AD12                                                              r  pll_inst/inst/clkin1_ibufgds/I
    AD12                 IBUFDS (Prop_ibufds_I_O)     0.388     0.388 r  pll_inst/inst/clkin1_ibufgds/O
                         net (fo=1, routed)           0.503     0.891    pll_inst/inst/clk_in1_pll
    PLLE2_ADV_X1Y1                                                    r  pll_inst/inst/plle2_adv_inst/CLKIN1
    PLLE2_ADV_X1Y1       PLLE2_ADV (Prop_plle2_adv_CLKIN1_CLKOUT0)
                                                     -2.908    -2.017 r  pll_inst/inst/plle2_adv_inst/CLKOUT0
                         net (fo=1, routed)           0.958    -1.059    pll_inst/inst/clk_out1_pll
    BUFGCTRL_X0Y1                                                     r  pll_inst/inst/clkout1_buf/I
    BUFGCTRL_X0Y1        BUFG (Prop_bufg_I_O)         0.026    -1.033 r  pll_inst/inst/clkout1_buf/O
                         net (fo=353, routed)         0.556    -0.477    student_top_inst/bridge_inst/counter_inst/CLK
    SLICE_X40Y228        FDRE                                         r  student_top_inst/bridge_inst/counter_inst/cnt_ms_reg[20]/C
  -------------------------------------------------------------------    -------------------
    SLICE_X40Y228        FDRE (Prop_fdre_C_Q)         0.100    -0.377 r  student_top_inst/bridge_inst/counter_inst/cnt_ms_reg[20]/Q
                         net (fo=2, routed)           0.277    -0.099    student_top_inst/u_KLDJ_top/cnt_rdata[20]
    SLICE_X41Y230                                                     r  student_top_inst/u_KLDJ_top/mem_wb_wb_data[20]_i_2/I4
    SLICE_X41Y230        LUT6 (Prop_lut6_I4_O)        0.028    -0.071 r  student_top_inst/u_KLDJ_top/mem_wb_wb_data[20]_i_2/O
                         net (fo=2, routed)           0.227     0.156    student_top_inst/u_KLDJ_top/perip_rdata[20]
    SLICE_X40Y233                                                     r  student_top_inst/u_KLDJ_top/mem_wb_wb_data[20]_i_1/I4
    SLICE_X40Y233        LUT5 (Prop_lut5_I4_O)        0.028     0.184 r  student_top_inst/u_KLDJ_top/mem_wb_wb_data[20]_i_1/O
                         net (fo=1, routed)           0.000     0.184    student_top_inst/u_KLDJ_top/mem_stage_wb_data[20]
    SLICE_X40Y233        FDRE                                         r  student_top_inst/u_KLDJ_top/mem_wb_wb_data_reg[20]/D
  -------------------------------------------------------------------    -------------------

                         (clock clk_out2_pll rise edge)
                                                      0.000     0.000 r  
    AD12                                              0.000     0.000 r  i_sys_clk_p (IN)
                         net (fo=0)                   0.000     0.000    pll_inst/inst/clk_in1_p
    AD12                                                              r  pll_inst/inst/clkin1_ibufgds/I
    AD12                 IBUFDS (Prop_ibufds_I_O)     0.470     0.470 r  pll_inst/inst/clkin1_ibufgds/O
                         net (fo=1, routed)           0.554     1.024    pll_inst/inst/clk_in1_pll
    PLLE2_ADV_X1Y1                                                    r  pll_inst/inst/plle2_adv_inst/CLKIN1
    PLLE2_ADV_X1Y1       PLLE2_ADV (Prop_plle2_adv_CLKIN1_CLKOUT1)
                                                     -3.524    -2.500 r  pll_inst/inst/plle2_adv_inst/CLKOUT1
                         net (fo=1, routed)           1.027    -1.473    pll_inst/inst/clk_out2_pll
    BUFGCTRL_X0Y0                                                     r  pll_inst/inst/clkout2_buf/I
    BUFGCTRL_X0Y0        BUFG (Prop_bufg_I_O)         0.030    -1.443 r  pll_inst/inst/clkout2_buf/O
                         net (fo=34657, routed)       0.763    -0.680    student_top_inst/u_KLDJ_top/clk_out2
    SLICE_X40Y233        FDRE                                         r  student_top_inst/u_KLDJ_top/mem_wb_wb_data_reg[20]/C
                         clock pessimism              0.484    -0.197    
                         clock uncertainty            0.194    -0.003    
    SLICE_X40Y233        FDRE (Hold_fdre_C_D)         0.060     0.057    student_top_inst/u_KLDJ_top/mem_wb_wb_data_reg[20]
  -------------------------------------------------------------------
                         required time                         -0.057    
                         arrival time                           0.184    
  -------------------------------------------------------------------
                         slack                                  0.127    

Slack (MET) :             0.135ns  (arrival time - required time)
  Source:                 student_top_inst/bridge_inst/counter_inst/cnt_ms_reg[2]/C
                            (rising edge-triggered cell FDRE clocked by clk_out1_pll  {rise@0.000ns fall@10.000ns period=20.000ns})
  Destination:            student_top_inst/u_KLDJ_top/mem_wb_wb_data_reg[2]/D
                            (rising edge-triggered cell FDRE clocked by clk_out2_pll  {rise@0.000ns fall@4.000ns period=8.000ns})
  Path Group:             clk_out2_pll
  Path Type:              Hold (Min at Fast Process Corner)
  Requirement:            0.000ns  (clk_out2_pll rise@0.000ns - clk_out1_pll rise@0.000ns)
  Data Path Delay:        0.672ns  (logic 0.156ns (23.220%)  route 0.516ns (76.780%))
  Logic Levels:           2  (LUT6=2)
  Clock Path Skew:        0.283ns (DCD - SCD - CPR)
    Destination Clock Delay (DCD):    -0.679ns
    Source Clock Delay      (SCD):    -0.479ns
    Clock Pessimism Removal (CPR):    -0.484ns
  Clock Uncertainty:      0.194ns  ((TSJ^2 + DJ^2)^1/2) / 2 + PE
    Total System Jitter     (TSJ):    0.071ns
    Discrete Jitter          (DJ):    0.129ns
    Phase Error              (PE):    0.120ns

    Location             Delay type                Incr(ns)  Path(ns)    Netlist Resource(s)
  -------------------------------------------------------------------    -------------------
                         (clock clk_out1_pll rise edge)
                                                      0.000     0.000 r  
    AD12                                              0.000     0.000 r  i_sys_clk_p (IN)
                         net (fo=0)                   0.000     0.000    pll_inst/inst/clk_in1_p
    AD12                                                              r  pll_inst/inst/clkin1_ibufgds/I
    AD12                 IBUFDS (Prop_ibufds_I_O)     0.388     0.388 r  pll_inst/inst/clkin1_ibufgds/O
                         net (fo=1, routed)           0.503     0.891    pll_inst/inst/clk_in1_pll
    PLLE2_ADV_X1Y1                                                    r  pll_inst/inst/plle2_adv_inst/CLKIN1
    PLLE2_ADV_X1Y1       PLLE2_ADV (Prop_plle2_adv_CLKIN1_CLKOUT0)
                                                     -2.908    -2.017 r  pll_inst/inst/plle2_adv_inst/CLKOUT0
                         net (fo=1, routed)           0.958    -1.059    pll_inst/inst/clk_out1_pll
    BUFGCTRL_X0Y1                                                     r  pll_inst/inst/clkout1_buf/I
    BUFGCTRL_X0Y1        BUFG (Prop_bufg_I_O)         0.026    -1.033 r  pll_inst/inst/clkout1_buf/O
                         net (fo=353, routed)         0.554    -0.479    student_top_inst/bridge_inst/counter_inst/CLK
    SLICE_X40Y223        FDRE                                         r  student_top_inst/bridge_inst/counter_inst/cnt_ms_reg[2]/C
  -------------------------------------------------------------------    -------------------
    SLICE_X40Y223        FDRE (Prop_fdre_C_Q)         0.100    -0.379 r  student_top_inst/bridge_inst/counter_inst/cnt_ms_reg[2]/Q
                         net (fo=2, routed)           0.357    -0.022    student_top_inst/u_KLDJ_top/cnt_rdata[2]
    SLICE_X35Y230                                                     r  student_top_inst/u_KLDJ_top/mem_wb_wb_data[2]_i_3/I2
    SLICE_X35Y230        LUT6 (Prop_lut6_I2_O)        0.028     0.006 r  student_top_inst/u_KLDJ_top/mem_wb_wb_data[2]_i_3/O
                         net (fo=1, routed)           0.159     0.165    student_top_inst/u_KLDJ_top/perip_rdata[2]
    SLICE_X35Y230                                                     r  student_top_inst/u_KLDJ_top/mem_wb_wb_data[2]_i_1_comp/I2
    SLICE_X35Y230        LUT6 (Prop_lut6_I2_O)        0.028     0.193 r  student_top_inst/u_KLDJ_top/mem_wb_wb_data[2]_i_1_comp/O
                         net (fo=1, routed)           0.000     0.193    student_top_inst/u_KLDJ_top/mem_stage_wb_data[2]
    SLICE_X35Y230        FDRE                                         r  student_top_inst/u_KLDJ_top/mem_wb_wb_data_reg[2]/D
  -------------------------------------------------------------------    -------------------

                         (clock clk_out2_pll rise edge)
                                                      0.000     0.000 r  
    AD12                                              0.000     0.000 r  i_sys_clk_p (IN)
                         net (fo=0)                   0.000     0.000    pll_inst/inst/clk_in1_p
    AD12                                                              r  pll_inst/inst/clkin1_ibufgds/I
    AD12                 IBUFDS (Prop_ibufds_I_O)     0.470     0.470 r  pll_inst/inst/clkin1_ibufgds/O
                         net (fo=1, routed)           0.554     1.024    pll_inst/inst/clk_in1_pll
    PLLE2_ADV_X1Y1                                                    r  pll_inst/inst/plle2_adv_inst/CLKIN1
    PLLE2_ADV_X1Y1       PLLE2_ADV (Prop_plle2_adv_CLKIN1_CLKOUT1)
                                                     -3.524    -2.500 r  pll_inst/inst/plle2_adv_inst/CLKOUT1
                         net (fo=1, routed)           1.027    -1.473    pll_inst/inst/clk_out2_pll
    BUFGCTRL_X0Y0                                                     r  pll_inst/inst/clkout2_buf/I
    BUFGCTRL_X0Y0        BUFG (Prop_bufg_I_O)         0.030    -1.443 r  pll_inst/inst/clkout2_buf/O
                         net (fo=34657, routed)       0.764    -0.679    student_top_inst/u_KLDJ_top/clk_out2
    SLICE_X35Y230        FDRE                                         r  student_top_inst/u_KLDJ_top/mem_wb_wb_data_reg[2]/C
                         clock pessimism              0.484    -0.196    
                         clock uncertainty            0.194    -0.002    
    SLICE_X35Y230        FDRE (Hold_fdre_C_D)         0.060     0.058    student_top_inst/u_KLDJ_top/mem_wb_wb_data_reg[2]
  -------------------------------------------------------------------
                         required time                         -0.058    
                         arrival time                           0.193    
  -------------------------------------------------------------------
                         slack                                  0.135    

Slack (MET) :             0.173ns  (arrival time - required time)
  Source:                 student_top_inst/bridge_inst/counter_inst/cnt_ms_reg[6]/C
                            (rising edge-triggered cell FDRE clocked by clk_out1_pll  {rise@0.000ns fall@10.000ns period=20.000ns})
  Destination:            student_top_inst/u_KLDJ_top/mem_wb_wb_data_reg[6]/D
                            (rising edge-triggered cell FDRE clocked by clk_out2_pll  {rise@0.000ns fall@4.000ns period=8.000ns})
  Path Group:             clk_out2_pll
  Path Type:              Hold (Min at Fast Process Corner)
  Requirement:            0.000ns  (clk_out2_pll rise@0.000ns - clk_out1_pll rise@0.000ns)
  Data Path Delay:        0.706ns  (logic 0.156ns (22.110%)  route 0.550ns (77.890%))
  Logic Levels:           2  (LUT5=1 LUT6=1)
  Clock Path Skew:        0.279ns (DCD - SCD - CPR)
    Destination Clock Delay (DCD):    -0.684ns
    Source Clock Delay      (SCD):    -0.480ns
    Clock Pessimism Removal (CPR):    -0.484ns
  Clock Uncertainty:      0.194ns  ((TSJ^2 + DJ^2)^1/2) / 2 + PE
    Total System Jitter     (TSJ):    0.071ns
    Discrete Jitter          (DJ):    0.129ns
    Phase Error              (PE):    0.120ns

    Location             Delay type                Incr(ns)  Path(ns)    Netlist Resource(s)
  -------------------------------------------------------------------    -------------------
                         (clock clk_out1_pll rise edge)
                                                      0.000     0.000 r  
    AD12                                              0.000     0.000 r  i_sys_clk_p (IN)
                         net (fo=0)                   0.000     0.000    pll_inst/inst/clk_in1_p
    AD12                                                              r  pll_inst/inst/clkin1_ibufgds/I
    AD12                 IBUFDS (Prop_ibufds_I_O)     0.388     0.388 r  pll_inst/inst/clkin1_ibufgds/O
                         net (fo=1, routed)           0.503     0.891    pll_inst/inst/clk_in1_pll
    PLLE2_ADV_X1Y1                                                    r  pll_inst/inst/plle2_adv_inst/CLKIN1
    PLLE2_ADV_X1Y1       PLLE2_ADV (Prop_plle2_adv_CLKIN1_CLKOUT0)
                                                     -2.908    -2.017 r  pll_inst/inst/plle2_adv_inst/CLKOUT0
                         net (fo=1, routed)           0.958    -1.059    pll_inst/inst/clk_out1_pll
    BUFGCTRL_X0Y1                                                     r  pll_inst/inst/clkout1_buf/I
    BUFGCTRL_X0Y1        BUFG (Prop_bufg_I_O)         0.026    -1.033 r  pll_inst/inst/clkout1_buf/O
                         net (fo=353, routed)         0.553    -0.480    student_top_inst/bridge_inst/counter_inst/CLK
    SLICE_X40Y224        FDRE                                         r  student_top_inst/bridge_inst/counter_inst/cnt_ms_reg[6]/C
  -------------------------------------------------------------------    -------------------
    SLICE_X40Y224        FDRE (Prop_fdre_C_Q)         0.100    -0.380 r  student_top_inst/bridge_inst/counter_inst/cnt_ms_reg[6]/Q
                         net (fo=2, routed)           0.308    -0.071    student_top_inst/u_KLDJ_top/cnt_rdata[6]
    SLICE_X37Y224                                                     r  student_top_inst/u_KLDJ_top/mem_wb_wb_data[6]_i_2/I3
    SLICE_X37Y224        LUT5 (Prop_lut5_I3_O)        0.028    -0.043 r  student_top_inst/u_KLDJ_top/mem_wb_wb_data[6]_i_2/O
                         net (fo=2, routed)           0.241     0.198    student_top_inst/u_KLDJ_top/perip_rdata[6]
    SLICE_X39Y229                                                     r  student_top_inst/u_KLDJ_top/mem_wb_wb_data[6]_i_1/I2
    SLICE_X39Y229        LUT6 (Prop_lut6_I2_O)        0.028     0.226 r  student_top_inst/u_KLDJ_top/mem_wb_wb_data[6]_i_1/O
                         net (fo=1, routed)           0.000     0.226    student_top_inst/u_KLDJ_top/mem_stage_wb_data[6]
    SLICE_X39Y229        FDRE                                         r  student_top_inst/u_KLDJ_top/mem_wb_wb_data_reg[6]/D
  -------------------------------------------------------------------    -------------------

                         (clock clk_out2_pll rise edge)
                                                      0.000     0.000 r  
    AD12                                              0.000     0.000 r  i_sys_clk_p (IN)
                         net (fo=0)                   0.000     0.000    pll_inst/inst/clk_in1_p
    AD12                                                              r  pll_inst/inst/clkin1_ibufgds/I
    AD12                 IBUFDS (Prop_ibufds_I_O)     0.470     0.470 r  pll_inst/inst/clkin1_ibufgds/O
                         net (fo=1, routed)           0.554     1.024    pll_inst/inst/clk_in1_pll
    PLLE2_ADV_X1Y1                                                    r  pll_inst/inst/plle2_adv_inst/CLKIN1
    PLLE2_ADV_X1Y1       PLLE2_ADV (Prop_plle2_adv_CLKIN1_CLKOUT1)
                                                     -3.524    -2.500 r  pll_inst/inst/plle2_adv_inst/CLKOUT1
                         net (fo=1, routed)           1.027    -1.473    pll_inst/inst/clk_out2_pll
    BUFGCTRL_X0Y0                                                     r  pll_inst/inst/clkout2_buf/I
    BUFGCTRL_X0Y0        BUFG (Prop_bufg_I_O)         0.030    -1.443 r  pll_inst/inst/clkout2_buf/O
                         net (fo=34657, routed)       0.759    -0.684    student_top_inst/u_KLDJ_top/clk_out2
    SLICE_X39Y229        FDRE                                         r  student_top_inst/u_KLDJ_top/mem_wb_wb_data_reg[6]/C
                         clock pessimism              0.484    -0.201    
                         clock uncertainty            0.194    -0.007    
    SLICE_X39Y229        FDRE (Hold_fdre_C_D)         0.060     0.053    student_top_inst/u_KLDJ_top/mem_wb_wb_data_reg[6]
  -------------------------------------------------------------------
                         required time                         -0.053    
                         arrival time                           0.226    
  -------------------------------------------------------------------
                         slack                                  0.173    

Slack (MET) :             0.198ns  (arrival time - required time)
  Source:                 student_top_inst/bridge_inst/counter_inst/cnt_ms_reg[9]/C
                            (rising edge-triggered cell FDRE clocked by clk_out1_pll  {rise@0.000ns fall@10.000ns period=20.000ns})
  Destination:            student_top_inst/u_KLDJ_top/mem_wb_wb_data_reg[9]/D
                            (rising edge-triggered cell FDRE clocked by clk_out2_pll  {rise@0.000ns fall@4.000ns period=8.000ns})
  Path Group:             clk_out2_pll
  Path Type:              Hold (Min at Fast Process Corner)
  Requirement:            0.000ns  (clk_out2_pll rise@0.000ns - clk_out1_pll rise@0.000ns)
  Data Path Delay:        0.736ns  (logic 0.184ns (24.995%)  route 0.552ns (75.005%))
  Logic Levels:           3  (LUT4=1 LUT5=1 LUT6=1)
  Clock Path Skew:        0.285ns (DCD - SCD - CPR)
    Destination Clock Delay (DCD):    -0.678ns
    Source Clock Delay      (SCD):    -0.480ns
    Clock Pessimism Removal (CPR):    -0.484ns
  Clock Uncertainty:      0.194ns  ((TSJ^2 + DJ^2)^1/2) / 2 + PE
    Total System Jitter     (TSJ):    0.071ns
    Discrete Jitter          (DJ):    0.129ns
    Phase Error              (PE):    0.120ns

    Location             Delay type                Incr(ns)  Path(ns)    Netlist Resource(s)
  -------------------------------------------------------------------    -------------------
                         (clock clk_out1_pll rise edge)
                                                      0.000     0.000 r  
    AD12                                              0.000     0.000 r  i_sys_clk_p (IN)
                         net (fo=0)                   0.000     0.000    pll_inst/inst/clk_in1_p
    AD12                                                              r  pll_inst/inst/clkin1_ibufgds/I
    AD12                 IBUFDS (Prop_ibufds_I_O)     0.388     0.388 r  pll_inst/inst/clkin1_ibufgds/O
                         net (fo=1, routed)           0.503     0.891    pll_inst/inst/clk_in1_pll
    PLLE2_ADV_X1Y1                                                    r  pll_inst/inst/plle2_adv_inst/CLKIN1
    PLLE2_ADV_X1Y1       PLLE2_ADV (Prop_plle2_adv_CLKIN1_CLKOUT0)
                                                     -2.908    -2.017 r  pll_inst/inst/plle2_adv_inst/CLKOUT0
                         net (fo=1, routed)           0.958    -1.059    pll_inst/inst/clk_out1_pll
    BUFGCTRL_X0Y1                                                     r  pll_inst/inst/clkout1_buf/I
    BUFGCTRL_X0Y1        BUFG (Prop_bufg_I_O)         0.026    -1.033 r  pll_inst/inst/clkout1_buf/O
                         net (fo=353, routed)         0.553    -0.480    student_top_inst/bridge_inst/counter_inst/CLK
    SLICE_X40Y225        FDRE                                         r  student_top_inst/bridge_inst/counter_inst/cnt_ms_reg[9]/C
  -------------------------------------------------------------------    -------------------
    SLICE_X40Y225        FDRE (Prop_fdre_C_Q)         0.100    -0.380 r  student_top_inst/bridge_inst/counter_inst/cnt_ms_reg[9]/Q
                         net (fo=2, routed)           0.199    -0.181    student_top_inst/u_KLDJ_top/cnt_rdata[9]
    SLICE_X43Y224                                                     r  student_top_inst/u_KLDJ_top/mem_wb_wb_data[9]_i_5/I3
    SLICE_X43Y224        LUT4 (Prop_lut4_I3_O)        0.028    -0.153 r  student_top_inst/u_KLDJ_top/mem_wb_wb_data[9]_i_5/O
                         net (fo=1, routed)           0.097    -0.056    student_top_inst/u_KLDJ_top/mem_wb_wb_data[9]_i_5_n_0
    SLICE_X41Y224                                                     r  student_top_inst/u_KLDJ_top/mem_wb_wb_data[9]_i_2/I4
    SLICE_X41Y224        LUT5 (Prop_lut5_I4_O)        0.028    -0.028 r  student_top_inst/u_KLDJ_top/mem_wb_wb_data[9]_i_2/O
                         net (fo=2, routed)           0.257     0.229    student_top_inst/u_KLDJ_top/perip_rdata[9]
    SLICE_X36Y233                                                     r  student_top_inst/u_KLDJ_top/mem_wb_wb_data[9]_i_1_comp_1/I4
    SLICE_X36Y233        LUT6 (Prop_lut6_I4_O)        0.028     0.257 r  student_top_inst/u_KLDJ_top/mem_wb_wb_data[9]_i_1_comp_1/O
                         net (fo=1, routed)           0.000     0.257    student_top_inst/u_KLDJ_top/mem_stage_wb_data[9]
    SLICE_X36Y233        FDRE                                         r  student_top_inst/u_KLDJ_top/mem_wb_wb_data_reg[9]/D
  -------------------------------------------------------------------    -------------------

                         (clock clk_out2_pll rise edge)
                                                      0.000     0.000 r  
    AD12                                              0.000     0.000 r  i_sys_clk_p (IN)
                         net (fo=0)                   0.000     0.000    pll_inst/inst/clk_in1_p
    AD12                                                              r  pll_inst/inst/clkin1_ibufgds/I
    AD12                 IBUFDS (Prop_ibufds_I_O)     0.470     0.470 r  pll_inst/inst/clkin1_ibufgds/O
                         net (fo=1, routed)           0.554     1.024    pll_inst/inst/clk_in1_pll
    PLLE2_ADV_X1Y1                                                    r  pll_inst/inst/plle2_adv_inst/CLKIN1
    PLLE2_ADV_X1Y1       PLLE2_ADV (Prop_plle2_adv_CLKIN1_CLKOUT1)
                                                     -3.524    -2.500 r  pll_inst/inst/plle2_adv_inst/CLKOUT1
                         net (fo=1, routed)           1.027    -1.473    pll_inst/inst/clk_out2_pll
    BUFGCTRL_X0Y0                                                     r  pll_inst/inst/clkout2_buf/I
    BUFGCTRL_X0Y0        BUFG (Prop_bufg_I_O)         0.030    -1.443 r  pll_inst/inst/clkout2_buf/O
                         net (fo=34657, routed)       0.765    -0.678    student_top_inst/u_KLDJ_top/clk_out2
    SLICE_X36Y233        FDRE                                         r  student_top_inst/u_KLDJ_top/mem_wb_wb_data_reg[9]/C
                         clock pessimism              0.484    -0.195    
                         clock uncertainty            0.194    -0.001    
    SLICE_X36Y233        FDRE (Hold_fdre_C_D)         0.060     0.059    student_top_inst/u_KLDJ_top/mem_wb_wb_data_reg[9]
  -------------------------------------------------------------------
                         required time                         -0.059    
                         arrival time                           0.257    
  -------------------------------------------------------------------
                         slack                                  0.198    

Slack (MET) :             0.217ns  (arrival time - required time)
  Source:                 student_top_inst/bridge_inst/counter_inst/cnt_ms_reg[17]/C
                            (rising edge-triggered cell FDRE clocked by clk_out1_pll  {rise@0.000ns fall@10.000ns period=20.000ns})
  Destination:            student_top_inst/u_KLDJ_top/mem_wb_wb_data_reg[17]/D
                            (rising edge-triggered cell FDRE clocked by clk_out2_pll  {rise@0.000ns fall@4.000ns period=8.000ns})
  Path Group:             clk_out2_pll
  Path Type:              Hold (Min at Fast Process Corner)
  Requirement:            0.000ns  (clk_out2_pll rise@0.000ns - clk_out1_pll rise@0.000ns)
  Data Path Delay:        0.752ns  (logic 0.156ns (20.752%)  route 0.596ns (79.248%))
  Logic Levels:           2  (LUT5=1 LUT6=1)
  Clock Path Skew:        0.281ns (DCD - SCD - CPR)
    Destination Clock Delay (DCD):    -0.680ns
    Source Clock Delay      (SCD):    -0.478ns
    Clock Pessimism Removal (CPR):    -0.484ns
  Clock Uncertainty:      0.194ns  ((TSJ^2 + DJ^2)^1/2) / 2 + PE
    Total System Jitter     (TSJ):    0.071ns
    Discrete Jitter          (DJ):    0.129ns
    Phase Error              (PE):    0.120ns

    Location             Delay type                Incr(ns)  Path(ns)    Netlist Resource(s)
  -------------------------------------------------------------------    -------------------
                         (clock clk_out1_pll rise edge)
                                                      0.000     0.000 r  
    AD12                                              0.000     0.000 r  i_sys_clk_p (IN)
                         net (fo=0)                   0.000     0.000    pll_inst/inst/clk_in1_p
    AD12                                                              r  pll_inst/inst/clkin1_ibufgds/I
    AD12                 IBUFDS (Prop_ibufds_I_O)     0.388     0.388 r  pll_inst/inst/clkin1_ibufgds/O
                         net (fo=1, routed)           0.503     0.891    pll_inst/inst/clk_in1_pll
    PLLE2_ADV_X1Y1                                                    r  pll_inst/inst/plle2_adv_inst/CLKIN1
    PLLE2_ADV_X1Y1       PLLE2_ADV (Prop_plle2_adv_CLKIN1_CLKOUT0)
                                                     -2.908    -2.017 r  pll_inst/inst/plle2_adv_inst/CLKOUT0
                         net (fo=1, routed)           0.958    -1.059    pll_inst/inst/clk_out1_pll
    BUFGCTRL_X0Y1                                                     r  pll_inst/inst/clkout1_buf/I
    BUFGCTRL_X0Y1        BUFG (Prop_bufg_I_O)         0.026    -1.033 r  pll_inst/inst/clkout1_buf/O
                         net (fo=353, routed)         0.555    -0.478    student_top_inst/bridge_inst/counter_inst/CLK
    SLICE_X40Y227        FDRE                                         r  student_top_inst/bridge_inst/counter_inst/cnt_ms_reg[17]/C
  -------------------------------------------------------------------    -------------------
    SLICE_X40Y227        FDRE (Prop_fdre_C_Q)         0.100    -0.378 r  student_top_inst/bridge_inst/counter_inst/cnt_ms_reg[17]/Q
                         net (fo=2, routed)           0.339    -0.039    student_top_inst/u_KLDJ_top/cnt_rdata[17]
    SLICE_X41Y229                                                     r  student_top_inst/u_KLDJ_top/mem_wb_wb_data[17]_i_2/I4
    SLICE_X41Y229        LUT6 (Prop_lut6_I4_O)        0.028    -0.011 r  student_top_inst/u_KLDJ_top/mem_wb_wb_data[17]_i_2/O
                         net (fo=2, routed)           0.257     0.246    student_top_inst/u_KLDJ_top/perip_rdata[17]
    SLICE_X41Y233                                                     r  student_top_inst/u_KLDJ_top/mem_wb_wb_data[17]_i_1/I4
    SLICE_X41Y233        LUT5 (Prop_lut5_I4_O)        0.028     0.274 r  student_top_inst/u_KLDJ_top/mem_wb_wb_data[17]_i_1/O
                         net (fo=1, routed)           0.000     0.274    student_top_inst/u_KLDJ_top/mem_stage_wb_data[17]
    SLICE_X41Y233        FDRE                                         r  student_top_inst/u_KLDJ_top/mem_wb_wb_data_reg[17]/D
  -------------------------------------------------------------------    -------------------

                         (clock clk_out2_pll rise edge)
                                                      0.000     0.000 r  
    AD12                                              0.000     0.000 r  i_sys_clk_p (IN)
                         net (fo=0)                   0.000     0.000    pll_inst/inst/clk_in1_p
    AD12                                                              r  pll_inst/inst/clkin1_ibufgds/I
    AD12                 IBUFDS (Prop_ibufds_I_O)     0.470     0.470 r  pll_inst/inst/clkin1_ibufgds/O
                         net (fo=1, routed)           0.554     1.024    pll_inst/inst/clk_in1_pll
    PLLE2_ADV_X1Y1                                                    r  pll_inst/inst/plle2_adv_inst/CLKIN1
    PLLE2_ADV_X1Y1       PLLE2_ADV (Prop_plle2_adv_CLKIN1_CLKOUT1)
                                                     -3.524    -2.500 r  pll_inst/inst/plle2_adv_inst/CLKOUT1
                         net (fo=1, routed)           1.027    -1.473    pll_inst/inst/clk_out2_pll
    BUFGCTRL_X0Y0                                                     r  pll_inst/inst/clkout2_buf/I
    BUFGCTRL_X0Y0        BUFG (Prop_bufg_I_O)         0.030    -1.443 r  pll_inst/inst/clkout2_buf/O
                         net (fo=34657, routed)       0.763    -0.680    student_top_inst/u_KLDJ_top/clk_out2
    SLICE_X41Y233        FDRE                                         r  student_top_inst/u_KLDJ_top/mem_wb_wb_data_reg[17]/C
                         clock pessimism              0.484    -0.197    
                         clock uncertainty            0.194    -0.003    
    SLICE_X41Y233        FDRE (Hold_fdre_C_D)         0.060     0.057    student_top_inst/u_KLDJ_top/mem_wb_wb_data_reg[17]
  -------------------------------------------------------------------
                         required time                         -0.057    
                         arrival time                           0.274    
  -------------------------------------------------------------------
                         slack                                  0.217    

Slack (MET) :             0.232ns  (arrival time - required time)
  Source:                 student_top_inst/bridge_inst/counter_inst/cnt_ms_reg[13]/C
                            (rising edge-triggered cell FDRE clocked by clk_out1_pll  {rise@0.000ns fall@10.000ns period=20.000ns})
  Destination:            student_top_inst/u_KLDJ_top/mem_wb_wb_data_reg[13]/D
                            (rising edge-triggered cell FDRE clocked by clk_out2_pll  {rise@0.000ns fall@4.000ns period=8.000ns})
  Path Group:             clk_out2_pll
  Path Type:              Hold (Min at Fast Process Corner)
  Requirement:            0.000ns  (clk_out2_pll rise@0.000ns - clk_out1_pll rise@0.000ns)
  Data Path Delay:        0.771ns  (logic 0.156ns (20.233%)  route 0.615ns (79.767%))
  Logic Levels:           2  (LUT4=1 LUT6=1)
  Clock Path Skew:        0.284ns (DCD - SCD - CPR)
    Destination Clock Delay (DCD):    -0.678ns
    Source Clock Delay      (SCD):    -0.479ns
    Clock Pessimism Removal (CPR):    -0.484ns
  Clock Uncertainty:      0.194ns  ((TSJ^2 + DJ^2)^1/2) / 2 + PE
    Total System Jitter     (TSJ):    0.071ns
    Discrete Jitter          (DJ):    0.129ns
    Phase Error              (PE):    0.120ns

    Location             Delay type                Incr(ns)  Path(ns)    Netlist Resource(s)
  -------------------------------------------------------------------    -------------------
                         (clock clk_out1_pll rise edge)
                                                      0.000     0.000 r  
    AD12                                              0.000     0.000 r  i_sys_clk_p (IN)
                         net (fo=0)                   0.000     0.000    pll_inst/inst/clk_in1_p
    AD12                                                              r  pll_inst/inst/clkin1_ibufgds/I
    AD12                 IBUFDS (Prop_ibufds_I_O)     0.388     0.388 r  pll_inst/inst/clkin1_ibufgds/O
                         net (fo=1, routed)           0.503     0.891    pll_inst/inst/clk_in1_pll
    PLLE2_ADV_X1Y1                                                    r  pll_inst/inst/plle2_adv_inst/CLKIN1
    PLLE2_ADV_X1Y1       PLLE2_ADV (Prop_plle2_adv_CLKIN1_CLKOUT0)
                                                     -2.908    -2.017 r  pll_inst/inst/plle2_adv_inst/CLKOUT0
                         net (fo=1, routed)           0.958    -1.059    pll_inst/inst/clk_out1_pll
    BUFGCTRL_X0Y1                                                     r  pll_inst/inst/clkout1_buf/I
    BUFGCTRL_X0Y1        BUFG (Prop_bufg_I_O)         0.026    -1.033 r  pll_inst/inst/clkout1_buf/O
                         net (fo=353, routed)         0.554    -0.479    student_top_inst/bridge_inst/counter_inst/CLK
    SLICE_X40Y226        FDRE                                         r  student_top_inst/bridge_inst/counter_inst/cnt_ms_reg[13]/C
  -------------------------------------------------------------------    -------------------
    SLICE_X40Y226        FDRE (Prop_fdre_C_Q)         0.100    -0.379 r  student_top_inst/bridge_inst/counter_inst/cnt_ms_reg[13]/Q
                         net (fo=2, routed)           0.363    -0.015    student_top_inst/u_KLDJ_top/cnt_rdata[13]
    SLICE_X39Y227                                                     r  student_top_inst/u_KLDJ_top/mem_wb_wb_data[13]_i_5/I1
    SLICE_X39Y227        LUT4 (Prop_lut4_I1_O)        0.028     0.013 r  student_top_inst/u_KLDJ_top/mem_wb_wb_data[13]_i_5/O
                         net (fo=3, routed)           0.252     0.264    student_top_inst/u_KLDJ_top/mem_wb_wb_data[13]_i_5_n_0
    SLICE_X36Y233                                                     r  student_top_inst/u_KLDJ_top/mem_wb_wb_data[13]_i_1_comp/I4
    SLICE_X36Y233        LUT6 (Prop_lut6_I4_O)        0.028     0.292 r  student_top_inst/u_KLDJ_top/mem_wb_wb_data[13]_i_1_comp/O
                         net (fo=1, routed)           0.000     0.292    student_top_inst/u_KLDJ_top/mem_stage_wb_data[13]
    SLICE_X36Y233        FDRE                                         r  student_top_inst/u_KLDJ_top/mem_wb_wb_data_reg[13]/D
  -------------------------------------------------------------------    -------------------

                         (clock clk_out2_pll rise edge)
                                                      0.000     0.000 r  
    AD12                                              0.000     0.000 r  i_sys_clk_p (IN)
                         net (fo=0)                   0.000     0.000    pll_inst/inst/clk_in1_p
    AD12                                                              r  pll_inst/inst/clkin1_ibufgds/I
    AD12                 IBUFDS (Prop_ibufds_I_O)     0.470     0.470 r  pll_inst/inst/clkin1_ibufgds/O
                         net (fo=1, routed)           0.554     1.024    pll_inst/inst/clk_in1_pll
    PLLE2_ADV_X1Y1                                                    r  pll_inst/inst/plle2_adv_inst/CLKIN1
    PLLE2_ADV_X1Y1       PLLE2_ADV (Prop_plle2_adv_CLKIN1_CLKOUT1)
                                                     -3.524    -2.500 r  pll_inst/inst/plle2_adv_inst/CLKOUT1
                         net (fo=1, routed)           1.027    -1.473    pll_inst/inst/clk_out2_pll
    BUFGCTRL_X0Y0                                                     r  pll_inst/inst/clkout2_buf/I
    BUFGCTRL_X0Y0        BUFG (Prop_bufg_I_O)         0.030    -1.443 r  pll_inst/inst/clkout2_buf/O
                         net (fo=34657, routed)       0.765    -0.678    student_top_inst/u_KLDJ_top/clk_out2
    SLICE_X36Y233        FDRE                                         r  student_top_inst/u_KLDJ_top/mem_wb_wb_data_reg[13]/C
                         clock pessimism              0.484    -0.195    
                         clock uncertainty            0.194    -0.001    
    SLICE_X36Y233        FDRE (Hold_fdre_C_D)         0.061     0.060    student_top_inst/u_KLDJ_top/mem_wb_wb_data_reg[13]
  -------------------------------------------------------------------
                         required time                         -0.060    
                         arrival time                           0.292    
  -------------------------------------------------------------------
                         slack                                  0.232    

Slack (MET) :             0.250ns  (arrival time - required time)
  Source:                 twin_controller_inst/sw_reg[44]/C
                            (rising edge-triggered cell FDCE clocked by clk_out1_pll  {rise@0.000ns fall@10.000ns period=20.000ns})
  Destination:            student_top_inst/u_KLDJ_top/mem_wb_wb_data_reg[12]/D
                            (rising edge-triggered cell FDRE clocked by clk_out2_pll  {rise@0.000ns fall@4.000ns period=8.000ns})
  Path Group:             clk_out2_pll
  Path Type:              Hold (Min at Fast Process Corner)
  Requirement:            0.000ns  (clk_out2_pll rise@0.000ns - clk_out1_pll rise@0.000ns)
  Data Path Delay:        0.787ns  (logic 0.184ns (23.371%)  route 0.603ns (76.629%))
  Logic Levels:           3  (LUT5=1 LUT6=2)
  Clock Path Skew:        0.283ns (DCD - SCD - CPR)
    Destination Clock Delay (DCD):    -0.679ns
    Source Clock Delay      (SCD):    -0.479ns
    Clock Pessimism Removal (CPR):    -0.484ns
  Clock Uncertainty:      0.194ns  ((TSJ^2 + DJ^2)^1/2) / 2 + PE
    Total System Jitter     (TSJ):    0.071ns
    Discrete Jitter          (DJ):    0.129ns
    Phase Error              (PE):    0.120ns

    Location             Delay type                Incr(ns)  Path(ns)    Netlist Resource(s)
  -------------------------------------------------------------------    -------------------
                         (clock clk_out1_pll rise edge)
                                                      0.000     0.000 r  
    AD12                                              0.000     0.000 r  i_sys_clk_p (IN)
                         net (fo=0)                   0.000     0.000    pll_inst/inst/clk_in1_p
    AD12                                                              r  pll_inst/inst/clkin1_ibufgds/I
    AD12                 IBUFDS (Prop_ibufds_I_O)     0.388     0.388 r  pll_inst/inst/clkin1_ibufgds/O
                         net (fo=1, routed)           0.503     0.891    pll_inst/inst/clk_in1_pll
    PLLE2_ADV_X1Y1                                                    r  pll_inst/inst/plle2_adv_inst/CLKIN1
    PLLE2_ADV_X1Y1       PLLE2_ADV (Prop_plle2_adv_CLKIN1_CLKOUT0)
                                                     -2.908    -2.017 r  pll_inst/inst/plle2_adv_inst/CLKOUT0
                         net (fo=1, routed)           0.958    -1.059    pll_inst/inst/clk_out1_pll
    BUFGCTRL_X0Y1                                                     r  pll_inst/inst/clkout1_buf/I
    BUFGCTRL_X0Y1        BUFG (Prop_bufg_I_O)         0.026    -1.033 r  pll_inst/inst/clkout1_buf/O
                         net (fo=353, routed)         0.554    -0.479    twin_controller_inst/CLK
    SLICE_X36Y226        FDCE                                         r  twin_controller_inst/sw_reg[44]/C
  -------------------------------------------------------------------    -------------------
    SLICE_X36Y226        FDCE (Prop_fdce_C_Q)         0.100    -0.379 r  twin_controller_inst/sw_reg[44]/Q
                         net (fo=3, routed)           0.167    -0.212    student_top_inst/u_KLDJ_top/virtual_sw[30]
    SLICE_X36Y227                                                     r  student_top_inst/u_KLDJ_top/mem_wb_wb_data[12]_i_4/I5
    SLICE_X36Y227        LUT6 (Prop_lut6_I5_O)        0.028    -0.184 r  student_top_inst/u_KLDJ_top/mem_wb_wb_data[12]_i_4/O
                         net (fo=1, routed)           0.201     0.017    student_top_inst/u_KLDJ_top/mem_wb_wb_data[12]_i_4_n_0
    SLICE_X41Y226                                                     r  student_top_inst/u_KLDJ_top/mem_wb_wb_data[12]_i_2/I1
    SLICE_X41Y226        LUT5 (Prop_lut5_I1_O)        0.028     0.045 r  student_top_inst/u_KLDJ_top/mem_wb_wb_data[12]_i_2/O
                         net (fo=2, routed)           0.236     0.281    student_top_inst/u_KLDJ_top/perip_rdata[12]
    SLICE_X37Y232                                                     r  student_top_inst/u_KLDJ_top/mem_wb_wb_data[12]_i_1_comp/I2
    SLICE_X37Y232        LUT6 (Prop_lut6_I2_O)        0.028     0.309 r  student_top_inst/u_KLDJ_top/mem_wb_wb_data[12]_i_1_comp/O
                         net (fo=1, routed)           0.000     0.309    student_top_inst/u_KLDJ_top/mem_stage_wb_data[12]
    SLICE_X37Y232        FDRE                                         r  student_top_inst/u_KLDJ_top/mem_wb_wb_data_reg[12]/D
  -------------------------------------------------------------------    -------------------

                         (clock clk_out2_pll rise edge)
                                                      0.000     0.000 r  
    AD12                                              0.000     0.000 r  i_sys_clk_p (IN)
                         net (fo=0)                   0.000     0.000    pll_inst/inst/clk_in1_p
    AD12                                                              r  pll_inst/inst/clkin1_ibufgds/I
    AD12                 IBUFDS (Prop_ibufds_I_O)     0.470     0.470 r  pll_inst/inst/clkin1_ibufgds/O
                         net (fo=1, routed)           0.554     1.024    pll_inst/inst/clk_in1_pll
    PLLE2_ADV_X1Y1                                                    r  pll_inst/inst/plle2_adv_inst/CLKIN1
    PLLE2_ADV_X1Y1       PLLE2_ADV (Prop_plle2_adv_CLKIN1_CLKOUT1)
                                                     -3.524    -2.500 r  pll_inst/inst/plle2_adv_inst/CLKOUT1
                         net (fo=1, routed)           1.027    -1.473    pll_inst/inst/clk_out2_pll
    BUFGCTRL_X0Y0                                                     r  pll_inst/inst/clkout2_buf/I
    BUFGCTRL_X0Y0        BUFG (Prop_bufg_I_O)         0.030    -1.443 r  pll_inst/inst/clkout2_buf/O
                         net (fo=34657, routed)       0.764    -0.679    student_top_inst/u_KLDJ_top/clk_out2
    SLICE_X37Y232        FDRE                                         r  student_top_inst/u_KLDJ_top/mem_wb_wb_data_reg[12]/C
                         clock pessimism              0.484    -0.196    
                         clock uncertainty            0.194    -0.002    
    SLICE_X37Y232        FDRE (Hold_fdre_C_D)         0.061     0.059    student_top_inst/u_KLDJ_top/mem_wb_wb_data_reg[12]
  -------------------------------------------------------------------
                         required time                         -0.059    
                         arrival time                           0.309    
  -------------------------------------------------------------------
                         slack                                  0.250    

Slack (MET) :             0.251ns  (arrival time - required time)
  Source:                 student_top_inst/bridge_inst/counter_inst/cnt_ms_reg[29]/C
                            (rising edge-triggered cell FDRE clocked by clk_out1_pll  {rise@0.000ns fall@10.000ns period=20.000ns})
  Destination:            student_top_inst/u_KLDJ_top/mem_wb_wb_data_reg[5]/D
                            (rising edge-triggered cell FDRE clocked by clk_out2_pll  {rise@0.000ns fall@4.000ns period=8.000ns})
  Path Group:             clk_out2_pll
  Path Type:              Hold (Min at Fast Process Corner)
  Requirement:            0.000ns  (clk_out2_pll rise@0.000ns - clk_out1_pll rise@0.000ns)
  Data Path Delay:        0.779ns  (logic 0.156ns (20.037%)  route 0.623ns (79.963%))
  Logic Levels:           2  (LUT6=2)
  Clock Path Skew:        0.274ns (DCD - SCD - CPR)
    Destination Clock Delay (DCD):    -0.684ns
    Source Clock Delay      (SCD):    -0.475ns
    Clock Pessimism Removal (CPR):    -0.484ns
  Clock Uncertainty:      0.194ns  ((TSJ^2 + DJ^2)^1/2) / 2 + PE
    Total System Jitter     (TSJ):    0.071ns
    Discrete Jitter          (DJ):    0.129ns
    Phase Error              (PE):    0.120ns

    Location             Delay type                Incr(ns)  Path(ns)    Netlist Resource(s)
  -------------------------------------------------------------------    -------------------
                         (clock clk_out1_pll rise edge)
                                                      0.000     0.000 r  
    AD12                                              0.000     0.000 r  i_sys_clk_p (IN)
                         net (fo=0)                   0.000     0.000    pll_inst/inst/clk_in1_p
    AD12                                                              r  pll_inst/inst/clkin1_ibufgds/I
    AD12                 IBUFDS (Prop_ibufds_I_O)     0.388     0.388 r  pll_inst/inst/clkin1_ibufgds/O
                         net (fo=1, routed)           0.503     0.891    pll_inst/inst/clk_in1_pll
    PLLE2_ADV_X1Y1                                                    r  pll_inst/inst/plle2_adv_inst/CLKIN1
    PLLE2_ADV_X1Y1       PLLE2_ADV (Prop_plle2_adv_CLKIN1_CLKOUT0)
                                                     -2.908    -2.017 r  pll_inst/inst/plle2_adv_inst/CLKOUT0
                         net (fo=1, routed)           0.958    -1.059    pll_inst/inst/clk_out1_pll
    BUFGCTRL_X0Y1                                                     r  pll_inst/inst/clkout1_buf/I
    BUFGCTRL_X0Y1        BUFG (Prop_bufg_I_O)         0.026    -1.033 r  pll_inst/inst/clkout1_buf/O
                         net (fo=353, routed)         0.558    -0.475    student_top_inst/bridge_inst/counter_inst/CLK
    SLICE_X40Y230        FDRE                                         r  student_top_inst/bridge_inst/counter_inst/cnt_ms_reg[29]/C
  -------------------------------------------------------------------    -------------------
    SLICE_X40Y230        FDRE (Prop_fdre_C_Q)         0.100    -0.375 r  student_top_inst/bridge_inst/counter_inst/cnt_ms_reg[29]/Q
                         net (fo=2, routed)           0.294    -0.081    student_top_inst/u_KLDJ_top/cnt_rdata[29]
    SLICE_X41Y230                                                     r  student_top_inst/u_KLDJ_top/mem_wb_wb_data[29]_i_2/I2
    SLICE_X41Y230        LUT6 (Prop_lut6_I2_O)        0.028    -0.053 r  student_top_inst/u_KLDJ_top/mem_wb_wb_data[29]_i_2/O
                         net (fo=3, routed)           0.329     0.276    student_top_inst/u_KLDJ_top/perip_rdata[29]
    SLICE_X33Y226                                                     r  student_top_inst/u_KLDJ_top/mem_wb_wb_data[5]_i_1_comp/I2
    SLICE_X33Y226        LUT6 (Prop_lut6_I2_O)        0.028     0.304 r  student_top_inst/u_KLDJ_top/mem_wb_wb_data[5]_i_1_comp/O
                         net (fo=1, routed)           0.000     0.304    student_top_inst/u_KLDJ_top/mem_stage_wb_data[5]
    SLICE_X33Y226        FDRE                                         r  student_top_inst/u_KLDJ_top/mem_wb_wb_data_reg[5]/D
  -------------------------------------------------------------------    -------------------

                         (clock clk_out2_pll rise edge)
                                                      0.000     0.000 r  
    AD12                                              0.000     0.000 r  i_sys_clk_p (IN)
                         net (fo=0)                   0.000     0.000    pll_inst/inst/clk_in1_p
    AD12                                                              r  pll_inst/inst/clkin1_ibufgds/I
    AD12                 IBUFDS (Prop_ibufds_I_O)     0.470     0.470 r  pll_inst/inst/clkin1_ibufgds/O
                         net (fo=1, routed)           0.554     1.024    pll_inst/inst/clk_in1_pll
    PLLE2_ADV_X1Y1                                                    r  pll_inst/inst/plle2_adv_inst/CLKIN1
    PLLE2_ADV_X1Y1       PLLE2_ADV (Prop_plle2_adv_CLKIN1_CLKOUT1)
                                                     -3.524    -2.500 r  pll_inst/inst/plle2_adv_inst/CLKOUT1
                         net (fo=1, routed)           1.027    -1.473    pll_inst/inst/clk_out2_pll
    BUFGCTRL_X0Y0                                                     r  pll_inst/inst/clkout2_buf/I
    BUFGCTRL_X0Y0        BUFG (Prop_bufg_I_O)         0.030    -1.443 r  pll_inst/inst/clkout2_buf/O
                         net (fo=34657, routed)       0.759    -0.684    student_top_inst/u_KLDJ_top/clk_out2
    SLICE_X33Y226        FDRE                                         r  student_top_inst/u_KLDJ_top/mem_wb_wb_data_reg[5]/C
                         clock pessimism              0.484    -0.201    
                         clock uncertainty            0.194    -0.007    
    SLICE_X33Y226        FDRE (Hold_fdre_C_D)         0.060     0.053    student_top_inst/u_KLDJ_top/mem_wb_wb_data_reg[5]
  -------------------------------------------------------------------
                         required time                         -0.053    
                         arrival time                           0.304    
  -------------------------------------------------------------------
                         slack                                  0.251    

Slack (MET) :             0.257ns  (arrival time - required time)
  Source:                 student_top_inst/bridge_inst/counter_inst/cnt_ms_reg[0]/C
                            (rising edge-triggered cell FDRE clocked by clk_out1_pll  {rise@0.000ns fall@10.000ns period=20.000ns})
  Destination:            student_top_inst/u_KLDJ_top/mem_wb_wb_data_reg[0]/D
                            (rising edge-triggered cell FDRE clocked by clk_out2_pll  {rise@0.000ns fall@4.000ns period=8.000ns})
  Path Group:             clk_out2_pll
  Path Type:              Hold (Min at Fast Process Corner)
  Requirement:            0.000ns  (clk_out2_pll rise@0.000ns - clk_out1_pll rise@0.000ns)
  Data Path Delay:        0.791ns  (logic 0.156ns (19.726%)  route 0.635ns (80.274%))
  Logic Levels:           2  (LUT5=1 LUT6=1)
  Clock Path Skew:        0.280ns (DCD - SCD - CPR)
    Destination Clock Delay (DCD):    -0.682ns
    Source Clock Delay      (SCD):    -0.479ns
    Clock Pessimism Removal (CPR):    -0.484ns
  Clock Uncertainty:      0.194ns  ((TSJ^2 + DJ^2)^1/2) / 2 + PE
    Total System Jitter     (TSJ):    0.071ns
    Discrete Jitter          (DJ):    0.129ns
    Phase Error              (PE):    0.120ns

    Location             Delay type                Incr(ns)  Path(ns)    Netlist Resource(s)
  -------------------------------------------------------------------    -------------------
                         (clock clk_out1_pll rise edge)
                                                      0.000     0.000 r  
    AD12                                              0.000     0.000 r  i_sys_clk_p (IN)
                         net (fo=0)                   0.000     0.000    pll_inst/inst/clk_in1_p
    AD12                                                              r  pll_inst/inst/clkin1_ibufgds/I
    AD12                 IBUFDS (Prop_ibufds_I_O)     0.388     0.388 r  pll_inst/inst/clkin1_ibufgds/O
                         net (fo=1, routed)           0.503     0.891    pll_inst/inst/clk_in1_pll
    PLLE2_ADV_X1Y1                                                    r  pll_inst/inst/plle2_adv_inst/CLKIN1
    PLLE2_ADV_X1Y1       PLLE2_ADV (Prop_plle2_adv_CLKIN1_CLKOUT0)
                                                     -2.908    -2.017 r  pll_inst/inst/plle2_adv_inst/CLKOUT0
                         net (fo=1, routed)           0.958    -1.059    pll_inst/inst/clk_out1_pll
    BUFGCTRL_X0Y1                                                     r  pll_inst/inst/clkout1_buf/I
    BUFGCTRL_X0Y1        BUFG (Prop_bufg_I_O)         0.026    -1.033 r  pll_inst/inst/clkout1_buf/O
                         net (fo=353, routed)         0.554    -0.479    student_top_inst/bridge_inst/counter_inst/CLK
    SLICE_X40Y223        FDRE                                         r  student_top_inst/bridge_inst/counter_inst/cnt_ms_reg[0]/C
  -------------------------------------------------------------------    -------------------
    SLICE_X40Y223        FDRE (Prop_fdre_C_Q)         0.100    -0.379 r  student_top_inst/bridge_inst/counter_inst/cnt_ms_reg[0]/Q
                         net (fo=2, routed)           0.338    -0.040    student_top_inst/u_KLDJ_top/cnt_rdata[0]
    SLICE_X41Y224                                                     r  student_top_inst/u_KLDJ_top/mem_wb_wb_data[0]_i_2/I3
    SLICE_X41Y224        LUT5 (Prop_lut5_I3_O)        0.028    -0.012 r  student_top_inst/u_KLDJ_top/mem_wb_wb_data[0]_i_2/O
                         net (fo=2, routed)           0.296     0.284    student_top_inst/u_KLDJ_top/perip_rdata[0]
    SLICE_X37Y229                                                     r  student_top_inst/u_KLDJ_top/mem_wb_wb_data[0]_i_1/I2
    SLICE_X37Y229        LUT6 (Prop_lut6_I2_O)        0.028     0.312 r  student_top_inst/u_KLDJ_top/mem_wb_wb_data[0]_i_1/O
                         net (fo=1, routed)           0.000     0.312    student_top_inst/u_KLDJ_top/mem_stage_wb_data[0]
    SLICE_X37Y229        FDRE                                         r  student_top_inst/u_KLDJ_top/mem_wb_wb_data_reg[0]/D
  -------------------------------------------------------------------    -------------------

                         (clock clk_out2_pll rise edge)
                                                      0.000     0.000 r  
    AD12                                              0.000     0.000 r  i_sys_clk_p (IN)
                         net (fo=0)                   0.000     0.000    pll_inst/inst/clk_in1_p
    AD12                                                              r  pll_inst/inst/clkin1_ibufgds/I
    AD12                 IBUFDS (Prop_ibufds_I_O)     0.470     0.470 r  pll_inst/inst/clkin1_ibufgds/O
                         net (fo=1, routed)           0.554     1.024    pll_inst/inst/clk_in1_pll
    PLLE2_ADV_X1Y1                                                    r  pll_inst/inst/plle2_adv_inst/CLKIN1
    PLLE2_ADV_X1Y1       PLLE2_ADV (Prop_plle2_adv_CLKIN1_CLKOUT1)
                                                     -3.524    -2.500 r  pll_inst/inst/plle2_adv_inst/CLKOUT1
                         net (fo=1, routed)           1.027    -1.473    pll_inst/inst/clk_out2_pll
    BUFGCTRL_X0Y0                                                     r  pll_inst/inst/clkout2_buf/I
    BUFGCTRL_X0Y0        BUFG (Prop_bufg_I_O)         0.030    -1.443 r  pll_inst/inst/clkout2_buf/O
                         net (fo=34657, routed)       0.761    -0.682    student_top_inst/u_KLDJ_top/clk_out2
    SLICE_X37Y229        FDRE                                         r  student_top_inst/u_KLDJ_top/mem_wb_wb_data_reg[0]/C
                         clock pessimism              0.484    -0.199    
                         clock uncertainty            0.194    -0.005    
    SLICE_X37Y229        FDRE (Hold_fdre_C_D)         0.060     0.055    student_top_inst/u_KLDJ_top/mem_wb_wb_data_reg[0]
  -------------------------------------------------------------------
                         required time                         -0.055    
                         arrival time                           0.312    
  -------------------------------------------------------------------
                         slack                                  0.257    

Slack (MET) :             0.261ns  (arrival time - required time)
  Source:                 student_top_inst/bridge_inst/counter_inst/cnt_ms_reg[23]/C
                            (rising edge-triggered cell FDRE clocked by clk_out1_pll  {rise@0.000ns fall@10.000ns period=20.000ns})
  Destination:            student_top_inst/u_KLDJ_top/mem_wb_wb_data_reg[23]/D
                            (rising edge-triggered cell FDRE clocked by clk_out2_pll  {rise@0.000ns fall@4.000ns period=8.000ns})
  Path Group:             clk_out2_pll
  Path Type:              Hold (Min at Fast Process Corner)
  Requirement:            0.000ns  (clk_out2_pll rise@0.000ns - clk_out1_pll rise@0.000ns)
  Data Path Delay:        0.796ns  (logic 0.184ns (23.112%)  route 0.612ns (76.888%))
  Logic Levels:           3  (LUT4=1 LUT5=2)
  Clock Path Skew:        0.281ns (DCD - SCD - CPR)
    Destination Clock Delay (DCD):    -0.679ns
    Source Clock Delay      (SCD):    -0.477ns
    Clock Pessimism Removal (CPR):    -0.484ns
  Clock Uncertainty:      0.194ns  ((TSJ^2 + DJ^2)^1/2) / 2 + PE
    Total System Jitter     (TSJ):    0.071ns
    Discrete Jitter          (DJ):    0.129ns
    Phase Error              (PE):    0.120ns

    Location             Delay type                Incr(ns)  Path(ns)    Netlist Resource(s)
  -------------------------------------------------------------------    -------------------
                         (clock clk_out1_pll rise edge)
                                                      0.000     0.000 r  
    AD12                                              0.000     0.000 r  i_sys_clk_p (IN)
                         net (fo=0)                   0.000     0.000    pll_inst/inst/clk_in1_p
    AD12                                                              r  pll_inst/inst/clkin1_ibufgds/I
    AD12                 IBUFDS (Prop_ibufds_I_O)     0.388     0.388 r  pll_inst/inst/clkin1_ibufgds/O
                         net (fo=1, routed)           0.503     0.891    pll_inst/inst/clk_in1_pll
    PLLE2_ADV_X1Y1                                                    r  pll_inst/inst/plle2_adv_inst/CLKIN1
    PLLE2_ADV_X1Y1       PLLE2_ADV (Prop_plle2_adv_CLKIN1_CLKOUT0)
                                                     -2.908    -2.017 r  pll_inst/inst/plle2_adv_inst/CLKOUT0
                         net (fo=1, routed)           0.958    -1.059    pll_inst/inst/clk_out1_pll
    BUFGCTRL_X0Y1                                                     r  pll_inst/inst/clkout1_buf/I
    BUFGCTRL_X0Y1        BUFG (Prop_bufg_I_O)         0.026    -1.033 r  pll_inst/inst/clkout1_buf/O
                         net (fo=353, routed)         0.556    -0.477    student_top_inst/bridge_inst/counter_inst/CLK
    SLICE_X40Y228        FDRE                                         r  student_top_inst/bridge_inst/counter_inst/cnt_ms_reg[23]/C
  -------------------------------------------------------------------    -------------------
    SLICE_X40Y228        FDRE (Prop_fdre_C_Q)         0.100    -0.377 r  student_top_inst/bridge_inst/counter_inst/cnt_ms_reg[23]/Q
                         net (fo=2, routed)           0.300    -0.077    student_top_inst/u_KLDJ_top/cnt_rdata[23]
    SLICE_X39Y235                                                     r  student_top_inst/u_KLDJ_top/mem_wb_wb_data[23]_i_4/I3
    SLICE_X39Y235        LUT4 (Prop_lut4_I3_O)        0.028    -0.049 r  student_top_inst/u_KLDJ_top/mem_wb_wb_data[23]_i_4/O
                         net (fo=1, routed)           0.143     0.094    student_top_inst/u_KLDJ_top/mem_wb_wb_data[23]_i_4_n_0
    SLICE_X39Y235                                                     r  student_top_inst/u_KLDJ_top/mem_wb_wb_data[23]_i_2/I4
    SLICE_X39Y235        LUT5 (Prop_lut5_I4_O)        0.028     0.122 r  student_top_inst/u_KLDJ_top/mem_wb_wb_data[23]_i_2/O
                         net (fo=4, routed)           0.170     0.292    student_top_inst/u_KLDJ_top/perip_rdata[23]
    SLICE_X39Y234                                                     r  student_top_inst/u_KLDJ_top/mem_wb_wb_data[23]_i_1/I4
    SLICE_X39Y234        LUT5 (Prop_lut5_I4_O)        0.028     0.320 r  student_top_inst/u_KLDJ_top/mem_wb_wb_data[23]_i_1/O
                         net (fo=1, routed)           0.000     0.320    student_top_inst/u_KLDJ_top/mem_stage_wb_data[23]
    SLICE_X39Y234        FDRE                                         r  student_top_inst/u_KLDJ_top/mem_wb_wb_data_reg[23]/D
  -------------------------------------------------------------------    -------------------

                         (clock clk_out2_pll rise edge)
                                                      0.000     0.000 r  
    AD12                                              0.000     0.000 r  i_sys_clk_p (IN)
                         net (fo=0)                   0.000     0.000    pll_inst/inst/clk_in1_p
    AD12                                                              r  pll_inst/inst/clkin1_ibufgds/I
    AD12                 IBUFDS (Prop_ibufds_I_O)     0.470     0.470 r  pll_inst/inst/clkin1_ibufgds/O
                         net (fo=1, routed)           0.554     1.024    pll_inst/inst/clk_in1_pll
    PLLE2_ADV_X1Y1                                                    r  pll_inst/inst/plle2_adv_inst/CLKIN1
    PLLE2_ADV_X1Y1       PLLE2_ADV (Prop_plle2_adv_CLKIN1_CLKOUT1)
                                                     -3.524    -2.500 r  pll_inst/inst/plle2_adv_inst/CLKOUT1
                         net (fo=1, routed)           1.027    -1.473    pll_inst/inst/clk_out2_pll
    BUFGCTRL_X0Y0                                                     r  pll_inst/inst/clkout2_buf/I
    BUFGCTRL_X0Y0        BUFG (Prop_bufg_I_O)         0.030    -1.443 r  pll_inst/inst/clkout2_buf/O
                         net (fo=34657, routed)       0.764    -0.679    student_top_inst/u_KLDJ_top/clk_out2
    SLICE_X39Y234        FDRE                                         r  student_top_inst/u_KLDJ_top/mem_wb_wb_data_reg[23]/C
                         clock pessimism              0.484    -0.196    
                         clock uncertainty            0.194    -0.002    
    SLICE_X39Y234        FDRE (Hold_fdre_C_D)         0.060     0.058    student_top_inst/u_KLDJ_top/mem_wb_wb_data_reg[23]
  -------------------------------------------------------------------
                         required time                         -0.058    
                         arrival time                           0.320    
  -------------------------------------------------------------------
                         slack                                  0.261    

Slack (MET) :             0.267ns  (arrival time - required time)
  Source:                 student_top_inst/bridge_inst/counter_inst/cnt_ms_reg[14]/C
                            (rising edge-triggered cell FDRE clocked by clk_out1_pll  {rise@0.000ns fall@10.000ns period=20.000ns})
  Destination:            student_top_inst/u_KLDJ_top/mem_wb_wb_data_reg[14]/D
                            (rising edge-triggered cell FDRE clocked by clk_out2_pll  {rise@0.000ns fall@4.000ns period=8.000ns})
  Path Group:             clk_out2_pll
  Path Type:              Hold (Min at Fast Process Corner)
  Requirement:            0.000ns  (clk_out2_pll rise@0.000ns - clk_out1_pll rise@0.000ns)
  Data Path Delay:        0.804ns  (logic 0.156ns (19.414%)  route 0.648ns (80.586%))
  Logic Levels:           2  (LUT6=2)
  Clock Path Skew:        0.283ns (DCD - SCD - CPR)
    Destination Clock Delay (DCD):    -0.679ns
    Source Clock Delay      (SCD):    -0.479ns
    Clock Pessimism Removal (CPR):    -0.484ns
  Clock Uncertainty:      0.194ns  ((TSJ^2 + DJ^2)^1/2) / 2 + PE
    Total System Jitter     (TSJ):    0.071ns
    Discrete Jitter          (DJ):    0.129ns
    Phase Error              (PE):    0.120ns

    Location             Delay type                Incr(ns)  Path(ns)    Netlist Resource(s)
  -------------------------------------------------------------------    -------------------
                         (clock clk_out1_pll rise edge)
                                                      0.000     0.000 r  
    AD12                                              0.000     0.000 r  i_sys_clk_p (IN)
                         net (fo=0)                   0.000     0.000    pll_inst/inst/clk_in1_p
    AD12                                                              r  pll_inst/inst/clkin1_ibufgds/I
    AD12                 IBUFDS (Prop_ibufds_I_O)     0.388     0.388 r  pll_inst/inst/clkin1_ibufgds/O
                         net (fo=1, routed)           0.503     0.891    pll_inst/inst/clk_in1_pll
    PLLE2_ADV_X1Y1                                                    r  pll_inst/inst/plle2_adv_inst/CLKIN1
    PLLE2_ADV_X1Y1       PLLE2_ADV (Prop_plle2_adv_CLKIN1_CLKOUT0)
                                                     -2.908    -2.017 r  pll_inst/inst/plle2_adv_inst/CLKOUT0
                         net (fo=1, routed)           0.958    -1.059    pll_inst/inst/clk_out1_pll
    BUFGCTRL_X0Y1                                                     r  pll_inst/inst/clkout1_buf/I
    BUFGCTRL_X0Y1        BUFG (Prop_bufg_I_O)         0.026    -1.033 r  pll_inst/inst/clkout1_buf/O
                         net (fo=353, routed)         0.554    -0.479    student_top_inst/bridge_inst/counter_inst/CLK
    SLICE_X40Y226        FDRE                                         r  student_top_inst/bridge_inst/counter_inst/cnt_ms_reg[14]/C
  -------------------------------------------------------------------    -------------------
    SLICE_X40Y226        FDRE (Prop_fdre_C_Q)         0.100    -0.379 r  student_top_inst/bridge_inst/counter_inst/cnt_ms_reg[14]/Q
                         net (fo=2, routed)           0.348    -0.031    student_top_inst/u_KLDJ_top/cnt_rdata[14]
    SLICE_X41Y226                                                     r  student_top_inst/u_KLDJ_top/mem_wb_wb_data[14]_i_2/I2
    SLICE_X41Y226        LUT6 (Prop_lut6_I2_O)        0.028    -0.003 r  student_top_inst/u_KLDJ_top/mem_wb_wb_data[14]_i_2/O
                         net (fo=3, routed)           0.300     0.297    student_top_inst/u_KLDJ_top/perip_rdata[14]
    SLICE_X36Y232                                                     r  student_top_inst/u_KLDJ_top/mem_wb_wb_data[14]_i_1/I2
    SLICE_X36Y232        LUT6 (Prop_lut6_I2_O)        0.028     0.325 r  student_top_inst/u_KLDJ_top/mem_wb_wb_data[14]_i_1/O
                         net (fo=1, routed)           0.000     0.325    student_top_inst/u_KLDJ_top/mem_stage_wb_data[14]
    SLICE_X36Y232        FDRE                                         r  student_top_inst/u_KLDJ_top/mem_wb_wb_data_reg[14]/D
  -------------------------------------------------------------------    -------------------

                         (clock clk_out2_pll rise edge)
                                                      0.000     0.000 r  
    AD12                                              0.000     0.000 r  i_sys_clk_p (IN)
                         net (fo=0)                   0.000     0.000    pll_inst/inst/clk_in1_p
    AD12                                                              r  pll_inst/inst/clkin1_ibufgds/I
    AD12                 IBUFDS (Prop_ibufds_I_O)     0.470     0.470 r  pll_inst/inst/clkin1_ibufgds/O
                         net (fo=1, routed)           0.554     1.024    pll_inst/inst/clk_in1_pll
    PLLE2_ADV_X1Y1                                                    r  pll_inst/inst/plle2_adv_inst/CLKIN1
    PLLE2_ADV_X1Y1       PLLE2_ADV (Prop_plle2_adv_CLKIN1_CLKOUT1)
                                                     -3.524    -2.500 r  pll_inst/inst/plle2_adv_inst/CLKOUT1
                         net (fo=1, routed)           1.027    -1.473    pll_inst/inst/clk_out2_pll
    BUFGCTRL_X0Y0                                                     r  pll_inst/inst/clkout2_buf/I
    BUFGCTRL_X0Y0        BUFG (Prop_bufg_I_O)         0.030    -1.443 r  pll_inst/inst/clkout2_buf/O
                         net (fo=34657, routed)       0.764    -0.679    student_top_inst/u_KLDJ_top/clk_out2
    SLICE_X36Y232        FDRE                                         r  student_top_inst/u_KLDJ_top/mem_wb_wb_data_reg[14]/C
                         clock pessimism              0.484    -0.196    
                         clock uncertainty            0.194    -0.002    
    SLICE_X36Y232        FDRE (Hold_fdre_C_D)         0.060     0.058    student_top_inst/u_KLDJ_top/mem_wb_wb_data_reg[14]
  -------------------------------------------------------------------
                         required time                         -0.058    
                         arrival time                           0.325    
  -------------------------------------------------------------------
                         slack                                  0.267    

Slack (MET) :             0.272ns  (arrival time - required time)
  Source:                 twin_controller_inst/sw_reg[21]/C
                            (rising edge-triggered cell FDCE clocked by clk_out1_pll  {rise@0.000ns fall@10.000ns period=20.000ns})
  Destination:            student_top_inst/u_KLDJ_top/mem_wb_wb_data_reg[21]/D
                            (rising edge-triggered cell FDRE clocked by clk_out2_pll  {rise@0.000ns fall@4.000ns period=8.000ns})
  Path Group:             clk_out2_pll
  Path Type:              Hold (Min at Fast Process Corner)
  Requirement:            0.000ns  (clk_out2_pll rise@0.000ns - clk_out1_pll rise@0.000ns)
  Data Path Delay:        0.803ns  (logic 0.184ns (22.905%)  route 0.619ns (77.095%))
  Logic Levels:           3  (LUT5=2 LUT6=1)
  Clock Path Skew:        0.278ns (DCD - SCD - CPR)
    Destination Clock Delay (DCD):    -0.680ns
    Source Clock Delay      (SCD):    -0.475ns
    Clock Pessimism Removal (CPR):    -0.484ns
  Clock Uncertainty:      0.194ns  ((TSJ^2 + DJ^2)^1/2) / 2 + PE
    Total System Jitter     (TSJ):    0.071ns
    Discrete Jitter          (DJ):    0.129ns
    Phase Error              (PE):    0.120ns

    Location             Delay type                Incr(ns)  Path(ns)    Netlist Resource(s)
  -------------------------------------------------------------------    -------------------
                         (clock clk_out1_pll rise edge)
                                                      0.000     0.000 r  
    AD12                                              0.000     0.000 r  i_sys_clk_p (IN)
                         net (fo=0)                   0.000     0.000    pll_inst/inst/clk_in1_p
    AD12                                                              r  pll_inst/inst/clkin1_ibufgds/I
    AD12                 IBUFDS (Prop_ibufds_I_O)     0.388     0.388 r  pll_inst/inst/clkin1_ibufgds/O
                         net (fo=1, routed)           0.503     0.891    pll_inst/inst/clk_in1_pll
    PLLE2_ADV_X1Y1                                                    r  pll_inst/inst/plle2_adv_inst/CLKIN1
    PLLE2_ADV_X1Y1       PLLE2_ADV (Prop_plle2_adv_CLKIN1_CLKOUT0)
                                                     -2.908    -2.017 r  pll_inst/inst/plle2_adv_inst/CLKOUT0
                         net (fo=1, routed)           0.958    -1.059    pll_inst/inst/clk_out1_pll
    BUFGCTRL_X0Y1                                                     r  pll_inst/inst/clkout1_buf/I
    BUFGCTRL_X0Y1        BUFG (Prop_bufg_I_O)         0.026    -1.033 r  pll_inst/inst/clkout1_buf/O
                         net (fo=353, routed)         0.558    -0.475    twin_controller_inst/CLK
    SLICE_X35Y227        FDCE                                         r  twin_controller_inst/sw_reg[21]/C
  -------------------------------------------------------------------    -------------------
    SLICE_X35Y227        FDCE (Prop_fdce_C_Q)         0.100    -0.375 r  twin_controller_inst/sw_reg[21]/Q
                         net (fo=3, routed)           0.195    -0.179    student_top_inst/u_KLDJ_top/virtual_sw[14]
    SLICE_X32Y227                                                     r  student_top_inst/u_KLDJ_top/mem_wb_wb_data[21]_i_3/I4
    SLICE_X32Y227        LUT6 (Prop_lut6_I4_O)        0.028    -0.151 r  student_top_inst/u_KLDJ_top/mem_wb_wb_data[21]_i_3/O
                         net (fo=1, routed)           0.170     0.019    student_top_inst/u_KLDJ_top/mem_wb_wb_data[21]_i_3_n_0
    SLICE_X33Y228                                                     r  student_top_inst/u_KLDJ_top/mem_wb_wb_data[21]_i_2/I1
    SLICE_X33Y228        LUT5 (Prop_lut5_I1_O)        0.028     0.047 r  student_top_inst/u_KLDJ_top/mem_wb_wb_data[21]_i_2/O
                         net (fo=2, routed)           0.254     0.301    student_top_inst/u_KLDJ_top/perip_rdata[21]
    SLICE_X40Y233                                                     r  student_top_inst/u_KLDJ_top/mem_wb_wb_data[21]_i_1/I4
    SLICE_X40Y233        LUT5 (Prop_lut5_I4_O)        0.028     0.329 r  student_top_inst/u_KLDJ_top/mem_wb_wb_data[21]_i_1/O
                         net (fo=1, routed)           0.000     0.329    student_top_inst/u_KLDJ_top/mem_stage_wb_data[21]
    SLICE_X40Y233        FDRE                                         r  student_top_inst/u_KLDJ_top/mem_wb_wb_data_reg[21]/D
  -------------------------------------------------------------------    -------------------

                         (clock clk_out2_pll rise edge)
                                                      0.000     0.000 r  
    AD12                                              0.000     0.000 r  i_sys_clk_p (IN)
                         net (fo=0)                   0.000     0.000    pll_inst/inst/clk_in1_p
    AD12                                                              r  pll_inst/inst/clkin1_ibufgds/I
    AD12                 IBUFDS (Prop_ibufds_I_O)     0.470     0.470 r  pll_inst/inst/clkin1_ibufgds/O
                         net (fo=1, routed)           0.554     1.024    pll_inst/inst/clk_in1_pll
    PLLE2_ADV_X1Y1                                                    r  pll_inst/inst/plle2_adv_inst/CLKIN1
    PLLE2_ADV_X1Y1       PLLE2_ADV (Prop_plle2_adv_CLKIN1_CLKOUT1)
                                                     -3.524    -2.500 r  pll_inst/inst/plle2_adv_inst/CLKOUT1
                         net (fo=1, routed)           1.027    -1.473    pll_inst/inst/clk_out2_pll
    BUFGCTRL_X0Y0                                                     r  pll_inst/inst/clkout2_buf/I
    BUFGCTRL_X0Y0        BUFG (Prop_bufg_I_O)         0.030    -1.443 r  pll_inst/inst/clkout2_buf/O
                         net (fo=34657, routed)       0.763    -0.680    student_top_inst/u_KLDJ_top/clk_out2
    SLICE_X40Y233        FDRE                                         r  student_top_inst/u_KLDJ_top/mem_wb_wb_data_reg[21]/C
                         clock pessimism              0.484    -0.197    
                         clock uncertainty            0.194    -0.003    
    SLICE_X40Y233        FDRE (Hold_fdre_C_D)         0.060     0.057    student_top_inst/u_KLDJ_top/mem_wb_wb_data_reg[21]
  -------------------------------------------------------------------
                         required time                         -0.057    
                         arrival time                           0.329    
  -------------------------------------------------------------------
                         slack                                  0.272    

Slack (MET) :             0.291ns  (arrival time - required time)
  Source:                 student_top_inst/bridge_inst/counter_inst/cnt_ms_reg[20]/C
                            (rising edge-triggered cell FDRE clocked by clk_out1_pll  {rise@0.000ns fall@10.000ns period=20.000ns})
  Destination:            student_top_inst/u_KLDJ_top/mem_wb_wb_data_reg[4]/D
                            (rising edge-triggered cell FDRE clocked by clk_out2_pll  {rise@0.000ns fall@4.000ns period=8.000ns})
  Path Group:             clk_out2_pll
  Path Type:              Hold (Min at Fast Process Corner)
  Requirement:            0.000ns  (clk_out2_pll rise@0.000ns - clk_out1_pll rise@0.000ns)
  Data Path Delay:        0.825ns  (logic 0.184ns (22.300%)  route 0.641ns (77.700%))
  Logic Levels:           3  (LUT3=1 LUT6=2)
  Clock Path Skew:        0.280ns (DCD - SCD - CPR)
    Destination Clock Delay (DCD):    -0.680ns
    Source Clock Delay      (SCD):    -0.477ns
    Clock Pessimism Removal (CPR):    -0.484ns
  Clock Uncertainty:      0.194ns  ((TSJ^2 + DJ^2)^1/2) / 2 + PE
    Total System Jitter     (TSJ):    0.071ns
    Discrete Jitter          (DJ):    0.129ns
    Phase Error              (PE):    0.120ns

    Location             Delay type                Incr(ns)  Path(ns)    Netlist Resource(s)
  -------------------------------------------------------------------    -------------------
                         (clock clk_out1_pll rise edge)
                                                      0.000     0.000 r  
    AD12                                              0.000     0.000 r  i_sys_clk_p (IN)
                         net (fo=0)                   0.000     0.000    pll_inst/inst/clk_in1_p
    AD12                                                              r  pll_inst/inst/clkin1_ibufgds/I
    AD12                 IBUFDS (Prop_ibufds_I_O)     0.388     0.388 r  pll_inst/inst/clkin1_ibufgds/O
                         net (fo=1, routed)           0.503     0.891    pll_inst/inst/clk_in1_pll
    PLLE2_ADV_X1Y1                                                    r  pll_inst/inst/plle2_adv_inst/CLKIN1
    PLLE2_ADV_X1Y1       PLLE2_ADV (Prop_plle2_adv_CLKIN1_CLKOUT0)
                                                     -2.908    -2.017 r  pll_inst/inst/plle2_adv_inst/CLKOUT0
                         net (fo=1, routed)           0.958    -1.059    pll_inst/inst/clk_out1_pll
    BUFGCTRL_X0Y1                                                     r  pll_inst/inst/clkout1_buf/I
    BUFGCTRL_X0Y1        BUFG (Prop_bufg_I_O)         0.026    -1.033 r  pll_inst/inst/clkout1_buf/O
                         net (fo=353, routed)         0.556    -0.477    student_top_inst/bridge_inst/counter_inst/CLK
    SLICE_X40Y228        FDRE                                         r  student_top_inst/bridge_inst/counter_inst/cnt_ms_reg[20]/C
  -------------------------------------------------------------------    -------------------
    SLICE_X40Y228        FDRE (Prop_fdre_C_Q)         0.100    -0.377 r  student_top_inst/bridge_inst/counter_inst/cnt_ms_reg[20]/Q
                         net (fo=2, routed)           0.277    -0.099    student_top_inst/u_KLDJ_top/cnt_rdata[20]
    SLICE_X41Y230                                                     r  student_top_inst/u_KLDJ_top/mem_wb_wb_data[20]_i_2/I4
    SLICE_X41Y230        LUT6 (Prop_lut6_I4_O)        0.028    -0.071 r  student_top_inst/u_KLDJ_top/mem_wb_wb_data[20]_i_2/O
                         net (fo=2, routed)           0.241     0.170    student_top_inst/u_KLDJ_top/perip_rdata[20]
    SLICE_X44Y236                                                     r  student_top_inst/u_KLDJ_top/mem_wb_wb_data[4]_i_2/I4
    SLICE_X44Y236        LUT6 (Prop_lut6_I4_O)        0.028     0.198 r  student_top_inst/u_KLDJ_top/mem_wb_wb_data[4]_i_2/O
                         net (fo=1, routed)           0.123     0.321    student_top_inst/u_KLDJ_top/mem_wb_wb_data[4]_i_2_n_0
    SLICE_X44Y235                                                     r  student_top_inst/u_KLDJ_top/mem_wb_wb_data[4]_i_1/I2
    SLICE_X44Y235        LUT3 (Prop_lut3_I2_O)        0.028     0.349 r  student_top_inst/u_KLDJ_top/mem_wb_wb_data[4]_i_1/O
                         net (fo=1, routed)           0.000     0.349    student_top_inst/u_KLDJ_top/mem_stage_wb_data[4]
    SLICE_X44Y235        FDRE                                         r  student_top_inst/u_KLDJ_top/mem_wb_wb_data_reg[4]/D
  -------------------------------------------------------------------    -------------------

                         (clock clk_out2_pll rise edge)
                                                      0.000     0.000 r  
    AD12                                              0.000     0.000 r  i_sys_clk_p (IN)
                         net (fo=0)                   0.000     0.000    pll_inst/inst/clk_in1_p
    AD12                                                              r  pll_inst/inst/clkin1_ibufgds/I
    AD12                 IBUFDS (Prop_ibufds_I_O)     0.470     0.470 r  pll_inst/inst/clkin1_ibufgds/O
                         net (fo=1, routed)           0.554     1.024    pll_inst/inst/clk_in1_pll
    PLLE2_ADV_X1Y1                                                    r  pll_inst/inst/plle2_adv_inst/CLKIN1
    PLLE2_ADV_X1Y1       PLLE2_ADV (Prop_plle2_adv_CLKIN1_CLKOUT1)
                                                     -3.524    -2.500 r  pll_inst/inst/plle2_adv_inst/CLKOUT1
                         net (fo=1, routed)           1.027    -1.473    pll_inst/inst/clk_out2_pll
    BUFGCTRL_X0Y0                                                     r  pll_inst/inst/clkout2_buf/I
    BUFGCTRL_X0Y0        BUFG (Prop_bufg_I_O)         0.030    -1.443 r  pll_inst/inst/clkout2_buf/O
                         net (fo=34657, routed)       0.763    -0.680    student_top_inst/u_KLDJ_top/clk_out2
    SLICE_X44Y235        FDRE                                         r  student_top_inst/u_KLDJ_top/mem_wb_wb_data_reg[4]/C
                         clock pessimism              0.484    -0.197    
                         clock uncertainty            0.194    -0.003    
    SLICE_X44Y235        FDRE (Hold_fdre_C_D)         0.060     0.057    student_top_inst/u_KLDJ_top/mem_wb_wb_data_reg[4]
  -------------------------------------------------------------------
                         required time                         -0.057    
                         arrival time                           0.349    
  -------------------------------------------------------------------
                         slack                                  0.291    

Slack (MET) :             0.303ns  (arrival time - required time)
  Source:                 student_top_inst/bridge_inst/counter_inst/cnt_ms_reg[1]/C
                            (rising edge-triggered cell FDRE clocked by clk_out1_pll  {rise@0.000ns fall@10.000ns period=20.000ns})
  Destination:            student_top_inst/u_KLDJ_top/mem_wb_wb_data_reg[1]/D
                            (rising edge-triggered cell FDRE clocked by clk_out2_pll  {rise@0.000ns fall@4.000ns period=8.000ns})
  Path Group:             clk_out2_pll
  Path Type:              Hold (Min at Fast Process Corner)
  Requirement:            0.000ns  (clk_out2_pll rise@0.000ns - clk_out1_pll rise@0.000ns)
  Data Path Delay:        0.837ns  (logic 0.184ns (21.985%)  route 0.653ns (78.015%))
  Logic Levels:           3  (LUT3=1 LUT6=2)
  Clock Path Skew:        0.279ns (DCD - SCD - CPR)
    Destination Clock Delay (DCD):    -0.683ns
    Source Clock Delay      (SCD):    -0.479ns
    Clock Pessimism Removal (CPR):    -0.484ns
  Clock Uncertainty:      0.194ns  ((TSJ^2 + DJ^2)^1/2) / 2 + PE
    Total System Jitter     (TSJ):    0.071ns
    Discrete Jitter          (DJ):    0.129ns
    Phase Error              (PE):    0.120ns

    Location             Delay type                Incr(ns)  Path(ns)    Netlist Resource(s)
  -------------------------------------------------------------------    -------------------
                         (clock clk_out1_pll rise edge)
                                                      0.000     0.000 r  
    AD12                                              0.000     0.000 r  i_sys_clk_p (IN)
                         net (fo=0)                   0.000     0.000    pll_inst/inst/clk_in1_p
    AD12                                                              r  pll_inst/inst/clkin1_ibufgds/I
    AD12                 IBUFDS (Prop_ibufds_I_O)     0.388     0.388 r  pll_inst/inst/clkin1_ibufgds/O
                         net (fo=1, routed)           0.503     0.891    pll_inst/inst/clk_in1_pll
    PLLE2_ADV_X1Y1                                                    r  pll_inst/inst/plle2_adv_inst/CLKIN1
    PLLE2_ADV_X1Y1       PLLE2_ADV (Prop_plle2_adv_CLKIN1_CLKOUT0)
                                                     -2.908    -2.017 r  pll_inst/inst/plle2_adv_inst/CLKOUT0
                         net (fo=1, routed)           0.958    -1.059    pll_inst/inst/clk_out1_pll
    BUFGCTRL_X0Y1                                                     r  pll_inst/inst/clkout1_buf/I
    BUFGCTRL_X0Y1        BUFG (Prop_bufg_I_O)         0.026    -1.033 r  pll_inst/inst/clkout1_buf/O
                         net (fo=353, routed)         0.554    -0.479    student_top_inst/bridge_inst/counter_inst/CLK
    SLICE_X40Y223        FDRE                                         r  student_top_inst/bridge_inst/counter_inst/cnt_ms_reg[1]/C
  -------------------------------------------------------------------    -------------------
    SLICE_X40Y223        FDRE (Prop_fdre_C_Q)         0.100    -0.379 r  student_top_inst/bridge_inst/counter_inst/cnt_ms_reg[1]/Q
                         net (fo=2, routed)           0.273    -0.105    student_top_inst/u_KLDJ_top/cnt_rdata[1]
    SLICE_X35Y222                                                     r  student_top_inst/u_KLDJ_top/mem_wb_wb_data[1]_i_3/I2
    SLICE_X35Y222        LUT6 (Prop_lut6_I2_O)        0.028    -0.077 r  student_top_inst/u_KLDJ_top/mem_wb_wb_data[1]_i_3/O
                         net (fo=1, routed)           0.254     0.176    student_top_inst/u_KLDJ_top/perip_rdata[1]
    SLICE_X37Y229                                                     r  student_top_inst/u_KLDJ_top/mem_wb_wb_data[1]_i_2/I5
    SLICE_X37Y229        LUT6 (Prop_lut6_I5_O)        0.028     0.204 r  student_top_inst/u_KLDJ_top/mem_wb_wb_data[1]_i_2/O
                         net (fo=1, routed)           0.126     0.330    student_top_inst/u_KLDJ_top/mem_wb_wb_data[1]_i_2_n_0
    SLICE_X39Y230                                                     r  student_top_inst/u_KLDJ_top/mem_wb_wb_data[1]_i_1/I2
    SLICE_X39Y230        LUT3 (Prop_lut3_I2_O)        0.028     0.358 r  student_top_inst/u_KLDJ_top/mem_wb_wb_data[1]_i_1/O
                         net (fo=1, routed)           0.000     0.358    student_top_inst/u_KLDJ_top/mem_stage_wb_data[1]
    SLICE_X39Y230        FDRE                                         r  student_top_inst/u_KLDJ_top/mem_wb_wb_data_reg[1]/D
  -------------------------------------------------------------------    -------------------

                         (clock clk_out2_pll rise edge)
                                                      0.000     0.000 r  
    AD12                                              0.000     0.000 r  i_sys_clk_p (IN)
                         net (fo=0)                   0.000     0.000    pll_inst/inst/clk_in1_p
    AD12                                                              r  pll_inst/inst/clkin1_ibufgds/I
    AD12                 IBUFDS (Prop_ibufds_I_O)     0.470     0.470 r  pll_inst/inst/clkin1_ibufgds/O
                         net (fo=1, routed)           0.554     1.024    pll_inst/inst/clk_in1_pll
    PLLE2_ADV_X1Y1                                                    r  pll_inst/inst/plle2_adv_inst/CLKIN1
    PLLE2_ADV_X1Y1       PLLE2_ADV (Prop_plle2_adv_CLKIN1_CLKOUT1)
                                                     -3.524    -2.500 r  pll_inst/inst/plle2_adv_inst/CLKOUT1
                         net (fo=1, routed)           1.027    -1.473    pll_inst/inst/clk_out2_pll
    BUFGCTRL_X0Y0                                                     r  pll_inst/inst/clkout2_buf/I
    BUFGCTRL_X0Y0        BUFG (Prop_bufg_I_O)         0.030    -1.443 r  pll_inst/inst/clkout2_buf/O
                         net (fo=34657, routed)       0.760    -0.683    student_top_inst/u_KLDJ_top/clk_out2
    SLICE_X39Y230        FDRE                                         r  student_top_inst/u_KLDJ_top/mem_wb_wb_data_reg[1]/C
                         clock pessimism              0.484    -0.200    
                         clock uncertainty            0.194    -0.006    
    SLICE_X39Y230        FDRE (Hold_fdre_C_D)         0.061     0.055    student_top_inst/u_KLDJ_top/mem_wb_wb_data_reg[1]
  -------------------------------------------------------------------
                         required time                         -0.055    
                         arrival time                           0.358    
  -------------------------------------------------------------------
                         slack                                  0.303    

Slack (MET) :             0.329ns  (arrival time - required time)
  Source:                 twin_controller_inst/sw_reg[57]/C
                            (rising edge-triggered cell FDCE clocked by clk_out1_pll  {rise@0.000ns fall@10.000ns period=20.000ns})
  Destination:            student_top_inst/u_KLDJ_top/mem_wb_wb_data_reg[25]/D
                            (rising edge-triggered cell FDRE clocked by clk_out2_pll  {rise@0.000ns fall@4.000ns period=8.000ns})
  Path Group:             clk_out2_pll
  Path Type:              Hold (Min at Fast Process Corner)
  Requirement:            0.000ns  (clk_out2_pll rise@0.000ns - clk_out1_pll rise@0.000ns)
  Data Path Delay:        0.863ns  (logic 0.184ns (21.326%)  route 0.679ns (78.674%))
  Logic Levels:           3  (LUT5=2 LUT6=1)
  Clock Path Skew:        0.280ns (DCD - SCD - CPR)
    Destination Clock Delay (DCD):    -0.680ns
    Source Clock Delay      (SCD):    -0.477ns
    Clock Pessimism Removal (CPR):    -0.484ns
  Clock Uncertainty:      0.194ns  ((TSJ^2 + DJ^2)^1/2) / 2 + PE
    Total System Jitter     (TSJ):    0.071ns
    Discrete Jitter          (DJ):    0.129ns
    Phase Error              (PE):    0.120ns

    Location             Delay type                Incr(ns)  Path(ns)    Netlist Resource(s)
  -------------------------------------------------------------------    -------------------
                         (clock clk_out1_pll rise edge)
                                                      0.000     0.000 r  
    AD12                                              0.000     0.000 r  i_sys_clk_p (IN)
                         net (fo=0)                   0.000     0.000    pll_inst/inst/clk_in1_p
    AD12                                                              r  pll_inst/inst/clkin1_ibufgds/I
    AD12                 IBUFDS (Prop_ibufds_I_O)     0.388     0.388 r  pll_inst/inst/clkin1_ibufgds/O
                         net (fo=1, routed)           0.503     0.891    pll_inst/inst/clk_in1_pll
    PLLE2_ADV_X1Y1                                                    r  pll_inst/inst/plle2_adv_inst/CLKIN1
    PLLE2_ADV_X1Y1       PLLE2_ADV (Prop_plle2_adv_CLKIN1_CLKOUT0)
                                                     -2.908    -2.017 r  pll_inst/inst/plle2_adv_inst/CLKOUT0
                         net (fo=1, routed)           0.958    -1.059    pll_inst/inst/clk_out1_pll
    BUFGCTRL_X0Y1                                                     r  pll_inst/inst/clkout1_buf/I
    BUFGCTRL_X0Y1        BUFG (Prop_bufg_I_O)         0.026    -1.033 r  pll_inst/inst/clkout1_buf/O
                         net (fo=353, routed)         0.556    -0.477    twin_controller_inst/CLK
    SLICE_X34Y225        FDCE                                         r  twin_controller_inst/sw_reg[57]/C
  -------------------------------------------------------------------    -------------------
    SLICE_X34Y225        FDCE (Prop_fdce_C_Q)         0.100    -0.377 r  twin_controller_inst/sw_reg[57]/Q
                         net (fo=3, routed)           0.107    -0.270    student_top_inst/u_KLDJ_top/virtual_sw[43]
    SLICE_X33Y225                                                     r  student_top_inst/u_KLDJ_top/mem_wb_wb_data[25]_i_3/I5
    SLICE_X33Y225        LUT6 (Prop_lut6_I5_O)        0.028    -0.242 r  student_top_inst/u_KLDJ_top/mem_wb_wb_data[25]_i_3/O
                         net (fo=1, routed)           0.329     0.087    student_top_inst/u_KLDJ_top/mem_wb_wb_data[25]_i_3_n_0
    SLICE_X41Y227                                                     r  student_top_inst/u_KLDJ_top/mem_wb_wb_data[25]_i_2/I1
    SLICE_X41Y227        LUT5 (Prop_lut5_I1_O)        0.028     0.115 r  student_top_inst/u_KLDJ_top/mem_wb_wb_data[25]_i_2/O
                         net (fo=3, routed)           0.243     0.358    student_top_inst/u_KLDJ_top/perip_rdata[25]
    SLICE_X39Y233                                                     r  student_top_inst/u_KLDJ_top/mem_wb_wb_data[25]_i_1/I4
    SLICE_X39Y233        LUT5 (Prop_lut5_I4_O)        0.028     0.386 r  student_top_inst/u_KLDJ_top/mem_wb_wb_data[25]_i_1/O
                         net (fo=1, routed)           0.000     0.386    student_top_inst/u_KLDJ_top/mem_stage_wb_data[25]
    SLICE_X39Y233        FDRE                                         r  student_top_inst/u_KLDJ_top/mem_wb_wb_data_reg[25]/D
  -------------------------------------------------------------------    -------------------

                         (clock clk_out2_pll rise edge)
                                                      0.000     0.000 r  
    AD12                                              0.000     0.000 r  i_sys_clk_p (IN)
                         net (fo=0)                   0.000     0.000    pll_inst/inst/clk_in1_p
    AD12                                                              r  pll_inst/inst/clkin1_ibufgds/I
    AD12                 IBUFDS (Prop_ibufds_I_O)     0.470     0.470 r  pll_inst/inst/clkin1_ibufgds/O
                         net (fo=1, routed)           0.554     1.024    pll_inst/inst/clk_in1_pll
    PLLE2_ADV_X1Y1                                                    r  pll_inst/inst/plle2_adv_inst/CLKIN1
    PLLE2_ADV_X1Y1       PLLE2_ADV (Prop_plle2_adv_CLKIN1_CLKOUT1)
                                                     -3.524    -2.500 r  pll_inst/inst/plle2_adv_inst/CLKOUT1
                         net (fo=1, routed)           1.027    -1.473    pll_inst/inst/clk_out2_pll
    BUFGCTRL_X0Y0                                                     r  pll_inst/inst/clkout2_buf/I
    BUFGCTRL_X0Y0        BUFG (Prop_bufg_I_O)         0.030    -1.443 r  pll_inst/inst/clkout2_buf/O
                         net (fo=34657, routed)       0.763    -0.680    student_top_inst/u_KLDJ_top/clk_out2
    SLICE_X39Y233        FDRE                                         r  student_top_inst/u_KLDJ_top/mem_wb_wb_data_reg[25]/C
                         clock pessimism              0.484    -0.197    
                         clock uncertainty            0.194    -0.003    
    SLICE_X39Y233        FDRE (Hold_fdre_C_D)         0.060     0.057    student_top_inst/u_KLDJ_top/mem_wb_wb_data_reg[25]
  -------------------------------------------------------------------
                         required time                         -0.057    
                         arrival time                           0.386    
  -------------------------------------------------------------------
                         slack                                  0.329    

Slack (MET) :             0.333ns  (arrival time - required time)
  Source:                 twin_controller_inst/sw_reg[50]/C
                            (rising edge-triggered cell FDCE clocked by clk_out1_pll  {rise@0.000ns fall@10.000ns period=20.000ns})
  Destination:            student_top_inst/u_KLDJ_top/mem_wb_wb_data_reg[18]/D
                            (rising edge-triggered cell FDRE clocked by clk_out2_pll  {rise@0.000ns fall@4.000ns period=8.000ns})
  Path Group:             clk_out2_pll
  Path Type:              Hold (Min at Fast Process Corner)
  Requirement:            0.000ns  (clk_out2_pll rise@0.000ns - clk_out1_pll rise@0.000ns)
  Data Path Delay:        0.869ns  (logic 0.184ns (21.170%)  route 0.685ns (78.830%))
  Logic Levels:           3  (LUT5=2 LUT6=1)
  Clock Path Skew:        0.283ns (DCD - SCD - CPR)
    Destination Clock Delay (DCD):    -0.678ns
    Source Clock Delay      (SCD):    -0.478ns
    Clock Pessimism Removal (CPR):    -0.484ns
  Clock Uncertainty:      0.194ns  ((TSJ^2 + DJ^2)^1/2) / 2 + PE
    Total System Jitter     (TSJ):    0.071ns
    Discrete Jitter          (DJ):    0.129ns
    Phase Error              (PE):    0.120ns

    Location             Delay type                Incr(ns)  Path(ns)    Netlist Resource(s)
  -------------------------------------------------------------------    -------------------
                         (clock clk_out1_pll rise edge)
                                                      0.000     0.000 r  
    AD12                                              0.000     0.000 r  i_sys_clk_p (IN)
                         net (fo=0)                   0.000     0.000    pll_inst/inst/clk_in1_p
    AD12                                                              r  pll_inst/inst/clkin1_ibufgds/I
    AD12                 IBUFDS (Prop_ibufds_I_O)     0.388     0.388 r  pll_inst/inst/clkin1_ibufgds/O
                         net (fo=1, routed)           0.503     0.891    pll_inst/inst/clk_in1_pll
    PLLE2_ADV_X1Y1                                                    r  pll_inst/inst/plle2_adv_inst/CLKIN1
    PLLE2_ADV_X1Y1       PLLE2_ADV (Prop_plle2_adv_CLKIN1_CLKOUT0)
                                                     -2.908    -2.017 r  pll_inst/inst/plle2_adv_inst/CLKOUT0
                         net (fo=1, routed)           0.958    -1.059    pll_inst/inst/clk_out1_pll
    BUFGCTRL_X0Y1                                                     r  pll_inst/inst/clkout1_buf/I
    BUFGCTRL_X0Y1        BUFG (Prop_bufg_I_O)         0.026    -1.033 r  pll_inst/inst/clkout1_buf/O
                         net (fo=353, routed)         0.555    -0.478    twin_controller_inst/CLK
    SLICE_X37Y227        FDCE                                         r  twin_controller_inst/sw_reg[50]/C
  -------------------------------------------------------------------    -------------------
    SLICE_X37Y227        FDCE (Prop_fdce_C_Q)         0.100    -0.378 r  twin_controller_inst/sw_reg[50]/Q
                         net (fo=3, routed)           0.140    -0.237    student_top_inst/u_KLDJ_top/virtual_sw[36]
    SLICE_X37Y227                                                     r  student_top_inst/u_KLDJ_top/mem_wb_wb_data[18]_i_3/I5
    SLICE_X37Y227        LUT6 (Prop_lut6_I5_O)        0.028    -0.209 r  student_top_inst/u_KLDJ_top/mem_wb_wb_data[18]_i_3/O
                         net (fo=1, routed)           0.354     0.145    student_top_inst/u_KLDJ_top/mem_wb_wb_data[18]_i_3_n_0
    SLICE_X45Y238                                                     r  student_top_inst/u_KLDJ_top/mem_wb_wb_data[18]_i_2/I1
    SLICE_X45Y238        LUT5 (Prop_lut5_I1_O)        0.028     0.173 r  student_top_inst/u_KLDJ_top/mem_wb_wb_data[18]_i_2/O
                         net (fo=2, routed)           0.191     0.364    student_top_inst/u_KLDJ_top/perip_rdata[18]
    SLICE_X39Y235                                                     r  student_top_inst/u_KLDJ_top/mem_wb_wb_data[18]_i_1/I4
    SLICE_X39Y235        LUT5 (Prop_lut5_I4_O)        0.028     0.392 r  student_top_inst/u_KLDJ_top/mem_wb_wb_data[18]_i_1/O
                         net (fo=1, routed)           0.000     0.392    student_top_inst/u_KLDJ_top/mem_stage_wb_data[18]
    SLICE_X39Y235        FDRE                                         r  student_top_inst/u_KLDJ_top/mem_wb_wb_data_reg[18]/D
  -------------------------------------------------------------------    -------------------

                         (clock clk_out2_pll rise edge)
                                                      0.000     0.000 r  
    AD12                                              0.000     0.000 r  i_sys_clk_p (IN)
                         net (fo=0)                   0.000     0.000    pll_inst/inst/clk_in1_p
    AD12                                                              r  pll_inst/inst/clkin1_ibufgds/I
    AD12                 IBUFDS (Prop_ibufds_I_O)     0.470     0.470 r  pll_inst/inst/clkin1_ibufgds/O
                         net (fo=1, routed)           0.554     1.024    pll_inst/inst/clk_in1_pll
    PLLE2_ADV_X1Y1                                                    r  pll_inst/inst/plle2_adv_inst/CLKIN1
    PLLE2_ADV_X1Y1       PLLE2_ADV (Prop_plle2_adv_CLKIN1_CLKOUT1)
                                                     -3.524    -2.500 r  pll_inst/inst/plle2_adv_inst/CLKOUT1
                         net (fo=1, routed)           1.027    -1.473    pll_inst/inst/clk_out2_pll
    BUFGCTRL_X0Y0                                                     r  pll_inst/inst/clkout2_buf/I
    BUFGCTRL_X0Y0        BUFG (Prop_bufg_I_O)         0.030    -1.443 r  pll_inst/inst/clkout2_buf/O
                         net (fo=34657, routed)       0.765    -0.678    student_top_inst/u_KLDJ_top/clk_out2
    SLICE_X39Y235        FDRE                                         r  student_top_inst/u_KLDJ_top/mem_wb_wb_data_reg[18]/C
                         clock pessimism              0.484    -0.195    
                         clock uncertainty            0.194    -0.001    
    SLICE_X39Y235        FDRE (Hold_fdre_C_D)         0.060     0.059    student_top_inst/u_KLDJ_top/mem_wb_wb_data_reg[18]
  -------------------------------------------------------------------
                         required time                         -0.059    
                         arrival time                           0.392    
  -------------------------------------------------------------------
                         slack                                  0.333    

Slack (MET) :             0.335ns  (arrival time - required time)
  Source:                 student_top_inst/bridge_inst/counter_inst/cnt_ms_reg[30]/C
                            (rising edge-triggered cell FDRE clocked by clk_out1_pll  {rise@0.000ns fall@10.000ns period=20.000ns})
  Destination:            student_top_inst/u_KLDJ_top/mem_wb_wb_data_reg[30]/D
                            (rising edge-triggered cell FDRE clocked by clk_out2_pll  {rise@0.000ns fall@4.000ns period=8.000ns})
  Path Group:             clk_out2_pll
  Path Type:              Hold (Min at Fast Process Corner)
  Requirement:            0.000ns  (clk_out2_pll rise@0.000ns - clk_out1_pll rise@0.000ns)
  Data Path Delay:        0.867ns  (logic 0.212ns (24.441%)  route 0.655ns (75.559%))
  Logic Levels:           4  (LUT4=1 LUT5=1 LUT6=2)
  Clock Path Skew:        0.278ns (DCD - SCD - CPR)
    Destination Clock Delay (DCD):    -0.680ns
    Source Clock Delay      (SCD):    -0.475ns
    Clock Pessimism Removal (CPR):    -0.484ns
  Clock Uncertainty:      0.194ns  ((TSJ^2 + DJ^2)^1/2) / 2 + PE
    Total System Jitter     (TSJ):    0.071ns
    Discrete Jitter          (DJ):    0.129ns
    Phase Error              (PE):    0.120ns

    Location             Delay type                Incr(ns)  Path(ns)    Netlist Resource(s)
  -------------------------------------------------------------------    -------------------
                         (clock clk_out1_pll rise edge)
                                                      0.000     0.000 r  
    AD12                                              0.000     0.000 r  i_sys_clk_p (IN)
                         net (fo=0)                   0.000     0.000    pll_inst/inst/clk_in1_p
    AD12                                                              r  pll_inst/inst/clkin1_ibufgds/I
    AD12                 IBUFDS (Prop_ibufds_I_O)     0.388     0.388 r  pll_inst/inst/clkin1_ibufgds/O
                         net (fo=1, routed)           0.503     0.891    pll_inst/inst/clk_in1_pll
    PLLE2_ADV_X1Y1                                                    r  pll_inst/inst/plle2_adv_inst/CLKIN1
    PLLE2_ADV_X1Y1       PLLE2_ADV (Prop_plle2_adv_CLKIN1_CLKOUT0)
                                                     -2.908    -2.017 r  pll_inst/inst/plle2_adv_inst/CLKOUT0
                         net (fo=1, routed)           0.958    -1.059    pll_inst/inst/clk_out1_pll
    BUFGCTRL_X0Y1                                                     r  pll_inst/inst/clkout1_buf/I
    BUFGCTRL_X0Y1        BUFG (Prop_bufg_I_O)         0.026    -1.033 r  pll_inst/inst/clkout1_buf/O
                         net (fo=353, routed)         0.558    -0.475    student_top_inst/bridge_inst/counter_inst/CLK
    SLICE_X40Y230        FDRE                                         r  student_top_inst/bridge_inst/counter_inst/cnt_ms_reg[30]/C
  -------------------------------------------------------------------    -------------------
    SLICE_X40Y230        FDRE (Prop_fdre_C_Q)         0.100    -0.375 r  student_top_inst/bridge_inst/counter_inst/cnt_ms_reg[30]/Q
                         net (fo=2, routed)           0.126    -0.248    student_top_inst/u_KLDJ_top/cnt_rdata[30]
    SLICE_X41Y230                                                     r  student_top_inst/u_KLDJ_top/mem_wb_wb_data[30]_i_4/I1
    SLICE_X41Y230        LUT4 (Prop_lut4_I1_O)        0.028    -0.220 r  student_top_inst/u_KLDJ_top/mem_wb_wb_data[30]_i_4/O
                         net (fo=1, routed)           0.182    -0.038    student_top_inst/u_KLDJ_top/mem_wb_wb_data[30]_i_4_n_0
    SLICE_X34Y230                                                     r  student_top_inst/u_KLDJ_top/mem_wb_wb_data[30]_i_2/I4
    SLICE_X34Y230        LUT5 (Prop_lut5_I4_O)        0.028    -0.010 r  student_top_inst/u_KLDJ_top/mem_wb_wb_data[30]_i_2/O
                         net (fo=3, routed)           0.191     0.180    student_top_inst/u_KLDJ_top/perip_rdata[30]
    SLICE_X41Y232                                                     r  student_top_inst/u_KLDJ_top/mem_wb_wb_data[31]_i_3_comp_1/I5
    SLICE_X41Y232        LUT6 (Prop_lut6_I5_O)        0.028     0.208 r  student_top_inst/u_KLDJ_top/mem_wb_wb_data[31]_i_3_comp_1/O
                         net (fo=1, routed)           0.156     0.365    student_top_inst/u_KLDJ_top/mem_wb_wb_data[31]_i_3_n_0_repN_1
    SLICE_X40Y233                                                     r  student_top_inst/u_KLDJ_top/mem_wb_wb_data[30]_i_1_comp/I5
    SLICE_X40Y233        LUT6 (Prop_lut6_I5_O)        0.028     0.393 r  student_top_inst/u_KLDJ_top/mem_wb_wb_data[30]_i_1_comp/O
                         net (fo=1, routed)           0.000     0.393    student_top_inst/u_KLDJ_top/mem_stage_wb_data[30]
    SLICE_X40Y233        FDRE                                         r  student_top_inst/u_KLDJ_top/mem_wb_wb_data_reg[30]/D
  -------------------------------------------------------------------    -------------------

                         (clock clk_out2_pll rise edge)
                                                      0.000     0.000 r  
    AD12                                              0.000     0.000 r  i_sys_clk_p (IN)
                         net (fo=0)                   0.000     0.000    pll_inst/inst/clk_in1_p
    AD12                                                              r  pll_inst/inst/clkin1_ibufgds/I
    AD12                 IBUFDS (Prop_ibufds_I_O)     0.470     0.470 r  pll_inst/inst/clkin1_ibufgds/O
                         net (fo=1, routed)           0.554     1.024    pll_inst/inst/clk_in1_pll
    PLLE2_ADV_X1Y1                                                    r  pll_inst/inst/plle2_adv_inst/CLKIN1
    PLLE2_ADV_X1Y1       PLLE2_ADV (Prop_plle2_adv_CLKIN1_CLKOUT1)
                                                     -3.524    -2.500 r  pll_inst/inst/plle2_adv_inst/CLKOUT1
                         net (fo=1, routed)           1.027    -1.473    pll_inst/inst/clk_out2_pll
    BUFGCTRL_X0Y0                                                     r  pll_inst/inst/clkout2_buf/I
    BUFGCTRL_X0Y0        BUFG (Prop_bufg_I_O)         0.030    -1.443 r  pll_inst/inst/clkout2_buf/O
                         net (fo=34657, routed)       0.763    -0.680    student_top_inst/u_KLDJ_top/clk_out2
    SLICE_X40Y233        FDRE                                         r  student_top_inst/u_KLDJ_top/mem_wb_wb_data_reg[30]/C
                         clock pessimism              0.484    -0.197    
                         clock uncertainty            0.194    -0.003    
    SLICE_X40Y233        FDRE (Hold_fdre_C_D)         0.061     0.058    student_top_inst/u_KLDJ_top/mem_wb_wb_data_reg[30]
  -------------------------------------------------------------------
                         required time                         -0.058    
                         arrival time                           0.393    
  -------------------------------------------------------------------
                         slack                                  0.335    

Slack (MET) :             0.340ns  (arrival time - required time)
  Source:                 twin_controller_inst/sw_reg[10]/C
                            (rising edge-triggered cell FDCE clocked by clk_out1_pll  {rise@0.000ns fall@10.000ns period=20.000ns})
  Destination:            student_top_inst/u_KLDJ_top/mem_wb_wb_data_reg[10]/D
                            (rising edge-triggered cell FDRE clocked by clk_out2_pll  {rise@0.000ns fall@4.000ns period=8.000ns})
  Path Group:             clk_out2_pll
  Path Type:              Hold (Min at Fast Process Corner)
  Requirement:            0.000ns  (clk_out2_pll rise@0.000ns - clk_out1_pll rise@0.000ns)
  Data Path Delay:        0.877ns  (logic 0.184ns (20.981%)  route 0.693ns (79.019%))
  Logic Levels:           3  (LUT5=1 LUT6=2)
  Clock Path Skew:        0.282ns (DCD - SCD - CPR)
    Destination Clock Delay (DCD):    -0.678ns
    Source Clock Delay      (SCD):    -0.477ns
    Clock Pessimism Removal (CPR):    -0.484ns
  Clock Uncertainty:      0.194ns  ((TSJ^2 + DJ^2)^1/2) / 2 + PE
    Total System Jitter     (TSJ):    0.071ns
    Discrete Jitter          (DJ):    0.129ns
    Phase Error              (PE):    0.120ns

    Location             Delay type                Incr(ns)  Path(ns)    Netlist Resource(s)
  -------------------------------------------------------------------    -------------------
                         (clock clk_out1_pll rise edge)
                                                      0.000     0.000 r  
    AD12                                              0.000     0.000 r  i_sys_clk_p (IN)
                         net (fo=0)                   0.000     0.000    pll_inst/inst/clk_in1_p
    AD12                                                              r  pll_inst/inst/clkin1_ibufgds/I
    AD12                 IBUFDS (Prop_ibufds_I_O)     0.388     0.388 r  pll_inst/inst/clkin1_ibufgds/O
                         net (fo=1, routed)           0.503     0.891    pll_inst/inst/clk_in1_pll
    PLLE2_ADV_X1Y1                                                    r  pll_inst/inst/plle2_adv_inst/CLKIN1
    PLLE2_ADV_X1Y1       PLLE2_ADV (Prop_plle2_adv_CLKIN1_CLKOUT0)
                                                     -2.908    -2.017 r  pll_inst/inst/plle2_adv_inst/CLKOUT0
                         net (fo=1, routed)           0.958    -1.059    pll_inst/inst/clk_out1_pll
    BUFGCTRL_X0Y1                                                     r  pll_inst/inst/clkout1_buf/I
    BUFGCTRL_X0Y1        BUFG (Prop_bufg_I_O)         0.026    -1.033 r  pll_inst/inst/clkout1_buf/O
                         net (fo=353, routed)         0.556    -0.477    twin_controller_inst/CLK
    SLICE_X32Y225        FDCE                                         r  twin_controller_inst/sw_reg[10]/C
  -------------------------------------------------------------------    -------------------
    SLICE_X32Y225        FDCE (Prop_fdce_C_Q)         0.100    -0.377 r  twin_controller_inst/sw_reg[10]/Q
                         net (fo=3, routed)           0.128    -0.249    student_top_inst/u_KLDJ_top/virtual_sw[3]
    SLICE_X32Y224                                                     r  student_top_inst/u_KLDJ_top/mem_wb_wb_data[10]_i_4/I4
    SLICE_X32Y224        LUT6 (Prop_lut6_I4_O)        0.028    -0.221 r  student_top_inst/u_KLDJ_top/mem_wb_wb_data[10]_i_4/O
                         net (fo=1, routed)           0.226     0.005    student_top_inst/u_KLDJ_top/mem_wb_wb_data[10]_i_4_n_0
    SLICE_X36Y224                                                     r  student_top_inst/u_KLDJ_top/mem_wb_wb_data[10]_i_2/I1
    SLICE_X36Y224        LUT5 (Prop_lut5_I1_O)        0.028     0.033 r  student_top_inst/u_KLDJ_top/mem_wb_wb_data[10]_i_2/O
                         net (fo=2, routed)           0.339     0.372    student_top_inst/u_KLDJ_top/perip_rdata[10]
    SLICE_X36Y233                                                     r  student_top_inst/u_KLDJ_top/mem_wb_wb_data[10]_i_1/I2
    SLICE_X36Y233        LUT6 (Prop_lut6_I2_O)        0.028     0.400 r  student_top_inst/u_KLDJ_top/mem_wb_wb_data[10]_i_1/O
                         net (fo=1, routed)           0.000     0.400    student_top_inst/u_KLDJ_top/mem_stage_wb_data[10]
    SLICE_X36Y233        FDRE                                         r  student_top_inst/u_KLDJ_top/mem_wb_wb_data_reg[10]/D
  -------------------------------------------------------------------    -------------------

                         (clock clk_out2_pll rise edge)
                                                      0.000     0.000 r  
    AD12                                              0.000     0.000 r  i_sys_clk_p (IN)
                         net (fo=0)                   0.000     0.000    pll_inst/inst/clk_in1_p
    AD12                                                              r  pll_inst/inst/clkin1_ibufgds/I
    AD12                 IBUFDS (Prop_ibufds_I_O)     0.470     0.470 r  pll_inst/inst/clkin1_ibufgds/O
                         net (fo=1, routed)           0.554     1.024    pll_inst/inst/clk_in1_pll
    PLLE2_ADV_X1Y1                                                    r  pll_inst/inst/plle2_adv_inst/CLKIN1
    PLLE2_ADV_X1Y1       PLLE2_ADV (Prop_plle2_adv_CLKIN1_CLKOUT1)
                                                     -3.524    -2.500 r  pll_inst/inst/plle2_adv_inst/CLKOUT1
                         net (fo=1, routed)           1.027    -1.473    pll_inst/inst/clk_out2_pll
    BUFGCTRL_X0Y0                                                     r  pll_inst/inst/clkout2_buf/I
    BUFGCTRL_X0Y0        BUFG (Prop_bufg_I_O)         0.030    -1.443 r  pll_inst/inst/clkout2_buf/O
                         net (fo=34657, routed)       0.765    -0.678    student_top_inst/u_KLDJ_top/clk_out2
    SLICE_X36Y233        FDRE                                         r  student_top_inst/u_KLDJ_top/mem_wb_wb_data_reg[10]/C
                         clock pessimism              0.484    -0.195    
                         clock uncertainty            0.194    -0.001    
    SLICE_X36Y233        FDRE (Hold_fdre_C_D)         0.061     0.060    student_top_inst/u_KLDJ_top/mem_wb_wb_data_reg[10]
  -------------------------------------------------------------------
                         required time                         -0.060    
                         arrival time                           0.400    
  -------------------------------------------------------------------
                         slack                                  0.340    





--------------------------------------------------------------------------------------
Path Group:  (none)
From Clock:  clk_out1_pll
  To Clock:  

Max Delay             0 Endpoints
Min Delay             1 Endpoint
--------------------------------------------------------------------------------------


Min Delay Paths
--------------------------------------------------------------------------------------
Slack:                    inf
  Source:                 uart_inst/tx_reg/C
                            (rising edge-triggered cell FDPE clocked by clk_out1_pll  {rise@0.000ns fall@10.000ns period=20.000ns})
  Destination:            o_uart_tx
                            (output port)
  Path Group:             (none)
  Path Type:              Min at Fast Process Corner
  Data Path Delay:        2.361ns  (logic 1.524ns (64.517%)  route 0.838ns (35.483%))
  Logic Levels:           1  (OBUF=1)
  Clock Uncertainty:      0.159ns  ((TSJ^2 + DJ^2)^1/2) / 2 + PE
    Total System Jitter     (TSJ):    0.050ns
    Discrete Jitter          (DJ):    0.129ns
    Phase Error              (PE):    0.090ns

    Location             Delay type                Incr(ns)  Path(ns)    Netlist Resource(s)
  -------------------------------------------------------------------    -------------------
                         (clock clk_out1_pll rise edge)
                                                      0.000     0.000 r  
    AD12                                              0.000     0.000 r  i_sys_clk_p (IN)
                         net (fo=0)                   0.000     0.000    pll_inst/inst/clk_in1_p
    AD12                                                              r  pll_inst/inst/clkin1_ibufgds/I
    AD12                 IBUFDS (Prop_ibufds_I_O)     0.388     0.388 r  pll_inst/inst/clkin1_ibufgds/O
                         net (fo=1, routed)           0.503     0.891    pll_inst/inst/clk_in1_pll
    PLLE2_ADV_X1Y1                                                    r  pll_inst/inst/plle2_adv_inst/CLKIN1
    PLLE2_ADV_X1Y1       PLLE2_ADV (Prop_plle2_adv_CLKIN1_CLKOUT0)
                                                     -2.908    -2.017 r  pll_inst/inst/plle2_adv_inst/CLKOUT0
                         net (fo=1, routed)           0.958    -1.059    pll_inst/inst/clk_out1_pll
    BUFGCTRL_X0Y1                                                     r  pll_inst/inst/clkout1_buf/I
    BUFGCTRL_X0Y1        BUFG (Prop_bufg_I_O)         0.026    -1.033 r  pll_inst/inst/clkout1_buf/O
                         net (fo=353, routed)         0.578    -0.455    uart_inst/clk_out1
    SLICE_X19Y247        FDPE                                         r  uart_inst/tx_reg/C
  -------------------------------------------------------------------    -------------------
    SLICE_X19Y247        FDPE (Prop_fdpe_C_Q)         0.100    -0.355 r  uart_inst/tx_reg/Q
                         net (fo=1, routed)           0.838     0.483    o_uart_tx_OBUF
    D17                                                               r  o_uart_tx_OBUF_inst/I
    D17                  OBUF (Prop_obuf_I_O)         1.424     1.907 r  o_uart_tx_OBUF_inst/O
                         net (fo=0)                   0.000     1.907    o_uart_tx
    D17                                                               r  o_uart_tx (OUT)
  -------------------------------------------------------------------    -------------------





--------------------------------------------------------------------------------------
Path Group:  (none)
From Clock:  clk_out2_pll
  To Clock:  

Max Delay             0 Endpoints
Min Delay            68 Endpoints
--------------------------------------------------------------------------------------


Min Delay Paths
--------------------------------------------------------------------------------------
Slack:                    inf
  Source:                 student_top_inst/bridge_inst/LED_reg[0]_lopt_replica/C
                            (rising edge-triggered cell FDRE clocked by clk_out2_pll  {rise@0.000ns fall@4.000ns period=8.000ns})
  Destination:            virtual_led[0]
                            (output port)
  Path Group:             (none)
  Path Type:              Min at Fast Process Corner
  Data Path Delay:        2.072ns  (logic 1.401ns (67.628%)  route 0.671ns (32.372%))
  Logic Levels:           1  (OBUF=1)
  Clock Uncertainty:      0.149ns  ((TSJ^2 + DJ^2)^1/2) / 2 + PE
    Total System Jitter     (TSJ):    0.050ns
    Discrete Jitter          (DJ):    0.108ns
    Phase Error              (PE):    0.090ns

    Location             Delay type                Incr(ns)  Path(ns)    Netlist Resource(s)
  -------------------------------------------------------------------    -------------------
                         (clock clk_out2_pll rise edge)
                                                      0.000     0.000 r  
    AD12                                              0.000     0.000 r  i_sys_clk_p (IN)
                         net (fo=0)                   0.000     0.000    pll_inst/inst/clk_in1_p
    AD12                                                              r  pll_inst/inst/clkin1_ibufgds/I
    AD12                 IBUFDS (Prop_ibufds_I_O)     0.388     0.388 r  pll_inst/inst/clkin1_ibufgds/O
                         net (fo=1, routed)           0.503     0.891    pll_inst/inst/clk_in1_pll
    PLLE2_ADV_X1Y1                                                    r  pll_inst/inst/plle2_adv_inst/CLKIN1
    PLLE2_ADV_X1Y1       PLLE2_ADV (Prop_plle2_adv_CLKIN1_CLKOUT1)
                                                     -2.908    -2.017 r  pll_inst/inst/plle2_adv_inst/CLKOUT1
                         net (fo=1, routed)           0.958    -1.059    pll_inst/inst/clk_out2_pll
    BUFGCTRL_X0Y0                                                     r  pll_inst/inst/clkout2_buf/I
    BUFGCTRL_X0Y0        BUFG (Prop_bufg_I_O)         0.026    -1.033 r  pll_inst/inst/clkout2_buf/O
                         net (fo=34657, routed)       0.569    -0.464    student_top_inst/bridge_inst/clk_out2
    SLICE_X24Y237        FDRE                                         r  student_top_inst/bridge_inst/LED_reg[0]_lopt_replica/C
  -------------------------------------------------------------------    -------------------
    SLICE_X24Y237        FDRE (Prop_fdre_C_Q)         0.100    -0.364 r  student_top_inst/bridge_inst/LED_reg[0]_lopt_replica/Q
                         net (fo=1, routed)           0.671     0.307    lopt
    G24                                                               r  virtual_led_OBUF[0]_inst/I
    G24                  OBUF (Prop_obuf_I_O)         1.301     1.608 r  virtual_led_OBUF[0]_inst/O
                         net (fo=0)                   0.000     1.608    virtual_led[0]
    G24                                                               r  virtual_led[0] (OUT)
  -------------------------------------------------------------------    -------------------

Slack:                    inf
  Source:                 student_top_inst/bridge_inst/LED_reg[4]_lopt_replica/C
                            (rising edge-triggered cell FDRE clocked by clk_out2_pll  {rise@0.000ns fall@4.000ns period=8.000ns})
  Destination:            virtual_led[4]
                            (output port)
  Path Group:             (none)
  Path Type:              Min at Fast Process Corner
  Data Path Delay:        2.151ns  (logic 1.451ns (67.436%)  route 0.701ns (32.564%))
  Logic Levels:           1  (OBUF=1)
  Clock Uncertainty:      0.149ns  ((TSJ^2 + DJ^2)^1/2) / 2 + PE
    Total System Jitter     (TSJ):    0.050ns
    Discrete Jitter          (DJ):    0.108ns
    Phase Error              (PE):    0.090ns

    Location             Delay type                Incr(ns)  Path(ns)    Netlist Resource(s)
  -------------------------------------------------------------------    -------------------
                         (clock clk_out2_pll rise edge)
                                                      0.000     0.000 r  
    AD12                                              0.000     0.000 r  i_sys_clk_p (IN)
                         net (fo=0)                   0.000     0.000    pll_inst/inst/clk_in1_p
    AD12                                                              r  pll_inst/inst/clkin1_ibufgds/I
    AD12                 IBUFDS (Prop_ibufds_I_O)     0.388     0.388 r  pll_inst/inst/clkin1_ibufgds/O
                         net (fo=1, routed)           0.503     0.891    pll_inst/inst/clk_in1_pll
    PLLE2_ADV_X1Y1                                                    r  pll_inst/inst/plle2_adv_inst/CLKIN1
    PLLE2_ADV_X1Y1       PLLE2_ADV (Prop_plle2_adv_CLKIN1_CLKOUT1)
                                                     -2.908    -2.017 r  pll_inst/inst/plle2_adv_inst/CLKOUT1
                         net (fo=1, routed)           0.958    -1.059    pll_inst/inst/clk_out2_pll
    BUFGCTRL_X0Y0                                                     r  pll_inst/inst/clkout2_buf/I
    BUFGCTRL_X0Y0        BUFG (Prop_bufg_I_O)         0.026    -1.033 r  pll_inst/inst/clkout2_buf/O
                         net (fo=34657, routed)       0.561    -0.472    student_top_inst/bridge_inst/clk_out2
    SLICE_X26Y227        FDRE                                         r  student_top_inst/bridge_inst/LED_reg[4]_lopt_replica/C
  -------------------------------------------------------------------    -------------------
    SLICE_X26Y227        FDRE (Prop_fdre_C_Q)         0.100    -0.372 r  student_top_inst/bridge_inst/LED_reg[4]_lopt_replica/Q
                         net (fo=1, routed)           0.701     0.329    lopt_26
    C26                                                               r  virtual_led_OBUF[4]_inst/I
    C26                  OBUF (Prop_obuf_I_O)         1.351     1.680 r  virtual_led_OBUF[4]_inst/O
                         net (fo=0)                   0.000     1.680    virtual_led[4]
    C26                                                               r  virtual_led[4] (OUT)
  -------------------------------------------------------------------    -------------------

Slack:                    inf
  Source:                 student_top_inst/bridge_inst/LED_reg[7]_lopt_replica/C
                            (rising edge-triggered cell FDRE clocked by clk_out2_pll  {rise@0.000ns fall@4.000ns period=8.000ns})
  Destination:            virtual_led[7]
                            (output port)
  Path Group:             (none)
  Path Type:              Min at Fast Process Corner
  Data Path Delay:        2.152ns  (logic 1.454ns (67.556%)  route 0.698ns (32.444%))
  Logic Levels:           1  (OBUF=1)
  Clock Uncertainty:      0.149ns  ((TSJ^2 + DJ^2)^1/2) / 2 + PE
    Total System Jitter     (TSJ):    0.050ns
    Discrete Jitter          (DJ):    0.108ns
    Phase Error              (PE):    0.090ns

    Location             Delay type                Incr(ns)  Path(ns)    Netlist Resource(s)
  -------------------------------------------------------------------    -------------------
                         (clock clk_out2_pll rise edge)
                                                      0.000     0.000 r  
    AD12                                              0.000     0.000 r  i_sys_clk_p (IN)
                         net (fo=0)                   0.000     0.000    pll_inst/inst/clk_in1_p
    AD12                                                              r  pll_inst/inst/clkin1_ibufgds/I
    AD12                 IBUFDS (Prop_ibufds_I_O)     0.388     0.388 r  pll_inst/inst/clkin1_ibufgds/O
                         net (fo=1, routed)           0.503     0.891    pll_inst/inst/clk_in1_pll
    PLLE2_ADV_X1Y1                                                    r  pll_inst/inst/plle2_adv_inst/CLKIN1
    PLLE2_ADV_X1Y1       PLLE2_ADV (Prop_plle2_adv_CLKIN1_CLKOUT1)
                                                     -2.908    -2.017 r  pll_inst/inst/plle2_adv_inst/CLKOUT1
                         net (fo=1, routed)           0.958    -1.059    pll_inst/inst/clk_out2_pll
    BUFGCTRL_X0Y0                                                     r  pll_inst/inst/clkout2_buf/I
    BUFGCTRL_X0Y0        BUFG (Prop_bufg_I_O)         0.026    -1.033 r  pll_inst/inst/clkout2_buf/O
                         net (fo=34657, routed)       0.561    -0.472    student_top_inst/bridge_inst/clk_out2
    SLICE_X28Y220        FDRE                                         r  student_top_inst/bridge_inst/LED_reg[7]_lopt_replica/C
  -------------------------------------------------------------------    -------------------
    SLICE_X28Y220        FDRE (Prop_fdre_C_Q)         0.100    -0.372 r  student_top_inst/bridge_inst/LED_reg[7]_lopt_replica/Q
                         net (fo=1, routed)           0.698     0.327    lopt_29
    E29                                                               r  virtual_led_OBUF[7]_inst/I
    E29                  OBUF (Prop_obuf_I_O)         1.354     1.680 r  virtual_led_OBUF[7]_inst/O
                         net (fo=0)                   0.000     1.680    virtual_led[7]
    E29                                                               r  virtual_led[7] (OUT)
  -------------------------------------------------------------------    -------------------

Slack:                    inf
  Source:                 student_top_inst/bridge_inst/LED_reg[5]_lopt_replica/C
                            (rising edge-triggered cell FDRE clocked by clk_out2_pll  {rise@0.000ns fall@4.000ns period=8.000ns})
  Destination:            virtual_led[5]
                            (output port)
  Path Group:             (none)
  Path Type:              Min at Fast Process Corner
  Data Path Delay:        2.157ns  (logic 1.412ns (65.466%)  route 0.745ns (34.534%))
  Logic Levels:           1  (OBUF=1)
  Clock Uncertainty:      0.149ns  ((TSJ^2 + DJ^2)^1/2) / 2 + PE
    Total System Jitter     (TSJ):    0.050ns
    Discrete Jitter          (DJ):    0.108ns
    Phase Error              (PE):    0.090ns

    Location             Delay type                Incr(ns)  Path(ns)    Netlist Resource(s)
  -------------------------------------------------------------------    -------------------
                         (clock clk_out2_pll rise edge)
                                                      0.000     0.000 r  
    AD12                                              0.000     0.000 r  i_sys_clk_p (IN)
                         net (fo=0)                   0.000     0.000    pll_inst/inst/clk_in1_p
    AD12                                                              r  pll_inst/inst/clkin1_ibufgds/I
    AD12                 IBUFDS (Prop_ibufds_I_O)     0.388     0.388 r  pll_inst/inst/clkin1_ibufgds/O
                         net (fo=1, routed)           0.503     0.891    pll_inst/inst/clk_in1_pll
    PLLE2_ADV_X1Y1                                                    r  pll_inst/inst/plle2_adv_inst/CLKIN1
    PLLE2_ADV_X1Y1       PLLE2_ADV (Prop_plle2_adv_CLKIN1_CLKOUT1)
                                                     -2.908    -2.017 r  pll_inst/inst/plle2_adv_inst/CLKOUT1
                         net (fo=1, routed)           0.958    -1.059    pll_inst/inst/clk_out2_pll
    BUFGCTRL_X0Y0                                                     r  pll_inst/inst/clkout2_buf/I
    BUFGCTRL_X0Y0        BUFG (Prop_bufg_I_O)         0.026    -1.033 r  pll_inst/inst/clkout2_buf/O
                         net (fo=34657, routed)       0.569    -0.464    student_top_inst/bridge_inst/clk_out2
    SLICE_X24Y237        FDRE                                         r  student_top_inst/bridge_inst/LED_reg[5]_lopt_replica/C
  -------------------------------------------------------------------    -------------------
    SLICE_X24Y237        FDRE (Prop_fdre_C_Q)         0.100    -0.364 r  student_top_inst/bridge_inst/LED_reg[5]_lopt_replica/Q
                         net (fo=1, routed)           0.745     0.381    lopt_27
    F26                                                               r  virtual_led_OBUF[5]_inst/I
    F26                  OBUF (Prop_obuf_I_O)         1.312     1.693 r  virtual_led_OBUF[5]_inst/O
                         net (fo=0)                   0.000     1.693    virtual_led[5]
    F26                                                               r  virtual_led[5] (OUT)
  -------------------------------------------------------------------    -------------------

Slack:                    inf
  Source:                 student_top_inst/bridge_inst/LED_reg[1]_lopt_replica/C
                            (rising edge-triggered cell FDRE clocked by clk_out2_pll  {rise@0.000ns fall@4.000ns period=8.000ns})
  Destination:            virtual_led[1]
                            (output port)
  Path Group:             (none)
  Path Type:              Min at Fast Process Corner
  Data Path Delay:        2.161ns  (logic 1.413ns (65.375%)  route 0.748ns (34.625%))
  Logic Levels:           1  (OBUF=1)
  Clock Uncertainty:      0.149ns  ((TSJ^2 + DJ^2)^1/2) / 2 + PE
    Total System Jitter     (TSJ):    0.050ns
    Discrete Jitter          (DJ):    0.108ns
    Phase Error              (PE):    0.090ns

    Location             Delay type                Incr(ns)  Path(ns)    Netlist Resource(s)
  -------------------------------------------------------------------    -------------------
                         (clock clk_out2_pll rise edge)
                                                      0.000     0.000 r  
    AD12                                              0.000     0.000 r  i_sys_clk_p (IN)
                         net (fo=0)                   0.000     0.000    pll_inst/inst/clk_in1_p
    AD12                                                              r  pll_inst/inst/clkin1_ibufgds/I
    AD12                 IBUFDS (Prop_ibufds_I_O)     0.388     0.388 r  pll_inst/inst/clkin1_ibufgds/O
                         net (fo=1, routed)           0.503     0.891    pll_inst/inst/clk_in1_pll
    PLLE2_ADV_X1Y1                                                    r  pll_inst/inst/plle2_adv_inst/CLKIN1
    PLLE2_ADV_X1Y1       PLLE2_ADV (Prop_plle2_adv_CLKIN1_CLKOUT1)
                                                     -2.908    -2.017 r  pll_inst/inst/plle2_adv_inst/CLKOUT1
                         net (fo=1, routed)           0.958    -1.059    pll_inst/inst/clk_out2_pll
    BUFGCTRL_X0Y0                                                     r  pll_inst/inst/clkout2_buf/I
    BUFGCTRL_X0Y0        BUFG (Prop_bufg_I_O)         0.026    -1.033 r  pll_inst/inst/clkout2_buf/O
                         net (fo=34657, routed)       0.569    -0.464    student_top_inst/bridge_inst/clk_out2
    SLICE_X26Y237        FDRE                                         r  student_top_inst/bridge_inst/LED_reg[1]_lopt_replica/C
  -------------------------------------------------------------------    -------------------
    SLICE_X26Y237        FDRE (Prop_fdre_C_Q)         0.100    -0.364 r  student_top_inst/bridge_inst/LED_reg[1]_lopt_replica/Q
                         net (fo=1, routed)           0.748     0.385    lopt_11
    E24                                                               r  virtual_led_OBUF[1]_inst/I
    E24                  OBUF (Prop_obuf_I_O)         1.313     1.698 r  virtual_led_OBUF[1]_inst/O
                         net (fo=0)                   0.000     1.698    virtual_led[1]
    E24                                                               r  virtual_led[1] (OUT)
  -------------------------------------------------------------------    -------------------

Slack:                    inf
  Source:                 student_top_inst/bridge_inst/LED_reg[3]_lopt_replica/C
                            (rising edge-triggered cell FDRE clocked by clk_out2_pll  {rise@0.000ns fall@4.000ns period=8.000ns})
  Destination:            virtual_led[3]
                            (output port)
  Path Group:             (none)
  Path Type:              Min at Fast Process Corner
  Data Path Delay:        2.168ns  (logic 1.417ns (65.355%)  route 0.751ns (34.645%))
  Logic Levels:           1  (OBUF=1)
  Clock Uncertainty:      0.149ns  ((TSJ^2 + DJ^2)^1/2) / 2 + PE
    Total System Jitter     (TSJ):    0.050ns
    Discrete Jitter          (DJ):    0.108ns
    Phase Error              (PE):    0.090ns

    Location             Delay type                Incr(ns)  Path(ns)    Netlist Resource(s)
  -------------------------------------------------------------------    -------------------
                         (clock clk_out2_pll rise edge)
                                                      0.000     0.000 r  
    AD12                                              0.000     0.000 r  i_sys_clk_p (IN)
                         net (fo=0)                   0.000     0.000    pll_inst/inst/clk_in1_p
    AD12                                                              r  pll_inst/inst/clkin1_ibufgds/I
    AD12                 IBUFDS (Prop_ibufds_I_O)     0.388     0.388 r  pll_inst/inst/clkin1_ibufgds/O
                         net (fo=1, routed)           0.503     0.891    pll_inst/inst/clk_in1_pll
    PLLE2_ADV_X1Y1                                                    r  pll_inst/inst/plle2_adv_inst/CLKIN1
    PLLE2_ADV_X1Y1       PLLE2_ADV (Prop_plle2_adv_CLKIN1_CLKOUT1)
                                                     -2.908    -2.017 r  pll_inst/inst/plle2_adv_inst/CLKOUT1
                         net (fo=1, routed)           0.958    -1.059    pll_inst/inst/clk_out2_pll
    BUFGCTRL_X0Y0                                                     r  pll_inst/inst/clkout2_buf/I
    BUFGCTRL_X0Y0        BUFG (Prop_bufg_I_O)         0.026    -1.033 r  pll_inst/inst/clkout2_buf/O
                         net (fo=34657, routed)       0.570    -0.463    student_top_inst/bridge_inst/clk_out2
    SLICE_X24Y238        FDRE                                         r  student_top_inst/bridge_inst/LED_reg[3]_lopt_replica/C
  -------------------------------------------------------------------    -------------------
    SLICE_X24Y238        FDRE (Prop_fdre_C_Q)         0.100    -0.363 r  student_top_inst/bridge_inst/LED_reg[3]_lopt_replica/Q
                         net (fo=1, routed)           0.751     0.389    lopt_25
    E25                                                               r  virtual_led_OBUF[3]_inst/I
    E25                  OBUF (Prop_obuf_I_O)         1.317     1.705 r  virtual_led_OBUF[3]_inst/O
                         net (fo=0)                   0.000     1.705    virtual_led[3]
    E25                                                               r  virtual_led[3] (OUT)
  -------------------------------------------------------------------    -------------------

Slack:                    inf
  Source:                 student_top_inst/bridge_inst/LED_reg[2]_lopt_replica/C
                            (rising edge-triggered cell FDRE clocked by clk_out2_pll  {rise@0.000ns fall@4.000ns period=8.000ns})
  Destination:            virtual_led[2]
                            (output port)
  Path Group:             (none)
  Path Type:              Min at Fast Process Corner
  Data Path Delay:        2.178ns  (logic 1.448ns (66.467%)  route 0.730ns (33.533%))
  Logic Levels:           1  (OBUF=1)
  Clock Uncertainty:      0.149ns  ((TSJ^2 + DJ^2)^1/2) / 2 + PE
    Total System Jitter     (TSJ):    0.050ns
    Discrete Jitter          (DJ):    0.108ns
    Phase Error              (PE):    0.090ns

    Location             Delay type                Incr(ns)  Path(ns)    Netlist Resource(s)
  -------------------------------------------------------------------    -------------------
                         (clock clk_out2_pll rise edge)
                                                      0.000     0.000 r  
    AD12                                              0.000     0.000 r  i_sys_clk_p (IN)
                         net (fo=0)                   0.000     0.000    pll_inst/inst/clk_in1_p
    AD12                                                              r  pll_inst/inst/clkin1_ibufgds/I
    AD12                 IBUFDS (Prop_ibufds_I_O)     0.388     0.388 r  pll_inst/inst/clkin1_ibufgds/O
                         net (fo=1, routed)           0.503     0.891    pll_inst/inst/clk_in1_pll
    PLLE2_ADV_X1Y1                                                    r  pll_inst/inst/plle2_adv_inst/CLKIN1
    PLLE2_ADV_X1Y1       PLLE2_ADV (Prop_plle2_adv_CLKIN1_CLKOUT1)
                                                     -2.908    -2.017 r  pll_inst/inst/plle2_adv_inst/CLKOUT1
                         net (fo=1, routed)           0.958    -1.059    pll_inst/inst/clk_out2_pll
    BUFGCTRL_X0Y0                                                     r  pll_inst/inst/clkout2_buf/I
    BUFGCTRL_X0Y0        BUFG (Prop_bufg_I_O)         0.026    -1.033 r  pll_inst/inst/clkout2_buf/O
                         net (fo=34657, routed)       0.567    -0.466    student_top_inst/bridge_inst/clk_out2
    SLICE_X26Y233        FDRE                                         r  student_top_inst/bridge_inst/LED_reg[2]_lopt_replica/C
  -------------------------------------------------------------------    -------------------
    SLICE_X26Y233        FDRE (Prop_fdre_C_Q)         0.100    -0.366 r  student_top_inst/bridge_inst/LED_reg[2]_lopt_replica/Q
                         net (fo=1, routed)           0.730     0.365    lopt_22
    C24                                                               r  virtual_led_OBUF[2]_inst/I
    C24                  OBUF (Prop_obuf_I_O)         1.348     1.713 r  virtual_led_OBUF[2]_inst/O
                         net (fo=0)                   0.000     1.713    virtual_led[2]
    C24                                                               r  virtual_led[2] (OUT)
  -------------------------------------------------------------------    -------------------

Slack:                    inf
  Source:                 student_top_inst/bridge_inst/LED_reg[8]_lopt_replica/C
                            (rising edge-triggered cell FDRE clocked by clk_out2_pll  {rise@0.000ns fall@4.000ns period=8.000ns})
  Destination:            virtual_led[8]
                            (output port)
  Path Group:             (none)
  Path Type:              Min at Fast Process Corner
  Data Path Delay:        2.182ns  (logic 1.399ns (64.107%)  route 0.783ns (35.893%))
  Logic Levels:           1  (OBUF=1)
  Clock Uncertainty:      0.149ns  ((TSJ^2 + DJ^2)^1/2) / 2 + PE
    Total System Jitter     (TSJ):    0.050ns
    Discrete Jitter          (DJ):    0.108ns
    Phase Error              (PE):    0.090ns

    Location             Delay type                Incr(ns)  Path(ns)    Netlist Resource(s)
  -------------------------------------------------------------------    -------------------
                         (clock clk_out2_pll rise edge)
                                                      0.000     0.000 r  
    AD12                                              0.000     0.000 r  i_sys_clk_p (IN)
                         net (fo=0)                   0.000     0.000    pll_inst/inst/clk_in1_p
    AD12                                                              r  pll_inst/inst/clkin1_ibufgds/I
    AD12                 IBUFDS (Prop_ibufds_I_O)     0.388     0.388 r  pll_inst/inst/clkin1_ibufgds/O
                         net (fo=1, routed)           0.503     0.891    pll_inst/inst/clk_in1_pll
    PLLE2_ADV_X1Y1                                                    r  pll_inst/inst/plle2_adv_inst/CLKIN1
    PLLE2_ADV_X1Y1       PLLE2_ADV (Prop_plle2_adv_CLKIN1_CLKOUT1)
                                                     -2.908    -2.017 r  pll_inst/inst/plle2_adv_inst/CLKOUT1
                         net (fo=1, routed)           0.958    -1.059    pll_inst/inst/clk_out2_pll
    BUFGCTRL_X0Y0                                                     r  pll_inst/inst/clkout2_buf/I
    BUFGCTRL_X0Y0        BUFG (Prop_bufg_I_O)         0.026    -1.033 r  pll_inst/inst/clkout2_buf/O
                         net (fo=34657, routed)       0.565    -0.468    student_top_inst/bridge_inst/clk_out2
    SLICE_X32Y236        FDRE                                         r  student_top_inst/bridge_inst/LED_reg[8]_lopt_replica/C
  -------------------------------------------------------------------    -------------------
    SLICE_X32Y236        FDRE (Prop_fdre_C_Q)         0.100    -0.368 r  student_top_inst/bridge_inst/LED_reg[8]_lopt_replica/Q
                         net (fo=1, routed)           0.783     0.416    lopt_30
    G23                                                               r  virtual_led_OBUF[8]_inst/I
    G23                  OBUF (Prop_obuf_I_O)         1.299     1.715 r  virtual_led_OBUF[8]_inst/O
                         net (fo=0)                   0.000     1.715    virtual_led[8]
    G23                                                               r  virtual_led[8] (OUT)
  -------------------------------------------------------------------    -------------------

Slack:                    inf
  Source:                 student_top_inst/bridge_inst/LED_reg[31]_lopt_replica/C
                            (rising edge-triggered cell FDRE clocked by clk_out2_pll  {rise@0.000ns fall@4.000ns period=8.000ns})
  Destination:            virtual_led[31]
                            (output port)
  Path Group:             (none)
  Path Type:              Min at Fast Process Corner
  Data Path Delay:        2.186ns  (logic 1.456ns (66.588%)  route 0.730ns (33.412%))
  Logic Levels:           1  (OBUF=1)
  Clock Uncertainty:      0.149ns  ((TSJ^2 + DJ^2)^1/2) / 2 + PE
    Total System Jitter     (TSJ):    0.050ns
    Discrete Jitter          (DJ):    0.108ns
    Phase Error              (PE):    0.090ns

    Location             Delay type                Incr(ns)  Path(ns)    Netlist Resource(s)
  -------------------------------------------------------------------    -------------------
                         (clock clk_out2_pll rise edge)
                                                      0.000     0.000 r  
    AD12                                              0.000     0.000 r  i_sys_clk_p (IN)
                         net (fo=0)                   0.000     0.000    pll_inst/inst/clk_in1_p
    AD12                                                              r  pll_inst/inst/clkin1_ibufgds/I
    AD12                 IBUFDS (Prop_ibufds_I_O)     0.388     0.388 r  pll_inst/inst/clkin1_ibufgds/O
                         net (fo=1, routed)           0.503     0.891    pll_inst/inst/clk_in1_pll
    PLLE2_ADV_X1Y1                                                    r  pll_inst/inst/plle2_adv_inst/CLKIN1
    PLLE2_ADV_X1Y1       PLLE2_ADV (Prop_plle2_adv_CLKIN1_CLKOUT1)
                                                     -2.908    -2.017 r  pll_inst/inst/plle2_adv_inst/CLKOUT1
                         net (fo=1, routed)           0.958    -1.059    pll_inst/inst/clk_out2_pll
    BUFGCTRL_X0Y0                                                     r  pll_inst/inst/clkout2_buf/I
    BUFGCTRL_X0Y0        BUFG (Prop_bufg_I_O)         0.026    -1.033 r  pll_inst/inst/clkout2_buf/O
                         net (fo=34657, routed)       0.565    -0.468    student_top_inst/bridge_inst/clk_out2
    SLICE_X32Y236        FDRE                                         r  student_top_inst/bridge_inst/LED_reg[31]_lopt_replica/C
  -------------------------------------------------------------------    -------------------
    SLICE_X32Y236        FDRE (Prop_fdre_C_Q)         0.100    -0.368 r  student_top_inst/bridge_inst/LED_reg[31]_lopt_replica/Q
                         net (fo=1, routed)           0.730     0.363    lopt_24
    B27                                                               r  virtual_led_OBUF[31]_inst/I
    B27                  OBUF (Prop_obuf_I_O)         1.356     1.719 r  virtual_led_OBUF[31]_inst/O
                         net (fo=0)                   0.000     1.719    virtual_led[31]
    B27                                                               r  virtual_led[31] (OUT)
  -------------------------------------------------------------------    -------------------

Slack:                    inf
  Source:                 student_top_inst/bridge_inst/LED_reg[9]_lopt_replica/C
                            (rising edge-triggered cell FDRE clocked by clk_out2_pll  {rise@0.000ns fall@4.000ns period=8.000ns})
  Destination:            virtual_led[9]
                            (output port)
  Path Group:             (none)
  Path Type:              Min at Fast Process Corner
  Data Path Delay:        2.189ns  (logic 1.410ns (64.409%)  route 0.779ns (35.591%))
  Logic Levels:           1  (OBUF=1)
  Clock Uncertainty:      0.149ns  ((TSJ^2 + DJ^2)^1/2) / 2 + PE
    Total System Jitter     (TSJ):    0.050ns
    Discrete Jitter          (DJ):    0.108ns
    Phase Error              (PE):    0.090ns

    Location             Delay type                Incr(ns)  Path(ns)    Netlist Resource(s)
  -------------------------------------------------------------------    -------------------
                         (clock clk_out2_pll rise edge)
                                                      0.000     0.000 r  
    AD12                                              0.000     0.000 r  i_sys_clk_p (IN)
                         net (fo=0)                   0.000     0.000    pll_inst/inst/clk_in1_p
    AD12                                                              r  pll_inst/inst/clkin1_ibufgds/I
    AD12                 IBUFDS (Prop_ibufds_I_O)     0.388     0.388 r  pll_inst/inst/clkin1_ibufgds/O
                         net (fo=1, routed)           0.503     0.891    pll_inst/inst/clk_in1_pll
    PLLE2_ADV_X1Y1                                                    r  pll_inst/inst/plle2_adv_inst/CLKIN1
    PLLE2_ADV_X1Y1       PLLE2_ADV (Prop_plle2_adv_CLKIN1_CLKOUT1)
                                                     -2.908    -2.017 r  pll_inst/inst/plle2_adv_inst/CLKOUT1
                         net (fo=1, routed)           0.958    -1.059    pll_inst/inst/clk_out2_pll
    BUFGCTRL_X0Y0                                                     r  pll_inst/inst/clkout2_buf/I
    BUFGCTRL_X0Y0        BUFG (Prop_bufg_I_O)         0.026    -1.033 r  pll_inst/inst/clkout2_buf/O
                         net (fo=34657, routed)       0.568    -0.465    student_top_inst/bridge_inst/clk_out2
    SLICE_X24Y236        FDRE                                         r  student_top_inst/bridge_inst/LED_reg[9]_lopt_replica/C
  -------------------------------------------------------------------    -------------------
    SLICE_X24Y236        FDRE (Prop_fdre_C_Q)         0.100    -0.365 r  student_top_inst/bridge_inst/LED_reg[9]_lopt_replica/Q
                         net (fo=1, routed)           0.779     0.415    lopt_31
    E23                                                               r  virtual_led_OBUF[9]_inst/I
    E23                  OBUF (Prop_obuf_I_O)         1.310     1.724 r  virtual_led_OBUF[9]_inst/O
                         net (fo=0)                   0.000     1.724    virtual_led[9]
    E23                                                               r  virtual_led[9] (OUT)
  -------------------------------------------------------------------    -------------------

Slack:                    inf
  Source:                 student_top_inst/bridge_inst/LED_reg[30]_lopt_replica/C
                            (rising edge-triggered cell FDRE clocked by clk_out2_pll  {rise@0.000ns fall@4.000ns period=8.000ns})
  Destination:            virtual_led[30]
                            (output port)
  Path Group:             (none)
  Path Type:              Min at Fast Process Corner
  Data Path Delay:        2.197ns  (logic 1.466ns (66.708%)  route 0.731ns (33.292%))
  Logic Levels:           1  (OBUF=1)
  Clock Uncertainty:      0.149ns  ((TSJ^2 + DJ^2)^1/2) / 2 + PE
    Total System Jitter     (TSJ):    0.050ns
    Discrete Jitter          (DJ):    0.108ns
    Phase Error              (PE):    0.090ns

    Location             Delay type                Incr(ns)  Path(ns)    Netlist Resource(s)
  -------------------------------------------------------------------    -------------------
                         (clock clk_out2_pll rise edge)
                                                      0.000     0.000 r  
    AD12                                              0.000     0.000 r  i_sys_clk_p (IN)
                         net (fo=0)                   0.000     0.000    pll_inst/inst/clk_in1_p
    AD12                                                              r  pll_inst/inst/clkin1_ibufgds/I
    AD12                 IBUFDS (Prop_ibufds_I_O)     0.388     0.388 r  pll_inst/inst/clkin1_ibufgds/O
                         net (fo=1, routed)           0.503     0.891    pll_inst/inst/clk_in1_pll
    PLLE2_ADV_X1Y1                                                    r  pll_inst/inst/plle2_adv_inst/CLKIN1
    PLLE2_ADV_X1Y1       PLLE2_ADV (Prop_plle2_adv_CLKIN1_CLKOUT1)
                                                     -2.908    -2.017 r  pll_inst/inst/plle2_adv_inst/CLKOUT1
                         net (fo=1, routed)           0.958    -1.059    pll_inst/inst/clk_out2_pll
    BUFGCTRL_X0Y0                                                     r  pll_inst/inst/clkout2_buf/I
    BUFGCTRL_X0Y0        BUFG (Prop_bufg_I_O)         0.026    -1.033 r  pll_inst/inst/clkout2_buf/O
                         net (fo=34657, routed)       0.565    -0.468    student_top_inst/bridge_inst/clk_out2
    SLICE_X32Y236        FDRE                                         r  student_top_inst/bridge_inst/LED_reg[30]_lopt_replica/C
  -------------------------------------------------------------------    -------------------
    SLICE_X32Y236        FDRE (Prop_fdre_C_Q)         0.100    -0.368 r  student_top_inst/bridge_inst/LED_reg[30]_lopt_replica/Q
                         net (fo=1, routed)           0.731     0.364    lopt_23
    A27                                                               r  virtual_led_OBUF[30]_inst/I
    A27                  OBUF (Prop_obuf_I_O)         1.366     1.729 r  virtual_led_OBUF[30]_inst/O
                         net (fo=0)                   0.000     1.729    virtual_led[30]
    A27                                                               r  virtual_led[30] (OUT)
  -------------------------------------------------------------------    -------------------

Slack:                    inf
  Source:                 student_top_inst/bridge_inst/LED_reg[27]_lopt_replica/C
                            (rising edge-triggered cell FDRE clocked by clk_out2_pll  {rise@0.000ns fall@4.000ns period=8.000ns})
  Destination:            virtual_led[27]
                            (output port)
  Path Group:             (none)
  Path Type:              Min at Fast Process Corner
  Data Path Delay:        2.206ns  (logic 1.462ns (66.263%)  route 0.744ns (33.737%))
  Logic Levels:           1  (OBUF=1)
  Clock Uncertainty:      0.149ns  ((TSJ^2 + DJ^2)^1/2) / 2 + PE
    Total System Jitter     (TSJ):    0.050ns
    Discrete Jitter          (DJ):    0.108ns
    Phase Error              (PE):    0.090ns

    Location             Delay type                Incr(ns)  Path(ns)    Netlist Resource(s)
  -------------------------------------------------------------------    -------------------
                         (clock clk_out2_pll rise edge)
                                                      0.000     0.000 r  
    AD12                                              0.000     0.000 r  i_sys_clk_p (IN)
                         net (fo=0)                   0.000     0.000    pll_inst/inst/clk_in1_p
    AD12                                                              r  pll_inst/inst/clkin1_ibufgds/I
    AD12                 IBUFDS (Prop_ibufds_I_O)     0.388     0.388 r  pll_inst/inst/clkin1_ibufgds/O
                         net (fo=1, routed)           0.503     0.891    pll_inst/inst/clk_in1_pll
    PLLE2_ADV_X1Y1                                                    r  pll_inst/inst/plle2_adv_inst/CLKIN1
    PLLE2_ADV_X1Y1       PLLE2_ADV (Prop_plle2_adv_CLKIN1_CLKOUT1)
                                                     -2.908    -2.017 r  pll_inst/inst/plle2_adv_inst/CLKOUT1
                         net (fo=1, routed)           0.958    -1.059    pll_inst/inst/clk_out2_pll
    BUFGCTRL_X0Y0                                                     r  pll_inst/inst/clkout2_buf/I
    BUFGCTRL_X0Y0        BUFG (Prop_bufg_I_O)         0.026    -1.033 r  pll_inst/inst/clkout2_buf/O
                         net (fo=34657, routed)       0.559    -0.474    student_top_inst/bridge_inst/clk_out2
    SLICE_X34Y228        FDRE                                         r  student_top_inst/bridge_inst/LED_reg[27]_lopt_replica/C
  -------------------------------------------------------------------    -------------------
    SLICE_X34Y228        FDRE (Prop_fdre_C_Q)         0.100    -0.374 r  student_top_inst/bridge_inst/LED_reg[27]_lopt_replica/Q
                         net (fo=1, routed)           0.744     0.371    lopt_19
    A25                                                               r  virtual_led_OBUF[27]_inst/I
    A25                  OBUF (Prop_obuf_I_O)         1.362     1.733 r  virtual_led_OBUF[27]_inst/O
                         net (fo=0)                   0.000     1.733    virtual_led[27]
    A25                                                               r  virtual_led[27] (OUT)
  -------------------------------------------------------------------    -------------------

Slack:                    inf
  Source:                 student_top_inst/bridge_inst/LED_reg[21]_lopt_replica/C
                            (rising edge-triggered cell FDRE clocked by clk_out2_pll  {rise@0.000ns fall@4.000ns period=8.000ns})
  Destination:            virtual_led[21]
                            (output port)
  Path Group:             (none)
  Path Type:              Min at Fast Process Corner
  Data Path Delay:        2.206ns  (logic 1.452ns (65.842%)  route 0.754ns (34.158%))
  Logic Levels:           1  (OBUF=1)
  Clock Uncertainty:      0.149ns  ((TSJ^2 + DJ^2)^1/2) / 2 + PE
    Total System Jitter     (TSJ):    0.050ns
    Discrete Jitter          (DJ):    0.108ns
    Phase Error              (PE):    0.090ns

    Location             Delay type                Incr(ns)  Path(ns)    Netlist Resource(s)
  -------------------------------------------------------------------    -------------------
                         (clock clk_out2_pll rise edge)
                                                      0.000     0.000 r  
    AD12                                              0.000     0.000 r  i_sys_clk_p (IN)
                         net (fo=0)                   0.000     0.000    pll_inst/inst/clk_in1_p
    AD12                                                              r  pll_inst/inst/clkin1_ibufgds/I
    AD12                 IBUFDS (Prop_ibufds_I_O)     0.388     0.388 r  pll_inst/inst/clkin1_ibufgds/O
                         net (fo=1, routed)           0.503     0.891    pll_inst/inst/clk_in1_pll
    PLLE2_ADV_X1Y1                                                    r  pll_inst/inst/plle2_adv_inst/CLKIN1
    PLLE2_ADV_X1Y1       PLLE2_ADV (Prop_plle2_adv_CLKIN1_CLKOUT1)
                                                     -2.908    -2.017 r  pll_inst/inst/plle2_adv_inst/CLKOUT1
                         net (fo=1, routed)           0.958    -1.059    pll_inst/inst/clk_out2_pll
    BUFGCTRL_X0Y0                                                     r  pll_inst/inst/clkout2_buf/I
    BUFGCTRL_X0Y0        BUFG (Prop_bufg_I_O)         0.026    -1.033 r  pll_inst/inst/clkout2_buf/O
                         net (fo=34657, routed)       0.561    -0.472    student_top_inst/bridge_inst/clk_out2
    SLICE_X26Y227        FDRE                                         r  student_top_inst/bridge_inst/LED_reg[21]_lopt_replica/C
  -------------------------------------------------------------------    -------------------
    SLICE_X26Y227        FDRE (Prop_fdre_C_Q)         0.100    -0.372 r  student_top_inst/bridge_inst/LED_reg[21]_lopt_replica/Q
                         net (fo=1, routed)           0.754     0.382    lopt_13
    D28                                                               r  virtual_led_OBUF[21]_inst/I
    D28                  OBUF (Prop_obuf_I_O)         1.352     1.734 r  virtual_led_OBUF[21]_inst/O
                         net (fo=0)                   0.000     1.734    virtual_led[21]
    D28                                                               r  virtual_led[21] (OUT)
  -------------------------------------------------------------------    -------------------

Slack:                    inf
  Source:                 student_top_inst/bridge_inst/LED_reg[13]_lopt_replica/C
                            (rising edge-triggered cell FDRE clocked by clk_out2_pll  {rise@0.000ns fall@4.000ns period=8.000ns})
  Destination:            virtual_led[13]
                            (output port)
  Path Group:             (none)
  Path Type:              Min at Fast Process Corner
  Data Path Delay:        2.229ns  (logic 1.466ns (65.770%)  route 0.763ns (34.230%))
  Logic Levels:           1  (OBUF=1)
  Clock Uncertainty:      0.149ns  ((TSJ^2 + DJ^2)^1/2) / 2 + PE
    Total System Jitter     (TSJ):    0.050ns
    Discrete Jitter          (DJ):    0.108ns
    Phase Error              (PE):    0.090ns

    Location             Delay type                Incr(ns)  Path(ns)    Netlist Resource(s)
  -------------------------------------------------------------------    -------------------
                         (clock clk_out2_pll rise edge)
                                                      0.000     0.000 r  
    AD12                                              0.000     0.000 r  i_sys_clk_p (IN)
                         net (fo=0)                   0.000     0.000    pll_inst/inst/clk_in1_p
    AD12                                                              r  pll_inst/inst/clkin1_ibufgds/I
    AD12                 IBUFDS (Prop_ibufds_I_O)     0.388     0.388 r  pll_inst/inst/clkin1_ibufgds/O
                         net (fo=1, routed)           0.503     0.891    pll_inst/inst/clk_in1_pll
    PLLE2_ADV_X1Y1                                                    r  pll_inst/inst/plle2_adv_inst/CLKIN1
    PLLE2_ADV_X1Y1       PLLE2_ADV (Prop_plle2_adv_CLKIN1_CLKOUT1)
                                                     -2.908    -2.017 r  pll_inst/inst/plle2_adv_inst/CLKOUT1
                         net (fo=1, routed)           0.958    -1.059    pll_inst/inst/clk_out2_pll
    BUFGCTRL_X0Y0                                                     r  pll_inst/inst/clkout2_buf/I
    BUFGCTRL_X0Y0        BUFG (Prop_bufg_I_O)         0.026    -1.033 r  pll_inst/inst/clkout2_buf/O
                         net (fo=34657, routed)       0.559    -0.474    student_top_inst/bridge_inst/clk_out2
    SLICE_X32Y221        FDRE                                         r  student_top_inst/bridge_inst/LED_reg[13]_lopt_replica/C
  -------------------------------------------------------------------    -------------------
    SLICE_X32Y221        FDRE (Prop_fdre_C_Q)         0.100    -0.374 r  student_top_inst/bridge_inst/LED_reg[13]_lopt_replica/Q
                         net (fo=1, routed)           0.763     0.389    lopt_4
    C29                                                               r  virtual_led_OBUF[13]_inst/I
    C29                  OBUF (Prop_obuf_I_O)         1.366     1.755 r  virtual_led_OBUF[13]_inst/O
                         net (fo=0)                   0.000     1.755    virtual_led[13]
    C29                                                               r  virtual_led[13] (OUT)
  -------------------------------------------------------------------    -------------------

Slack:                    inf
  Source:                 student_top_inst/bridge_inst/LED_reg[25]_lopt_replica/C
                            (rising edge-triggered cell FDRE clocked by clk_out2_pll  {rise@0.000ns fall@4.000ns period=8.000ns})
  Destination:            virtual_led[25]
                            (output port)
  Path Group:             (none)
  Path Type:              Min at Fast Process Corner
  Data Path Delay:        2.219ns  (logic 1.430ns (64.476%)  route 0.788ns (35.524%))
  Logic Levels:           1  (OBUF=1)
  Clock Uncertainty:      0.149ns  ((TSJ^2 + DJ^2)^1/2) / 2 + PE
    Total System Jitter     (TSJ):    0.050ns
    Discrete Jitter          (DJ):    0.108ns
    Phase Error              (PE):    0.090ns

    Location             Delay type                Incr(ns)  Path(ns)    Netlist Resource(s)
  -------------------------------------------------------------------    -------------------
                         (clock clk_out2_pll rise edge)
                                                      0.000     0.000 r  
    AD12                                              0.000     0.000 r  i_sys_clk_p (IN)
                         net (fo=0)                   0.000     0.000    pll_inst/inst/clk_in1_p
    AD12                                                              r  pll_inst/inst/clkin1_ibufgds/I
    AD12                 IBUFDS (Prop_ibufds_I_O)     0.388     0.388 r  pll_inst/inst/clkin1_ibufgds/O
                         net (fo=1, routed)           0.503     0.891    pll_inst/inst/clk_in1_pll
    PLLE2_ADV_X1Y1                                                    r  pll_inst/inst/plle2_adv_inst/CLKIN1
    PLLE2_ADV_X1Y1       PLLE2_ADV (Prop_plle2_adv_CLKIN1_CLKOUT1)
                                                     -2.908    -2.017 r  pll_inst/inst/plle2_adv_inst/CLKOUT1
                         net (fo=1, routed)           0.958    -1.059    pll_inst/inst/clk_out2_pll
    BUFGCTRL_X0Y0                                                     r  pll_inst/inst/clkout2_buf/I
    BUFGCTRL_X0Y0        BUFG (Prop_bufg_I_O)         0.026    -1.033 r  pll_inst/inst/clkout2_buf/O
                         net (fo=34657, routed)       0.570    -0.463    student_top_inst/bridge_inst/clk_out2
    SLICE_X29Y243        FDRE                                         r  student_top_inst/bridge_inst/LED_reg[25]_lopt_replica/C
  -------------------------------------------------------------------    -------------------
    SLICE_X29Y243        FDRE (Prop_fdre_C_Q)         0.100    -0.363 r  student_top_inst/bridge_inst/LED_reg[25]_lopt_replica/Q
                         net (fo=1, routed)           0.788     0.426    lopt_17
    B23                                                               r  virtual_led_OBUF[25]_inst/I
    B23                  OBUF (Prop_obuf_I_O)         1.330     1.756 r  virtual_led_OBUF[25]_inst/O
                         net (fo=0)                   0.000     1.756    virtual_led[25]
    B23                                                               r  virtual_led[25] (OUT)
  -------------------------------------------------------------------    -------------------

Slack:                    inf
  Source:                 student_top_inst/bridge_inst/LED_reg[20]_lopt_replica/C
                            (rising edge-triggered cell FDRE clocked by clk_out2_pll  {rise@0.000ns fall@4.000ns period=8.000ns})
  Destination:            virtual_led[20]
                            (output port)
  Path Group:             (none)
  Path Type:              Min at Fast Process Corner
  Data Path Delay:        2.237ns  (logic 1.420ns (63.474%)  route 0.817ns (36.526%))
  Logic Levels:           1  (OBUF=1)
  Clock Uncertainty:      0.149ns  ((TSJ^2 + DJ^2)^1/2) / 2 + PE
    Total System Jitter     (TSJ):    0.050ns
    Discrete Jitter          (DJ):    0.108ns
    Phase Error              (PE):    0.090ns

    Location             Delay type                Incr(ns)  Path(ns)    Netlist Resource(s)
  -------------------------------------------------------------------    -------------------
                         (clock clk_out2_pll rise edge)
                                                      0.000     0.000 r  
    AD12                                              0.000     0.000 r  i_sys_clk_p (IN)
                         net (fo=0)                   0.000     0.000    pll_inst/inst/clk_in1_p
    AD12                                                              r  pll_inst/inst/clkin1_ibufgds/I
    AD12                 IBUFDS (Prop_ibufds_I_O)     0.388     0.388 r  pll_inst/inst/clkin1_ibufgds/O
                         net (fo=1, routed)           0.503     0.891    pll_inst/inst/clk_in1_pll
    PLLE2_ADV_X1Y1                                                    r  pll_inst/inst/plle2_adv_inst/CLKIN1
    PLLE2_ADV_X1Y1       PLLE2_ADV (Prop_plle2_adv_CLKIN1_CLKOUT1)
                                                     -2.908    -2.017 r  pll_inst/inst/plle2_adv_inst/CLKOUT1
                         net (fo=1, routed)           0.958    -1.059    pll_inst/inst/clk_out2_pll
    BUFGCTRL_X0Y0                                                     r  pll_inst/inst/clkout2_buf/I
    BUFGCTRL_X0Y0        BUFG (Prop_bufg_I_O)         0.026    -1.033 r  pll_inst/inst/clkout2_buf/O
                         net (fo=34657, routed)       0.567    -0.466    student_top_inst/bridge_inst/clk_out2
    SLICE_X35Y239        FDRE                                         r  student_top_inst/bridge_inst/LED_reg[20]_lopt_replica/C
  -------------------------------------------------------------------    -------------------
    SLICE_X35Y239        FDRE (Prop_fdre_C_Q)         0.100    -0.366 r  student_top_inst/bridge_inst/LED_reg[20]_lopt_replica/Q
                         net (fo=1, routed)           0.817     0.452    lopt_12
    E26                                                               r  virtual_led_OBUF[20]_inst/I
    E26                  OBUF (Prop_obuf_I_O)         1.320     1.772 r  virtual_led_OBUF[20]_inst/O
                         net (fo=0)                   0.000     1.772    virtual_led[20]
    E26                                                               r  virtual_led[20] (OUT)
  -------------------------------------------------------------------    -------------------

Slack:                    inf
  Source:                 student_top_inst/bridge_inst/LED_reg[19]_lopt_replica/C
                            (rising edge-triggered cell FDRE clocked by clk_out2_pll  {rise@0.000ns fall@4.000ns period=8.000ns})
  Destination:            virtual_led[19]
                            (output port)
  Path Group:             (none)
  Path Type:              Min at Fast Process Corner
  Data Path Delay:        2.237ns  (logic 1.413ns (63.184%)  route 0.824ns (36.816%))
  Logic Levels:           1  (OBUF=1)
  Clock Uncertainty:      0.149ns  ((TSJ^2 + DJ^2)^1/2) / 2 + PE
    Total System Jitter     (TSJ):    0.050ns
    Discrete Jitter          (DJ):    0.108ns
    Phase Error              (PE):    0.090ns

    Location             Delay type                Incr(ns)  Path(ns)    Netlist Resource(s)
  -------------------------------------------------------------------    -------------------
                         (clock clk_out2_pll rise edge)
                                                      0.000     0.000 r  
    AD12                                              0.000     0.000 r  i_sys_clk_p (IN)
                         net (fo=0)                   0.000     0.000    pll_inst/inst/clk_in1_p
    AD12                                                              r  pll_inst/inst/clkin1_ibufgds/I
    AD12                 IBUFDS (Prop_ibufds_I_O)     0.388     0.388 r  pll_inst/inst/clkin1_ibufgds/O
                         net (fo=1, routed)           0.503     0.891    pll_inst/inst/clk_in1_pll
    PLLE2_ADV_X1Y1                                                    r  pll_inst/inst/plle2_adv_inst/CLKIN1
    PLLE2_ADV_X1Y1       PLLE2_ADV (Prop_plle2_adv_CLKIN1_CLKOUT1)
                                                     -2.908    -2.017 r  pll_inst/inst/plle2_adv_inst/CLKOUT1
                         net (fo=1, routed)           0.958    -1.059    pll_inst/inst/clk_out2_pll
    BUFGCTRL_X0Y0                                                     r  pll_inst/inst/clkout2_buf/I
    BUFGCTRL_X0Y0        BUFG (Prop_bufg_I_O)         0.026    -1.033 r  pll_inst/inst/clkout2_buf/O
                         net (fo=34657, routed)       0.568    -0.465    student_top_inst/bridge_inst/clk_out2
    SLICE_X35Y241        FDRE                                         r  student_top_inst/bridge_inst/LED_reg[19]_lopt_replica/C
  -------------------------------------------------------------------    -------------------
    SLICE_X35Y241        FDRE (Prop_fdre_C_Q)         0.100    -0.365 r  student_top_inst/bridge_inst/LED_reg[19]_lopt_replica/Q
                         net (fo=1, routed)           0.824     0.459    lopt_10
    F25                                                               r  virtual_led_OBUF[19]_inst/I
    F25                  OBUF (Prop_obuf_I_O)         1.313     1.772 r  virtual_led_OBUF[19]_inst/O
                         net (fo=0)                   0.000     1.772    virtual_led[19]
    F25                                                               r  virtual_led[19] (OUT)
  -------------------------------------------------------------------    -------------------

Slack:                    inf
  Source:                 student_top_inst/bridge_inst/LED_reg[18]_lopt_replica/C
                            (rising edge-triggered cell FDRE clocked by clk_out2_pll  {rise@0.000ns fall@4.000ns period=8.000ns})
  Destination:            virtual_led[18]
                            (output port)
  Path Group:             (none)
  Path Type:              Min at Fast Process Corner
  Data Path Delay:        2.243ns  (logic 1.420ns (63.322%)  route 0.823ns (36.678%))
  Logic Levels:           1  (OBUF=1)
  Clock Uncertainty:      0.149ns  ((TSJ^2 + DJ^2)^1/2) / 2 + PE
    Total System Jitter     (TSJ):    0.050ns
    Discrete Jitter          (DJ):    0.108ns
    Phase Error              (PE):    0.090ns

    Location             Delay type                Incr(ns)  Path(ns)    Netlist Resource(s)
  -------------------------------------------------------------------    -------------------
                         (clock clk_out2_pll rise edge)
                                                      0.000     0.000 r  
    AD12                                              0.000     0.000 r  i_sys_clk_p (IN)
                         net (fo=0)                   0.000     0.000    pll_inst/inst/clk_in1_p
    AD12                                                              r  pll_inst/inst/clkin1_ibufgds/I
    AD12                 IBUFDS (Prop_ibufds_I_O)     0.388     0.388 r  pll_inst/inst/clkin1_ibufgds/O
                         net (fo=1, routed)           0.503     0.891    pll_inst/inst/clk_in1_pll
    PLLE2_ADV_X1Y1                                                    r  pll_inst/inst/plle2_adv_inst/CLKIN1
    PLLE2_ADV_X1Y1       PLLE2_ADV (Prop_plle2_adv_CLKIN1_CLKOUT1)
                                                     -2.908    -2.017 r  pll_inst/inst/plle2_adv_inst/CLKOUT1
                         net (fo=1, routed)           0.958    -1.059    pll_inst/inst/clk_out2_pll
    BUFGCTRL_X0Y0                                                     r  pll_inst/inst/clkout2_buf/I
    BUFGCTRL_X0Y0        BUFG (Prop_bufg_I_O)         0.026    -1.033 r  pll_inst/inst/clkout2_buf/O
                         net (fo=34657, routed)       0.568    -0.465    student_top_inst/bridge_inst/clk_out2
    SLICE_X35Y242        FDRE                                         r  student_top_inst/bridge_inst/LED_reg[18]_lopt_replica/C
  -------------------------------------------------------------------    -------------------
    SLICE_X35Y242        FDRE (Prop_fdre_C_Q)         0.100    -0.365 r  student_top_inst/bridge_inst/LED_reg[18]_lopt_replica/Q
                         net (fo=1, routed)           0.823     0.458    lopt_9
    D23                                                               r  virtual_led_OBUF[18]_inst/I
    D23                  OBUF (Prop_obuf_I_O)         1.320     1.779 r  virtual_led_OBUF[18]_inst/O
                         net (fo=0)                   0.000     1.779    virtual_led[18]
    D23                                                               r  virtual_led[18] (OUT)
  -------------------------------------------------------------------    -------------------

Slack:                    inf
  Source:                 student_top_inst/bridge_inst/LED_reg[15]_lopt_replica/C
                            (rising edge-triggered cell FDRE clocked by clk_out2_pll  {rise@0.000ns fall@4.000ns period=8.000ns})
  Destination:            virtual_led[15]
                            (output port)
  Path Group:             (none)
  Path Type:              Min at Fast Process Corner
  Data Path Delay:        2.251ns  (logic 1.441ns (63.987%)  route 0.811ns (36.012%))
  Logic Levels:           1  (OBUF=1)
  Clock Uncertainty:      0.149ns  ((TSJ^2 + DJ^2)^1/2) / 2 + PE
    Total System Jitter     (TSJ):    0.050ns
    Discrete Jitter          (DJ):    0.108ns
    Phase Error              (PE):    0.090ns

    Location             Delay type                Incr(ns)  Path(ns)    Netlist Resource(s)
  -------------------------------------------------------------------    -------------------
                         (clock clk_out2_pll rise edge)
                                                      0.000     0.000 r  
    AD12                                              0.000     0.000 r  i_sys_clk_p (IN)
                         net (fo=0)                   0.000     0.000    pll_inst/inst/clk_in1_p
    AD12                                                              r  pll_inst/inst/clkin1_ibufgds/I
    AD12                 IBUFDS (Prop_ibufds_I_O)     0.388     0.388 r  pll_inst/inst/clkin1_ibufgds/O
                         net (fo=1, routed)           0.503     0.891    pll_inst/inst/clk_in1_pll
    PLLE2_ADV_X1Y1                                                    r  pll_inst/inst/plle2_adv_inst/CLKIN1
    PLLE2_ADV_X1Y1       PLLE2_ADV (Prop_plle2_adv_CLKIN1_CLKOUT1)
                                                     -2.908    -2.017 r  pll_inst/inst/plle2_adv_inst/CLKOUT1
                         net (fo=1, routed)           0.958    -1.059    pll_inst/inst/clk_out2_pll
    BUFGCTRL_X0Y0                                                     r  pll_inst/inst/clkout2_buf/I
    BUFGCTRL_X0Y0        BUFG (Prop_bufg_I_O)         0.026    -1.033 r  pll_inst/inst/clkout2_buf/O
                         net (fo=34657, routed)       0.561    -0.472    student_top_inst/bridge_inst/clk_out2
    SLICE_X28Y220        FDRE                                         r  student_top_inst/bridge_inst/LED_reg[15]_lopt_replica/C
  -------------------------------------------------------------------    -------------------
    SLICE_X28Y220        FDRE (Prop_fdre_C_Q)         0.100    -0.372 r  student_top_inst/bridge_inst/LED_reg[15]_lopt_replica/Q
                         net (fo=1, routed)           0.811     0.439    lopt_6
    G28                                                               r  virtual_led_OBUF[15]_inst/I
    G28                  OBUF (Prop_obuf_I_O)         1.341     1.780 r  virtual_led_OBUF[15]_inst/O
                         net (fo=0)                   0.000     1.780    virtual_led[15]
    G28                                                               r  virtual_led[15] (OUT)
  -------------------------------------------------------------------    -------------------

Slack:                    inf
  Source:                 student_top_inst/bridge_inst/LED_reg[12]_lopt_replica/C
                            (rising edge-triggered cell FDRE clocked by clk_out2_pll  {rise@0.000ns fall@4.000ns period=8.000ns})
  Destination:            virtual_led[12]
                            (output port)
  Path Group:             (none)
  Path Type:              Min at Fast Process Corner
  Data Path Delay:        2.265ns  (logic 1.452ns (64.113%)  route 0.813ns (35.887%))
  Logic Levels:           1  (OBUF=1)
  Clock Uncertainty:      0.149ns  ((TSJ^2 + DJ^2)^1/2) / 2 + PE
    Total System Jitter     (TSJ):    0.050ns
    Discrete Jitter          (DJ):    0.108ns
    Phase Error              (PE):    0.090ns

    Location             Delay type                Incr(ns)  Path(ns)    Netlist Resource(s)
  -------------------------------------------------------------------    -------------------
                         (clock clk_out2_pll rise edge)
                                                      0.000     0.000 r  
    AD12                                              0.000     0.000 r  i_sys_clk_p (IN)
                         net (fo=0)                   0.000     0.000    pll_inst/inst/clk_in1_p
    AD12                                                              r  pll_inst/inst/clkin1_ibufgds/I
    AD12                 IBUFDS (Prop_ibufds_I_O)     0.388     0.388 r  pll_inst/inst/clkin1_ibufgds/O
                         net (fo=1, routed)           0.503     0.891    pll_inst/inst/clk_in1_pll
    PLLE2_ADV_X1Y1                                                    r  pll_inst/inst/plle2_adv_inst/CLKIN1
    PLLE2_ADV_X1Y1       PLLE2_ADV (Prop_plle2_adv_CLKIN1_CLKOUT1)
                                                     -2.908    -2.017 r  pll_inst/inst/plle2_adv_inst/CLKOUT1
                         net (fo=1, routed)           0.958    -1.059    pll_inst/inst/clk_out2_pll
    BUFGCTRL_X0Y0                                                     r  pll_inst/inst/clkout2_buf/I
    BUFGCTRL_X0Y0        BUFG (Prop_bufg_I_O)         0.026    -1.033 r  pll_inst/inst/clkout2_buf/O
                         net (fo=34657, routed)       0.559    -0.474    student_top_inst/bridge_inst/clk_out2
    SLICE_X34Y228        FDRE                                         r  student_top_inst/bridge_inst/LED_reg[12]_lopt_replica/C
  -------------------------------------------------------------------    -------------------
    SLICE_X34Y228        FDRE (Prop_fdre_C_Q)         0.100    -0.374 r  student_top_inst/bridge_inst/LED_reg[12]_lopt_replica/Q
                         net (fo=1, routed)           0.813     0.439    lopt_3
    D26                                                               r  virtual_led_OBUF[12]_inst/I
    D26                  OBUF (Prop_obuf_I_O)         1.352     1.792 r  virtual_led_OBUF[12]_inst/O
                         net (fo=0)                   0.000     1.792    virtual_led[12]
    D26                                                               r  virtual_led[12] (OUT)
  -------------------------------------------------------------------    -------------------





--------------------------------------------------------------------------------------
Path Group:  (none)
From Clock:  clkfbout_pll
  To Clock:  

Max Delay             0 Endpoints
Min Delay             1 Endpoint
--------------------------------------------------------------------------------------


Min Delay Paths
--------------------------------------------------------------------------------------
Slack:                    inf
  Source:                 pll_inst/inst/plle2_adv_inst/CLKFBOUT
                            (clock source 'clkfbout_pll'  {rise@0.000ns fall@2.500ns period=5.000ns})
  Destination:            pll_inst/inst/plle2_adv_inst/CLKFBIN
  Path Group:             (none)
  Path Type:              Min at Slow Process Corner
  Data Path Delay:        3.712ns  (logic 0.083ns (2.236%)  route 3.629ns (97.764%))
  Logic Levels:           1  (BUFG=1)
  Clock Uncertainty:      0.134ns  ((TSJ^2 + DJ^2)^1/2) / 2 + PE
    Total System Jitter     (TSJ):    0.050ns
    Discrete Jitter          (DJ):    0.072ns
    Phase Error              (PE):    0.090ns

    Location             Delay type                Incr(ns)  Path(ns)    Netlist Resource(s)
  -------------------------------------------------------------------    -------------------
                         (clock clkfbout_pll rise edge)
                                                      0.000     0.000 r  
    AD12                                              0.000     0.000 r  i_sys_clk_p (IN)
                         net (fo=0)                   0.000     0.000    pll_inst/inst/clk_in1_p
    AD12                                                              r  pll_inst/inst/clkin1_ibufgds/I
    AD12                 IBUFDS (Prop_ibufds_I_O)     0.803     0.803 r  pll_inst/inst/clkin1_ibufgds/O
                         net (fo=1, routed)           1.001     1.804    pll_inst/inst/clk_in1_pll
    PLLE2_ADV_X1Y1                                                    r  pll_inst/inst/plle2_adv_inst/CLKIN1
  -------------------------------------------------------------------    -------------------
    PLLE2_ADV_X1Y1       PLLE2_ADV (Prop_plle2_adv_CLKIN1_CLKFBOUT)
                                                     -7.261    -5.457 r  pll_inst/inst/plle2_adv_inst/CLKFBOUT
                         net (fo=1, routed)           2.003    -3.454    pll_inst/inst/clkfbout_pll
    BUFGCTRL_X0Y2                                                     r  pll_inst/inst/clkf_buf/I
    BUFGCTRL_X0Y2        BUFG (Prop_bufg_I_O)         0.083    -3.371 r  pll_inst/inst/clkf_buf/O
                         net (fo=1, routed)           1.626    -1.745    pll_inst/inst/clkfbout_buf_pll
    PLLE2_ADV_X1Y1       PLLE2_ADV                                    r  pll_inst/inst/plle2_adv_inst/CLKFBIN
  -------------------------------------------------------------------    -------------------





--------------------------------------------------------------------------------------
Path Group:  (none)
From Clock:  
  To Clock:  clk_out1_pll

Max Delay             0 Endpoints
Min Delay             1 Endpoint
--------------------------------------------------------------------------------------


Min Delay Paths
--------------------------------------------------------------------------------------
Slack:                    inf
  Source:                 i_uart_rx
                            (input port)
  Destination:            uart_inst/rx_d0_reg/D
                            (rising edge-triggered cell FDPE clocked by clk_out1_pll  {rise@0.000ns fall@10.000ns period=20.000ns})
  Path Group:             (none)
  Path Type:              Hold (Min at Fast Process Corner)
  Data Path Delay:        1.115ns  (logic 0.458ns (41.062%)  route 0.657ns (58.939%))
  Logic Levels:           1  (IBUF=1)
  Clock Path Skew:        -0.561ns (DCD - SCD - CPR)
    Destination Clock Delay (DCD):    -0.561ns
    Source Clock Delay      (SCD):    0.000ns
    Clock Pessimism Removal (CPR):    -0.000ns

    Location             Delay type                Incr(ns)  Path(ns)    Netlist Resource(s)
  -------------------------------------------------------------------    -------------------
    D18                                               0.000     0.000 r  i_uart_rx (IN)
                         net (fo=0)                   0.000     0.000    i_uart_rx
    D18                                                               r  i_uart_rx_IBUF_inst/I
    D18                  IBUF (Prop_ibuf_I_O)         0.458     0.458 r  i_uart_rx_IBUF_inst/O
                         net (fo=1, routed)           0.657     1.115    uart_inst/i_uart_rx_IBUF
    SLICE_X9Y257         FDPE                                         r  uart_inst/rx_d0_reg/D
  -------------------------------------------------------------------    -------------------

                         (clock clk_out1_pll rise edge)
                                                      0.000     0.000 r  
    AD12                                              0.000     0.000 r  i_sys_clk_p (IN)
                         net (fo=0)                   0.000     0.000    pll_inst/inst/clk_in1_p
    AD12                                                              r  pll_inst/inst/clkin1_ibufgds/I
    AD12                 IBUFDS (Prop_ibufds_I_O)     0.470     0.470 r  pll_inst/inst/clkin1_ibufgds/O
                         net (fo=1, routed)           0.554     1.024    pll_inst/inst/clk_in1_pll
    PLLE2_ADV_X1Y1                                                    r  pll_inst/inst/plle2_adv_inst/CLKIN1
    PLLE2_ADV_X1Y1       PLLE2_ADV (Prop_plle2_adv_CLKIN1_CLKOUT0)
                                                     -3.524    -2.500 r  pll_inst/inst/plle2_adv_inst/CLKOUT0
                         net (fo=1, routed)           1.027    -1.473    pll_inst/inst/clk_out1_pll
    BUFGCTRL_X0Y1                                                     r  pll_inst/inst/clkout1_buf/I
    BUFGCTRL_X0Y1        BUFG (Prop_bufg_I_O)         0.030    -1.443 r  pll_inst/inst/clkout1_buf/O
                         net (fo=353, routed)         0.882    -0.561    uart_inst/clk_out1
    SLICE_X9Y257         FDPE                                         r  uart_inst/rx_d0_reg/C





