Copyright 1986-2022 Xilinx, Inc. All Rights Reserved. Copyright 2022-2023 Advanced Micro Devices, Inc. All Rights Reserved.
----------------------------------------------------------------------------------------------------------------------------------------------------------------------------------------------------------------------------------------------------------------------------------------
| Tool Version : Vivado v.2023.2 (win64) Build 4029153 Fri Oct 13 20:14:34 MDT 2023
| Date         : Mon Jul 13 10:25:47 2026
| Host         : DESKTOP-MO7L2KR running 64-bit major release  (build 9200)
| Command      : report_timing -delay_type max -from [get_pins -hier *pc_reg*/C] -through [get_cells -hier *u_bpu*] -to [get_pins -hier *pc_reg*/D] -max_paths 100 -path_type full_clock_expanded -sort_by slack -input_pins -nets -file Timing_info/Golden_175MHz/timing_pc_bpu_pc.rpt
| Design       : top
| Device       : 7k325t-ffg900
| Speed File   : -2  PRODUCTION 1.12 2017-02-17
| Design State : Routed
----------------------------------------------------------------------------------------------------------------------------------------------------------------------------------------------------------------------------------------------------------------------------------------

Timing Report

Slack (MET) :             0.215ns  (required time - arrival time)
  Source:                 student_top_inst/u_KLDJ_top/ifu0/pc_reg_reg[2]/C
                            (rising edge-triggered cell FDRE clocked by clk_out2_pll  {rise@0.000ns fall@2.857ns period=5.714ns})
  Destination:            student_top_inst/u_KLDJ_top/ifu0/pc_reg_reg[7]/D
                            (rising edge-triggered cell FDRE clocked by clk_out2_pll  {rise@0.000ns fall@2.857ns period=5.714ns})
  Path Group:             clk_out2_pll
  Path Type:              Setup (Max at Slow Process Corner)
  Requirement:            5.714ns  (clk_out2_pll rise@5.714ns - clk_out2_pll rise@0.000ns)
  Data Path Delay:        5.339ns  (logic 0.903ns (16.913%)  route 4.436ns (83.087%))
  Logic Levels:           8  (LUT2=1 LUT3=1 LUT5=1 LUT6=3 MUXF7=2)
  Clock Path Skew:        0.020ns (DCD - SCD + CPR)
    Destination Clock Delay (DCD):    -1.888ns = ( 3.827 - 5.714 ) 
    Source Clock Delay      (SCD):    -2.280ns
    Clock Pessimism Removal (CPR):    -0.373ns
  Clock Uncertainty:      0.077ns  ((TSJ^2 + DJ^2)^1/2) / 2 + PE
    Total System Jitter     (TSJ):    0.071ns
    Discrete Jitter          (DJ):    0.137ns
    Phase Error              (PE):    0.000ns

    Location             Delay type                Incr(ns)  Path(ns)    Netlist Resource(s)
  -------------------------------------------------------------------    -------------------
                         (clock clk_out2_pll rise edge)
                                                      0.000     0.000 r  
    AD12                                              0.000     0.000 r  i_sys_clk_p (IN)
                         net (fo=0)                   0.000     0.000    pll_inst/inst/clk_in1_p
    AD12                                                              r  pll_inst/inst/clkin1_ibufgds/I
    AD12                 IBUFDS (Prop_ibufds_I_O)     0.906     0.906 r  pll_inst/inst/clkin1_ibufgds/O
                         net (fo=1, routed)           1.098     2.004    pll_inst/inst/clk_in1_pll
    PLLE2_ADV_X1Y1                                                    r  pll_inst/inst/plle2_adv_inst/CLKIN1
    PLLE2_ADV_X1Y1       PLLE2_ADV (Prop_plle2_adv_CLKIN1_CLKOUT1)
                                                     -8.058    -6.054 r  pll_inst/inst/plle2_adv_inst/CLKOUT1
                         net (fo=1, routed)           2.128    -3.926    pll_inst/inst/clk_out2_pll
    BUFGCTRL_X0Y0                                                     r  pll_inst/inst/clkout2_buf/I
    BUFGCTRL_X0Y0        BUFG (Prop_bufg_I_O)         0.093    -3.833 r  pll_inst/inst/clkout2_buf/O
                         net (fo=5828, routed)        1.553    -2.280    student_top_inst/u_KLDJ_top/ifu0/clk_out2
    SLICE_X50Y79         FDRE                                         r  student_top_inst/u_KLDJ_top/ifu0/pc_reg_reg[2]/C
  -------------------------------------------------------------------    -------------------
    SLICE_X50Y79         FDRE (Prop_fdre_C_Q)         0.259    -2.021 r  student_top_inst/u_KLDJ_top/ifu0/pc_reg_reg[2]/Q
                         net (fo=1023, routed)        0.491    -1.530    student_top_inst/u_KLDJ_top/u_bpu/u_gshare_btb_core/D[0]
    SLICE_X41Y81                                                      r  student_top_inst/u_KLDJ_top/u_bpu/u_gshare_btb_core/pht_reg_0_63_0_0_i_3/I1
    SLICE_X41Y81         LUT2 (Prop_lut2_I1_O)        0.043    -1.487 r  student_top_inst/u_KLDJ_top/u_bpu/u_gshare_btb_core/pht_reg_0_63_0_0_i_3/O
                         net (fo=18, routed)          0.992    -0.495    student_top_inst/u_KLDJ_top/u_bpu/u_gshare_btb_core/lookup_pht_idx[0]
    SLICE_X13Y104                                                     r  student_top_inst/u_KLDJ_top/u_bpu/u_gshare_btb_core/if_id_pred_taken_i_29/I4
    SLICE_X13Y104        LUT6 (Prop_lut6_I4_O)        0.043    -0.452 r  student_top_inst/u_KLDJ_top/u_bpu/u_gshare_btb_core/if_id_pred_taken_i_29/O
                         net (fo=1, routed)           0.534     0.082    student_top_inst/u_KLDJ_top/u_bpu/u_gshare_btb_core/if_id_pred_taken_i_29_n_0
    SLICE_X16Y103                                                     r  student_top_inst/u_KLDJ_top/u_bpu/u_gshare_btb_core/if_id_pred_taken_i_13/I1
    SLICE_X16Y103        LUT6 (Prop_lut6_I1_O)        0.043     0.125 r  student_top_inst/u_KLDJ_top/u_bpu/u_gshare_btb_core/if_id_pred_taken_i_13/O
                         net (fo=1, routed)           0.000     0.125    student_top_inst/u_KLDJ_top/u_bpu/u_gshare_btb_core/if_id_pred_taken_i_13_n_0
    SLICE_X16Y103                                                     r  student_top_inst/u_KLDJ_top/u_bpu/u_gshare_btb_core/if_id_pred_taken_reg_i_6/I1
    SLICE_X16Y103        MUXF7 (Prop_muxf7_I1_O)      0.103     0.228 r  student_top_inst/u_KLDJ_top/u_bpu/u_gshare_btb_core/if_id_pred_taken_reg_i_6/O
                         net (fo=1, routed)           0.807     1.035    student_top_inst/u_KLDJ_top/u_bpu/u_gshare_btb_core/if_id_pred_taken_reg_i_6_n_0
    SLICE_X25Y97                                                      r  student_top_inst/u_KLDJ_top/u_bpu/u_gshare_btb_core/if_id_pred_taken_i_3/I0
    SLICE_X25Y97         LUT5 (Prop_lut5_I0_O)        0.130     1.165 r  student_top_inst/u_KLDJ_top/u_bpu/u_gshare_btb_core/if_id_pred_taken_i_3/O
                         net (fo=1, routed)           0.453     1.618    student_top_inst/u_KLDJ_top/u_bpu/u_gshare_btb_core/lookup_pht_value__0[1]
    SLICE_X39Y96                                                      r  student_top_inst/u_KLDJ_top/u_bpu/u_gshare_btb_core/if_id_pred_taken_i_2/I0
    SLICE_X39Y96         LUT6 (Prop_lut6_I0_O)        0.132     1.750 r  student_top_inst/u_KLDJ_top/u_bpu/u_gshare_btb_core/if_id_pred_taken_i_2/O
                         net (fo=33, routed)          0.765     2.515    student_top_inst/u_KLDJ_top/ifu0/if_pred_taken
    SLICE_X44Y77                                                      r  student_top_inst/u_KLDJ_top/ifu0/pc_reg[7]_i_2/I1
    SLICE_X44Y77         LUT3 (Prop_lut3_I1_O)        0.043     2.558 r  student_top_inst/u_KLDJ_top/ifu0/pc_reg[7]_i_2/O
                         net (fo=1, routed)           0.000     2.558    student_top_inst/u_KLDJ_top/u_pipe_id_ex/dnpc[7]
    SLICE_X44Y77                                                      r  student_top_inst/u_KLDJ_top/u_pipe_id_ex/pc_reg_reg[7]_i_1/I0
    SLICE_X44Y77         MUXF7 (Prop_muxf7_I0_O)      0.107     2.665 r  student_top_inst/u_KLDJ_top/u_pipe_id_ex/pc_reg_reg[7]_i_1/O
                         net (fo=1, routed)           0.394     3.059    student_top_inst/u_KLDJ_top/ifu0/pc_reg_reg[31]_1[7]
    SLICE_X45Y80         FDRE                                         r  student_top_inst/u_KLDJ_top/ifu0/pc_reg_reg[7]/D
  -------------------------------------------------------------------    -------------------

                         (clock clk_out2_pll rise edge)
                                                      5.714     5.714 r  
    AD12                                              0.000     5.714 r  i_sys_clk_p (IN)
                         net (fo=0)                   0.000     5.714    pll_inst/inst/clk_in1_p
    AD12                                                              r  pll_inst/inst/clkin1_ibufgds/I
    AD12                 IBUFDS (Prop_ibufds_I_O)     0.803     6.518 r  pll_inst/inst/clkin1_ibufgds/O
                         net (fo=1, routed)           1.001     7.519    pll_inst/inst/clk_in1_pll
    PLLE2_ADV_X1Y1                                                    r  pll_inst/inst/plle2_adv_inst/CLKIN1
    PLLE2_ADV_X1Y1       PLLE2_ADV (Prop_plle2_adv_CLKIN1_CLKOUT1)
                                                     -7.261     0.258 r  pll_inst/inst/plle2_adv_inst/CLKOUT1
                         net (fo=1, routed)           2.003     2.261    pll_inst/inst/clk_out2_pll
    BUFGCTRL_X0Y0                                                     r  pll_inst/inst/clkout2_buf/I
    BUFGCTRL_X0Y0        BUFG (Prop_bufg_I_O)         0.083     2.344 r  pll_inst/inst/clkout2_buf/O
                         net (fo=5828, routed)        1.483     3.827    student_top_inst/u_KLDJ_top/ifu0/clk_out2
    SLICE_X45Y80         FDRE                                         r  student_top_inst/u_KLDJ_top/ifu0/pc_reg_reg[7]/C
                         clock pessimism             -0.373     3.454    
                         clock uncertainty           -0.077     3.377    
    SLICE_X45Y80         FDRE (Setup_fdre_C_D)       -0.103     3.274    student_top_inst/u_KLDJ_top/ifu0/pc_reg_reg[7]
  -------------------------------------------------------------------
                         required time                          3.274    
                         arrival time                          -3.059    
  -------------------------------------------------------------------
                         slack                                  0.215    

Slack (MET) :             0.239ns  (required time - arrival time)
  Source:                 student_top_inst/u_KLDJ_top/ifu0/pc_reg_reg[3]/C
                            (rising edge-triggered cell FDRE clocked by clk_out2_pll  {rise@0.000ns fall@2.857ns period=5.714ns})
  Destination:            student_top_inst/u_KLDJ_top/ifu0/pc_reg_reg[2]/D
                            (rising edge-triggered cell FDRE clocked by clk_out2_pll  {rise@0.000ns fall@2.857ns period=5.714ns})
  Path Group:             clk_out2_pll
  Path Type:              Setup (Max at Slow Process Corner)
  Requirement:            5.714ns  (clk_out2_pll rise@5.714ns - clk_out2_pll rise@0.000ns)
  Data Path Delay:        5.201ns  (logic 0.861ns (16.554%)  route 4.340ns (83.446%))
  Logic Levels:           8  (LUT2=1 LUT3=1 LUT5=1 LUT6=3 MUXF7=2)
  Clock Path Skew:        -0.107ns (DCD - SCD + CPR)
    Destination Clock Delay (DCD):    -1.950ns = ( 3.765 - 5.714 ) 
    Source Clock Delay      (SCD):    -2.215ns
    Clock Pessimism Removal (CPR):    -0.373ns
  Clock Uncertainty:      0.077ns  ((TSJ^2 + DJ^2)^1/2) / 2 + PE
    Total System Jitter     (TSJ):    0.071ns
    Discrete Jitter          (DJ):    0.137ns
    Phase Error              (PE):    0.000ns

    Location             Delay type                Incr(ns)  Path(ns)    Netlist Resource(s)
  -------------------------------------------------------------------    -------------------
                         (clock clk_out2_pll rise edge)
                                                      0.000     0.000 r  
    AD12                                              0.000     0.000 r  i_sys_clk_p (IN)
                         net (fo=0)                   0.000     0.000    pll_inst/inst/clk_in1_p
    AD12                                                              r  pll_inst/inst/clkin1_ibufgds/I
    AD12                 IBUFDS (Prop_ibufds_I_O)     0.906     0.906 r  pll_inst/inst/clkin1_ibufgds/O
                         net (fo=1, routed)           1.098     2.004    pll_inst/inst/clk_in1_pll
    PLLE2_ADV_X1Y1                                                    r  pll_inst/inst/plle2_adv_inst/CLKIN1
    PLLE2_ADV_X1Y1       PLLE2_ADV (Prop_plle2_adv_CLKIN1_CLKOUT1)
                                                     -8.058    -6.054 r  pll_inst/inst/plle2_adv_inst/CLKOUT1
                         net (fo=1, routed)           2.128    -3.926    pll_inst/inst/clk_out2_pll
    BUFGCTRL_X0Y0                                                     r  pll_inst/inst/clkout2_buf/I
    BUFGCTRL_X0Y0        BUFG (Prop_bufg_I_O)         0.093    -3.833 r  pll_inst/inst/clkout2_buf/O
                         net (fo=5828, routed)        1.618    -2.215    student_top_inst/u_KLDJ_top/ifu0/clk_out2
    SLICE_X47Y83         FDRE                                         r  student_top_inst/u_KLDJ_top/ifu0/pc_reg_reg[3]/C
  -------------------------------------------------------------------    -------------------
    SLICE_X47Y83         FDRE (Prop_fdre_C_Q)         0.223    -1.992 r  student_top_inst/u_KLDJ_top/ifu0/pc_reg_reg[3]/Q
                         net (fo=1023, routed)        0.426    -1.567    student_top_inst/u_KLDJ_top/u_bpu/u_gshare_btb_core/D[1]
    SLICE_X37Y83                                                      r  student_top_inst/u_KLDJ_top/u_bpu/u_gshare_btb_core/pht_reg_0_63_0_0_i_4/I1
    SLICE_X37Y83         LUT2 (Prop_lut2_I1_O)        0.043    -1.524 r  student_top_inst/u_KLDJ_top/u_bpu/u_gshare_btb_core/pht_reg_0_63_0_0_i_4/O
                         net (fo=18, routed)          1.086    -0.437    student_top_inst/u_KLDJ_top/u_bpu/u_gshare_btb_core/lookup_pht_idx[1]
    SLICE_X15Y104                                                     r  student_top_inst/u_KLDJ_top/u_bpu/u_gshare_btb_core/if_id_pred_taken_i_28/I2
    SLICE_X15Y104        LUT6 (Prop_lut6_I2_O)        0.043    -0.394 r  student_top_inst/u_KLDJ_top/u_bpu/u_gshare_btb_core/if_id_pred_taken_i_28/O
                         net (fo=1, routed)           0.467     0.073    student_top_inst/u_KLDJ_top/u_bpu/u_gshare_btb_core/if_id_pred_taken_i_28_n_0
    SLICE_X16Y103                                                     r  student_top_inst/u_KLDJ_top/u_bpu/u_gshare_btb_core/if_id_pred_taken_i_13/I0
    SLICE_X16Y103        LUT6 (Prop_lut6_I0_O)        0.043     0.116 r  student_top_inst/u_KLDJ_top/u_bpu/u_gshare_btb_core/if_id_pred_taken_i_13/O
                         net (fo=1, routed)           0.000     0.116    student_top_inst/u_KLDJ_top/u_bpu/u_gshare_btb_core/if_id_pred_taken_i_13_n_0
    SLICE_X16Y103                                                     r  student_top_inst/u_KLDJ_top/u_bpu/u_gshare_btb_core/if_id_pred_taken_reg_i_6/I1
    SLICE_X16Y103        MUXF7 (Prop_muxf7_I1_O)      0.103     0.219 r  student_top_inst/u_KLDJ_top/u_bpu/u_gshare_btb_core/if_id_pred_taken_reg_i_6/O
                         net (fo=1, routed)           0.807     1.026    student_top_inst/u_KLDJ_top/u_bpu/u_gshare_btb_core/if_id_pred_taken_reg_i_6_n_0
    SLICE_X25Y97                                                      r  student_top_inst/u_KLDJ_top/u_bpu/u_gshare_btb_core/if_id_pred_taken_i_3/I0
    SLICE_X25Y97         LUT5 (Prop_lut5_I0_O)        0.130     1.156 r  student_top_inst/u_KLDJ_top/u_bpu/u_gshare_btb_core/if_id_pred_taken_i_3/O
                         net (fo=1, routed)           0.453     1.608    student_top_inst/u_KLDJ_top/u_bpu/u_gshare_btb_core/lookup_pht_value__0[1]
    SLICE_X39Y96                                                      r  student_top_inst/u_KLDJ_top/u_bpu/u_gshare_btb_core/if_id_pred_taken_i_2/I0
    SLICE_X39Y96         LUT6 (Prop_lut6_I0_O)        0.132     1.740 r  student_top_inst/u_KLDJ_top/u_bpu/u_gshare_btb_core/if_id_pred_taken_i_2/O
                         net (fo=33, routed)          0.741     2.481    student_top_inst/u_KLDJ_top/ifu0/if_pred_taken
    SLICE_X50Y79                                                      r  student_top_inst/u_KLDJ_top/ifu0/pc_reg[2]_i_2/I1
    SLICE_X50Y79         LUT3 (Prop_lut3_I1_O)        0.043     2.524 r  student_top_inst/u_KLDJ_top/ifu0/pc_reg[2]_i_2/O
                         net (fo=1, routed)           0.000     2.524    student_top_inst/u_KLDJ_top/u_pipe_id_ex/dnpc[2]
    SLICE_X50Y79                                                      r  student_top_inst/u_KLDJ_top/u_pipe_id_ex/pc_reg_reg[2]_i_1/I0
    SLICE_X50Y79         MUXF7 (Prop_muxf7_I0_O)      0.101     2.625 r  student_top_inst/u_KLDJ_top/u_pipe_id_ex/pc_reg_reg[2]_i_1/O
                         net (fo=1, routed)           0.360     2.986    student_top_inst/u_KLDJ_top/ifu0/pc_reg_reg[31]_1[2]
    SLICE_X50Y79         FDRE                                         r  student_top_inst/u_KLDJ_top/ifu0/pc_reg_reg[2]/D
  -------------------------------------------------------------------    -------------------

                         (clock clk_out2_pll rise edge)
                                                      5.714     5.714 r  
    AD12                                              0.000     5.714 r  i_sys_clk_p (IN)
                         net (fo=0)                   0.000     5.714    pll_inst/inst/clk_in1_p
    AD12                                                              r  pll_inst/inst/clkin1_ibufgds/I
    AD12                 IBUFDS (Prop_ibufds_I_O)     0.803     6.518 r  pll_inst/inst/clkin1_ibufgds/O
                         net (fo=1, routed)           1.001     7.519    pll_inst/inst/clk_in1_pll
    PLLE2_ADV_X1Y1                                                    r  pll_inst/inst/plle2_adv_inst/CLKIN1
    PLLE2_ADV_X1Y1       PLLE2_ADV (Prop_plle2_adv_CLKIN1_CLKOUT1)
                                                     -7.261     0.258 r  pll_inst/inst/plle2_adv_inst/CLKOUT1
                         net (fo=1, routed)           2.003     2.261    pll_inst/inst/clk_out2_pll
    BUFGCTRL_X0Y0                                                     r  pll_inst/inst/clkout2_buf/I
    BUFGCTRL_X0Y0        BUFG (Prop_bufg_I_O)         0.083     2.344 r  pll_inst/inst/clkout2_buf/O
                         net (fo=5828, routed)        1.421     3.765    student_top_inst/u_KLDJ_top/ifu0/clk_out2
    SLICE_X50Y79         FDRE                                         r  student_top_inst/u_KLDJ_top/ifu0/pc_reg_reg[2]/C
                         clock pessimism             -0.373     3.392    
                         clock uncertainty           -0.077     3.315    
    SLICE_X50Y79         FDRE (Setup_fdre_C_D)       -0.090     3.225    student_top_inst/u_KLDJ_top/ifu0/pc_reg_reg[2]
  -------------------------------------------------------------------
                         required time                          3.225    
                         arrival time                          -2.986    
  -------------------------------------------------------------------
                         slack                                  0.239    

Slack (MET) :             0.255ns  (required time - arrival time)
  Source:                 student_top_inst/u_KLDJ_top/ifu0/pc_reg_reg[2]/C
                            (rising edge-triggered cell FDRE clocked by clk_out2_pll  {rise@0.000ns fall@2.857ns period=5.714ns})
  Destination:            student_top_inst/u_KLDJ_top/ifu0/pc_reg_reg[6]/D
                            (rising edge-triggered cell FDRE clocked by clk_out2_pll  {rise@0.000ns fall@2.857ns period=5.714ns})
  Path Group:             clk_out2_pll
  Path Type:              Setup (Max at Slow Process Corner)
  Requirement:            5.714ns  (clk_out2_pll rise@5.714ns - clk_out2_pll rise@0.000ns)
  Data Path Delay:        5.311ns  (logic 0.897ns (16.891%)  route 4.414ns (83.109%))
  Logic Levels:           8  (LUT2=1 LUT3=1 LUT5=1 LUT6=3 MUXF7=2)
  Clock Path Skew:        0.018ns (DCD - SCD + CPR)
    Destination Clock Delay (DCD):    -1.890ns = ( 3.825 - 5.714 ) 
    Source Clock Delay      (SCD):    -2.280ns
    Clock Pessimism Removal (CPR):    -0.373ns
  Clock Uncertainty:      0.077ns  ((TSJ^2 + DJ^2)^1/2) / 2 + PE
    Total System Jitter     (TSJ):    0.071ns
    Discrete Jitter          (DJ):    0.137ns
    Phase Error              (PE):    0.000ns

    Location             Delay type                Incr(ns)  Path(ns)    Netlist Resource(s)
  -------------------------------------------------------------------    -------------------
                         (clock clk_out2_pll rise edge)
                                                      0.000     0.000 r  
    AD12                                              0.000     0.000 r  i_sys_clk_p (IN)
                         net (fo=0)                   0.000     0.000    pll_inst/inst/clk_in1_p
    AD12                                                              r  pll_inst/inst/clkin1_ibufgds/I
    AD12                 IBUFDS (Prop_ibufds_I_O)     0.906     0.906 r  pll_inst/inst/clkin1_ibufgds/O
                         net (fo=1, routed)           1.098     2.004    pll_inst/inst/clk_in1_pll
    PLLE2_ADV_X1Y1                                                    r  pll_inst/inst/plle2_adv_inst/CLKIN1
    PLLE2_ADV_X1Y1       PLLE2_ADV (Prop_plle2_adv_CLKIN1_CLKOUT1)
                                                     -8.058    -6.054 r  pll_inst/inst/plle2_adv_inst/CLKOUT1
                         net (fo=1, routed)           2.128    -3.926    pll_inst/inst/clk_out2_pll
    BUFGCTRL_X0Y0                                                     r  pll_inst/inst/clkout2_buf/I
    BUFGCTRL_X0Y0        BUFG (Prop_bufg_I_O)         0.093    -3.833 r  pll_inst/inst/clkout2_buf/O
                         net (fo=5828, routed)        1.553    -2.280    student_top_inst/u_KLDJ_top/ifu0/clk_out2
    SLICE_X50Y79         FDRE                                         r  student_top_inst/u_KLDJ_top/ifu0/pc_reg_reg[2]/C
  -------------------------------------------------------------------    -------------------
    SLICE_X50Y79         FDRE (Prop_fdre_C_Q)         0.259    -2.021 r  student_top_inst/u_KLDJ_top/ifu0/pc_reg_reg[2]/Q
                         net (fo=1023, routed)        0.491    -1.530    student_top_inst/u_KLDJ_top/u_bpu/u_gshare_btb_core/D[0]
    SLICE_X41Y81                                                      r  student_top_inst/u_KLDJ_top/u_bpu/u_gshare_btb_core/pht_reg_0_63_0_0_i_3/I1
    SLICE_X41Y81         LUT2 (Prop_lut2_I1_O)        0.043    -1.487 r  student_top_inst/u_KLDJ_top/u_bpu/u_gshare_btb_core/pht_reg_0_63_0_0_i_3/O
                         net (fo=18, routed)          0.992    -0.495    student_top_inst/u_KLDJ_top/u_bpu/u_gshare_btb_core/lookup_pht_idx[0]
    SLICE_X13Y104                                                     r  student_top_inst/u_KLDJ_top/u_bpu/u_gshare_btb_core/if_id_pred_taken_i_29/I4
    SLICE_X13Y104        LUT6 (Prop_lut6_I4_O)        0.043    -0.452 r  student_top_inst/u_KLDJ_top/u_bpu/u_gshare_btb_core/if_id_pred_taken_i_29/O
                         net (fo=1, routed)           0.534     0.082    student_top_inst/u_KLDJ_top/u_bpu/u_gshare_btb_core/if_id_pred_taken_i_29_n_0
    SLICE_X16Y103                                                     r  student_top_inst/u_KLDJ_top/u_bpu/u_gshare_btb_core/if_id_pred_taken_i_13/I1
    SLICE_X16Y103        LUT6 (Prop_lut6_I1_O)        0.043     0.125 r  student_top_inst/u_KLDJ_top/u_bpu/u_gshare_btb_core/if_id_pred_taken_i_13/O
                         net (fo=1, routed)           0.000     0.125    student_top_inst/u_KLDJ_top/u_bpu/u_gshare_btb_core/if_id_pred_taken_i_13_n_0
    SLICE_X16Y103                                                     r  student_top_inst/u_KLDJ_top/u_bpu/u_gshare_btb_core/if_id_pred_taken_reg_i_6/I1
    SLICE_X16Y103        MUXF7 (Prop_muxf7_I1_O)      0.103     0.228 r  student_top_inst/u_KLDJ_top/u_bpu/u_gshare_btb_core/if_id_pred_taken_reg_i_6/O
                         net (fo=1, routed)           0.807     1.035    student_top_inst/u_KLDJ_top/u_bpu/u_gshare_btb_core/if_id_pred_taken_reg_i_6_n_0
    SLICE_X25Y97                                                      r  student_top_inst/u_KLDJ_top/u_bpu/u_gshare_btb_core/if_id_pred_taken_i_3/I0
    SLICE_X25Y97         LUT5 (Prop_lut5_I0_O)        0.130     1.165 r  student_top_inst/u_KLDJ_top/u_bpu/u_gshare_btb_core/if_id_pred_taken_i_3/O
                         net (fo=1, routed)           0.453     1.618    student_top_inst/u_KLDJ_top/u_bpu/u_gshare_btb_core/lookup_pht_value__0[1]
    SLICE_X39Y96                                                      r  student_top_inst/u_KLDJ_top/u_bpu/u_gshare_btb_core/if_id_pred_taken_i_2/I0
    SLICE_X39Y96         LUT6 (Prop_lut6_I0_O)        0.132     1.750 r  student_top_inst/u_KLDJ_top/u_bpu/u_gshare_btb_core/if_id_pred_taken_i_2/O
                         net (fo=33, routed)          0.781     2.531    student_top_inst/u_KLDJ_top/ifu0/if_pred_taken
    SLICE_X46Y80                                                      r  student_top_inst/u_KLDJ_top/ifu0/pc_reg[6]_i_2/I1
    SLICE_X46Y80         LUT3 (Prop_lut3_I1_O)        0.043     2.574 r  student_top_inst/u_KLDJ_top/ifu0/pc_reg[6]_i_2/O
                         net (fo=1, routed)           0.000     2.574    student_top_inst/u_KLDJ_top/u_pipe_id_ex/dnpc[6]
    SLICE_X46Y80                                                      r  student_top_inst/u_KLDJ_top/u_pipe_id_ex/pc_reg_reg[6]_i_1/I0
    SLICE_X46Y80         MUXF7 (Prop_muxf7_I0_O)      0.101     2.675 r  student_top_inst/u_KLDJ_top/u_pipe_id_ex/pc_reg_reg[6]_i_1/O
                         net (fo=1, routed)           0.355     3.030    student_top_inst/u_KLDJ_top/ifu0/pc_reg_reg[31]_1[6]
    SLICE_X46Y80         FDRE                                         r  student_top_inst/u_KLDJ_top/ifu0/pc_reg_reg[6]/D
  -------------------------------------------------------------------    -------------------

                         (clock clk_out2_pll rise edge)
                                                      5.714     5.714 r  
    AD12                                              0.000     5.714 r  i_sys_clk_p (IN)
                         net (fo=0)                   0.000     5.714    pll_inst/inst/clk_in1_p
    AD12                                                              r  pll_inst/inst/clkin1_ibufgds/I
    AD12                 IBUFDS (Prop_ibufds_I_O)     0.803     6.518 r  pll_inst/inst/clkin1_ibufgds/O
                         net (fo=1, routed)           1.001     7.519    pll_inst/inst/clk_in1_pll
    PLLE2_ADV_X1Y1                                                    r  pll_inst/inst/plle2_adv_inst/CLKIN1
    PLLE2_ADV_X1Y1       PLLE2_ADV (Prop_plle2_adv_CLKIN1_CLKOUT1)
                                                     -7.261     0.258 r  pll_inst/inst/plle2_adv_inst/CLKOUT1
                         net (fo=1, routed)           2.003     2.261    pll_inst/inst/clk_out2_pll
    BUFGCTRL_X0Y0                                                     r  pll_inst/inst/clkout2_buf/I
    BUFGCTRL_X0Y0        BUFG (Prop_bufg_I_O)         0.083     2.344 r  pll_inst/inst/clkout2_buf/O
                         net (fo=5828, routed)        1.481     3.825    student_top_inst/u_KLDJ_top/ifu0/clk_out2
    SLICE_X46Y80         FDRE                                         r  student_top_inst/u_KLDJ_top/ifu0/pc_reg_reg[6]/C
                         clock pessimism             -0.373     3.452    
                         clock uncertainty           -0.077     3.375    
    SLICE_X46Y80         FDRE (Setup_fdre_C_D)       -0.090     3.285    student_top_inst/u_KLDJ_top/ifu0/pc_reg_reg[6]
  -------------------------------------------------------------------
                         required time                          3.285    
                         arrival time                          -3.030    
  -------------------------------------------------------------------
                         slack                                  0.255    

Slack (MET) :             0.290ns  (required time - arrival time)
  Source:                 student_top_inst/u_KLDJ_top/ifu0/pc_reg_reg[2]/C
                            (rising edge-triggered cell FDRE clocked by clk_out2_pll  {rise@0.000ns fall@2.857ns period=5.714ns})
  Destination:            student_top_inst/u_KLDJ_top/ifu0/pc_reg_reg[5]/D
                            (rising edge-triggered cell FDRE clocked by clk_out2_pll  {rise@0.000ns fall@2.857ns period=5.714ns})
  Path Group:             clk_out2_pll
  Path Type:              Setup (Max at Slow Process Corner)
  Requirement:            5.714ns  (clk_out2_pll rise@5.714ns - clk_out2_pll rise@0.000ns)
  Data Path Delay:        5.268ns  (logic 0.916ns (17.387%)  route 4.352ns (82.613%))
  Logic Levels:           8  (LUT2=1 LUT3=1 LUT5=1 LUT6=3 MUXF7=2)
  Clock Path Skew:        0.019ns (DCD - SCD + CPR)
    Destination Clock Delay (DCD):    -1.889ns = ( 3.826 - 5.714 ) 
    Source Clock Delay      (SCD):    -2.280ns
    Clock Pessimism Removal (CPR):    -0.373ns
  Clock Uncertainty:      0.077ns  ((TSJ^2 + DJ^2)^1/2) / 2 + PE
    Total System Jitter     (TSJ):    0.071ns
    Discrete Jitter          (DJ):    0.137ns
    Phase Error              (PE):    0.000ns

    Location             Delay type                Incr(ns)  Path(ns)    Netlist Resource(s)
  -------------------------------------------------------------------    -------------------
                         (clock clk_out2_pll rise edge)
                                                      0.000     0.000 r  
    AD12                                              0.000     0.000 r  i_sys_clk_p (IN)
                         net (fo=0)                   0.000     0.000    pll_inst/inst/clk_in1_p
    AD12                                                              r  pll_inst/inst/clkin1_ibufgds/I
    AD12                 IBUFDS (Prop_ibufds_I_O)     0.906     0.906 r  pll_inst/inst/clkin1_ibufgds/O
                         net (fo=1, routed)           1.098     2.004    pll_inst/inst/clk_in1_pll
    PLLE2_ADV_X1Y1                                                    r  pll_inst/inst/plle2_adv_inst/CLKIN1
    PLLE2_ADV_X1Y1       PLLE2_ADV (Prop_plle2_adv_CLKIN1_CLKOUT1)
                                                     -8.058    -6.054 r  pll_inst/inst/plle2_adv_inst/CLKOUT1
                         net (fo=1, routed)           2.128    -3.926    pll_inst/inst/clk_out2_pll
    BUFGCTRL_X0Y0                                                     r  pll_inst/inst/clkout2_buf/I
    BUFGCTRL_X0Y0        BUFG (Prop_bufg_I_O)         0.093    -3.833 r  pll_inst/inst/clkout2_buf/O
                         net (fo=5828, routed)        1.553    -2.280    student_top_inst/u_KLDJ_top/ifu0/clk_out2
    SLICE_X50Y79         FDRE                                         r  student_top_inst/u_KLDJ_top/ifu0/pc_reg_reg[2]/C
  -------------------------------------------------------------------    -------------------
    SLICE_X50Y79         FDRE (Prop_fdre_C_Q)         0.259    -2.021 r  student_top_inst/u_KLDJ_top/ifu0/pc_reg_reg[2]/Q
                         net (fo=1023, routed)        0.491    -1.530    student_top_inst/u_KLDJ_top/u_bpu/u_gshare_btb_core/D[0]
    SLICE_X41Y81                                                      r  student_top_inst/u_KLDJ_top/u_bpu/u_gshare_btb_core/pht_reg_0_63_0_0_i_3/I1
    SLICE_X41Y81         LUT2 (Prop_lut2_I1_O)        0.043    -1.487 r  student_top_inst/u_KLDJ_top/u_bpu/u_gshare_btb_core/pht_reg_0_63_0_0_i_3/O
                         net (fo=18, routed)          0.992    -0.495    student_top_inst/u_KLDJ_top/u_bpu/u_gshare_btb_core/lookup_pht_idx[0]
    SLICE_X13Y104                                                     r  student_top_inst/u_KLDJ_top/u_bpu/u_gshare_btb_core/if_id_pred_taken_i_29/I4
    SLICE_X13Y104        LUT6 (Prop_lut6_I4_O)        0.043    -0.452 r  student_top_inst/u_KLDJ_top/u_bpu/u_gshare_btb_core/if_id_pred_taken_i_29/O
                         net (fo=1, routed)           0.534     0.082    student_top_inst/u_KLDJ_top/u_bpu/u_gshare_btb_core/if_id_pred_taken_i_29_n_0
    SLICE_X16Y103                                                     r  student_top_inst/u_KLDJ_top/u_bpu/u_gshare_btb_core/if_id_pred_taken_i_13/I1
    SLICE_X16Y103        LUT6 (Prop_lut6_I1_O)        0.043     0.125 r  student_top_inst/u_KLDJ_top/u_bpu/u_gshare_btb_core/if_id_pred_taken_i_13/O
                         net (fo=1, routed)           0.000     0.125    student_top_inst/u_KLDJ_top/u_bpu/u_gshare_btb_core/if_id_pred_taken_i_13_n_0
    SLICE_X16Y103                                                     r  student_top_inst/u_KLDJ_top/u_bpu/u_gshare_btb_core/if_id_pred_taken_reg_i_6/I1
    SLICE_X16Y103        MUXF7 (Prop_muxf7_I1_O)      0.103     0.228 r  student_top_inst/u_KLDJ_top/u_bpu/u_gshare_btb_core/if_id_pred_taken_reg_i_6/O
                         net (fo=1, routed)           0.807     1.035    student_top_inst/u_KLDJ_top/u_bpu/u_gshare_btb_core/if_id_pred_taken_reg_i_6_n_0
    SLICE_X25Y97                                                      r  student_top_inst/u_KLDJ_top/u_bpu/u_gshare_btb_core/if_id_pred_taken_i_3/I0
    SLICE_X25Y97         LUT5 (Prop_lut5_I0_O)        0.130     1.165 r  student_top_inst/u_KLDJ_top/u_bpu/u_gshare_btb_core/if_id_pred_taken_i_3/O
                         net (fo=1, routed)           0.453     1.618    student_top_inst/u_KLDJ_top/u_bpu/u_gshare_btb_core/lookup_pht_value__0[1]
    SLICE_X39Y96                                                      r  student_top_inst/u_KLDJ_top/u_bpu/u_gshare_btb_core/if_id_pred_taken_i_2/I0
    SLICE_X39Y96         LUT6 (Prop_lut6_I0_O)        0.132     1.750 r  student_top_inst/u_KLDJ_top/u_bpu/u_gshare_btb_core/if_id_pred_taken_i_2/O
                         net (fo=33, routed)          0.701     2.450    student_top_inst/u_KLDJ_top/ifu0/if_pred_taken
    SLICE_X45Y80                                                      r  student_top_inst/u_KLDJ_top/ifu0/pc_reg[5]_i_2/I1
    SLICE_X45Y80         LUT3 (Prop_lut3_I1_O)        0.043     2.493 r  student_top_inst/u_KLDJ_top/ifu0/pc_reg[5]_i_2/O
                         net (fo=1, routed)           0.000     2.493    student_top_inst/u_KLDJ_top/u_pipe_id_ex/dnpc[5]
    SLICE_X45Y80                                                      r  student_top_inst/u_KLDJ_top/u_pipe_id_ex/pc_reg_reg[5]_i_1/I0
    SLICE_X45Y80         MUXF7 (Prop_muxf7_I0_O)      0.120     2.613 r  student_top_inst/u_KLDJ_top/u_pipe_id_ex/pc_reg_reg[5]_i_1/O
                         net (fo=1, routed)           0.375     2.988    student_top_inst/u_KLDJ_top/ifu0/pc_reg_reg[31]_1[5]
    SLICE_X47Y82         FDRE                                         r  student_top_inst/u_KLDJ_top/ifu0/pc_reg_reg[5]/D
  -------------------------------------------------------------------    -------------------

                         (clock clk_out2_pll rise edge)
                                                      5.714     5.714 r  
    AD12                                              0.000     5.714 r  i_sys_clk_p (IN)
                         net (fo=0)                   0.000     5.714    pll_inst/inst/clk_in1_p
    AD12                                                              r  pll_inst/inst/clkin1_ibufgds/I
    AD12                 IBUFDS (Prop_ibufds_I_O)     0.803     6.518 r  pll_inst/inst/clkin1_ibufgds/O
                         net (fo=1, routed)           1.001     7.519    pll_inst/inst/clk_in1_pll
    PLLE2_ADV_X1Y1                                                    r  pll_inst/inst/plle2_adv_inst/CLKIN1
    PLLE2_ADV_X1Y1       PLLE2_ADV (Prop_plle2_adv_CLKIN1_CLKOUT1)
                                                     -7.261     0.258 r  pll_inst/inst/plle2_adv_inst/CLKOUT1
                         net (fo=1, routed)           2.003     2.261    pll_inst/inst/clk_out2_pll
    BUFGCTRL_X0Y0                                                     r  pll_inst/inst/clkout2_buf/I
    BUFGCTRL_X0Y0        BUFG (Prop_bufg_I_O)         0.083     2.344 r  pll_inst/inst/clkout2_buf/O
                         net (fo=5828, routed)        1.482     3.826    student_top_inst/u_KLDJ_top/ifu0/clk_out2
    SLICE_X47Y82         FDRE                                         r  student_top_inst/u_KLDJ_top/ifu0/pc_reg_reg[5]/C
                         clock pessimism             -0.373     3.453    
                         clock uncertainty           -0.077     3.376    
    SLICE_X47Y82         FDRE (Setup_fdre_C_D)       -0.098     3.278    student_top_inst/u_KLDJ_top/ifu0/pc_reg_reg[5]
  -------------------------------------------------------------------
                         required time                          3.278    
                         arrival time                          -2.988    
  -------------------------------------------------------------------
                         slack                                  0.290    

Slack (MET) :             0.425ns  (required time - arrival time)
  Source:                 student_top_inst/u_KLDJ_top/ifu0/pc_reg_reg[2]/C
                            (rising edge-triggered cell FDRE clocked by clk_out2_pll  {rise@0.000ns fall@2.857ns period=5.714ns})
  Destination:            student_top_inst/u_KLDJ_top/ifu0/pc_reg_reg[3]/D
                            (rising edge-triggered cell FDRE clocked by clk_out2_pll  {rise@0.000ns fall@2.857ns period=5.714ns})
  Path Group:             clk_out2_pll
  Path Type:              Setup (Max at Slow Process Corner)
  Requirement:            5.714ns  (clk_out2_pll rise@5.714ns - clk_out2_pll rise@0.000ns)
  Data Path Delay:        5.121ns  (logic 0.903ns (17.634%)  route 4.218ns (82.366%))
  Logic Levels:           8  (LUT2=1 LUT3=1 LUT5=1 LUT6=3 MUXF7=2)
  Clock Path Skew:        0.020ns (DCD - SCD + CPR)
    Destination Clock Delay (DCD):    -1.888ns = ( 3.827 - 5.714 ) 
    Source Clock Delay      (SCD):    -2.280ns
    Clock Pessimism Removal (CPR):    -0.373ns
  Clock Uncertainty:      0.077ns  ((TSJ^2 + DJ^2)^1/2) / 2 + PE
    Total System Jitter     (TSJ):    0.071ns
    Discrete Jitter          (DJ):    0.137ns
    Phase Error              (PE):    0.000ns

    Location             Delay type                Incr(ns)  Path(ns)    Netlist Resource(s)
  -------------------------------------------------------------------    -------------------
                         (clock clk_out2_pll rise edge)
                                                      0.000     0.000 r  
    AD12                                              0.000     0.000 r  i_sys_clk_p (IN)
                         net (fo=0)                   0.000     0.000    pll_inst/inst/clk_in1_p
    AD12                                                              r  pll_inst/inst/clkin1_ibufgds/I
    AD12                 IBUFDS (Prop_ibufds_I_O)     0.906     0.906 r  pll_inst/inst/clkin1_ibufgds/O
                         net (fo=1, routed)           1.098     2.004    pll_inst/inst/clk_in1_pll
    PLLE2_ADV_X1Y1                                                    r  pll_inst/inst/plle2_adv_inst/CLKIN1
    PLLE2_ADV_X1Y1       PLLE2_ADV (Prop_plle2_adv_CLKIN1_CLKOUT1)
                                                     -8.058    -6.054 r  pll_inst/inst/plle2_adv_inst/CLKOUT1
                         net (fo=1, routed)           2.128    -3.926    pll_inst/inst/clk_out2_pll
    BUFGCTRL_X0Y0                                                     r  pll_inst/inst/clkout2_buf/I
    BUFGCTRL_X0Y0        BUFG (Prop_bufg_I_O)         0.093    -3.833 r  pll_inst/inst/clkout2_buf/O
                         net (fo=5828, routed)        1.553    -2.280    student_top_inst/u_KLDJ_top/ifu0/clk_out2
    SLICE_X50Y79         FDRE                                         r  student_top_inst/u_KLDJ_top/ifu0/pc_reg_reg[2]/C
  -------------------------------------------------------------------    -------------------
    SLICE_X50Y79         FDRE (Prop_fdre_C_Q)         0.259    -2.021 r  student_top_inst/u_KLDJ_top/ifu0/pc_reg_reg[2]/Q
                         net (fo=1023, routed)        0.491    -1.530    student_top_inst/u_KLDJ_top/u_bpu/u_gshare_btb_core/D[0]
    SLICE_X41Y81                                                      r  student_top_inst/u_KLDJ_top/u_bpu/u_gshare_btb_core/pht_reg_0_63_0_0_i_3/I1
    SLICE_X41Y81         LUT2 (Prop_lut2_I1_O)        0.043    -1.487 r  student_top_inst/u_KLDJ_top/u_bpu/u_gshare_btb_core/pht_reg_0_63_0_0_i_3/O
                         net (fo=18, routed)          0.992    -0.495    student_top_inst/u_KLDJ_top/u_bpu/u_gshare_btb_core/lookup_pht_idx[0]
    SLICE_X13Y104                                                     r  student_top_inst/u_KLDJ_top/u_bpu/u_gshare_btb_core/if_id_pred_taken_i_29/I4
    SLICE_X13Y104        LUT6 (Prop_lut6_I4_O)        0.043    -0.452 r  student_top_inst/u_KLDJ_top/u_bpu/u_gshare_btb_core/if_id_pred_taken_i_29/O
                         net (fo=1, routed)           0.534     0.082    student_top_inst/u_KLDJ_top/u_bpu/u_gshare_btb_core/if_id_pred_taken_i_29_n_0
    SLICE_X16Y103                                                     r  student_top_inst/u_KLDJ_top/u_bpu/u_gshare_btb_core/if_id_pred_taken_i_13/I1
    SLICE_X16Y103        LUT6 (Prop_lut6_I1_O)        0.043     0.125 r  student_top_inst/u_KLDJ_top/u_bpu/u_gshare_btb_core/if_id_pred_taken_i_13/O
                         net (fo=1, routed)           0.000     0.125    student_top_inst/u_KLDJ_top/u_bpu/u_gshare_btb_core/if_id_pred_taken_i_13_n_0
    SLICE_X16Y103                                                     r  student_top_inst/u_KLDJ_top/u_bpu/u_gshare_btb_core/if_id_pred_taken_reg_i_6/I1
    SLICE_X16Y103        MUXF7 (Prop_muxf7_I1_O)      0.103     0.228 r  student_top_inst/u_KLDJ_top/u_bpu/u_gshare_btb_core/if_id_pred_taken_reg_i_6/O
                         net (fo=1, routed)           0.807     1.035    student_top_inst/u_KLDJ_top/u_bpu/u_gshare_btb_core/if_id_pred_taken_reg_i_6_n_0
    SLICE_X25Y97                                                      r  student_top_inst/u_KLDJ_top/u_bpu/u_gshare_btb_core/if_id_pred_taken_i_3/I0
    SLICE_X25Y97         LUT5 (Prop_lut5_I0_O)        0.130     1.165 r  student_top_inst/u_KLDJ_top/u_bpu/u_gshare_btb_core/if_id_pred_taken_i_3/O
                         net (fo=1, routed)           0.453     1.618    student_top_inst/u_KLDJ_top/u_bpu/u_gshare_btb_core/lookup_pht_value__0[1]
    SLICE_X39Y96                                                      r  student_top_inst/u_KLDJ_top/u_bpu/u_gshare_btb_core/if_id_pred_taken_i_2/I0
    SLICE_X39Y96         LUT6 (Prop_lut6_I0_O)        0.132     1.750 r  student_top_inst/u_KLDJ_top/u_bpu/u_gshare_btb_core/if_id_pred_taken_i_2/O
                         net (fo=33, routed)          0.720     2.470    student_top_inst/u_KLDJ_top/ifu0/if_pred_taken
    SLICE_X47Y83                                                      r  student_top_inst/u_KLDJ_top/ifu0/pc_reg[3]_i_2/I1
    SLICE_X47Y83         LUT3 (Prop_lut3_I1_O)        0.043     2.513 r  student_top_inst/u_KLDJ_top/ifu0/pc_reg[3]_i_2/O
                         net (fo=1, routed)           0.000     2.513    student_top_inst/u_KLDJ_top/u_pipe_id_ex/dnpc[3]
    SLICE_X47Y83                                                      r  student_top_inst/u_KLDJ_top/u_pipe_id_ex/pc_reg_reg[3]_i_1/I0
    SLICE_X47Y83         MUXF7 (Prop_muxf7_I0_O)      0.107     2.620 r  student_top_inst/u_KLDJ_top/u_pipe_id_ex/pc_reg_reg[3]_i_1/O
                         net (fo=1, routed)           0.220     2.840    student_top_inst/u_KLDJ_top/ifu0/pc_reg_reg[31]_1[3]
    SLICE_X47Y83         FDRE                                         r  student_top_inst/u_KLDJ_top/ifu0/pc_reg_reg[3]/D
  -------------------------------------------------------------------    -------------------

                         (clock clk_out2_pll rise edge)
                                                      5.714     5.714 r  
    AD12                                              0.000     5.714 r  i_sys_clk_p (IN)
                         net (fo=0)                   0.000     5.714    pll_inst/inst/clk_in1_p
    AD12                                                              r  pll_inst/inst/clkin1_ibufgds/I
    AD12                 IBUFDS (Prop_ibufds_I_O)     0.803     6.518 r  pll_inst/inst/clkin1_ibufgds/O
                         net (fo=1, routed)           1.001     7.519    pll_inst/inst/clk_in1_pll
    PLLE2_ADV_X1Y1                                                    r  pll_inst/inst/plle2_adv_inst/CLKIN1
    PLLE2_ADV_X1Y1       PLLE2_ADV (Prop_plle2_adv_CLKIN1_CLKOUT1)
                                                     -7.261     0.258 r  pll_inst/inst/plle2_adv_inst/CLKOUT1
                         net (fo=1, routed)           2.003     2.261    pll_inst/inst/clk_out2_pll
    BUFGCTRL_X0Y0                                                     r  pll_inst/inst/clkout2_buf/I
    BUFGCTRL_X0Y0        BUFG (Prop_bufg_I_O)         0.083     2.344 r  pll_inst/inst/clkout2_buf/O
                         net (fo=5828, routed)        1.483     3.827    student_top_inst/u_KLDJ_top/ifu0/clk_out2
    SLICE_X47Y83         FDRE                                         r  student_top_inst/u_KLDJ_top/ifu0/pc_reg_reg[3]/C
                         clock pessimism             -0.373     3.454    
                         clock uncertainty           -0.077     3.377    
    SLICE_X47Y83         FDRE (Setup_fdre_C_D)       -0.112     3.265    student_top_inst/u_KLDJ_top/ifu0/pc_reg_reg[3]
  -------------------------------------------------------------------
                         required time                          3.265    
                         arrival time                          -2.840    
  -------------------------------------------------------------------
                         slack                                  0.425    

Slack (MET) :             0.425ns  (required time - arrival time)
  Source:                 student_top_inst/u_KLDJ_top/ifu0/pc_reg_reg[2]/C
                            (rising edge-triggered cell FDRE clocked by clk_out2_pll  {rise@0.000ns fall@2.857ns period=5.714ns})
  Destination:            student_top_inst/u_KLDJ_top/ifu0/pc_reg_reg[16]/D
                            (rising edge-triggered cell FDRE clocked by clk_out2_pll  {rise@0.000ns fall@2.857ns period=5.714ns})
  Path Group:             clk_out2_pll
  Path Type:              Setup (Max at Slow Process Corner)
  Requirement:            5.714ns  (clk_out2_pll rise@5.714ns - clk_out2_pll rise@0.000ns)
  Data Path Delay:        5.307ns  (logic 0.897ns (16.902%)  route 4.410ns (83.098%))
  Logic Levels:           8  (LUT2=1 LUT3=1 LUT5=1 LUT6=3 MUXF7=2)
  Clock Path Skew:        0.019ns (DCD - SCD + CPR)
    Destination Clock Delay (DCD):    -1.889ns = ( 3.826 - 5.714 ) 
    Source Clock Delay      (SCD):    -2.280ns
    Clock Pessimism Removal (CPR):    -0.373ns
  Clock Uncertainty:      0.077ns  ((TSJ^2 + DJ^2)^1/2) / 2 + PE
    Total System Jitter     (TSJ):    0.071ns
    Discrete Jitter          (DJ):    0.137ns
    Phase Error              (PE):    0.000ns

    Location             Delay type                Incr(ns)  Path(ns)    Netlist Resource(s)
  -------------------------------------------------------------------    -------------------
                         (clock clk_out2_pll rise edge)
                                                      0.000     0.000 r  
    AD12                                              0.000     0.000 r  i_sys_clk_p (IN)
                         net (fo=0)                   0.000     0.000    pll_inst/inst/clk_in1_p
    AD12                                                              r  pll_inst/inst/clkin1_ibufgds/I
    AD12                 IBUFDS (Prop_ibufds_I_O)     0.906     0.906 r  pll_inst/inst/clkin1_ibufgds/O
                         net (fo=1, routed)           1.098     2.004    pll_inst/inst/clk_in1_pll
    PLLE2_ADV_X1Y1                                                    r  pll_inst/inst/plle2_adv_inst/CLKIN1
    PLLE2_ADV_X1Y1       PLLE2_ADV (Prop_plle2_adv_CLKIN1_CLKOUT1)
                                                     -8.058    -6.054 r  pll_inst/inst/plle2_adv_inst/CLKOUT1
                         net (fo=1, routed)           2.128    -3.926    pll_inst/inst/clk_out2_pll
    BUFGCTRL_X0Y0                                                     r  pll_inst/inst/clkout2_buf/I
    BUFGCTRL_X0Y0        BUFG (Prop_bufg_I_O)         0.093    -3.833 r  pll_inst/inst/clkout2_buf/O
                         net (fo=5828, routed)        1.553    -2.280    student_top_inst/u_KLDJ_top/ifu0/clk_out2
    SLICE_X50Y79         FDRE                                         r  student_top_inst/u_KLDJ_top/ifu0/pc_reg_reg[2]/C
  -------------------------------------------------------------------    -------------------
    SLICE_X50Y79         FDRE (Prop_fdre_C_Q)         0.259    -2.021 r  student_top_inst/u_KLDJ_top/ifu0/pc_reg_reg[2]/Q
                         net (fo=1023, routed)        0.491    -1.530    student_top_inst/u_KLDJ_top/u_bpu/u_gshare_btb_core/D[0]
    SLICE_X41Y81                                                      r  student_top_inst/u_KLDJ_top/u_bpu/u_gshare_btb_core/pht_reg_0_63_0_0_i_3/I1
    SLICE_X41Y81         LUT2 (Prop_lut2_I1_O)        0.043    -1.487 r  student_top_inst/u_KLDJ_top/u_bpu/u_gshare_btb_core/pht_reg_0_63_0_0_i_3/O
                         net (fo=18, routed)          0.992    -0.495    student_top_inst/u_KLDJ_top/u_bpu/u_gshare_btb_core/lookup_pht_idx[0]
    SLICE_X13Y104                                                     r  student_top_inst/u_KLDJ_top/u_bpu/u_gshare_btb_core/if_id_pred_taken_i_29/I4
    SLICE_X13Y104        LUT6 (Prop_lut6_I4_O)        0.043    -0.452 r  student_top_inst/u_KLDJ_top/u_bpu/u_gshare_btb_core/if_id_pred_taken_i_29/O
                         net (fo=1, routed)           0.534     0.082    student_top_inst/u_KLDJ_top/u_bpu/u_gshare_btb_core/if_id_pred_taken_i_29_n_0
    SLICE_X16Y103                                                     r  student_top_inst/u_KLDJ_top/u_bpu/u_gshare_btb_core/if_id_pred_taken_i_13/I1
    SLICE_X16Y103        LUT6 (Prop_lut6_I1_O)        0.043     0.125 r  student_top_inst/u_KLDJ_top/u_bpu/u_gshare_btb_core/if_id_pred_taken_i_13/O
                         net (fo=1, routed)           0.000     0.125    student_top_inst/u_KLDJ_top/u_bpu/u_gshare_btb_core/if_id_pred_taken_i_13_n_0
    SLICE_X16Y103                                                     r  student_top_inst/u_KLDJ_top/u_bpu/u_gshare_btb_core/if_id_pred_taken_reg_i_6/I1
    SLICE_X16Y103        MUXF7 (Prop_muxf7_I1_O)      0.103     0.228 r  student_top_inst/u_KLDJ_top/u_bpu/u_gshare_btb_core/if_id_pred_taken_reg_i_6/O
                         net (fo=1, routed)           0.807     1.035    student_top_inst/u_KLDJ_top/u_bpu/u_gshare_btb_core/if_id_pred_taken_reg_i_6_n_0
    SLICE_X25Y97                                                      r  student_top_inst/u_KLDJ_top/u_bpu/u_gshare_btb_core/if_id_pred_taken_i_3/I0
    SLICE_X25Y97         LUT5 (Prop_lut5_I0_O)        0.130     1.165 r  student_top_inst/u_KLDJ_top/u_bpu/u_gshare_btb_core/if_id_pred_taken_i_3/O
                         net (fo=1, routed)           0.453     1.618    student_top_inst/u_KLDJ_top/u_bpu/u_gshare_btb_core/lookup_pht_value__0[1]
    SLICE_X39Y96                                                      r  student_top_inst/u_KLDJ_top/u_bpu/u_gshare_btb_core/if_id_pred_taken_i_2/I0
    SLICE_X39Y96         LUT6 (Prop_lut6_I0_O)        0.132     1.750 r  student_top_inst/u_KLDJ_top/u_bpu/u_gshare_btb_core/if_id_pred_taken_i_2/O
                         net (fo=33, routed)          1.133     2.883    student_top_inst/u_KLDJ_top/ifu0/if_pred_taken
    SLICE_X42Y70                                                      r  student_top_inst/u_KLDJ_top/ifu0/pc_reg[16]_i_2/I1
    SLICE_X42Y70         LUT3 (Prop_lut3_I1_O)        0.043     2.926 r  student_top_inst/u_KLDJ_top/ifu0/pc_reg[16]_i_2/O
                         net (fo=1, routed)           0.000     2.926    student_top_inst/u_KLDJ_top/u_pipe_id_ex/dnpc[16]
    SLICE_X42Y70                                                      r  student_top_inst/u_KLDJ_top/u_pipe_id_ex/pc_reg_reg[16]_i_1/I0
    SLICE_X42Y70         MUXF7 (Prop_muxf7_I0_O)      0.101     3.027 r  student_top_inst/u_KLDJ_top/u_pipe_id_ex/pc_reg_reg[16]_i_1/O
                         net (fo=1, routed)           0.000     3.027    student_top_inst/u_KLDJ_top/ifu0/pc_reg_reg[31]_1[16]
    SLICE_X42Y70         FDRE                                         r  student_top_inst/u_KLDJ_top/ifu0/pc_reg_reg[16]/D
  -------------------------------------------------------------------    -------------------

                         (clock clk_out2_pll rise edge)
                                                      5.714     5.714 r  
    AD12                                              0.000     5.714 r  i_sys_clk_p (IN)
                         net (fo=0)                   0.000     5.714    pll_inst/inst/clk_in1_p
    AD12                                                              r  pll_inst/inst/clkin1_ibufgds/I
    AD12                 IBUFDS (Prop_ibufds_I_O)     0.803     6.518 r  pll_inst/inst/clkin1_ibufgds/O
                         net (fo=1, routed)           1.001     7.519    pll_inst/inst/clk_in1_pll
    PLLE2_ADV_X1Y1                                                    r  pll_inst/inst/plle2_adv_inst/CLKIN1
    PLLE2_ADV_X1Y1       PLLE2_ADV (Prop_plle2_adv_CLKIN1_CLKOUT1)
                                                     -7.261     0.258 r  pll_inst/inst/plle2_adv_inst/CLKOUT1
                         net (fo=1, routed)           2.003     2.261    pll_inst/inst/clk_out2_pll
    BUFGCTRL_X0Y0                                                     r  pll_inst/inst/clkout2_buf/I
    BUFGCTRL_X0Y0        BUFG (Prop_bufg_I_O)         0.083     2.344 r  pll_inst/inst/clkout2_buf/O
                         net (fo=5828, routed)        1.482     3.826    student_top_inst/u_KLDJ_top/ifu0/clk_out2
    SLICE_X42Y70         FDRE                                         r  student_top_inst/u_KLDJ_top/ifu0/pc_reg_reg[16]/C
                         clock pessimism             -0.373     3.453    
                         clock uncertainty           -0.077     3.376    
    SLICE_X42Y70         FDRE (Setup_fdre_C_D)        0.076     3.452    student_top_inst/u_KLDJ_top/ifu0/pc_reg_reg[16]
  -------------------------------------------------------------------
                         required time                          3.452    
                         arrival time                          -3.027    
  -------------------------------------------------------------------
                         slack                                  0.425    

Slack (MET) :             0.432ns  (required time - arrival time)
  Source:                 student_top_inst/u_KLDJ_top/ifu0/pc_reg_reg[2]/C
                            (rising edge-triggered cell FDRE clocked by clk_out2_pll  {rise@0.000ns fall@2.857ns period=5.714ns})
  Destination:            student_top_inst/u_KLDJ_top/ifu0/pc_reg_reg[4]/D
                            (rising edge-triggered cell FDRE clocked by clk_out2_pll  {rise@0.000ns fall@2.857ns period=5.714ns})
  Path Group:             clk_out2_pll
  Path Type:              Setup (Max at Slow Process Corner)
  Requirement:            5.714ns  (clk_out2_pll rise@5.714ns - clk_out2_pll rise@0.000ns)
  Data Path Delay:        5.114ns  (logic 0.911ns (17.812%)  route 4.203ns (82.188%))
  Logic Levels:           8  (LUT2=1 LUT3=1 LUT5=1 LUT6=3 MUXF7=2)
  Clock Path Skew:        0.019ns (DCD - SCD + CPR)
    Destination Clock Delay (DCD):    -1.889ns = ( 3.826 - 5.714 ) 
    Source Clock Delay      (SCD):    -2.280ns
    Clock Pessimism Removal (CPR):    -0.373ns
  Clock Uncertainty:      0.077ns  ((TSJ^2 + DJ^2)^1/2) / 2 + PE
    Total System Jitter     (TSJ):    0.071ns
    Discrete Jitter          (DJ):    0.137ns
    Phase Error              (PE):    0.000ns

    Location             Delay type                Incr(ns)  Path(ns)    Netlist Resource(s)
  -------------------------------------------------------------------    -------------------
                         (clock clk_out2_pll rise edge)
                                                      0.000     0.000 r  
    AD12                                              0.000     0.000 r  i_sys_clk_p (IN)
                         net (fo=0)                   0.000     0.000    pll_inst/inst/clk_in1_p
    AD12                                                              r  pll_inst/inst/clkin1_ibufgds/I
    AD12                 IBUFDS (Prop_ibufds_I_O)     0.906     0.906 r  pll_inst/inst/clkin1_ibufgds/O
                         net (fo=1, routed)           1.098     2.004    pll_inst/inst/clk_in1_pll
    PLLE2_ADV_X1Y1                                                    r  pll_inst/inst/plle2_adv_inst/CLKIN1
    PLLE2_ADV_X1Y1       PLLE2_ADV (Prop_plle2_adv_CLKIN1_CLKOUT1)
                                                     -8.058    -6.054 r  pll_inst/inst/plle2_adv_inst/CLKOUT1
                         net (fo=1, routed)           2.128    -3.926    pll_inst/inst/clk_out2_pll
    BUFGCTRL_X0Y0                                                     r  pll_inst/inst/clkout2_buf/I
    BUFGCTRL_X0Y0        BUFG (Prop_bufg_I_O)         0.093    -3.833 r  pll_inst/inst/clkout2_buf/O
                         net (fo=5828, routed)        1.553    -2.280    student_top_inst/u_KLDJ_top/ifu0/clk_out2
    SLICE_X50Y79         FDRE                                         r  student_top_inst/u_KLDJ_top/ifu0/pc_reg_reg[2]/C
  -------------------------------------------------------------------    -------------------
    SLICE_X50Y79         FDRE (Prop_fdre_C_Q)         0.259    -2.021 r  student_top_inst/u_KLDJ_top/ifu0/pc_reg_reg[2]/Q
                         net (fo=1023, routed)        0.491    -1.530    student_top_inst/u_KLDJ_top/u_bpu/u_gshare_btb_core/D[0]
    SLICE_X41Y81                                                      r  student_top_inst/u_KLDJ_top/u_bpu/u_gshare_btb_core/pht_reg_0_63_0_0_i_3/I1
    SLICE_X41Y81         LUT2 (Prop_lut2_I1_O)        0.043    -1.487 r  student_top_inst/u_KLDJ_top/u_bpu/u_gshare_btb_core/pht_reg_0_63_0_0_i_3/O
                         net (fo=18, routed)          0.992    -0.495    student_top_inst/u_KLDJ_top/u_bpu/u_gshare_btb_core/lookup_pht_idx[0]
    SLICE_X13Y104                                                     r  student_top_inst/u_KLDJ_top/u_bpu/u_gshare_btb_core/if_id_pred_taken_i_29/I4
    SLICE_X13Y104        LUT6 (Prop_lut6_I4_O)        0.043    -0.452 r  student_top_inst/u_KLDJ_top/u_bpu/u_gshare_btb_core/if_id_pred_taken_i_29/O
                         net (fo=1, routed)           0.534     0.082    student_top_inst/u_KLDJ_top/u_bpu/u_gshare_btb_core/if_id_pred_taken_i_29_n_0
    SLICE_X16Y103                                                     r  student_top_inst/u_KLDJ_top/u_bpu/u_gshare_btb_core/if_id_pred_taken_i_13/I1
    SLICE_X16Y103        LUT6 (Prop_lut6_I1_O)        0.043     0.125 r  student_top_inst/u_KLDJ_top/u_bpu/u_gshare_btb_core/if_id_pred_taken_i_13/O
                         net (fo=1, routed)           0.000     0.125    student_top_inst/u_KLDJ_top/u_bpu/u_gshare_btb_core/if_id_pred_taken_i_13_n_0
    SLICE_X16Y103                                                     r  student_top_inst/u_KLDJ_top/u_bpu/u_gshare_btb_core/if_id_pred_taken_reg_i_6/I1
    SLICE_X16Y103        MUXF7 (Prop_muxf7_I1_O)      0.103     0.228 r  student_top_inst/u_KLDJ_top/u_bpu/u_gshare_btb_core/if_id_pred_taken_reg_i_6/O
                         net (fo=1, routed)           0.807     1.035    student_top_inst/u_KLDJ_top/u_bpu/u_gshare_btb_core/if_id_pred_taken_reg_i_6_n_0
    SLICE_X25Y97                                                      r  student_top_inst/u_KLDJ_top/u_bpu/u_gshare_btb_core/if_id_pred_taken_i_3/I0
    SLICE_X25Y97         LUT5 (Prop_lut5_I0_O)        0.130     1.165 r  student_top_inst/u_KLDJ_top/u_bpu/u_gshare_btb_core/if_id_pred_taken_i_3/O
                         net (fo=1, routed)           0.453     1.618    student_top_inst/u_KLDJ_top/u_bpu/u_gshare_btb_core/lookup_pht_value__0[1]
    SLICE_X39Y96                                                      r  student_top_inst/u_KLDJ_top/u_bpu/u_gshare_btb_core/if_id_pred_taken_i_2/I0
    SLICE_X39Y96         LUT6 (Prop_lut6_I0_O)        0.132     1.750 r  student_top_inst/u_KLDJ_top/u_bpu/u_gshare_btb_core/if_id_pred_taken_i_2/O
                         net (fo=33, routed)          0.641     2.391    student_top_inst/u_KLDJ_top/ifu0/if_pred_taken
    SLICE_X46Y85                                                      r  student_top_inst/u_KLDJ_top/ifu0/pc_reg[4]_i_2/I1
    SLICE_X46Y85         LUT3 (Prop_lut3_I1_O)        0.043     2.434 r  student_top_inst/u_KLDJ_top/ifu0/pc_reg[4]_i_2/O
                         net (fo=1, routed)           0.000     2.434    student_top_inst/u_KLDJ_top/u_pipe_id_ex/dnpc[4]
    SLICE_X46Y85                                                      r  student_top_inst/u_KLDJ_top/u_pipe_id_ex/pc_reg_reg[4]_i_1/I0
    SLICE_X46Y85         MUXF7 (Prop_muxf7_I0_O)      0.115     2.549 r  student_top_inst/u_KLDJ_top/u_pipe_id_ex/pc_reg_reg[4]_i_1/O
                         net (fo=1, routed)           0.285     2.834    student_top_inst/u_KLDJ_top/ifu0/pc_reg_reg[31]_1[4]
    SLICE_X47Y82         FDRE                                         r  student_top_inst/u_KLDJ_top/ifu0/pc_reg_reg[4]/D
  -------------------------------------------------------------------    -------------------

                         (clock clk_out2_pll rise edge)
                                                      5.714     5.714 r  
    AD12                                              0.000     5.714 r  i_sys_clk_p (IN)
                         net (fo=0)                   0.000     5.714    pll_inst/inst/clk_in1_p
    AD12                                                              r  pll_inst/inst/clkin1_ibufgds/I
    AD12                 IBUFDS (Prop_ibufds_I_O)     0.803     6.518 r  pll_inst/inst/clkin1_ibufgds/O
                         net (fo=1, routed)           1.001     7.519    pll_inst/inst/clk_in1_pll
    PLLE2_ADV_X1Y1                                                    r  pll_inst/inst/plle2_adv_inst/CLKIN1
    PLLE2_ADV_X1Y1       PLLE2_ADV (Prop_plle2_adv_CLKIN1_CLKOUT1)
                                                     -7.261     0.258 r  pll_inst/inst/plle2_adv_inst/CLKOUT1
                         net (fo=1, routed)           2.003     2.261    pll_inst/inst/clk_out2_pll
    BUFGCTRL_X0Y0                                                     r  pll_inst/inst/clkout2_buf/I
    BUFGCTRL_X0Y0        BUFG (Prop_bufg_I_O)         0.083     2.344 r  pll_inst/inst/clkout2_buf/O
                         net (fo=5828, routed)        1.482     3.826    student_top_inst/u_KLDJ_top/ifu0/clk_out2
    SLICE_X47Y82         FDRE                                         r  student_top_inst/u_KLDJ_top/ifu0/pc_reg_reg[4]/C
                         clock pessimism             -0.373     3.453    
                         clock uncertainty           -0.077     3.376    
    SLICE_X47Y82         FDRE (Setup_fdre_C_D)       -0.110     3.266    student_top_inst/u_KLDJ_top/ifu0/pc_reg_reg[4]
  -------------------------------------------------------------------
                         required time                          3.266    
                         arrival time                          -2.834    
  -------------------------------------------------------------------
                         slack                                  0.432    

Slack (MET) :             0.463ns  (required time - arrival time)
  Source:                 student_top_inst/u_KLDJ_top/ifu0/pc_reg_reg[2]/C
                            (rising edge-triggered cell FDRE clocked by clk_out2_pll  {rise@0.000ns fall@2.857ns period=5.714ns})
  Destination:            student_top_inst/u_KLDJ_top/ifu0/pc_reg_reg[10]/D
                            (rising edge-triggered cell FDRE clocked by clk_out2_pll  {rise@0.000ns fall@2.857ns period=5.714ns})
  Path Group:             clk_out2_pll
  Path Type:              Setup (Max at Slow Process Corner)
  Requirement:            5.714ns  (clk_out2_pll rise@5.714ns - clk_out2_pll rise@0.000ns)
  Data Path Delay:        5.242ns  (logic 0.903ns (17.225%)  route 4.339ns (82.775%))
  Logic Levels:           8  (LUT2=1 LUT3=1 LUT5=1 LUT6=3 MUXF7=2)
  Clock Path Skew:        0.020ns (DCD - SCD + CPR)
    Destination Clock Delay (DCD):    -1.888ns = ( 3.827 - 5.714 ) 
    Source Clock Delay      (SCD):    -2.280ns
    Clock Pessimism Removal (CPR):    -0.373ns
  Clock Uncertainty:      0.077ns  ((TSJ^2 + DJ^2)^1/2) / 2 + PE
    Total System Jitter     (TSJ):    0.071ns
    Discrete Jitter          (DJ):    0.137ns
    Phase Error              (PE):    0.000ns

    Location             Delay type                Incr(ns)  Path(ns)    Netlist Resource(s)
  -------------------------------------------------------------------    -------------------
                         (clock clk_out2_pll rise edge)
                                                      0.000     0.000 r  
    AD12                                              0.000     0.000 r  i_sys_clk_p (IN)
                         net (fo=0)                   0.000     0.000    pll_inst/inst/clk_in1_p
    AD12                                                              r  pll_inst/inst/clkin1_ibufgds/I
    AD12                 IBUFDS (Prop_ibufds_I_O)     0.906     0.906 r  pll_inst/inst/clkin1_ibufgds/O
                         net (fo=1, routed)           1.098     2.004    pll_inst/inst/clk_in1_pll
    PLLE2_ADV_X1Y1                                                    r  pll_inst/inst/plle2_adv_inst/CLKIN1
    PLLE2_ADV_X1Y1       PLLE2_ADV (Prop_plle2_adv_CLKIN1_CLKOUT1)
                                                     -8.058    -6.054 r  pll_inst/inst/plle2_adv_inst/CLKOUT1
                         net (fo=1, routed)           2.128    -3.926    pll_inst/inst/clk_out2_pll
    BUFGCTRL_X0Y0                                                     r  pll_inst/inst/clkout2_buf/I
    BUFGCTRL_X0Y0        BUFG (Prop_bufg_I_O)         0.093    -3.833 r  pll_inst/inst/clkout2_buf/O
                         net (fo=5828, routed)        1.553    -2.280    student_top_inst/u_KLDJ_top/ifu0/clk_out2
    SLICE_X50Y79         FDRE                                         r  student_top_inst/u_KLDJ_top/ifu0/pc_reg_reg[2]/C
  -------------------------------------------------------------------    -------------------
    SLICE_X50Y79         FDRE (Prop_fdre_C_Q)         0.259    -2.021 r  student_top_inst/u_KLDJ_top/ifu0/pc_reg_reg[2]/Q
                         net (fo=1023, routed)        0.491    -1.530    student_top_inst/u_KLDJ_top/u_bpu/u_gshare_btb_core/D[0]
    SLICE_X41Y81                                                      r  student_top_inst/u_KLDJ_top/u_bpu/u_gshare_btb_core/pht_reg_0_63_0_0_i_3/I1
    SLICE_X41Y81         LUT2 (Prop_lut2_I1_O)        0.043    -1.487 r  student_top_inst/u_KLDJ_top/u_bpu/u_gshare_btb_core/pht_reg_0_63_0_0_i_3/O
                         net (fo=18, routed)          0.992    -0.495    student_top_inst/u_KLDJ_top/u_bpu/u_gshare_btb_core/lookup_pht_idx[0]
    SLICE_X13Y104                                                     r  student_top_inst/u_KLDJ_top/u_bpu/u_gshare_btb_core/if_id_pred_taken_i_29/I4
    SLICE_X13Y104        LUT6 (Prop_lut6_I4_O)        0.043    -0.452 r  student_top_inst/u_KLDJ_top/u_bpu/u_gshare_btb_core/if_id_pred_taken_i_29/O
                         net (fo=1, routed)           0.534     0.082    student_top_inst/u_KLDJ_top/u_bpu/u_gshare_btb_core/if_id_pred_taken_i_29_n_0
    SLICE_X16Y103                                                     r  student_top_inst/u_KLDJ_top/u_bpu/u_gshare_btb_core/if_id_pred_taken_i_13/I1
    SLICE_X16Y103        LUT6 (Prop_lut6_I1_O)        0.043     0.125 r  student_top_inst/u_KLDJ_top/u_bpu/u_gshare_btb_core/if_id_pred_taken_i_13/O
                         net (fo=1, routed)           0.000     0.125    student_top_inst/u_KLDJ_top/u_bpu/u_gshare_btb_core/if_id_pred_taken_i_13_n_0
    SLICE_X16Y103                                                     r  student_top_inst/u_KLDJ_top/u_bpu/u_gshare_btb_core/if_id_pred_taken_reg_i_6/I1
    SLICE_X16Y103        MUXF7 (Prop_muxf7_I1_O)      0.103     0.228 r  student_top_inst/u_KLDJ_top/u_bpu/u_gshare_btb_core/if_id_pred_taken_reg_i_6/O
                         net (fo=1, routed)           0.807     1.035    student_top_inst/u_KLDJ_top/u_bpu/u_gshare_btb_core/if_id_pred_taken_reg_i_6_n_0
    SLICE_X25Y97                                                      r  student_top_inst/u_KLDJ_top/u_bpu/u_gshare_btb_core/if_id_pred_taken_i_3/I0
    SLICE_X25Y97         LUT5 (Prop_lut5_I0_O)        0.130     1.165 r  student_top_inst/u_KLDJ_top/u_bpu/u_gshare_btb_core/if_id_pred_taken_i_3/O
                         net (fo=1, routed)           0.453     1.618    student_top_inst/u_KLDJ_top/u_bpu/u_gshare_btb_core/lookup_pht_value__0[1]
    SLICE_X39Y96                                                      r  student_top_inst/u_KLDJ_top/u_bpu/u_gshare_btb_core/if_id_pred_taken_i_2/I0
    SLICE_X39Y96         LUT6 (Prop_lut6_I0_O)        0.132     1.750 r  student_top_inst/u_KLDJ_top/u_bpu/u_gshare_btb_core/if_id_pred_taken_i_2/O
                         net (fo=33, routed)          1.062     2.812    student_top_inst/u_KLDJ_top/ifu0/if_pred_taken
    SLICE_X45Y69                                                      r  student_top_inst/u_KLDJ_top/ifu0/pc_reg[10]_i_2/I1
    SLICE_X45Y69         LUT3 (Prop_lut3_I1_O)        0.043     2.855 r  student_top_inst/u_KLDJ_top/ifu0/pc_reg[10]_i_2/O
                         net (fo=1, routed)           0.000     2.855    student_top_inst/u_KLDJ_top/u_pipe_id_ex/dnpc[10]
    SLICE_X45Y69                                                      r  student_top_inst/u_KLDJ_top/u_pipe_id_ex/pc_reg_reg[10]_i_1/I0
    SLICE_X45Y69         MUXF7 (Prop_muxf7_I0_O)      0.107     2.962 r  student_top_inst/u_KLDJ_top/u_pipe_id_ex/pc_reg_reg[10]_i_1/O
                         net (fo=1, routed)           0.000     2.962    student_top_inst/u_KLDJ_top/ifu0/pc_reg_reg[31]_1[10]
    SLICE_X45Y69         FDRE                                         r  student_top_inst/u_KLDJ_top/ifu0/pc_reg_reg[10]/D
  -------------------------------------------------------------------    -------------------

                         (clock clk_out2_pll rise edge)
                                                      5.714     5.714 r  
    AD12                                              0.000     5.714 r  i_sys_clk_p (IN)
                         net (fo=0)                   0.000     5.714    pll_inst/inst/clk_in1_p
    AD12                                                              r  pll_inst/inst/clkin1_ibufgds/I
    AD12                 IBUFDS (Prop_ibufds_I_O)     0.803     6.518 r  pll_inst/inst/clkin1_ibufgds/O
                         net (fo=1, routed)           1.001     7.519    pll_inst/inst/clk_in1_pll
    PLLE2_ADV_X1Y1                                                    r  pll_inst/inst/plle2_adv_inst/CLKIN1
    PLLE2_ADV_X1Y1       PLLE2_ADV (Prop_plle2_adv_CLKIN1_CLKOUT1)
                                                     -7.261     0.258 r  pll_inst/inst/plle2_adv_inst/CLKOUT1
                         net (fo=1, routed)           2.003     2.261    pll_inst/inst/clk_out2_pll
    BUFGCTRL_X0Y0                                                     r  pll_inst/inst/clkout2_buf/I
    BUFGCTRL_X0Y0        BUFG (Prop_bufg_I_O)         0.083     2.344 r  pll_inst/inst/clkout2_buf/O
                         net (fo=5828, routed)        1.483     3.827    student_top_inst/u_KLDJ_top/ifu0/clk_out2
    SLICE_X45Y69         FDRE                                         r  student_top_inst/u_KLDJ_top/ifu0/pc_reg_reg[10]/C
                         clock pessimism             -0.373     3.454    
                         clock uncertainty           -0.077     3.377    
    SLICE_X45Y69         FDRE (Setup_fdre_C_D)        0.048     3.425    student_top_inst/u_KLDJ_top/ifu0/pc_reg_reg[10]
  -------------------------------------------------------------------
                         required time                          3.425    
                         arrival time                          -2.962    
  -------------------------------------------------------------------
                         slack                                  0.463    

Slack (MET) :             0.477ns  (required time - arrival time)
  Source:                 student_top_inst/u_KLDJ_top/ifu0/pc_reg_reg[2]/C
                            (rising edge-triggered cell FDRE clocked by clk_out2_pll  {rise@0.000ns fall@2.857ns period=5.714ns})
  Destination:            student_top_inst/u_KLDJ_top/ifu0/pc_reg_reg[17]/D
                            (rising edge-triggered cell FDRE clocked by clk_out2_pll  {rise@0.000ns fall@2.857ns period=5.714ns})
  Path Group:             clk_out2_pll
  Path Type:              Setup (Max at Slow Process Corner)
  Requirement:            5.714ns  (clk_out2_pll rise@5.714ns - clk_out2_pll rise@0.000ns)
  Data Path Delay:        5.228ns  (logic 0.903ns (17.273%)  route 4.325ns (82.727%))
  Logic Levels:           8  (LUT2=1 LUT3=1 LUT5=1 LUT6=3 MUXF7=2)
  Clock Path Skew:        0.020ns (DCD - SCD + CPR)
    Destination Clock Delay (DCD):    -1.888ns = ( 3.827 - 5.714 ) 
    Source Clock Delay      (SCD):    -2.280ns
    Clock Pessimism Removal (CPR):    -0.373ns
  Clock Uncertainty:      0.077ns  ((TSJ^2 + DJ^2)^1/2) / 2 + PE
    Total System Jitter     (TSJ):    0.071ns
    Discrete Jitter          (DJ):    0.137ns
    Phase Error              (PE):    0.000ns

    Location             Delay type                Incr(ns)  Path(ns)    Netlist Resource(s)
  -------------------------------------------------------------------    -------------------
                         (clock clk_out2_pll rise edge)
                                                      0.000     0.000 r  
    AD12                                              0.000     0.000 r  i_sys_clk_p (IN)
                         net (fo=0)                   0.000     0.000    pll_inst/inst/clk_in1_p
    AD12                                                              r  pll_inst/inst/clkin1_ibufgds/I
    AD12                 IBUFDS (Prop_ibufds_I_O)     0.906     0.906 r  pll_inst/inst/clkin1_ibufgds/O
                         net (fo=1, routed)           1.098     2.004    pll_inst/inst/clk_in1_pll
    PLLE2_ADV_X1Y1                                                    r  pll_inst/inst/plle2_adv_inst/CLKIN1
    PLLE2_ADV_X1Y1       PLLE2_ADV (Prop_plle2_adv_CLKIN1_CLKOUT1)
                                                     -8.058    -6.054 r  pll_inst/inst/plle2_adv_inst/CLKOUT1
                         net (fo=1, routed)           2.128    -3.926    pll_inst/inst/clk_out2_pll
    BUFGCTRL_X0Y0                                                     r  pll_inst/inst/clkout2_buf/I
    BUFGCTRL_X0Y0        BUFG (Prop_bufg_I_O)         0.093    -3.833 r  pll_inst/inst/clkout2_buf/O
                         net (fo=5828, routed)        1.553    -2.280    student_top_inst/u_KLDJ_top/ifu0/clk_out2
    SLICE_X50Y79         FDRE                                         r  student_top_inst/u_KLDJ_top/ifu0/pc_reg_reg[2]/C
  -------------------------------------------------------------------    -------------------
    SLICE_X50Y79         FDRE (Prop_fdre_C_Q)         0.259    -2.021 r  student_top_inst/u_KLDJ_top/ifu0/pc_reg_reg[2]/Q
                         net (fo=1023, routed)        0.491    -1.530    student_top_inst/u_KLDJ_top/u_bpu/u_gshare_btb_core/D[0]
    SLICE_X41Y81                                                      r  student_top_inst/u_KLDJ_top/u_bpu/u_gshare_btb_core/pht_reg_0_63_0_0_i_3/I1
    SLICE_X41Y81         LUT2 (Prop_lut2_I1_O)        0.043    -1.487 r  student_top_inst/u_KLDJ_top/u_bpu/u_gshare_btb_core/pht_reg_0_63_0_0_i_3/O
                         net (fo=18, routed)          0.992    -0.495    student_top_inst/u_KLDJ_top/u_bpu/u_gshare_btb_core/lookup_pht_idx[0]
    SLICE_X13Y104                                                     r  student_top_inst/u_KLDJ_top/u_bpu/u_gshare_btb_core/if_id_pred_taken_i_29/I4
    SLICE_X13Y104        LUT6 (Prop_lut6_I4_O)        0.043    -0.452 r  student_top_inst/u_KLDJ_top/u_bpu/u_gshare_btb_core/if_id_pred_taken_i_29/O
                         net (fo=1, routed)           0.534     0.082    student_top_inst/u_KLDJ_top/u_bpu/u_gshare_btb_core/if_id_pred_taken_i_29_n_0
    SLICE_X16Y103                                                     r  student_top_inst/u_KLDJ_top/u_bpu/u_gshare_btb_core/if_id_pred_taken_i_13/I1
    SLICE_X16Y103        LUT6 (Prop_lut6_I1_O)        0.043     0.125 r  student_top_inst/u_KLDJ_top/u_bpu/u_gshare_btb_core/if_id_pred_taken_i_13/O
                         net (fo=1, routed)           0.000     0.125    student_top_inst/u_KLDJ_top/u_bpu/u_gshare_btb_core/if_id_pred_taken_i_13_n_0
    SLICE_X16Y103                                                     r  student_top_inst/u_KLDJ_top/u_bpu/u_gshare_btb_core/if_id_pred_taken_reg_i_6/I1
    SLICE_X16Y103        MUXF7 (Prop_muxf7_I1_O)      0.103     0.228 r  student_top_inst/u_KLDJ_top/u_bpu/u_gshare_btb_core/if_id_pred_taken_reg_i_6/O
                         net (fo=1, routed)           0.807     1.035    student_top_inst/u_KLDJ_top/u_bpu/u_gshare_btb_core/if_id_pred_taken_reg_i_6_n_0
    SLICE_X25Y97                                                      r  student_top_inst/u_KLDJ_top/u_bpu/u_gshare_btb_core/if_id_pred_taken_i_3/I0
    SLICE_X25Y97         LUT5 (Prop_lut5_I0_O)        0.130     1.165 r  student_top_inst/u_KLDJ_top/u_bpu/u_gshare_btb_core/if_id_pred_taken_i_3/O
                         net (fo=1, routed)           0.453     1.618    student_top_inst/u_KLDJ_top/u_bpu/u_gshare_btb_core/lookup_pht_value__0[1]
    SLICE_X39Y96                                                      r  student_top_inst/u_KLDJ_top/u_bpu/u_gshare_btb_core/if_id_pred_taken_i_2/I0
    SLICE_X39Y96         LUT6 (Prop_lut6_I0_O)        0.132     1.750 r  student_top_inst/u_KLDJ_top/u_bpu/u_gshare_btb_core/if_id_pred_taken_i_2/O
                         net (fo=33, routed)          1.048     2.798    student_top_inst/u_KLDJ_top/ifu0/if_pred_taken
    SLICE_X44Y68                                                      r  student_top_inst/u_KLDJ_top/ifu0/pc_reg[17]_i_2/I1
    SLICE_X44Y68         LUT3 (Prop_lut3_I1_O)        0.043     2.841 r  student_top_inst/u_KLDJ_top/ifu0/pc_reg[17]_i_2/O
                         net (fo=1, routed)           0.000     2.841    student_top_inst/u_KLDJ_top/u_pipe_id_ex/dnpc[17]
    SLICE_X44Y68                                                      r  student_top_inst/u_KLDJ_top/u_pipe_id_ex/pc_reg_reg[17]_i_1/I0
    SLICE_X44Y68         MUXF7 (Prop_muxf7_I0_O)      0.107     2.948 r  student_top_inst/u_KLDJ_top/u_pipe_id_ex/pc_reg_reg[17]_i_1/O
                         net (fo=1, routed)           0.000     2.948    student_top_inst/u_KLDJ_top/ifu0/pc_reg_reg[31]_1[17]
    SLICE_X44Y68         FDRE                                         r  student_top_inst/u_KLDJ_top/ifu0/pc_reg_reg[17]/D
  -------------------------------------------------------------------    -------------------

                         (clock clk_out2_pll rise edge)
                                                      5.714     5.714 r  
    AD12                                              0.000     5.714 r  i_sys_clk_p (IN)
                         net (fo=0)                   0.000     5.714    pll_inst/inst/clk_in1_p
    AD12                                                              r  pll_inst/inst/clkin1_ibufgds/I
    AD12                 IBUFDS (Prop_ibufds_I_O)     0.803     6.518 r  pll_inst/inst/clkin1_ibufgds/O
                         net (fo=1, routed)           1.001     7.519    pll_inst/inst/clk_in1_pll
    PLLE2_ADV_X1Y1                                                    r  pll_inst/inst/plle2_adv_inst/CLKIN1
    PLLE2_ADV_X1Y1       PLLE2_ADV (Prop_plle2_adv_CLKIN1_CLKOUT1)
                                                     -7.261     0.258 r  pll_inst/inst/plle2_adv_inst/CLKOUT1
                         net (fo=1, routed)           2.003     2.261    pll_inst/inst/clk_out2_pll
    BUFGCTRL_X0Y0                                                     r  pll_inst/inst/clkout2_buf/I
    BUFGCTRL_X0Y0        BUFG (Prop_bufg_I_O)         0.083     2.344 r  pll_inst/inst/clkout2_buf/O
                         net (fo=5828, routed)        1.483     3.827    student_top_inst/u_KLDJ_top/ifu0/clk_out2
    SLICE_X44Y68         FDRE                                         r  student_top_inst/u_KLDJ_top/ifu0/pc_reg_reg[17]/C
                         clock pessimism             -0.373     3.454    
                         clock uncertainty           -0.077     3.377    
    SLICE_X44Y68         FDRE (Setup_fdre_C_D)        0.048     3.425    student_top_inst/u_KLDJ_top/ifu0/pc_reg_reg[17]
  -------------------------------------------------------------------
                         required time                          3.425    
                         arrival time                          -2.948    
  -------------------------------------------------------------------
                         slack                                  0.477    

Slack (MET) :             0.486ns  (required time - arrival time)
  Source:                 student_top_inst/u_KLDJ_top/ifu0/pc_reg_reg[2]/C
                            (rising edge-triggered cell FDRE clocked by clk_out2_pll  {rise@0.000ns fall@2.857ns period=5.714ns})
  Destination:            student_top_inst/u_KLDJ_top/ifu0/pc_reg_reg[9]/D
                            (rising edge-triggered cell FDRE clocked by clk_out2_pll  {rise@0.000ns fall@2.857ns period=5.714ns})
  Path Group:             clk_out2_pll
  Path Type:              Setup (Max at Slow Process Corner)
  Requirement:            5.714ns  (clk_out2_pll rise@5.714ns - clk_out2_pll rise@0.000ns)
  Data Path Delay:        5.219ns  (logic 0.903ns (17.303%)  route 4.316ns (82.697%))
  Logic Levels:           8  (LUT2=1 LUT3=1 LUT5=1 LUT6=3 MUXF7=2)
  Clock Path Skew:        0.020ns (DCD - SCD + CPR)
    Destination Clock Delay (DCD):    -1.888ns = ( 3.827 - 5.714 ) 
    Source Clock Delay      (SCD):    -2.280ns
    Clock Pessimism Removal (CPR):    -0.373ns
  Clock Uncertainty:      0.077ns  ((TSJ^2 + DJ^2)^1/2) / 2 + PE
    Total System Jitter     (TSJ):    0.071ns
    Discrete Jitter          (DJ):    0.137ns
    Phase Error              (PE):    0.000ns

    Location             Delay type                Incr(ns)  Path(ns)    Netlist Resource(s)
  -------------------------------------------------------------------    -------------------
                         (clock clk_out2_pll rise edge)
                                                      0.000     0.000 r  
    AD12                                              0.000     0.000 r  i_sys_clk_p (IN)
                         net (fo=0)                   0.000     0.000    pll_inst/inst/clk_in1_p
    AD12                                                              r  pll_inst/inst/clkin1_ibufgds/I
    AD12                 IBUFDS (Prop_ibufds_I_O)     0.906     0.906 r  pll_inst/inst/clkin1_ibufgds/O
                         net (fo=1, routed)           1.098     2.004    pll_inst/inst/clk_in1_pll
    PLLE2_ADV_X1Y1                                                    r  pll_inst/inst/plle2_adv_inst/CLKIN1
    PLLE2_ADV_X1Y1       PLLE2_ADV (Prop_plle2_adv_CLKIN1_CLKOUT1)
                                                     -8.058    -6.054 r  pll_inst/inst/plle2_adv_inst/CLKOUT1
                         net (fo=1, routed)           2.128    -3.926    pll_inst/inst/clk_out2_pll
    BUFGCTRL_X0Y0                                                     r  pll_inst/inst/clkout2_buf/I
    BUFGCTRL_X0Y0        BUFG (Prop_bufg_I_O)         0.093    -3.833 r  pll_inst/inst/clkout2_buf/O
                         net (fo=5828, routed)        1.553    -2.280    student_top_inst/u_KLDJ_top/ifu0/clk_out2
    SLICE_X50Y79         FDRE                                         r  student_top_inst/u_KLDJ_top/ifu0/pc_reg_reg[2]/C
  -------------------------------------------------------------------    -------------------
    SLICE_X50Y79         FDRE (Prop_fdre_C_Q)         0.259    -2.021 r  student_top_inst/u_KLDJ_top/ifu0/pc_reg_reg[2]/Q
                         net (fo=1023, routed)        0.491    -1.530    student_top_inst/u_KLDJ_top/u_bpu/u_gshare_btb_core/D[0]
    SLICE_X41Y81                                                      r  student_top_inst/u_KLDJ_top/u_bpu/u_gshare_btb_core/pht_reg_0_63_0_0_i_3/I1
    SLICE_X41Y81         LUT2 (Prop_lut2_I1_O)        0.043    -1.487 r  student_top_inst/u_KLDJ_top/u_bpu/u_gshare_btb_core/pht_reg_0_63_0_0_i_3/O
                         net (fo=18, routed)          0.992    -0.495    student_top_inst/u_KLDJ_top/u_bpu/u_gshare_btb_core/lookup_pht_idx[0]
    SLICE_X13Y104                                                     r  student_top_inst/u_KLDJ_top/u_bpu/u_gshare_btb_core/if_id_pred_taken_i_29/I4
    SLICE_X13Y104        LUT6 (Prop_lut6_I4_O)        0.043    -0.452 r  student_top_inst/u_KLDJ_top/u_bpu/u_gshare_btb_core/if_id_pred_taken_i_29/O
                         net (fo=1, routed)           0.534     0.082    student_top_inst/u_KLDJ_top/u_bpu/u_gshare_btb_core/if_id_pred_taken_i_29_n_0
    SLICE_X16Y103                                                     r  student_top_inst/u_KLDJ_top/u_bpu/u_gshare_btb_core/if_id_pred_taken_i_13/I1
    SLICE_X16Y103        LUT6 (Prop_lut6_I1_O)        0.043     0.125 r  student_top_inst/u_KLDJ_top/u_bpu/u_gshare_btb_core/if_id_pred_taken_i_13/O
                         net (fo=1, routed)           0.000     0.125    student_top_inst/u_KLDJ_top/u_bpu/u_gshare_btb_core/if_id_pred_taken_i_13_n_0
    SLICE_X16Y103                                                     r  student_top_inst/u_KLDJ_top/u_bpu/u_gshare_btb_core/if_id_pred_taken_reg_i_6/I1
    SLICE_X16Y103        MUXF7 (Prop_muxf7_I1_O)      0.103     0.228 r  student_top_inst/u_KLDJ_top/u_bpu/u_gshare_btb_core/if_id_pred_taken_reg_i_6/O
                         net (fo=1, routed)           0.807     1.035    student_top_inst/u_KLDJ_top/u_bpu/u_gshare_btb_core/if_id_pred_taken_reg_i_6_n_0
    SLICE_X25Y97                                                      r  student_top_inst/u_KLDJ_top/u_bpu/u_gshare_btb_core/if_id_pred_taken_i_3/I0
    SLICE_X25Y97         LUT5 (Prop_lut5_I0_O)        0.130     1.165 r  student_top_inst/u_KLDJ_top/u_bpu/u_gshare_btb_core/if_id_pred_taken_i_3/O
                         net (fo=1, routed)           0.453     1.618    student_top_inst/u_KLDJ_top/u_bpu/u_gshare_btb_core/lookup_pht_value__0[1]
    SLICE_X39Y96                                                      r  student_top_inst/u_KLDJ_top/u_bpu/u_gshare_btb_core/if_id_pred_taken_i_2/I0
    SLICE_X39Y96         LUT6 (Prop_lut6_I0_O)        0.132     1.750 r  student_top_inst/u_KLDJ_top/u_bpu/u_gshare_btb_core/if_id_pred_taken_i_2/O
                         net (fo=33, routed)          1.039     2.789    student_top_inst/u_KLDJ_top/ifu0/if_pred_taken
    SLICE_X43Y69                                                      r  student_top_inst/u_KLDJ_top/ifu0/pc_reg[9]_i_2/I1
    SLICE_X43Y69         LUT3 (Prop_lut3_I1_O)        0.043     2.832 r  student_top_inst/u_KLDJ_top/ifu0/pc_reg[9]_i_2/O
                         net (fo=1, routed)           0.000     2.832    student_top_inst/u_KLDJ_top/u_pipe_id_ex/dnpc[9]
    SLICE_X43Y69                                                      r  student_top_inst/u_KLDJ_top/u_pipe_id_ex/pc_reg_reg[9]_i_1/I0
    SLICE_X43Y69         MUXF7 (Prop_muxf7_I0_O)      0.107     2.939 r  student_top_inst/u_KLDJ_top/u_pipe_id_ex/pc_reg_reg[9]_i_1/O
                         net (fo=1, routed)           0.000     2.939    student_top_inst/u_KLDJ_top/ifu0/pc_reg_reg[31]_1[9]
    SLICE_X43Y69         FDRE                                         r  student_top_inst/u_KLDJ_top/ifu0/pc_reg_reg[9]/D
  -------------------------------------------------------------------    -------------------

                         (clock clk_out2_pll rise edge)
                                                      5.714     5.714 r  
    AD12                                              0.000     5.714 r  i_sys_clk_p (IN)
                         net (fo=0)                   0.000     5.714    pll_inst/inst/clk_in1_p
    AD12                                                              r  pll_inst/inst/clkin1_ibufgds/I
    AD12                 IBUFDS (Prop_ibufds_I_O)     0.803     6.518 r  pll_inst/inst/clkin1_ibufgds/O
                         net (fo=1, routed)           1.001     7.519    pll_inst/inst/clk_in1_pll
    PLLE2_ADV_X1Y1                                                    r  pll_inst/inst/plle2_adv_inst/CLKIN1
    PLLE2_ADV_X1Y1       PLLE2_ADV (Prop_plle2_adv_CLKIN1_CLKOUT1)
                                                     -7.261     0.258 r  pll_inst/inst/plle2_adv_inst/CLKOUT1
                         net (fo=1, routed)           2.003     2.261    pll_inst/inst/clk_out2_pll
    BUFGCTRL_X0Y0                                                     r  pll_inst/inst/clkout2_buf/I
    BUFGCTRL_X0Y0        BUFG (Prop_bufg_I_O)         0.083     2.344 r  pll_inst/inst/clkout2_buf/O
                         net (fo=5828, routed)        1.483     3.827    student_top_inst/u_KLDJ_top/ifu0/clk_out2
    SLICE_X43Y69         FDRE                                         r  student_top_inst/u_KLDJ_top/ifu0/pc_reg_reg[9]/C
                         clock pessimism             -0.373     3.454    
                         clock uncertainty           -0.077     3.377    
    SLICE_X43Y69         FDRE (Setup_fdre_C_D)        0.048     3.425    student_top_inst/u_KLDJ_top/ifu0/pc_reg_reg[9]
  -------------------------------------------------------------------
                         required time                          3.425    
                         arrival time                          -2.939    
  -------------------------------------------------------------------
                         slack                                  0.486    

Slack (MET) :             0.534ns  (required time - arrival time)
  Source:                 student_top_inst/u_KLDJ_top/ifu0/pc_reg_reg[2]/C
                            (rising edge-triggered cell FDRE clocked by clk_out2_pll  {rise@0.000ns fall@2.857ns period=5.714ns})
  Destination:            student_top_inst/u_KLDJ_top/ifu0/pc_reg_reg[26]/D
                            (rising edge-triggered cell FDRE clocked by clk_out2_pll  {rise@0.000ns fall@2.857ns period=5.714ns})
  Path Group:             clk_out2_pll
  Path Type:              Setup (Max at Slow Process Corner)
  Requirement:            5.714ns  (clk_out2_pll rise@5.714ns - clk_out2_pll rise@0.000ns)
  Data Path Delay:        5.115ns  (logic 0.916ns (17.909%)  route 4.199ns (82.091%))
  Logic Levels:           8  (LUT2=1 LUT3=1 LUT5=1 LUT6=3 MUXF7=2)
  Clock Path Skew:        -0.037ns (DCD - SCD + CPR)
    Destination Clock Delay (DCD):    -1.945ns = ( 3.770 - 5.714 ) 
    Source Clock Delay      (SCD):    -2.280ns
    Clock Pessimism Removal (CPR):    -0.373ns
  Clock Uncertainty:      0.077ns  ((TSJ^2 + DJ^2)^1/2) / 2 + PE
    Total System Jitter     (TSJ):    0.071ns
    Discrete Jitter          (DJ):    0.137ns
    Phase Error              (PE):    0.000ns

    Location             Delay type                Incr(ns)  Path(ns)    Netlist Resource(s)
  -------------------------------------------------------------------    -------------------
                         (clock clk_out2_pll rise edge)
                                                      0.000     0.000 r  
    AD12                                              0.000     0.000 r  i_sys_clk_p (IN)
                         net (fo=0)                   0.000     0.000    pll_inst/inst/clk_in1_p
    AD12                                                              r  pll_inst/inst/clkin1_ibufgds/I
    AD12                 IBUFDS (Prop_ibufds_I_O)     0.906     0.906 r  pll_inst/inst/clkin1_ibufgds/O
                         net (fo=1, routed)           1.098     2.004    pll_inst/inst/clk_in1_pll
    PLLE2_ADV_X1Y1                                                    r  pll_inst/inst/plle2_adv_inst/CLKIN1
    PLLE2_ADV_X1Y1       PLLE2_ADV (Prop_plle2_adv_CLKIN1_CLKOUT1)
                                                     -8.058    -6.054 r  pll_inst/inst/plle2_adv_inst/CLKOUT1
                         net (fo=1, routed)           2.128    -3.926    pll_inst/inst/clk_out2_pll
    BUFGCTRL_X0Y0                                                     r  pll_inst/inst/clkout2_buf/I
    BUFGCTRL_X0Y0        BUFG (Prop_bufg_I_O)         0.093    -3.833 r  pll_inst/inst/clkout2_buf/O
                         net (fo=5828, routed)        1.553    -2.280    student_top_inst/u_KLDJ_top/ifu0/clk_out2
    SLICE_X50Y79         FDRE                                         r  student_top_inst/u_KLDJ_top/ifu0/pc_reg_reg[2]/C
  -------------------------------------------------------------------    -------------------
    SLICE_X50Y79         FDRE (Prop_fdre_C_Q)         0.259    -2.021 r  student_top_inst/u_KLDJ_top/ifu0/pc_reg_reg[2]/Q
                         net (fo=1023, routed)        0.491    -1.530    student_top_inst/u_KLDJ_top/u_bpu/u_gshare_btb_core/D[0]
    SLICE_X41Y81                                                      r  student_top_inst/u_KLDJ_top/u_bpu/u_gshare_btb_core/pht_reg_0_63_0_0_i_3/I1
    SLICE_X41Y81         LUT2 (Prop_lut2_I1_O)        0.043    -1.487 r  student_top_inst/u_KLDJ_top/u_bpu/u_gshare_btb_core/pht_reg_0_63_0_0_i_3/O
                         net (fo=18, routed)          0.992    -0.495    student_top_inst/u_KLDJ_top/u_bpu/u_gshare_btb_core/lookup_pht_idx[0]
    SLICE_X13Y104                                                     r  student_top_inst/u_KLDJ_top/u_bpu/u_gshare_btb_core/if_id_pred_taken_i_29/I4
    SLICE_X13Y104        LUT6 (Prop_lut6_I4_O)        0.043    -0.452 r  student_top_inst/u_KLDJ_top/u_bpu/u_gshare_btb_core/if_id_pred_taken_i_29/O
                         net (fo=1, routed)           0.534     0.082    student_top_inst/u_KLDJ_top/u_bpu/u_gshare_btb_core/if_id_pred_taken_i_29_n_0
    SLICE_X16Y103                                                     r  student_top_inst/u_KLDJ_top/u_bpu/u_gshare_btb_core/if_id_pred_taken_i_13/I1
    SLICE_X16Y103        LUT6 (Prop_lut6_I1_O)        0.043     0.125 r  student_top_inst/u_KLDJ_top/u_bpu/u_gshare_btb_core/if_id_pred_taken_i_13/O
                         net (fo=1, routed)           0.000     0.125    student_top_inst/u_KLDJ_top/u_bpu/u_gshare_btb_core/if_id_pred_taken_i_13_n_0
    SLICE_X16Y103                                                     r  student_top_inst/u_KLDJ_top/u_bpu/u_gshare_btb_core/if_id_pred_taken_reg_i_6/I1
    SLICE_X16Y103        MUXF7 (Prop_muxf7_I1_O)      0.103     0.228 r  student_top_inst/u_KLDJ_top/u_bpu/u_gshare_btb_core/if_id_pred_taken_reg_i_6/O
                         net (fo=1, routed)           0.807     1.035    student_top_inst/u_KLDJ_top/u_bpu/u_gshare_btb_core/if_id_pred_taken_reg_i_6_n_0
    SLICE_X25Y97                                                      r  student_top_inst/u_KLDJ_top/u_bpu/u_gshare_btb_core/if_id_pred_taken_i_3/I0
    SLICE_X25Y97         LUT5 (Prop_lut5_I0_O)        0.130     1.165 r  student_top_inst/u_KLDJ_top/u_bpu/u_gshare_btb_core/if_id_pred_taken_i_3/O
                         net (fo=1, routed)           0.453     1.618    student_top_inst/u_KLDJ_top/u_bpu/u_gshare_btb_core/lookup_pht_value__0[1]
    SLICE_X39Y96                                                      r  student_top_inst/u_KLDJ_top/u_bpu/u_gshare_btb_core/if_id_pred_taken_i_2/I0
    SLICE_X39Y96         LUT6 (Prop_lut6_I0_O)        0.132     1.750 r  student_top_inst/u_KLDJ_top/u_bpu/u_gshare_btb_core/if_id_pred_taken_i_2/O
                         net (fo=33, routed)          0.922     2.671    student_top_inst/u_KLDJ_top/ifu0/if_pred_taken
    SLICE_X53Y84                                                      r  student_top_inst/u_KLDJ_top/ifu0/pc_reg[26]_i_2/I1
    SLICE_X53Y84         LUT3 (Prop_lut3_I1_O)        0.043     2.714 r  student_top_inst/u_KLDJ_top/ifu0/pc_reg[26]_i_2/O
                         net (fo=1, routed)           0.000     2.714    student_top_inst/u_KLDJ_top/u_pipe_id_ex/dnpc[26]
    SLICE_X53Y84                                                      r  student_top_inst/u_KLDJ_top/u_pipe_id_ex/pc_reg_reg[26]_i_1/I0
    SLICE_X53Y84         MUXF7 (Prop_muxf7_I0_O)      0.120     2.834 r  student_top_inst/u_KLDJ_top/u_pipe_id_ex/pc_reg_reg[26]_i_1/O
                         net (fo=1, routed)           0.000     2.834    student_top_inst/u_KLDJ_top/ifu0/pc_reg_reg[31]_1[26]
    SLICE_X53Y84         FDRE                                         r  student_top_inst/u_KLDJ_top/ifu0/pc_reg_reg[26]/D
  -------------------------------------------------------------------    -------------------

                         (clock clk_out2_pll rise edge)
                                                      5.714     5.714 r  
    AD12                                              0.000     5.714 r  i_sys_clk_p (IN)
                         net (fo=0)                   0.000     5.714    pll_inst/inst/clk_in1_p
    AD12                                                              r  pll_inst/inst/clkin1_ibufgds/I
    AD12                 IBUFDS (Prop_ibufds_I_O)     0.803     6.518 r  pll_inst/inst/clkin1_ibufgds/O
                         net (fo=1, routed)           1.001     7.519    pll_inst/inst/clk_in1_pll
    PLLE2_ADV_X1Y1                                                    r  pll_inst/inst/plle2_adv_inst/CLKIN1
    PLLE2_ADV_X1Y1       PLLE2_ADV (Prop_plle2_adv_CLKIN1_CLKOUT1)
                                                     -7.261     0.258 r  pll_inst/inst/plle2_adv_inst/CLKOUT1
                         net (fo=1, routed)           2.003     2.261    pll_inst/inst/clk_out2_pll
    BUFGCTRL_X0Y0                                                     r  pll_inst/inst/clkout2_buf/I
    BUFGCTRL_X0Y0        BUFG (Prop_bufg_I_O)         0.083     2.344 r  pll_inst/inst/clkout2_buf/O
                         net (fo=5828, routed)        1.426     3.770    student_top_inst/u_KLDJ_top/ifu0/clk_out2
    SLICE_X53Y84         FDRE                                         r  student_top_inst/u_KLDJ_top/ifu0/pc_reg_reg[26]/C
                         clock pessimism             -0.373     3.397    
                         clock uncertainty           -0.077     3.320    
    SLICE_X53Y84         FDRE (Setup_fdre_C_D)        0.048     3.368    student_top_inst/u_KLDJ_top/ifu0/pc_reg_reg[26]
  -------------------------------------------------------------------
                         required time                          3.368    
                         arrival time                          -2.834    
  -------------------------------------------------------------------
                         slack                                  0.534    

Slack (MET) :             0.535ns  (required time - arrival time)
  Source:                 student_top_inst/u_KLDJ_top/ifu0/pc_reg_reg[2]/C
                            (rising edge-triggered cell FDRE clocked by clk_out2_pll  {rise@0.000ns fall@2.857ns period=5.714ns})
  Destination:            student_top_inst/u_KLDJ_top/ifu0/pc_reg_reg[29]/D
                            (rising edge-triggered cell FDRE clocked by clk_out2_pll  {rise@0.000ns fall@2.857ns period=5.714ns})
  Path Group:             clk_out2_pll
  Path Type:              Setup (Max at Slow Process Corner)
  Requirement:            5.714ns  (clk_out2_pll rise@5.714ns - clk_out2_pll rise@0.000ns)
  Data Path Delay:        5.099ns  (logic 0.839ns (16.453%)  route 4.260ns (83.547%))
  Logic Levels:           8  (LUT2=1 LUT3=1 LUT5=1 LUT6=4 MUXF7=1)
  Clock Path Skew:        -0.036ns (DCD - SCD + CPR)
    Destination Clock Delay (DCD):    -1.944ns = ( 3.771 - 5.714 ) 
    Source Clock Delay      (SCD):    -2.280ns
    Clock Pessimism Removal (CPR):    -0.373ns
  Clock Uncertainty:      0.077ns  ((TSJ^2 + DJ^2)^1/2) / 2 + PE
    Total System Jitter     (TSJ):    0.071ns
    Discrete Jitter          (DJ):    0.137ns
    Phase Error              (PE):    0.000ns

    Location             Delay type                Incr(ns)  Path(ns)    Netlist Resource(s)
  -------------------------------------------------------------------    -------------------
                         (clock clk_out2_pll rise edge)
                                                      0.000     0.000 r  
    AD12                                              0.000     0.000 r  i_sys_clk_p (IN)
                         net (fo=0)                   0.000     0.000    pll_inst/inst/clk_in1_p
    AD12                                                              r  pll_inst/inst/clkin1_ibufgds/I
    AD12                 IBUFDS (Prop_ibufds_I_O)     0.906     0.906 r  pll_inst/inst/clkin1_ibufgds/O
                         net (fo=1, routed)           1.098     2.004    pll_inst/inst/clk_in1_pll
    PLLE2_ADV_X1Y1                                                    r  pll_inst/inst/plle2_adv_inst/CLKIN1
    PLLE2_ADV_X1Y1       PLLE2_ADV (Prop_plle2_adv_CLKIN1_CLKOUT1)
                                                     -8.058    -6.054 r  pll_inst/inst/plle2_adv_inst/CLKOUT1
                         net (fo=1, routed)           2.128    -3.926    pll_inst/inst/clk_out2_pll
    BUFGCTRL_X0Y0                                                     r  pll_inst/inst/clkout2_buf/I
    BUFGCTRL_X0Y0        BUFG (Prop_bufg_I_O)         0.093    -3.833 r  pll_inst/inst/clkout2_buf/O
                         net (fo=5828, routed)        1.553    -2.280    student_top_inst/u_KLDJ_top/ifu0/clk_out2
    SLICE_X50Y79         FDRE                                         r  student_top_inst/u_KLDJ_top/ifu0/pc_reg_reg[2]/C
  -------------------------------------------------------------------    -------------------
    SLICE_X50Y79         FDRE (Prop_fdre_C_Q)         0.259    -2.021 r  student_top_inst/u_KLDJ_top/ifu0/pc_reg_reg[2]/Q
                         net (fo=1023, routed)        0.491    -1.530    student_top_inst/u_KLDJ_top/u_bpu/u_gshare_btb_core/D[0]
    SLICE_X41Y81                                                      r  student_top_inst/u_KLDJ_top/u_bpu/u_gshare_btb_core/pht_reg_0_63_0_0_i_3/I1
    SLICE_X41Y81         LUT2 (Prop_lut2_I1_O)        0.043    -1.487 r  student_top_inst/u_KLDJ_top/u_bpu/u_gshare_btb_core/pht_reg_0_63_0_0_i_3/O
                         net (fo=18, routed)          0.992    -0.495    student_top_inst/u_KLDJ_top/u_bpu/u_gshare_btb_core/lookup_pht_idx[0]
    SLICE_X13Y104                                                     r  student_top_inst/u_KLDJ_top/u_bpu/u_gshare_btb_core/if_id_pred_taken_i_29/I4
    SLICE_X13Y104        LUT6 (Prop_lut6_I4_O)        0.043    -0.452 r  student_top_inst/u_KLDJ_top/u_bpu/u_gshare_btb_core/if_id_pred_taken_i_29/O
                         net (fo=1, routed)           0.534     0.082    student_top_inst/u_KLDJ_top/u_bpu/u_gshare_btb_core/if_id_pred_taken_i_29_n_0
    SLICE_X16Y103                                                     r  student_top_inst/u_KLDJ_top/u_bpu/u_gshare_btb_core/if_id_pred_taken_i_13/I1
    SLICE_X16Y103        LUT6 (Prop_lut6_I1_O)        0.043     0.125 r  student_top_inst/u_KLDJ_top/u_bpu/u_gshare_btb_core/if_id_pred_taken_i_13/O
                         net (fo=1, routed)           0.000     0.125    student_top_inst/u_KLDJ_top/u_bpu/u_gshare_btb_core/if_id_pred_taken_i_13_n_0
    SLICE_X16Y103                                                     r  student_top_inst/u_KLDJ_top/u_bpu/u_gshare_btb_core/if_id_pred_taken_reg_i_6/I1
    SLICE_X16Y103        MUXF7 (Prop_muxf7_I1_O)      0.103     0.228 r  student_top_inst/u_KLDJ_top/u_bpu/u_gshare_btb_core/if_id_pred_taken_reg_i_6/O
                         net (fo=1, routed)           0.807     1.035    student_top_inst/u_KLDJ_top/u_bpu/u_gshare_btb_core/if_id_pred_taken_reg_i_6_n_0
    SLICE_X25Y97                                                      r  student_top_inst/u_KLDJ_top/u_bpu/u_gshare_btb_core/if_id_pred_taken_i_3/I0
    SLICE_X25Y97         LUT5 (Prop_lut5_I0_O)        0.130     1.165 r  student_top_inst/u_KLDJ_top/u_bpu/u_gshare_btb_core/if_id_pred_taken_i_3/O
                         net (fo=1, routed)           0.453     1.618    student_top_inst/u_KLDJ_top/u_bpu/u_gshare_btb_core/lookup_pht_value__0[1]
    SLICE_X39Y96                                                      r  student_top_inst/u_KLDJ_top/u_bpu/u_gshare_btb_core/if_id_pred_taken_i_2/I0
    SLICE_X39Y96         LUT6 (Prop_lut6_I0_O)        0.132     1.750 r  student_top_inst/u_KLDJ_top/u_bpu/u_gshare_btb_core/if_id_pred_taken_i_2/O
                         net (fo=33, routed)          0.789     2.538    student_top_inst/u_KLDJ_top/ifu0/if_pred_taken
    SLICE_X53Y85                                                      r  student_top_inst/u_KLDJ_top/ifu0/pc_reg[29]_i_6/I1
    SLICE_X53Y85         LUT3 (Prop_lut3_I1_O)        0.043     2.581 r  student_top_inst/u_KLDJ_top/ifu0/pc_reg[29]_i_6/O
                         net (fo=1, routed)           0.195     2.776    student_top_inst/u_KLDJ_top/u_pipe_id_ex/dnpc[29]
    SLICE_X53Y85                                                      r  student_top_inst/u_KLDJ_top/u_pipe_id_ex/pc_reg[29]_i_1/I5
    SLICE_X53Y85         LUT6 (Prop_lut6_I5_O)        0.043     2.819 r  student_top_inst/u_KLDJ_top/u_pipe_id_ex/pc_reg[29]_i_1/O
                         net (fo=1, routed)           0.000     2.819    student_top_inst/u_KLDJ_top/ifu0/pc_reg_reg[31]_1[29]
    SLICE_X53Y85         FDRE                                         r  student_top_inst/u_KLDJ_top/ifu0/pc_reg_reg[29]/D
  -------------------------------------------------------------------    -------------------

                         (clock clk_out2_pll rise edge)
                                                      5.714     5.714 r  
    AD12                                              0.000     5.714 r  i_sys_clk_p (IN)
                         net (fo=0)                   0.000     5.714    pll_inst/inst/clk_in1_p
    AD12                                                              r  pll_inst/inst/clkin1_ibufgds/I
    AD12                 IBUFDS (Prop_ibufds_I_O)     0.803     6.518 r  pll_inst/inst/clkin1_ibufgds/O
                         net (fo=1, routed)           1.001     7.519    pll_inst/inst/clk_in1_pll
    PLLE2_ADV_X1Y1                                                    r  pll_inst/inst/plle2_adv_inst/CLKIN1
    PLLE2_ADV_X1Y1       PLLE2_ADV (Prop_plle2_adv_CLKIN1_CLKOUT1)
                                                     -7.261     0.258 r  pll_inst/inst/plle2_adv_inst/CLKOUT1
                         net (fo=1, routed)           2.003     2.261    pll_inst/inst/clk_out2_pll
    BUFGCTRL_X0Y0                                                     r  pll_inst/inst/clkout2_buf/I
    BUFGCTRL_X0Y0        BUFG (Prop_bufg_I_O)         0.083     2.344 r  pll_inst/inst/clkout2_buf/O
                         net (fo=5828, routed)        1.427     3.771    student_top_inst/u_KLDJ_top/ifu0/clk_out2
    SLICE_X53Y85         FDRE                                         r  student_top_inst/u_KLDJ_top/ifu0/pc_reg_reg[29]/C
                         clock pessimism             -0.373     3.398    
                         clock uncertainty           -0.077     3.321    
    SLICE_X53Y85         FDRE (Setup_fdre_C_D)        0.033     3.354    student_top_inst/u_KLDJ_top/ifu0/pc_reg_reg[29]
  -------------------------------------------------------------------
                         required time                          3.354    
                         arrival time                          -2.819    
  -------------------------------------------------------------------
                         slack                                  0.535    

Slack (MET) :             0.593ns  (required time - arrival time)
  Source:                 student_top_inst/u_KLDJ_top/ifu0/pc_reg_reg[2]/C
                            (rising edge-triggered cell FDRE clocked by clk_out2_pll  {rise@0.000ns fall@2.857ns period=5.714ns})
  Destination:            student_top_inst/u_KLDJ_top/ifu0/pc_reg_reg[15]/D
                            (rising edge-triggered cell FDRE clocked by clk_out2_pll  {rise@0.000ns fall@2.857ns period=5.714ns})
  Path Group:             clk_out2_pll
  Path Type:              Setup (Max at Slow Process Corner)
  Requirement:            5.714ns  (clk_out2_pll rise@5.714ns - clk_out2_pll rise@0.000ns)
  Data Path Delay:        5.111ns  (logic 0.903ns (17.670%)  route 4.208ns (82.330%))
  Logic Levels:           8  (LUT2=1 LUT3=1 LUT5=1 LUT6=3 MUXF7=2)
  Clock Path Skew:        0.018ns (DCD - SCD + CPR)
    Destination Clock Delay (DCD):    -1.890ns = ( 3.825 - 5.714 ) 
    Source Clock Delay      (SCD):    -2.280ns
    Clock Pessimism Removal (CPR):    -0.373ns
  Clock Uncertainty:      0.077ns  ((TSJ^2 + DJ^2)^1/2) / 2 + PE
    Total System Jitter     (TSJ):    0.071ns
    Discrete Jitter          (DJ):    0.137ns
    Phase Error              (PE):    0.000ns

    Location             Delay type                Incr(ns)  Path(ns)    Netlist Resource(s)
  -------------------------------------------------------------------    -------------------
                         (clock clk_out2_pll rise edge)
                                                      0.000     0.000 r  
    AD12                                              0.000     0.000 r  i_sys_clk_p (IN)
                         net (fo=0)                   0.000     0.000    pll_inst/inst/clk_in1_p
    AD12                                                              r  pll_inst/inst/clkin1_ibufgds/I
    AD12                 IBUFDS (Prop_ibufds_I_O)     0.906     0.906 r  pll_inst/inst/clkin1_ibufgds/O
                         net (fo=1, routed)           1.098     2.004    pll_inst/inst/clk_in1_pll
    PLLE2_ADV_X1Y1                                                    r  pll_inst/inst/plle2_adv_inst/CLKIN1
    PLLE2_ADV_X1Y1       PLLE2_ADV (Prop_plle2_adv_CLKIN1_CLKOUT1)
                                                     -8.058    -6.054 r  pll_inst/inst/plle2_adv_inst/CLKOUT1
                         net (fo=1, routed)           2.128    -3.926    pll_inst/inst/clk_out2_pll
    BUFGCTRL_X0Y0                                                     r  pll_inst/inst/clkout2_buf/I
    BUFGCTRL_X0Y0        BUFG (Prop_bufg_I_O)         0.093    -3.833 r  pll_inst/inst/clkout2_buf/O
                         net (fo=5828, routed)        1.553    -2.280    student_top_inst/u_KLDJ_top/ifu0/clk_out2
    SLICE_X50Y79         FDRE                                         r  student_top_inst/u_KLDJ_top/ifu0/pc_reg_reg[2]/C
  -------------------------------------------------------------------    -------------------
    SLICE_X50Y79         FDRE (Prop_fdre_C_Q)         0.259    -2.021 r  student_top_inst/u_KLDJ_top/ifu0/pc_reg_reg[2]/Q
                         net (fo=1023, routed)        0.491    -1.530    student_top_inst/u_KLDJ_top/u_bpu/u_gshare_btb_core/D[0]
    SLICE_X41Y81                                                      r  student_top_inst/u_KLDJ_top/u_bpu/u_gshare_btb_core/pht_reg_0_63_0_0_i_3/I1
    SLICE_X41Y81         LUT2 (Prop_lut2_I1_O)        0.043    -1.487 r  student_top_inst/u_KLDJ_top/u_bpu/u_gshare_btb_core/pht_reg_0_63_0_0_i_3/O
                         net (fo=18, routed)          0.992    -0.495    student_top_inst/u_KLDJ_top/u_bpu/u_gshare_btb_core/lookup_pht_idx[0]
    SLICE_X13Y104                                                     r  student_top_inst/u_KLDJ_top/u_bpu/u_gshare_btb_core/if_id_pred_taken_i_29/I4
    SLICE_X13Y104        LUT6 (Prop_lut6_I4_O)        0.043    -0.452 r  student_top_inst/u_KLDJ_top/u_bpu/u_gshare_btb_core/if_id_pred_taken_i_29/O
                         net (fo=1, routed)           0.534     0.082    student_top_inst/u_KLDJ_top/u_bpu/u_gshare_btb_core/if_id_pred_taken_i_29_n_0
    SLICE_X16Y103                                                     r  student_top_inst/u_KLDJ_top/u_bpu/u_gshare_btb_core/if_id_pred_taken_i_13/I1
    SLICE_X16Y103        LUT6 (Prop_lut6_I1_O)        0.043     0.125 r  student_top_inst/u_KLDJ_top/u_bpu/u_gshare_btb_core/if_id_pred_taken_i_13/O
                         net (fo=1, routed)           0.000     0.125    student_top_inst/u_KLDJ_top/u_bpu/u_gshare_btb_core/if_id_pred_taken_i_13_n_0
    SLICE_X16Y103                                                     r  student_top_inst/u_KLDJ_top/u_bpu/u_gshare_btb_core/if_id_pred_taken_reg_i_6/I1
    SLICE_X16Y103        MUXF7 (Prop_muxf7_I1_O)      0.103     0.228 r  student_top_inst/u_KLDJ_top/u_bpu/u_gshare_btb_core/if_id_pred_taken_reg_i_6/O
                         net (fo=1, routed)           0.807     1.035    student_top_inst/u_KLDJ_top/u_bpu/u_gshare_btb_core/if_id_pred_taken_reg_i_6_n_0
    SLICE_X25Y97                                                      r  student_top_inst/u_KLDJ_top/u_bpu/u_gshare_btb_core/if_id_pred_taken_i_3/I0
    SLICE_X25Y97         LUT5 (Prop_lut5_I0_O)        0.130     1.165 r  student_top_inst/u_KLDJ_top/u_bpu/u_gshare_btb_core/if_id_pred_taken_i_3/O
                         net (fo=1, routed)           0.453     1.618    student_top_inst/u_KLDJ_top/u_bpu/u_gshare_btb_core/lookup_pht_value__0[1]
    SLICE_X39Y96                                                      r  student_top_inst/u_KLDJ_top/u_bpu/u_gshare_btb_core/if_id_pred_taken_i_2/I0
    SLICE_X39Y96         LUT6 (Prop_lut6_I0_O)        0.132     1.750 r  student_top_inst/u_KLDJ_top/u_bpu/u_gshare_btb_core/if_id_pred_taken_i_2/O
                         net (fo=33, routed)          0.930     2.680    student_top_inst/u_KLDJ_top/ifu0/if_pred_taken
    SLICE_X48Y69                                                      r  student_top_inst/u_KLDJ_top/ifu0/pc_reg[15]_i_2/I1
    SLICE_X48Y69         LUT3 (Prop_lut3_I1_O)        0.043     2.723 r  student_top_inst/u_KLDJ_top/ifu0/pc_reg[15]_i_2/O
                         net (fo=1, routed)           0.000     2.723    student_top_inst/u_KLDJ_top/u_pipe_id_ex/dnpc[15]
    SLICE_X48Y69                                                      r  student_top_inst/u_KLDJ_top/u_pipe_id_ex/pc_reg_reg[15]_i_1/I0
    SLICE_X48Y69         MUXF7 (Prop_muxf7_I0_O)      0.107     2.830 r  student_top_inst/u_KLDJ_top/u_pipe_id_ex/pc_reg_reg[15]_i_1/O
                         net (fo=1, routed)           0.000     2.830    student_top_inst/u_KLDJ_top/ifu0/pc_reg_reg[31]_1[15]
    SLICE_X48Y69         FDRE                                         r  student_top_inst/u_KLDJ_top/ifu0/pc_reg_reg[15]/D
  -------------------------------------------------------------------    -------------------

                         (clock clk_out2_pll rise edge)
                                                      5.714     5.714 r  
    AD12                                              0.000     5.714 r  i_sys_clk_p (IN)
                         net (fo=0)                   0.000     5.714    pll_inst/inst/clk_in1_p
    AD12                                                              r  pll_inst/inst/clkin1_ibufgds/I
    AD12                 IBUFDS (Prop_ibufds_I_O)     0.803     6.518 r  pll_inst/inst/clkin1_ibufgds/O
                         net (fo=1, routed)           1.001     7.519    pll_inst/inst/clk_in1_pll
    PLLE2_ADV_X1Y1                                                    r  pll_inst/inst/plle2_adv_inst/CLKIN1
    PLLE2_ADV_X1Y1       PLLE2_ADV (Prop_plle2_adv_CLKIN1_CLKOUT1)
                                                     -7.261     0.258 r  pll_inst/inst/plle2_adv_inst/CLKOUT1
                         net (fo=1, routed)           2.003     2.261    pll_inst/inst/clk_out2_pll
    BUFGCTRL_X0Y0                                                     r  pll_inst/inst/clkout2_buf/I
    BUFGCTRL_X0Y0        BUFG (Prop_bufg_I_O)         0.083     2.344 r  pll_inst/inst/clkout2_buf/O
                         net (fo=5828, routed)        1.481     3.825    student_top_inst/u_KLDJ_top/ifu0/clk_out2
    SLICE_X48Y69         FDRE                                         r  student_top_inst/u_KLDJ_top/ifu0/pc_reg_reg[15]/C
                         clock pessimism             -0.373     3.452    
                         clock uncertainty           -0.077     3.375    
    SLICE_X48Y69         FDRE (Setup_fdre_C_D)        0.048     3.423    student_top_inst/u_KLDJ_top/ifu0/pc_reg_reg[15]
  -------------------------------------------------------------------
                         required time                          3.423    
                         arrival time                          -2.830    
  -------------------------------------------------------------------
                         slack                                  0.593    

Slack (MET) :             0.606ns  (required time - arrival time)
  Source:                 student_top_inst/u_KLDJ_top/ifu0/pc_reg_reg[2]/C
                            (rising edge-triggered cell FDRE clocked by clk_out2_pll  {rise@0.000ns fall@2.857ns period=5.714ns})
  Destination:            student_top_inst/u_KLDJ_top/ifu0/pc_reg_reg[0]/D
                            (rising edge-triggered cell FDRE clocked by clk_out2_pll  {rise@0.000ns fall@2.857ns period=5.714ns})
  Path Group:             clk_out2_pll
  Path Type:              Setup (Max at Slow Process Corner)
  Requirement:            5.714ns  (clk_out2_pll rise@5.714ns - clk_out2_pll rise@0.000ns)
  Data Path Delay:        5.125ns  (logic 0.897ns (17.503%)  route 4.228ns (82.497%))
  Logic Levels:           8  (LUT2=1 LUT3=1 LUT5=1 LUT6=3 MUXF7=2)
  Clock Path Skew:        0.018ns (DCD - SCD + CPR)
    Destination Clock Delay (DCD):    -1.890ns = ( 3.825 - 5.714 ) 
    Source Clock Delay      (SCD):    -2.280ns
    Clock Pessimism Removal (CPR):    -0.373ns
  Clock Uncertainty:      0.077ns  ((TSJ^2 + DJ^2)^1/2) / 2 + PE
    Total System Jitter     (TSJ):    0.071ns
    Discrete Jitter          (DJ):    0.137ns
    Phase Error              (PE):    0.000ns

    Location             Delay type                Incr(ns)  Path(ns)    Netlist Resource(s)
  -------------------------------------------------------------------    -------------------
                         (clock clk_out2_pll rise edge)
                                                      0.000     0.000 r  
    AD12                                              0.000     0.000 r  i_sys_clk_p (IN)
                         net (fo=0)                   0.000     0.000    pll_inst/inst/clk_in1_p
    AD12                                                              r  pll_inst/inst/clkin1_ibufgds/I
    AD12                 IBUFDS (Prop_ibufds_I_O)     0.906     0.906 r  pll_inst/inst/clkin1_ibufgds/O
                         net (fo=1, routed)           1.098     2.004    pll_inst/inst/clk_in1_pll
    PLLE2_ADV_X1Y1                                                    r  pll_inst/inst/plle2_adv_inst/CLKIN1
    PLLE2_ADV_X1Y1       PLLE2_ADV (Prop_plle2_adv_CLKIN1_CLKOUT1)
                                                     -8.058    -6.054 r  pll_inst/inst/plle2_adv_inst/CLKOUT1
                         net (fo=1, routed)           2.128    -3.926    pll_inst/inst/clk_out2_pll
    BUFGCTRL_X0Y0                                                     r  pll_inst/inst/clkout2_buf/I
    BUFGCTRL_X0Y0        BUFG (Prop_bufg_I_O)         0.093    -3.833 r  pll_inst/inst/clkout2_buf/O
                         net (fo=5828, routed)        1.553    -2.280    student_top_inst/u_KLDJ_top/ifu0/clk_out2
    SLICE_X50Y79         FDRE                                         r  student_top_inst/u_KLDJ_top/ifu0/pc_reg_reg[2]/C
  -------------------------------------------------------------------    -------------------
    SLICE_X50Y79         FDRE (Prop_fdre_C_Q)         0.259    -2.021 r  student_top_inst/u_KLDJ_top/ifu0/pc_reg_reg[2]/Q
                         net (fo=1023, routed)        0.491    -1.530    student_top_inst/u_KLDJ_top/u_bpu/u_gshare_btb_core/D[0]
    SLICE_X41Y81                                                      r  student_top_inst/u_KLDJ_top/u_bpu/u_gshare_btb_core/pht_reg_0_63_0_0_i_3/I1
    SLICE_X41Y81         LUT2 (Prop_lut2_I1_O)        0.043    -1.487 r  student_top_inst/u_KLDJ_top/u_bpu/u_gshare_btb_core/pht_reg_0_63_0_0_i_3/O
                         net (fo=18, routed)          0.992    -0.495    student_top_inst/u_KLDJ_top/u_bpu/u_gshare_btb_core/lookup_pht_idx[0]
    SLICE_X13Y104                                                     r  student_top_inst/u_KLDJ_top/u_bpu/u_gshare_btb_core/if_id_pred_taken_i_29/I4
    SLICE_X13Y104        LUT6 (Prop_lut6_I4_O)        0.043    -0.452 r  student_top_inst/u_KLDJ_top/u_bpu/u_gshare_btb_core/if_id_pred_taken_i_29/O
                         net (fo=1, routed)           0.534     0.082    student_top_inst/u_KLDJ_top/u_bpu/u_gshare_btb_core/if_id_pred_taken_i_29_n_0
    SLICE_X16Y103                                                     r  student_top_inst/u_KLDJ_top/u_bpu/u_gshare_btb_core/if_id_pred_taken_i_13/I1
    SLICE_X16Y103        LUT6 (Prop_lut6_I1_O)        0.043     0.125 r  student_top_inst/u_KLDJ_top/u_bpu/u_gshare_btb_core/if_id_pred_taken_i_13/O
                         net (fo=1, routed)           0.000     0.125    student_top_inst/u_KLDJ_top/u_bpu/u_gshare_btb_core/if_id_pred_taken_i_13_n_0
    SLICE_X16Y103                                                     r  student_top_inst/u_KLDJ_top/u_bpu/u_gshare_btb_core/if_id_pred_taken_reg_i_6/I1
    SLICE_X16Y103        MUXF7 (Prop_muxf7_I1_O)      0.103     0.228 r  student_top_inst/u_KLDJ_top/u_bpu/u_gshare_btb_core/if_id_pred_taken_reg_i_6/O
                         net (fo=1, routed)           0.807     1.035    student_top_inst/u_KLDJ_top/u_bpu/u_gshare_btb_core/if_id_pred_taken_reg_i_6_n_0
    SLICE_X25Y97                                                      r  student_top_inst/u_KLDJ_top/u_bpu/u_gshare_btb_core/if_id_pred_taken_i_3/I0
    SLICE_X25Y97         LUT5 (Prop_lut5_I0_O)        0.130     1.165 r  student_top_inst/u_KLDJ_top/u_bpu/u_gshare_btb_core/if_id_pred_taken_i_3/O
                         net (fo=1, routed)           0.453     1.618    student_top_inst/u_KLDJ_top/u_bpu/u_gshare_btb_core/lookup_pht_value__0[1]
    SLICE_X39Y96                                                      r  student_top_inst/u_KLDJ_top/u_bpu/u_gshare_btb_core/if_id_pred_taken_i_2/I0
    SLICE_X39Y96         LUT6 (Prop_lut6_I0_O)        0.132     1.750 r  student_top_inst/u_KLDJ_top/u_bpu/u_gshare_btb_core/if_id_pred_taken_i_2/O
                         net (fo=33, routed)          0.951     2.701    student_top_inst/u_KLDJ_top/ifu0/if_pred_taken
    SLICE_X46Y69                                                      r  student_top_inst/u_KLDJ_top/ifu0/pc_reg[0]_i_2/I1
    SLICE_X46Y69         LUT3 (Prop_lut3_I1_O)        0.043     2.744 r  student_top_inst/u_KLDJ_top/ifu0/pc_reg[0]_i_2/O
                         net (fo=1, routed)           0.000     2.744    student_top_inst/u_KLDJ_top/u_pipe_id_ex/dnpc[0]
    SLICE_X46Y69                                                      r  student_top_inst/u_KLDJ_top/u_pipe_id_ex/pc_reg_reg[0]_i_1/I0
    SLICE_X46Y69         MUXF7 (Prop_muxf7_I0_O)      0.101     2.845 r  student_top_inst/u_KLDJ_top/u_pipe_id_ex/pc_reg_reg[0]_i_1/O
                         net (fo=1, routed)           0.000     2.845    student_top_inst/u_KLDJ_top/ifu0/pc_reg_reg[31]_1[0]
    SLICE_X46Y69         FDRE                                         r  student_top_inst/u_KLDJ_top/ifu0/pc_reg_reg[0]/D
  -------------------------------------------------------------------    -------------------

                         (clock clk_out2_pll rise edge)
                                                      5.714     5.714 r  
    AD12                                              0.000     5.714 r  i_sys_clk_p (IN)
                         net (fo=0)                   0.000     5.714    pll_inst/inst/clk_in1_p
    AD12                                                              r  pll_inst/inst/clkin1_ibufgds/I
    AD12                 IBUFDS (Prop_ibufds_I_O)     0.803     6.518 r  pll_inst/inst/clkin1_ibufgds/O
                         net (fo=1, routed)           1.001     7.519    pll_inst/inst/clk_in1_pll
    PLLE2_ADV_X1Y1                                                    r  pll_inst/inst/plle2_adv_inst/CLKIN1
    PLLE2_ADV_X1Y1       PLLE2_ADV (Prop_plle2_adv_CLKIN1_CLKOUT1)
                                                     -7.261     0.258 r  pll_inst/inst/plle2_adv_inst/CLKOUT1
                         net (fo=1, routed)           2.003     2.261    pll_inst/inst/clk_out2_pll
    BUFGCTRL_X0Y0                                                     r  pll_inst/inst/clkout2_buf/I
    BUFGCTRL_X0Y0        BUFG (Prop_bufg_I_O)         0.083     2.344 r  pll_inst/inst/clkout2_buf/O
                         net (fo=5828, routed)        1.481     3.825    student_top_inst/u_KLDJ_top/ifu0/clk_out2
    SLICE_X46Y69         FDRE                                         r  student_top_inst/u_KLDJ_top/ifu0/pc_reg_reg[0]/C
                         clock pessimism             -0.373     3.452    
                         clock uncertainty           -0.077     3.375    
    SLICE_X46Y69         FDRE (Setup_fdre_C_D)        0.076     3.451    student_top_inst/u_KLDJ_top/ifu0/pc_reg_reg[0]
  -------------------------------------------------------------------
                         required time                          3.451    
                         arrival time                          -2.845    
  -------------------------------------------------------------------
                         slack                                  0.606    

Slack (MET) :             0.609ns  (required time - arrival time)
  Source:                 student_top_inst/u_KLDJ_top/ifu0/pc_reg_reg[2]/C
                            (rising edge-triggered cell FDRE clocked by clk_out2_pll  {rise@0.000ns fall@2.857ns period=5.714ns})
  Destination:            student_top_inst/u_KLDJ_top/ifu0/pc_reg_reg[18]/D
                            (rising edge-triggered cell FDRE clocked by clk_out2_pll  {rise@0.000ns fall@2.857ns period=5.714ns})
  Path Group:             clk_out2_pll
  Path Type:              Setup (Max at Slow Process Corner)
  Requirement:            5.714ns  (clk_out2_pll rise@5.714ns - clk_out2_pll rise@0.000ns)
  Data Path Delay:        5.091ns  (logic 0.903ns (17.738%)  route 4.188ns (82.262%))
  Logic Levels:           8  (LUT2=1 LUT3=1 LUT5=1 LUT6=3 MUXF7=2)
  Clock Path Skew:        0.015ns (DCD - SCD + CPR)
    Destination Clock Delay (DCD):    -1.893ns = ( 3.822 - 5.714 ) 
    Source Clock Delay      (SCD):    -2.280ns
    Clock Pessimism Removal (CPR):    -0.373ns
  Clock Uncertainty:      0.077ns  ((TSJ^2 + DJ^2)^1/2) / 2 + PE
    Total System Jitter     (TSJ):    0.071ns
    Discrete Jitter          (DJ):    0.137ns
    Phase Error              (PE):    0.000ns

    Location             Delay type                Incr(ns)  Path(ns)    Netlist Resource(s)
  -------------------------------------------------------------------    -------------------
                         (clock clk_out2_pll rise edge)
                                                      0.000     0.000 r  
    AD12                                              0.000     0.000 r  i_sys_clk_p (IN)
                         net (fo=0)                   0.000     0.000    pll_inst/inst/clk_in1_p
    AD12                                                              r  pll_inst/inst/clkin1_ibufgds/I
    AD12                 IBUFDS (Prop_ibufds_I_O)     0.906     0.906 r  pll_inst/inst/clkin1_ibufgds/O
                         net (fo=1, routed)           1.098     2.004    pll_inst/inst/clk_in1_pll
    PLLE2_ADV_X1Y1                                                    r  pll_inst/inst/plle2_adv_inst/CLKIN1
    PLLE2_ADV_X1Y1       PLLE2_ADV (Prop_plle2_adv_CLKIN1_CLKOUT1)
                                                     -8.058    -6.054 r  pll_inst/inst/plle2_adv_inst/CLKOUT1
                         net (fo=1, routed)           2.128    -3.926    pll_inst/inst/clk_out2_pll
    BUFGCTRL_X0Y0                                                     r  pll_inst/inst/clkout2_buf/I
    BUFGCTRL_X0Y0        BUFG (Prop_bufg_I_O)         0.093    -3.833 r  pll_inst/inst/clkout2_buf/O
                         net (fo=5828, routed)        1.553    -2.280    student_top_inst/u_KLDJ_top/ifu0/clk_out2
    SLICE_X50Y79         FDRE                                         r  student_top_inst/u_KLDJ_top/ifu0/pc_reg_reg[2]/C
  -------------------------------------------------------------------    -------------------
    SLICE_X50Y79         FDRE (Prop_fdre_C_Q)         0.259    -2.021 r  student_top_inst/u_KLDJ_top/ifu0/pc_reg_reg[2]/Q
                         net (fo=1023, routed)        0.491    -1.530    student_top_inst/u_KLDJ_top/u_bpu/u_gshare_btb_core/D[0]
    SLICE_X41Y81                                                      r  student_top_inst/u_KLDJ_top/u_bpu/u_gshare_btb_core/pht_reg_0_63_0_0_i_3/I1
    SLICE_X41Y81         LUT2 (Prop_lut2_I1_O)        0.043    -1.487 r  student_top_inst/u_KLDJ_top/u_bpu/u_gshare_btb_core/pht_reg_0_63_0_0_i_3/O
                         net (fo=18, routed)          0.992    -0.495    student_top_inst/u_KLDJ_top/u_bpu/u_gshare_btb_core/lookup_pht_idx[0]
    SLICE_X13Y104                                                     r  student_top_inst/u_KLDJ_top/u_bpu/u_gshare_btb_core/if_id_pred_taken_i_29/I4
    SLICE_X13Y104        LUT6 (Prop_lut6_I4_O)        0.043    -0.452 r  student_top_inst/u_KLDJ_top/u_bpu/u_gshare_btb_core/if_id_pred_taken_i_29/O
                         net (fo=1, routed)           0.534     0.082    student_top_inst/u_KLDJ_top/u_bpu/u_gshare_btb_core/if_id_pred_taken_i_29_n_0
    SLICE_X16Y103                                                     r  student_top_inst/u_KLDJ_top/u_bpu/u_gshare_btb_core/if_id_pred_taken_i_13/I1
    SLICE_X16Y103        LUT6 (Prop_lut6_I1_O)        0.043     0.125 r  student_top_inst/u_KLDJ_top/u_bpu/u_gshare_btb_core/if_id_pred_taken_i_13/O
                         net (fo=1, routed)           0.000     0.125    student_top_inst/u_KLDJ_top/u_bpu/u_gshare_btb_core/if_id_pred_taken_i_13_n_0
    SLICE_X16Y103                                                     r  student_top_inst/u_KLDJ_top/u_bpu/u_gshare_btb_core/if_id_pred_taken_reg_i_6/I1
    SLICE_X16Y103        MUXF7 (Prop_muxf7_I1_O)      0.103     0.228 r  student_top_inst/u_KLDJ_top/u_bpu/u_gshare_btb_core/if_id_pred_taken_reg_i_6/O
                         net (fo=1, routed)           0.807     1.035    student_top_inst/u_KLDJ_top/u_bpu/u_gshare_btb_core/if_id_pred_taken_reg_i_6_n_0
    SLICE_X25Y97                                                      r  student_top_inst/u_KLDJ_top/u_bpu/u_gshare_btb_core/if_id_pred_taken_i_3/I0
    SLICE_X25Y97         LUT5 (Prop_lut5_I0_O)        0.130     1.165 r  student_top_inst/u_KLDJ_top/u_bpu/u_gshare_btb_core/if_id_pred_taken_i_3/O
                         net (fo=1, routed)           0.453     1.618    student_top_inst/u_KLDJ_top/u_bpu/u_gshare_btb_core/lookup_pht_value__0[1]
    SLICE_X39Y96                                                      r  student_top_inst/u_KLDJ_top/u_bpu/u_gshare_btb_core/if_id_pred_taken_i_2/I0
    SLICE_X39Y96         LUT6 (Prop_lut6_I0_O)        0.132     1.750 r  student_top_inst/u_KLDJ_top/u_bpu/u_gshare_btb_core/if_id_pred_taken_i_2/O
                         net (fo=33, routed)          0.911     2.661    student_top_inst/u_KLDJ_top/ifu0/if_pred_taken
    SLICE_X49Y71                                                      r  student_top_inst/u_KLDJ_top/ifu0/pc_reg[18]_i_2/I1
    SLICE_X49Y71         LUT3 (Prop_lut3_I1_O)        0.043     2.704 r  student_top_inst/u_KLDJ_top/ifu0/pc_reg[18]_i_2/O
                         net (fo=1, routed)           0.000     2.704    student_top_inst/u_KLDJ_top/u_pipe_id_ex/dnpc[18]
    SLICE_X49Y71                                                      r  student_top_inst/u_KLDJ_top/u_pipe_id_ex/pc_reg_reg[18]_i_1/I0
    SLICE_X49Y71         MUXF7 (Prop_muxf7_I0_O)      0.107     2.811 r  student_top_inst/u_KLDJ_top/u_pipe_id_ex/pc_reg_reg[18]_i_1/O
                         net (fo=1, routed)           0.000     2.811    student_top_inst/u_KLDJ_top/ifu0/pc_reg_reg[31]_1[18]
    SLICE_X49Y71         FDRE                                         r  student_top_inst/u_KLDJ_top/ifu0/pc_reg_reg[18]/D
  -------------------------------------------------------------------    -------------------

                         (clock clk_out2_pll rise edge)
                                                      5.714     5.714 r  
    AD12                                              0.000     5.714 r  i_sys_clk_p (IN)
                         net (fo=0)                   0.000     5.714    pll_inst/inst/clk_in1_p
    AD12                                                              r  pll_inst/inst/clkin1_ibufgds/I
    AD12                 IBUFDS (Prop_ibufds_I_O)     0.803     6.518 r  pll_inst/inst/clkin1_ibufgds/O
                         net (fo=1, routed)           1.001     7.519    pll_inst/inst/clk_in1_pll
    PLLE2_ADV_X1Y1                                                    r  pll_inst/inst/plle2_adv_inst/CLKIN1
    PLLE2_ADV_X1Y1       PLLE2_ADV (Prop_plle2_adv_CLKIN1_CLKOUT1)
                                                     -7.261     0.258 r  pll_inst/inst/plle2_adv_inst/CLKOUT1
                         net (fo=1, routed)           2.003     2.261    pll_inst/inst/clk_out2_pll
    BUFGCTRL_X0Y0                                                     r  pll_inst/inst/clkout2_buf/I
    BUFGCTRL_X0Y0        BUFG (Prop_bufg_I_O)         0.083     2.344 r  pll_inst/inst/clkout2_buf/O
                         net (fo=5828, routed)        1.478     3.822    student_top_inst/u_KLDJ_top/ifu0/clk_out2
    SLICE_X49Y71         FDRE                                         r  student_top_inst/u_KLDJ_top/ifu0/pc_reg_reg[18]/C
                         clock pessimism             -0.373     3.449    
                         clock uncertainty           -0.077     3.372    
    SLICE_X49Y71         FDRE (Setup_fdre_C_D)        0.048     3.420    student_top_inst/u_KLDJ_top/ifu0/pc_reg_reg[18]
  -------------------------------------------------------------------
                         required time                          3.420    
                         arrival time                          -2.811    
  -------------------------------------------------------------------
                         slack                                  0.609    

Slack (MET) :             0.615ns  (required time - arrival time)
  Source:                 student_top_inst/u_KLDJ_top/ifu0/pc_reg_reg[2]/C
                            (rising edge-triggered cell FDRE clocked by clk_out2_pll  {rise@0.000ns fall@2.857ns period=5.714ns})
  Destination:            student_top_inst/u_KLDJ_top/ifu0/pc_reg_reg[23]/D
                            (rising edge-triggered cell FDRE clocked by clk_out2_pll  {rise@0.000ns fall@2.857ns period=5.714ns})
  Path Group:             clk_out2_pll
  Path Type:              Setup (Max at Slow Process Corner)
  Requirement:            5.714ns  (clk_out2_pll rise@5.714ns - clk_out2_pll rise@0.000ns)
  Data Path Delay:        5.083ns  (logic 0.903ns (17.764%)  route 4.180ns (82.236%))
  Logic Levels:           8  (LUT2=1 LUT3=1 LUT5=1 LUT6=3 MUXF7=2)
  Clock Path Skew:        0.013ns (DCD - SCD + CPR)
    Destination Clock Delay (DCD):    -1.895ns = ( 3.820 - 5.714 ) 
    Source Clock Delay      (SCD):    -2.280ns
    Clock Pessimism Removal (CPR):    -0.373ns
  Clock Uncertainty:      0.077ns  ((TSJ^2 + DJ^2)^1/2) / 2 + PE
    Total System Jitter     (TSJ):    0.071ns
    Discrete Jitter          (DJ):    0.137ns
    Phase Error              (PE):    0.000ns

    Location             Delay type                Incr(ns)  Path(ns)    Netlist Resource(s)
  -------------------------------------------------------------------    -------------------
                         (clock clk_out2_pll rise edge)
                                                      0.000     0.000 r  
    AD12                                              0.000     0.000 r  i_sys_clk_p (IN)
                         net (fo=0)                   0.000     0.000    pll_inst/inst/clk_in1_p
    AD12                                                              r  pll_inst/inst/clkin1_ibufgds/I
    AD12                 IBUFDS (Prop_ibufds_I_O)     0.906     0.906 r  pll_inst/inst/clkin1_ibufgds/O
                         net (fo=1, routed)           1.098     2.004    pll_inst/inst/clk_in1_pll
    PLLE2_ADV_X1Y1                                                    r  pll_inst/inst/plle2_adv_inst/CLKIN1
    PLLE2_ADV_X1Y1       PLLE2_ADV (Prop_plle2_adv_CLKIN1_CLKOUT1)
                                                     -8.058    -6.054 r  pll_inst/inst/plle2_adv_inst/CLKOUT1
                         net (fo=1, routed)           2.128    -3.926    pll_inst/inst/clk_out2_pll
    BUFGCTRL_X0Y0                                                     r  pll_inst/inst/clkout2_buf/I
    BUFGCTRL_X0Y0        BUFG (Prop_bufg_I_O)         0.093    -3.833 r  pll_inst/inst/clkout2_buf/O
                         net (fo=5828, routed)        1.553    -2.280    student_top_inst/u_KLDJ_top/ifu0/clk_out2
    SLICE_X50Y79         FDRE                                         r  student_top_inst/u_KLDJ_top/ifu0/pc_reg_reg[2]/C
  -------------------------------------------------------------------    -------------------
    SLICE_X50Y79         FDRE (Prop_fdre_C_Q)         0.259    -2.021 r  student_top_inst/u_KLDJ_top/ifu0/pc_reg_reg[2]/Q
                         net (fo=1023, routed)        0.491    -1.530    student_top_inst/u_KLDJ_top/u_bpu/u_gshare_btb_core/D[0]
    SLICE_X41Y81                                                      r  student_top_inst/u_KLDJ_top/u_bpu/u_gshare_btb_core/pht_reg_0_63_0_0_i_3/I1
    SLICE_X41Y81         LUT2 (Prop_lut2_I1_O)        0.043    -1.487 r  student_top_inst/u_KLDJ_top/u_bpu/u_gshare_btb_core/pht_reg_0_63_0_0_i_3/O
                         net (fo=18, routed)          0.992    -0.495    student_top_inst/u_KLDJ_top/u_bpu/u_gshare_btb_core/lookup_pht_idx[0]
    SLICE_X13Y104                                                     r  student_top_inst/u_KLDJ_top/u_bpu/u_gshare_btb_core/if_id_pred_taken_i_29/I4
    SLICE_X13Y104        LUT6 (Prop_lut6_I4_O)        0.043    -0.452 r  student_top_inst/u_KLDJ_top/u_bpu/u_gshare_btb_core/if_id_pred_taken_i_29/O
                         net (fo=1, routed)           0.534     0.082    student_top_inst/u_KLDJ_top/u_bpu/u_gshare_btb_core/if_id_pred_taken_i_29_n_0
    SLICE_X16Y103                                                     r  student_top_inst/u_KLDJ_top/u_bpu/u_gshare_btb_core/if_id_pred_taken_i_13/I1
    SLICE_X16Y103        LUT6 (Prop_lut6_I1_O)        0.043     0.125 r  student_top_inst/u_KLDJ_top/u_bpu/u_gshare_btb_core/if_id_pred_taken_i_13/O
                         net (fo=1, routed)           0.000     0.125    student_top_inst/u_KLDJ_top/u_bpu/u_gshare_btb_core/if_id_pred_taken_i_13_n_0
    SLICE_X16Y103                                                     r  student_top_inst/u_KLDJ_top/u_bpu/u_gshare_btb_core/if_id_pred_taken_reg_i_6/I1
    SLICE_X16Y103        MUXF7 (Prop_muxf7_I1_O)      0.103     0.228 r  student_top_inst/u_KLDJ_top/u_bpu/u_gshare_btb_core/if_id_pred_taken_reg_i_6/O
                         net (fo=1, routed)           0.807     1.035    student_top_inst/u_KLDJ_top/u_bpu/u_gshare_btb_core/if_id_pred_taken_reg_i_6_n_0
    SLICE_X25Y97                                                      r  student_top_inst/u_KLDJ_top/u_bpu/u_gshare_btb_core/if_id_pred_taken_i_3/I0
    SLICE_X25Y97         LUT5 (Prop_lut5_I0_O)        0.130     1.165 r  student_top_inst/u_KLDJ_top/u_bpu/u_gshare_btb_core/if_id_pred_taken_i_3/O
                         net (fo=1, routed)           0.453     1.618    student_top_inst/u_KLDJ_top/u_bpu/u_gshare_btb_core/lookup_pht_value__0[1]
    SLICE_X39Y96                                                      r  student_top_inst/u_KLDJ_top/u_bpu/u_gshare_btb_core/if_id_pred_taken_i_2/I0
    SLICE_X39Y96         LUT6 (Prop_lut6_I0_O)        0.132     1.750 r  student_top_inst/u_KLDJ_top/u_bpu/u_gshare_btb_core/if_id_pred_taken_i_2/O
                         net (fo=33, routed)          0.903     2.653    student_top_inst/u_KLDJ_top/ifu0/if_pred_taken
    SLICE_X49Y73                                                      r  student_top_inst/u_KLDJ_top/ifu0/pc_reg[23]_i_2/I1
    SLICE_X49Y73         LUT3 (Prop_lut3_I1_O)        0.043     2.696 r  student_top_inst/u_KLDJ_top/ifu0/pc_reg[23]_i_2/O
                         net (fo=1, routed)           0.000     2.696    student_top_inst/u_KLDJ_top/u_pipe_id_ex/dnpc[23]
    SLICE_X49Y73                                                      r  student_top_inst/u_KLDJ_top/u_pipe_id_ex/pc_reg_reg[23]_i_1/I0
    SLICE_X49Y73         MUXF7 (Prop_muxf7_I0_O)      0.107     2.803 r  student_top_inst/u_KLDJ_top/u_pipe_id_ex/pc_reg_reg[23]_i_1/O
                         net (fo=1, routed)           0.000     2.803    student_top_inst/u_KLDJ_top/ifu0/pc_reg_reg[31]_1[23]
    SLICE_X49Y73         FDRE                                         r  student_top_inst/u_KLDJ_top/ifu0/pc_reg_reg[23]/D
  -------------------------------------------------------------------    -------------------

                         (clock clk_out2_pll rise edge)
                                                      5.714     5.714 r  
    AD12                                              0.000     5.714 r  i_sys_clk_p (IN)
                         net (fo=0)                   0.000     5.714    pll_inst/inst/clk_in1_p
    AD12                                                              r  pll_inst/inst/clkin1_ibufgds/I
    AD12                 IBUFDS (Prop_ibufds_I_O)     0.803     6.518 r  pll_inst/inst/clkin1_ibufgds/O
                         net (fo=1, routed)           1.001     7.519    pll_inst/inst/clk_in1_pll
    PLLE2_ADV_X1Y1                                                    r  pll_inst/inst/plle2_adv_inst/CLKIN1
    PLLE2_ADV_X1Y1       PLLE2_ADV (Prop_plle2_adv_CLKIN1_CLKOUT1)
                                                     -7.261     0.258 r  pll_inst/inst/plle2_adv_inst/CLKOUT1
                         net (fo=1, routed)           2.003     2.261    pll_inst/inst/clk_out2_pll
    BUFGCTRL_X0Y0                                                     r  pll_inst/inst/clkout2_buf/I
    BUFGCTRL_X0Y0        BUFG (Prop_bufg_I_O)         0.083     2.344 r  pll_inst/inst/clkout2_buf/O
                         net (fo=5828, routed)        1.476     3.820    student_top_inst/u_KLDJ_top/ifu0/clk_out2
    SLICE_X49Y73         FDRE                                         r  student_top_inst/u_KLDJ_top/ifu0/pc_reg_reg[23]/C
                         clock pessimism             -0.373     3.447    
                         clock uncertainty           -0.077     3.370    
    SLICE_X49Y73         FDRE (Setup_fdre_C_D)        0.048     3.418    student_top_inst/u_KLDJ_top/ifu0/pc_reg_reg[23]
  -------------------------------------------------------------------
                         required time                          3.418    
                         arrival time                          -2.803    
  -------------------------------------------------------------------
                         slack                                  0.615    

Slack (MET) :             0.674ns  (required time - arrival time)
  Source:                 student_top_inst/u_KLDJ_top/ifu0/pc_reg_reg[2]/C
                            (rising edge-triggered cell FDRE clocked by clk_out2_pll  {rise@0.000ns fall@2.857ns period=5.714ns})
  Destination:            student_top_inst/u_KLDJ_top/ifu0/pc_reg_reg[11]/D
                            (rising edge-triggered cell FDRE clocked by clk_out2_pll  {rise@0.000ns fall@2.857ns period=5.714ns})
  Path Group:             clk_out2_pll
  Path Type:              Setup (Max at Slow Process Corner)
  Requirement:            5.714ns  (clk_out2_pll rise@5.714ns - clk_out2_pll rise@0.000ns)
  Data Path Delay:        5.028ns  (logic 0.903ns (17.958%)  route 4.125ns (82.042%))
  Logic Levels:           8  (LUT2=1 LUT3=1 LUT5=1 LUT6=3 MUXF7=2)
  Clock Path Skew:        0.017ns (DCD - SCD + CPR)
    Destination Clock Delay (DCD):    -1.891ns = ( 3.824 - 5.714 ) 
    Source Clock Delay      (SCD):    -2.280ns
    Clock Pessimism Removal (CPR):    -0.373ns
  Clock Uncertainty:      0.077ns  ((TSJ^2 + DJ^2)^1/2) / 2 + PE
    Total System Jitter     (TSJ):    0.071ns
    Discrete Jitter          (DJ):    0.137ns
    Phase Error              (PE):    0.000ns

    Location             Delay type                Incr(ns)  Path(ns)    Netlist Resource(s)
  -------------------------------------------------------------------    -------------------
                         (clock clk_out2_pll rise edge)
                                                      0.000     0.000 r  
    AD12                                              0.000     0.000 r  i_sys_clk_p (IN)
                         net (fo=0)                   0.000     0.000    pll_inst/inst/clk_in1_p
    AD12                                                              r  pll_inst/inst/clkin1_ibufgds/I
    AD12                 IBUFDS (Prop_ibufds_I_O)     0.906     0.906 r  pll_inst/inst/clkin1_ibufgds/O
                         net (fo=1, routed)           1.098     2.004    pll_inst/inst/clk_in1_pll
    PLLE2_ADV_X1Y1                                                    r  pll_inst/inst/plle2_adv_inst/CLKIN1
    PLLE2_ADV_X1Y1       PLLE2_ADV (Prop_plle2_adv_CLKIN1_CLKOUT1)
                                                     -8.058    -6.054 r  pll_inst/inst/plle2_adv_inst/CLKOUT1
                         net (fo=1, routed)           2.128    -3.926    pll_inst/inst/clk_out2_pll
    BUFGCTRL_X0Y0                                                     r  pll_inst/inst/clkout2_buf/I
    BUFGCTRL_X0Y0        BUFG (Prop_bufg_I_O)         0.093    -3.833 r  pll_inst/inst/clkout2_buf/O
                         net (fo=5828, routed)        1.553    -2.280    student_top_inst/u_KLDJ_top/ifu0/clk_out2
    SLICE_X50Y79         FDRE                                         r  student_top_inst/u_KLDJ_top/ifu0/pc_reg_reg[2]/C
  -------------------------------------------------------------------    -------------------
    SLICE_X50Y79         FDRE (Prop_fdre_C_Q)         0.259    -2.021 r  student_top_inst/u_KLDJ_top/ifu0/pc_reg_reg[2]/Q
                         net (fo=1023, routed)        0.491    -1.530    student_top_inst/u_KLDJ_top/u_bpu/u_gshare_btb_core/D[0]
    SLICE_X41Y81                                                      r  student_top_inst/u_KLDJ_top/u_bpu/u_gshare_btb_core/pht_reg_0_63_0_0_i_3/I1
    SLICE_X41Y81         LUT2 (Prop_lut2_I1_O)        0.043    -1.487 r  student_top_inst/u_KLDJ_top/u_bpu/u_gshare_btb_core/pht_reg_0_63_0_0_i_3/O
                         net (fo=18, routed)          0.992    -0.495    student_top_inst/u_KLDJ_top/u_bpu/u_gshare_btb_core/lookup_pht_idx[0]
    SLICE_X13Y104                                                     r  student_top_inst/u_KLDJ_top/u_bpu/u_gshare_btb_core/if_id_pred_taken_i_29/I4
    SLICE_X13Y104        LUT6 (Prop_lut6_I4_O)        0.043    -0.452 r  student_top_inst/u_KLDJ_top/u_bpu/u_gshare_btb_core/if_id_pred_taken_i_29/O
                         net (fo=1, routed)           0.534     0.082    student_top_inst/u_KLDJ_top/u_bpu/u_gshare_btb_core/if_id_pred_taken_i_29_n_0
    SLICE_X16Y103                                                     r  student_top_inst/u_KLDJ_top/u_bpu/u_gshare_btb_core/if_id_pred_taken_i_13/I1
    SLICE_X16Y103        LUT6 (Prop_lut6_I1_O)        0.043     0.125 r  student_top_inst/u_KLDJ_top/u_bpu/u_gshare_btb_core/if_id_pred_taken_i_13/O
                         net (fo=1, routed)           0.000     0.125    student_top_inst/u_KLDJ_top/u_bpu/u_gshare_btb_core/if_id_pred_taken_i_13_n_0
    SLICE_X16Y103                                                     r  student_top_inst/u_KLDJ_top/u_bpu/u_gshare_btb_core/if_id_pred_taken_reg_i_6/I1
    SLICE_X16Y103        MUXF7 (Prop_muxf7_I1_O)      0.103     0.228 r  student_top_inst/u_KLDJ_top/u_bpu/u_gshare_btb_core/if_id_pred_taken_reg_i_6/O
                         net (fo=1, routed)           0.807     1.035    student_top_inst/u_KLDJ_top/u_bpu/u_gshare_btb_core/if_id_pred_taken_reg_i_6_n_0
    SLICE_X25Y97                                                      r  student_top_inst/u_KLDJ_top/u_bpu/u_gshare_btb_core/if_id_pred_taken_i_3/I0
    SLICE_X25Y97         LUT5 (Prop_lut5_I0_O)        0.130     1.165 r  student_top_inst/u_KLDJ_top/u_bpu/u_gshare_btb_core/if_id_pred_taken_i_3/O
                         net (fo=1, routed)           0.453     1.618    student_top_inst/u_KLDJ_top/u_bpu/u_gshare_btb_core/lookup_pht_value__0[1]
    SLICE_X39Y96                                                      r  student_top_inst/u_KLDJ_top/u_bpu/u_gshare_btb_core/if_id_pred_taken_i_2/I0
    SLICE_X39Y96         LUT6 (Prop_lut6_I0_O)        0.132     1.750 r  student_top_inst/u_KLDJ_top/u_bpu/u_gshare_btb_core/if_id_pred_taken_i_2/O
                         net (fo=33, routed)          0.848     2.598    student_top_inst/u_KLDJ_top/ifu0/if_pred_taken
    SLICE_X48Y70                                                      r  student_top_inst/u_KLDJ_top/ifu0/pc_reg[11]_i_2/I1
    SLICE_X48Y70         LUT3 (Prop_lut3_I1_O)        0.043     2.641 r  student_top_inst/u_KLDJ_top/ifu0/pc_reg[11]_i_2/O
                         net (fo=1, routed)           0.000     2.641    student_top_inst/u_KLDJ_top/u_pipe_id_ex/dnpc[11]
    SLICE_X48Y70                                                      r  student_top_inst/u_KLDJ_top/u_pipe_id_ex/pc_reg_reg[11]_i_1/I0
    SLICE_X48Y70         MUXF7 (Prop_muxf7_I0_O)      0.107     2.748 r  student_top_inst/u_KLDJ_top/u_pipe_id_ex/pc_reg_reg[11]_i_1/O
                         net (fo=1, routed)           0.000     2.748    student_top_inst/u_KLDJ_top/ifu0/pc_reg_reg[31]_1[11]
    SLICE_X48Y70         FDRE                                         r  student_top_inst/u_KLDJ_top/ifu0/pc_reg_reg[11]/D
  -------------------------------------------------------------------    -------------------

                         (clock clk_out2_pll rise edge)
                                                      5.714     5.714 r  
    AD12                                              0.000     5.714 r  i_sys_clk_p (IN)
                         net (fo=0)                   0.000     5.714    pll_inst/inst/clk_in1_p
    AD12                                                              r  pll_inst/inst/clkin1_ibufgds/I
    AD12                 IBUFDS (Prop_ibufds_I_O)     0.803     6.518 r  pll_inst/inst/clkin1_ibufgds/O
                         net (fo=1, routed)           1.001     7.519    pll_inst/inst/clk_in1_pll
    PLLE2_ADV_X1Y1                                                    r  pll_inst/inst/plle2_adv_inst/CLKIN1
    PLLE2_ADV_X1Y1       PLLE2_ADV (Prop_plle2_adv_CLKIN1_CLKOUT1)
                                                     -7.261     0.258 r  pll_inst/inst/plle2_adv_inst/CLKOUT1
                         net (fo=1, routed)           2.003     2.261    pll_inst/inst/clk_out2_pll
    BUFGCTRL_X0Y0                                                     r  pll_inst/inst/clkout2_buf/I
    BUFGCTRL_X0Y0        BUFG (Prop_bufg_I_O)         0.083     2.344 r  pll_inst/inst/clkout2_buf/O
                         net (fo=5828, routed)        1.480     3.824    student_top_inst/u_KLDJ_top/ifu0/clk_out2
    SLICE_X48Y70         FDRE                                         r  student_top_inst/u_KLDJ_top/ifu0/pc_reg_reg[11]/C
                         clock pessimism             -0.373     3.451    
                         clock uncertainty           -0.077     3.374    
    SLICE_X48Y70         FDRE (Setup_fdre_C_D)        0.048     3.422    student_top_inst/u_KLDJ_top/ifu0/pc_reg_reg[11]
  -------------------------------------------------------------------
                         required time                          3.422    
                         arrival time                          -2.748    
  -------------------------------------------------------------------
                         slack                                  0.674    

Slack (MET) :             0.677ns  (required time - arrival time)
  Source:                 student_top_inst/u_KLDJ_top/ifu0/pc_reg_reg[2]/C
                            (rising edge-triggered cell FDRE clocked by clk_out2_pll  {rise@0.000ns fall@2.857ns period=5.714ns})
  Destination:            student_top_inst/u_KLDJ_top/ifu0/pc_reg_reg[8]/D
                            (rising edge-triggered cell FDRE clocked by clk_out2_pll  {rise@0.000ns fall@2.857ns period=5.714ns})
  Path Group:             clk_out2_pll
  Path Type:              Setup (Max at Slow Process Corner)
  Requirement:            5.714ns  (clk_out2_pll rise@5.714ns - clk_out2_pll rise@0.000ns)
  Data Path Delay:        5.026ns  (logic 0.903ns (17.968%)  route 4.123ns (82.032%))
  Logic Levels:           8  (LUT2=1 LUT3=1 LUT5=1 LUT6=3 MUXF7=2)
  Clock Path Skew:        0.017ns (DCD - SCD + CPR)
    Destination Clock Delay (DCD):    -1.891ns = ( 3.824 - 5.714 ) 
    Source Clock Delay      (SCD):    -2.280ns
    Clock Pessimism Removal (CPR):    -0.373ns
  Clock Uncertainty:      0.077ns  ((TSJ^2 + DJ^2)^1/2) / 2 + PE
    Total System Jitter     (TSJ):    0.071ns
    Discrete Jitter          (DJ):    0.137ns
    Phase Error              (PE):    0.000ns

    Location             Delay type                Incr(ns)  Path(ns)    Netlist Resource(s)
  -------------------------------------------------------------------    -------------------
                         (clock clk_out2_pll rise edge)
                                                      0.000     0.000 r  
    AD12                                              0.000     0.000 r  i_sys_clk_p (IN)
                         net (fo=0)                   0.000     0.000    pll_inst/inst/clk_in1_p
    AD12                                                              r  pll_inst/inst/clkin1_ibufgds/I
    AD12                 IBUFDS (Prop_ibufds_I_O)     0.906     0.906 r  pll_inst/inst/clkin1_ibufgds/O
                         net (fo=1, routed)           1.098     2.004    pll_inst/inst/clk_in1_pll
    PLLE2_ADV_X1Y1                                                    r  pll_inst/inst/plle2_adv_inst/CLKIN1
    PLLE2_ADV_X1Y1       PLLE2_ADV (Prop_plle2_adv_CLKIN1_CLKOUT1)
                                                     -8.058    -6.054 r  pll_inst/inst/plle2_adv_inst/CLKOUT1
                         net (fo=1, routed)           2.128    -3.926    pll_inst/inst/clk_out2_pll
    BUFGCTRL_X0Y0                                                     r  pll_inst/inst/clkout2_buf/I
    BUFGCTRL_X0Y0        BUFG (Prop_bufg_I_O)         0.093    -3.833 r  pll_inst/inst/clkout2_buf/O
                         net (fo=5828, routed)        1.553    -2.280    student_top_inst/u_KLDJ_top/ifu0/clk_out2
    SLICE_X50Y79         FDRE                                         r  student_top_inst/u_KLDJ_top/ifu0/pc_reg_reg[2]/C
  -------------------------------------------------------------------    -------------------
    SLICE_X50Y79         FDRE (Prop_fdre_C_Q)         0.259    -2.021 r  student_top_inst/u_KLDJ_top/ifu0/pc_reg_reg[2]/Q
                         net (fo=1023, routed)        0.491    -1.530    student_top_inst/u_KLDJ_top/u_bpu/u_gshare_btb_core/D[0]
    SLICE_X41Y81                                                      r  student_top_inst/u_KLDJ_top/u_bpu/u_gshare_btb_core/pht_reg_0_63_0_0_i_3/I1
    SLICE_X41Y81         LUT2 (Prop_lut2_I1_O)        0.043    -1.487 r  student_top_inst/u_KLDJ_top/u_bpu/u_gshare_btb_core/pht_reg_0_63_0_0_i_3/O
                         net (fo=18, routed)          0.992    -0.495    student_top_inst/u_KLDJ_top/u_bpu/u_gshare_btb_core/lookup_pht_idx[0]
    SLICE_X13Y104                                                     r  student_top_inst/u_KLDJ_top/u_bpu/u_gshare_btb_core/if_id_pred_taken_i_29/I4
    SLICE_X13Y104        LUT6 (Prop_lut6_I4_O)        0.043    -0.452 r  student_top_inst/u_KLDJ_top/u_bpu/u_gshare_btb_core/if_id_pred_taken_i_29/O
                         net (fo=1, routed)           0.534     0.082    student_top_inst/u_KLDJ_top/u_bpu/u_gshare_btb_core/if_id_pred_taken_i_29_n_0
    SLICE_X16Y103                                                     r  student_top_inst/u_KLDJ_top/u_bpu/u_gshare_btb_core/if_id_pred_taken_i_13/I1
    SLICE_X16Y103        LUT6 (Prop_lut6_I1_O)        0.043     0.125 r  student_top_inst/u_KLDJ_top/u_bpu/u_gshare_btb_core/if_id_pred_taken_i_13/O
                         net (fo=1, routed)           0.000     0.125    student_top_inst/u_KLDJ_top/u_bpu/u_gshare_btb_core/if_id_pred_taken_i_13_n_0
    SLICE_X16Y103                                                     r  student_top_inst/u_KLDJ_top/u_bpu/u_gshare_btb_core/if_id_pred_taken_reg_i_6/I1
    SLICE_X16Y103        MUXF7 (Prop_muxf7_I1_O)      0.103     0.228 r  student_top_inst/u_KLDJ_top/u_bpu/u_gshare_btb_core/if_id_pred_taken_reg_i_6/O
                         net (fo=1, routed)           0.807     1.035    student_top_inst/u_KLDJ_top/u_bpu/u_gshare_btb_core/if_id_pred_taken_reg_i_6_n_0
    SLICE_X25Y97                                                      r  student_top_inst/u_KLDJ_top/u_bpu/u_gshare_btb_core/if_id_pred_taken_i_3/I0
    SLICE_X25Y97         LUT5 (Prop_lut5_I0_O)        0.130     1.165 r  student_top_inst/u_KLDJ_top/u_bpu/u_gshare_btb_core/if_id_pred_taken_i_3/O
                         net (fo=1, routed)           0.453     1.618    student_top_inst/u_KLDJ_top/u_bpu/u_gshare_btb_core/lookup_pht_value__0[1]
    SLICE_X39Y96                                                      r  student_top_inst/u_KLDJ_top/u_bpu/u_gshare_btb_core/if_id_pred_taken_i_2/I0
    SLICE_X39Y96         LUT6 (Prop_lut6_I0_O)        0.132     1.750 r  student_top_inst/u_KLDJ_top/u_bpu/u_gshare_btb_core/if_id_pred_taken_i_2/O
                         net (fo=33, routed)          0.845     2.595    student_top_inst/u_KLDJ_top/ifu0/if_pred_taken
    SLICE_X45Y78                                                      r  student_top_inst/u_KLDJ_top/ifu0/pc_reg[8]_i_2/I1
    SLICE_X45Y78         LUT3 (Prop_lut3_I1_O)        0.043     2.638 r  student_top_inst/u_KLDJ_top/ifu0/pc_reg[8]_i_2/O
                         net (fo=1, routed)           0.000     2.638    student_top_inst/u_KLDJ_top/u_pipe_id_ex/dnpc[8]
    SLICE_X45Y78                                                      r  student_top_inst/u_KLDJ_top/u_pipe_id_ex/pc_reg_reg[8]_i_1/I0
    SLICE_X45Y78         MUXF7 (Prop_muxf7_I0_O)      0.107     2.745 r  student_top_inst/u_KLDJ_top/u_pipe_id_ex/pc_reg_reg[8]_i_1/O
                         net (fo=1, routed)           0.000     2.745    student_top_inst/u_KLDJ_top/ifu0/pc_reg_reg[31]_1[8]
    SLICE_X45Y78         FDRE                                         r  student_top_inst/u_KLDJ_top/ifu0/pc_reg_reg[8]/D
  -------------------------------------------------------------------    -------------------

                         (clock clk_out2_pll rise edge)
                                                      5.714     5.714 r  
    AD12                                              0.000     5.714 r  i_sys_clk_p (IN)
                         net (fo=0)                   0.000     5.714    pll_inst/inst/clk_in1_p
    AD12                                                              r  pll_inst/inst/clkin1_ibufgds/I
    AD12                 IBUFDS (Prop_ibufds_I_O)     0.803     6.518 r  pll_inst/inst/clkin1_ibufgds/O
                         net (fo=1, routed)           1.001     7.519    pll_inst/inst/clk_in1_pll
    PLLE2_ADV_X1Y1                                                    r  pll_inst/inst/plle2_adv_inst/CLKIN1
    PLLE2_ADV_X1Y1       PLLE2_ADV (Prop_plle2_adv_CLKIN1_CLKOUT1)
                                                     -7.261     0.258 r  pll_inst/inst/plle2_adv_inst/CLKOUT1
                         net (fo=1, routed)           2.003     2.261    pll_inst/inst/clk_out2_pll
    BUFGCTRL_X0Y0                                                     r  pll_inst/inst/clkout2_buf/I
    BUFGCTRL_X0Y0        BUFG (Prop_bufg_I_O)         0.083     2.344 r  pll_inst/inst/clkout2_buf/O
                         net (fo=5828, routed)        1.480     3.824    student_top_inst/u_KLDJ_top/ifu0/clk_out2
    SLICE_X45Y78         FDRE                                         r  student_top_inst/u_KLDJ_top/ifu0/pc_reg_reg[8]/C
                         clock pessimism             -0.373     3.451    
                         clock uncertainty           -0.077     3.374    
    SLICE_X45Y78         FDRE (Setup_fdre_C_D)        0.048     3.422    student_top_inst/u_KLDJ_top/ifu0/pc_reg_reg[8]
  -------------------------------------------------------------------
                         required time                          3.422    
                         arrival time                          -2.745    
  -------------------------------------------------------------------
                         slack                                  0.677    

Slack (MET) :             0.677ns  (required time - arrival time)
  Source:                 student_top_inst/u_KLDJ_top/ifu0/pc_reg_reg[2]/C
                            (rising edge-triggered cell FDRE clocked by clk_out2_pll  {rise@0.000ns fall@2.857ns period=5.714ns})
  Destination:            student_top_inst/u_KLDJ_top/ifu0/pc_reg_reg[28]/D
                            (rising edge-triggered cell FDRE clocked by clk_out2_pll  {rise@0.000ns fall@2.857ns period=5.714ns})
  Path Group:             clk_out2_pll
  Path Type:              Setup (Max at Slow Process Corner)
  Requirement:            5.714ns  (clk_out2_pll rise@5.714ns - clk_out2_pll rise@0.000ns)
  Data Path Delay:        5.022ns  (logic 0.903ns (17.979%)  route 4.119ns (82.021%))
  Logic Levels:           8  (LUT2=1 LUT3=1 LUT5=1 LUT6=3 MUXF7=2)
  Clock Path Skew:        0.014ns (DCD - SCD + CPR)
    Destination Clock Delay (DCD):    -1.894ns = ( 3.821 - 5.714 ) 
    Source Clock Delay      (SCD):    -2.280ns
    Clock Pessimism Removal (CPR):    -0.373ns
  Clock Uncertainty:      0.077ns  ((TSJ^2 + DJ^2)^1/2) / 2 + PE
    Total System Jitter     (TSJ):    0.071ns
    Discrete Jitter          (DJ):    0.137ns
    Phase Error              (PE):    0.000ns

    Location             Delay type                Incr(ns)  Path(ns)    Netlist Resource(s)
  -------------------------------------------------------------------    -------------------
                         (clock clk_out2_pll rise edge)
                                                      0.000     0.000 r  
    AD12                                              0.000     0.000 r  i_sys_clk_p (IN)
                         net (fo=0)                   0.000     0.000    pll_inst/inst/clk_in1_p
    AD12                                                              r  pll_inst/inst/clkin1_ibufgds/I
    AD12                 IBUFDS (Prop_ibufds_I_O)     0.906     0.906 r  pll_inst/inst/clkin1_ibufgds/O
                         net (fo=1, routed)           1.098     2.004    pll_inst/inst/clk_in1_pll
    PLLE2_ADV_X1Y1                                                    r  pll_inst/inst/plle2_adv_inst/CLKIN1
    PLLE2_ADV_X1Y1       PLLE2_ADV (Prop_plle2_adv_CLKIN1_CLKOUT1)
                                                     -8.058    -6.054 r  pll_inst/inst/plle2_adv_inst/CLKOUT1
                         net (fo=1, routed)           2.128    -3.926    pll_inst/inst/clk_out2_pll
    BUFGCTRL_X0Y0                                                     r  pll_inst/inst/clkout2_buf/I
    BUFGCTRL_X0Y0        BUFG (Prop_bufg_I_O)         0.093    -3.833 r  pll_inst/inst/clkout2_buf/O
                         net (fo=5828, routed)        1.553    -2.280    student_top_inst/u_KLDJ_top/ifu0/clk_out2
    SLICE_X50Y79         FDRE                                         r  student_top_inst/u_KLDJ_top/ifu0/pc_reg_reg[2]/C
  -------------------------------------------------------------------    -------------------
    SLICE_X50Y79         FDRE (Prop_fdre_C_Q)         0.259    -2.021 r  student_top_inst/u_KLDJ_top/ifu0/pc_reg_reg[2]/Q
                         net (fo=1023, routed)        0.491    -1.530    student_top_inst/u_KLDJ_top/u_bpu/u_gshare_btb_core/D[0]
    SLICE_X41Y81                                                      r  student_top_inst/u_KLDJ_top/u_bpu/u_gshare_btb_core/pht_reg_0_63_0_0_i_3/I1
    SLICE_X41Y81         LUT2 (Prop_lut2_I1_O)        0.043    -1.487 r  student_top_inst/u_KLDJ_top/u_bpu/u_gshare_btb_core/pht_reg_0_63_0_0_i_3/O
                         net (fo=18, routed)          0.992    -0.495    student_top_inst/u_KLDJ_top/u_bpu/u_gshare_btb_core/lookup_pht_idx[0]
    SLICE_X13Y104                                                     r  student_top_inst/u_KLDJ_top/u_bpu/u_gshare_btb_core/if_id_pred_taken_i_29/I4
    SLICE_X13Y104        LUT6 (Prop_lut6_I4_O)        0.043    -0.452 r  student_top_inst/u_KLDJ_top/u_bpu/u_gshare_btb_core/if_id_pred_taken_i_29/O
                         net (fo=1, routed)           0.534     0.082    student_top_inst/u_KLDJ_top/u_bpu/u_gshare_btb_core/if_id_pred_taken_i_29_n_0
    SLICE_X16Y103                                                     r  student_top_inst/u_KLDJ_top/u_bpu/u_gshare_btb_core/if_id_pred_taken_i_13/I1
    SLICE_X16Y103        LUT6 (Prop_lut6_I1_O)        0.043     0.125 r  student_top_inst/u_KLDJ_top/u_bpu/u_gshare_btb_core/if_id_pred_taken_i_13/O
                         net (fo=1, routed)           0.000     0.125    student_top_inst/u_KLDJ_top/u_bpu/u_gshare_btb_core/if_id_pred_taken_i_13_n_0
    SLICE_X16Y103                                                     r  student_top_inst/u_KLDJ_top/u_bpu/u_gshare_btb_core/if_id_pred_taken_reg_i_6/I1
    SLICE_X16Y103        MUXF7 (Prop_muxf7_I1_O)      0.103     0.228 r  student_top_inst/u_KLDJ_top/u_bpu/u_gshare_btb_core/if_id_pred_taken_reg_i_6/O
                         net (fo=1, routed)           0.807     1.035    student_top_inst/u_KLDJ_top/u_bpu/u_gshare_btb_core/if_id_pred_taken_reg_i_6_n_0
    SLICE_X25Y97                                                      r  student_top_inst/u_KLDJ_top/u_bpu/u_gshare_btb_core/if_id_pred_taken_i_3/I0
    SLICE_X25Y97         LUT5 (Prop_lut5_I0_O)        0.130     1.165 r  student_top_inst/u_KLDJ_top/u_bpu/u_gshare_btb_core/if_id_pred_taken_i_3/O
                         net (fo=1, routed)           0.453     1.618    student_top_inst/u_KLDJ_top/u_bpu/u_gshare_btb_core/lookup_pht_value__0[1]
    SLICE_X39Y96                                                      r  student_top_inst/u_KLDJ_top/u_bpu/u_gshare_btb_core/if_id_pred_taken_i_2/I0
    SLICE_X39Y96         LUT6 (Prop_lut6_I0_O)        0.132     1.750 r  student_top_inst/u_KLDJ_top/u_bpu/u_gshare_btb_core/if_id_pred_taken_i_2/O
                         net (fo=33, routed)          0.842     2.592    student_top_inst/u_KLDJ_top/ifu0/if_pred_taken
    SLICE_X48Y72                                                      r  student_top_inst/u_KLDJ_top/ifu0/pc_reg[28]_i_2/I1
    SLICE_X48Y72         LUT3 (Prop_lut3_I1_O)        0.043     2.635 r  student_top_inst/u_KLDJ_top/ifu0/pc_reg[28]_i_2/O
                         net (fo=1, routed)           0.000     2.635    student_top_inst/u_KLDJ_top/u_pipe_id_ex/dnpc[28]
    SLICE_X48Y72                                                      r  student_top_inst/u_KLDJ_top/u_pipe_id_ex/pc_reg_reg[28]_i_1/I0
    SLICE_X48Y72         MUXF7 (Prop_muxf7_I0_O)      0.107     2.742 r  student_top_inst/u_KLDJ_top/u_pipe_id_ex/pc_reg_reg[28]_i_1/O
                         net (fo=1, routed)           0.000     2.742    student_top_inst/u_KLDJ_top/ifu0/pc_reg_reg[31]_1[28]
    SLICE_X48Y72         FDRE                                         r  student_top_inst/u_KLDJ_top/ifu0/pc_reg_reg[28]/D
  -------------------------------------------------------------------    -------------------

                         (clock clk_out2_pll rise edge)
                                                      5.714     5.714 r  
    AD12                                              0.000     5.714 r  i_sys_clk_p (IN)
                         net (fo=0)                   0.000     5.714    pll_inst/inst/clk_in1_p
    AD12                                                              r  pll_inst/inst/clkin1_ibufgds/I
    AD12                 IBUFDS (Prop_ibufds_I_O)     0.803     6.518 r  pll_inst/inst/clkin1_ibufgds/O
                         net (fo=1, routed)           1.001     7.519    pll_inst/inst/clk_in1_pll
    PLLE2_ADV_X1Y1                                                    r  pll_inst/inst/plle2_adv_inst/CLKIN1
    PLLE2_ADV_X1Y1       PLLE2_ADV (Prop_plle2_adv_CLKIN1_CLKOUT1)
                                                     -7.261     0.258 r  pll_inst/inst/plle2_adv_inst/CLKOUT1
                         net (fo=1, routed)           2.003     2.261    pll_inst/inst/clk_out2_pll
    BUFGCTRL_X0Y0                                                     r  pll_inst/inst/clkout2_buf/I
    BUFGCTRL_X0Y0        BUFG (Prop_bufg_I_O)         0.083     2.344 r  pll_inst/inst/clkout2_buf/O
                         net (fo=5828, routed)        1.477     3.821    student_top_inst/u_KLDJ_top/ifu0/clk_out2
    SLICE_X48Y72         FDRE                                         r  student_top_inst/u_KLDJ_top/ifu0/pc_reg_reg[28]/C
                         clock pessimism             -0.373     3.448    
                         clock uncertainty           -0.077     3.371    
    SLICE_X48Y72         FDRE (Setup_fdre_C_D)        0.048     3.419    student_top_inst/u_KLDJ_top/ifu0/pc_reg_reg[28]
  -------------------------------------------------------------------
                         required time                          3.419    
                         arrival time                          -2.742    
  -------------------------------------------------------------------
                         slack                                  0.677    

Slack (MET) :             0.694ns  (required time - arrival time)
  Source:                 student_top_inst/u_KLDJ_top/ifu0/pc_reg_reg[2]/C
                            (rising edge-triggered cell FDRE clocked by clk_out2_pll  {rise@0.000ns fall@2.857ns period=5.714ns})
  Destination:            student_top_inst/u_KLDJ_top/ifu0/pc_reg_reg[1]/D
                            (rising edge-triggered cell FDRE clocked by clk_out2_pll  {rise@0.000ns fall@2.857ns period=5.714ns})
  Path Group:             clk_out2_pll
  Path Type:              Setup (Max at Slow Process Corner)
  Requirement:            5.714ns  (clk_out2_pll rise@5.714ns - clk_out2_pll rise@0.000ns)
  Data Path Delay:        5.009ns  (logic 0.903ns (18.028%)  route 4.106ns (81.972%))
  Logic Levels:           8  (LUT2=1 LUT3=1 LUT5=1 LUT6=3 MUXF7=2)
  Clock Path Skew:        0.017ns (DCD - SCD + CPR)
    Destination Clock Delay (DCD):    -1.891ns = ( 3.824 - 5.714 ) 
    Source Clock Delay      (SCD):    -2.280ns
    Clock Pessimism Removal (CPR):    -0.373ns
  Clock Uncertainty:      0.077ns  ((TSJ^2 + DJ^2)^1/2) / 2 + PE
    Total System Jitter     (TSJ):    0.071ns
    Discrete Jitter          (DJ):    0.137ns
    Phase Error              (PE):    0.000ns

    Location             Delay type                Incr(ns)  Path(ns)    Netlist Resource(s)
  -------------------------------------------------------------------    -------------------
                         (clock clk_out2_pll rise edge)
                                                      0.000     0.000 r  
    AD12                                              0.000     0.000 r  i_sys_clk_p (IN)
                         net (fo=0)                   0.000     0.000    pll_inst/inst/clk_in1_p
    AD12                                                              r  pll_inst/inst/clkin1_ibufgds/I
    AD12                 IBUFDS (Prop_ibufds_I_O)     0.906     0.906 r  pll_inst/inst/clkin1_ibufgds/O
                         net (fo=1, routed)           1.098     2.004    pll_inst/inst/clk_in1_pll
    PLLE2_ADV_X1Y1                                                    r  pll_inst/inst/plle2_adv_inst/CLKIN1
    PLLE2_ADV_X1Y1       PLLE2_ADV (Prop_plle2_adv_CLKIN1_CLKOUT1)
                                                     -8.058    -6.054 r  pll_inst/inst/plle2_adv_inst/CLKOUT1
                         net (fo=1, routed)           2.128    -3.926    pll_inst/inst/clk_out2_pll
    BUFGCTRL_X0Y0                                                     r  pll_inst/inst/clkout2_buf/I
    BUFGCTRL_X0Y0        BUFG (Prop_bufg_I_O)         0.093    -3.833 r  pll_inst/inst/clkout2_buf/O
                         net (fo=5828, routed)        1.553    -2.280    student_top_inst/u_KLDJ_top/ifu0/clk_out2
    SLICE_X50Y79         FDRE                                         r  student_top_inst/u_KLDJ_top/ifu0/pc_reg_reg[2]/C
  -------------------------------------------------------------------    -------------------
    SLICE_X50Y79         FDRE (Prop_fdre_C_Q)         0.259    -2.021 r  student_top_inst/u_KLDJ_top/ifu0/pc_reg_reg[2]/Q
                         net (fo=1023, routed)        0.491    -1.530    student_top_inst/u_KLDJ_top/u_bpu/u_gshare_btb_core/D[0]
    SLICE_X41Y81                                                      r  student_top_inst/u_KLDJ_top/u_bpu/u_gshare_btb_core/pht_reg_0_63_0_0_i_3/I1
    SLICE_X41Y81         LUT2 (Prop_lut2_I1_O)        0.043    -1.487 r  student_top_inst/u_KLDJ_top/u_bpu/u_gshare_btb_core/pht_reg_0_63_0_0_i_3/O
                         net (fo=18, routed)          0.992    -0.495    student_top_inst/u_KLDJ_top/u_bpu/u_gshare_btb_core/lookup_pht_idx[0]
    SLICE_X13Y104                                                     r  student_top_inst/u_KLDJ_top/u_bpu/u_gshare_btb_core/if_id_pred_taken_i_29/I4
    SLICE_X13Y104        LUT6 (Prop_lut6_I4_O)        0.043    -0.452 r  student_top_inst/u_KLDJ_top/u_bpu/u_gshare_btb_core/if_id_pred_taken_i_29/O
                         net (fo=1, routed)           0.534     0.082    student_top_inst/u_KLDJ_top/u_bpu/u_gshare_btb_core/if_id_pred_taken_i_29_n_0
    SLICE_X16Y103                                                     r  student_top_inst/u_KLDJ_top/u_bpu/u_gshare_btb_core/if_id_pred_taken_i_13/I1
    SLICE_X16Y103        LUT6 (Prop_lut6_I1_O)        0.043     0.125 r  student_top_inst/u_KLDJ_top/u_bpu/u_gshare_btb_core/if_id_pred_taken_i_13/O
                         net (fo=1, routed)           0.000     0.125    student_top_inst/u_KLDJ_top/u_bpu/u_gshare_btb_core/if_id_pred_taken_i_13_n_0
    SLICE_X16Y103                                                     r  student_top_inst/u_KLDJ_top/u_bpu/u_gshare_btb_core/if_id_pred_taken_reg_i_6/I1
    SLICE_X16Y103        MUXF7 (Prop_muxf7_I1_O)      0.103     0.228 r  student_top_inst/u_KLDJ_top/u_bpu/u_gshare_btb_core/if_id_pred_taken_reg_i_6/O
                         net (fo=1, routed)           0.807     1.035    student_top_inst/u_KLDJ_top/u_bpu/u_gshare_btb_core/if_id_pred_taken_reg_i_6_n_0
    SLICE_X25Y97                                                      r  student_top_inst/u_KLDJ_top/u_bpu/u_gshare_btb_core/if_id_pred_taken_i_3/I0
    SLICE_X25Y97         LUT5 (Prop_lut5_I0_O)        0.130     1.165 r  student_top_inst/u_KLDJ_top/u_bpu/u_gshare_btb_core/if_id_pred_taken_i_3/O
                         net (fo=1, routed)           0.453     1.618    student_top_inst/u_KLDJ_top/u_bpu/u_gshare_btb_core/lookup_pht_value__0[1]
    SLICE_X39Y96                                                      r  student_top_inst/u_KLDJ_top/u_bpu/u_gshare_btb_core/if_id_pred_taken_i_2/I0
    SLICE_X39Y96         LUT6 (Prop_lut6_I0_O)        0.132     1.750 r  student_top_inst/u_KLDJ_top/u_bpu/u_gshare_btb_core/if_id_pred_taken_i_2/O
                         net (fo=33, routed)          0.829     2.578    student_top_inst/u_KLDJ_top/ifu0/if_pred_taken
    SLICE_X47Y70                                                      r  student_top_inst/u_KLDJ_top/ifu0/pc_reg[1]_i_2/I1
    SLICE_X47Y70         LUT3 (Prop_lut3_I1_O)        0.043     2.621 r  student_top_inst/u_KLDJ_top/ifu0/pc_reg[1]_i_2/O
                         net (fo=1, routed)           0.000     2.621    student_top_inst/u_KLDJ_top/u_pipe_id_ex/dnpc[1]
    SLICE_X47Y70                                                      r  student_top_inst/u_KLDJ_top/u_pipe_id_ex/pc_reg_reg[1]_i_1/I0
    SLICE_X47Y70         MUXF7 (Prop_muxf7_I0_O)      0.107     2.728 r  student_top_inst/u_KLDJ_top/u_pipe_id_ex/pc_reg_reg[1]_i_1/O
                         net (fo=1, routed)           0.000     2.728    student_top_inst/u_KLDJ_top/ifu0/pc_reg_reg[31]_1[1]
    SLICE_X47Y70         FDRE                                         r  student_top_inst/u_KLDJ_top/ifu0/pc_reg_reg[1]/D
  -------------------------------------------------------------------    -------------------

                         (clock clk_out2_pll rise edge)
                                                      5.714     5.714 r  
    AD12                                              0.000     5.714 r  i_sys_clk_p (IN)
                         net (fo=0)                   0.000     5.714    pll_inst/inst/clk_in1_p
    AD12                                                              r  pll_inst/inst/clkin1_ibufgds/I
    AD12                 IBUFDS (Prop_ibufds_I_O)     0.803     6.518 r  pll_inst/inst/clkin1_ibufgds/O
                         net (fo=1, routed)           1.001     7.519    pll_inst/inst/clk_in1_pll
    PLLE2_ADV_X1Y1                                                    r  pll_inst/inst/plle2_adv_inst/CLKIN1
    PLLE2_ADV_X1Y1       PLLE2_ADV (Prop_plle2_adv_CLKIN1_CLKOUT1)
                                                     -7.261     0.258 r  pll_inst/inst/plle2_adv_inst/CLKOUT1
                         net (fo=1, routed)           2.003     2.261    pll_inst/inst/clk_out2_pll
    BUFGCTRL_X0Y0                                                     r  pll_inst/inst/clkout2_buf/I
    BUFGCTRL_X0Y0        BUFG (Prop_bufg_I_O)         0.083     2.344 r  pll_inst/inst/clkout2_buf/O
                         net (fo=5828, routed)        1.480     3.824    student_top_inst/u_KLDJ_top/ifu0/clk_out2
    SLICE_X47Y70         FDRE                                         r  student_top_inst/u_KLDJ_top/ifu0/pc_reg_reg[1]/C
                         clock pessimism             -0.373     3.451    
                         clock uncertainty           -0.077     3.374    
    SLICE_X47Y70         FDRE (Setup_fdre_C_D)        0.048     3.422    student_top_inst/u_KLDJ_top/ifu0/pc_reg_reg[1]
  -------------------------------------------------------------------
                         required time                          3.422    
                         arrival time                          -2.728    
  -------------------------------------------------------------------
                         slack                                  0.694    

Slack (MET) :             0.702ns  (required time - arrival time)
  Source:                 student_top_inst/u_KLDJ_top/ifu0/pc_reg_reg[2]/C
                            (rising edge-triggered cell FDRE clocked by clk_out2_pll  {rise@0.000ns fall@2.857ns period=5.714ns})
  Destination:            student_top_inst/u_KLDJ_top/ifu0/pc_reg_reg[12]/D
                            (rising edge-triggered cell FDRE clocked by clk_out2_pll  {rise@0.000ns fall@2.857ns period=5.714ns})
  Path Group:             clk_out2_pll
  Path Type:              Setup (Max at Slow Process Corner)
  Requirement:            5.714ns  (clk_out2_pll rise@5.714ns - clk_out2_pll rise@0.000ns)
  Data Path Delay:        4.997ns  (logic 0.903ns (18.070%)  route 4.094ns (81.930%))
  Logic Levels:           8  (LUT2=1 LUT3=1 LUT5=1 LUT6=3 MUXF7=2)
  Clock Path Skew:        0.014ns (DCD - SCD + CPR)
    Destination Clock Delay (DCD):    -1.894ns = ( 3.821 - 5.714 ) 
    Source Clock Delay      (SCD):    -2.280ns
    Clock Pessimism Removal (CPR):    -0.373ns
  Clock Uncertainty:      0.077ns  ((TSJ^2 + DJ^2)^1/2) / 2 + PE
    Total System Jitter     (TSJ):    0.071ns
    Discrete Jitter          (DJ):    0.137ns
    Phase Error              (PE):    0.000ns

    Location             Delay type                Incr(ns)  Path(ns)    Netlist Resource(s)
  -------------------------------------------------------------------    -------------------
                         (clock clk_out2_pll rise edge)
                                                      0.000     0.000 r  
    AD12                                              0.000     0.000 r  i_sys_clk_p (IN)
                         net (fo=0)                   0.000     0.000    pll_inst/inst/clk_in1_p
    AD12                                                              r  pll_inst/inst/clkin1_ibufgds/I
    AD12                 IBUFDS (Prop_ibufds_I_O)     0.906     0.906 r  pll_inst/inst/clkin1_ibufgds/O
                         net (fo=1, routed)           1.098     2.004    pll_inst/inst/clk_in1_pll
    PLLE2_ADV_X1Y1                                                    r  pll_inst/inst/plle2_adv_inst/CLKIN1
    PLLE2_ADV_X1Y1       PLLE2_ADV (Prop_plle2_adv_CLKIN1_CLKOUT1)
                                                     -8.058    -6.054 r  pll_inst/inst/plle2_adv_inst/CLKOUT1
                         net (fo=1, routed)           2.128    -3.926    pll_inst/inst/clk_out2_pll
    BUFGCTRL_X0Y0                                                     r  pll_inst/inst/clkout2_buf/I
    BUFGCTRL_X0Y0        BUFG (Prop_bufg_I_O)         0.093    -3.833 r  pll_inst/inst/clkout2_buf/O
                         net (fo=5828, routed)        1.553    -2.280    student_top_inst/u_KLDJ_top/ifu0/clk_out2
    SLICE_X50Y79         FDRE                                         r  student_top_inst/u_KLDJ_top/ifu0/pc_reg_reg[2]/C
  -------------------------------------------------------------------    -------------------
    SLICE_X50Y79         FDRE (Prop_fdre_C_Q)         0.259    -2.021 r  student_top_inst/u_KLDJ_top/ifu0/pc_reg_reg[2]/Q
                         net (fo=1023, routed)        0.491    -1.530    student_top_inst/u_KLDJ_top/u_bpu/u_gshare_btb_core/D[0]
    SLICE_X41Y81                                                      r  student_top_inst/u_KLDJ_top/u_bpu/u_gshare_btb_core/pht_reg_0_63_0_0_i_3/I1
    SLICE_X41Y81         LUT2 (Prop_lut2_I1_O)        0.043    -1.487 r  student_top_inst/u_KLDJ_top/u_bpu/u_gshare_btb_core/pht_reg_0_63_0_0_i_3/O
                         net (fo=18, routed)          0.992    -0.495    student_top_inst/u_KLDJ_top/u_bpu/u_gshare_btb_core/lookup_pht_idx[0]
    SLICE_X13Y104                                                     r  student_top_inst/u_KLDJ_top/u_bpu/u_gshare_btb_core/if_id_pred_taken_i_29/I4
    SLICE_X13Y104        LUT6 (Prop_lut6_I4_O)        0.043    -0.452 r  student_top_inst/u_KLDJ_top/u_bpu/u_gshare_btb_core/if_id_pred_taken_i_29/O
                         net (fo=1, routed)           0.534     0.082    student_top_inst/u_KLDJ_top/u_bpu/u_gshare_btb_core/if_id_pred_taken_i_29_n_0
    SLICE_X16Y103                                                     r  student_top_inst/u_KLDJ_top/u_bpu/u_gshare_btb_core/if_id_pred_taken_i_13/I1
    SLICE_X16Y103        LUT6 (Prop_lut6_I1_O)        0.043     0.125 r  student_top_inst/u_KLDJ_top/u_bpu/u_gshare_btb_core/if_id_pred_taken_i_13/O
                         net (fo=1, routed)           0.000     0.125    student_top_inst/u_KLDJ_top/u_bpu/u_gshare_btb_core/if_id_pred_taken_i_13_n_0
    SLICE_X16Y103                                                     r  student_top_inst/u_KLDJ_top/u_bpu/u_gshare_btb_core/if_id_pred_taken_reg_i_6/I1
    SLICE_X16Y103        MUXF7 (Prop_muxf7_I1_O)      0.103     0.228 r  student_top_inst/u_KLDJ_top/u_bpu/u_gshare_btb_core/if_id_pred_taken_reg_i_6/O
                         net (fo=1, routed)           0.807     1.035    student_top_inst/u_KLDJ_top/u_bpu/u_gshare_btb_core/if_id_pred_taken_reg_i_6_n_0
    SLICE_X25Y97                                                      r  student_top_inst/u_KLDJ_top/u_bpu/u_gshare_btb_core/if_id_pred_taken_i_3/I0
    SLICE_X25Y97         LUT5 (Prop_lut5_I0_O)        0.130     1.165 r  student_top_inst/u_KLDJ_top/u_bpu/u_gshare_btb_core/if_id_pred_taken_i_3/O
                         net (fo=1, routed)           0.453     1.618    student_top_inst/u_KLDJ_top/u_bpu/u_gshare_btb_core/lookup_pht_value__0[1]
    SLICE_X39Y96                                                      r  student_top_inst/u_KLDJ_top/u_bpu/u_gshare_btb_core/if_id_pred_taken_i_2/I0
    SLICE_X39Y96         LUT6 (Prop_lut6_I0_O)        0.132     1.750 r  student_top_inst/u_KLDJ_top/u_bpu/u_gshare_btb_core/if_id_pred_taken_i_2/O
                         net (fo=33, routed)          0.817     2.567    student_top_inst/u_KLDJ_top/ifu0/if_pred_taken
    SLICE_X47Y72                                                      r  student_top_inst/u_KLDJ_top/ifu0/pc_reg[12]_i_2/I1
    SLICE_X47Y72         LUT3 (Prop_lut3_I1_O)        0.043     2.610 r  student_top_inst/u_KLDJ_top/ifu0/pc_reg[12]_i_2/O
                         net (fo=1, routed)           0.000     2.610    student_top_inst/u_KLDJ_top/u_pipe_id_ex/dnpc[12]
    SLICE_X47Y72                                                      r  student_top_inst/u_KLDJ_top/u_pipe_id_ex/pc_reg_reg[12]_i_1/I0
    SLICE_X47Y72         MUXF7 (Prop_muxf7_I0_O)      0.107     2.717 r  student_top_inst/u_KLDJ_top/u_pipe_id_ex/pc_reg_reg[12]_i_1/O
                         net (fo=1, routed)           0.000     2.717    student_top_inst/u_KLDJ_top/ifu0/pc_reg_reg[31]_1[12]
    SLICE_X47Y72         FDRE                                         r  student_top_inst/u_KLDJ_top/ifu0/pc_reg_reg[12]/D
  -------------------------------------------------------------------    -------------------

                         (clock clk_out2_pll rise edge)
                                                      5.714     5.714 r  
    AD12                                              0.000     5.714 r  i_sys_clk_p (IN)
                         net (fo=0)                   0.000     5.714    pll_inst/inst/clk_in1_p
    AD12                                                              r  pll_inst/inst/clkin1_ibufgds/I
    AD12                 IBUFDS (Prop_ibufds_I_O)     0.803     6.518 r  pll_inst/inst/clkin1_ibufgds/O
                         net (fo=1, routed)           1.001     7.519    pll_inst/inst/clk_in1_pll
    PLLE2_ADV_X1Y1                                                    r  pll_inst/inst/plle2_adv_inst/CLKIN1
    PLLE2_ADV_X1Y1       PLLE2_ADV (Prop_plle2_adv_CLKIN1_CLKOUT1)
                                                     -7.261     0.258 r  pll_inst/inst/plle2_adv_inst/CLKOUT1
                         net (fo=1, routed)           2.003     2.261    pll_inst/inst/clk_out2_pll
    BUFGCTRL_X0Y0                                                     r  pll_inst/inst/clkout2_buf/I
    BUFGCTRL_X0Y0        BUFG (Prop_bufg_I_O)         0.083     2.344 r  pll_inst/inst/clkout2_buf/O
                         net (fo=5828, routed)        1.477     3.821    student_top_inst/u_KLDJ_top/ifu0/clk_out2
    SLICE_X47Y72         FDRE                                         r  student_top_inst/u_KLDJ_top/ifu0/pc_reg_reg[12]/C
                         clock pessimism             -0.373     3.448    
                         clock uncertainty           -0.077     3.371    
    SLICE_X47Y72         FDRE (Setup_fdre_C_D)        0.048     3.419    student_top_inst/u_KLDJ_top/ifu0/pc_reg_reg[12]
  -------------------------------------------------------------------
                         required time                          3.419    
                         arrival time                          -2.717    
  -------------------------------------------------------------------
                         slack                                  0.702    

Slack (MET) :             0.719ns  (required time - arrival time)
  Source:                 student_top_inst/u_KLDJ_top/ifu0/pc_reg_reg[2]/C
                            (rising edge-triggered cell FDRE clocked by clk_out2_pll  {rise@0.000ns fall@2.857ns period=5.714ns})
  Destination:            student_top_inst/u_KLDJ_top/ifu0/pc_reg_reg[22]/D
                            (rising edge-triggered cell FDRE clocked by clk_out2_pll  {rise@0.000ns fall@2.857ns period=5.714ns})
  Path Group:             clk_out2_pll
  Path Type:              Setup (Max at Slow Process Corner)
  Requirement:            5.714ns  (clk_out2_pll rise@5.714ns - clk_out2_pll rise@0.000ns)
  Data Path Delay:        4.981ns  (logic 0.903ns (18.129%)  route 4.078ns (81.871%))
  Logic Levels:           8  (LUT2=1 LUT3=1 LUT5=1 LUT6=3 MUXF7=2)
  Clock Path Skew:        0.014ns (DCD - SCD + CPR)
    Destination Clock Delay (DCD):    -1.894ns = ( 3.821 - 5.714 ) 
    Source Clock Delay      (SCD):    -2.280ns
    Clock Pessimism Removal (CPR):    -0.373ns
  Clock Uncertainty:      0.077ns  ((TSJ^2 + DJ^2)^1/2) / 2 + PE
    Total System Jitter     (TSJ):    0.071ns
    Discrete Jitter          (DJ):    0.137ns
    Phase Error              (PE):    0.000ns

    Location             Delay type                Incr(ns)  Path(ns)    Netlist Resource(s)
  -------------------------------------------------------------------    -------------------
                         (clock clk_out2_pll rise edge)
                                                      0.000     0.000 r  
    AD12                                              0.000     0.000 r  i_sys_clk_p (IN)
                         net (fo=0)                   0.000     0.000    pll_inst/inst/clk_in1_p
    AD12                                                              r  pll_inst/inst/clkin1_ibufgds/I
    AD12                 IBUFDS (Prop_ibufds_I_O)     0.906     0.906 r  pll_inst/inst/clkin1_ibufgds/O
                         net (fo=1, routed)           1.098     2.004    pll_inst/inst/clk_in1_pll
    PLLE2_ADV_X1Y1                                                    r  pll_inst/inst/plle2_adv_inst/CLKIN1
    PLLE2_ADV_X1Y1       PLLE2_ADV (Prop_plle2_adv_CLKIN1_CLKOUT1)
                                                     -8.058    -6.054 r  pll_inst/inst/plle2_adv_inst/CLKOUT1
                         net (fo=1, routed)           2.128    -3.926    pll_inst/inst/clk_out2_pll
    BUFGCTRL_X0Y0                                                     r  pll_inst/inst/clkout2_buf/I
    BUFGCTRL_X0Y0        BUFG (Prop_bufg_I_O)         0.093    -3.833 r  pll_inst/inst/clkout2_buf/O
                         net (fo=5828, routed)        1.553    -2.280    student_top_inst/u_KLDJ_top/ifu0/clk_out2
    SLICE_X50Y79         FDRE                                         r  student_top_inst/u_KLDJ_top/ifu0/pc_reg_reg[2]/C
  -------------------------------------------------------------------    -------------------
    SLICE_X50Y79         FDRE (Prop_fdre_C_Q)         0.259    -2.021 r  student_top_inst/u_KLDJ_top/ifu0/pc_reg_reg[2]/Q
                         net (fo=1023, routed)        0.491    -1.530    student_top_inst/u_KLDJ_top/u_bpu/u_gshare_btb_core/D[0]
    SLICE_X41Y81                                                      r  student_top_inst/u_KLDJ_top/u_bpu/u_gshare_btb_core/pht_reg_0_63_0_0_i_3/I1
    SLICE_X41Y81         LUT2 (Prop_lut2_I1_O)        0.043    -1.487 r  student_top_inst/u_KLDJ_top/u_bpu/u_gshare_btb_core/pht_reg_0_63_0_0_i_3/O
                         net (fo=18, routed)          0.992    -0.495    student_top_inst/u_KLDJ_top/u_bpu/u_gshare_btb_core/lookup_pht_idx[0]
    SLICE_X13Y104                                                     r  student_top_inst/u_KLDJ_top/u_bpu/u_gshare_btb_core/if_id_pred_taken_i_29/I4
    SLICE_X13Y104        LUT6 (Prop_lut6_I4_O)        0.043    -0.452 r  student_top_inst/u_KLDJ_top/u_bpu/u_gshare_btb_core/if_id_pred_taken_i_29/O
                         net (fo=1, routed)           0.534     0.082    student_top_inst/u_KLDJ_top/u_bpu/u_gshare_btb_core/if_id_pred_taken_i_29_n_0
    SLICE_X16Y103                                                     r  student_top_inst/u_KLDJ_top/u_bpu/u_gshare_btb_core/if_id_pred_taken_i_13/I1
    SLICE_X16Y103        LUT6 (Prop_lut6_I1_O)        0.043     0.125 r  student_top_inst/u_KLDJ_top/u_bpu/u_gshare_btb_core/if_id_pred_taken_i_13/O
                         net (fo=1, routed)           0.000     0.125    student_top_inst/u_KLDJ_top/u_bpu/u_gshare_btb_core/if_id_pred_taken_i_13_n_0
    SLICE_X16Y103                                                     r  student_top_inst/u_KLDJ_top/u_bpu/u_gshare_btb_core/if_id_pred_taken_reg_i_6/I1
    SLICE_X16Y103        MUXF7 (Prop_muxf7_I1_O)      0.103     0.228 r  student_top_inst/u_KLDJ_top/u_bpu/u_gshare_btb_core/if_id_pred_taken_reg_i_6/O
                         net (fo=1, routed)           0.807     1.035    student_top_inst/u_KLDJ_top/u_bpu/u_gshare_btb_core/if_id_pred_taken_reg_i_6_n_0
    SLICE_X25Y97                                                      r  student_top_inst/u_KLDJ_top/u_bpu/u_gshare_btb_core/if_id_pred_taken_i_3/I0
    SLICE_X25Y97         LUT5 (Prop_lut5_I0_O)        0.130     1.165 r  student_top_inst/u_KLDJ_top/u_bpu/u_gshare_btb_core/if_id_pred_taken_i_3/O
                         net (fo=1, routed)           0.453     1.618    student_top_inst/u_KLDJ_top/u_bpu/u_gshare_btb_core/lookup_pht_value__0[1]
    SLICE_X39Y96                                                      r  student_top_inst/u_KLDJ_top/u_bpu/u_gshare_btb_core/if_id_pred_taken_i_2/I0
    SLICE_X39Y96         LUT6 (Prop_lut6_I0_O)        0.132     1.750 r  student_top_inst/u_KLDJ_top/u_bpu/u_gshare_btb_core/if_id_pred_taken_i_2/O
                         net (fo=33, routed)          0.801     2.550    student_top_inst/u_KLDJ_top/ifu0/if_pred_taken
    SLICE_X45Y74                                                      r  student_top_inst/u_KLDJ_top/ifu0/pc_reg[22]_i_2/I1
    SLICE_X45Y74         LUT3 (Prop_lut3_I1_O)        0.043     2.593 r  student_top_inst/u_KLDJ_top/ifu0/pc_reg[22]_i_2/O
                         net (fo=1, routed)           0.000     2.593    student_top_inst/u_KLDJ_top/u_pipe_id_ex/dnpc[22]
    SLICE_X45Y74                                                      r  student_top_inst/u_KLDJ_top/u_pipe_id_ex/pc_reg_reg[22]_i_1/I0
    SLICE_X45Y74         MUXF7 (Prop_muxf7_I0_O)      0.107     2.700 r  student_top_inst/u_KLDJ_top/u_pipe_id_ex/pc_reg_reg[22]_i_1/O
                         net (fo=1, routed)           0.000     2.700    student_top_inst/u_KLDJ_top/ifu0/pc_reg_reg[31]_1[22]
    SLICE_X45Y74         FDRE                                         r  student_top_inst/u_KLDJ_top/ifu0/pc_reg_reg[22]/D
  -------------------------------------------------------------------    -------------------

                         (clock clk_out2_pll rise edge)
                                                      5.714     5.714 r  
    AD12                                              0.000     5.714 r  i_sys_clk_p (IN)
                         net (fo=0)                   0.000     5.714    pll_inst/inst/clk_in1_p
    AD12                                                              r  pll_inst/inst/clkin1_ibufgds/I
    AD12                 IBUFDS (Prop_ibufds_I_O)     0.803     6.518 r  pll_inst/inst/clkin1_ibufgds/O
                         net (fo=1, routed)           1.001     7.519    pll_inst/inst/clk_in1_pll
    PLLE2_ADV_X1Y1                                                    r  pll_inst/inst/plle2_adv_inst/CLKIN1
    PLLE2_ADV_X1Y1       PLLE2_ADV (Prop_plle2_adv_CLKIN1_CLKOUT1)
                                                     -7.261     0.258 r  pll_inst/inst/plle2_adv_inst/CLKOUT1
                         net (fo=1, routed)           2.003     2.261    pll_inst/inst/clk_out2_pll
    BUFGCTRL_X0Y0                                                     r  pll_inst/inst/clkout2_buf/I
    BUFGCTRL_X0Y0        BUFG (Prop_bufg_I_O)         0.083     2.344 r  pll_inst/inst/clkout2_buf/O
                         net (fo=5828, routed)        1.477     3.821    student_top_inst/u_KLDJ_top/ifu0/clk_out2
    SLICE_X45Y74         FDRE                                         r  student_top_inst/u_KLDJ_top/ifu0/pc_reg_reg[22]/C
                         clock pessimism             -0.373     3.448    
                         clock uncertainty           -0.077     3.371    
    SLICE_X45Y74         FDRE (Setup_fdre_C_D)        0.048     3.419    student_top_inst/u_KLDJ_top/ifu0/pc_reg_reg[22]
  -------------------------------------------------------------------
                         required time                          3.419    
                         arrival time                          -2.700    
  -------------------------------------------------------------------
                         slack                                  0.719    

Slack (MET) :             0.724ns  (required time - arrival time)
  Source:                 student_top_inst/u_KLDJ_top/ifu0/pc_reg_reg[2]/C
                            (rising edge-triggered cell FDRE clocked by clk_out2_pll  {rise@0.000ns fall@2.857ns period=5.714ns})
  Destination:            student_top_inst/u_KLDJ_top/ifu0/pc_reg_reg[19]/D
                            (rising edge-triggered cell FDRE clocked by clk_out2_pll  {rise@0.000ns fall@2.857ns period=5.714ns})
  Path Group:             clk_out2_pll
  Path Type:              Setup (Max at Slow Process Corner)
  Requirement:            5.714ns  (clk_out2_pll rise@5.714ns - clk_out2_pll rise@0.000ns)
  Data Path Delay:        5.003ns  (logic 0.897ns (17.928%)  route 4.106ns (82.072%))
  Logic Levels:           8  (LUT2=1 LUT3=1 LUT5=1 LUT6=3 MUXF7=2)
  Clock Path Skew:        0.014ns (DCD - SCD + CPR)
    Destination Clock Delay (DCD):    -1.894ns = ( 3.821 - 5.714 ) 
    Source Clock Delay      (SCD):    -2.280ns
    Clock Pessimism Removal (CPR):    -0.373ns
  Clock Uncertainty:      0.077ns  ((TSJ^2 + DJ^2)^1/2) / 2 + PE
    Total System Jitter     (TSJ):    0.071ns
    Discrete Jitter          (DJ):    0.137ns
    Phase Error              (PE):    0.000ns

    Location             Delay type                Incr(ns)  Path(ns)    Netlist Resource(s)
  -------------------------------------------------------------------    -------------------
                         (clock clk_out2_pll rise edge)
                                                      0.000     0.000 r  
    AD12                                              0.000     0.000 r  i_sys_clk_p (IN)
                         net (fo=0)                   0.000     0.000    pll_inst/inst/clk_in1_p
    AD12                                                              r  pll_inst/inst/clkin1_ibufgds/I
    AD12                 IBUFDS (Prop_ibufds_I_O)     0.906     0.906 r  pll_inst/inst/clkin1_ibufgds/O
                         net (fo=1, routed)           1.098     2.004    pll_inst/inst/clk_in1_pll
    PLLE2_ADV_X1Y1                                                    r  pll_inst/inst/plle2_adv_inst/CLKIN1
    PLLE2_ADV_X1Y1       PLLE2_ADV (Prop_plle2_adv_CLKIN1_CLKOUT1)
                                                     -8.058    -6.054 r  pll_inst/inst/plle2_adv_inst/CLKOUT1
                         net (fo=1, routed)           2.128    -3.926    pll_inst/inst/clk_out2_pll
    BUFGCTRL_X0Y0                                                     r  pll_inst/inst/clkout2_buf/I
    BUFGCTRL_X0Y0        BUFG (Prop_bufg_I_O)         0.093    -3.833 r  pll_inst/inst/clkout2_buf/O
                         net (fo=5828, routed)        1.553    -2.280    student_top_inst/u_KLDJ_top/ifu0/clk_out2
    SLICE_X50Y79         FDRE                                         r  student_top_inst/u_KLDJ_top/ifu0/pc_reg_reg[2]/C
  -------------------------------------------------------------------    -------------------
    SLICE_X50Y79         FDRE (Prop_fdre_C_Q)         0.259    -2.021 r  student_top_inst/u_KLDJ_top/ifu0/pc_reg_reg[2]/Q
                         net (fo=1023, routed)        0.491    -1.530    student_top_inst/u_KLDJ_top/u_bpu/u_gshare_btb_core/D[0]
    SLICE_X41Y81                                                      r  student_top_inst/u_KLDJ_top/u_bpu/u_gshare_btb_core/pht_reg_0_63_0_0_i_3/I1
    SLICE_X41Y81         LUT2 (Prop_lut2_I1_O)        0.043    -1.487 r  student_top_inst/u_KLDJ_top/u_bpu/u_gshare_btb_core/pht_reg_0_63_0_0_i_3/O
                         net (fo=18, routed)          0.992    -0.495    student_top_inst/u_KLDJ_top/u_bpu/u_gshare_btb_core/lookup_pht_idx[0]
    SLICE_X13Y104                                                     r  student_top_inst/u_KLDJ_top/u_bpu/u_gshare_btb_core/if_id_pred_taken_i_29/I4
    SLICE_X13Y104        LUT6 (Prop_lut6_I4_O)        0.043    -0.452 r  student_top_inst/u_KLDJ_top/u_bpu/u_gshare_btb_core/if_id_pred_taken_i_29/O
                         net (fo=1, routed)           0.534     0.082    student_top_inst/u_KLDJ_top/u_bpu/u_gshare_btb_core/if_id_pred_taken_i_29_n_0
    SLICE_X16Y103                                                     r  student_top_inst/u_KLDJ_top/u_bpu/u_gshare_btb_core/if_id_pred_taken_i_13/I1
    SLICE_X16Y103        LUT6 (Prop_lut6_I1_O)        0.043     0.125 r  student_top_inst/u_KLDJ_top/u_bpu/u_gshare_btb_core/if_id_pred_taken_i_13/O
                         net (fo=1, routed)           0.000     0.125    student_top_inst/u_KLDJ_top/u_bpu/u_gshare_btb_core/if_id_pred_taken_i_13_n_0
    SLICE_X16Y103                                                     r  student_top_inst/u_KLDJ_top/u_bpu/u_gshare_btb_core/if_id_pred_taken_reg_i_6/I1
    SLICE_X16Y103        MUXF7 (Prop_muxf7_I1_O)      0.103     0.228 r  student_top_inst/u_KLDJ_top/u_bpu/u_gshare_btb_core/if_id_pred_taken_reg_i_6/O
                         net (fo=1, routed)           0.807     1.035    student_top_inst/u_KLDJ_top/u_bpu/u_gshare_btb_core/if_id_pred_taken_reg_i_6_n_0
    SLICE_X25Y97                                                      r  student_top_inst/u_KLDJ_top/u_bpu/u_gshare_btb_core/if_id_pred_taken_i_3/I0
    SLICE_X25Y97         LUT5 (Prop_lut5_I0_O)        0.130     1.165 r  student_top_inst/u_KLDJ_top/u_bpu/u_gshare_btb_core/if_id_pred_taken_i_3/O
                         net (fo=1, routed)           0.453     1.618    student_top_inst/u_KLDJ_top/u_bpu/u_gshare_btb_core/lookup_pht_value__0[1]
    SLICE_X39Y96                                                      r  student_top_inst/u_KLDJ_top/u_bpu/u_gshare_btb_core/if_id_pred_taken_i_2/I0
    SLICE_X39Y96         LUT6 (Prop_lut6_I0_O)        0.132     1.750 r  student_top_inst/u_KLDJ_top/u_bpu/u_gshare_btb_core/if_id_pred_taken_i_2/O
                         net (fo=33, routed)          0.829     2.579    student_top_inst/u_KLDJ_top/ifu0/if_pred_taken
    SLICE_X46Y72                                                      r  student_top_inst/u_KLDJ_top/ifu0/pc_reg[19]_i_2/I1
    SLICE_X46Y72         LUT3 (Prop_lut3_I1_O)        0.043     2.622 r  student_top_inst/u_KLDJ_top/ifu0/pc_reg[19]_i_2/O
                         net (fo=1, routed)           0.000     2.622    student_top_inst/u_KLDJ_top/u_pipe_id_ex/dnpc[19]
    SLICE_X46Y72                                                      r  student_top_inst/u_KLDJ_top/u_pipe_id_ex/pc_reg_reg[19]_i_1/I0
    SLICE_X46Y72         MUXF7 (Prop_muxf7_I0_O)      0.101     2.723 r  student_top_inst/u_KLDJ_top/u_pipe_id_ex/pc_reg_reg[19]_i_1/O
                         net (fo=1, routed)           0.000     2.723    student_top_inst/u_KLDJ_top/ifu0/pc_reg_reg[31]_1[19]
    SLICE_X46Y72         FDRE                                         r  student_top_inst/u_KLDJ_top/ifu0/pc_reg_reg[19]/D
  -------------------------------------------------------------------    -------------------

                         (clock clk_out2_pll rise edge)
                                                      5.714     5.714 r  
    AD12                                              0.000     5.714 r  i_sys_clk_p (IN)
                         net (fo=0)                   0.000     5.714    pll_inst/inst/clk_in1_p
    AD12                                                              r  pll_inst/inst/clkin1_ibufgds/I
    AD12                 IBUFDS (Prop_ibufds_I_O)     0.803     6.518 r  pll_inst/inst/clkin1_ibufgds/O
                         net (fo=1, routed)           1.001     7.519    pll_inst/inst/clk_in1_pll
    PLLE2_ADV_X1Y1                                                    r  pll_inst/inst/plle2_adv_inst/CLKIN1
    PLLE2_ADV_X1Y1       PLLE2_ADV (Prop_plle2_adv_CLKIN1_CLKOUT1)
                                                     -7.261     0.258 r  pll_inst/inst/plle2_adv_inst/CLKOUT1
                         net (fo=1, routed)           2.003     2.261    pll_inst/inst/clk_out2_pll
    BUFGCTRL_X0Y0                                                     r  pll_inst/inst/clkout2_buf/I
    BUFGCTRL_X0Y0        BUFG (Prop_bufg_I_O)         0.083     2.344 r  pll_inst/inst/clkout2_buf/O
                         net (fo=5828, routed)        1.477     3.821    student_top_inst/u_KLDJ_top/ifu0/clk_out2
    SLICE_X46Y72         FDRE                                         r  student_top_inst/u_KLDJ_top/ifu0/pc_reg_reg[19]/C
                         clock pessimism             -0.373     3.448    
                         clock uncertainty           -0.077     3.371    
    SLICE_X46Y72         FDRE (Setup_fdre_C_D)        0.076     3.447    student_top_inst/u_KLDJ_top/ifu0/pc_reg_reg[19]
  -------------------------------------------------------------------
                         required time                          3.447    
                         arrival time                          -2.723    
  -------------------------------------------------------------------
                         slack                                  0.724    

Slack (MET) :             0.743ns  (required time - arrival time)
  Source:                 student_top_inst/u_KLDJ_top/ifu0/pc_reg_reg[2]/C
                            (rising edge-triggered cell FDRE clocked by clk_out2_pll  {rise@0.000ns fall@2.857ns period=5.714ns})
  Destination:            student_top_inst/u_KLDJ_top/ifu0/pc_reg_reg[14]/D
                            (rising edge-triggered cell FDRE clocked by clk_out2_pll  {rise@0.000ns fall@2.857ns period=5.714ns})
  Path Group:             clk_out2_pll
  Path Type:              Setup (Max at Slow Process Corner)
  Requirement:            5.714ns  (clk_out2_pll rise@5.714ns - clk_out2_pll rise@0.000ns)
  Data Path Delay:        4.955ns  (logic 0.903ns (18.223%)  route 4.052ns (81.777%))
  Logic Levels:           8  (LUT2=1 LUT3=1 LUT5=1 LUT6=3 MUXF7=2)
  Clock Path Skew:        0.013ns (DCD - SCD + CPR)
    Destination Clock Delay (DCD):    -1.895ns = ( 3.820 - 5.714 ) 
    Source Clock Delay      (SCD):    -2.280ns
    Clock Pessimism Removal (CPR):    -0.373ns
  Clock Uncertainty:      0.077ns  ((TSJ^2 + DJ^2)^1/2) / 2 + PE
    Total System Jitter     (TSJ):    0.071ns
    Discrete Jitter          (DJ):    0.137ns
    Phase Error              (PE):    0.000ns

    Location             Delay type                Incr(ns)  Path(ns)    Netlist Resource(s)
  -------------------------------------------------------------------    -------------------
                         (clock clk_out2_pll rise edge)
                                                      0.000     0.000 r  
    AD12                                              0.000     0.000 r  i_sys_clk_p (IN)
                         net (fo=0)                   0.000     0.000    pll_inst/inst/clk_in1_p
    AD12                                                              r  pll_inst/inst/clkin1_ibufgds/I
    AD12                 IBUFDS (Prop_ibufds_I_O)     0.906     0.906 r  pll_inst/inst/clkin1_ibufgds/O
                         net (fo=1, routed)           1.098     2.004    pll_inst/inst/clk_in1_pll
    PLLE2_ADV_X1Y1                                                    r  pll_inst/inst/plle2_adv_inst/CLKIN1
    PLLE2_ADV_X1Y1       PLLE2_ADV (Prop_plle2_adv_CLKIN1_CLKOUT1)
                                                     -8.058    -6.054 r  pll_inst/inst/plle2_adv_inst/CLKOUT1
                         net (fo=1, routed)           2.128    -3.926    pll_inst/inst/clk_out2_pll
    BUFGCTRL_X0Y0                                                     r  pll_inst/inst/clkout2_buf/I
    BUFGCTRL_X0Y0        BUFG (Prop_bufg_I_O)         0.093    -3.833 r  pll_inst/inst/clkout2_buf/O
                         net (fo=5828, routed)        1.553    -2.280    student_top_inst/u_KLDJ_top/ifu0/clk_out2
    SLICE_X50Y79         FDRE                                         r  student_top_inst/u_KLDJ_top/ifu0/pc_reg_reg[2]/C
  -------------------------------------------------------------------    -------------------
    SLICE_X50Y79         FDRE (Prop_fdre_C_Q)         0.259    -2.021 r  student_top_inst/u_KLDJ_top/ifu0/pc_reg_reg[2]/Q
                         net (fo=1023, routed)        0.491    -1.530    student_top_inst/u_KLDJ_top/u_bpu/u_gshare_btb_core/D[0]
    SLICE_X41Y81                                                      r  student_top_inst/u_KLDJ_top/u_bpu/u_gshare_btb_core/pht_reg_0_63_0_0_i_3/I1
    SLICE_X41Y81         LUT2 (Prop_lut2_I1_O)        0.043    -1.487 r  student_top_inst/u_KLDJ_top/u_bpu/u_gshare_btb_core/pht_reg_0_63_0_0_i_3/O
                         net (fo=18, routed)          0.992    -0.495    student_top_inst/u_KLDJ_top/u_bpu/u_gshare_btb_core/lookup_pht_idx[0]
    SLICE_X13Y104                                                     r  student_top_inst/u_KLDJ_top/u_bpu/u_gshare_btb_core/if_id_pred_taken_i_29/I4
    SLICE_X13Y104        LUT6 (Prop_lut6_I4_O)        0.043    -0.452 r  student_top_inst/u_KLDJ_top/u_bpu/u_gshare_btb_core/if_id_pred_taken_i_29/O
                         net (fo=1, routed)           0.534     0.082    student_top_inst/u_KLDJ_top/u_bpu/u_gshare_btb_core/if_id_pred_taken_i_29_n_0
    SLICE_X16Y103                                                     r  student_top_inst/u_KLDJ_top/u_bpu/u_gshare_btb_core/if_id_pred_taken_i_13/I1
    SLICE_X16Y103        LUT6 (Prop_lut6_I1_O)        0.043     0.125 r  student_top_inst/u_KLDJ_top/u_bpu/u_gshare_btb_core/if_id_pred_taken_i_13/O
                         net (fo=1, routed)           0.000     0.125    student_top_inst/u_KLDJ_top/u_bpu/u_gshare_btb_core/if_id_pred_taken_i_13_n_0
    SLICE_X16Y103                                                     r  student_top_inst/u_KLDJ_top/u_bpu/u_gshare_btb_core/if_id_pred_taken_reg_i_6/I1
    SLICE_X16Y103        MUXF7 (Prop_muxf7_I1_O)      0.103     0.228 r  student_top_inst/u_KLDJ_top/u_bpu/u_gshare_btb_core/if_id_pred_taken_reg_i_6/O
                         net (fo=1, routed)           0.807     1.035    student_top_inst/u_KLDJ_top/u_bpu/u_gshare_btb_core/if_id_pred_taken_reg_i_6_n_0
    SLICE_X25Y97                                                      r  student_top_inst/u_KLDJ_top/u_bpu/u_gshare_btb_core/if_id_pred_taken_i_3/I0
    SLICE_X25Y97         LUT5 (Prop_lut5_I0_O)        0.130     1.165 r  student_top_inst/u_KLDJ_top/u_bpu/u_gshare_btb_core/if_id_pred_taken_i_3/O
                         net (fo=1, routed)           0.453     1.618    student_top_inst/u_KLDJ_top/u_bpu/u_gshare_btb_core/lookup_pht_value__0[1]
    SLICE_X39Y96                                                      r  student_top_inst/u_KLDJ_top/u_bpu/u_gshare_btb_core/if_id_pred_taken_i_2/I0
    SLICE_X39Y96         LUT6 (Prop_lut6_I0_O)        0.132     1.750 r  student_top_inst/u_KLDJ_top/u_bpu/u_gshare_btb_core/if_id_pred_taken_i_2/O
                         net (fo=33, routed)          0.775     2.525    student_top_inst/u_KLDJ_top/ifu0/if_pred_taken
    SLICE_X48Y73                                                      r  student_top_inst/u_KLDJ_top/ifu0/pc_reg[14]_i_2/I1
    SLICE_X48Y73         LUT3 (Prop_lut3_I1_O)        0.043     2.568 r  student_top_inst/u_KLDJ_top/ifu0/pc_reg[14]_i_2/O
                         net (fo=1, routed)           0.000     2.568    student_top_inst/u_KLDJ_top/u_pipe_id_ex/dnpc[14]
    SLICE_X48Y73                                                      r  student_top_inst/u_KLDJ_top/u_pipe_id_ex/pc_reg_reg[14]_i_1/I0
    SLICE_X48Y73         MUXF7 (Prop_muxf7_I0_O)      0.107     2.675 r  student_top_inst/u_KLDJ_top/u_pipe_id_ex/pc_reg_reg[14]_i_1/O
                         net (fo=1, routed)           0.000     2.675    student_top_inst/u_KLDJ_top/ifu0/pc_reg_reg[31]_1[14]
    SLICE_X48Y73         FDRE                                         r  student_top_inst/u_KLDJ_top/ifu0/pc_reg_reg[14]/D
  -------------------------------------------------------------------    -------------------

                         (clock clk_out2_pll rise edge)
                                                      5.714     5.714 r  
    AD12                                              0.000     5.714 r  i_sys_clk_p (IN)
                         net (fo=0)                   0.000     5.714    pll_inst/inst/clk_in1_p
    AD12                                                              r  pll_inst/inst/clkin1_ibufgds/I
    AD12                 IBUFDS (Prop_ibufds_I_O)     0.803     6.518 r  pll_inst/inst/clkin1_ibufgds/O
                         net (fo=1, routed)           1.001     7.519    pll_inst/inst/clk_in1_pll
    PLLE2_ADV_X1Y1                                                    r  pll_inst/inst/plle2_adv_inst/CLKIN1
    PLLE2_ADV_X1Y1       PLLE2_ADV (Prop_plle2_adv_CLKIN1_CLKOUT1)
                                                     -7.261     0.258 r  pll_inst/inst/plle2_adv_inst/CLKOUT1
                         net (fo=1, routed)           2.003     2.261    pll_inst/inst/clk_out2_pll
    BUFGCTRL_X0Y0                                                     r  pll_inst/inst/clkout2_buf/I
    BUFGCTRL_X0Y0        BUFG (Prop_bufg_I_O)         0.083     2.344 r  pll_inst/inst/clkout2_buf/O
                         net (fo=5828, routed)        1.476     3.820    student_top_inst/u_KLDJ_top/ifu0/clk_out2
    SLICE_X48Y73         FDRE                                         r  student_top_inst/u_KLDJ_top/ifu0/pc_reg_reg[14]/C
                         clock pessimism             -0.373     3.447    
                         clock uncertainty           -0.077     3.370    
    SLICE_X48Y73         FDRE (Setup_fdre_C_D)        0.048     3.418    student_top_inst/u_KLDJ_top/ifu0/pc_reg_reg[14]
  -------------------------------------------------------------------
                         required time                          3.418    
                         arrival time                          -2.675    
  -------------------------------------------------------------------
                         slack                                  0.743    

Slack (MET) :             0.750ns  (required time - arrival time)
  Source:                 student_top_inst/u_KLDJ_top/ifu0/pc_reg_reg[2]/C
                            (rising edge-triggered cell FDRE clocked by clk_out2_pll  {rise@0.000ns fall@2.857ns period=5.714ns})
  Destination:            student_top_inst/u_KLDJ_top/ifu0/pc_reg_reg[21]/D
                            (rising edge-triggered cell FDRE clocked by clk_out2_pll  {rise@0.000ns fall@2.857ns period=5.714ns})
  Path Group:             clk_out2_pll
  Path Type:              Setup (Max at Slow Process Corner)
  Requirement:            5.714ns  (clk_out2_pll rise@5.714ns - clk_out2_pll rise@0.000ns)
  Data Path Delay:        4.983ns  (logic 0.897ns (18.003%)  route 4.086ns (81.997%))
  Logic Levels:           8  (LUT2=1 LUT3=1 LUT5=1 LUT6=3 MUXF7=2)
  Clock Path Skew:        0.019ns (DCD - SCD + CPR)
    Destination Clock Delay (DCD):    -1.889ns = ( 3.826 - 5.714 ) 
    Source Clock Delay      (SCD):    -2.280ns
    Clock Pessimism Removal (CPR):    -0.373ns
  Clock Uncertainty:      0.077ns  ((TSJ^2 + DJ^2)^1/2) / 2 + PE
    Total System Jitter     (TSJ):    0.071ns
    Discrete Jitter          (DJ):    0.137ns
    Phase Error              (PE):    0.000ns

    Location             Delay type                Incr(ns)  Path(ns)    Netlist Resource(s)
  -------------------------------------------------------------------    -------------------
                         (clock clk_out2_pll rise edge)
                                                      0.000     0.000 r  
    AD12                                              0.000     0.000 r  i_sys_clk_p (IN)
                         net (fo=0)                   0.000     0.000    pll_inst/inst/clk_in1_p
    AD12                                                              r  pll_inst/inst/clkin1_ibufgds/I
    AD12                 IBUFDS (Prop_ibufds_I_O)     0.906     0.906 r  pll_inst/inst/clkin1_ibufgds/O
                         net (fo=1, routed)           1.098     2.004    pll_inst/inst/clk_in1_pll
    PLLE2_ADV_X1Y1                                                    r  pll_inst/inst/plle2_adv_inst/CLKIN1
    PLLE2_ADV_X1Y1       PLLE2_ADV (Prop_plle2_adv_CLKIN1_CLKOUT1)
                                                     -8.058    -6.054 r  pll_inst/inst/plle2_adv_inst/CLKOUT1
                         net (fo=1, routed)           2.128    -3.926    pll_inst/inst/clk_out2_pll
    BUFGCTRL_X0Y0                                                     r  pll_inst/inst/clkout2_buf/I
    BUFGCTRL_X0Y0        BUFG (Prop_bufg_I_O)         0.093    -3.833 r  pll_inst/inst/clkout2_buf/O
                         net (fo=5828, routed)        1.553    -2.280    student_top_inst/u_KLDJ_top/ifu0/clk_out2
    SLICE_X50Y79         FDRE                                         r  student_top_inst/u_KLDJ_top/ifu0/pc_reg_reg[2]/C
  -------------------------------------------------------------------    -------------------
    SLICE_X50Y79         FDRE (Prop_fdre_C_Q)         0.259    -2.021 r  student_top_inst/u_KLDJ_top/ifu0/pc_reg_reg[2]/Q
                         net (fo=1023, routed)        0.491    -1.530    student_top_inst/u_KLDJ_top/u_bpu/u_gshare_btb_core/D[0]
    SLICE_X41Y81                                                      r  student_top_inst/u_KLDJ_top/u_bpu/u_gshare_btb_core/pht_reg_0_63_0_0_i_3/I1
    SLICE_X41Y81         LUT2 (Prop_lut2_I1_O)        0.043    -1.487 r  student_top_inst/u_KLDJ_top/u_bpu/u_gshare_btb_core/pht_reg_0_63_0_0_i_3/O
                         net (fo=18, routed)          0.992    -0.495    student_top_inst/u_KLDJ_top/u_bpu/u_gshare_btb_core/lookup_pht_idx[0]
    SLICE_X13Y104                                                     r  student_top_inst/u_KLDJ_top/u_bpu/u_gshare_btb_core/if_id_pred_taken_i_29/I4
    SLICE_X13Y104        LUT6 (Prop_lut6_I4_O)        0.043    -0.452 r  student_top_inst/u_KLDJ_top/u_bpu/u_gshare_btb_core/if_id_pred_taken_i_29/O
                         net (fo=1, routed)           0.534     0.082    student_top_inst/u_KLDJ_top/u_bpu/u_gshare_btb_core/if_id_pred_taken_i_29_n_0
    SLICE_X16Y103                                                     r  student_top_inst/u_KLDJ_top/u_bpu/u_gshare_btb_core/if_id_pred_taken_i_13/I1
    SLICE_X16Y103        LUT6 (Prop_lut6_I1_O)        0.043     0.125 r  student_top_inst/u_KLDJ_top/u_bpu/u_gshare_btb_core/if_id_pred_taken_i_13/O
                         net (fo=1, routed)           0.000     0.125    student_top_inst/u_KLDJ_top/u_bpu/u_gshare_btb_core/if_id_pred_taken_i_13_n_0
    SLICE_X16Y103                                                     r  student_top_inst/u_KLDJ_top/u_bpu/u_gshare_btb_core/if_id_pred_taken_reg_i_6/I1
    SLICE_X16Y103        MUXF7 (Prop_muxf7_I1_O)      0.103     0.228 r  student_top_inst/u_KLDJ_top/u_bpu/u_gshare_btb_core/if_id_pred_taken_reg_i_6/O
                         net (fo=1, routed)           0.807     1.035    student_top_inst/u_KLDJ_top/u_bpu/u_gshare_btb_core/if_id_pred_taken_reg_i_6_n_0
    SLICE_X25Y97                                                      r  student_top_inst/u_KLDJ_top/u_bpu/u_gshare_btb_core/if_id_pred_taken_i_3/I0
    SLICE_X25Y97         LUT5 (Prop_lut5_I0_O)        0.130     1.165 r  student_top_inst/u_KLDJ_top/u_bpu/u_gshare_btb_core/if_id_pred_taken_i_3/O
                         net (fo=1, routed)           0.453     1.618    student_top_inst/u_KLDJ_top/u_bpu/u_gshare_btb_core/lookup_pht_value__0[1]
    SLICE_X39Y96                                                      r  student_top_inst/u_KLDJ_top/u_bpu/u_gshare_btb_core/if_id_pred_taken_i_2/I0
    SLICE_X39Y96         LUT6 (Prop_lut6_I0_O)        0.132     1.750 r  student_top_inst/u_KLDJ_top/u_bpu/u_gshare_btb_core/if_id_pred_taken_i_2/O
                         net (fo=33, routed)          0.808     2.558    student_top_inst/u_KLDJ_top/ifu0/if_pred_taken
    SLICE_X46Y82                                                      r  student_top_inst/u_KLDJ_top/ifu0/pc_reg[21]_i_2/I1
    SLICE_X46Y82         LUT3 (Prop_lut3_I1_O)        0.043     2.601 r  student_top_inst/u_KLDJ_top/ifu0/pc_reg[21]_i_2/O
                         net (fo=1, routed)           0.000     2.601    student_top_inst/u_KLDJ_top/u_pipe_id_ex/dnpc[21]
    SLICE_X46Y82                                                      r  student_top_inst/u_KLDJ_top/u_pipe_id_ex/pc_reg_reg[21]_i_1/I0
    SLICE_X46Y82         MUXF7 (Prop_muxf7_I0_O)      0.101     2.702 r  student_top_inst/u_KLDJ_top/u_pipe_id_ex/pc_reg_reg[21]_i_1/O
                         net (fo=1, routed)           0.000     2.702    student_top_inst/u_KLDJ_top/ifu0/pc_reg_reg[31]_1[21]
    SLICE_X46Y82         FDRE                                         r  student_top_inst/u_KLDJ_top/ifu0/pc_reg_reg[21]/D
  -------------------------------------------------------------------    -------------------

                         (clock clk_out2_pll rise edge)
                                                      5.714     5.714 r  
    AD12                                              0.000     5.714 r  i_sys_clk_p (IN)
                         net (fo=0)                   0.000     5.714    pll_inst/inst/clk_in1_p
    AD12                                                              r  pll_inst/inst/clkin1_ibufgds/I
    AD12                 IBUFDS (Prop_ibufds_I_O)     0.803     6.518 r  pll_inst/inst/clkin1_ibufgds/O
                         net (fo=1, routed)           1.001     7.519    pll_inst/inst/clk_in1_pll
    PLLE2_ADV_X1Y1                                                    r  pll_inst/inst/plle2_adv_inst/CLKIN1
    PLLE2_ADV_X1Y1       PLLE2_ADV (Prop_plle2_adv_CLKIN1_CLKOUT1)
                                                     -7.261     0.258 r  pll_inst/inst/plle2_adv_inst/CLKOUT1
                         net (fo=1, routed)           2.003     2.261    pll_inst/inst/clk_out2_pll
    BUFGCTRL_X0Y0                                                     r  pll_inst/inst/clkout2_buf/I
    BUFGCTRL_X0Y0        BUFG (Prop_bufg_I_O)         0.083     2.344 r  pll_inst/inst/clkout2_buf/O
                         net (fo=5828, routed)        1.482     3.826    student_top_inst/u_KLDJ_top/ifu0/clk_out2
    SLICE_X46Y82         FDRE                                         r  student_top_inst/u_KLDJ_top/ifu0/pc_reg_reg[21]/C
                         clock pessimism             -0.373     3.453    
                         clock uncertainty           -0.077     3.376    
    SLICE_X46Y82         FDRE (Setup_fdre_C_D)        0.076     3.452    student_top_inst/u_KLDJ_top/ifu0/pc_reg_reg[21]
  -------------------------------------------------------------------
                         required time                          3.452    
                         arrival time                          -2.702    
  -------------------------------------------------------------------
                         slack                                  0.750    

Slack (MET) :             0.751ns  (required time - arrival time)
  Source:                 student_top_inst/u_KLDJ_top/ifu0/pc_reg_reg[2]/C
                            (rising edge-triggered cell FDRE clocked by clk_out2_pll  {rise@0.000ns fall@2.857ns period=5.714ns})
  Destination:            student_top_inst/u_KLDJ_top/ifu0/pc_reg_reg[13]/D
                            (rising edge-triggered cell FDRE clocked by clk_out2_pll  {rise@0.000ns fall@2.857ns period=5.714ns})
  Path Group:             clk_out2_pll
  Path Type:              Setup (Max at Slow Process Corner)
  Requirement:            5.714ns  (clk_out2_pll rise@5.714ns - clk_out2_pll rise@0.000ns)
  Data Path Delay:        4.953ns  (logic 0.903ns (18.231%)  route 4.050ns (81.769%))
  Logic Levels:           8  (LUT2=1 LUT3=1 LUT5=1 LUT6=3 MUXF7=2)
  Clock Path Skew:        0.019ns (DCD - SCD + CPR)
    Destination Clock Delay (DCD):    -1.889ns = ( 3.826 - 5.714 ) 
    Source Clock Delay      (SCD):    -2.280ns
    Clock Pessimism Removal (CPR):    -0.373ns
  Clock Uncertainty:      0.077ns  ((TSJ^2 + DJ^2)^1/2) / 2 + PE
    Total System Jitter     (TSJ):    0.071ns
    Discrete Jitter          (DJ):    0.137ns
    Phase Error              (PE):    0.000ns

    Location             Delay type                Incr(ns)  Path(ns)    Netlist Resource(s)
  -------------------------------------------------------------------    -------------------
                         (clock clk_out2_pll rise edge)
                                                      0.000     0.000 r  
    AD12                                              0.000     0.000 r  i_sys_clk_p (IN)
                         net (fo=0)                   0.000     0.000    pll_inst/inst/clk_in1_p
    AD12                                                              r  pll_inst/inst/clkin1_ibufgds/I
    AD12                 IBUFDS (Prop_ibufds_I_O)     0.906     0.906 r  pll_inst/inst/clkin1_ibufgds/O
                         net (fo=1, routed)           1.098     2.004    pll_inst/inst/clk_in1_pll
    PLLE2_ADV_X1Y1                                                    r  pll_inst/inst/plle2_adv_inst/CLKIN1
    PLLE2_ADV_X1Y1       PLLE2_ADV (Prop_plle2_adv_CLKIN1_CLKOUT1)
                                                     -8.058    -6.054 r  pll_inst/inst/plle2_adv_inst/CLKOUT1
                         net (fo=1, routed)           2.128    -3.926    pll_inst/inst/clk_out2_pll
    BUFGCTRL_X0Y0                                                     r  pll_inst/inst/clkout2_buf/I
    BUFGCTRL_X0Y0        BUFG (Prop_bufg_I_O)         0.093    -3.833 r  pll_inst/inst/clkout2_buf/O
                         net (fo=5828, routed)        1.553    -2.280    student_top_inst/u_KLDJ_top/ifu0/clk_out2
    SLICE_X50Y79         FDRE                                         r  student_top_inst/u_KLDJ_top/ifu0/pc_reg_reg[2]/C
  -------------------------------------------------------------------    -------------------
    SLICE_X50Y79         FDRE (Prop_fdre_C_Q)         0.259    -2.021 r  student_top_inst/u_KLDJ_top/ifu0/pc_reg_reg[2]/Q
                         net (fo=1023, routed)        0.491    -1.530    student_top_inst/u_KLDJ_top/u_bpu/u_gshare_btb_core/D[0]
    SLICE_X41Y81                                                      r  student_top_inst/u_KLDJ_top/u_bpu/u_gshare_btb_core/pht_reg_0_63_0_0_i_3/I1
    SLICE_X41Y81         LUT2 (Prop_lut2_I1_O)        0.043    -1.487 r  student_top_inst/u_KLDJ_top/u_bpu/u_gshare_btb_core/pht_reg_0_63_0_0_i_3/O
                         net (fo=18, routed)          0.992    -0.495    student_top_inst/u_KLDJ_top/u_bpu/u_gshare_btb_core/lookup_pht_idx[0]
    SLICE_X13Y104                                                     r  student_top_inst/u_KLDJ_top/u_bpu/u_gshare_btb_core/if_id_pred_taken_i_29/I4
    SLICE_X13Y104        LUT6 (Prop_lut6_I4_O)        0.043    -0.452 r  student_top_inst/u_KLDJ_top/u_bpu/u_gshare_btb_core/if_id_pred_taken_i_29/O
                         net (fo=1, routed)           0.534     0.082    student_top_inst/u_KLDJ_top/u_bpu/u_gshare_btb_core/if_id_pred_taken_i_29_n_0
    SLICE_X16Y103                                                     r  student_top_inst/u_KLDJ_top/u_bpu/u_gshare_btb_core/if_id_pred_taken_i_13/I1
    SLICE_X16Y103        LUT6 (Prop_lut6_I1_O)        0.043     0.125 r  student_top_inst/u_KLDJ_top/u_bpu/u_gshare_btb_core/if_id_pred_taken_i_13/O
                         net (fo=1, routed)           0.000     0.125    student_top_inst/u_KLDJ_top/u_bpu/u_gshare_btb_core/if_id_pred_taken_i_13_n_0
    SLICE_X16Y103                                                     r  student_top_inst/u_KLDJ_top/u_bpu/u_gshare_btb_core/if_id_pred_taken_reg_i_6/I1
    SLICE_X16Y103        MUXF7 (Prop_muxf7_I1_O)      0.103     0.228 r  student_top_inst/u_KLDJ_top/u_bpu/u_gshare_btb_core/if_id_pred_taken_reg_i_6/O
                         net (fo=1, routed)           0.807     1.035    student_top_inst/u_KLDJ_top/u_bpu/u_gshare_btb_core/if_id_pred_taken_reg_i_6_n_0
    SLICE_X25Y97                                                      r  student_top_inst/u_KLDJ_top/u_bpu/u_gshare_btb_core/if_id_pred_taken_i_3/I0
    SLICE_X25Y97         LUT5 (Prop_lut5_I0_O)        0.130     1.165 r  student_top_inst/u_KLDJ_top/u_bpu/u_gshare_btb_core/if_id_pred_taken_i_3/O
                         net (fo=1, routed)           0.453     1.618    student_top_inst/u_KLDJ_top/u_bpu/u_gshare_btb_core/lookup_pht_value__0[1]
    SLICE_X39Y96                                                      r  student_top_inst/u_KLDJ_top/u_bpu/u_gshare_btb_core/if_id_pred_taken_i_2/I0
    SLICE_X39Y96         LUT6 (Prop_lut6_I0_O)        0.132     1.750 r  student_top_inst/u_KLDJ_top/u_bpu/u_gshare_btb_core/if_id_pred_taken_i_2/O
                         net (fo=33, routed)          0.773     2.523    student_top_inst/u_KLDJ_top/ifu0/if_pred_taken
    SLICE_X44Y79                                                      r  student_top_inst/u_KLDJ_top/ifu0/pc_reg[13]_i_2/I1
    SLICE_X44Y79         LUT3 (Prop_lut3_I1_O)        0.043     2.566 r  student_top_inst/u_KLDJ_top/ifu0/pc_reg[13]_i_2/O
                         net (fo=1, routed)           0.000     2.566    student_top_inst/u_KLDJ_top/u_pipe_id_ex/dnpc[13]
    SLICE_X44Y79                                                      r  student_top_inst/u_KLDJ_top/u_pipe_id_ex/pc_reg_reg[13]_i_1/I0
    SLICE_X44Y79         MUXF7 (Prop_muxf7_I0_O)      0.107     2.673 r  student_top_inst/u_KLDJ_top/u_pipe_id_ex/pc_reg_reg[13]_i_1/O
                         net (fo=1, routed)           0.000     2.673    student_top_inst/u_KLDJ_top/ifu0/pc_reg_reg[31]_1[13]
    SLICE_X44Y79         FDRE                                         r  student_top_inst/u_KLDJ_top/ifu0/pc_reg_reg[13]/D
  -------------------------------------------------------------------    -------------------

                         (clock clk_out2_pll rise edge)
                                                      5.714     5.714 r  
    AD12                                              0.000     5.714 r  i_sys_clk_p (IN)
                         net (fo=0)                   0.000     5.714    pll_inst/inst/clk_in1_p
    AD12                                                              r  pll_inst/inst/clkin1_ibufgds/I
    AD12                 IBUFDS (Prop_ibufds_I_O)     0.803     6.518 r  pll_inst/inst/clkin1_ibufgds/O
                         net (fo=1, routed)           1.001     7.519    pll_inst/inst/clk_in1_pll
    PLLE2_ADV_X1Y1                                                    r  pll_inst/inst/plle2_adv_inst/CLKIN1
    PLLE2_ADV_X1Y1       PLLE2_ADV (Prop_plle2_adv_CLKIN1_CLKOUT1)
                                                     -7.261     0.258 r  pll_inst/inst/plle2_adv_inst/CLKOUT1
                         net (fo=1, routed)           2.003     2.261    pll_inst/inst/clk_out2_pll
    BUFGCTRL_X0Y0                                                     r  pll_inst/inst/clkout2_buf/I
    BUFGCTRL_X0Y0        BUFG (Prop_bufg_I_O)         0.083     2.344 r  pll_inst/inst/clkout2_buf/O
                         net (fo=5828, routed)        1.482     3.826    student_top_inst/u_KLDJ_top/ifu0/clk_out2
    SLICE_X44Y79         FDRE                                         r  student_top_inst/u_KLDJ_top/ifu0/pc_reg_reg[13]/C
                         clock pessimism             -0.373     3.453    
                         clock uncertainty           -0.077     3.376    
    SLICE_X44Y79         FDRE (Setup_fdre_C_D)        0.048     3.424    student_top_inst/u_KLDJ_top/ifu0/pc_reg_reg[13]
  -------------------------------------------------------------------
                         required time                          3.424    
                         arrival time                          -2.673    
  -------------------------------------------------------------------
                         slack                                  0.751    

Slack (MET) :             0.758ns  (required time - arrival time)
  Source:                 student_top_inst/u_KLDJ_top/ifu0/pc_reg_reg[2]/C
                            (rising edge-triggered cell FDRE clocked by clk_out2_pll  {rise@0.000ns fall@2.857ns period=5.714ns})
  Destination:            student_top_inst/u_KLDJ_top/ifu0/pc_reg_reg[25]/D
                            (rising edge-triggered cell FDRE clocked by clk_out2_pll  {rise@0.000ns fall@2.857ns period=5.714ns})
  Path Group:             clk_out2_pll
  Path Type:              Setup (Max at Slow Process Corner)
  Requirement:            5.714ns  (clk_out2_pll rise@5.714ns - clk_out2_pll rise@0.000ns)
  Data Path Delay:        4.891ns  (logic 0.903ns (18.463%)  route 3.988ns (81.537%))
  Logic Levels:           8  (LUT2=1 LUT3=1 LUT5=1 LUT6=3 MUXF7=2)
  Clock Path Skew:        -0.037ns (DCD - SCD + CPR)
    Destination Clock Delay (DCD):    -1.945ns = ( 3.770 - 5.714 ) 
    Source Clock Delay      (SCD):    -2.280ns
    Clock Pessimism Removal (CPR):    -0.373ns
  Clock Uncertainty:      0.077ns  ((TSJ^2 + DJ^2)^1/2) / 2 + PE
    Total System Jitter     (TSJ):    0.071ns
    Discrete Jitter          (DJ):    0.137ns
    Phase Error              (PE):    0.000ns

    Location             Delay type                Incr(ns)  Path(ns)    Netlist Resource(s)
  -------------------------------------------------------------------    -------------------
                         (clock clk_out2_pll rise edge)
                                                      0.000     0.000 r  
    AD12                                              0.000     0.000 r  i_sys_clk_p (IN)
                         net (fo=0)                   0.000     0.000    pll_inst/inst/clk_in1_p
    AD12                                                              r  pll_inst/inst/clkin1_ibufgds/I
    AD12                 IBUFDS (Prop_ibufds_I_O)     0.906     0.906 r  pll_inst/inst/clkin1_ibufgds/O
                         net (fo=1, routed)           1.098     2.004    pll_inst/inst/clk_in1_pll
    PLLE2_ADV_X1Y1                                                    r  pll_inst/inst/plle2_adv_inst/CLKIN1
    PLLE2_ADV_X1Y1       PLLE2_ADV (Prop_plle2_adv_CLKIN1_CLKOUT1)
                                                     -8.058    -6.054 r  pll_inst/inst/plle2_adv_inst/CLKOUT1
                         net (fo=1, routed)           2.128    -3.926    pll_inst/inst/clk_out2_pll
    BUFGCTRL_X0Y0                                                     r  pll_inst/inst/clkout2_buf/I
    BUFGCTRL_X0Y0        BUFG (Prop_bufg_I_O)         0.093    -3.833 r  pll_inst/inst/clkout2_buf/O
                         net (fo=5828, routed)        1.553    -2.280    student_top_inst/u_KLDJ_top/ifu0/clk_out2
    SLICE_X50Y79         FDRE                                         r  student_top_inst/u_KLDJ_top/ifu0/pc_reg_reg[2]/C
  -------------------------------------------------------------------    -------------------
    SLICE_X50Y79         FDRE (Prop_fdre_C_Q)         0.259    -2.021 r  student_top_inst/u_KLDJ_top/ifu0/pc_reg_reg[2]/Q
                         net (fo=1023, routed)        0.491    -1.530    student_top_inst/u_KLDJ_top/u_bpu/u_gshare_btb_core/D[0]
    SLICE_X41Y81                                                      r  student_top_inst/u_KLDJ_top/u_bpu/u_gshare_btb_core/pht_reg_0_63_0_0_i_3/I1
    SLICE_X41Y81         LUT2 (Prop_lut2_I1_O)        0.043    -1.487 r  student_top_inst/u_KLDJ_top/u_bpu/u_gshare_btb_core/pht_reg_0_63_0_0_i_3/O
                         net (fo=18, routed)          0.992    -0.495    student_top_inst/u_KLDJ_top/u_bpu/u_gshare_btb_core/lookup_pht_idx[0]
    SLICE_X13Y104                                                     r  student_top_inst/u_KLDJ_top/u_bpu/u_gshare_btb_core/if_id_pred_taken_i_29/I4
    SLICE_X13Y104        LUT6 (Prop_lut6_I4_O)        0.043    -0.452 r  student_top_inst/u_KLDJ_top/u_bpu/u_gshare_btb_core/if_id_pred_taken_i_29/O
                         net (fo=1, routed)           0.534     0.082    student_top_inst/u_KLDJ_top/u_bpu/u_gshare_btb_core/if_id_pred_taken_i_29_n_0
    SLICE_X16Y103                                                     r  student_top_inst/u_KLDJ_top/u_bpu/u_gshare_btb_core/if_id_pred_taken_i_13/I1
    SLICE_X16Y103        LUT6 (Prop_lut6_I1_O)        0.043     0.125 r  student_top_inst/u_KLDJ_top/u_bpu/u_gshare_btb_core/if_id_pred_taken_i_13/O
                         net (fo=1, routed)           0.000     0.125    student_top_inst/u_KLDJ_top/u_bpu/u_gshare_btb_core/if_id_pred_taken_i_13_n_0
    SLICE_X16Y103                                                     r  student_top_inst/u_KLDJ_top/u_bpu/u_gshare_btb_core/if_id_pred_taken_reg_i_6/I1
    SLICE_X16Y103        MUXF7 (Prop_muxf7_I1_O)      0.103     0.228 r  student_top_inst/u_KLDJ_top/u_bpu/u_gshare_btb_core/if_id_pred_taken_reg_i_6/O
                         net (fo=1, routed)           0.807     1.035    student_top_inst/u_KLDJ_top/u_bpu/u_gshare_btb_core/if_id_pred_taken_reg_i_6_n_0
    SLICE_X25Y97                                                      r  student_top_inst/u_KLDJ_top/u_bpu/u_gshare_btb_core/if_id_pred_taken_i_3/I0
    SLICE_X25Y97         LUT5 (Prop_lut5_I0_O)        0.130     1.165 r  student_top_inst/u_KLDJ_top/u_bpu/u_gshare_btb_core/if_id_pred_taken_i_3/O
                         net (fo=1, routed)           0.453     1.618    student_top_inst/u_KLDJ_top/u_bpu/u_gshare_btb_core/lookup_pht_value__0[1]
    SLICE_X39Y96                                                      r  student_top_inst/u_KLDJ_top/u_bpu/u_gshare_btb_core/if_id_pred_taken_i_2/I0
    SLICE_X39Y96         LUT6 (Prop_lut6_I0_O)        0.132     1.750 r  student_top_inst/u_KLDJ_top/u_bpu/u_gshare_btb_core/if_id_pred_taken_i_2/O
                         net (fo=33, routed)          0.711     2.460    student_top_inst/u_KLDJ_top/ifu0/if_pred_taken
    SLICE_X53Y84                                                      r  student_top_inst/u_KLDJ_top/ifu0/pc_reg[25]_i_2/I1
    SLICE_X53Y84         LUT3 (Prop_lut3_I1_O)        0.043     2.503 r  student_top_inst/u_KLDJ_top/ifu0/pc_reg[25]_i_2/O
                         net (fo=1, routed)           0.000     2.503    student_top_inst/u_KLDJ_top/u_pipe_id_ex/dnpc[25]
    SLICE_X53Y84                                                      r  student_top_inst/u_KLDJ_top/u_pipe_id_ex/pc_reg_reg[25]_i_1/I0
    SLICE_X53Y84         MUXF7 (Prop_muxf7_I0_O)      0.107     2.610 r  student_top_inst/u_KLDJ_top/u_pipe_id_ex/pc_reg_reg[25]_i_1/O
                         net (fo=1, routed)           0.000     2.610    student_top_inst/u_KLDJ_top/ifu0/pc_reg_reg[31]_1[25]
    SLICE_X53Y84         FDRE                                         r  student_top_inst/u_KLDJ_top/ifu0/pc_reg_reg[25]/D
  -------------------------------------------------------------------    -------------------

                         (clock clk_out2_pll rise edge)
                                                      5.714     5.714 r  
    AD12                                              0.000     5.714 r  i_sys_clk_p (IN)
                         net (fo=0)                   0.000     5.714    pll_inst/inst/clk_in1_p
    AD12                                                              r  pll_inst/inst/clkin1_ibufgds/I
    AD12                 IBUFDS (Prop_ibufds_I_O)     0.803     6.518 r  pll_inst/inst/clkin1_ibufgds/O
                         net (fo=1, routed)           1.001     7.519    pll_inst/inst/clk_in1_pll
    PLLE2_ADV_X1Y1                                                    r  pll_inst/inst/plle2_adv_inst/CLKIN1
    PLLE2_ADV_X1Y1       PLLE2_ADV (Prop_plle2_adv_CLKIN1_CLKOUT1)
                                                     -7.261     0.258 r  pll_inst/inst/plle2_adv_inst/CLKOUT1
                         net (fo=1, routed)           2.003     2.261    pll_inst/inst/clk_out2_pll
    BUFGCTRL_X0Y0                                                     r  pll_inst/inst/clkout2_buf/I
    BUFGCTRL_X0Y0        BUFG (Prop_bufg_I_O)         0.083     2.344 r  pll_inst/inst/clkout2_buf/O
                         net (fo=5828, routed)        1.426     3.770    student_top_inst/u_KLDJ_top/ifu0/clk_out2
    SLICE_X53Y84         FDRE                                         r  student_top_inst/u_KLDJ_top/ifu0/pc_reg_reg[25]/C
                         clock pessimism             -0.373     3.397    
                         clock uncertainty           -0.077     3.320    
    SLICE_X53Y84         FDRE (Setup_fdre_C_D)        0.048     3.368    student_top_inst/u_KLDJ_top/ifu0/pc_reg_reg[25]
  -------------------------------------------------------------------
                         required time                          3.368    
                         arrival time                          -2.610    
  -------------------------------------------------------------------
                         slack                                  0.758    

Slack (MET) :             0.772ns  (required time - arrival time)
  Source:                 student_top_inst/u_KLDJ_top/ifu0/pc_reg_reg[2]/C
                            (rising edge-triggered cell FDRE clocked by clk_out2_pll  {rise@0.000ns fall@2.857ns period=5.714ns})
  Destination:            student_top_inst/u_KLDJ_top/ifu0/pc_reg_reg[31]/D
                            (rising edge-triggered cell FDSE clocked by clk_out2_pll  {rise@0.000ns fall@2.857ns period=5.714ns})
  Path Group:             clk_out2_pll
  Path Type:              Setup (Max at Slow Process Corner)
  Requirement:            5.714ns  (clk_out2_pll rise@5.714ns - clk_out2_pll rise@0.000ns)
  Data Path Delay:        4.933ns  (logic 0.916ns (18.568%)  route 4.017ns (81.432%))
  Logic Levels:           8  (LUT2=1 LUT3=1 LUT5=1 LUT6=3 MUXF7=2)
  Clock Path Skew:        0.020ns (DCD - SCD + CPR)
    Destination Clock Delay (DCD):    -1.888ns = ( 3.827 - 5.714 ) 
    Source Clock Delay      (SCD):    -2.280ns
    Clock Pessimism Removal (CPR):    -0.373ns
  Clock Uncertainty:      0.077ns  ((TSJ^2 + DJ^2)^1/2) / 2 + PE
    Total System Jitter     (TSJ):    0.071ns
    Discrete Jitter          (DJ):    0.137ns
    Phase Error              (PE):    0.000ns

    Location             Delay type                Incr(ns)  Path(ns)    Netlist Resource(s)
  -------------------------------------------------------------------    -------------------
                         (clock clk_out2_pll rise edge)
                                                      0.000     0.000 r  
    AD12                                              0.000     0.000 r  i_sys_clk_p (IN)
                         net (fo=0)                   0.000     0.000    pll_inst/inst/clk_in1_p
    AD12                                                              r  pll_inst/inst/clkin1_ibufgds/I
    AD12                 IBUFDS (Prop_ibufds_I_O)     0.906     0.906 r  pll_inst/inst/clkin1_ibufgds/O
                         net (fo=1, routed)           1.098     2.004    pll_inst/inst/clk_in1_pll
    PLLE2_ADV_X1Y1                                                    r  pll_inst/inst/plle2_adv_inst/CLKIN1
    PLLE2_ADV_X1Y1       PLLE2_ADV (Prop_plle2_adv_CLKIN1_CLKOUT1)
                                                     -8.058    -6.054 r  pll_inst/inst/plle2_adv_inst/CLKOUT1
                         net (fo=1, routed)           2.128    -3.926    pll_inst/inst/clk_out2_pll
    BUFGCTRL_X0Y0                                                     r  pll_inst/inst/clkout2_buf/I
    BUFGCTRL_X0Y0        BUFG (Prop_bufg_I_O)         0.093    -3.833 r  pll_inst/inst/clkout2_buf/O
                         net (fo=5828, routed)        1.553    -2.280    student_top_inst/u_KLDJ_top/ifu0/clk_out2
    SLICE_X50Y79         FDRE                                         r  student_top_inst/u_KLDJ_top/ifu0/pc_reg_reg[2]/C
  -------------------------------------------------------------------    -------------------
    SLICE_X50Y79         FDRE (Prop_fdre_C_Q)         0.259    -2.021 r  student_top_inst/u_KLDJ_top/ifu0/pc_reg_reg[2]/Q
                         net (fo=1023, routed)        0.491    -1.530    student_top_inst/u_KLDJ_top/u_bpu/u_gshare_btb_core/D[0]
    SLICE_X41Y81                                                      r  student_top_inst/u_KLDJ_top/u_bpu/u_gshare_btb_core/pht_reg_0_63_0_0_i_3/I1
    SLICE_X41Y81         LUT2 (Prop_lut2_I1_O)        0.043    -1.487 r  student_top_inst/u_KLDJ_top/u_bpu/u_gshare_btb_core/pht_reg_0_63_0_0_i_3/O
                         net (fo=18, routed)          0.992    -0.495    student_top_inst/u_KLDJ_top/u_bpu/u_gshare_btb_core/lookup_pht_idx[0]
    SLICE_X13Y104                                                     r  student_top_inst/u_KLDJ_top/u_bpu/u_gshare_btb_core/if_id_pred_taken_i_29/I4
    SLICE_X13Y104        LUT6 (Prop_lut6_I4_O)        0.043    -0.452 r  student_top_inst/u_KLDJ_top/u_bpu/u_gshare_btb_core/if_id_pred_taken_i_29/O
                         net (fo=1, routed)           0.534     0.082    student_top_inst/u_KLDJ_top/u_bpu/u_gshare_btb_core/if_id_pred_taken_i_29_n_0
    SLICE_X16Y103                                                     r  student_top_inst/u_KLDJ_top/u_bpu/u_gshare_btb_core/if_id_pred_taken_i_13/I1
    SLICE_X16Y103        LUT6 (Prop_lut6_I1_O)        0.043     0.125 r  student_top_inst/u_KLDJ_top/u_bpu/u_gshare_btb_core/if_id_pred_taken_i_13/O
                         net (fo=1, routed)           0.000     0.125    student_top_inst/u_KLDJ_top/u_bpu/u_gshare_btb_core/if_id_pred_taken_i_13_n_0
    SLICE_X16Y103                                                     r  student_top_inst/u_KLDJ_top/u_bpu/u_gshare_btb_core/if_id_pred_taken_reg_i_6/I1
    SLICE_X16Y103        MUXF7 (Prop_muxf7_I1_O)      0.103     0.228 r  student_top_inst/u_KLDJ_top/u_bpu/u_gshare_btb_core/if_id_pred_taken_reg_i_6/O
                         net (fo=1, routed)           0.807     1.035    student_top_inst/u_KLDJ_top/u_bpu/u_gshare_btb_core/if_id_pred_taken_reg_i_6_n_0
    SLICE_X25Y97                                                      r  student_top_inst/u_KLDJ_top/u_bpu/u_gshare_btb_core/if_id_pred_taken_i_3/I0
    SLICE_X25Y97         LUT5 (Prop_lut5_I0_O)        0.130     1.165 r  student_top_inst/u_KLDJ_top/u_bpu/u_gshare_btb_core/if_id_pred_taken_i_3/O
                         net (fo=1, routed)           0.453     1.618    student_top_inst/u_KLDJ_top/u_bpu/u_gshare_btb_core/lookup_pht_value__0[1]
    SLICE_X39Y96                                                      r  student_top_inst/u_KLDJ_top/u_bpu/u_gshare_btb_core/if_id_pred_taken_i_2/I0
    SLICE_X39Y96         LUT6 (Prop_lut6_I0_O)        0.132     1.750 r  student_top_inst/u_KLDJ_top/u_bpu/u_gshare_btb_core/if_id_pred_taken_i_2/O
                         net (fo=33, routed)          0.740     2.490    student_top_inst/u_KLDJ_top/ifu0/if_pred_taken
    SLICE_X47Y83                                                      r  student_top_inst/u_KLDJ_top/ifu0/pc_reg[31]_i_6/I1
    SLICE_X47Y83         LUT3 (Prop_lut3_I1_O)        0.043     2.533 r  student_top_inst/u_KLDJ_top/ifu0/pc_reg[31]_i_6/O
                         net (fo=1, routed)           0.000     2.533    student_top_inst/u_KLDJ_top/u_pipe_id_ex/dnpc[31]
    SLICE_X47Y83                                                      r  student_top_inst/u_KLDJ_top/u_pipe_id_ex/pc_reg_reg[31]_i_2/I0
    SLICE_X47Y83         MUXF7 (Prop_muxf7_I0_O)      0.120     2.653 r  student_top_inst/u_KLDJ_top/u_pipe_id_ex/pc_reg_reg[31]_i_2/O
                         net (fo=1, routed)           0.000     2.653    student_top_inst/u_KLDJ_top/ifu0/pc_reg_reg[31]_1[31]
    SLICE_X47Y83         FDSE                                         r  student_top_inst/u_KLDJ_top/ifu0/pc_reg_reg[31]/D
  -------------------------------------------------------------------    -------------------

                         (clock clk_out2_pll rise edge)
                                                      5.714     5.714 r  
    AD12                                              0.000     5.714 r  i_sys_clk_p (IN)
                         net (fo=0)                   0.000     5.714    pll_inst/inst/clk_in1_p
    AD12                                                              r  pll_inst/inst/clkin1_ibufgds/I
    AD12                 IBUFDS (Prop_ibufds_I_O)     0.803     6.518 r  pll_inst/inst/clkin1_ibufgds/O
                         net (fo=1, routed)           1.001     7.519    pll_inst/inst/clk_in1_pll
    PLLE2_ADV_X1Y1                                                    r  pll_inst/inst/plle2_adv_inst/CLKIN1
    PLLE2_ADV_X1Y1       PLLE2_ADV (Prop_plle2_adv_CLKIN1_CLKOUT1)
                                                     -7.261     0.258 r  pll_inst/inst/plle2_adv_inst/CLKOUT1
                         net (fo=1, routed)           2.003     2.261    pll_inst/inst/clk_out2_pll
    BUFGCTRL_X0Y0                                                     r  pll_inst/inst/clkout2_buf/I
    BUFGCTRL_X0Y0        BUFG (Prop_bufg_I_O)         0.083     2.344 r  pll_inst/inst/clkout2_buf/O
                         net (fo=5828, routed)        1.483     3.827    student_top_inst/u_KLDJ_top/ifu0/clk_out2
    SLICE_X47Y83         FDSE                                         r  student_top_inst/u_KLDJ_top/ifu0/pc_reg_reg[31]/C
                         clock pessimism             -0.373     3.454    
                         clock uncertainty           -0.077     3.377    
    SLICE_X47Y83         FDSE (Setup_fdse_C_D)        0.048     3.425    student_top_inst/u_KLDJ_top/ifu0/pc_reg_reg[31]
  -------------------------------------------------------------------
                         required time                          3.425    
                         arrival time                          -2.653    
  -------------------------------------------------------------------
                         slack                                  0.772    

Slack (MET) :             0.799ns  (required time - arrival time)
  Source:                 student_top_inst/u_KLDJ_top/ifu0/pc_reg_reg[2]/C
                            (rising edge-triggered cell FDRE clocked by clk_out2_pll  {rise@0.000ns fall@2.857ns period=5.714ns})
  Destination:            student_top_inst/u_KLDJ_top/ifu0/pc_reg_reg[20]/D
                            (rising edge-triggered cell FDRE clocked by clk_out2_pll  {rise@0.000ns fall@2.857ns period=5.714ns})
  Path Group:             clk_out2_pll
  Path Type:              Setup (Max at Slow Process Corner)
  Requirement:            5.714ns  (clk_out2_pll rise@5.714ns - clk_out2_pll rise@0.000ns)
  Data Path Delay:        4.905ns  (logic 0.903ns (18.409%)  route 4.002ns (81.591%))
  Logic Levels:           8  (LUT2=1 LUT3=1 LUT5=1 LUT6=3 MUXF7=2)
  Clock Path Skew:        0.019ns (DCD - SCD + CPR)
    Destination Clock Delay (DCD):    -1.889ns = ( 3.826 - 5.714 ) 
    Source Clock Delay      (SCD):    -2.280ns
    Clock Pessimism Removal (CPR):    -0.373ns
  Clock Uncertainty:      0.077ns  ((TSJ^2 + DJ^2)^1/2) / 2 + PE
    Total System Jitter     (TSJ):    0.071ns
    Discrete Jitter          (DJ):    0.137ns
    Phase Error              (PE):    0.000ns

    Location             Delay type                Incr(ns)  Path(ns)    Netlist Resource(s)
  -------------------------------------------------------------------    -------------------
                         (clock clk_out2_pll rise edge)
                                                      0.000     0.000 r  
    AD12                                              0.000     0.000 r  i_sys_clk_p (IN)
                         net (fo=0)                   0.000     0.000    pll_inst/inst/clk_in1_p
    AD12                                                              r  pll_inst/inst/clkin1_ibufgds/I
    AD12                 IBUFDS (Prop_ibufds_I_O)     0.906     0.906 r  pll_inst/inst/clkin1_ibufgds/O
                         net (fo=1, routed)           1.098     2.004    pll_inst/inst/clk_in1_pll
    PLLE2_ADV_X1Y1                                                    r  pll_inst/inst/plle2_adv_inst/CLKIN1
    PLLE2_ADV_X1Y1       PLLE2_ADV (Prop_plle2_adv_CLKIN1_CLKOUT1)
                                                     -8.058    -6.054 r  pll_inst/inst/plle2_adv_inst/CLKOUT1
                         net (fo=1, routed)           2.128    -3.926    pll_inst/inst/clk_out2_pll
    BUFGCTRL_X0Y0                                                     r  pll_inst/inst/clkout2_buf/I
    BUFGCTRL_X0Y0        BUFG (Prop_bufg_I_O)         0.093    -3.833 r  pll_inst/inst/clkout2_buf/O
                         net (fo=5828, routed)        1.553    -2.280    student_top_inst/u_KLDJ_top/ifu0/clk_out2
    SLICE_X50Y79         FDRE                                         r  student_top_inst/u_KLDJ_top/ifu0/pc_reg_reg[2]/C
  -------------------------------------------------------------------    -------------------
    SLICE_X50Y79         FDRE (Prop_fdre_C_Q)         0.259    -2.021 r  student_top_inst/u_KLDJ_top/ifu0/pc_reg_reg[2]/Q
                         net (fo=1023, routed)        0.491    -1.530    student_top_inst/u_KLDJ_top/u_bpu/u_gshare_btb_core/D[0]
    SLICE_X41Y81                                                      r  student_top_inst/u_KLDJ_top/u_bpu/u_gshare_btb_core/pht_reg_0_63_0_0_i_3/I1
    SLICE_X41Y81         LUT2 (Prop_lut2_I1_O)        0.043    -1.487 r  student_top_inst/u_KLDJ_top/u_bpu/u_gshare_btb_core/pht_reg_0_63_0_0_i_3/O
                         net (fo=18, routed)          0.992    -0.495    student_top_inst/u_KLDJ_top/u_bpu/u_gshare_btb_core/lookup_pht_idx[0]
    SLICE_X13Y104                                                     r  student_top_inst/u_KLDJ_top/u_bpu/u_gshare_btb_core/if_id_pred_taken_i_29/I4
    SLICE_X13Y104        LUT6 (Prop_lut6_I4_O)        0.043    -0.452 r  student_top_inst/u_KLDJ_top/u_bpu/u_gshare_btb_core/if_id_pred_taken_i_29/O
                         net (fo=1, routed)           0.534     0.082    student_top_inst/u_KLDJ_top/u_bpu/u_gshare_btb_core/if_id_pred_taken_i_29_n_0
    SLICE_X16Y103                                                     r  student_top_inst/u_KLDJ_top/u_bpu/u_gshare_btb_core/if_id_pred_taken_i_13/I1
    SLICE_X16Y103        LUT6 (Prop_lut6_I1_O)        0.043     0.125 r  student_top_inst/u_KLDJ_top/u_bpu/u_gshare_btb_core/if_id_pred_taken_i_13/O
                         net (fo=1, routed)           0.000     0.125    student_top_inst/u_KLDJ_top/u_bpu/u_gshare_btb_core/if_id_pred_taken_i_13_n_0
    SLICE_X16Y103                                                     r  student_top_inst/u_KLDJ_top/u_bpu/u_gshare_btb_core/if_id_pred_taken_reg_i_6/I1
    SLICE_X16Y103        MUXF7 (Prop_muxf7_I1_O)      0.103     0.228 r  student_top_inst/u_KLDJ_top/u_bpu/u_gshare_btb_core/if_id_pred_taken_reg_i_6/O
                         net (fo=1, routed)           0.807     1.035    student_top_inst/u_KLDJ_top/u_bpu/u_gshare_btb_core/if_id_pred_taken_reg_i_6_n_0
    SLICE_X25Y97                                                      r  student_top_inst/u_KLDJ_top/u_bpu/u_gshare_btb_core/if_id_pred_taken_i_3/I0
    SLICE_X25Y97         LUT5 (Prop_lut5_I0_O)        0.130     1.165 r  student_top_inst/u_KLDJ_top/u_bpu/u_gshare_btb_core/if_id_pred_taken_i_3/O
                         net (fo=1, routed)           0.453     1.618    student_top_inst/u_KLDJ_top/u_bpu/u_gshare_btb_core/lookup_pht_value__0[1]
    SLICE_X39Y96                                                      r  student_top_inst/u_KLDJ_top/u_bpu/u_gshare_btb_core/if_id_pred_taken_i_2/I0
    SLICE_X39Y96         LUT6 (Prop_lut6_I0_O)        0.132     1.750 r  student_top_inst/u_KLDJ_top/u_bpu/u_gshare_btb_core/if_id_pred_taken_i_2/O
                         net (fo=33, routed)          0.725     2.475    student_top_inst/u_KLDJ_top/ifu0/if_pred_taken
    SLICE_X47Y82                                                      r  student_top_inst/u_KLDJ_top/ifu0/pc_reg[20]_i_2/I1
    SLICE_X47Y82         LUT3 (Prop_lut3_I1_O)        0.043     2.518 r  student_top_inst/u_KLDJ_top/ifu0/pc_reg[20]_i_2/O
                         net (fo=1, routed)           0.000     2.518    student_top_inst/u_KLDJ_top/u_pipe_id_ex/dnpc[20]
    SLICE_X47Y82                                                      r  student_top_inst/u_KLDJ_top/u_pipe_id_ex/pc_reg_reg[20]_i_1/I0
    SLICE_X47Y82         MUXF7 (Prop_muxf7_I0_O)      0.107     2.625 r  student_top_inst/u_KLDJ_top/u_pipe_id_ex/pc_reg_reg[20]_i_1/O
                         net (fo=1, routed)           0.000     2.625    student_top_inst/u_KLDJ_top/ifu0/pc_reg_reg[31]_1[20]
    SLICE_X47Y82         FDRE                                         r  student_top_inst/u_KLDJ_top/ifu0/pc_reg_reg[20]/D
  -------------------------------------------------------------------    -------------------

                         (clock clk_out2_pll rise edge)
                                                      5.714     5.714 r  
    AD12                                              0.000     5.714 r  i_sys_clk_p (IN)
                         net (fo=0)                   0.000     5.714    pll_inst/inst/clk_in1_p
    AD12                                                              r  pll_inst/inst/clkin1_ibufgds/I
    AD12                 IBUFDS (Prop_ibufds_I_O)     0.803     6.518 r  pll_inst/inst/clkin1_ibufgds/O
                         net (fo=1, routed)           1.001     7.519    pll_inst/inst/clk_in1_pll
    PLLE2_ADV_X1Y1                                                    r  pll_inst/inst/plle2_adv_inst/CLKIN1
    PLLE2_ADV_X1Y1       PLLE2_ADV (Prop_plle2_adv_CLKIN1_CLKOUT1)
                                                     -7.261     0.258 r  pll_inst/inst/plle2_adv_inst/CLKOUT1
                         net (fo=1, routed)           2.003     2.261    pll_inst/inst/clk_out2_pll
    BUFGCTRL_X0Y0                                                     r  pll_inst/inst/clkout2_buf/I
    BUFGCTRL_X0Y0        BUFG (Prop_bufg_I_O)         0.083     2.344 r  pll_inst/inst/clkout2_buf/O
                         net (fo=5828, routed)        1.482     3.826    student_top_inst/u_KLDJ_top/ifu0/clk_out2
    SLICE_X47Y82         FDRE                                         r  student_top_inst/u_KLDJ_top/ifu0/pc_reg_reg[20]/C
                         clock pessimism             -0.373     3.453    
                         clock uncertainty           -0.077     3.376    
    SLICE_X47Y82         FDRE (Setup_fdre_C_D)        0.048     3.424    student_top_inst/u_KLDJ_top/ifu0/pc_reg_reg[20]
  -------------------------------------------------------------------
                         required time                          3.424    
                         arrival time                          -2.625    
  -------------------------------------------------------------------
                         slack                                  0.799    

Slack (MET) :             0.844ns  (required time - arrival time)
  Source:                 student_top_inst/u_KLDJ_top/ifu0/pc_reg_reg[2]/C
                            (rising edge-triggered cell FDRE clocked by clk_out2_pll  {rise@0.000ns fall@2.857ns period=5.714ns})
  Destination:            student_top_inst/u_KLDJ_top/ifu0/pc_reg_reg[24]/D
                            (rising edge-triggered cell FDRE clocked by clk_out2_pll  {rise@0.000ns fall@2.857ns period=5.714ns})
  Path Group:             clk_out2_pll
  Path Type:              Setup (Max at Slow Process Corner)
  Requirement:            5.714ns  (clk_out2_pll rise@5.714ns - clk_out2_pll rise@0.000ns)
  Data Path Delay:        4.895ns  (logic 0.911ns (18.611%)  route 3.984ns (81.389%))
  Logic Levels:           8  (LUT2=1 LUT3=1 LUT5=1 LUT6=3 MUXF7=2)
  Clock Path Skew:        0.026ns (DCD - SCD + CPR)
    Destination Clock Delay (DCD):    -1.882ns = ( 3.833 - 5.714 ) 
    Source Clock Delay      (SCD):    -2.280ns
    Clock Pessimism Removal (CPR):    -0.373ns
  Clock Uncertainty:      0.077ns  ((TSJ^2 + DJ^2)^1/2) / 2 + PE
    Total System Jitter     (TSJ):    0.071ns
    Discrete Jitter          (DJ):    0.137ns
    Phase Error              (PE):    0.000ns

    Location             Delay type                Incr(ns)  Path(ns)    Netlist Resource(s)
  -------------------------------------------------------------------    -------------------
                         (clock clk_out2_pll rise edge)
                                                      0.000     0.000 r  
    AD12                                              0.000     0.000 r  i_sys_clk_p (IN)
                         net (fo=0)                   0.000     0.000    pll_inst/inst/clk_in1_p
    AD12                                                              r  pll_inst/inst/clkin1_ibufgds/I
    AD12                 IBUFDS (Prop_ibufds_I_O)     0.906     0.906 r  pll_inst/inst/clkin1_ibufgds/O
                         net (fo=1, routed)           1.098     2.004    pll_inst/inst/clk_in1_pll
    PLLE2_ADV_X1Y1                                                    r  pll_inst/inst/plle2_adv_inst/CLKIN1
    PLLE2_ADV_X1Y1       PLLE2_ADV (Prop_plle2_adv_CLKIN1_CLKOUT1)
                                                     -8.058    -6.054 r  pll_inst/inst/plle2_adv_inst/CLKOUT1
                         net (fo=1, routed)           2.128    -3.926    pll_inst/inst/clk_out2_pll
    BUFGCTRL_X0Y0                                                     r  pll_inst/inst/clkout2_buf/I
    BUFGCTRL_X0Y0        BUFG (Prop_bufg_I_O)         0.093    -3.833 r  pll_inst/inst/clkout2_buf/O
                         net (fo=5828, routed)        1.553    -2.280    student_top_inst/u_KLDJ_top/ifu0/clk_out2
    SLICE_X50Y79         FDRE                                         r  student_top_inst/u_KLDJ_top/ifu0/pc_reg_reg[2]/C
  -------------------------------------------------------------------    -------------------
    SLICE_X50Y79         FDRE (Prop_fdre_C_Q)         0.259    -2.021 r  student_top_inst/u_KLDJ_top/ifu0/pc_reg_reg[2]/Q
                         net (fo=1023, routed)        0.491    -1.530    student_top_inst/u_KLDJ_top/u_bpu/u_gshare_btb_core/D[0]
    SLICE_X41Y81                                                      r  student_top_inst/u_KLDJ_top/u_bpu/u_gshare_btb_core/pht_reg_0_63_0_0_i_3/I1
    SLICE_X41Y81         LUT2 (Prop_lut2_I1_O)        0.043    -1.487 r  student_top_inst/u_KLDJ_top/u_bpu/u_gshare_btb_core/pht_reg_0_63_0_0_i_3/O
                         net (fo=18, routed)          0.992    -0.495    student_top_inst/u_KLDJ_top/u_bpu/u_gshare_btb_core/lookup_pht_idx[0]
    SLICE_X13Y104                                                     r  student_top_inst/u_KLDJ_top/u_bpu/u_gshare_btb_core/if_id_pred_taken_i_29/I4
    SLICE_X13Y104        LUT6 (Prop_lut6_I4_O)        0.043    -0.452 r  student_top_inst/u_KLDJ_top/u_bpu/u_gshare_btb_core/if_id_pred_taken_i_29/O
                         net (fo=1, routed)           0.534     0.082    student_top_inst/u_KLDJ_top/u_bpu/u_gshare_btb_core/if_id_pred_taken_i_29_n_0
    SLICE_X16Y103                                                     r  student_top_inst/u_KLDJ_top/u_bpu/u_gshare_btb_core/if_id_pred_taken_i_13/I1
    SLICE_X16Y103        LUT6 (Prop_lut6_I1_O)        0.043     0.125 r  student_top_inst/u_KLDJ_top/u_bpu/u_gshare_btb_core/if_id_pred_taken_i_13/O
                         net (fo=1, routed)           0.000     0.125    student_top_inst/u_KLDJ_top/u_bpu/u_gshare_btb_core/if_id_pred_taken_i_13_n_0
    SLICE_X16Y103                                                     r  student_top_inst/u_KLDJ_top/u_bpu/u_gshare_btb_core/if_id_pred_taken_reg_i_6/I1
    SLICE_X16Y103        MUXF7 (Prop_muxf7_I1_O)      0.103     0.228 r  student_top_inst/u_KLDJ_top/u_bpu/u_gshare_btb_core/if_id_pred_taken_reg_i_6/O
                         net (fo=1, routed)           0.807     1.035    student_top_inst/u_KLDJ_top/u_bpu/u_gshare_btb_core/if_id_pred_taken_reg_i_6_n_0
    SLICE_X25Y97                                                      r  student_top_inst/u_KLDJ_top/u_bpu/u_gshare_btb_core/if_id_pred_taken_i_3/I0
    SLICE_X25Y97         LUT5 (Prop_lut5_I0_O)        0.130     1.165 r  student_top_inst/u_KLDJ_top/u_bpu/u_gshare_btb_core/if_id_pred_taken_i_3/O
                         net (fo=1, routed)           0.453     1.618    student_top_inst/u_KLDJ_top/u_bpu/u_gshare_btb_core/lookup_pht_value__0[1]
    SLICE_X39Y96                                                      r  student_top_inst/u_KLDJ_top/u_bpu/u_gshare_btb_core/if_id_pred_taken_i_2/I0
    SLICE_X39Y96         LUT6 (Prop_lut6_I0_O)        0.132     1.750 r  student_top_inst/u_KLDJ_top/u_bpu/u_gshare_btb_core/if_id_pred_taken_i_2/O
                         net (fo=33, routed)          0.707     2.457    student_top_inst/u_KLDJ_top/ifu0/if_pred_taken
    SLICE_X38Y85                                                      r  student_top_inst/u_KLDJ_top/ifu0/pc_reg[24]_i_2/I1
    SLICE_X38Y85         LUT3 (Prop_lut3_I1_O)        0.043     2.500 r  student_top_inst/u_KLDJ_top/ifu0/pc_reg[24]_i_2/O
                         net (fo=1, routed)           0.000     2.500    student_top_inst/u_KLDJ_top/u_pipe_id_ex/dnpc[24]
    SLICE_X38Y85                                                      r  student_top_inst/u_KLDJ_top/u_pipe_id_ex/pc_reg_reg[24]_i_1/I0
    SLICE_X38Y85         MUXF7 (Prop_muxf7_I0_O)      0.115     2.615 r  student_top_inst/u_KLDJ_top/u_pipe_id_ex/pc_reg_reg[24]_i_1/O
                         net (fo=1, routed)           0.000     2.615    student_top_inst/u_KLDJ_top/ifu0/pc_reg_reg[31]_1[24]
    SLICE_X38Y85         FDRE                                         r  student_top_inst/u_KLDJ_top/ifu0/pc_reg_reg[24]/D
  -------------------------------------------------------------------    -------------------

                         (clock clk_out2_pll rise edge)
                                                      5.714     5.714 r  
    AD12                                              0.000     5.714 r  i_sys_clk_p (IN)
                         net (fo=0)                   0.000     5.714    pll_inst/inst/clk_in1_p
    AD12                                                              r  pll_inst/inst/clkin1_ibufgds/I
    AD12                 IBUFDS (Prop_ibufds_I_O)     0.803     6.518 r  pll_inst/inst/clkin1_ibufgds/O
                         net (fo=1, routed)           1.001     7.519    pll_inst/inst/clk_in1_pll
    PLLE2_ADV_X1Y1                                                    r  pll_inst/inst/plle2_adv_inst/CLKIN1
    PLLE2_ADV_X1Y1       PLLE2_ADV (Prop_plle2_adv_CLKIN1_CLKOUT1)
                                                     -7.261     0.258 r  pll_inst/inst/plle2_adv_inst/CLKOUT1
                         net (fo=1, routed)           2.003     2.261    pll_inst/inst/clk_out2_pll
    BUFGCTRL_X0Y0                                                     r  pll_inst/inst/clkout2_buf/I
    BUFGCTRL_X0Y0        BUFG (Prop_bufg_I_O)         0.083     2.344 r  pll_inst/inst/clkout2_buf/O
                         net (fo=5828, routed)        1.489     3.833    student_top_inst/u_KLDJ_top/ifu0/clk_out2
    SLICE_X38Y85         FDRE                                         r  student_top_inst/u_KLDJ_top/ifu0/pc_reg_reg[24]/C
                         clock pessimism             -0.373     3.460    
                         clock uncertainty           -0.077     3.383    
    SLICE_X38Y85         FDRE (Setup_fdre_C_D)        0.076     3.459    student_top_inst/u_KLDJ_top/ifu0/pc_reg_reg[24]
  -------------------------------------------------------------------
                         required time                          3.459    
                         arrival time                          -2.615    
  -------------------------------------------------------------------
                         slack                                  0.844    

Slack (MET) :             0.934ns  (required time - arrival time)
  Source:                 student_top_inst/u_KLDJ_top/ifu0/pc_reg_reg[2]/C
                            (rising edge-triggered cell FDRE clocked by clk_out2_pll  {rise@0.000ns fall@2.857ns period=5.714ns})
  Destination:            student_top_inst/u_KLDJ_top/ifu0/pc_reg_reg[27]/D
                            (rising edge-triggered cell FDRE clocked by clk_out2_pll  {rise@0.000ns fall@2.857ns period=5.714ns})
  Path Group:             clk_out2_pll
  Path Type:              Setup (Max at Slow Process Corner)
  Requirement:            5.714ns  (clk_out2_pll rise@5.714ns - clk_out2_pll rise@0.000ns)
  Data Path Delay:        4.801ns  (logic 0.897ns (18.683%)  route 3.904ns (81.317%))
  Logic Levels:           8  (LUT2=1 LUT3=1 LUT5=1 LUT6=3 MUXF7=2)
  Clock Path Skew:        0.022ns (DCD - SCD + CPR)
    Destination Clock Delay (DCD):    -1.886ns = ( 3.829 - 5.714 ) 
    Source Clock Delay      (SCD):    -2.280ns
    Clock Pessimism Removal (CPR):    -0.373ns
  Clock Uncertainty:      0.077ns  ((TSJ^2 + DJ^2)^1/2) / 2 + PE
    Total System Jitter     (TSJ):    0.071ns
    Discrete Jitter          (DJ):    0.137ns
    Phase Error              (PE):    0.000ns

    Location             Delay type                Incr(ns)  Path(ns)    Netlist Resource(s)
  -------------------------------------------------------------------    -------------------
                         (clock clk_out2_pll rise edge)
                                                      0.000     0.000 r  
    AD12                                              0.000     0.000 r  i_sys_clk_p (IN)
                         net (fo=0)                   0.000     0.000    pll_inst/inst/clk_in1_p
    AD12                                                              r  pll_inst/inst/clkin1_ibufgds/I
    AD12                 IBUFDS (Prop_ibufds_I_O)     0.906     0.906 r  pll_inst/inst/clkin1_ibufgds/O
                         net (fo=1, routed)           1.098     2.004    pll_inst/inst/clk_in1_pll
    PLLE2_ADV_X1Y1                                                    r  pll_inst/inst/plle2_adv_inst/CLKIN1
    PLLE2_ADV_X1Y1       PLLE2_ADV (Prop_plle2_adv_CLKIN1_CLKOUT1)
                                                     -8.058    -6.054 r  pll_inst/inst/plle2_adv_inst/CLKOUT1
                         net (fo=1, routed)           2.128    -3.926    pll_inst/inst/clk_out2_pll
    BUFGCTRL_X0Y0                                                     r  pll_inst/inst/clkout2_buf/I
    BUFGCTRL_X0Y0        BUFG (Prop_bufg_I_O)         0.093    -3.833 r  pll_inst/inst/clkout2_buf/O
                         net (fo=5828, routed)        1.553    -2.280    student_top_inst/u_KLDJ_top/ifu0/clk_out2
    SLICE_X50Y79         FDRE                                         r  student_top_inst/u_KLDJ_top/ifu0/pc_reg_reg[2]/C
  -------------------------------------------------------------------    -------------------
    SLICE_X50Y79         FDRE (Prop_fdre_C_Q)         0.259    -2.021 r  student_top_inst/u_KLDJ_top/ifu0/pc_reg_reg[2]/Q
                         net (fo=1023, routed)        0.491    -1.530    student_top_inst/u_KLDJ_top/u_bpu/u_gshare_btb_core/D[0]
    SLICE_X41Y81                                                      r  student_top_inst/u_KLDJ_top/u_bpu/u_gshare_btb_core/pht_reg_0_63_0_0_i_3/I1
    SLICE_X41Y81         LUT2 (Prop_lut2_I1_O)        0.043    -1.487 r  student_top_inst/u_KLDJ_top/u_bpu/u_gshare_btb_core/pht_reg_0_63_0_0_i_3/O
                         net (fo=18, routed)          0.992    -0.495    student_top_inst/u_KLDJ_top/u_bpu/u_gshare_btb_core/lookup_pht_idx[0]
    SLICE_X13Y104                                                     r  student_top_inst/u_KLDJ_top/u_bpu/u_gshare_btb_core/if_id_pred_taken_i_29/I4
    SLICE_X13Y104        LUT6 (Prop_lut6_I4_O)        0.043    -0.452 r  student_top_inst/u_KLDJ_top/u_bpu/u_gshare_btb_core/if_id_pred_taken_i_29/O
                         net (fo=1, routed)           0.534     0.082    student_top_inst/u_KLDJ_top/u_bpu/u_gshare_btb_core/if_id_pred_taken_i_29_n_0
    SLICE_X16Y103                                                     r  student_top_inst/u_KLDJ_top/u_bpu/u_gshare_btb_core/if_id_pred_taken_i_13/I1
    SLICE_X16Y103        LUT6 (Prop_lut6_I1_O)        0.043     0.125 r  student_top_inst/u_KLDJ_top/u_bpu/u_gshare_btb_core/if_id_pred_taken_i_13/O
                         net (fo=1, routed)           0.000     0.125    student_top_inst/u_KLDJ_top/u_bpu/u_gshare_btb_core/if_id_pred_taken_i_13_n_0
    SLICE_X16Y103                                                     r  student_top_inst/u_KLDJ_top/u_bpu/u_gshare_btb_core/if_id_pred_taken_reg_i_6/I1
    SLICE_X16Y103        MUXF7 (Prop_muxf7_I1_O)      0.103     0.228 r  student_top_inst/u_KLDJ_top/u_bpu/u_gshare_btb_core/if_id_pred_taken_reg_i_6/O
                         net (fo=1, routed)           0.807     1.035    student_top_inst/u_KLDJ_top/u_bpu/u_gshare_btb_core/if_id_pred_taken_reg_i_6_n_0
    SLICE_X25Y97                                                      r  student_top_inst/u_KLDJ_top/u_bpu/u_gshare_btb_core/if_id_pred_taken_i_3/I0
    SLICE_X25Y97         LUT5 (Prop_lut5_I0_O)        0.130     1.165 r  student_top_inst/u_KLDJ_top/u_bpu/u_gshare_btb_core/if_id_pred_taken_i_3/O
                         net (fo=1, routed)           0.453     1.618    student_top_inst/u_KLDJ_top/u_bpu/u_gshare_btb_core/lookup_pht_value__0[1]
    SLICE_X39Y96                                                      r  student_top_inst/u_KLDJ_top/u_bpu/u_gshare_btb_core/if_id_pred_taken_i_2/I0
    SLICE_X39Y96         LUT6 (Prop_lut6_I0_O)        0.132     1.750 r  student_top_inst/u_KLDJ_top/u_bpu/u_gshare_btb_core/if_id_pred_taken_i_2/O
                         net (fo=33, routed)          0.627     2.377    student_top_inst/u_KLDJ_top/ifu0/if_pred_taken
    SLICE_X42Y83                                                      r  student_top_inst/u_KLDJ_top/ifu0/pc_reg[27]_i_2/I1
    SLICE_X42Y83         LUT3 (Prop_lut3_I1_O)        0.043     2.420 r  student_top_inst/u_KLDJ_top/ifu0/pc_reg[27]_i_2/O
                         net (fo=1, routed)           0.000     2.420    student_top_inst/u_KLDJ_top/u_pipe_id_ex/dnpc[27]
    SLICE_X42Y83                                                      r  student_top_inst/u_KLDJ_top/u_pipe_id_ex/pc_reg_reg[27]_i_1/I0
    SLICE_X42Y83         MUXF7 (Prop_muxf7_I0_O)      0.101     2.521 r  student_top_inst/u_KLDJ_top/u_pipe_id_ex/pc_reg_reg[27]_i_1/O
                         net (fo=1, routed)           0.000     2.521    student_top_inst/u_KLDJ_top/ifu0/pc_reg_reg[31]_1[27]
    SLICE_X42Y83         FDRE                                         r  student_top_inst/u_KLDJ_top/ifu0/pc_reg_reg[27]/D
  -------------------------------------------------------------------    -------------------

                         (clock clk_out2_pll rise edge)
                                                      5.714     5.714 r  
    AD12                                              0.000     5.714 r  i_sys_clk_p (IN)
                         net (fo=0)                   0.000     5.714    pll_inst/inst/clk_in1_p
    AD12                                                              r  pll_inst/inst/clkin1_ibufgds/I
    AD12                 IBUFDS (Prop_ibufds_I_O)     0.803     6.518 r  pll_inst/inst/clkin1_ibufgds/O
                         net (fo=1, routed)           1.001     7.519    pll_inst/inst/clk_in1_pll
    PLLE2_ADV_X1Y1                                                    r  pll_inst/inst/plle2_adv_inst/CLKIN1
    PLLE2_ADV_X1Y1       PLLE2_ADV (Prop_plle2_adv_CLKIN1_CLKOUT1)
                                                     -7.261     0.258 r  pll_inst/inst/plle2_adv_inst/CLKOUT1
                         net (fo=1, routed)           2.003     2.261    pll_inst/inst/clk_out2_pll
    BUFGCTRL_X0Y0                                                     r  pll_inst/inst/clkout2_buf/I
    BUFGCTRL_X0Y0        BUFG (Prop_bufg_I_O)         0.083     2.344 r  pll_inst/inst/clkout2_buf/O
                         net (fo=5828, routed)        1.485     3.829    student_top_inst/u_KLDJ_top/ifu0/clk_out2
    SLICE_X42Y83         FDRE                                         r  student_top_inst/u_KLDJ_top/ifu0/pc_reg_reg[27]/C
                         clock pessimism             -0.373     3.456    
                         clock uncertainty           -0.077     3.379    
    SLICE_X42Y83         FDRE (Setup_fdre_C_D)        0.076     3.455    student_top_inst/u_KLDJ_top/ifu0/pc_reg_reg[27]
  -------------------------------------------------------------------
                         required time                          3.455    
                         arrival time                          -2.521    
  -------------------------------------------------------------------
                         slack                                  0.934    

Slack (MET) :             0.954ns  (required time - arrival time)
  Source:                 student_top_inst/u_KLDJ_top/ifu0/pc_reg_reg[2]/C
                            (rising edge-triggered cell FDRE clocked by clk_out2_pll  {rise@0.000ns fall@2.857ns period=5.714ns})
  Destination:            student_top_inst/u_KLDJ_top/ifu0/pc_reg_reg[30]/D
                            (rising edge-triggered cell FDRE clocked by clk_out2_pll  {rise@0.000ns fall@2.857ns period=5.714ns})
  Path Group:             clk_out2_pll
  Path Type:              Setup (Max at Slow Process Corner)
  Requirement:            5.714ns  (clk_out2_pll rise@5.714ns - clk_out2_pll rise@0.000ns)
  Data Path Delay:        4.785ns  (logic 0.897ns (18.746%)  route 3.888ns (81.254%))
  Logic Levels:           8  (LUT2=1 LUT3=1 LUT5=1 LUT6=3 MUXF7=2)
  Clock Path Skew:        0.026ns (DCD - SCD + CPR)
    Destination Clock Delay (DCD):    -1.882ns = ( 3.833 - 5.714 ) 
    Source Clock Delay      (SCD):    -2.280ns
    Clock Pessimism Removal (CPR):    -0.373ns
  Clock Uncertainty:      0.077ns  ((TSJ^2 + DJ^2)^1/2) / 2 + PE
    Total System Jitter     (TSJ):    0.071ns
    Discrete Jitter          (DJ):    0.137ns
    Phase Error              (PE):    0.000ns

    Location             Delay type                Incr(ns)  Path(ns)    Netlist Resource(s)
  -------------------------------------------------------------------    -------------------
                         (clock clk_out2_pll rise edge)
                                                      0.000     0.000 r  
    AD12                                              0.000     0.000 r  i_sys_clk_p (IN)
                         net (fo=0)                   0.000     0.000    pll_inst/inst/clk_in1_p
    AD12                                                              r  pll_inst/inst/clkin1_ibufgds/I
    AD12                 IBUFDS (Prop_ibufds_I_O)     0.906     0.906 r  pll_inst/inst/clkin1_ibufgds/O
                         net (fo=1, routed)           1.098     2.004    pll_inst/inst/clk_in1_pll
    PLLE2_ADV_X1Y1                                                    r  pll_inst/inst/plle2_adv_inst/CLKIN1
    PLLE2_ADV_X1Y1       PLLE2_ADV (Prop_plle2_adv_CLKIN1_CLKOUT1)
                                                     -8.058    -6.054 r  pll_inst/inst/plle2_adv_inst/CLKOUT1
                         net (fo=1, routed)           2.128    -3.926    pll_inst/inst/clk_out2_pll
    BUFGCTRL_X0Y0                                                     r  pll_inst/inst/clkout2_buf/I
    BUFGCTRL_X0Y0        BUFG (Prop_bufg_I_O)         0.093    -3.833 r  pll_inst/inst/clkout2_buf/O
                         net (fo=5828, routed)        1.553    -2.280    student_top_inst/u_KLDJ_top/ifu0/clk_out2
    SLICE_X50Y79         FDRE                                         r  student_top_inst/u_KLDJ_top/ifu0/pc_reg_reg[2]/C
  -------------------------------------------------------------------    -------------------
    SLICE_X50Y79         FDRE (Prop_fdre_C_Q)         0.259    -2.021 r  student_top_inst/u_KLDJ_top/ifu0/pc_reg_reg[2]/Q
                         net (fo=1023, routed)        0.491    -1.530    student_top_inst/u_KLDJ_top/u_bpu/u_gshare_btb_core/D[0]
    SLICE_X41Y81                                                      r  student_top_inst/u_KLDJ_top/u_bpu/u_gshare_btb_core/pht_reg_0_63_0_0_i_3/I1
    SLICE_X41Y81         LUT2 (Prop_lut2_I1_O)        0.043    -1.487 r  student_top_inst/u_KLDJ_top/u_bpu/u_gshare_btb_core/pht_reg_0_63_0_0_i_3/O
                         net (fo=18, routed)          0.992    -0.495    student_top_inst/u_KLDJ_top/u_bpu/u_gshare_btb_core/lookup_pht_idx[0]
    SLICE_X13Y104                                                     r  student_top_inst/u_KLDJ_top/u_bpu/u_gshare_btb_core/if_id_pred_taken_i_29/I4
    SLICE_X13Y104        LUT6 (Prop_lut6_I4_O)        0.043    -0.452 r  student_top_inst/u_KLDJ_top/u_bpu/u_gshare_btb_core/if_id_pred_taken_i_29/O
                         net (fo=1, routed)           0.534     0.082    student_top_inst/u_KLDJ_top/u_bpu/u_gshare_btb_core/if_id_pred_taken_i_29_n_0
    SLICE_X16Y103                                                     r  student_top_inst/u_KLDJ_top/u_bpu/u_gshare_btb_core/if_id_pred_taken_i_13/I1
    SLICE_X16Y103        LUT6 (Prop_lut6_I1_O)        0.043     0.125 r  student_top_inst/u_KLDJ_top/u_bpu/u_gshare_btb_core/if_id_pred_taken_i_13/O
                         net (fo=1, routed)           0.000     0.125    student_top_inst/u_KLDJ_top/u_bpu/u_gshare_btb_core/if_id_pred_taken_i_13_n_0
    SLICE_X16Y103                                                     r  student_top_inst/u_KLDJ_top/u_bpu/u_gshare_btb_core/if_id_pred_taken_reg_i_6/I1
    SLICE_X16Y103        MUXF7 (Prop_muxf7_I1_O)      0.103     0.228 r  student_top_inst/u_KLDJ_top/u_bpu/u_gshare_btb_core/if_id_pred_taken_reg_i_6/O
                         net (fo=1, routed)           0.807     1.035    student_top_inst/u_KLDJ_top/u_bpu/u_gshare_btb_core/if_id_pred_taken_reg_i_6_n_0
    SLICE_X25Y97                                                      r  student_top_inst/u_KLDJ_top/u_bpu/u_gshare_btb_core/if_id_pred_taken_i_3/I0
    SLICE_X25Y97         LUT5 (Prop_lut5_I0_O)        0.130     1.165 r  student_top_inst/u_KLDJ_top/u_bpu/u_gshare_btb_core/if_id_pred_taken_i_3/O
                         net (fo=1, routed)           0.453     1.618    student_top_inst/u_KLDJ_top/u_bpu/u_gshare_btb_core/lookup_pht_value__0[1]
    SLICE_X39Y96                                                      r  student_top_inst/u_KLDJ_top/u_bpu/u_gshare_btb_core/if_id_pred_taken_i_2/I0
    SLICE_X39Y96         LUT6 (Prop_lut6_I0_O)        0.132     1.750 r  student_top_inst/u_KLDJ_top/u_bpu/u_gshare_btb_core/if_id_pred_taken_i_2/O
                         net (fo=33, routed)          0.611     2.361    student_top_inst/u_KLDJ_top/ifu0/if_pred_taken
    SLICE_X38Y85                                                      r  student_top_inst/u_KLDJ_top/ifu0/pc_reg[30]_i_2/I1
    SLICE_X38Y85         LUT3 (Prop_lut3_I1_O)        0.043     2.404 r  student_top_inst/u_KLDJ_top/ifu0/pc_reg[30]_i_2/O
                         net (fo=1, routed)           0.000     2.404    student_top_inst/u_KLDJ_top/u_pipe_id_ex/dnpc[30]
    SLICE_X38Y85                                                      r  student_top_inst/u_KLDJ_top/u_pipe_id_ex/pc_reg_reg[30]_i_1/I0
    SLICE_X38Y85         MUXF7 (Prop_muxf7_I0_O)      0.101     2.505 r  student_top_inst/u_KLDJ_top/u_pipe_id_ex/pc_reg_reg[30]_i_1/O
                         net (fo=1, routed)           0.000     2.505    student_top_inst/u_KLDJ_top/ifu0/pc_reg_reg[31]_1[30]
    SLICE_X38Y85         FDRE                                         r  student_top_inst/u_KLDJ_top/ifu0/pc_reg_reg[30]/D
  -------------------------------------------------------------------    -------------------

                         (clock clk_out2_pll rise edge)
                                                      5.714     5.714 r  
    AD12                                              0.000     5.714 r  i_sys_clk_p (IN)
                         net (fo=0)                   0.000     5.714    pll_inst/inst/clk_in1_p
    AD12                                                              r  pll_inst/inst/clkin1_ibufgds/I
    AD12                 IBUFDS (Prop_ibufds_I_O)     0.803     6.518 r  pll_inst/inst/clkin1_ibufgds/O
                         net (fo=1, routed)           1.001     7.519    pll_inst/inst/clk_in1_pll
    PLLE2_ADV_X1Y1                                                    r  pll_inst/inst/plle2_adv_inst/CLKIN1
    PLLE2_ADV_X1Y1       PLLE2_ADV (Prop_plle2_adv_CLKIN1_CLKOUT1)
                                                     -7.261     0.258 r  pll_inst/inst/plle2_adv_inst/CLKOUT1
                         net (fo=1, routed)           2.003     2.261    pll_inst/inst/clk_out2_pll
    BUFGCTRL_X0Y0                                                     r  pll_inst/inst/clkout2_buf/I
    BUFGCTRL_X0Y0        BUFG (Prop_bufg_I_O)         0.083     2.344 r  pll_inst/inst/clkout2_buf/O
                         net (fo=5828, routed)        1.489     3.833    student_top_inst/u_KLDJ_top/ifu0/clk_out2
    SLICE_X38Y85         FDRE                                         r  student_top_inst/u_KLDJ_top/ifu0/pc_reg_reg[30]/C
                         clock pessimism             -0.373     3.460    
                         clock uncertainty           -0.077     3.383    
    SLICE_X38Y85         FDRE (Setup_fdre_C_D)        0.076     3.459    student_top_inst/u_KLDJ_top/ifu0/pc_reg_reg[30]
  -------------------------------------------------------------------
                         required time                          3.459    
                         arrival time                          -2.505    
  -------------------------------------------------------------------
                         slack                                  0.954    




